X,TD_mean,TD_std,TD+NOV_mean,TD+NOV_std,TD+UNC_mean,TD+UNC_std,FULL_mean,FULL_std,MULT_mean,MULT_std,GATE_mean,GATE_std
1,-470.5,59.227108001708984,-470.5,59.227108001708984,-470.5,59.227108001708984,-470.5,59.227108001708984,-470.5,59.227108001708984,-470.5,59.227108001708984
2,-470.20001220703125,59.70728302001953,-464.70001220703125,71.13656616210938,-464.70001220703125,71.13656616210938,-464.70001220703125,71.13656616210938,-467.0,58.69241714477539,-464.70001220703125,71.13656616210938
3,-472.70001220703125,56.50141143798828,-448.20001220703125,111.14388275146484,-446.70001220703125,112.8042984008789,-446.70001220703125,112.8042984008789,-469.0,63.3419303894043,-446.70001220703125,112.8042984008789
4,-490.20001220703125,29.40000343322754,-462.79998779296875,111.60000610351562,-450.29998779296875,113.7137222290039,-448.6000061035156,114.9471206665039,-462.20001220703125,78.46757507324219,-450.29998779296875,113.7137222290039
5,-482.29998779296875,53.10000228881836,-475.3999938964844,73.80000305175781,-458.5,87.43826293945312,-455.79998779296875,91.1842041015625,-436.0,129.8622283935547,-458.5,87.43826293945312
6,-429.1000061035156,114.78018188476562,-472.0,84.0,-400.8999938964844,147.06016540527344,-434.0,132.17034912109375,-399.79998779296875,153.17755126953125,-404.3999938964844,146.13021850585938
7,-428.6000061035156,122.56932067871094,-407.3999938964844,123.24544525146484,-381.79998779296875,138.38699340820312,-359.29998779296875,155.1915283203125,-336.0,170.06881713867188,-352.3999938964844,137.82032775878906
8,-391.0,142.32989501953125,-381.70001220703125,149.9366912841797,-386.20001220703125,133.5446014404297,-378.29998779296875,119.64201354980469,-313.29998779296875,165.66656494140625,-314.70001220703125,187.32594299316406
9,-412.3999938964844,122.64680480957031,-382.20001220703125,134.89759826660156,-261.6000061035156,165.32403564453125,-317.0,159.02955627441406,-303.29998779296875,151.12713623046875,-350.29998779296875,164.3788604736328
10,-380.20001220703125,147.79769897460938,-354.0,164.22850036621094,-257.70001220703125,131.84767150878906,-305.70001220703125,172.28932189941406,-258.5,136.77810668945312,-315.3999938964844,165.55435180664062
11,-393.0,137.39723205566406,-341.3999938964844,181.0597686767578,-322.1000061035156,169.52313232421875,-345.29998779296875,154.2083282470703,-240.5,150.0175018310547,-393.3999938964844,160.06198120117188
12,-339.0,150.38284301757812,-287.20001220703125,164.26429748535156,-256.79998779296875,115.52298736572266,-323.6000061035156,147.17758178710938,-288.20001220703125,148.07754516601562,-357.6000061035156,176.5311279296875
13,-361.79998779296875,139.4903564453125,-248.0,141.5061798095703,-304.1000061035156,138.56944274902344,-302.5,160.91317749023438,-234.1999969482422,70.25495910644531,-370.29998779296875,131.16177368164062
14,-324.6000061035156,154.97689819335938,-300.6000061035156,136.92420959472656,-295.0,173.52059936523438,-304.29998779296875,196.16424560546875,-305.70001220703125,144.03892517089844,-347.6000061035156,154.75088500976562
15,-316.5,151.09219360351562,-309.5,139.47491455078125,-292.70001220703125,165.35179138183594,-325.0,177.3459930419922,-238.89999389648438,138.34771728515625,-365.3999938964844,163.97389221191406
16,-344.1000061035156,142.65585327148438,-222.3000030517578,111.83116912841797,-297.6000061035156,148.83023071289062,-282.8999938964844,154.71939086914062,-236.60000610351562,146.33877563476562,-337.70001220703125,143.00352478027344
17,-320.20001220703125,154.8107147216797,-270.1000061035156,156.75550842285156,-343.8999938964844,166.01531982421875,-250.3000030517578,137.60018920898438,-233.3000030517578,142.591064453125,-303.29998779296875,162.73170471191406
18,-314.0,170.6622314453125,-298.1000061035156,140.14239501953125,-222.60000610351562,134.21267700195312,-266.70001220703125,167.01979064941406,-240.5,101.13282775878906,-308.3999938964844,160.1619110107422
19,-366.6000061035156,152.87001037597656,-312.3999938964844,160.9280548095703,-326.29998779296875,169.23240661621094,-306.1000061035156,167.81622314453125,-268.3999938964844,144.1812744140625,-324.0,183.54835510253906
20,-364.70001220703125,158.92893981933594,-297.70001220703125,148.02503967285156,-320.79998779296875,153.7028350830078,-310.5,152.68218994140625,-236.0,144.13951110839844,-329.1000061035156,159.0417938232422
21,-289.70001220703125,160.61695861816406,-265.3999938964844,139.47201538085938,-293.6000061035156,167.6503448486328,-295.0,153.18746948242188,-242.5,141.54945373535156,-296.0,169.5936279296875
22,-311.1000061035156,167.26353454589844,-289.29998779296875,158.92391967773438,-282.29998779296875,171.4998779296875,-301.6000061035156,171.86692810058594,-264.8999938964844,143.40394592285156,-374.8999938964844,158.2248077392578
23,-369.0,165.14842224121094,-295.79998779296875,141.52159118652344,-236.39999389648438,141.9740753173828,-312.79998779296875,162.89247131347656,-282.0,142.13937377929688,-375.70001220703125,145.6592254638672
24,-323.1000061035156,167.42369079589844,-254.10000610351562,132.41558837890625,-249.10000610351562,145.55030822753906,-319.29998779296875,166.5863494873047,-238.1999969482422,137.0487518310547,-297.3999938964844,150.212646484375
25,-300.20001220703125,171.6734161376953,-252.60000610351562,137.14678955078125,-284.5,132.75485229492188,-278.3999938964844,136.40103149414062,-214.3000030517578,113.17337036132812,-341.3999938964844,165.30953979492188
26,-383.1000061035156,138.72523498535156,-283.6000061035156,148.03189086914062,-223.0,117.23310089111328,-330.1000061035156,156.94613647460938,-277.6000061035156,90.3927001953125,-369.0,157.53857421875
27,-268.1000061035156,160.82565307617188,-298.79998779296875,175.82650756835938,-277.0,120.80645751953125,-326.0,176.2935028076172,-249.1999969482422,114.2626724243164,-266.5,136.71156311035156
28,-309.20001220703125,163.3228759765625,-343.1000061035156,148.8371124267578,-245.5,153.22613525390625,-314.6000061035156,177.31959533691406,-288.1000061035156,144.3297882080078,-274.0,135.5138397216797
29,-379.29998779296875,173.60360717773438,-299.6000061035156,138.8648223876953,-226.8000030517578,140.77841186523438,-281.70001220703125,154.58917236328125,-279.29998779296875,134.50950622558594,-263.3999938964844,125.97476196289062
30,-308.5,158.2347869873047,-277.0,146.05477905273438,-259.3999938964844,163.50791931152344,-318.70001220703125,182.2229766845703,-280.5,118.35137939453125,-249.10000610351562,144.79051208496094
31,-311.6000061035156,156.6092071533203,-300.5,143.66993713378906,-227.8000030517578,140.36581420898438,-297.3999938964844,149.88275146484375,-332.79998779296875,158.1086883544922,-314.8999938964844,150.85386657714844
32,-313.5,171.79478454589844,-298.70001220703125,169.47805786132812,-321.1000061035156,159.4418182373047,-310.1000061035156,170.48312377929688,-341.0,159.04150390625,-287.8999938964844,167.39500427246094
33,-303.70001220703125,142.51109313964844,-321.20001220703125,131.802734375,-346.70001220703125,171.07369995117188,-302.8999938964844,148.42941284179688,-302.0,147.27389526367188,-271.0,158.8175048828125
34,-255.0,165.72145080566406,-232.1999969482422,138.5819549560547,-304.5,174.02658081054688,-244.5,141.3118896484375,-372.6000061035156,159.62281799316406,-362.0,153.77581787109375
35,-326.1000061035156,177.9513702392578,-255.5,147.94204711914062,-301.1000061035156,161.4691619873047,-272.1000061035156,164.81167602539062,-327.0,143.69760131835938,-317.8999938964844,167.11399841308594
36,-309.1000061035156,169.86256408691406,-276.1000061035156,154.43667602539062,-325.5,178.25669860839844,-295.0,159.57505798339844,-336.1000061035156,148.21432495117188,-323.70001220703125,161.40512084960938
37,-236.6999969482422,140.25979614257812,-294.0,148.13507080078125,-287.29998779296875,143.56256103515625,-289.5,165.0977020263672,-331.5,115.42811584472656,-282.1000061035156,139.93673706054688
38,-264.1000061035156,142.29930114746094,-276.29998779296875,149.6509552001953,-265.8999938964844,161.3396759033203,-264.70001220703125,123.604248046875,-286.20001220703125,126.34223937988281,-303.5,164.01905822753906
39,-268.3999938964844,157.44471740722656,-244.3000030517578,98.6316909790039,-398.20001220703125,156.15428161621094,-244.60000610351562,138.24485778808594,-226.1999969482422,102.31402587890625,-293.8999938964844,158.429443359375
40,-264.0,164.2540740966797,-302.3999938964844,158.08998107910156,-326.5,163.2423095703125,-234.3000030517578,142.93569946289062,-253.89999389648438,135.1446990966797,-283.8999938964844,172.5789337158203
41,-239.8000030517578,155.5267333984375,-299.3999938964844,156.14044189453125,-319.79998779296875,152.7349395751953,-256.20001220703125,145.15013122558594,-223.1999969482422,113.47492980957031,-270.79998779296875,138.71754455566406
42,-281.79998779296875,157.3695068359375,-273.1000061035156,150.61105346679688,-271.0,137.84339904785156,-218.60000610351562,147.31747436523438,-255.1999969482422,130.9227294921875,-281.0,154.0318145751953
43,-285.3999938964844,159.802490234375,-266.70001220703125,136.56869506835938,-274.1000061035156,163.34225463867188,-219.1999969482422,113.6800765991211,-203.1999969482422,45.114967346191406,-357.5,125.3541030883789
44,-266.3999938964844,128.792236328125,-249.60000610351562,146.50132751464844,-344.0,157.7466278076172,-215.8000030517578,124.74678802490234,-275.79998779296875,130.04368591308594,-290.0,172.7304229736328
45,-237.3000030517578,147.51409912109375,-284.0,158.9974822998047,-252.60000610351562,118.32514190673828,-208.3000030517578,151.115234375,-243.10000610351562,95.44364929199219,-313.79998779296875,157.94921875
46,-222.60000610351562,141.18443298339844,-294.29998779296875,156.34132385253906,-223.3000030517578,122.08934783935547,-211.0,128.55581665039062,-300.6000061035156,146.66505432128906,-271.1000061035156,128.11904907226562
47,-275.3999938964844,135.21258544921875,-281.29998779296875,152.35159301757812,-320.29998779296875,165.56271362304688,-203.0,121.80804443359375,-304.3999938964844,144.27903747558594,-246.5,133.45204162597656
48,-197.3000030517578,115.05047607421875,-235.39999389648438,136.30055236816406,-308.6000061035156,159.9463653564453,-241.3000030517578,120.7916030883789,-251.1999969482422,106.94839477539062,-313.20001220703125,135.7444610595703
49,-238.60000610351562,138.4313507080078,-248.39999389648438,140.41595458984375,-239.6999969482422,146.35507202148438,-279.6000061035156,165.58755493164062,-285.6000061035156,123.57604217529297,-333.70001220703125,153.00852966308594
50,-286.3999938964844,143.1615753173828,-227.1999969482422,144.09080505371094,-318.3999938964844,150.67726135253906,-200.8000030517578,108.97689056396484,-220.8000030517578,116.83561706542969,-290.6000061035156,169.00071716308594
51,-322.1000061035156,161.23736572265625,-224.8000030517578,123.64044952392578,-274.6000061035156,157.0332489013672,-242.1999969482422,144.25033569335938,-248.3000030517578,152.85748291015625,-294.29998779296875,174.3927001953125
52,-240.8000030517578,138.72549438476562,-263.1000061035156,176.3243865966797,-276.3999938964844,132.80300903320312,-231.0,117.60781860351562,-256.6000061035156,154.50320434570312,-288.0,127.54998779296875
53,-262.3999938964844,160.16004943847656,-233.39999389648438,146.68960571289062,-187.1999969482422,112.6097640991211,-285.3999938964844,151.4029083251953,-229.60000610351562,93.12056732177734,-279.8999938964844,184.55052185058594
54,-202.60000610351562,147.47555541992188,-246.6999969482422,166.8125,-232.3000030517578,146.7958221435547,-230.89999389648438,132.01397705078125,-280.6000061035156,133.89114379882812,-306.1000061035156,164.5274658203125
55,-252.89999389648438,165.7784423828125,-184.10000610351562,112.84719848632812,-233.0,113.92892456054688,-237.60000610351562,160.2037353515625,-211.89999389648438,103.04606628417969,-305.3999938964844,155.54690551757812
56,-241.6999969482422,160.2947540283203,-280.70001220703125,147.8885040283203,-233.5,121.49176788330078,-230.10000610351562,119.1070556640625,-218.10000610351562,118.63680267333984,-283.6000061035156,163.1485137939453
57,-270.70001220703125,169.27200317382812,-226.60000610351562,126.759765625,-227.60000610351562,101.9884262084961,-221.5,147.14431762695312,-239.5,88.28958129882812,-221.0,144.47213745117188
58,-296.6000061035156,186.59056091308594,-268.20001220703125,151.3035430908203,-263.1000061035156,112.03878784179688,-219.39999389648438,120.91253662109375,-237.6999969482422,141.57969665527344,-248.6999969482422,110.17444610595703
59,-240.8000030517578,131.95211791992188,-214.6999969482422,145.15098571777344,-209.60000610351562,116.31439971923828,-225.0,141.88516235351562,-277.29998779296875,151.25213623046875,-266.79998779296875,120.79055786132812
60,-213.10000610351562,111.22809600830078,-196.6999969482422,76.8947982788086,-205.3000030517578,152.0401611328125,-212.0,142.93844604492188,-240.3000030517578,118.05172729492188,-336.0,167.3559112548828
61,-230.1999969482422,103.8227310180664,-220.8000030517578,104.57705688476562,-213.5,128.99786376953125,-240.0,137.77590942382812,-241.1999969482422,153.66183471679688,-253.89999389648438,150.54995727539062
62,-250.10000610351562,149.17202758789062,-193.1999969482422,114.39649963378906,-168.1999969482422,50.57825469970703,-248.6999969482422,162.37921142578125,-187.89999389648438,93.66263580322266,-279.8999938964844,141.93479919433594
63,-178.5,76.5496597290039,-264.79998779296875,151.88272094726562,-219.60000610351562,121.68418884277344,-180.1999969482422,81.91190338134766,-230.3000030517578,134.6907958984375,-285.5,164.896484375
64,-227.5,145.24960327148438,-184.89999389648438,118.18921661376953,-235.39999389648438,123.9493408203125,-206.39999389648438,118.13822937011719,-246.39999389648438,144.09107971191406,-227.5,150.19937133789062
65,-233.1999969482422,140.06698608398438,-199.8000030517578,129.31727600097656,-207.39999389648438,100.51388549804688,-197.60000610351562,112.66783142089844,-267.5,159.3400421142578,-232.60000610351562,115.484375
66,-237.1999969482422,138.3580780029297,-242.89999389648438,161.89901733398438,-221.5,138.33311462402344,-169.1999969482422,62.99968338012695,-214.39999389648438,116.44243621826172,-270.79998779296875,157.5847625732422
67,-237.1999969482422,119.23153686523438,-197.39999389648438,106.36371612548828,-178.5,89.92024230957031,-234.0,144.0333251953125,-259.5,148.28436279296875,-192.0,114.910400390625
68,-269.0,161.44473266601562,-183.60000610351562,122.75519561767578,-182.6999969482422,112.25688171386719,-261.79998779296875,160.5414581298828,-212.60000610351562,62.75061798095703,-207.3000030517578,106.67900848388672
69,-211.39999389648438,118.89171600341797,-210.89999389648438,153.5958709716797,-172.6999969482422,59.422306060791016,-210.10000610351562,116.59798431396484,-262.29998779296875,126.06351470947266,-216.8000030517578,111.14837646484375
70,-170.1999969482422,98.9482650756836,-202.39999389648438,153.57421875,-133.5,21.574291229248047,-193.10000610351562,116.94652557373047,-208.89999389648438,116.1666488647461,-204.8000030517578,131.81942749023438
71,-238.10000610351562,135.7191619873047,-171.3000030517578,61.00663757324219,-151.60000610351562,38.268001556396484,-224.1999969482422,148.4646759033203,-295.5,172.56028747558594,-242.6999969482422,114.6952896118164
72,-218.3000030517578,110.75654602050781,-238.1999969482422,141.76797485351562,-176.10000610351562,83.3899917602539,-217.60000610351562,123.85733795166016,-205.8000030517578,107.0866928100586,-178.10000610351562,40.237918853759766
73,-185.0,70.59178924560547,-182.10000610351562,67.30891418457031,-208.89999389648438,118.27465057373047,-205.6999969482422,109.34171295166016,-246.6999969482422,138.49264526367188,-252.8000030517578,137.27767944335938
74,-223.89999389648438,117.58098602294922,-219.1999969482422,130.8501434326172,-240.8000030517578,139.94699096679688,-194.1999969482422,121.94654846191406,-177.39999389648438,69.83866882324219,-223.60000610351562,92.96365356445312
75,-183.8000030517578,112.5804672241211,-123.5999984741211,21.294132232666016,-195.1999969482422,134.37619018554688,-195.6999969482422,117.83382415771484,-249.89999389648438,143.96559143066406,-161.8000030517578,28.76038932800293
76,-191.10000610351562,56.39937973022461,-194.5,114.31031799316406,-203.10000610351562,115.64640808105469,-220.0,117.65287780761719,-196.1999969482422,122.12763977050781,-179.39999389648438,80.03024291992188
77,-215.1999969482422,146.01629638671875,-130.0,69.95426940917969,-224.5,116.6904067993164,-152.3000030517578,52.95668029785156,-195.3000030517578,113.48043823242188,-187.60000610351562,108.68136596679688
78,-155.0,38.259639739990234,-149.6999969482422,75.86705780029297,-185.0,91.54015350341797,-224.0,120.27967834472656,-199.39999389648438,92.33872985839844,-191.0,46.71402359008789
79,-230.6999969482422,132.84280395507812,-204.0,117.41635131835938,-158.8000030517578,81.51416778564453,-151.3000030517578,80.61271667480469,-250.0,157.8765411376953,-224.5,147.9765167236328
80,-230.39999389648438,129.0024871826172,-141.5,45.013885498046875,-143.10000610351562,42.678916931152344,-202.0,152.2872314453125,-212.1999969482422,97.54363250732422,-157.0,71.60167694091797
81,-219.89999389648438,136.94557189941406,-202.6999969482422,123.40505981445312,-180.5,68.72444915771484,-190.5,110.59679412841797,-161.10000610351562,56.618812561035156,-168.10000610351562,72.69174194335938
82,-216.39999389648438,118.20761108398438,-235.1999969482422,144.7948760986328,-158.39999389648438,82.82535552978516,-242.1999969482422,158.74746704101562,-182.1999969482422,68.3766098022461,-230.3000030517578,111.28706359863281
83,-180.60000610351562,138.52667236328125,-172.89999389648438,117.5971450805664,-118.5,30.751422882080078,-216.89999389648438,159.47315979003906,-159.0,64.48565673828125,-166.5,45.7717170715332
84,-150.1999969482422,66.19184112548828,-152.6999969482422,53.925968170166016,-162.89999389648438,59.721771240234375,-200.10000610351562,127.90812683105469,-189.60000610351562,66.85985565185547,-143.3000030517578,34.537078857421875
85,-204.1999969482422,134.96873474121094,-233.10000610351562,175.33251953125,-192.60000610351562,86.87945556640625,-175.39999389648438,81.03234100341797,-219.1999969482422,146.30844116210938,-203.6999969482422,149.13888549804688
86,-186.3000030517578,109.29598236083984,-209.3000030517578,131.2753143310547,-159.1999969482422,60.23752975463867,-172.6999969482422,62.408416748046875,-162.60000610351562,70.9213638305664,-156.10000610351562,64.18169403076172
87,-157.3000030517578,63.41458511352539,-221.39999389648438,152.73191833496094,-160.89999389648438,60.3729248046875,-192.5,114.79307556152344,-208.60000610351562,119.17147827148438,-180.8000030517578,63.6660041809082
88,-195.3000030517578,122.2939453125,-171.10000610351562,88.36566162109375,-226.10000610351562,123.46857452392578,-151.39999389648438,45.93299865722656,-198.60000610351562,73.64265441894531,-157.10000610351562,86.5279769897461
89,-195.8000030517578,132.12025451660156,-172.1999969482422,102.51516723632812,-187.8000030517578,109.7158203125,-178.89999389648438,125.41566467285156,-134.8000030517578,29.37958335876465,-153.10000610351562,78.93091583251953
90,-178.5,74.68232727050781,-174.39999389648438,68.36695861816406,-210.3000030517578,123.13817596435547,-144.10000610351562,81.14363861083984,-140.6999969482422,49.53392791748047,-223.60000610351562,143.4497833251953
91,-143.3000030517578,32.32352066040039,-179.3000030517578,75.92108154296875,-216.6999969482422,99.77178192138672,-122.4000015258789,28.89013671875,-149.89999389648438,45.8986930847168,-174.10000610351562,79.76271057128906
92,-166.6999969482422,66.92391204833984,-216.0,124.05724334716797,-185.89999389648438,112.6201171875,-148.1999969482422,86.43702697753906,-212.0,123.71499633789062,-144.89999389648438,36.0844841003418
93,-181.60000610351562,110.24807739257812,-184.39999389648438,98.71595764160156,-169.0,98.68840026855469,-186.89999389648438,118.88687896728516,-167.89999389648438,71.64838409423828,-132.5,41.509639739990234
94,-125.0,33.71942901611328,-189.39999389648438,84.42061614990234,-130.89999389648438,29.92473793029785,-169.39999389648438,117.20852661132812,-162.1999969482422,64.3922348022461,-150.1999969482422,32.449344635009766
95,-149.0,28.816661834716797,-166.6999969482422,69.88712310791016,-194.60000610351562,88.60609436035156,-164.1999969482422,70.08680725097656,-148.10000610351562,67.84754943847656,-164.6999969482422,58.79124069213867
96,-210.5,130.2376708984375,-176.10000610351562,114.00126647949219,-147.1999969482422,39.89435958862305,-134.5,81.72300720214844,-125.5999984741211,34.794254302978516,-210.39999389648438,99.85309600830078
97,-209.10000610351562,123.64663696289062,-171.39999389648438,114.28490447998047,-142.8000030517578,51.793434143066406,-146.1999969482422,66.99075317382812,-138.8000030517578,38.984100341796875,-179.6999969482422,113.27051544189453
98,-202.10000610351562,151.64065551757812,-145.6999969482422,59.91001892089844,-156.8000030517578,69.34233856201172,-153.3000030517578,55.71364212036133,-176.60000610351562,126.76055908203125,-150.39999389648438,43.88895034790039
99,-213.60000610351562,122.92859649658203,-153.3000030517578,75.75228881835938,-149.89999389648438,69.89056396484375,-120.5999984741211,32.22173309326172,-215.1999969482422,158.979736328125,-190.5,131.9676055908203
100,-212.0,113.87361145019531,-147.5,39.5455436706543,-214.8000030517578,127.04078674316406,-160.6999969482422,61.90645980834961,-189.39999389648438,157.23435974121094,-118.19999694824219,28.163095474243164
101,-170.39999389648438,117.73292541503906,-139.3000030517578,24.81148910522461,-140.1999969482422,21.720035552978516,-163.8000030517578,58.656288146972656,-138.60000610351562,38.928653717041016,-150.3000030517578,60.58391189575195
102,-176.0,115.87579345703125,-158.1999969482422,59.9763298034668,-133.89999389648438,37.935340881347656,-130.10000610351562,32.95284652709961,-169.39999389648438,118.581787109375,-172.39999389648438,98.4258041381836
103,-187.39999389648438,136.884765625,-132.3000030517578,47.04476547241211,-140.10000610351562,41.003536224365234,-171.5,87.33069610595703,-130.10000610351562,44.6910514831543,-126.69999694824219,34.479122161865234
104,-121.5999984741211,22.570775985717773,-128.1999969482422,33.38203430175781,-143.10000610351562,30.0581111907959,-141.89999389648438,37.92742919921875,-120.0,31.689115524291992,-124.5999984741211,15.50612735748291
105,-180.8000030517578,102.50640106201172,-162.6999969482422,115.19204711914062,-193.1999969482422,104.18521881103516,-187.10000610351562,118.98945617675781,-142.8000030517578,50.22708511352539,-152.5,46.256351470947266
106,-179.60000610351562,135.53538513183594,-149.0,31.934307098388672,-134.1999969482422,59.086036682128906,-143.60000610351562,56.96174240112305,-180.39999389648438,131.69070434570312,-152.8000030517578,60.74504089355469
107,-157.0,49.53988265991211,-176.1999969482422,125.3290023803711,-123.69999694824219,29.041521072387695,-171.5,120.07685089111328,-165.3000030517578,120.60021209716797,-137.60000610351562,39.0440788269043
108,-133.60000610351562,27.2220516204834,-120.5,26.911893844604492,-133.89999389648438,42.781890869140625,-150.0,101.6484146118164,-178.60000610351562,141.5204620361328,-171.8000030517578,62.98698425292969
109,-159.5,57.22805404663086,-159.39999389648438,75.81055450439453,-160.1999969482422,114.81706237792969,-121.19999694824219,30.570573806762695,-184.60000610351562,115.6738510131836,-125.19999694824219,44.886077880859375
110,-151.60000610351562,61.188560485839844,-145.8000030517578,57.9703369140625,-134.8000030517578,34.245582580566406,-160.0,63.45234298706055,-134.89999389648438,28.292932510375977,-195.89999389648438,117.95121765136719
111,-121.30000305175781,25.803293228149414,-133.1999969482422,43.27539825439453,-216.0,144.9413604736328,-185.10000610351562,149.0499725341797,-113.5,19.653244018554688,-167.8000030517578,114.71163940429688
112,-122.4000015258789,29.923904418945312,-146.1999969482422,52.87683868408203,-161.10000610351562,54.76577377319336,-122.30000305175781,29.82297706604004,-115.9000015258789,24.74045181274414,-107.19999694824219,22.573434829711914
113,-105.0,13.776792526245117,-123.9000015258789,24.262935638427734,-159.3000030517578,94.0617446899414,-164.89999389648438,51.46931076049805,-125.9000015258789,36.88481903076172,-142.5,50.73312759399414
114,-150.89999389648438,51.577999114990234,-114.80000305175781,25.277658462524414,-124.0,33.72536087036133,-147.89999389648438,97.44583129882812,-133.0,41.02194595336914,-122.0999984741211,21.938322067260742
115,-110.0,24.09979248046875,-147.8000030517578,66.82185363769531,-137.5,25.707002639770508,-127.0,39.23263931274414,-141.1999969482422,70.55465698242188,-103.4000015258789,13.039938926696777
116,-121.0,28.747173309326172,-147.0,86.96321105957031,-131.60000610351562,40.0479736328125,-149.39999389648438,117.91455078125,-137.1999969482422,42.65629959106445,-139.60000610351562,76.22230529785156
117,-151.10000610351562,69.3144302368164,-127.9000015258789,33.625736236572266,-135.10000610351562,29.615705490112305,-108.0999984741211,24.13068389892578,-120.0,20.327322006225586,-147.0,45.786460876464844
118,-158.6999969482422,120.11248016357422,-121.5,23.879907608032227,-133.89999389648438,41.37257385253906,-127.80000305175781,58.21477508544922,-127.69999694824219,33.292789459228516,-110.30000305175781,26.340272903442383
119,-137.10000610351562,23.534868240356445,-205.39999389648438,121.43328094482422,-141.10000610351562,51.447933197021484,-118.4000015258789,14.554723739624023,-122.30000305175781,51.40048599243164,-147.5,64.39604187011719
120,-153.5,65.37162780761719,-169.6999969482422,116.14649200439453,-167.3000030517578,95.9760971069336,-114.9000015258789,24.59044647216797,-122.4000015258789,24.932710647583008,-135.89999389648438,46.67215347290039
121,-123.5,21.327213287353516,-157.6999969482422,115.9293212890625,-147.89999389648438,48.73078918457031,-126.5,32.87932586669922,-116.69999694824219,18.379608154296875,-148.5,75.64291381835938
122,-131.60000610351562,54.47971725463867,-147.3000030517578,74.94404602050781,-159.6999969482422,57.128013610839844,-121.0999984741211,35.47238540649414,-116.5,13.336041450500488,-138.5,39.92304992675781
123,-127.0999984741211,34.717288970947266,-125.5,48.88199996948242,-177.0,117.44700622558594,-107.0,28.941320419311523,-142.6999969482422,120.45085906982422,-110.9000015258789,29.6427059173584
124,-163.39999389648438,126.54658508300781,-177.10000610351562,125.57344818115234,-144.5,65.97764587402344,-116.5,27.148664474487305,-133.8000030517578,33.59107208251953,-124.5999984741211,39.84770965576172
125,-207.1999969482422,136.82601928710938,-131.10000610351562,29.18372917175293,-125.80000305175781,41.64564895629883,-143.10000610351562,78.70381164550781,-123.30000305175781,27.935819625854492,-137.60000610351562,43.75888442993164
126,-121.0999984741211,35.494930267333984,-141.5,51.6357421875,-114.4000015258789,19.319419860839844,-104.80000305175781,22.776304244995117,-130.5,48.867679595947266,-164.10000610351562,58.977027893066406
127,-120.4000015258789,43.091064453125,-149.8000030517578,69.7162857055664,-121.0999984741211,38.10892105102539,-137.6999969482422,67.99419403076172,-125.9000015258789,31.226430892944336,-130.3000030517578,31.613445281982422
128,-138.3000030517578,73.62751007080078,-131.8000030517578,55.883445739746094,-182.10000610351562,119.32347869873047,-106.30000305175781,25.2628173828125,-125.30000305175781,22.49911117553711,-151.6999969482422,55.62382507324219
129,-136.6999969482422,37.791664123535156,-119.80000305175781,37.999473571777344,-137.39999389648438,48.900306701660156,-135.6999969482422,74.97605895996094,-168.39999389648438,117.08646392822266,-169.60000610351562,112.58258819580078
130,-121.0,34.502174377441406,-121.9000015258789,32.04824447631836,-136.89999389648438,77.68840789794922,-146.89999389648438,46.09653091430664,-130.5,45.36793899536133,-127.9000015258789,40.27518081665039
131,-116.19999694824219,30.082551956176758,-135.6999969482422,32.67736053466797,-140.39999389648438,61.02164077758789,-165.1999969482422,114.50746154785156,-104.5999984741211,18.88491439819336,-123.4000015258789,34.43021774291992
132,-136.8000030517578,41.90178680419922,-153.60000610351562,97.3398208618164,-118.69999694824219,28.411441802978516,-153.8000030517578,112.55381774902344,-125.19999694824219,33.59107208251953,-112.69999694824219,23.473600387573242
133,-123.30000305175781,25.934724807739258,-132.8000030517578,52.83711242675781,-118.9000015258789,23.94765281677246,-121.4000015258789,27.236740112304688,-148.6999969482422,70.81814575195312,-146.1999969482422,76.95947265625
134,-135.89999389648438,62.94831466674805,-123.5999984741211,50.227882385253906,-145.60000610351562,58.20172119140625,-135.3000030517578,66.21488189697266,-117.0999984741211,21.087675094604492,-151.39999389648438,62.12117004394531
135,-141.6999969482422,73.75777435302734,-129.60000610351562,51.57363510131836,-160.1999969482422,116.44123077392578,-133.3000030517578,71.0704574584961,-130.39999389648438,33.87092971801758,-115.19999694824219,26.965904235839844
136,-119.4000015258789,26.131206512451172,-149.8000030517578,119.42176818847656,-104.5999984741211,18.106351852416992,-121.30000305175781,24.88393211364746,-142.3000030517578,53.602333068847656,-148.60000610351562,62.19035339355469
137,-131.5,37.744537353515625,-146.89999389648438,119.44073486328125,-138.39999389648438,46.2800178527832,-116.4000015258789,17.49399757385254,-125.5999984741211,39.49734115600586,-139.0,49.543922424316406
138,-127.30000305175781,25.195436477661133,-152.6999969482422,67.55449676513672,-123.0,47.79121398925781,-121.4000015258789,23.774776458740234,-112.19999694824219,24.169401168823242,-118.5999984741211,29.121126174926758
139,-137.3000030517578,49.55814743041992,-120.5,13.99464225769043,-137.5,33.52685546875,-102.80000305175781,6.9397406578063965,-122.9000015258789,35.135311126708984,-120.80000305175781,50.68096160888672
140,-154.5,48.67699432373047,-184.5,129.53936767578125,-143.5,66.1411361694336,-138.5,60.45535659790039,-137.5,67.69970703125,-129.89999389648438,39.02935028076172
141,-136.39999389648438,65.39449310302734,-113.80000305175781,33.84612274169922,-120.0,23.68543815612793,-113.69999694824219,33.13019561767578,-125.19999694824219,29.32166290283203,-122.30000305175781,68.42667388916016
142,-118.0,18.270193099975586,-163.60000610351562,115.6418685913086,-121.80000305175781,35.50718307495117,-116.4000015258789,32.9642219543457,-112.0,36.48561477661133,-112.30000305175781,25.80716896057129
143,-135.89999389648438,59.10913848876953,-116.80000305175781,52.63040542602539,-124.19999694824219,26.133502960205078,-109.0,23.67276954650879,-128.5,38.1634635925293,-162.0,116.06205749511719
144,-118.5999984741211,26.77760124206543,-161.39999389648438,104.0415267944336,-134.0,34.38895034790039,-131.60000610351562,36.72111129760742,-113.19999694824219,29.7684383392334,-113.80000305175781,31.27235221862793
145,-162.0,117.51170349121094,-106.30000305175781,25.298419952392578,-139.10000610351562,64.77877807617188,-116.19999694824219,23.561832427978516,-139.8000030517578,47.16947937011719,-116.19999694824219,21.160341262817383
146,-125.9000015258789,39.75034713745117,-143.0,43.136993408203125,-126.80000305175781,32.027488708496094,-120.19999694824219,33.86384582519531,-116.0999984741211,38.777442932128906,-134.1999969482422,41.24269485473633
147,-150.60000610351562,57.39547348022461,-140.1999969482422,56.626495361328125,-136.1999969482422,57.038230895996094,-106.80000305175781,18.962066650390625,-126.69999694824219,56.28685760498047,-132.3000030517578,79.25660705566406
148,-125.0999984741211,40.14834976196289,-148.5,120.70563507080078,-131.89999389648438,44.531898498535156,-144.60000610351562,96.4190902709961,-106.5999984741211,22.566347122192383,-149.60000610351562,102.0913314819336
149,-128.1999969482422,58.32118225097656,-125.9000015258789,41.704795837402344,-160.0,56.65509796142578,-120.19999694824219,26.902788162231445,-116.5,19.41262435913086,-109.69999694824219,26.818090438842773
150,-108.9000015258789,15.227933883666992,-107.9000015258789,25.94012451171875,-150.89999389648438,64.14273071289062,-112.69999694824219,28.249069213867188,-105.19999694824219,20.47339630126953,-134.39999389648438,44.924827575683594
151,-109.5999984741211,35.32194519042969,-125.5999984741211,47.19788360595703,-126.0,26.664583206176758,-141.39999389648438,101.97077941894531,-123.4000015258789,62.63577651977539,-138.6999969482422,65.13838958740234
152,-113.30000305175781,19.814388275146484,-136.60000610351562,32.625755310058594,-113.0,25.876630783081055,-122.30000305175781,36.16365432739258,-125.19999694824219,51.93804168701172,-109.19999694824219,37.002159118652344
153,-114.0999984741211,21.533462524414062,-181.5,80.18385314941406,-116.0999984741211,32.06696319580078,-111.30000305175781,19.48871421813965,-128.10000610351562,39.34577560424805,-115.5,18.78962516784668
154,-109.9000015258789,17.06722068786621,-134.39999389648438,51.31121063232422,-135.0,38.431758880615234,-115.5,21.652944564819336,-133.1999969482422,69.68328094482422,-112.0999984741211,21.77360725402832
155,-115.0,28.42885971069336,-123.5999984741211,43.89350891113281,-128.10000610351562,46.43586730957031,-104.69999694824219,21.587265014648438,-118.80000305175781,24.247888565063477,-123.69999694824219,32.24918746948242
156,-122.80000305175781,32.415428161621094,-148.5,46.11561584472656,-118.5999984741211,25.538990020751953,-111.4000015258789,31.81886100769043,-89.0,10.188228607177734,-136.10000610351562,44.675384521484375
157,-102.5,16.36001205444336,-117.80000305175781,20.604854583740234,-131.39999389648438,33.60416793823242,-140.0,69.21849822998047,-102.80000305175781,19.645864486694336,-105.5999984741211,31.464900970458984
158,-114.5999984741211,39.73965072631836,-174.8000030517578,94.48683166503906,-149.39999389648438,74.61930084228516,-115.5,26.14287757873535,-114.4000015258789,37.089622497558594,-127.19999694824219,50.427772521972656
159,-111.19999694824219,30.17217254638672,-130.6999969482422,40.13739013671875,-110.69999694824219,23.37969207763672,-140.10000610351562,120.53585052490234,-145.5,67.66571807861328,-113.69999694824219,25.369468688964844
160,-116.19999694824219,52.453407287597656,-137.39999389648438,50.47613525390625,-123.5,38.87222671508789,-107.9000015258789,21.69999885559082,-101.0999984741211,16.664033889770508,-102.0,26.634565353393555
161,-121.0999984741211,21.153959274291992,-148.10000610351562,118.39041137695312,-160.39999389648438,116.27656555175781,-130.1999969482422,43.99954605102539,-116.30000305175781,27.781469345092773,-140.1999969482422,122.73287200927734
162,-122.30000305175781,47.34986877441406,-148.0,118.7754135131836,-113.30000305175781,29.822978973388672,-116.9000015258789,24.439516067504883,-121.0,44.58475112915039,-106.0999984741211,24.386268615722656
163,-117.5,14.934858322143555,-133.8000030517578,43.586238861083984,-99.69999694824219,12.66530704498291,-155.0,76.50751495361328,-113.80000305175781,35.053672790527344,-112.4000015258789,19.45867347717285
164,-121.4000015258789,53.55221939086914,-150.89999389648438,117.90119171142578,-111.9000015258789,20.432571411132812,-121.69999694824219,60.12495422363281,-112.9000015258789,27.595109939575195,-142.60000610351562,65.55028533935547
165,-150.1999969482422,117.45875549316406,-139.5,48.867679595947266,-124.4000015258789,28.76873207092285,-114.80000305175781,21.15088653564453,-108.9000015258789,19.185670852661133,-117.69999694824219,32.60383605957031
166,-120.19999694824219,29.061315536499023,-108.19999694824219,14.736350059509277,-128.3000030517578,63.82170486450195,-137.8000030517578,68.60582733154297,-103.5,23.226062774658203,-126.80000305175781,52.499141693115234
167,-104.30000305175781,27.088926315307617,-142.1999969482422,34.184207916259766,-181.89999389648438,111.91018676757812,-130.0,29.73550033569336,-112.19999694824219,27.96354866027832,-132.3000030517578,47.029884338378906
168,-97.0999984741211,12.22661018371582,-122.9000015258789,24.10580825805664,-126.0999984741211,33.38996505737305,-107.80000305175781,24.276737213134766,-93.69999694824219,19.110469818115234,-108.5,21.228517532348633
169,-114.0,38.60569763183594,-128.8000030517578,52.038063049316406,-115.4000015258789,19.402061462402344,-151.0,118.34103393554688,-108.9000015258789,24.809072494506836,-96.4000015258789,17.442476272583008
170,-115.0,28.09270477294922,-142.8000030517578,42.56007766723633,-143.0,66.34907531738281,-110.0999984741211,22.906112670898438,-97.19999694824219,21.81650733947754,-150.8000030517578,123.24349975585938
171,-143.0,120.83045959472656,-110.5,19.515378952026367,-108.5999984741211,18.2493839263916,-115.69999694824219,30.773527145385742,-109.30000305175781,22.03656005859375,-132.0,53.68612289428711
172,-106.80000305175781,14.012850761413574,-120.4000015258789,68.30403137207031,-131.10000610351562,27.544326782226562,-150.3000030517578,83.96672058105469,-116.0999984741211,35.739192962646484,-107.69999694824219,20.174488067626953
173,-141.39999389648438,120.97866821289062,-129.5,33.71720504760742,-123.4000015258789,29.705894470214844,-178.60000610351562,121.84432983398438,-99.30000305175781,15.323511123657227,-121.80000305175781,32.161468505859375
174,-123.5999984741211,48.50814437866211,-116.9000015258789,27.696388244628906,-102.19999694824219,24.028318405151367,-122.5,57.44083786010742,-114.5,35.21150207519531,-104.5999984741211,18.254863739013672
175,-104.30000305175781,17.989164352416992,-157.60000610351562,117.69554138183594,-118.9000015258789,23.157936096191406,-136.60000610351562,65.67373657226562,-139.5,82.63927459716797,-106.4000015258789,24.860410690307617
176,-107.80000305175781,28.109785079956055,-129.60000610351562,32.77560043334961,-96.0999984741211,14.659126281738281,-96.9000015258789,16.269296646118164,-109.5,30.71237564086914,-173.3000030517578,137.3113555908203
177,-131.60000610351562,19.283153533935547,-168.89999389648438,123.21805572509766,-124.0999984741211,24.541597366333008,-114.5,25.80406951904297,-103.80000305175781,19.44633674621582,-153.60000610351562,122.5219955444336
178,-103.9000015258789,17.523983001708984,-113.69999694824219,50.6873779296875,-112.0999984741211,14.638647079467773,-108.0,26.506603240966797,-119.9000015258789,44.25257110595703,-119.4000015258789,24.3524112701416
179,-137.3000030517578,122.07952880859375,-135.39999389648438,63.4211311340332,-109.19999694824219,19.166637420654297,-121.30000305175781,37.10269546508789,-118.0,41.47770690917969,-113.9000015258789,27.108854293823242
180,-112.69999694824219,30.295377731323242,-164.1999969482422,93.45780181884766,-121.0999984741211,40.63114547729492,-183.39999389648438,121.19505310058594,-100.0,22.698017120361328,-145.10000610351562,103.19733428955078
181,-103.19999694824219,12.130951881408691,-116.19999694824219,36.378013610839844,-132.60000610351562,44.466163635253906,-113.69999694824219,18.477283477783203,-110.30000305175781,22.04109764099121,-113.69999694824219,18.525928497314453
182,-110.0,33.06962203979492,-120.9000015258789,55.133384704589844,-129.60000610351562,26.92656707763672,-147.1999969482422,53.016597747802734,-91.0,11.018166542053223,-115.4000015258789,28.061363220214844
183,-99.80000305175781,14.05560302734375,-106.5999984741211,21.317598342895508,-144.5,120.23747253417969,-103.5,28.295759201049805,-99.80000305175781,15.94239616394043,-117.4000015258789,26.092910766601562
184,-139.5,58.29279708862305,-124.30000305175781,26.563322067260742,-116.4000015258789,19.530488967895508,-115.9000015258789,20.471689224243164,-116.5999984741211,31.407644271850586,-145.1999969482422,80.28549194335938
185,-112.80000305175781,24.23963737487793,-136.89999389648438,56.86202621459961,-118.9000015258789,33.35700988769531,-131.89999389648438,38.60686492919922,-107.0999984741211,12.078493118286133,-122.30000305175781,28.719507217407227
186,-106.0,19.773719787597656,-113.69999694824219,27.978740692138672,-134.8000030517578,77.47747802734375,-134.10000610351562,89.33246612548828,-106.69999694824219,22.94798469543457,-105.0,20.731618881225586
187,-105.9000015258789,17.38648796081543,-105.9000015258789,16.275442123413086,-109.80000305175781,25.1586971282959,-94.69999694824219,13.394401550292969,-119.69999694824219,24.008541107177734,-103.80000305175781,16.061134338378906
188,-105.19999694824219,22.274648666381836,-120.0999984741211,42.11994552612305,-99.9000015258789,27.138349533081055,-146.3000030517578,104.39833068847656,-117.19999694824219,42.54127502441406,-110.9000015258789,24.756614685058594
189,-110.30000305175781,26.130632400512695,-124.4000015258789,75.5873031616211,-155.8000030517578,112.9378662109375,-159.8000030517578,123.8755874633789,-121.5999984741211,32.03498077392578,-104.80000305175781,21.165067672729492
190,-107.9000015258789,26.303802490234375,-144.0,119.88661193847656,-113.30000305175781,21.73039436340332,-101.19999694824219,16.557777404785156,-103.19999694824219,24.379499435424805,-108.80000305175781,20.25240707397461
191,-112.19999694824219,20.941823959350586,-109.5999984741211,26.82238006591797,-111.69999694824219,30.984027862548828,-118.5999984741211,29.746261596679688,-113.80000305175781,38.03629684448242,-114.9000015258789,39.88094711303711
192,-98.5999984741211,15.199999809265137,-103.19999694824219,18.340120315551758,-160.0,119.23506164550781,-102.19999694824219,22.29708480834961,-159.10000610351562,118.58453369140625,-107.9000015258789,29.115116119384766
193,-108.30000305175781,24.66191291809082,-119.0999984741211,31.197595596313477,-139.8000030517578,45.932125091552734,-120.5999984741211,27.368595123291016,-100.0,31.10948371887207,-124.80000305175781,31.256359100341797
194,-127.4000015258789,45.40968704223633,-110.4000015258789,31.097265243530273,-115.5999984741211,32.50292205810547,-122.30000305175781,37.786373138427734,-106.69999694824219,18.905290603637695,-121.5,34.74550247192383
195,-102.9000015258789,17.683042526245117,-114.0,32.38518142700195,-105.69999694824219,23.125959396362305,-113.30000305175781,23.87069320678711,-119.5999984741211,35.279457092285156,-121.5,33.87993621826172
196,-105.5999984741211,18.83188819885254,-117.9000015258789,33.989559173583984,-119.0999984741211,43.9600944519043,-113.69999694824219,31.708200454711914,-104.80000305175781,18.372806549072266,-115.30000305175781,41.506744384765625
197,-99.9000015258789,13.895683288574219,-106.0,17.34935188293457,-104.0,14.477568626403809,-102.4000015258789,14.33317756652832,-99.30000305175781,27.184738159179688,-104.9000015258789,27.248668670654297
198,-143.6999969482422,49.295135498046875,-119.9000015258789,23.700000762939453,-117.4000015258789,46.15668869018555,-114.19999694824219,28.600000381469727,-106.5999984741211,22.05538558959961,-109.19999694824219,31.694795608520508
199,-93.69999694824219,17.8664493560791,-106.0,18.154890060424805,-110.69999694824219,23.354015350341797,-149.0,121.40757751464844,-109.30000305175781,32.79344177246094,-108.80000305175781,16.283733367919922
200,-101.69999694824219,22.27128028869629,-108.69999694824219,26.313684463500977,-109.0,23.613554000854492,-122.0,36.191158294677734,-116.9000015258789,56.88664245605469,-99.5,21.680635452270508
201,-112.5,21.518596649169922,-113.30000305175781,33.802513122558594,-113.0999984741211,30.69999885559082,-97.19999694824219,16.497272491455078,-96.9000015258789,17.99138641357422,-111.0,28.51666259765625
202,-110.4000015258789,20.25438117980957,-118.19999694824219,18.307374954223633,-102.30000305175781,12.538341522216797,-127.5999984741211,43.30866241455078,-103.19999694824219,19.497692108154297,-103.4000015258789,20.0858154296875
203,-113.19999694824219,24.60406494140625,-108.19999694824219,34.20175552368164,-130.8000030517578,67.31686401367188,-126.5999984741211,40.927249908447266,-100.5999984741211,22.817537307739258,-112.19999694824219,24.82257080078125
204,-108.30000305175781,25.250940322875977,-118.19999694824219,25.611717224121094,-117.69999694824219,24.22416114807129,-122.4000015258789,40.5960578918457,-112.30000305175781,45.55008316040039,-97.4000015258789,16.18147087097168
205,-113.5999984741211,25.036773681640625,-114.0999984741211,25.661060333251953,-108.80000305175781,20.975221633911133,-117.4000015258789,43.16526412963867,-104.0,16.401220321655273,-111.0,36.019439697265625
206,-97.0,16.546903610229492,-107.9000015258789,23.40277671813965,-142.1999969482422,65.60457611083984,-107.19999694824219,15.223666191101074,-111.5999984741211,23.440135955810547,-105.5,32.83062744140625
207,-108.9000015258789,19.20650863647461,-107.0,8.78635311126709,-120.69999694824219,36.916255950927734,-127.9000015258789,45.72843551635742,-96.5999984741211,10.537551879882812,-100.0999984741211,18.705347061157227
208,-105.5999984741211,13.024592399597168,-118.30000305175781,38.312007904052734,-99.0,22.257583618164062,-117.0,26.199237823486328,-100.0999984741211,16.70598793029785,-122.5999984741211,44.67482376098633
209,-99.19999694824219,14.17603588104248,-123.5999984741211,23.87550926208496,-106.19999694824219,25.384246826171875,-110.5999984741211,45.98303985595703,-102.30000305175781,26.98536491394043,-107.80000305175781,31.88981056213379
210,-104.5,21.209667205810547,-115.69999694824219,22.57897186279297,-116.80000305175781,25.12289810180664,-122.69999694824219,34.52260208129883,-91.4000015258789,15.742935180664062,-130.0,50.069950103759766
211,-101.0999984741211,15.572090148925781,-112.5999984741211,29.597972869873047,-98.80000305175781,12.253978729248047,-99.5,20.93442153930664,-123.0,49.638694763183594,-87.9000015258789,9.80255126953125
212,-100.5,22.32599449157715,-115.5999984741211,39.952972412109375,-103.4000015258789,18.629009246826172,-100.5999984741211,27.695486068725586,-101.0,23.579652786254883,-103.4000015258789,18.369539260864258
213,-102.5999984741211,14.82700252532959,-95.5,22.778278350830078,-141.8000030517578,60.26740646362305,-133.0,79.97249603271484,-96.80000305175781,14.469277381896973,-102.5,7.283543109893799
214,-117.5,38.40117263793945,-101.0999984741211,17.12571144104004,-112.0999984741211,24.740453720092773,-95.5,16.972036361694336,-104.0999984741211,11.058481216430664,-95.0999984741211,18.063499450683594
215,-115.0,38.64712142944336,-178.10000610351562,97.59657287597656,-117.5,25.605663299560547,-107.19999694824219,27.79856300354004,-104.0,16.57709312438965,-108.30000305175781,21.698156356811523
216,-99.0,15.04659366607666,-108.30000305175781,18.232114791870117,-101.9000015258789,30.061437606811523,-107.9000015258789,17.43244171142578,-104.9000015258789,41.613582611083984,-112.4000015258789,18.27128791809082
217,-103.0999984741211,18.619613647460938,-144.39999389648438,120.53398895263672,-149.0,124.20386505126953,-129.0,25.810850143432617,-96.80000305175781,22.53352928161621,-102.0,21.466251373291016
218,-98.80000305175781,15.721323013305664,-111.69999694824219,25.179555892944336,-109.80000305175781,15.471263885498047,-103.9000015258789,28.140541076660156,-100.80000305175781,18.882797241210938,-132.10000610351562,63.72197341918945
219,-104.19999694824219,20.458738327026367,-107.0999984741211,17.24209976196289,-109.19999694824219,27.458332061767578,-114.0999984741211,22.63382339477539,-104.30000305175781,15.836982727050781,-96.0999984741211,13.590069770812988
220,-97.30000305175781,21.071542739868164,-98.5,21.350645065307617,-110.5999984741211,36.625675201416016,-96.9000015258789,28.140541076660156,-127.0,66.48759460449219,-104.5999984741211,13.814484596252441
221,-110.80000305175781,24.886943817138672,-117.5,21.406774520874023,-106.9000015258789,30.011499404907227,-132.3000030517578,58.46546173095703,-112.0,25.907527923583984,-110.0999984741211,43.4544563293457
222,-114.80000305175781,27.845287322998047,-108.19999694824219,25.99153709411621,-100.5999984741211,14.806755065917969,-123.5999984741211,42.778968811035156,-91.19999694824219,11.660188674926758,-114.5,42.690162658691406
223,-98.19999694824219,14.60684871673584,-101.4000015258789,27.792804718017578,-95.5,14.136831283569336,-120.80000305175781,30.50180435180664,-99.30000305175781,11.764778137207031,-105.5999984741211,15.512575149536133
224,-151.89999389648438,119.26814270019531,-112.0,25.373214721679688,-103.80000305175781,19.888689041137695,-103.30000305175781,19.67765235900879,-124.19999694824219,45.99087142944336,-134.0,122.51203918457031
225,-109.4000015258789,30.06393051147461,-133.0,72.78324127197266,-96.30000305175781,13.259336471557617,-144.8000030517578,121.95146942138672,-95.0,21.038061141967773,-121.80000305175781,39.599998474121094
226,-104.0999984741211,16.537532806396484,-154.8000030517578,116.99641418457031,-111.0999984741211,25.367103576660156,-87.4000015258789,12.64278507232666,-108.0999984741211,24.484485626220703,-92.69999694824219,19.220041275024414
227,-101.4000015258789,15.768321990966797,-128.3000030517578,35.239322662353516,-107.4000015258789,16.906803131103516,-97.69999694824219,15.956503868103027,-104.30000305175781,24.86785125732422,-104.19999694824219,19.343215942382812
228,-111.5,25.42931365966797,-106.0999984741211,21.983858108520508,-104.0,15.69713306427002,-99.5,17.817127227783203,-101.9000015258789,34.73456573486328,-105.30000305175781,14.601712226867676
229,-114.80000305175781,36.010555267333984,-104.5,19.06436538696289,-111.0,16.0,-105.9000015258789,14.754321098327637,-103.5,19.080093383789062,-92.30000305175781,20.591503143310547
230,-104.30000305175781,15.472879409790039,-108.5999984741211,27.503456115722656,-101.19999694824219,14.232356071472168,-101.19999694824219,36.358768463134766,-116.5,35.049251556396484,-127.5,41.23651123046875
231,-105.30000305175781,27.08892822265625,-110.0,19.063053131103516,-104.4000015258789,24.642240524291992,-138.0,52.24748992919922,-96.5,19.474342346191406,-116.0999984741211,24.246442794799805
232,-104.9000015258789,14.229897499084473,-104.9000015258789,14.208800315856934,-104.5,22.078269958496094,-111.69999694824219,42.44066619873047,-142.8000030517578,70.74574279785156,-95.0999984741211,11.987076759338379
233,-102.5,16.728717803955078,-108.0,22.19459342956543,-115.0999984741211,27.27434730529785,-102.4000015258789,19.875612258911133,-97.9000015258789,15.92764949798584,-150.6999969482422,109.46418762207031
234,-156.0,120.81473541259766,-112.19999694824219,21.720035552978516,-111.80000305175781,26.794776916503906,-110.0,17.14642906188965,-116.4000015258789,28.667753219604492,-111.69999694824219,34.83977508544922
235,-114.5999984741211,26.027679443359375,-121.9000015258789,42.45574188232422,-123.0,29.400680541992188,-110.69999694824219,38.979610443115234,-102.0999984741211,26.87545394897461,-109.19999694824219,22.30156898498535
236,-99.9000015258789,13.360015869140625,-110.30000305175781,32.36680603027344,-109.5999984741211,30.384864807128906,-133.1999969482422,58.022064208984375,-96.5999984741211,17.240650177001953,-96.0,11.48912525177002
237,-95.0999984741211,12.89534854888916,-157.8000030517578,124.31234741210938,-102.30000305175781,26.48036766052246,-110.0999984741211,16.549623489379883,-144.89999389648438,120.04537200927734,-99.0999984741211,18.99710464477539
238,-147.60000610351562,114.57939910888672,-116.0999984741211,30.431724548339844,-108.9000015258789,34.613433837890625,-107.5999984741211,34.99771499633789,-106.19999694824219,47.89112854003906,-102.4000015258789,14.887578010559082
239,-97.69999694824219,14.710880279541016,-109.5999984741211,30.748008728027344,-108.80000305175781,23.506593704223633,-110.19999694824219,52.03806686401367,-101.0999984741211,42.63437271118164,-105.30000305175781,24.763078689575195
240,-120.9000015258789,39.79560089111328,-110.5,18.28250503540039,-115.80000305175781,38.00736618041992,-100.9000015258789,19.086381912231445,-98.19999694824219,21.329790115356445,-106.0999984741211,22.594024658203125
241,-102.5,33.00075912475586,-116.0,42.0,-101.9000015258789,11.759676933288574,-107.5999984741211,32.416664123535156,-126.30000305175781,60.14989471435547,-139.8000030517578,121.57450866699219
242,-110.69999694824219,19.616575241088867,-112.9000015258789,38.13777542114258,-107.9000015258789,16.385665893554688,-99.0,11.62755298614502,-113.5,33.272361755371094,-98.9000015258789,14.487581253051758
243,-130.0,41.25288009643555,-108.19999694824219,21.85772132873535,-108.19999694824219,27.24995231628418,-139.10000610351562,99.63076782226562,-97.80000305175781,13.840519905090332,-107.30000305175781,19.07904624938965
244,-97.9000015258789,18.501081466674805,-92.0999984741211,10.182828903198242,-104.30000305175781,22.351959228515625,-116.0999984741211,37.69204330444336,-97.9000015258789,15.578511238098145,-101.0999984741211,16.735889434814453
245,-164.5,117.87557220458984,-108.4000015258789,22.446380615234375,-99.9000015258789,21.50558090209961,-110.30000305175781,34.877071380615234,-94.69999694824219,19.20442771911621,-97.30000305175781,11.305309295654297
246,-119.5999984741211,33.070228576660156,-117.5999984741211,59.588924407958984,-104.30000305175781,16.352676391601562,-114.0999984741211,69.3519287109375,-97.30000305175781,23.00021743774414,-95.19999694824219,15.236797332763672
247,-128.0,55.962486267089844,-111.4000015258789,18.93779182434082,-125.69999694824219,46.60053634643555,-144.89999389648438,119.96953582763672,-112.30000305175781,36.75608825683594,-119.69999694824219,47.049015045166016
248,-114.5999984741211,54.081787109375,-115.30000305175781,35.64000701904297,-94.0999984741211,14.208800315856934,-106.0999984741211,25.331600189208984,-102.69999694824219,27.22517204284668,-147.60000610351562,118.74443054199219
249,-100.0,17.198837280273438,-120.9000015258789,54.41773986816406,-109.30000305175781,24.625394821166992,-103.69999694824219,18.0944766998291,-138.0,122.27837371826172,-102.4000015258789,29.67894744873047
250,-115.30000305175781,42.08811950683594,-105.9000015258789,21.18230438232422,-96.9000015258789,20.211135864257812,-153.39999389648438,124.38182067871094,-105.5,33.18207550048828,-104.69999694824219,22.36984634399414
251,-101.0,17.96663475036621,-114.4000015258789,36.26899337768555,-110.9000015258789,42.35433578491211,-107.4000015258789,30.780513763427734,-95.9000015258789,14.466858863830566,-111.4000015258789,34.598262786865234
252,-111.5,41.270450592041016,-116.5999984741211,31.126197814941406,-103.0999984741211,16.53148651123047,-115.9000015258789,47.124202728271484,-105.19999694824219,41.33715057373047,-101.80000305175781,25.269742965698242
253,-96.30000305175781,15.511609077453613,-119.80000305175781,39.66307830810547,-102.5,21.87350082397461,-93.0999984741211,8.47879695892334,-94.80000305175781,10.796295166015625,-89.5,12.027052879333496
254,-102.69999694824219,23.66452980041504,-110.0,24.726505279541016,-96.4000015258789,20.08083724975586,-118.4000015258789,39.82511901855469,-89.30000305175781,16.377119064331055,-139.3000030517578,121.44139099121094
255,-109.5,18.337120056152344,-104.69999694824219,20.01024627685547,-96.4000015258789,14.051335334777832,-102.0999984741211,16.08384132385254,-96.80000305175781,10.18626594543457,-106.19999694824219,27.995716094970703
256,-103.5,16.063934326171875,-112.0999984741211,26.078536987304688,-121.0,32.24903106689453,-100.30000305175781,10.536128044128418,-101.4000015258789,24.142078399658203,-101.19999694824219,14.53134536743164
257,-102.5999984741211,23.925718307495117,-157.0,124.35433197021484,-100.19999694824219,13.622041702270508,-100.80000305175781,23.646564483642578,-108.5999984741211,30.764266967773438,-139.10000610351562,66.95289611816406
258,-103.30000305175781,18.612092971801758,-99.80000305175781,25.24995231628418,-92.4000015258789,12.346659660339355,-118.0,20.04494857788086,-107.4000015258789,19.535608291625977,-113.69999694824219,53.07362747192383
259,-90.5,14.437797546386719,-104.0,27.491817474365234,-105.0999984741211,12.660568237304688,-111.4000015258789,30.738248825073242,-104.4000015258789,34.071102142333984,-127.5,57.993534088134766
260,-114.5,35.766605377197266,-99.5999984741211,18.39130210876465,-106.5999984741211,11.508257865905762,-98.0,15.310127258300781,-146.0,119.34654998779297,-96.80000305175781,9.558242797851562
261,-113.80000305175781,36.28167724609375,-107.69999694824219,21.68893814086914,-99.5,19.319679260253906,-102.80000305175781,21.77062225341797,-94.9000015258789,9.278470039367676,-102.5,24.369037628173828
262,-117.30000305175781,42.97452926635742,-103.69999694824219,23.413883209228516,-93.69999694824219,11.489561080932617,-118.5,32.93706130981445,-99.69999694824219,27.55013656616211,-133.39999389648438,84.47982025146484
263,-108.80000305175781,24.595935821533203,-139.6999969482422,120.80400085449219,-123.9000015258789,65.9612808227539,-100.5,14.95493221282959,-104.0,17.029386520385742,-117.0,45.40264129638672
264,-96.30000305175781,17.481704711914062,-106.0,24.24871063232422,-138.10000610351562,121.33626556396484,-124.9000015258789,43.74803161621094,-89.9000015258789,10.367737770080566,-88.5999984741211,11.56027603149414
265,-112.9000015258789,49.916831970214844,-123.0,27.810070037841797,-114.80000305175781,44.10850143432617,-112.30000305175781,37.55542755126953,-123.80000305175781,49.53947830200195,-98.5,25.935497283935547
266,-104.0999984741211,25.64546775817871,-116.69999694824219,24.120737075805664,-105.0999984741211,20.839624404907227,-101.9000015258789,21.068696975708008,-93.80000305175781,20.624258041381836,-118.30000305175781,26.99277687072754
267,-102.69999694824219,17.59005355834961,-108.5,32.39521408081055,-114.5,24.311519622802734,-104.80000305175781,33.623802185058594,-111.5999984741211,53.70139694213867,-104.4000015258789,24.487548828125
268,-109.0999984741211,22.205629348754883,-102.0,17.821334838867188,-102.5999984741211,37.88192367553711,-111.4000015258789,33.419158935546875,-112.5999984741211,33.76744079589844,-98.0,15.316658020019531
269,-132.5,55.14934158325195,-106.0,21.180179595947266,-117.30000305175781,24.86785125732422,-122.80000305175781,27.469255447387695,-96.5999984741211,13.749181747436523,-102.0999984741211,10.709342002868652
270,-95.5999984741211,24.204132080078125,-116.5999984741211,38.275840759277344,-113.4000015258789,34.27885437011719,-109.0999984741211,34.53534698486328,-102.19999694824219,13.702554702758789,-101.30000305175781,14.724469184875488
271,-104.19999694824219,10.749884605407715,-127.5,40.812374114990234,-102.0999984741211,12.887591361999512,-103.19999694824219,28.3964786529541,-98.0999984741211,13.20189380645752,-114.4000015258789,53.19436264038086
272,-103.0,21.433618545532227,-98.0999984741211,20.608007431030273,-114.0,53.862789154052734,-101.30000305175781,20.63031578063965,-104.5999984741211,19.76461410522461,-132.1999969482422,62.15593338012695
273,-107.80000305175781,39.869285583496094,-146.8000030517578,119.06788635253906,-115.0,78.68798828125,-101.19999694824219,24.628437042236328,-94.0999984741211,19.917078018188477,-103.0999984741211,21.290607452392578
274,-91.80000305175781,13.59999942779541,-147.39999389648438,118.84292602539062,-112.69999694824219,26.45014190673828,-96.5,17.04259490966797,-98.0999984741211,16.04649543762207,-109.30000305175781,23.677204132080078
275,-111.80000305175781,36.749969482421875,-102.30000305175781,17.899999618530273,-108.5,25.10079574584961,-105.19999694824219,22.22521209716797,-100.30000305175781,14.512408256530762,-96.80000305175781,21.715431213378906
276,-106.19999694824219,22.9730281829834,-95.0999984741211,17.30000114440918,-111.69999694824219,25.436389923095703,-100.0,23.323806762695312,-107.5,32.564552307128906,-87.5,8.47643756866455
277,-106.0999984741211,29.473546981811523,-102.5,31.553922653198242,-108.19999694824219,52.512474060058594,-101.19999694824219,14.434680938720703,-90.4000015258789,13.872274398803711,-99.69999694824219,22.185806274414062
278,-107.4000015258789,28.49982261657715,-117.30000305175781,37.00553894042969,-117.4000015258789,34.173675537109375,-113.0,37.2612419128418,-99.5,15.602884292602539,-108.69999694824219,35.886070251464844
279,-104.4000015258789,14.820256233215332,-165.1999969482422,115.56452178955078,-99.4000015258789,16.11334800720215,-110.4000015258789,23.435869216918945,-92.0999984741211,15.807909965515137,-93.4000015258789,19.51512336730957
280,-110.0,45.33872604370117,-104.0,14.532721519470215,-107.4000015258789,29.635114669799805,-144.1999969482422,104.54739379882812,-110.0999984741211,28.261104583740234,-109.0,33.247554779052734
281,-97.0999984741211,17.114028930664062,-96.5,14.527560234069824,-131.0,54.37830352783203,-98.0999984741211,21.4263858795166,-97.30000305175781,17.74288558959961,-92.5999984741211,11.534296035766602
282,-111.4000015258789,44.373863220214844,-99.69999694824219,19.084287643432617,-107.5999984741211,27.932777404785156,-111.9000015258789,37.44181823730469,-104.9000015258789,34.45126724243164,-129.3000030517578,94.050048828125
283,-98.5,29.83705711364746,-105.0,22.2800350189209,-100.69999694824219,16.87038803100586,-93.9000015258789,11.759676933288574,-108.5,26.284025192260742,-139.1999969482422,122.41551971435547
284,-109.0,26.038433074951172,-102.69999694824219,20.503902435302734,-94.69999694824219,16.62558364868164,-104.69999694824219,35.50788497924805,-88.5,17.316177368164062,-110.5999984741211,27.364940643310547
285,-141.60000610351562,120.46011352539062,-103.80000305175781,12.812493324279785,-107.69999694824219,29.02085304260254,-103.80000305175781,14.90503215789795,-100.80000305175781,19.249935150146484,-97.30000305175781,13.798913955688477
286,-137.8000030517578,84.9515151977539,-104.0999984741211,21.01166343688965,-111.19999694824219,23.92404556274414,-100.4000015258789,17.590906143188477,-100.80000305175781,14.19013786315918,-98.5,12.769103050231934
287,-108.80000305175781,27.784168243408203,-102.9000015258789,15.616979598999023,-99.19999694824219,13.219681739807129,-136.6999969482422,89.71292877197266,-109.5,27.019437789916992,-103.4000015258789,11.341957092285156
288,-97.9000015258789,17.69434928894043,-115.9000015258789,33.79186248779297,-115.69999694824219,41.39336013793945,-98.5999984741211,12.232742309570312,-96.5999984741211,20.475351333618164,-110.0,35.0513916015625
289,-141.1999969482422,122.55513000488281,-151.1999969482422,124.89579010009766,-102.19999694824219,15.249917984008789,-92.80000305175781,18.438003540039062,-101.9000015258789,25.625965118408203,-128.8000030517578,76.52424621582031
290,-136.1999969482422,73.71675109863281,-123.80000305175781,62.196144104003906,-103.0,20.96664047241211,-125.19999694824219,59.88622283935547,-98.5,16.414932250976562,-93.5,15.705094337463379
291,-115.4000015258789,33.039974212646484,-93.9000015258789,24.130685806274414,-96.4000015258789,14.568458557128906,-105.4000015258789,14.705101013183594,-104.0999984741211,27.347576141357422,-94.80000305175781,20.507558822631836
292,-91.5999984741211,14.416656494140625,-94.5,12.587692260742188,-102.0999984741211,17.784543991088867,-105.5,21.124629974365234,-145.89999389648438,98.87310028076172,-94.4000015258789,34.0035285949707
293,-91.5,11.993748664855957,-101.0999984741211,16.549623489379883,-152.6999969482422,97.33966064453125,-95.69999694824219,20.139760971069336,-97.19999694824219,14.749916076660156,-97.5,19.66341781616211
294,-103.80000305175781,22.828929901123047,-100.80000305175781,14.069826126098633,-104.5,20.563316345214844,-96.5,16.274213790893555,-93.80000305175781,20.31649398803711,-143.3000030517578,120.6623764038086
295,-104.5999984741211,27.426992416381836,-105.0999984741211,28.01945686340332,-106.5,14.98165512084961,-94.4000015258789,12.963025093078613,-105.69999694824219,15.987809181213379,-106.5,18.06239128112793
296,-93.9000015258789,18.59811782836914,-96.69999694824219,22.320619583129883,-111.69999694824219,60.42359161376953,-88.69999694824219,12.42618179321289,-109.80000305175781,35.960533142089844,-105.5,28.949092864990234
297,-97.5999984741211,21.27533721923828,-108.19999694824219,25.681900024414062,-105.69999694824219,20.352149963378906,-113.19999694824219,32.32583999633789,-92.5999984741211,10.6226167678833,-114.80000305175781,49.249977111816406
298,-137.3000030517578,122.31766510009766,-107.4000015258789,23.917356491088867,-105.80000305175781,21.903423309326172,-91.0999984741211,13.034186363220215,-110.69999694824219,30.515735626220703,-108.5999984741211,13.68356704711914
299,-99.19999694824219,13.804347038269043,-94.0,17.680498123168945,-96.19999694824219,25.230138778686523,-88.19999694824219,13.511476516723633,-136.60000610351562,122.0673599243164,-113.9000015258789,24.05597686767578
300,-93.30000305175781,15.608011245727539,-112.5,29.31978988647461,-104.0999984741211,37.17647171020508,-102.9000015258789,15.42368221282959,-131.3000030517578,71.56402587890625,-108.4000015258789,26.393938064575195
301,-98.0999984741211,12.234786033630371,-104.0,30.57122802734375,-145.8000030517578,121.73150634765625,-125.5999984741211,64.94490051269531,-93.0,13.74045181274414,-108.69999694824219,45.96966552734375
302,-108.0999984741211,31.85420036315918,-102.5,16.936647415161133,-107.30000305175781,19.65731430053711,-104.19999694824219,15.438911437988281,-95.69999694824219,14.546821594238281,-98.5,15.634897232055664
303,-104.4000015258789,21.781644821166992,-119.5,59.24567413330078,-98.69999694824219,18.97920036315918,-88.19999694824219,13.666015625,-118.5,27.225906372070312,-96.5,15.24631118774414
304,-109.69999694824219,26.084671020507812,-107.30000305175781,40.49703598022461,-137.60000610351562,122.10094451904297,-99.9000015258789,15.404218673706055,-94.30000305175781,18.761930465698242,-136.10000610351562,122.27137756347656
305,-101.30000305175781,23.41388702392578,-101.30000305175781,16.39542579650879,-91.5999984741211,15.054567337036133,-99.4000015258789,24.65441131591797,-102.4000015258789,34.49695587158203,-105.80000305175781,41.41448974609375
306,-91.9000015258789,10.746627807617188,-115.4000015258789,28.02927017211914,-96.30000305175781,15.505160331726074,-92.30000305175781,20.21904945373535,-108.4000015258789,51.35017395019531,-97.0999984741211,13.442097663879395
307,-114.4000015258789,35.81117248535156,-87.0999984741211,7.6739821434021,-94.5,8.913473129272461,-101.19999694824219,31.22755241394043,-101.0999984741211,20.457027435302734,-112.80000305175781,40.14175033569336
308,-97.30000305175781,15.264664649963379,-123.80000305175781,67.51118469238281,-154.60000610351562,100.2538833618164,-110.9000015258789,28.929054260253906,-100.69999694824219,21.335649490356445,-115.0,32.808536529541016
309,-106.0999984741211,27.739683151245117,-99.9000015258789,18.212358474731445,-97.5,18.051315307617188,-94.0999984741211,12.02039909362793,-90.19999694824219,15.190787315368652,-94.4000015258789,14.015705108642578
310,-118.30000305175781,34.3250617980957,-95.19999694824219,16.0049991607666,-144.8000030517578,118.80219268798828,-95.0999984741211,14.313980102539062,-119.69999694824219,38.113121032714844,-103.69999694824219,34.16445541381836
311,-100.4000015258789,16.280048370361328,-116.4000015258789,27.328372955322266,-134.10000610351562,122.49689483642578,-107.5999984741211,32.830474853515625,-95.9000015258789,24.085058212280273,-99.80000305175781,24.412290573120117
312,-110.0999984741211,50.910606384277344,-100.4000015258789,17.516849517822266,-101.69999694824219,19.173158645629883,-96.80000305175781,12.383859634399414,-144.60000610351562,119.43550109863281,-103.69999694824219,23.732046127319336
313,-130.60000610351562,39.88282775878906,-96.0,14.778362274169922,-101.5,13.551752090454102,-99.69999694824219,25.780031204223633,-96.80000305175781,15.33492660522461,-98.5999984741211,11.394735336303711
314,-119.0999984741211,75.189697265625,-109.9000015258789,58.394264221191406,-117.0999984741211,24.97779083251953,-104.30000305175781,19.07904624938965,-108.4000015258789,27.713533401489258,-106.5999984741211,37.68341827392578
315,-104.9000015258789,32.8525505065918,-106.0999984741211,15.254179954528809,-82.9000015258789,12.21024227142334,-96.19999694824219,10.749882698059082,-105.30000305175781,13.6970796585083,-94.0999984741211,22.299999237060547
316,-121.0999984741211,47.117828369140625,-99.5,12.002082824707031,-94.80000305175781,17.168575286865234,-105.0,27.107194900512695,-97.5,22.531089782714844,-106.4000015258789,34.43602752685547
317,-113.19999694824219,37.584041595458984,-114.5999984741211,36.685691833496094,-99.4000015258789,13.654303550720215,-100.9000015258789,18.0966854095459,-113.4000015258789,36.06993103027344,-98.0,13.490737915039062
318,-102.69999694824219,18.6496639251709,-108.0999984741211,49.297969818115234,-96.80000305175781,18.285512924194336,-97.19999694824219,15.848028182983398,-98.19999694824219,13.644046783447266,-93.0,8.671792984008789
319,-113.80000305175781,50.22509002685547,-106.5999984741211,27.66658592224121,-103.19999694824219,13.533660888671875,-97.69999694824219,21.424516677856445,-131.0,72.04859161376953,-91.5,11.698290824890137
320,-94.4000015258789,16.076068878173828,-147.6999969482422,123.92823791503906,-104.19999694824219,23.30579376220703,-150.6999969482422,119.04373168945312,-98.9000015258789,9.502104759216309,-107.4000015258789,24.393442153930664
321,-95.69999694824219,17.24557876586914,-103.9000015258789,27.23398780822754,-96.80000305175781,18.104143142700195,-108.69999694824219,28.986377716064453,-98.5999984741211,13.76371955871582,-107.30000305175781,24.058469772338867
322,-116.4000015258789,34.848819732666016,-103.0,22.640670776367188,-101.9000015258789,24.17622947692871,-101.30000305175781,17.064876556396484,-91.5,11.612493515014648,-114.4000015258789,39.98550033569336
323,-99.69999694824219,18.330575942993164,-105.30000305175781,23.21658706665039,-113.30000305175781,17.955780029296875,-105.30000305175781,27.1737003326416,-103.5,22.544401168823242,-109.0999984741211,16.967321395874023
324,-141.1999969482422,120.8807601928711,-129.1999969482422,119.63259887695312,-114.30000305175781,44.17929458618164,-100.69999694824219,16.67363166809082,-99.19999694824219,15.438911437988281,-123.4000015258789,39.618682861328125
325,-106.30000305175781,26.803171157836914,-107.0999984741211,24.196901321411133,-135.3000030517578,48.596397399902344,-113.9000015258789,39.926055908203125,-96.30000305175781,14.771932601928711,-93.19999694824219,18.394563674926758
326,-142.6999969482422,121.5088882446289,-98.30000305175781,10.611785888671875,-97.19999694824219,29.73482894897461,-109.80000305175781,29.657377243041992,-97.5,15.995311737060547,-95.5999984741211,21.355093002319336
327,-91.69999694824219,15.133076667785645,-101.69999694824219,30.548486709594727,-102.69999694824219,37.11886215209961,-95.5999984741211,11.791522979736328,-96.5,20.01624298095703,-145.10000610351562,118.74716186523438
328,-103.0999984741211,24.05597686767578,-101.0,16.081045150756836,-158.39999389648438,117.92133331298828,-108.5,38.239376068115234,-111.80000305175781,22.88580322265625,-92.69999694824219,15.792719841003418
329,-91.9000015258789,14.747541427612305,-107.4000015258789,28.143205642700195,-90.30000305175781,13.160926818847656,-91.69999694824219,18.433935165405273,-96.0,17.83816146850586,-129.60000610351562,123.70626068115234
330,-100.30000305175781,19.56553077697754,-142.6999969482422,119.96670532226562,-104.0,19.529464721679688,-107.0999984741211,24.73641014099121,-111.0,26.974061965942383,-117.9000015258789,22.726417541503906
331,-111.19999694824219,30.082551956176758,-96.69999694824219,10.91833209991455,-100.30000305175781,25.432458877563477,-107.0999984741211,15.990309715270996,-94.30000305175781,22.467975616455078,-97.9000015258789,12.941792488098145
332,-107.19999694824219,24.63249969482422,-112.0999984741211,39.73776626586914,-99.69999694824219,17.140886306762695,-101.5,39.484806060791016,-100.0,23.579652786254883,-97.0,18.253767013549805
333,-97.80000305175781,25.77906036376953,-100.5,8.570297241210938,-122.69999694824219,45.10887145996094,-102.5,17.78904151916504,-93.5999984741211,17.425268173217773,-100.5,17.92344856262207
334,-118.0999984741211,31.529190063476562,-93.30000305175781,11.95867919921875,-109.5999984741211,24.787900924682617,-108.0,33.25657653808594,-136.89999389648438,121.92247009277344,-99.0,18.729656219482422
335,-106.69999694824219,28.10711669921875,-100.80000305175781,20.247468948364258,-98.9000015258789,23.317161560058594,-113.5,66.65470886230469,-103.5,31.610916137695312,-94.5,18.736328125
336,-98.80000305175781,15.438912391662598,-112.0,28.913663864135742,-89.19999694824219,14.119489669799805,-112.80000305175781,40.3504638671875,-118.9000015258789,30.454721450805664,-106.19999694824219,31.189102172851562
337,-124.9000015258789,52.17173767089844,-85.30000305175781,15.006999015808105,-99.0999984741211,14.597602844238281,-104.9000015258789,22.866788864135742,-92.9000015258789,9.093403816223145,-101.30000305175781,38.54361343383789
338,-91.0999984741211,17.829469680786133,-108.5999984741211,23.660938262939453,-113.19999694824219,35.60842514038086,-99.5,13.865424156188965,-133.10000610351562,122.52220153808594,-105.4000015258789,19.719026565551758
339,-98.80000305175781,10.21567440032959,-97.5999984741211,13.705472946166992,-93.5999984741211,15.774663925170898,-109.0,27.52090072631836,-91.0999984741211,13.780058860778809,-95.9000015258789,13.277424812316895
340,-107.5999984741211,25.815500259399414,-95.0999984741211,18.74806785583496,-121.30000305175781,43.0791130065918,-107.9000015258789,20.481454849243164,-93.4000015258789,17.551069259643555,-104.0,47.03190231323242
341,-99.0,17.57270622253418,-109.5,16.72273826599121,-105.5,17.839563369750977,-103.30000305175781,26.435016632080078,-98.0,16.53481101989746,-89.9000015258789,11.175418853759766
342,-99.0,18.88385581970215,-90.4000015258789,9.9418306350708,-95.9000015258789,12.825366020202637,-106.80000305175781,19.26032257080078,-104.0999984741211,12.957237243652344,-95.0,20.24351692199707
343,-91.9000015258789,16.627988815307617,-105.9000015258789,25.264402389526367,-89.19999694824219,12.048236846923828,-95.69999694824219,15.969033241271973,-98.5,19.45893096923828,-173.60000610351562,118.74274444580078
344,-96.69999694824219,18.133119583129883,-104.30000305175781,28.906919479370117,-101.0999984741211,25.145376205444336,-99.0,20.327322006225586,-102.0999984741211,13.567976951599121,-99.0,11.375411987304688
345,-97.4000015258789,10.827742576599121,-118.69999694824219,45.88910675048828,-99.19999694824219,26.65258026123047,-108.0999984741211,24.949748992919922,-99.9000015258789,14.152385711669922,-104.19999694824219,18.29098129272461
346,-108.30000305175781,41.448883056640625,-97.19999694824219,19.08821678161621,-93.0999984741211,8.395833015441895,-97.0999984741211,18.05242347717285,-98.0999984741211,10.377379417419434,-104.69999694824219,22.711450576782227
347,-102.4000015258789,15.666524887084961,-94.80000305175781,12.929037094116211,-114.30000305175781,38.010658264160156,-109.69999694824219,34.04423522949219,-90.4000015258789,8.522910118103027,-100.69999694824219,16.322071075439453
348,-122.0,78.61297607421875,-91.69999694824219,10.237675666809082,-95.0,15.420764923095703,-101.0,21.610183715820312,-90.4000015258789,9.748846054077148,-92.0999984741211,11.031319618225098
349,-98.80000305175781,16.97527503967285,-98.80000305175781,16.69610595703125,-100.5999984741211,16.841615676879883,-117.4000015258789,33.3172607421875,-85.0,14.477568626403809,-106.30000305175781,22.018400192260742
350,-88.30000305175781,17.216562271118164,-112.5999984741211,43.407833099365234,-150.3000030517578,128.2482452392578,-99.80000305175781,21.27815818786621,-110.4000015258789,31.953718185424805,-109.30000305175781,27.484722137451172
351,-123.9000015258789,40.88630676269531,-103.0999984741211,42.307090759277344,-140.39999389648438,121.37891387939453,-102.0,37.16719055175781,-101.0,24.519380569458008,-137.5,84.1275863647461
352,-92.80000305175781,16.13567352294922,-93.19999694824219,12.432215690612793,-110.19999694824219,11.93147087097168,-108.5999984741211,23.669391632080078,-104.0999984741211,23.244138717651367,-92.0999984741211,10.0940580368042
353,-93.4000015258789,23.074663162231445,-98.30000305175781,15.106620788574219,-113.9000015258789,46.9775505065918,-113.9000015258789,23.42413330078125,-129.39999389648438,49.262969970703125,-94.80000305175781,14.16897964477539
354,-89.19999694824219,14.048486709594727,-139.10000610351562,122.60623931884766,-94.5,16.656831741333008,-100.0,26.2640438079834,-118.30000305175781,33.40074920654297,-96.19999694824219,15.025311470031738
355,-86.69999694824219,10.45992374420166,-100.0999984741211,16.573774337768555,-112.5,32.595245361328125,-99.5,20.543855667114258,-105.80000305175781,17.307802200317383,-105.5,21.048751831054688
356,-94.5999984741211,21.671178817749023,-95.30000305175781,10.752209663391113,-106.69999694824219,39.2862548828125,-111.5999984741211,28.8034725189209,-90.9000015258789,10.290287017822266,-144.3000030517578,84.561279296875
357,-103.0999984741211,19.816408157348633,-91.69999694824219,13.6970796585083,-103.5,12.917043685913086,-97.69999694824219,11.44596004486084,-117.5,31.61724281311035,-95.0999984741211,25.157304763793945
358,-94.9000015258789,21.25770378112793,-110.69999694824219,22.777400970458984,-102.80000305175781,16.036209106445312,-117.5999984741211,43.07714080810547,-106.4000015258789,32.76034164428711,-94.5,11.403946876525879
359,-92.30000305175781,11.576268196105957,-100.19999694824219,12.056533813476562,-102.9000015258789,19.694923400878906,-106.4000015258789,24.34419822692871,-104.30000305175781,21.918258666992188,-94.30000305175781,21.890865325927734
360,-108.5,33.203163146972656,-102.5,22.31255340576172,-106.0,15.671630859375,-114.5,30.962074279785156,-92.5999984741211,19.65298843383789,-93.5,14.813844680786133
361,-100.69999694824219,22.445711135864258,-101.9000015258789,23.968521118164062,-95.5,13.49259090423584,-103.9000015258789,24.369857788085938,-95.69999694824219,14.085808753967285,-97.0999984741211,9.883825302124023
362,-98.30000305175781,25.554061889648438,-98.19999694824219,17.209299087524414,-91.30000305175781,10.59292221069336,-99.19999694824219,35.712181091308594,-88.5999984741211,12.387089729309082,-93.69999694824219,15.524497032165527
363,-90.5,19.648155212402344,-106.80000305175781,12.742056846618652,-115.4000015258789,54.380516052246094,-110.19999694824219,42.79205322265625,-100.0,23.857912063598633,-93.69999694824219,14.670037269592285
364,-106.30000305175781,42.82767868041992,-98.19999694824219,18.685823440551758,-84.0,15.04659366607666,-97.30000305175781,15.868522644042969,-98.5999984741211,16.2308349609375,-103.19999694824219,17.611360549926758
365,-113.30000305175781,52.24566650390625,-103.30000305175781,22.658554077148438,-101.69999694824219,18.841711044311523,-100.4000015258789,26.773866653442383,-85.9000015258789,6.963476181030273,-91.0,9.67470932006836
366,-111.19999694824219,53.79925537109375,-94.19999694824219,12.155655860900879,-94.69999694824219,9.176600456237793,-110.19999694824219,19.696701049804688,-89.9000015258789,15.410711288452148,-95.69999694824219,19.052820205688477
367,-94.30000305175781,17.87204360961914,-95.5999984741211,19.432960510253906,-123.80000305175781,40.555641174316406,-110.5999984741211,29.90049934387207,-129.10000610351562,92.39421081542969,-98.0999984741211,14.556441307067871
368,-93.0,19.539703369140625,-103.0999984741211,22.518659591674805,-142.6999969482422,114.26026916503906,-97.4000015258789,15.067846298217773,-89.80000305175781,14.379152297973633,-92.19999694824219,12.039934158325195
369,-92.4000015258789,12.03494930267334,-106.9000015258789,21.398365020751953,-98.0,13.935565948486328,-113.5999984741211,39.94295883178711,-97.80000305175781,15.644807815551758,-102.0,18.552627563476562
370,-97.5999984741211,24.658466339111328,-96.9000015258789,22.223634719848633,-96.5999984741211,18.3858642578125,-97.5,20.35804557800293,-103.30000305175781,19.93012809753418,-108.30000305175781,27.096309661865234
371,-97.4000015258789,16.894969940185547,-147.0,123.8442611694336,-127.0999984741211,94.52136993408203,-97.0,14.170392036437988,-90.5999984741211,12.289833068847656,-102.4000015258789,26.321853637695312
372,-103.9000015258789,16.2877254486084,-94.5,15.705094337463379,-104.19999694824219,39.34920883178711,-93.19999694824219,13.4149169921875,-100.5999984741211,28.43307876586914,-110.30000305175781,50.52336120605469
373,-105.69999694824219,35.290367126464844,-93.69999694824219,19.360010147094727,-93.5999984741211,13.237824440002441,-97.5,31.85357093811035,-86.0,10.02995491027832,-87.0,9.69536018371582
374,-103.19999694824219,22.745548248291016,-95.0999984741211,16.355121612548828,-110.69999694824219,38.745452880859375,-95.19999694824219,9.410632133483887,-106.0,21.44761085510254,-92.0999984741211,15.527073860168457
375,-99.80000305175781,19.878631591796875,-112.19999694824219,44.35718536376953,-94.19999694824219,24.81451416015625,-122.0,64.0218734741211,-101.0999984741211,18.2890682220459,-95.80000305175781,17.662389755249023
376,-89.0999984741211,8.067837715148926,-102.19999694824219,21.59073829650879,-104.80000305175781,37.93098831176758,-109.80000305175781,51.951515197753906,-97.80000305175781,34.98228073120117,-97.5,17.06604766845703
377,-100.80000305175781,27.64706039428711,-110.9000015258789,17.178184509277344,-100.80000305175781,20.517309188842773,-93.30000305175781,26.16505241394043,-91.5999984741211,15.252540588378906,-97.0,8.910667419433594
378,-100.9000015258789,35.44982147216797,-103.30000305175781,31.925067901611328,-102.0999984741211,18.796010971069336,-99.19999694824219,53.56454086303711,-117.9000015258789,53.40121841430664,-94.0999984741211,9.170060157775879
379,-96.69999694824219,21.80389976501465,-87.5999984741211,10.678951263427734,-108.69999694824219,45.347660064697266,-119.69999694824219,48.709442138671875,-100.69999694824219,16.112417221069336,-113.5999984741211,48.45450973510742
380,-103.9000015258789,18.907405853271484,-113.0999984741211,29.50067901611328,-150.1999969482422,120.38587951660156,-100.5999984741211,18.034412384033203,-94.0,16.358484268188477,-107.19999694824219,26.072208404541016
381,-97.4000015258789,16.65052604675293,-117.19999694824219,42.2298469543457,-136.39999389648438,122.09111022949219,-92.4000015258789,18.35320281982422,-97.69999694824219,14.177799224853516,-113.69999694824219,62.34909439086914
382,-99.5999984741211,20.958053588867188,-119.69999694824219,45.33442306518555,-104.30000305175781,36.71525573730469,-90.30000305175781,13.964598655700684,-98.4000015258789,15.698407173156738,-110.4000015258789,49.48373794555664
383,-96.69999694824219,10.450358390808105,-95.4000015258789,16.487571716308594,-93.80000305175781,16.581918716430664,-122.69999694824219,85.67969512939453,-99.30000305175781,20.69806671142578,-97.0,19.682479858398438
384,-106.69999694824219,24.47876739501953,-101.0999984741211,19.740568161010742,-107.9000015258789,20.651634216308594,-102.30000305175781,16.248384475708008,-95.0999984741211,17.114028930664062,-97.4000015258789,11.749042510986328
385,-104.0,21.73016357421875,-87.4000015258789,13.5808687210083,-90.0999984741211,16.034027099609375,-90.0999984741211,14.3558349609375,-108.69999694824219,32.96073532104492,-104.30000305175781,22.68501853942871
386,-97.9000015258789,19.705074310302734,-96.0,12.696455955505371,-96.69999694824219,11.550324440002441,-107.0,28.896366119384766,-103.5999984741211,19.043107986450195,-99.30000305175781,21.100000381469727
387,-99.5999984741211,8.30903148651123,-105.9000015258789,23.25274085998535,-92.19999694824219,15.031965255737305,-95.5,21.237937927246094,-97.5,12.893796920776367,-102.80000305175781,16.123275756835938
388,-93.0,9.0,-93.5999984741211,17.967750549316406,-108.80000305175781,26.60751724243164,-90.30000305175781,13.79891300201416,-98.0999984741211,29.0360107421875,-100.4000015258789,23.139575958251953
389,-91.9000015258789,8.780091285705566,-113.5999984741211,40.3192253112793,-140.10000610351562,121.94625854492188,-102.69999694824219,27.51744842529297,-90.0999984741211,14.222868919372559,-111.80000305175781,41.14802551269531
390,-93.5,14.207392692565918,-144.10000610351562,119.48594665527344,-98.5,14.887914657592773,-97.0,12.0,-95.5999984741211,14.058448791503906,-102.5,23.066207885742188
391,-94.30000305175781,20.307880401611328,-92.69999694824219,21.845136642456055,-101.0999984741211,21.920080184936523,-95.30000305175781,21.34502410888672,-106.19999694824219,38.33223342895508,-104.5,37.531986236572266
392,-107.5999984741211,17.130088806152344,-97.0999984741211,17.472549438476562,-96.30000305175781,13.168522834777832,-105.9000015258789,19.206510543823242,-109.0,34.75629425048828,-94.9000015258789,30.266979217529297
393,-106.30000305175781,34.40653991699219,-134.3000030517578,122.45901489257812,-103.5,16.806249618530273,-100.9000015258789,28.140541076660156,-90.9000015258789,15.142324447631836,-146.6999969482422,65.2610855102539
394,-110.30000305175781,43.65329360961914,-100.0,34.93708419799805,-99.5,32.472293853759766,-101.0,27.766887664794922,-101.30000305175781,27.9930362701416,-106.69999694824219,12.954150199890137
395,-109.30000305175781,43.74711227416992,-98.0999984741211,10.89449405670166,-89.69999694824219,11.916794776916504,-113.19999694824219,21.944475173950195,-100.4000015258789,32.32707977294922,-94.69999694824219,17.088300704956055
396,-96.30000305175781,17.68643569946289,-94.80000305175781,13.0904541015625,-92.4000015258789,18.58063507080078,-126.9000015258789,58.069698333740234,-98.5,25.4489688873291,-97.4000015258789,18.826576232910156
397,-97.5,19.916072845458984,-90.5,17.562744140625,-101.5999984741211,53.340789794921875,-92.9000015258789,16.281585693359375,-96.30000305175781,15.956502914428711,-94.4000015258789,18.548315048217773
398,-103.9000015258789,34.474483489990234,-116.19999694824219,42.106529235839844,-96.30000305175781,14.798985481262207,-90.4000015258789,14.402776718139648,-95.69999694824219,7.603288650512695,-108.0999984741211,17.778921127319336
399,-98.9000015258789,11.802119255065918,-96.69999694824219,18.116565704345703,-140.39999389648438,120.29978942871094,-106.4000015258789,29.189722061157227,-97.69999694824219,20.204206466674805,-93.80000305175781,14.702380180358887
400,-94.5999984741211,7.57891845703125,-83.5,9.48946762084961,-102.0999984741211,21.69078254699707,-121.9000015258789,61.11211013793945,-117.4000015258789,57.343177795410156,-93.0999984741211,20.90669822692871
401,-91.0,12.489995956420898,-104.0999984741211,23.080078125,-119.5999984741211,49.291378021240234,-91.5,10.210289001464844,-97.0999984741211,13.91006851196289,-92.19999694824219,7.652451038360596
402,-98.0,17.041126251220703,-141.3000030517578,70.33071899414062,-145.8000030517578,125.4916763305664,-107.0999984741211,24.44770050048828,-107.80000305175781,14.709181785583496,-97.4000015258789,21.214147567749023
403,-104.5999984741211,31.575939178466797,-100.0999984741211,22.554157257080078,-92.5999984741211,19.283153533935547,-99.19999694824219,18.301912307739258,-104.19999694824219,20.69685935974121,-103.19999694824219,16.41828155517578
404,-107.9000015258789,30.758575439453125,-101.9000015258789,21.196460723876953,-110.5999984741211,62.318851470947266,-89.69999694824219,11.180787086486816,-100.5999984741211,10.556513786315918,-93.80000305175781,14.925146102905273
405,-99.0,15.119524002075195,-119.19999694824219,33.111328125,-106.0,39.1126594543457,-148.0,122.31271362304688,-150.1999969482422,120.51871490478516,-95.5,25.632986068725586
406,-106.0,28.65309715270996,-100.0999984741211,15.719097137451172,-99.19999694824219,17.622713088989258,-93.5999984741211,11.984990119934082,-105.0999984741211,21.584484100341797,-105.0,16.637306213378906
407,-93.80000305175781,16.76186180114746,-96.4000015258789,21.256526947021484,-156.39999389648438,136.16253662109375,-103.69999694824219,23.443761825561523,-140.5,120.54065704345703,-96.30000305175781,18.0612850189209
408,-232.6999969482422,180.06277465820312,-91.30000305175781,10.247438430786133,-98.5999984741211,15.844242095947266,-140.39999389648438,120.41695404052734,-140.3000030517578,121.72760772705078,-102.9000015258789,32.85863494873047
409,-101.9000015258789,25.394683837890625,-98.19999694824219,17.53168487548828,-142.89999389648438,120.44288635253906,-109.5999984741211,13.89388370513916,-95.0999984741211,10.866922378540039,-118.5,40.48271179199219
410,-138.3000030517578,123.90081024169922,-98.0,16.223440170288086,-106.5,24.005207061767578,-92.80000305175781,10.600000381469727,-166.0,151.0489959716797,-98.30000305175781,20.81850242614746
411,-125.19999694824219,125.43667602539062,-92.69999694824219,15.349593162536621,-103.0999984741211,18.769390106201172,-98.5,19.24188232421875,-101.19999694824219,14.817557334899902,-91.9000015258789,9.944345474243164
412,-103.19999694824219,15.841717720031738,-97.69999694824219,13.160926818847656,-129.3000030517578,75.73908996582031,-93.0999984741211,15.763565063476562,-124.69999694824219,49.08981704711914,-95.9000015258789,16.034027099609375
413,-112.30000305175781,44.08412551879883,-105.5,31.866127014160156,-104.80000305175781,39.20408248901367,-123.0,55.494144439697266,-108.19999694824219,18.416297912597656,-96.0999984741211,24.537521362304688
414,-97.4000015258789,13.395522117614746,-110.80000305175781,43.65959167480469,-96.4000015258789,18.83188819885254,-100.30000305175781,18.24856185913086,-130.60000610351562,123.36222839355469,-138.10000610351562,122.18956756591797
415,-92.5999984741211,14.499655723571777,-90.0,11.009086608886719,-111.30000305175781,36.30165100097656,-89.4000015258789,10.809255599975586,-87.5999984741211,8.731552124023438,-102.9000015258789,19.279264450073242
416,-111.5999984741211,29.32643699645996,-109.4000015258789,37.765594482421875,-88.9000015258789,14.67276382446289,-90.4000015258789,11.69786262512207,-111.80000305175781,29.972654342651367,-102.5999984741211,32.45365905761719
417,-95.69999694824219,15.323511123657227,-93.5,9.372833251953125,-94.9000015258789,17.23049545288086,-94.9000015258789,24.12239646911621,-102.4000015258789,15.869467735290527,-116.30000305175781,29.936767578125
418,-99.5,18.93805694580078,-143.3000030517578,78.55577850341797,-104.19999694824219,19.466896057128906,-89.5,11.137773513793945,-101.69999694824219,18.958112716674805,-93.0,15.244670867919922
419,-99.19999694824219,31.70110321044922,-99.5999984741211,31.768537521362305,-95.4000015258789,17.73245620727539,-93.30000305175781,18.188182830810547,-93.0999984741211,9.699999809265137,-85.0,11.1175537109375
420,-93.5,17.2119140625,-140.6999969482422,120.40933990478516,-92.0999984741211,19.341407775878906,-96.0999984741211,19.582901000976562,-102.5,19.92109489440918,-99.0999984741211,22.726415634155273
421,-91.4000015258789,16.267759323120117,-91.0999984741211,12.078493118286133,-89.0999984741211,15.33264446258545,-92.69999694824219,16.413713455200195,-100.4000015258789,21.034257888793945,-108.5999984741211,20.09079360961914
422,-100.5999984741211,10.613199234008789,-96.0,16.546903610229492,-95.19999694824219,18.502973556518555,-105.5999984741211,43.61697006225586,-108.69999694824219,37.39799499511719,-107.9000015258789,56.31066131591797
423,-115.4000015258789,52.667259216308594,-95.9000015258789,12.525572776794434,-107.30000305175781,39.47163391113281,-109.9000015258789,44.90979766845703,-103.0999984741211,34.59320831298828,-96.0,19.426786422729492
424,-107.5,26.79645538330078,-101.19999694824219,20.296798706054688,-151.5,119.50083923339844,-100.19999694824219,14.406942367553711,-92.80000305175781,12.734206199645996,-107.5,40.49753189086914
425,-94.4000015258789,23.913175582885742,-93.19999694824219,10.409611701965332,-136.6999969482422,124.91520690917969,-97.80000305175781,17.848249435424805,-92.5999984741211,9.308060646057129,-106.0,28.715848922729492
426,-93.0999984741211,13.163966178894043,-117.4000015258789,69.14506530761719,-84.4000015258789,11.473447799682617,-89.0,8.074651718139648,-109.5,18.1176700592041,-94.5999984741211,15.298365592956543
427,-105.0999984741211,28.246946334838867,-124.0,73.06024932861328,-99.19999694824219,24.69736671447754,-92.69999694824219,10.574024200439453,-92.9000015258789,11.579723358154297,-96.5999984741211,23.37177848815918
428,-95.19999694824219,24.16112518310547,-92.0999984741211,8.814192771911621,-95.5,16.274213790893555,-88.19999694824219,16.448707580566406,-139.3000030517578,120.9463119506836,-100.0999984741211,17.71693992614746
429,-103.69999694824219,38.16556167602539,-91.0,18.313928604125977,-97.69999694824219,16.16817855834961,-96.5999984741211,28.91089630126953,-89.4000015258789,21.095970153808594,-128.89999389648438,123.98826599121094
430,-92.0,13.030733108520508,-103.5999984741211,14.044215202331543,-95.4000015258789,13.169662475585938,-87.5999984741211,8.788628578186035,-93.30000305175781,16.413713455200195,-88.69999694824219,11.26987075805664
431,-114.0999984741211,22.962793350219727,-92.19999694824219,16.351146697998047,-89.4000015258789,11.306635856628418,-91.80000305175781,18.285512924194336,-104.19999694824219,29.454370498657227,-97.5,13.268383979797363
432,-96.5,19.273038864135742,-89.0,11.575837135314941,-98.69999694824219,12.474374771118164,-143.1999969482422,119.63928985595703,-111.9000015258789,31.62735939025879,-95.19999694824219,11.956587791442871
433,-92.9000015258789,18.49567413330078,-93.5,13.207952499389648,-87.5999984741211,15.919798851013184,-97.4000015258789,18.100828170776367,-100.30000305175781,16.988523483276367,-131.5,123.12859344482422
434,-94.4000015258789,12.167168617248535,-92.5999984741211,15.454449653625488,-97.0999984741211,21.054452896118164,-90.19999694824219,16.351146697998047,-92.5999984741211,17.425268173217773,-96.19999694824219,17.1860408782959
435,-113.0999984741211,37.31072235107422,-90.0999984741211,11.579724311828613,-87.19999694824219,10.457533836364746,-94.69999694824219,15.640013694763184,-162.6999969482422,135.38836669921875,-101.0,23.836946487426758
436,-96.5,19.880895614624023,-92.0999984741211,20.69999885559082,-92.4000015258789,13.83618450164795,-94.9000015258789,12.86429214477539,-101.69999694824219,28.778636932373047,-95.0,11.69615364074707
437,-95.80000305175781,13.067516326904297,-109.4000015258789,18.741397857666016,-122.0999984741211,75.54130554199219,-94.5999984741211,11.525623321533203,-111.0,29.73550033569336,-97.19999694824219,15.772126197814941
438,-94.0,10.392304420471191,-101.5999984741211,38.218318939208984,-88.5999984741211,12.40322494506836,-87.0,8.234075546264648,-92.4000015258789,10.734990119934082,-93.30000305175781,9.13290786743164
439,-94.0,11.933146476745605,-100.4000015258789,16.894969940185547,-99.69999694824219,24.72266387939453,-120.0999984741211,35.48647689819336,-100.0,16.946975708007812,-86.80000305175781,11.956588745117188
440,-92.9000015258789,21.491626739501953,-87.30000305175781,15.799051284790039,-94.4000015258789,18.78403663635254,-101.0,15.798734664916992,-97.9000015258789,12.786320686340332,-99.69999694824219,26.758363723754883
441,-97.80000305175781,23.387176513671875,-110.5,40.76579284667969,-94.9000015258789,15.214795112609863,-96.30000305175781,26.705991744995117,-96.19999694824219,19.229143142700195,-95.19999694824219,15.018655776977539
442,-96.19999694824219,9.846827507019043,-125.0999984741211,92.42667388916016,-105.19999694824219,47.57688522338867,-92.4000015258789,15.982489585876465,-93.19999694824219,14.770240783691406,-98.80000305175781,23.408544540405273
443,-83.9000015258789,12.06192398071289,-92.0999984741211,16.711971282958984,-100.0999984741211,11.058480262756348,-88.4000015258789,16.983522415161133,-95.5999984741211,13.573503494262695,-97.69999694824219,19.23564338684082
444,-108.5,21.85978126525879,-89.19999694824219,11.452510833740234,-106.4000015258789,21.97817039489746,-93.19999694824219,16.70808219909668,-96.30000305175781,14.966962814331055,-96.4000015258789,17.533967971801758
445,-106.69999694824219,23.862314224243164,-107.69999694824219,41.59579086303711,-92.5,14.044571876525879,-105.69999694824219,29.26106834411621,-93.0,11.949895858764648,-89.9000015258789,22.540851593017578
446,-92.0,8.854377746582031,-96.69999694824219,14.394790649414062,-96.30000305175781,19.995248794555664,-101.4000015258789,27.73517608642578,-100.5999984741211,11.490866661071777,-100.30000305175781,18.63893699645996
447,-99.9000015258789,41.0717658996582,-98.9000015258789,56.890159606933594,-91.4000015258789,11.333138465881348,-170.6999969482422,165.07516479492188,-94.0999984741211,13.51628589630127,-88.5,7.172865390777588
448,-109.30000305175781,31.730268478393555,-89.5,12.076837539672852,-99.0,16.44992446899414,-100.69999694824219,13.513326644897461,-101.69999694824219,22.244325637817383,-96.80000305175781,19.978988647460938
449,-131.60000610351562,55.65644836425781,-85.19999694824219,13.082813262939453,-91.80000305175781,11.948221206665039,-91.5,18.489185333251953,-106.69999694824219,20.189353942871094,-108.9000015258789,18.27265739440918
450,-97.30000305175781,14.085808753967285,-93.80000305175781,18.13725471496582,-97.0999984741211,19.92209815979004,-94.0,23.773935317993164,-90.19999694824219,14.63420581817627,-97.5999984741211,12.893409729003906
451,-96.19999694824219,16.485143661499023,-97.0999984741211,14.679576873779297,-91.0999984741211,18.074567794799805,-97.30000305175781,14.25517463684082,-108.69999694824219,20.9334659576416,-89.5,20.224985122680664
452,-105.30000305175781,30.7540225982666,-108.4000015258789,27.236740112304688,-98.9000015258789,19.730432510375977,-98.19999694824219,16.998825073242188,-105.69999694824219,22.100000381469727,-86.80000305175781,13.60735034942627
453,-100.30000305175781,24.16629981994629,-115.19999694824219,61.313621520996094,-93.4000015258789,20.5046329498291,-102.0,26.095975875854492,-95.19999694824219,17.41149139404297,-92.69999694824219,15.710187911987305
454,-122.19999694824219,73.34684753417969,-130.1999969482422,93.71637725830078,-87.9000015258789,13.721880912780762,-89.5999984741211,8.788629531860352,-118.0,52.43663024902344,-96.0,31.934307098388672
455,-92.4000015258789,16.924537658691406,-142.8000030517578,120.07231903076172,-110.9000015258789,36.65092086791992,-102.0,33.87919616699219,-103.0999984741211,33.18870162963867,-101.80000305175781,28.57901382446289
456,-95.0,14.690133094787598,-103.5999984741211,18.629009246826172,-88.0,8.74070930480957,-101.4000015258789,21.415882110595703,-93.0,18.713632583618164,-106.0,41.06093215942383
457,-93.9000015258789,16.682025909423828,-101.0,24.851558685302734,-100.0999984741211,25.208927154541016,-88.9000015258789,13.780057907104492,-152.39999389648438,129.27581787109375,-101.80000305175781,16.933988571166992
458,-91.69999694824219,17.309246063232422,-96.69999694824219,20.114919662475586,-107.19999694824219,17.168575286865234,-95.19999694824219,18.765926361083984,-91.80000305175781,15.44538688659668,-93.80000305175781,13.876599311828613
459,-107.69999694824219,24.05431365966797,-130.3000030517578,124.54000091552734,-99.5,19.41262435913086,-119.19999694824219,57.877113342285156,-95.30000305175781,21.642780303955078,-93.19999694824219,13.143819808959961
460,-100.0999984741211,19.912057876586914,-121.69999694824219,26.404735565185547,-93.9000015258789,11.835962295532227,-119.4000015258789,67.08680725097656,-105.19999694824219,38.80927658081055,-95.0,34.35112762451172
461,-94.5,12.29837417602539,-92.80000305175781,18.405433654785156,-143.1999969482422,123.78917694091797,-93.4000015258789,18.693313598632812,-99.30000305175781,42.897666931152344,-91.9000015258789,15.115885734558105
462,-110.30000305175781,68.56829071044922,-104.0,21.428953170776367,-114.5,73.90162658691406,-87.19999694824219,9.474175453186035,-91.5999984741211,11.63786792755127,-99.9000015258789,29.61907958984375
463,-110.80000305175781,19.63058853149414,-101.30000305175781,25.36158561706543,-97.5999984741211,18.666547775268555,-85.9000015258789,12.731456756591797,-87.5999984741211,12.916655540466309,-99.80000305175781,24.342554092407227
464,-98.4000015258789,22.473094940185547,-87.0999984741211,15.680880546569824,-98.30000305175781,25.42459487915039,-86.4000015258789,12.092973709106445,-128.60000610351562,124.84325408935547,-87.0999984741211,19.149150848388672
465,-102.0,22.59203338623047,-97.5999984741211,15.882063865661621,-91.5,15.85717487335205,-94.0999984741211,12.98807144165039,-135.89999389648438,123.48477172851562,-91.69999694824219,12.798828125
466,-90.5999984741211,20.244504928588867,-103.5,20.051183700561523,-101.9000015258789,37.07951354980469,-94.9000015258789,7.258787631988525,-109.9000015258789,20.54969596862793,-99.5,22.49110984802246
467,-100.4000015258789,46.15235900878906,-95.4000015258789,17.059894561767578,-86.19999694824219,11.88949203491211,-93.9000015258789,20.743432998657227,-91.30000305175781,16.06269073486328,-99.30000305175781,14.290206909179688
468,-92.69999694824219,15.297384262084961,-114.5,27.3724308013916,-97.5,16.704790115356445,-98.5,13.514806747436523,-84.5999984741211,9.779570579528809,-89.9000015258789,8.080222129821777
469,-113.4000015258789,39.43653106689453,-94.5999984741211,17.63065528869629,-100.0,32.04684066772461,-85.9000015258789,9.964436531066895,-90.69999694824219,13.342039108276367,-136.60000610351562,122.4803695678711
470,-87.30000305175781,14.642745971679688,-123.69999694824219,52.905670166015625,-129.10000610351562,124.31930541992188,-100.30000305175781,24.779226303100586,-83.19999694824219,13.26499080657959,-91.5,19.24707794189453
471,-108.5,38.44801712036133,-100.9000015258789,41.38949203491211,-103.80000305175781,23.39145278930664,-110.5,45.80229187011719,-86.9000015258789,16.071401596069336,-95.0,13.50555419921875
472,-101.0999984741211,13.888484001159668,-90.80000305175781,11.981653213500977,-89.19999694824219,10.98908519744873,-134.8000030517578,122.41798400878906,-91.4000015258789,22.1413631439209,-94.0999984741211,12.573384284973145
473,-97.9000015258789,14.201761245727539,-115.5,75.83831787109375,-90.69999694824219,15.918856620788574,-123.0999984741211,69.20613861083984,-106.5,20.031225204467773,-136.0,122.24238586425781
474,-95.5,12.33896255493164,-129.3000030517578,124.19908142089844,-100.5,20.737646102905273,-102.69999694824219,12.22333812713623,-95.69999694824219,20.938241958618164,-102.9000015258789,33.72372817993164
475,-115.80000305175781,77.643798828125,-103.0999984741211,36.73268127441406,-102.69999694824219,27.79945945739746,-102.5,17.62526512145996,-98.5999984741211,12.66649055480957,-99.5999984741211,15.350569725036621
476,-104.0999984741211,20.901912689208984,-84.5999984741211,12.2490816116333,-100.69999694824219,18.0778865814209,-108.5999984741211,41.04680252075195,-107.30000305175781,21.982038497924805,-96.0999984741211,26.37972640991211
477,-91.0999984741211,14.754322052001953,-90.5,14.759742736816406,-112.9000015258789,33.27897262573242,-101.0,13.213629722595215,-106.0999984741211,31.88243865966797,-99.30000305175781,18.671100616455078
478,-122.69999694824219,59.7863655090332,-139.39999389648438,122.57911682128906,-108.5,28.782808303833008,-92.80000305175781,14.965292930603027,-98.19999694824219,18.09309196472168,-98.4000015258789,22.1503963470459
479,-103.19999694824219,18.021099090576172,-86.80000305175781,16.55173683166504,-106.9000015258789,20.354114532470703,-101.5999984741211,16.40243911743164,-87.69999694824219,15.330035209655762,-102.4000015258789,13.521834373474121
480,-94.69999694824219,15.349593162536621,-94.4000015258789,15.944905281066895,-95.80000305175781,16.283733367919922,-114.69999694824219,54.09075927734375,-91.0,10.72380542755127,-88.0,11.891173362731934
481,-97.30000305175781,24.277769088745117,-89.0999984741211,8.443341255187988,-96.0999984741211,16.525434494018555,-105.30000305175781,40.79227828979492,-106.9000015258789,36.55256652832031,-102.30000305175781,32.37607192993164
482,-90.19999694824219,10.693923950195312,-92.0999984741211,14.187670707702637,-113.30000305175781,30.073410034179688,-93.5999984741211,12.483589172363281,-90.69999694824219,15.710187911987305,-106.9000015258789,76.78079986572266
483,-95.30000305175781,15.447006225585938,-103.30000305175781,32.422367095947266,-84.69999694824219,15.786386489868164,-104.4000015258789,14.540977478027344,-132.5,123.36795043945312,-102.0999984741211,30.147802352905273
484,-99.30000305175781,20.73185920715332,-96.9000015258789,24.590444564819336,-98.0999984741211,24.724279403686523,-94.30000305175781,12.570202827453613,-107.69999694824219,30.59754753112793,-86.9000015258789,13.765536308288574
485,-92.0,16.905620574951172,-96.0999984741211,18.88623809814453,-108.5,23.256181716918945,-83.0999984741211,12.324365615844727,-93.0,32.54842758178711,-91.5999984741211,13.624977111816406
486,-99.5,23.32059097290039,-91.19999694824219,10.740577697753906,-96.4000015258789,19.147846221923828,-96.9000015258789,13.133544921875,-95.5,11.137773513793945,-104.30000305175781,16.60150718688965
487,-95.0999984741211,12.16922378540039,-158.0,145.5286865234375,-102.69999694824219,22.00931739807129,-102.0,20.562101364135742,-91.30000305175781,9.654532432556152,-102.30000305175781,25.604883193969727
488,-94.9000015258789,25.909263610839844,-94.80000305175781,26.727514266967773,-99.80000305175781,18.29644775390625,-90.69999694824219,13.667845726013184,-123.5999984741211,95.9157943725586,-99.0,16.229602813720703
489,-98.69999694824219,14.360013961791992,-94.0,11.331372261047363,-92.69999694824219,14.886570930480957,-96.5999984741211,29.333255767822266,-101.19999694824219,18.616121292114258,-91.5,10.594810485839844
490,-101.0999984741211,17.65474510192871,-98.69999694824219,20.635164260864258,-91.0999984741211,13.186736106872559,-92.80000305175781,16.74992561340332,-97.4000015258789,13.617635726928711,-106.0,30.786359786987305
491,-99.9000015258789,15.661736488342285,-102.0,21.12344741821289,-89.9000015258789,17.69434928894043,-99.19999694824219,23.43842887878418,-102.30000305175781,47.60682678222656,-103.5999984741211,21.9326229095459
492,-84.30000305175781,8.462268829345703,-85.80000305175781,11.68588924407959,-97.0,20.654296875,-89.9000015258789,12.684242248535156,-94.9000015258789,21.575218200683594,-89.19999694824219,19.02524757385254
493,-108.80000305175781,24.30143928527832,-144.6999969482422,121.51300048828125,-139.8000030517578,120.89897155761719,-103.0999984741211,19.149150848388672,-93.5999984741211,7.82559871673584,-89.19999694824219,13.120975494384766
494,-88.0,15.530614852905273,-96.0999984741211,13.382452011108398,-109.0,19.256168365478516,-92.69999694824219,16.917743682861328,-97.19999694824219,15.438912391662598,-90.69999694824219,6.293647289276123
495,-94.4000015258789,14.941218376159668,-104.69999694824219,34.63827133178711,-83.4000015258789,11.029052734375,-100.0,21.494184494018555,-104.9000015258789,29.330699920654297,-100.4000015258789,12.101239204406738
496,-97.0999984741211,16.189193725585938,-96.19999694824219,12.081390380859375,-97.5,19.98624610900879,-98.5999984741211,9.911609649658203,-99.5,18.980253219604492,-101.80000305175781,33.83430099487305
497,-87.80000305175781,14.140721321105957,-103.5,15.628499984741211,-88.5,15.7241849899292,-104.19999694824219,49.46473693847656,-111.80000305175781,28.6209716796875,-104.69999694824219,26.427448272705078
498,-106.80000305175781,35.599998474121094,-97.69999694824219,23.156208038330078,-129.89999389648438,124.60614013671875,-93.30000305175781,9.950376510620117,-95.5,20.607036590576172,-133.60000610351562,122.47136688232422
499,-102.0,26.13809585571289,-106.9000015258789,49.447853088378906,-81.9000015258789,9.385626792907715,-113.19999694824219,47.84934616088867,-86.0999984741211,11.96202278137207,-93.5,16.421022415161133
500,-89.80000305175781,11.070682525634766,-97.0,20.307634353637695,-101.0999984741211,22.097286224365234,-84.80000305175781,18.438005447387695,-100.30000305175781,23.289697647094727,-97.0999984741211,15.89622688293457
