Condition,Seed,CurveType,X,Value
TD,0,train,1,-500.0
TD,0,train,2,-500.0
TD,0,train,3,-500.0
TD,0,train,4,-500.0
TD,0,train,5,-500.0
TD,0,train,6,-500.0
TD,0,train,7,-500.0
TD,0,train,8,-500.0
TD,0,train,9,-500.0
TD,0,train,10,-291.0
TD,0,train,11,-306.0
TD,0,train,12,-147.0
TD,0,train,13,-414.0
TD,0,train,14,-201.0
TD,0,train,15,-242.0
TD,0,train,16,-206.0
TD,0,train,17,-147.0
TD,0,train,18,-238.0
TD,0,train,19,-500.0
TD,0,train,20,-188.0
TD,0,train,21,-192.0
TD,0,train,22,-142.0
TD,0,train,23,-272.0
TD,0,train,24,-182.0
TD,0,train,25,-159.0
TD,0,train,26,-335.0
TD,0,train,27,-138.0
TD,0,train,28,-212.0
TD,0,train,29,-500.0
TD,0,train,30,-161.0
TD,0,train,31,-189.0
TD,0,train,32,-141.0
TD,0,train,33,-201.0
TD,0,train,34,-157.0
TD,0,train,35,-191.0
TD,0,train,36,-178.0
TD,0,train,37,-130.0
TD,0,train,38,-207.0
TD,0,train,39,-173.0
TD,0,train,40,-274.0
TD,0,train,41,-136.0
TD,0,train,42,-277.0
TD,0,train,43,-269.0
TD,0,train,44,-229.0
TD,0,train,45,-156.0
TD,0,train,46,-180.0
TD,0,train,47,-204.0
TD,0,train,48,-197.0
TD,0,train,49,-203.0
TD,0,train,50,-330.0
TD,0,train,51,-199.0
TD,0,train,52,-140.0
TD,0,train,53,-206.0
TD,0,train,54,-166.0
TD,0,train,55,-197.0
TD,0,train,56,-186.0
TD,0,train,57,-140.0
TD,0,train,58,-165.0
TD,0,train,59,-244.0
TD,0,train,60,-142.0
TD,0,train,61,-246.0
TD,0,train,62,-215.0
TD,0,train,63,-165.0
TD,0,train,64,-248.0
TD,0,train,65,-214.0
TD,0,train,66,-158.0
TD,0,train,67,-277.0
TD,0,train,68,-145.0
TD,0,train,69,-186.0
TD,0,train,70,-170.0
TD,0,train,71,-147.0
TD,0,train,72,-194.0
TD,0,train,73,-204.0
TD,0,train,74,-173.0
TD,0,train,75,-157.0
TD,0,train,76,-169.0
TD,0,train,77,-194.0
TD,0,train,78,-201.0
TD,0,train,79,-149.0
TD,0,train,80,-149.0
TD,0,train,81,-179.0
TD,0,train,82,-206.0
TD,0,train,83,-143.0
TD,0,train,84,-113.0
TD,0,train,85,-157.0
TD,0,train,86,-500.0
TD,0,train,87,-92.0
TD,0,train,88,-93.0
TD,0,train,89,-132.0
TD,0,train,90,-134.0
TD,0,train,91,-194.0
TD,0,train,92,-131.0
TD,0,train,93,-193.0
TD,0,train,94,-136.0
TD,0,train,95,-139.0
TD,0,train,96,-175.0
TD,0,train,97,-176.0
TD,0,train,98,-173.0
TD,0,train,99,-333.0
TD,0,train,100,-146.0
TD,0,train,101,-108.0
TD,0,train,102,-109.0
TD,0,train,103,-126.0
TD,0,train,104,-103.0
TD,0,train,105,-134.0
TD,0,train,106,-117.0
TD,0,train,107,-164.0
TD,0,train,108,-106.0
TD,0,train,109,-164.0
TD,0,train,110,-107.0
TD,0,train,111,-118.0
TD,0,train,112,-142.0
TD,0,train,113,-114.0
TD,0,train,114,-192.0
TD,0,train,115,-122.0
TD,0,train,116,-111.0
TD,0,train,117,-160.0
TD,0,train,118,-93.0
TD,0,train,119,-169.0
TD,0,train,120,-140.0
TD,0,train,121,-125.0
TD,0,train,122,-94.0
TD,0,train,123,-165.0
TD,0,train,124,-116.0
TD,0,train,125,-185.0
TD,0,train,126,-75.0
TD,0,train,127,-84.0
TD,0,train,128,-178.0
TD,0,train,129,-114.0
TD,0,train,130,-120.0
TD,0,train,131,-95.0
TD,0,train,132,-132.0
TD,0,train,133,-159.0
TD,0,train,134,-142.0
TD,0,train,135,-93.0
TD,0,train,136,-104.0
TD,0,train,137,-132.0
TD,0,train,138,-122.0
TD,0,train,139,-116.0
TD,0,train,140,-98.0
TD,0,train,141,-177.0
TD,0,train,142,-134.0
TD,0,train,143,-94.0
TD,0,train,144,-97.0
TD,0,train,145,-182.0
TD,0,train,146,-200.0
TD,0,train,147,-108.0
TD,0,train,148,-210.0
TD,0,train,149,-134.0
TD,0,train,150,-89.0
TD,0,train,151,-88.0
TD,0,train,152,-115.0
TD,0,train,153,-90.0
TD,0,train,154,-84.0
TD,0,train,155,-97.0
TD,0,train,156,-128.0
TD,0,train,157,-112.0
TD,0,train,158,-79.0
TD,0,train,159,-95.0
TD,0,train,160,-96.0
TD,0,train,161,-111.0
TD,0,train,162,-120.0
TD,0,train,163,-122.0
TD,0,train,164,-139.0
TD,0,train,165,-93.0
TD,0,train,166,-125.0
TD,0,train,167,-111.0
TD,0,train,168,-92.0
TD,0,train,169,-93.0
TD,0,train,170,-98.0
TD,0,train,171,-93.0
TD,0,train,172,-117.0
TD,0,train,173,-85.0
TD,0,train,174,-73.0
TD,0,train,175,-101.0
TD,0,train,176,-72.0
TD,0,train,177,-115.0
TD,0,train,178,-77.0
TD,0,train,179,-97.0
TD,0,train,180,-105.0
TD,0,train,181,-88.0
TD,0,train,182,-97.0
TD,0,train,183,-88.0
TD,0,train,184,-240.0
TD,0,train,185,-117.0
TD,0,train,186,-157.0
TD,0,train,187,-135.0
TD,0,train,188,-99.0
TD,0,train,189,-110.0
TD,0,train,190,-113.0
TD,0,train,191,-92.0
TD,0,train,192,-128.0
TD,0,train,193,-101.0
TD,0,train,194,-81.0
TD,0,train,195,-138.0
TD,0,train,196,-87.0
TD,0,train,197,-115.0
TD,0,train,198,-126.0
TD,0,train,199,-71.0
TD,0,train,200,-95.0
TD,0,train,201,-95.0
TD,0,train,202,-109.0
TD,0,train,203,-115.0
TD,0,train,204,-101.0
TD,0,train,205,-107.0
TD,0,train,206,-109.0
TD,0,train,207,-118.0
TD,0,train,208,-112.0
TD,0,train,209,-92.0
TD,0,train,210,-116.0
TD,0,train,211,-84.0
TD,0,train,212,-94.0
TD,0,train,213,-93.0
TD,0,train,214,-86.0
TD,0,train,215,-112.0
TD,0,train,216,-83.0
TD,0,train,217,-83.0
TD,0,train,218,-117.0
TD,0,train,219,-98.0
TD,0,train,220,-139.0
TD,0,train,221,-131.0
TD,0,train,222,-107.0
TD,0,train,223,-95.0
TD,0,train,224,-189.0
TD,0,train,225,-88.0
TD,0,train,226,-103.0
TD,0,train,227,-86.0
TD,0,train,228,-81.0
TD,0,train,229,-95.0
TD,0,train,230,-84.0
TD,0,train,231,-84.0
TD,0,train,232,-98.0
TD,0,train,233,-109.0
TD,0,train,234,-112.0
TD,0,train,235,-98.0
TD,0,train,236,-109.0
TD,0,train,237,-106.0
TD,0,train,238,-148.0
TD,0,train,239,-91.0
TD,0,train,240,-80.0
TD,0,train,241,-77.0
TD,0,train,242,-119.0
TD,0,train,243,-87.0
TD,0,train,244,-107.0
TD,0,train,245,-93.0
TD,0,train,246,-107.0
TD,0,train,247,-159.0
TD,0,train,248,-134.0
TD,0,train,249,-85.0
TD,0,train,250,-92.0
TD,0,train,251,-101.0
TD,0,train,252,-86.0
TD,0,train,253,-84.0
TD,0,train,254,-101.0
TD,0,train,255,-106.0
TD,0,train,256,-94.0
TD,0,train,257,-81.0
TD,0,train,258,-92.0
TD,0,train,259,-90.0
TD,0,train,260,-120.0
TD,0,train,261,-138.0
TD,0,train,262,-79.0
TD,0,train,263,-93.0
TD,0,train,264,-86.0
TD,0,train,265,-244.0
TD,0,train,266,-145.0
TD,0,train,267,-135.0
TD,0,train,268,-88.0
TD,0,train,269,-102.0
TD,0,train,270,-91.0
TD,0,train,271,-93.0
TD,0,train,272,-91.0
TD,0,train,273,-72.0
TD,0,train,274,-77.0
TD,0,train,275,-76.0
TD,0,train,276,-85.0
TD,0,train,277,-101.0
TD,0,train,278,-173.0
TD,0,train,279,-79.0
TD,0,train,280,-74.0
TD,0,train,281,-76.0
TD,0,train,282,-102.0
TD,0,train,283,-119.0
TD,0,train,284,-113.0
TD,0,train,285,-93.0
TD,0,train,286,-72.0
TD,0,train,287,-89.0
TD,0,train,288,-105.0
TD,0,train,289,-111.0
TD,0,train,290,-76.0
TD,0,train,291,-82.0
TD,0,train,292,-86.0
TD,0,train,293,-78.0
TD,0,train,294,-90.0
TD,0,train,295,-123.0
TD,0,train,296,-84.0
TD,0,train,297,-85.0
TD,0,train,298,-71.0
TD,0,train,299,-109.0
TD,0,train,300,-71.0
TD,0,train,301,-104.0
TD,0,train,302,-93.0
TD,0,train,303,-84.0
TD,0,train,304,-81.0
TD,0,train,305,-83.0
TD,0,train,306,-89.0
TD,0,train,307,-86.0
TD,0,train,308,-98.0
TD,0,train,309,-113.0
TD,0,train,310,-98.0
TD,0,train,311,-104.0
TD,0,train,312,-97.0
TD,0,train,313,-91.0
TD,0,train,314,-113.0
TD,0,train,315,-73.0
TD,0,train,316,-113.0
TD,0,train,317,-154.0
TD,0,train,318,-97.0
TD,0,train,319,-87.0
TD,0,train,320,-91.0
TD,0,train,321,-89.0
TD,0,train,322,-116.0
TD,0,train,323,-82.0
TD,0,train,324,-94.0
TD,0,train,325,-180.0
TD,0,train,326,-96.0
TD,0,train,327,-95.0
TD,0,train,328,-110.0
TD,0,train,329,-111.0
TD,0,train,330,-76.0
TD,0,train,331,-133.0
TD,0,train,332,-85.0
TD,0,train,333,-80.0
TD,0,train,334,-100.0
TD,0,train,335,-118.0
TD,0,train,336,-81.0
TD,0,train,337,-96.0
TD,0,train,338,-89.0
TD,0,train,339,-106.0
TD,0,train,340,-101.0
TD,0,train,341,-109.0
TD,0,train,342,-110.0
TD,0,train,343,-80.0
TD,0,train,344,-90.0
TD,0,train,345,-90.0
TD,0,train,346,-198.0
TD,0,train,347,-99.0
TD,0,train,348,-115.0
TD,0,train,349,-115.0
TD,0,train,350,-68.0
TD,0,train,351,-89.0
TD,0,train,352,-112.0
TD,0,train,353,-63.0
TD,0,train,354,-91.0
TD,0,train,355,-74.0
TD,0,train,356,-85.0
TD,0,train,357,-130.0
TD,0,train,358,-83.0
TD,0,train,359,-93.0
TD,0,train,360,-95.0
TD,0,train,361,-110.0
TD,0,train,362,-64.0
TD,0,train,363,-96.0
TD,0,train,364,-70.0
TD,0,train,365,-101.0
TD,0,train,366,-96.0
TD,0,train,367,-106.0
TD,0,train,368,-111.0
TD,0,train,369,-95.0
TD,0,train,370,-71.0
TD,0,train,371,-95.0
TD,0,train,372,-85.0
TD,0,train,373,-97.0
TD,0,train,374,-101.0
TD,0,train,375,-125.0
TD,0,train,376,-88.0
TD,0,train,377,-93.0
TD,0,train,378,-90.0
TD,0,train,379,-94.0
TD,0,train,380,-111.0
TD,0,train,381,-82.0
TD,0,train,382,-95.0
TD,0,train,383,-90.0
TD,0,train,384,-80.0
TD,0,train,385,-91.0
TD,0,train,386,-133.0
TD,0,train,387,-100.0
TD,0,train,388,-102.0
TD,0,train,389,-94.0
TD,0,train,390,-77.0
TD,0,train,391,-75.0
TD,0,train,392,-108.0
TD,0,train,393,-94.0
TD,0,train,394,-88.0
TD,0,train,395,-91.0
TD,0,train,396,-63.0
TD,0,train,397,-91.0
TD,0,train,398,-104.0
TD,0,train,399,-83.0
TD,0,train,400,-90.0
TD,0,train,401,-88.0
TD,0,train,402,-85.0
TD,0,train,403,-93.0
TD,0,train,404,-92.0
TD,0,train,405,-103.0
TD,0,train,406,-106.0
TD,0,train,407,-80.0
TD,0,train,408,-104.0
TD,0,train,409,-106.0
TD,0,train,410,-100.0
TD,0,train,411,-78.0
TD,0,train,412,-127.0
TD,0,train,413,-89.0
TD,0,train,414,-113.0
TD,0,train,415,-109.0
TD,0,train,416,-92.0
TD,0,train,417,-98.0
TD,0,train,418,-85.0
TD,0,train,419,-103.0
TD,0,train,420,-73.0
TD,0,train,421,-77.0
TD,0,train,422,-99.0
TD,0,train,423,-91.0
TD,0,train,424,-93.0
TD,0,train,425,-75.0
TD,0,train,426,-83.0
TD,0,train,427,-89.0
TD,0,train,428,-142.0
TD,0,train,429,-82.0
TD,0,train,430,-107.0
TD,0,train,431,-106.0
TD,0,train,432,-88.0
TD,0,train,433,-101.0
TD,0,train,434,-98.0
TD,0,train,435,-100.0
TD,0,train,436,-99.0
TD,0,train,437,-96.0
TD,0,train,438,-106.0
TD,0,train,439,-93.0
TD,0,train,440,-70.0
TD,0,train,441,-149.0
TD,0,train,442,-92.0
TD,0,train,443,-95.0
TD,0,train,444,-99.0
TD,0,train,445,-106.0
TD,0,train,446,-78.0
TD,0,train,447,-91.0
TD,0,train,448,-98.0
TD,0,train,449,-99.0
TD,0,train,450,-86.0
TD,0,train,451,-88.0
TD,0,train,452,-132.0
TD,0,train,453,-85.0
TD,0,train,454,-94.0
TD,0,train,455,-85.0
TD,0,train,456,-78.0
TD,0,train,457,-77.0
TD,0,train,458,-83.0
TD,0,train,459,-97.0
TD,0,train,460,-76.0
TD,0,train,461,-94.0
TD,0,train,462,-83.0
TD,0,train,463,-117.0
TD,0,train,464,-78.0
TD,0,train,465,-132.0
TD,0,train,466,-70.0
TD,0,train,467,-88.0
TD,0,train,468,-94.0
TD,0,train,469,-183.0
TD,0,train,470,-82.0
TD,0,train,471,-110.0
TD,0,train,472,-89.0
TD,0,train,473,-101.0
TD,0,train,474,-74.0
TD,0,train,475,-81.0
TD,0,train,476,-102.0
TD,0,train,477,-79.0
TD,0,train,478,-135.0
TD,0,train,479,-125.0
TD,0,train,480,-123.0
TD,0,train,481,-86.0
TD,0,train,482,-70.0
TD,0,train,483,-95.0
TD,0,train,484,-97.0
TD,0,train,485,-137.0
TD,0,train,486,-91.0
TD,0,train,487,-119.0
TD,0,train,488,-73.0
TD,0,train,489,-112.0
TD,0,train,490,-108.0
TD,0,train,491,-84.0
TD,0,train,492,-90.0
TD,0,train,493,-92.0
TD,0,train,494,-65.0
TD,0,train,495,-82.0
TD,0,train,496,-94.0
TD,0,train,497,-80.0
TD,0,train,498,-107.0
TD,0,train,499,-75.0
TD,0,train,500,-93.0
TD,1,train,1,-500.0
TD,1,train,2,-500.0
TD,1,train,3,-500.0
TD,1,train,4,-500.0
TD,1,train,5,-500.0
TD,1,train,6,-500.0
TD,1,train,7,-497.0
TD,1,train,8,-500.0
TD,1,train,9,-500.0
TD,1,train,10,-500.0
TD,1,train,11,-500.0
TD,1,train,12,-500.0
TD,1,train,13,-500.0
TD,1,train,14,-500.0
TD,1,train,15,-500.0
TD,1,train,16,-500.0
TD,1,train,17,-500.0
TD,1,train,18,-500.0
TD,1,train,19,-500.0
TD,1,train,20,-453.0
TD,1,train,21,-225.0
TD,1,train,22,-97.0
TD,1,train,23,-166.0
TD,1,train,24,-500.0
TD,1,train,25,-120.0
TD,1,train,26,-268.0
TD,1,train,27,-235.0
TD,1,train,28,-175.0
TD,1,train,29,-157.0
TD,1,train,30,-255.0
TD,1,train,31,-244.0
TD,1,train,32,-224.0
TD,1,train,33,-260.0
TD,1,train,34,-143.0
TD,1,train,35,-233.0
TD,1,train,36,-138.0
TD,1,train,37,-190.0
TD,1,train,38,-210.0
TD,1,train,39,-272.0
TD,1,train,40,-247.0
TD,1,train,41,-122.0
TD,1,train,42,-179.0
TD,1,train,43,-238.0
TD,1,train,44,-259.0
TD,1,train,45,-137.0
TD,1,train,46,-175.0
TD,1,train,47,-202.0
TD,1,train,48,-119.0
TD,1,train,49,-111.0
TD,1,train,50,-298.0
TD,1,train,51,-160.0
TD,1,train,52,-188.0
TD,1,train,53,-149.0
TD,1,train,54,-177.0
TD,1,train,55,-129.0
TD,1,train,56,-171.0
TD,1,train,57,-145.0
TD,1,train,58,-103.0
TD,1,train,59,-206.0
TD,1,train,60,-211.0
TD,1,train,61,-178.0
TD,1,train,62,-304.0
TD,1,train,63,-295.0
TD,1,train,64,-204.0
TD,1,train,65,-205.0
TD,1,train,66,-231.0
TD,1,train,67,-108.0
TD,1,train,68,-381.0
TD,1,train,69,-206.0
TD,1,train,70,-150.0
TD,1,train,71,-195.0
TD,1,train,72,-137.0
TD,1,train,73,-167.0
TD,1,train,74,-167.0
TD,1,train,75,-202.0
TD,1,train,76,-240.0
TD,1,train,77,-162.0
TD,1,train,78,-161.0
TD,1,train,79,-133.0
TD,1,train,80,-199.0
TD,1,train,81,-146.0
TD,1,train,82,-228.0
TD,1,train,83,-178.0
TD,1,train,84,-150.0
TD,1,train,85,-125.0
TD,1,train,86,-121.0
TD,1,train,87,-130.0
TD,1,train,88,-139.0
TD,1,train,89,-133.0
TD,1,train,90,-210.0
TD,1,train,91,-112.0
TD,1,train,92,-151.0
TD,1,train,93,-103.0
TD,1,train,94,-121.0
TD,1,train,95,-101.0
TD,1,train,96,-146.0
TD,1,train,97,-208.0
TD,1,train,98,-85.0
TD,1,train,99,-120.0
TD,1,train,100,-116.0
TD,1,train,101,-119.0
TD,1,train,102,-121.0
TD,1,train,103,-117.0
TD,1,train,104,-99.0
TD,1,train,105,-92.0
TD,1,train,106,-101.0
TD,1,train,107,-101.0
TD,1,train,108,-160.0
TD,1,train,109,-99.0
TD,1,train,110,-315.0
TD,1,train,111,-93.0
TD,1,train,112,-140.0
TD,1,train,113,-104.0
TD,1,train,114,-90.0
TD,1,train,115,-94.0
TD,1,train,116,-79.0
TD,1,train,117,-91.0
TD,1,train,118,-152.0
TD,1,train,119,-149.0
TD,1,train,120,-117.0
TD,1,train,121,-122.0
TD,1,train,122,-83.0
TD,1,train,123,-123.0
TD,1,train,124,-95.0
TD,1,train,125,-118.0
TD,1,train,126,-130.0
TD,1,train,127,-217.0
TD,1,train,128,-110.0
TD,1,train,129,-131.0
TD,1,train,130,-186.0
TD,1,train,131,-98.0
TD,1,train,132,-121.0
TD,1,train,133,-99.0
TD,1,train,134,-85.0
TD,1,train,135,-84.0
TD,1,train,136,-80.0
TD,1,train,137,-120.0
TD,1,train,138,-149.0
TD,1,train,139,-109.0
TD,1,train,140,-117.0
TD,1,train,141,-93.0
TD,1,train,142,-150.0
TD,1,train,143,-107.0
TD,1,train,144,-95.0
TD,1,train,145,-124.0
TD,1,train,146,-83.0
TD,1,train,147,-104.0
TD,1,train,148,-112.0
TD,1,train,149,-109.0
TD,1,train,150,-99.0
TD,1,train,151,-143.0
TD,1,train,152,-104.0
TD,1,train,153,-124.0
TD,1,train,154,-131.0
TD,1,train,155,-85.0
TD,1,train,156,-183.0
TD,1,train,157,-94.0
TD,1,train,158,-119.0
TD,1,train,159,-94.0
TD,1,train,160,-233.0
TD,1,train,161,-111.0
TD,1,train,162,-115.0
TD,1,train,163,-118.0
TD,1,train,164,-84.0
TD,1,train,165,-101.0
TD,1,train,166,-83.0
TD,1,train,167,-88.0
TD,1,train,168,-112.0
TD,1,train,169,-99.0
TD,1,train,170,-93.0
TD,1,train,171,-100.0
TD,1,train,172,-104.0
TD,1,train,173,-82.0
TD,1,train,174,-170.0
TD,1,train,175,-94.0
TD,1,train,176,-77.0
TD,1,train,177,-116.0
TD,1,train,178,-85.0
TD,1,train,179,-75.0
TD,1,train,180,-93.0
TD,1,train,181,-96.0
TD,1,train,182,-122.0
TD,1,train,183,-123.0
TD,1,train,184,-121.0
TD,1,train,185,-110.0
TD,1,train,186,-118.0
TD,1,train,187,-94.0
TD,1,train,188,-78.0
TD,1,train,189,-79.0
TD,1,train,190,-72.0
TD,1,train,191,-129.0
TD,1,train,192,-93.0
TD,1,train,193,-78.0
TD,1,train,194,-126.0
TD,1,train,195,-99.0
TD,1,train,196,-118.0
TD,1,train,197,-98.0
TD,1,train,198,-208.0
TD,1,train,199,-77.0
TD,1,train,200,-62.0
TD,1,train,201,-101.0
TD,1,train,202,-110.0
TD,1,train,203,-90.0
TD,1,train,204,-111.0
TD,1,train,205,-87.0
TD,1,train,206,-110.0
TD,1,train,207,-124.0
TD,1,train,208,-122.0
TD,1,train,209,-102.0
TD,1,train,210,-75.0
TD,1,train,211,-102.0
TD,1,train,212,-85.0
TD,1,train,213,-104.0
TD,1,train,214,-119.0
TD,1,train,215,-74.0
TD,1,train,216,-85.0
TD,1,train,217,-124.0
TD,1,train,218,-108.0
TD,1,train,219,-81.0
TD,1,train,220,-82.0
TD,1,train,221,-112.0
TD,1,train,222,-103.0
TD,1,train,223,-84.0
TD,1,train,224,-108.0
TD,1,train,225,-114.0
TD,1,train,226,-113.0
TD,1,train,227,-131.0
TD,1,train,228,-151.0
TD,1,train,229,-96.0
TD,1,train,230,-104.0
TD,1,train,231,-104.0
TD,1,train,232,-114.0
TD,1,train,233,-83.0
TD,1,train,234,-132.0
TD,1,train,235,-119.0
TD,1,train,236,-102.0
TD,1,train,237,-77.0
TD,1,train,238,-139.0
TD,1,train,239,-117.0
TD,1,train,240,-121.0
TD,1,train,241,-194.0
TD,1,train,242,-82.0
TD,1,train,243,-121.0
TD,1,train,244,-95.0
TD,1,train,245,-121.0
TD,1,train,246,-71.0
TD,1,train,247,-104.0
TD,1,train,248,-114.0
TD,1,train,249,-101.0
TD,1,train,250,-72.0
TD,1,train,251,-111.0
TD,1,train,252,-91.0
TD,1,train,253,-97.0
TD,1,train,254,-113.0
TD,1,train,255,-96.0
TD,1,train,256,-125.0
TD,1,train,257,-96.0
TD,1,train,258,-97.0
TD,1,train,259,-92.0
TD,1,train,260,-85.0
TD,1,train,261,-121.0
TD,1,train,262,-121.0
TD,1,train,263,-79.0
TD,1,train,264,-82.0
TD,1,train,265,-70.0
TD,1,train,266,-74.0
TD,1,train,267,-85.0
TD,1,train,268,-164.0
TD,1,train,269,-91.0
TD,1,train,270,-77.0
TD,1,train,271,-102.0
TD,1,train,272,-146.0
TD,1,train,273,-100.0
TD,1,train,274,-110.0
TD,1,train,275,-168.0
TD,1,train,276,-133.0
TD,1,train,277,-84.0
TD,1,train,278,-114.0
TD,1,train,279,-99.0
TD,1,train,280,-86.0
TD,1,train,281,-85.0
TD,1,train,282,-74.0
TD,1,train,283,-82.0
TD,1,train,284,-104.0
TD,1,train,285,-113.0
TD,1,train,286,-118.0
TD,1,train,287,-94.0
TD,1,train,288,-87.0
TD,1,train,289,-78.0
TD,1,train,290,-103.0
TD,1,train,291,-142.0
TD,1,train,292,-102.0
TD,1,train,293,-77.0
TD,1,train,294,-80.0
TD,1,train,295,-122.0
TD,1,train,296,-65.0
TD,1,train,297,-71.0
TD,1,train,298,-97.0
TD,1,train,299,-110.0
TD,1,train,300,-107.0
TD,1,train,301,-82.0
TD,1,train,302,-116.0
TD,1,train,303,-103.0
TD,1,train,304,-155.0
TD,1,train,305,-62.0
TD,1,train,306,-95.0
TD,1,train,307,-131.0
TD,1,train,308,-75.0
TD,1,train,309,-100.0
TD,1,train,310,-138.0
TD,1,train,311,-115.0
TD,1,train,312,-90.0
TD,1,train,313,-79.0
TD,1,train,314,-75.0
TD,1,train,315,-86.0
TD,1,train,316,-260.0
TD,1,train,317,-73.0
TD,1,train,318,-99.0
TD,1,train,319,-117.0
TD,1,train,320,-76.0
TD,1,train,321,-76.0
TD,1,train,322,-105.0
TD,1,train,323,-108.0
TD,1,train,324,-80.0
TD,1,train,325,-79.0
TD,1,train,326,-95.0
TD,1,train,327,-82.0
TD,1,train,328,-89.0
TD,1,train,329,-78.0
TD,1,train,330,-138.0
TD,1,train,331,-93.0
TD,1,train,332,-88.0
TD,1,train,333,-81.0
TD,1,train,334,-76.0
TD,1,train,335,-69.0
TD,1,train,336,-118.0
TD,1,train,337,-90.0
TD,1,train,338,-77.0
TD,1,train,339,-95.0
TD,1,train,340,-92.0
TD,1,train,341,-138.0
TD,1,train,342,-78.0
TD,1,train,343,-71.0
TD,1,train,344,-82.0
TD,1,train,345,-112.0
TD,1,train,346,-73.0
TD,1,train,347,-92.0
TD,1,train,348,-115.0
TD,1,train,349,-75.0
TD,1,train,350,-74.0
TD,1,train,351,-112.0
TD,1,train,352,-70.0
TD,1,train,353,-94.0
TD,1,train,354,-72.0
TD,1,train,355,-87.0
TD,1,train,356,-108.0
TD,1,train,357,-111.0
TD,1,train,358,-84.0
TD,1,train,359,-88.0
TD,1,train,360,-94.0
TD,1,train,361,-75.0
TD,1,train,362,-144.0
TD,1,train,363,-63.0
TD,1,train,364,-82.0
TD,1,train,365,-255.0
TD,1,train,366,-85.0
TD,1,train,367,-106.0
TD,1,train,368,-90.0
TD,1,train,369,-89.0
TD,1,train,370,-110.0
TD,1,train,371,-69.0
TD,1,train,372,-95.0
TD,1,train,373,-89.0
TD,1,train,374,-99.0
TD,1,train,375,-71.0
TD,1,train,376,-85.0
TD,1,train,377,-80.0
TD,1,train,378,-84.0
TD,1,train,379,-110.0
TD,1,train,380,-96.0
TD,1,train,381,-110.0
TD,1,train,382,-72.0
TD,1,train,383,-87.0
TD,1,train,384,-130.0
TD,1,train,385,-95.0
TD,1,train,386,-98.0
TD,1,train,387,-97.0
TD,1,train,388,-108.0
TD,1,train,389,-90.0
TD,1,train,390,-77.0
TD,1,train,391,-72.0
TD,1,train,392,-91.0
TD,1,train,393,-79.0
TD,1,train,394,-84.0
TD,1,train,395,-91.0
TD,1,train,396,-100.0
TD,1,train,397,-149.0
TD,1,train,398,-103.0
TD,1,train,399,-90.0
TD,1,train,400,-96.0
TD,1,train,401,-69.0
TD,1,train,402,-129.0
TD,1,train,403,-117.0
TD,1,train,404,-157.0
TD,1,train,405,-97.0
TD,1,train,406,-87.0
TD,1,train,407,-92.0
TD,1,train,408,-108.0
TD,1,train,409,-162.0
TD,1,train,410,-82.0
TD,1,train,411,-92.0
TD,1,train,412,-85.0
TD,1,train,413,-103.0
TD,1,train,414,-113.0
TD,1,train,415,-71.0
TD,1,train,416,-154.0
TD,1,train,417,-80.0
TD,1,train,418,-87.0
TD,1,train,419,-84.0
TD,1,train,420,-137.0
TD,1,train,421,-92.0
TD,1,train,422,-89.0
TD,1,train,423,-122.0
TD,1,train,424,-106.0
TD,1,train,425,-71.0
TD,1,train,426,-69.0
TD,1,train,427,-68.0
TD,1,train,428,-82.0
TD,1,train,429,-170.0
TD,1,train,430,-92.0
TD,1,train,431,-86.0
TD,1,train,432,-104.0
TD,1,train,433,-79.0
TD,1,train,434,-71.0
TD,1,train,435,-89.0
TD,1,train,436,-94.0
TD,1,train,437,-86.0
TD,1,train,438,-104.0
TD,1,train,439,-115.0
TD,1,train,440,-81.0
TD,1,train,441,-85.0
TD,1,train,442,-98.0
TD,1,train,443,-81.0
TD,1,train,444,-120.0
TD,1,train,445,-91.0
TD,1,train,446,-104.0
TD,1,train,447,-75.0
TD,1,train,448,-124.0
TD,1,train,449,-137.0
TD,1,train,450,-118.0
TD,1,train,451,-111.0
TD,1,train,452,-102.0
TD,1,train,453,-84.0
TD,1,train,454,-105.0
TD,1,train,455,-91.0
TD,1,train,456,-96.0
TD,1,train,457,-110.0
TD,1,train,458,-83.0
TD,1,train,459,-110.0
TD,1,train,460,-103.0
TD,1,train,461,-100.0
TD,1,train,462,-75.0
TD,1,train,463,-116.0
TD,1,train,464,-71.0
TD,1,train,465,-78.0
TD,1,train,466,-91.0
TD,1,train,467,-106.0
TD,1,train,468,-82.0
TD,1,train,469,-93.0
TD,1,train,470,-80.0
TD,1,train,471,-91.0
TD,1,train,472,-107.0
TD,1,train,473,-117.0
TD,1,train,474,-96.0
TD,1,train,475,-71.0
TD,1,train,476,-86.0
TD,1,train,477,-95.0
TD,1,train,478,-291.0
TD,1,train,479,-90.0
TD,1,train,480,-85.0
TD,1,train,481,-117.0
TD,1,train,482,-93.0
TD,1,train,483,-106.0
TD,1,train,484,-79.0
TD,1,train,485,-98.0
TD,1,train,486,-137.0
TD,1,train,487,-96.0
TD,1,train,488,-78.0
TD,1,train,489,-102.0
TD,1,train,490,-93.0
TD,1,train,491,-101.0
TD,1,train,492,-89.0
TD,1,train,493,-111.0
TD,1,train,494,-78.0
TD,1,train,495,-86.0
TD,1,train,496,-94.0
TD,1,train,497,-95.0
TD,1,train,498,-81.0
TD,1,train,499,-104.0
TD,1,train,500,-84.0
TD,2,train,1,-500.0
TD,2,train,2,-500.0
TD,2,train,3,-500.0
TD,2,train,4,-500.0
TD,2,train,5,-500.0
TD,2,train,6,-500.0
TD,2,train,7,-500.0
TD,2,train,8,-500.0
TD,2,train,9,-500.0
TD,2,train,10,-500.0
TD,2,train,11,-500.0
TD,2,train,12,-500.0
TD,2,train,13,-373.0
TD,2,train,14,-326.0
TD,2,train,15,-330.0
TD,2,train,16,-315.0
TD,2,train,17,-500.0
TD,2,train,18,-500.0
TD,2,train,19,-426.0
TD,2,train,20,-341.0
TD,2,train,21,-149.0
TD,2,train,22,-500.0
TD,2,train,23,-500.0
TD,2,train,24,-132.0
TD,2,train,25,-176.0
TD,2,train,26,-500.0
TD,2,train,27,-223.0
TD,2,train,28,-500.0
TD,2,train,29,-500.0
TD,2,train,30,-478.0
TD,2,train,31,-500.0
TD,2,train,32,-500.0
TD,2,train,33,-500.0
TD,2,train,34,-500.0
TD,2,train,35,-500.0
TD,2,train,36,-500.0
TD,2,train,37,-500.0
TD,2,train,38,-500.0
TD,2,train,39,-500.0
TD,2,train,40,-500.0
TD,2,train,41,-422.0
TD,2,train,42,-500.0
TD,2,train,43,-500.0
TD,2,train,44,-153.0
TD,2,train,45,-130.0
TD,2,train,46,-139.0
TD,2,train,47,-500.0
TD,2,train,48,-273.0
TD,2,train,49,-500.0
TD,2,train,50,-409.0
TD,2,train,51,-500.0
TD,2,train,52,-500.0
TD,2,train,53,-500.0
TD,2,train,54,-99.0
TD,2,train,55,-500.0
TD,2,train,56,-445.0
TD,2,train,57,-500.0
TD,2,train,58,-500.0
TD,2,train,59,-189.0
TD,2,train,60,-244.0
TD,2,train,61,-329.0
TD,2,train,62,-500.0
TD,2,train,63,-110.0
TD,2,train,64,-189.0
TD,2,train,65,-155.0
TD,2,train,66,-500.0
TD,2,train,67,-248.0
TD,2,train,68,-194.0
TD,2,train,69,-175.0
TD,2,train,70,-155.0
TD,2,train,71,-176.0
TD,2,train,72,-167.0
TD,2,train,73,-312.0
TD,2,train,74,-443.0
TD,2,train,75,-200.0
TD,2,train,76,-253.0
TD,2,train,77,-226.0
TD,2,train,78,-157.0
TD,2,train,79,-185.0
TD,2,train,80,-192.0
TD,2,train,81,-152.0
TD,2,train,82,-176.0
TD,2,train,83,-101.0
TD,2,train,84,-126.0
TD,2,train,85,-175.0
TD,2,train,86,-122.0
TD,2,train,87,-146.0
TD,2,train,88,-177.0
TD,2,train,89,-180.0
TD,2,train,90,-248.0
TD,2,train,91,-143.0
TD,2,train,92,-129.0
TD,2,train,93,-222.0
TD,2,train,94,-135.0
TD,2,train,95,-201.0
TD,2,train,96,-176.0
TD,2,train,97,-215.0
TD,2,train,98,-168.0
TD,2,train,99,-108.0
TD,2,train,100,-243.0
TD,2,train,101,-145.0
TD,2,train,102,-102.0
TD,2,train,103,-103.0
TD,2,train,104,-124.0
TD,2,train,105,-219.0
TD,2,train,106,-146.0
TD,2,train,107,-202.0
TD,2,train,108,-135.0
TD,2,train,109,-172.0
TD,2,train,110,-100.0
TD,2,train,111,-162.0
TD,2,train,112,-134.0
TD,2,train,113,-125.0
TD,2,train,114,-157.0
TD,2,train,115,-138.0
TD,2,train,116,-155.0
TD,2,train,117,-66.0
TD,2,train,118,-118.0
TD,2,train,119,-155.0
TD,2,train,120,-97.0
TD,2,train,121,-141.0
TD,2,train,122,-96.0
TD,2,train,123,-123.0
TD,2,train,124,-279.0
TD,2,train,125,-436.0
TD,2,train,126,-198.0
TD,2,train,127,-147.0
TD,2,train,128,-93.0
TD,2,train,129,-195.0
TD,2,train,130,-116.0
TD,2,train,131,-70.0
TD,2,train,132,-113.0
TD,2,train,133,-72.0
TD,2,train,134,-93.0
TD,2,train,135,-289.0
TD,2,train,136,-167.0
TD,2,train,137,-157.0
TD,2,train,138,-93.0
TD,2,train,139,-123.0
TD,2,train,140,-200.0
TD,2,train,141,-179.0
TD,2,train,142,-89.0
TD,2,train,143,-294.0
TD,2,train,144,-146.0
TD,2,train,145,-137.0
TD,2,train,146,-95.0
TD,2,train,147,-193.0
TD,2,train,148,-156.0
TD,2,train,149,-101.0
TD,2,train,150,-135.0
TD,2,train,151,-80.0
TD,2,train,152,-137.0
TD,2,train,153,-115.0
TD,2,train,154,-104.0
TD,2,train,155,-153.0
TD,2,train,156,-93.0
TD,2,train,157,-99.0
TD,2,train,158,-112.0
TD,2,train,159,-142.0
TD,2,train,160,-95.0
TD,2,train,161,-145.0
TD,2,train,162,-82.0
TD,2,train,163,-101.0
TD,2,train,164,-83.0
TD,2,train,165,-103.0
TD,2,train,166,-160.0
TD,2,train,167,-141.0
TD,2,train,168,-83.0
TD,2,train,169,-226.0
TD,2,train,170,-137.0
TD,2,train,171,-111.0
TD,2,train,172,-111.0
TD,2,train,173,-84.0
TD,2,train,174,-85.0
TD,2,train,175,-128.0
TD,2,train,176,-133.0
TD,2,train,177,-130.0
TD,2,train,178,-116.0
TD,2,train,179,-122.0
TD,2,train,180,-125.0
TD,2,train,181,-87.0
TD,2,train,182,-106.0
TD,2,train,183,-89.0
TD,2,train,184,-84.0
TD,2,train,185,-77.0
TD,2,train,186,-103.0
TD,2,train,187,-122.0
TD,2,train,188,-165.0
TD,2,train,189,-110.0
TD,2,train,190,-165.0
TD,2,train,191,-143.0
TD,2,train,192,-79.0
TD,2,train,193,-73.0
TD,2,train,194,-112.0
TD,2,train,195,-76.0
TD,2,train,196,-99.0
TD,2,train,197,-97.0
TD,2,train,198,-118.0
TD,2,train,199,-115.0
TD,2,train,200,-116.0
TD,2,train,201,-89.0
TD,2,train,202,-89.0
TD,2,train,203,-132.0
TD,2,train,204,-78.0
TD,2,train,205,-96.0
TD,2,train,206,-101.0
TD,2,train,207,-78.0
TD,2,train,208,-98.0
TD,2,train,209,-91.0
TD,2,train,210,-129.0
TD,2,train,211,-97.0
TD,2,train,212,-118.0
TD,2,train,213,-98.0
TD,2,train,214,-109.0
TD,2,train,215,-117.0
TD,2,train,216,-132.0
TD,2,train,217,-95.0
TD,2,train,218,-86.0
TD,2,train,219,-85.0
TD,2,train,220,-72.0
TD,2,train,221,-90.0
TD,2,train,222,-130.0
TD,2,train,223,-86.0
TD,2,train,224,-112.0
TD,2,train,225,-97.0
TD,2,train,226,-99.0
TD,2,train,227,-103.0
TD,2,train,228,-84.0
TD,2,train,229,-87.0
TD,2,train,230,-133.0
TD,2,train,231,-104.0
TD,2,train,232,-85.0
TD,2,train,233,-97.0
TD,2,train,234,-156.0
TD,2,train,235,-93.0
TD,2,train,236,-77.0
TD,2,train,237,-103.0
TD,2,train,238,-485.0
TD,2,train,239,-106.0
TD,2,train,240,-214.0
TD,2,train,241,-96.0
TD,2,train,242,-124.0
TD,2,train,243,-142.0
TD,2,train,244,-80.0
TD,2,train,245,-100.0
TD,2,train,246,-155.0
TD,2,train,247,-103.0
TD,2,train,248,-91.0
TD,2,train,249,-80.0
TD,2,train,250,-141.0
TD,2,train,251,-102.0
TD,2,train,252,-90.0
TD,2,train,253,-102.0
TD,2,train,254,-127.0
TD,2,train,255,-79.0
TD,2,train,256,-85.0
TD,2,train,257,-122.0
TD,2,train,258,-80.0
TD,2,train,259,-88.0
TD,2,train,260,-204.0
TD,2,train,261,-98.0
TD,2,train,262,-94.0
TD,2,train,263,-138.0
TD,2,train,264,-79.0
TD,2,train,265,-130.0
TD,2,train,266,-104.0
TD,2,train,267,-119.0
TD,2,train,268,-92.0
TD,2,train,269,-118.0
TD,2,train,270,-106.0
TD,2,train,271,-122.0
TD,2,train,272,-103.0
TD,2,train,273,-114.0
TD,2,train,274,-73.0
TD,2,train,275,-63.0
TD,2,train,276,-91.0
TD,2,train,277,-169.0
TD,2,train,278,-100.0
TD,2,train,279,-92.0
TD,2,train,280,-138.0
TD,2,train,281,-105.0
TD,2,train,282,-104.0
TD,2,train,283,-63.0
TD,2,train,284,-93.0
TD,2,train,285,-107.0
TD,2,train,286,-117.0
TD,2,train,287,-95.0
TD,2,train,288,-118.0
TD,2,train,289,-72.0
TD,2,train,290,-111.0
TD,2,train,291,-147.0
TD,2,train,292,-126.0
TD,2,train,293,-110.0
TD,2,train,294,-97.0
TD,2,train,295,-112.0
TD,2,train,296,-84.0
TD,2,train,297,-90.0
TD,2,train,298,-99.0
TD,2,train,299,-91.0
TD,2,train,300,-82.0
TD,2,train,301,-111.0
TD,2,train,302,-110.0
TD,2,train,303,-105.0
TD,2,train,304,-84.0
TD,2,train,305,-120.0
TD,2,train,306,-93.0
TD,2,train,307,-114.0
TD,2,train,308,-126.0
TD,2,train,309,-107.0
TD,2,train,310,-94.0
TD,2,train,311,-83.0
TD,2,train,312,-117.0
TD,2,train,313,-111.0
TD,2,train,314,-102.0
TD,2,train,315,-98.0
TD,2,train,316,-112.0
TD,2,train,317,-96.0
TD,2,train,318,-147.0
TD,2,train,319,-90.0
TD,2,train,320,-77.0
TD,2,train,321,-108.0
TD,2,train,322,-195.0
TD,2,train,323,-126.0
TD,2,train,324,-118.0
TD,2,train,325,-103.0
TD,2,train,326,-118.0
TD,2,train,327,-99.0
TD,2,train,328,-89.0
TD,2,train,329,-117.0
TD,2,train,330,-128.0
TD,2,train,331,-178.0
TD,2,train,332,-105.0
TD,2,train,333,-132.0
TD,2,train,334,-84.0
TD,2,train,335,-117.0
TD,2,train,336,-90.0
TD,2,train,337,-128.0
TD,2,train,338,-84.0
TD,2,train,339,-95.0
TD,2,train,340,-94.0
TD,2,train,341,-71.0
TD,2,train,342,-124.0
TD,2,train,343,-93.0
TD,2,train,344,-105.0
TD,2,train,345,-89.0
TD,2,train,346,-97.0
TD,2,train,347,-100.0
TD,2,train,348,-87.0
TD,2,train,349,-97.0
TD,2,train,350,-97.0
TD,2,train,351,-144.0
TD,2,train,352,-100.0
TD,2,train,353,-84.0
TD,2,train,354,-85.0
TD,2,train,355,-78.0
TD,2,train,356,-70.0
TD,2,train,357,-78.0
TD,2,train,358,-92.0
TD,2,train,359,-94.0
TD,2,train,360,-121.0
TD,2,train,361,-159.0
TD,2,train,362,-93.0
TD,2,train,363,-72.0
TD,2,train,364,-90.0
TD,2,train,365,-84.0
TD,2,train,366,-85.0
TD,2,train,367,-85.0
TD,2,train,368,-70.0
TD,2,train,369,-92.0
TD,2,train,370,-130.0
TD,2,train,371,-94.0
TD,2,train,372,-124.0
TD,2,train,373,-109.0
TD,2,train,374,-112.0
TD,2,train,375,-83.0
TD,2,train,376,-89.0
TD,2,train,377,-79.0
TD,2,train,378,-91.0
TD,2,train,379,-147.0
TD,2,train,380,-107.0
TD,2,train,381,-108.0
TD,2,train,382,-114.0
TD,2,train,383,-111.0
TD,2,train,384,-91.0
TD,2,train,385,-118.0
TD,2,train,386,-82.0
TD,2,train,387,-86.0
TD,2,train,388,-83.0
TD,2,train,389,-97.0
TD,2,train,390,-114.0
TD,2,train,391,-143.0
TD,2,train,392,-115.0
TD,2,train,393,-94.0
TD,2,train,394,-132.0
TD,2,train,395,-79.0
TD,2,train,396,-84.0
TD,2,train,397,-86.0
TD,2,train,398,-87.0
TD,2,train,399,-93.0
TD,2,train,400,-101.0
TD,2,train,401,-86.0
TD,2,train,402,-92.0
TD,2,train,403,-104.0
TD,2,train,404,-120.0
TD,2,train,405,-91.0
TD,2,train,406,-103.0
TD,2,train,407,-128.0
TD,2,train,408,-93.0
TD,2,train,409,-89.0
TD,2,train,410,-104.0
TD,2,train,411,-92.0
TD,2,train,412,-106.0
TD,2,train,413,-92.0
TD,2,train,414,-107.0
TD,2,train,415,-107.0
TD,2,train,416,-133.0
TD,2,train,417,-95.0
TD,2,train,418,-96.0
TD,2,train,419,-72.0
TD,2,train,420,-101.0
TD,2,train,421,-83.0
TD,2,train,422,-123.0
TD,2,train,423,-110.0
TD,2,train,424,-97.0
TD,2,train,425,-116.0
TD,2,train,426,-105.0
TD,2,train,427,-103.0
TD,2,train,428,-93.0
TD,2,train,429,-72.0
TD,2,train,430,-109.0
TD,2,train,431,-143.0
TD,2,train,432,-100.0
TD,2,train,433,-116.0
TD,2,train,434,-98.0
TD,2,train,435,-103.0
TD,2,train,436,-92.0
TD,2,train,437,-100.0
TD,2,train,438,-103.0
TD,2,train,439,-85.0
TD,2,train,440,-89.0
TD,2,train,441,-104.0
TD,2,train,442,-105.0
TD,2,train,443,-71.0
TD,2,train,444,-118.0
TD,2,train,445,-163.0
TD,2,train,446,-100.0
TD,2,train,447,-82.0
TD,2,train,448,-80.0
TD,2,train,449,-96.0
TD,2,train,450,-89.0
TD,2,train,451,-102.0
TD,2,train,452,-72.0
TD,2,train,453,-91.0
TD,2,train,454,-80.0
TD,2,train,455,-117.0
TD,2,train,456,-86.0
TD,2,train,457,-77.0
TD,2,train,458,-83.0
TD,2,train,459,-98.0
TD,2,train,460,-83.0
TD,2,train,461,-76.0
TD,2,train,462,-74.0
TD,2,train,463,-83.0
TD,2,train,464,-88.0
TD,2,train,465,-145.0
TD,2,train,466,-64.0
TD,2,train,467,-72.0
TD,2,train,468,-107.0
TD,2,train,469,-97.0
TD,2,train,470,-98.0
TD,2,train,471,-86.0
TD,2,train,472,-111.0
TD,2,train,473,-112.0
TD,2,train,474,-88.0
TD,2,train,475,-202.0
TD,2,train,476,-105.0
TD,2,train,477,-84.0
TD,2,train,478,-85.0
TD,2,train,479,-83.0
TD,2,train,480,-82.0
TD,2,train,481,-140.0
TD,2,train,482,-77.0
TD,2,train,483,-83.0
TD,2,train,484,-146.0
TD,2,train,485,-97.0
TD,2,train,486,-138.0
TD,2,train,487,-109.0
TD,2,train,488,-63.0
TD,2,train,489,-90.0
TD,2,train,490,-133.0
TD,2,train,491,-91.0
TD,2,train,492,-91.0
TD,2,train,493,-111.0
TD,2,train,494,-91.0
TD,2,train,495,-104.0
TD,2,train,496,-89.0
TD,2,train,497,-71.0
TD,2,train,498,-98.0
TD,2,train,499,-80.0
TD,2,train,500,-70.0
TD,3,train,1,-387.0
TD,3,train,2,-343.0
TD,3,train,3,-331.0
TD,3,train,4,-500.0
TD,3,train,5,-500.0
TD,3,train,6,-500.0
TD,3,train,7,-500.0
TD,3,train,8,-348.0
TD,3,train,9,-500.0
TD,3,train,10,-500.0
TD,3,train,11,-500.0
TD,3,train,12,-500.0
TD,3,train,13,-500.0
TD,3,train,14,-500.0
TD,3,train,15,-459.0
TD,3,train,16,-500.0
TD,3,train,17,-500.0
TD,3,train,18,-500.0
TD,3,train,19,-500.0
TD,3,train,20,-449.0
TD,3,train,21,-406.0
TD,3,train,22,-298.0
TD,3,train,23,-500.0
TD,3,train,24,-445.0
TD,3,train,25,-309.0
TD,3,train,26,-423.0
TD,3,train,27,-255.0
TD,3,train,28,-252.0
TD,3,train,29,-500.0
TD,3,train,30,-455.0
TD,3,train,31,-487.0
TD,3,train,32,-500.0
TD,3,train,33,-337.0
TD,3,train,34,-197.0
TD,3,train,35,-500.0
TD,3,train,36,-375.0
TD,3,train,37,-192.0
TD,3,train,38,-124.0
TD,3,train,39,-194.0
TD,3,train,40,-152.0
TD,3,train,41,-146.0
TD,3,train,42,-105.0
TD,3,train,43,-360.0
TD,3,train,44,-302.0
TD,3,train,45,-349.0
TD,3,train,46,-181.0
TD,3,train,47,-235.0
TD,3,train,48,-199.0
TD,3,train,49,-274.0
TD,3,train,50,-228.0
TD,3,train,51,-419.0
TD,3,train,52,-284.0
TD,3,train,53,-500.0
TD,3,train,54,-485.0
TD,3,train,55,-500.0
TD,3,train,56,-500.0
TD,3,train,57,-500.0
TD,3,train,58,-500.0
TD,3,train,59,-108.0
TD,3,train,60,-232.0
TD,3,train,61,-426.0
TD,3,train,62,-353.0
TD,3,train,63,-249.0
TD,3,train,64,-500.0
TD,3,train,65,-371.0
TD,3,train,66,-198.0
TD,3,train,67,-255.0
TD,3,train,68,-500.0
TD,3,train,69,-500.0
TD,3,train,70,-350.0
TD,3,train,71,-500.0
TD,3,train,72,-234.0
TD,3,train,73,-212.0
TD,3,train,74,-426.0
TD,3,train,75,-202.0
TD,3,train,76,-189.0
TD,3,train,77,-500.0
TD,3,train,78,-196.0
TD,3,train,79,-410.0
TD,3,train,80,-427.0
TD,3,train,81,-233.0
TD,3,train,82,-347.0
TD,3,train,83,-394.0
TD,3,train,84,-158.0
TD,3,train,85,-431.0
TD,3,train,86,-194.0
TD,3,train,87,-326.0
TD,3,train,88,-310.0
TD,3,train,89,-395.0
TD,3,train,90,-190.0
TD,3,train,91,-159.0
TD,3,train,92,-316.0
TD,3,train,93,-168.0
TD,3,train,94,-149.0
TD,3,train,95,-142.0
TD,3,train,96,-205.0
TD,3,train,97,-363.0
TD,3,train,98,-500.0
TD,3,train,99,-175.0
TD,3,train,100,-192.0
TD,3,train,101,-237.0
TD,3,train,102,-500.0
TD,3,train,103,-405.0
TD,3,train,104,-155.0
TD,3,train,105,-193.0
TD,3,train,106,-388.0
TD,3,train,107,-148.0
TD,3,train,108,-185.0
TD,3,train,109,-240.0
TD,3,train,110,-202.0
TD,3,train,111,-148.0
TD,3,train,112,-119.0
TD,3,train,113,-115.0
TD,3,train,114,-124.0
TD,3,train,115,-99.0
TD,3,train,116,-116.0
TD,3,train,117,-159.0
TD,3,train,118,-86.0
TD,3,train,119,-140.0
TD,3,train,120,-199.0
TD,3,train,121,-139.0
TD,3,train,122,-142.0
TD,3,train,123,-109.0
TD,3,train,124,-90.0
TD,3,train,125,-187.0
TD,3,train,126,-115.0
TD,3,train,127,-86.0
TD,3,train,128,-123.0
TD,3,train,129,-116.0
TD,3,train,130,-152.0
TD,3,train,131,-155.0
TD,3,train,132,-86.0
TD,3,train,133,-145.0
TD,3,train,134,-130.0
TD,3,train,135,-137.0
TD,3,train,136,-93.0
TD,3,train,137,-154.0
TD,3,train,138,-120.0
TD,3,train,139,-101.0
TD,3,train,140,-175.0
TD,3,train,141,-148.0
TD,3,train,142,-111.0
TD,3,train,143,-136.0
TD,3,train,144,-126.0
TD,3,train,145,-85.0
TD,3,train,146,-112.0
TD,3,train,147,-267.0
TD,3,train,148,-122.0
TD,3,train,149,-298.0
TD,3,train,150,-113.0
TD,3,train,151,-70.0
TD,3,train,152,-151.0
TD,3,train,153,-92.0
TD,3,train,154,-117.0
TD,3,train,155,-83.0
TD,3,train,156,-94.0
TD,3,train,157,-88.0
TD,3,train,158,-84.0
TD,3,train,159,-108.0
TD,3,train,160,-202.0
TD,3,train,161,-121.0
TD,3,train,162,-170.0
TD,3,train,163,-113.0
TD,3,train,164,-99.0
TD,3,train,165,-99.0
TD,3,train,166,-112.0
TD,3,train,167,-97.0
TD,3,train,168,-87.0
TD,3,train,169,-86.0
TD,3,train,170,-92.0
TD,3,train,171,-75.0
TD,3,train,172,-90.0
TD,3,train,173,-80.0
TD,3,train,174,-80.0
TD,3,train,175,-100.0
TD,3,train,176,-78.0
TD,3,train,177,-153.0
TD,3,train,178,-118.0
TD,3,train,179,-83.0
TD,3,train,180,-90.0
TD,3,train,181,-103.0
TD,3,train,182,-96.0
TD,3,train,183,-94.0
TD,3,train,184,-119.0
TD,3,train,185,-98.0
TD,3,train,186,-90.0
TD,3,train,187,-98.0
TD,3,train,188,-102.0
TD,3,train,189,-159.0
TD,3,train,190,-85.0
TD,3,train,191,-84.0
TD,3,train,192,-96.0
TD,3,train,193,-111.0
TD,3,train,194,-106.0
TD,3,train,195,-115.0
TD,3,train,196,-121.0
TD,3,train,197,-93.0
TD,3,train,198,-81.0
TD,3,train,199,-98.0
TD,3,train,200,-84.0
TD,3,train,201,-99.0
TD,3,train,202,-127.0
TD,3,train,203,-110.0
TD,3,train,204,-86.0
TD,3,train,205,-134.0
TD,3,train,206,-85.0
TD,3,train,207,-95.0
TD,3,train,208,-124.0
TD,3,train,209,-79.0
TD,3,train,210,-142.0
TD,3,train,211,-122.0
TD,3,train,212,-74.0
TD,3,train,213,-86.0
TD,3,train,214,-96.0
TD,3,train,215,-109.0
TD,3,train,216,-103.0
TD,3,train,217,-95.0
TD,3,train,218,-102.0
TD,3,train,219,-102.0
TD,3,train,220,-83.0
TD,3,train,221,-96.0
TD,3,train,222,-86.0
TD,3,train,223,-98.0
TD,3,train,224,-113.0
TD,3,train,225,-77.0
TD,3,train,226,-84.0
TD,3,train,227,-115.0
TD,3,train,228,-88.0
TD,3,train,229,-109.0
TD,3,train,230,-86.0
TD,3,train,231,-84.0
TD,3,train,232,-103.0
TD,3,train,233,-84.0
TD,3,train,234,-99.0
TD,3,train,235,-121.0
TD,3,train,236,-117.0
TD,3,train,237,-92.0
TD,3,train,238,-117.0
TD,3,train,239,-112.0
TD,3,train,240,-77.0
TD,3,train,241,-107.0
TD,3,train,242,-97.0
TD,3,train,243,-111.0
TD,3,train,244,-82.0
TD,3,train,245,-87.0
TD,3,train,246,-94.0
TD,3,train,247,-91.0
TD,3,train,248,-77.0
TD,3,train,249,-108.0
TD,3,train,250,-71.0
TD,3,train,251,-80.0
TD,3,train,252,-85.0
TD,3,train,253,-84.0
TD,3,train,254,-87.0
TD,3,train,255,-130.0
TD,3,train,256,-119.0
TD,3,train,257,-99.0
TD,3,train,258,-71.0
TD,3,train,259,-79.0
TD,3,train,260,-85.0
TD,3,train,261,-75.0
TD,3,train,262,-114.0
TD,3,train,263,-84.0
TD,3,train,264,-125.0
TD,3,train,265,-93.0
TD,3,train,266,-143.0
TD,3,train,267,-105.0
TD,3,train,268,-92.0
TD,3,train,269,-83.0
TD,3,train,270,-78.0
TD,3,train,271,-105.0
TD,3,train,272,-77.0
TD,3,train,273,-122.0
TD,3,train,274,-108.0
TD,3,train,275,-85.0
TD,3,train,276,-77.0
TD,3,train,277,-77.0
TD,3,train,278,-78.0
TD,3,train,279,-99.0
TD,3,train,280,-224.0
TD,3,train,281,-84.0
TD,3,train,282,-78.0
TD,3,train,283,-171.0
TD,3,train,284,-63.0
TD,3,train,285,-91.0
TD,3,train,286,-158.0
TD,3,train,287,-182.0
TD,3,train,288,-78.0
TD,3,train,289,-114.0
TD,3,train,290,-140.0
TD,3,train,291,-76.0
TD,3,train,292,-78.0
TD,3,train,293,-91.0
TD,3,train,294,-99.0
TD,3,train,295,-78.0
TD,3,train,296,-90.0
TD,3,train,297,-113.0
TD,3,train,298,-84.0
TD,3,train,299,-93.0
TD,3,train,300,-110.0
TD,3,train,301,-115.0
TD,3,train,302,-85.0
TD,3,train,303,-90.0
TD,3,train,304,-107.0
TD,3,train,305,-138.0
TD,3,train,306,-114.0
TD,3,train,307,-96.0
TD,3,train,308,-89.0
TD,3,train,309,-177.0
TD,3,train,310,-106.0
TD,3,train,311,-82.0
TD,3,train,312,-63.0
TD,3,train,313,-153.0
TD,3,train,314,-79.0
TD,3,train,315,-129.0
TD,3,train,316,-90.0
TD,3,train,317,-87.0
TD,3,train,318,-86.0
TD,3,train,319,-77.0
TD,3,train,320,-113.0
TD,3,train,321,-90.0
TD,3,train,322,-119.0
TD,3,train,323,-87.0
TD,3,train,324,-118.0
TD,3,train,325,-104.0
TD,3,train,326,-115.0
TD,3,train,327,-65.0
TD,3,train,328,-106.0
TD,3,train,329,-84.0
TD,3,train,330,-95.0
TD,3,train,331,-145.0
TD,3,train,332,-166.0
TD,3,train,333,-65.0
TD,3,train,334,-165.0
TD,3,train,335,-109.0
TD,3,train,336,-102.0
TD,3,train,337,-78.0
TD,3,train,338,-88.0
TD,3,train,339,-95.0
TD,3,train,340,-128.0
TD,3,train,341,-85.0
TD,3,train,342,-78.0
TD,3,train,343,-124.0
TD,3,train,344,-76.0
TD,3,train,345,-82.0
TD,3,train,346,-94.0
TD,3,train,347,-97.0
TD,3,train,348,-86.0
TD,3,train,349,-96.0
TD,3,train,350,-82.0
TD,3,train,351,-114.0
TD,3,train,352,-93.0
TD,3,train,353,-114.0
TD,3,train,354,-117.0
TD,3,train,355,-96.0
TD,3,train,356,-123.0
TD,3,train,357,-87.0
TD,3,train,358,-86.0
TD,3,train,359,-92.0
TD,3,train,360,-105.0
TD,3,train,361,-93.0
TD,3,train,362,-97.0
TD,3,train,363,-78.0
TD,3,train,364,-87.0
TD,3,train,365,-77.0
TD,3,train,366,-112.0
TD,3,train,367,-71.0
TD,3,train,368,-70.0
TD,3,train,369,-103.0
TD,3,train,370,-102.0
TD,3,train,371,-104.0
TD,3,train,372,-82.0
TD,3,train,373,-88.0
TD,3,train,374,-142.0
TD,3,train,375,-97.0
TD,3,train,376,-107.0
TD,3,train,377,-93.0
TD,3,train,378,-75.0
TD,3,train,379,-72.0
TD,3,train,380,-77.0
TD,3,train,381,-88.0
TD,3,train,382,-82.0
TD,3,train,383,-92.0
TD,3,train,384,-85.0
TD,3,train,385,-159.0
TD,3,train,386,-76.0
TD,3,train,387,-90.0
TD,3,train,388,-83.0
TD,3,train,389,-76.0
TD,3,train,390,-90.0
TD,3,train,391,-96.0
TD,3,train,392,-113.0
TD,3,train,393,-79.0
TD,3,train,394,-90.0
TD,3,train,395,-91.0
TD,3,train,396,-83.0
TD,3,train,397,-93.0
TD,3,train,398,-101.0
TD,3,train,399,-97.0
TD,3,train,400,-94.0
TD,3,train,401,-82.0
TD,3,train,402,-97.0
TD,3,train,403,-88.0
TD,3,train,404,-60.0
TD,3,train,405,-81.0
TD,3,train,406,-186.0
TD,3,train,407,-107.0
TD,3,train,408,-241.0
TD,3,train,409,-116.0
TD,3,train,410,-80.0
TD,3,train,411,-76.0
TD,3,train,412,-83.0
TD,3,train,413,-90.0
TD,3,train,414,-104.0
TD,3,train,415,-79.0
TD,3,train,416,-135.0
TD,3,train,417,-106.0
TD,3,train,418,-92.0
TD,3,train,419,-97.0
TD,3,train,420,-91.0
TD,3,train,421,-80.0
TD,3,train,422,-86.0
TD,3,train,423,-263.0
TD,3,train,424,-95.0
TD,3,train,425,-84.0
TD,3,train,426,-97.0
TD,3,train,427,-119.0
TD,3,train,428,-69.0
TD,3,train,429,-95.0
TD,3,train,430,-75.0
TD,3,train,431,-98.0
TD,3,train,432,-63.0
TD,3,train,433,-89.0
TD,3,train,434,-93.0
TD,3,train,435,-96.0
TD,3,train,436,-96.0
TD,3,train,437,-83.0
TD,3,train,438,-82.0
TD,3,train,439,-85.0
TD,3,train,440,-76.0
TD,3,train,441,-99.0
TD,3,train,442,-83.0
TD,3,train,443,-76.0
TD,3,train,444,-115.0
TD,3,train,445,-129.0
TD,3,train,446,-94.0
TD,3,train,447,-91.0
TD,3,train,448,-89.0
TD,3,train,449,-109.0
TD,3,train,450,-94.0
TD,3,train,451,-125.0
TD,3,train,452,-114.0
TD,3,train,453,-85.0
TD,3,train,454,-336.0
TD,3,train,455,-79.0
TD,3,train,456,-93.0
TD,3,train,457,-118.0
TD,3,train,458,-82.0
TD,3,train,459,-78.0
TD,3,train,460,-105.0
TD,3,train,461,-87.0
TD,3,train,462,-135.0
TD,3,train,463,-155.0
TD,3,train,464,-101.0
TD,3,train,465,-95.0
TD,3,train,466,-82.0
TD,3,train,467,-87.0
TD,3,train,468,-96.0
TD,3,train,469,-111.0
TD,3,train,470,-118.0
TD,3,train,471,-112.0
TD,3,train,472,-85.0
TD,3,train,473,-110.0
TD,3,train,474,-120.0
TD,3,train,475,-82.0
TD,3,train,476,-111.0
TD,3,train,477,-78.0
TD,3,train,478,-94.0
TD,3,train,479,-97.0
TD,3,train,480,-78.0
TD,3,train,481,-78.0
TD,3,train,482,-93.0
TD,3,train,483,-84.0
TD,3,train,484,-81.0
TD,3,train,485,-82.0
TD,3,train,486,-103.0
TD,3,train,487,-83.0
TD,3,train,488,-100.0
TD,3,train,489,-83.0
TD,3,train,490,-111.0
TD,3,train,491,-113.0
TD,3,train,492,-76.0
TD,3,train,493,-86.0
TD,3,train,494,-75.0
TD,3,train,495,-74.0
TD,3,train,496,-91.0
TD,3,train,497,-87.0
TD,3,train,498,-94.0
TD,3,train,499,-91.0
TD,3,train,500,-112.0
TD,4,train,1,-500.0
TD,4,train,2,-359.0
TD,4,train,3,-396.0
TD,4,train,4,-402.0
TD,4,train,5,-323.0
TD,4,train,6,-348.0
TD,4,train,7,-132.0
TD,4,train,8,-238.0
TD,4,train,9,-356.0
TD,4,train,10,-470.0
TD,4,train,11,-388.0
TD,4,train,12,-500.0
TD,4,train,13,-257.0
TD,4,train,14,-174.0
TD,4,train,15,-500.0
TD,4,train,16,-343.0
TD,4,train,17,-142.0
TD,4,train,18,-125.0
TD,4,train,19,-183.0
TD,4,train,20,-500.0
TD,4,train,21,-232.0
TD,4,train,22,-500.0
TD,4,train,23,-500.0
TD,4,train,24,-159.0
TD,4,train,25,-500.0
TD,4,train,26,-500.0
TD,4,train,27,-145.0
TD,4,train,28,-500.0
TD,4,train,29,-443.0
TD,4,train,30,-176.0
TD,4,train,31,-172.0
TD,4,train,32,-126.0
TD,4,train,33,-172.0
TD,4,train,34,-116.0
TD,4,train,35,-118.0
TD,4,train,36,-208.0
TD,4,train,37,-151.0
TD,4,train,38,-246.0
TD,4,train,39,-126.0
TD,4,train,40,-148.0
TD,4,train,41,-171.0
TD,4,train,42,-133.0
TD,4,train,43,-134.0
TD,4,train,44,-130.0
TD,4,train,45,-109.0
TD,4,train,46,-143.0
TD,4,train,47,-151.0
TD,4,train,48,-134.0
TD,4,train,49,-193.0
TD,4,train,50,-120.0
TD,4,train,51,-106.0
TD,4,train,52,-179.0
TD,4,train,53,-167.0
TD,4,train,54,-113.0
TD,4,train,55,-145.0
TD,4,train,56,-91.0
TD,4,train,57,-144.0
TD,4,train,58,-103.0
TD,4,train,59,-119.0
TD,4,train,60,-161.0
TD,4,train,61,-190.0
TD,4,train,62,-96.0
TD,4,train,63,-118.0
TD,4,train,64,-126.0
TD,4,train,65,-109.0
TD,4,train,66,-119.0
TD,4,train,67,-143.0
TD,4,train,68,-161.0
TD,4,train,69,-95.0
TD,4,train,70,-95.0
TD,4,train,71,-142.0
TD,4,train,72,-151.0
TD,4,train,73,-147.0
TD,4,train,74,-86.0
TD,4,train,75,-118.0
TD,4,train,76,-94.0
TD,4,train,77,-88.0
TD,4,train,78,-113.0
TD,4,train,79,-111.0
TD,4,train,80,-105.0
TD,4,train,81,-145.0
TD,4,train,82,-101.0
TD,4,train,83,-77.0
TD,4,train,84,-89.0
TD,4,train,85,-82.0
TD,4,train,86,-208.0
TD,4,train,87,-150.0
TD,4,train,88,-252.0
TD,4,train,89,-86.0
TD,4,train,90,-119.0
TD,4,train,91,-81.0
TD,4,train,92,-142.0
TD,4,train,93,-79.0
TD,4,train,94,-110.0
TD,4,train,95,-158.0
TD,4,train,96,-93.0
TD,4,train,97,-89.0
TD,4,train,98,-147.0
TD,4,train,99,-101.0
TD,4,train,100,-127.0
TD,4,train,101,-102.0
TD,4,train,102,-141.0
TD,4,train,103,-120.0
TD,4,train,104,-128.0
TD,4,train,105,-85.0
TD,4,train,106,-106.0
TD,4,train,107,-177.0
TD,4,train,108,-147.0
TD,4,train,109,-123.0
TD,4,train,110,-140.0
TD,4,train,111,-153.0
TD,4,train,112,-92.0
TD,4,train,113,-86.0
TD,4,train,114,-124.0
TD,4,train,115,-148.0
TD,4,train,116,-80.0
TD,4,train,117,-183.0
TD,4,train,118,-97.0
TD,4,train,119,-79.0
TD,4,train,120,-142.0
TD,4,train,121,-97.0
TD,4,train,122,-110.0
TD,4,train,123,-86.0
TD,4,train,124,-65.0
TD,4,train,125,-500.0
TD,4,train,126,-109.0
TD,4,train,127,-98.0
TD,4,train,128,-79.0
TD,4,train,129,-203.0
TD,4,train,130,-101.0
TD,4,train,131,-94.0
TD,4,train,132,-250.0
TD,4,train,133,-115.0
TD,4,train,134,-87.0
TD,4,train,135,-78.0
TD,4,train,136,-117.0
TD,4,train,137,-95.0
TD,4,train,138,-88.0
TD,4,train,139,-107.0
TD,4,train,140,-86.0
TD,4,train,141,-292.0
TD,4,train,142,-101.0
TD,4,train,143,-90.0
TD,4,train,144,-71.0
TD,4,train,145,-500.0
TD,4,train,146,-191.0
TD,4,train,147,-155.0
TD,4,train,148,-79.0
TD,4,train,149,-109.0
TD,4,train,150,-111.0
TD,4,train,151,-79.0
TD,4,train,152,-123.0
TD,4,train,153,-88.0
TD,4,train,154,-122.0
TD,4,train,155,-121.0
TD,4,train,156,-120.0
TD,4,train,157,-110.0
TD,4,train,158,-114.0
TD,4,train,159,-105.0
TD,4,train,160,-72.0
TD,4,train,161,-147.0
TD,4,train,162,-79.0
TD,4,train,163,-116.0
TD,4,train,164,-100.0
TD,4,train,165,-500.0
TD,4,train,166,-152.0
TD,4,train,167,-93.0
TD,4,train,168,-110.0
TD,4,train,169,-103.0
TD,4,train,170,-133.0
TD,4,train,171,-126.0
TD,4,train,172,-140.0
TD,4,train,173,-92.0
TD,4,train,174,-199.0
TD,4,train,175,-135.0
TD,4,train,176,-150.0
TD,4,train,177,-142.0
TD,4,train,178,-136.0
TD,4,train,179,-500.0
TD,4,train,180,-90.0
TD,4,train,181,-127.0
TD,4,train,182,-101.0
TD,4,train,183,-104.0
TD,4,train,184,-138.0
TD,4,train,185,-101.0
TD,4,train,186,-87.0
TD,4,train,187,-131.0
TD,4,train,188,-96.0
TD,4,train,189,-93.0
TD,4,train,190,-78.0
TD,4,train,191,-101.0
TD,4,train,192,-88.0
TD,4,train,193,-99.0
TD,4,train,194,-97.0
TD,4,train,195,-92.0
TD,4,train,196,-119.0
TD,4,train,197,-119.0
TD,4,train,198,-223.0
TD,4,train,199,-77.0
TD,4,train,200,-122.0
TD,4,train,201,-107.0
TD,4,train,202,-107.0
TD,4,train,203,-102.0
TD,4,train,204,-136.0
TD,4,train,205,-83.0
TD,4,train,206,-88.0
TD,4,train,207,-152.0
TD,4,train,208,-102.0
TD,4,train,209,-118.0
TD,4,train,210,-99.0
TD,4,train,211,-109.0
TD,4,train,212,-146.0
TD,4,train,213,-137.0
TD,4,train,214,-155.0
TD,4,train,215,-221.0
TD,4,train,216,-89.0
TD,4,train,217,-78.0
TD,4,train,218,-116.0
TD,4,train,219,-76.0
TD,4,train,220,-123.0
TD,4,train,221,-99.0
TD,4,train,222,-117.0
TD,4,train,223,-114.0
TD,4,train,224,-86.0
TD,4,train,225,-155.0
TD,4,train,226,-83.0
TD,4,train,227,-121.0
TD,4,train,228,-152.0
TD,4,train,229,-162.0
TD,4,train,230,-110.0
TD,4,train,231,-142.0
TD,4,train,232,-141.0
TD,4,train,233,-90.0
TD,4,train,234,-500.0
TD,4,train,235,-177.0
TD,4,train,236,-94.0
TD,4,train,237,-117.0
TD,4,train,238,-107.0
TD,4,train,239,-84.0
TD,4,train,240,-101.0
TD,4,train,241,-76.0
TD,4,train,242,-148.0
TD,4,train,243,-216.0
TD,4,train,244,-118.0
TD,4,train,245,-136.0
TD,4,train,246,-130.0
TD,4,train,247,-134.0
TD,4,train,248,-104.0
TD,4,train,249,-141.0
TD,4,train,250,-115.0
TD,4,train,251,-85.0
TD,4,train,252,-121.0
TD,4,train,253,-79.0
TD,4,train,254,-97.0
TD,4,train,255,-114.0
TD,4,train,256,-105.0
TD,4,train,257,-73.0
TD,4,train,258,-130.0
TD,4,train,259,-87.0
TD,4,train,260,-102.0
TD,4,train,261,-96.0
TD,4,train,262,-84.0
TD,4,train,263,-156.0
TD,4,train,264,-118.0
TD,4,train,265,-77.0
TD,4,train,266,-99.0
TD,4,train,267,-111.0
TD,4,train,268,-96.0
TD,4,train,269,-183.0
TD,4,train,270,-74.0
TD,4,train,271,-86.0
TD,4,train,272,-133.0
TD,4,train,273,-217.0
TD,4,train,274,-76.0
TD,4,train,275,-161.0
TD,4,train,276,-120.0
TD,4,train,277,-92.0
TD,4,train,278,-104.0
TD,4,train,279,-118.0
TD,4,train,280,-145.0
TD,4,train,281,-113.0
TD,4,train,282,-90.0
TD,4,train,283,-78.0
TD,4,train,284,-125.0
TD,4,train,285,-81.0
TD,4,train,286,-92.0
TD,4,train,287,-99.0
TD,4,train,288,-101.0
TD,4,train,289,-99.0
TD,4,train,290,-146.0
TD,4,train,291,-109.0
TD,4,train,292,-77.0
TD,4,train,293,-105.0
TD,4,train,294,-96.0
TD,4,train,295,-80.0
TD,4,train,296,-122.0
TD,4,train,297,-91.0
TD,4,train,298,-500.0
TD,4,train,299,-102.0
TD,4,train,300,-92.0
TD,4,train,301,-92.0
TD,4,train,302,-78.0
TD,4,train,303,-91.0
TD,4,train,304,-125.0
TD,4,train,305,-134.0
TD,4,train,306,-97.0
TD,4,train,307,-100.0
TD,4,train,308,-101.0
TD,4,train,309,-89.0
TD,4,train,310,-167.0
TD,4,train,311,-111.0
TD,4,train,312,-87.0
TD,4,train,313,-100.0
TD,4,train,314,-338.0
TD,4,train,315,-97.0
TD,4,train,316,-105.0
TD,4,train,317,-98.0
TD,4,train,318,-95.0
TD,4,train,319,-91.0
TD,4,train,320,-88.0
TD,4,train,321,-79.0
TD,4,train,322,-153.0
TD,4,train,323,-110.0
TD,4,train,324,-113.0
TD,4,train,325,-103.0
TD,4,train,326,-500.0
TD,4,train,327,-109.0
TD,4,train,328,-93.0
TD,4,train,329,-83.0
TD,4,train,330,-104.0
TD,4,train,331,-107.0
TD,4,train,332,-95.0
TD,4,train,333,-133.0
TD,4,train,334,-118.0
TD,4,train,335,-125.0
TD,4,train,336,-90.0
TD,4,train,337,-105.0
TD,4,train,338,-130.0
TD,4,train,339,-110.0
TD,4,train,340,-91.0
TD,4,train,341,-100.0
TD,4,train,342,-106.0
TD,4,train,343,-96.0
TD,4,train,344,-98.0
TD,4,train,345,-84.0
TD,4,train,346,-180.0
TD,4,train,347,-92.0
TD,4,train,348,-104.0
TD,4,train,349,-75.0
TD,4,train,350,-93.0
TD,4,train,351,-169.0
TD,4,train,352,-75.0
TD,4,train,353,-95.0
TD,4,train,354,-88.0
TD,4,train,355,-101.0
TD,4,train,356,-109.0
TD,4,train,357,-89.0
TD,4,train,358,-69.0
TD,4,train,359,-102.0
TD,4,train,360,-104.0
TD,4,train,361,-95.0
TD,4,train,362,-88.0
TD,4,train,363,-112.0
TD,4,train,364,-221.0
TD,4,train,365,-112.0
TD,4,train,366,-123.0
TD,4,train,367,-95.0
TD,4,train,368,-139.0
TD,4,train,369,-76.0
TD,4,train,370,-151.0
TD,4,train,371,-84.0
TD,4,train,372,-89.0
TD,4,train,373,-116.0
TD,4,train,374,-100.0
TD,4,train,375,-132.0
TD,4,train,376,-96.0
TD,4,train,377,-91.0
TD,4,train,378,-205.0
TD,4,train,379,-91.0
TD,4,train,380,-77.0
TD,4,train,381,-94.0
TD,4,train,382,-136.0
TD,4,train,383,-112.0
TD,4,train,384,-88.0
TD,4,train,385,-96.0
TD,4,train,386,-93.0
TD,4,train,387,-99.0
TD,4,train,388,-87.0
TD,4,train,389,-85.0
TD,4,train,390,-101.0
TD,4,train,391,-112.0
TD,4,train,392,-108.0
TD,4,train,393,-107.0
TD,4,train,394,-107.0
TD,4,train,395,-134.0
TD,4,train,396,-98.0
TD,4,train,397,-109.0
TD,4,train,398,-76.0
TD,4,train,399,-102.0
TD,4,train,400,-77.0
TD,4,train,401,-89.0
TD,4,train,402,-75.0
TD,4,train,403,-63.0
TD,4,train,404,-112.0
TD,4,train,405,-94.0
TD,4,train,406,-85.0
TD,4,train,407,-105.0
TD,4,train,408,-500.0
TD,4,train,409,-87.0
TD,4,train,410,-500.0
TD,4,train,411,-104.0
TD,4,train,412,-99.0
TD,4,train,413,-118.0
TD,4,train,414,-83.0
TD,4,train,415,-91.0
TD,4,train,416,-86.0
TD,4,train,417,-111.0
TD,4,train,418,-131.0
TD,4,train,419,-191.0
TD,4,train,420,-99.0
TD,4,train,421,-128.0
TD,4,train,422,-110.0
TD,4,train,423,-82.0
TD,4,train,424,-120.0
TD,4,train,425,-79.0
TD,4,train,426,-114.0
TD,4,train,427,-96.0
TD,4,train,428,-85.0
TD,4,train,429,-99.0
TD,4,train,430,-84.0
TD,4,train,431,-95.0
TD,4,train,432,-138.0
TD,4,train,433,-113.0
TD,4,train,434,-92.0
TD,4,train,435,-77.0
TD,4,train,436,-64.0
TD,4,train,437,-120.0
TD,4,train,438,-95.0
TD,4,train,439,-81.0
TD,4,train,440,-123.0
TD,4,train,441,-91.0
TD,4,train,442,-108.0
TD,4,train,443,-87.0
TD,4,train,444,-99.0
TD,4,train,445,-99.0
TD,4,train,446,-99.0
TD,4,train,447,-84.0
TD,4,train,448,-103.0
TD,4,train,449,-84.0
TD,4,train,450,-77.0
TD,4,train,451,-77.0
TD,4,train,452,-128.0
TD,4,train,453,-133.0
TD,4,train,454,-96.0
TD,4,train,455,-84.0
TD,4,train,456,-99.0
TD,4,train,457,-87.0
TD,4,train,458,-123.0
TD,4,train,459,-103.0
TD,4,train,460,-99.0
TD,4,train,461,-87.0
TD,4,train,462,-84.0
TD,4,train,463,-101.0
TD,4,train,464,-86.0
TD,4,train,465,-88.0
TD,4,train,466,-105.0
TD,4,train,467,-234.0
TD,4,train,468,-76.0
TD,4,train,469,-108.0
TD,4,train,470,-96.0
TD,4,train,471,-101.0
TD,4,train,472,-93.0
TD,4,train,473,-115.0
TD,4,train,474,-101.0
TD,4,train,475,-321.0
TD,4,train,476,-124.0
TD,4,train,477,-94.0
TD,4,train,478,-146.0
TD,4,train,479,-88.0
TD,4,train,480,-77.0
TD,4,train,481,-76.0
TD,4,train,482,-81.0
TD,4,train,483,-100.0
TD,4,train,484,-98.0
TD,4,train,485,-93.0
TD,4,train,486,-64.0
TD,4,train,487,-94.0
TD,4,train,488,-81.0
TD,4,train,489,-75.0
TD,4,train,490,-102.0
TD,4,train,491,-120.0
TD,4,train,492,-77.0
TD,4,train,493,-100.0
TD,4,train,494,-111.0
TD,4,train,495,-105.0
TD,4,train,496,-123.0
TD,4,train,497,-71.0
TD,4,train,498,-90.0
TD,4,train,499,-95.0
TD,4,train,500,-96.0
TD,5,train,1,-500.0
TD,5,train,2,-500.0
TD,5,train,3,-500.0
TD,5,train,4,-500.0
TD,5,train,5,-500.0
TD,5,train,6,-500.0
TD,5,train,7,-253.0
TD,5,train,8,-138.0
TD,5,train,9,-168.0
TD,5,train,10,-260.0
TD,5,train,11,-240.0
TD,5,train,12,-265.0
TD,5,train,13,-223.0
TD,5,train,14,-116.0
TD,5,train,15,-129.0
TD,5,train,16,-114.0
TD,5,train,17,-264.0
TD,5,train,18,-83.0
TD,5,train,19,-109.0
TD,5,train,20,-129.0
TD,5,train,21,-108.0
TD,5,train,22,-180.0
TD,5,train,23,-149.0
TD,5,train,24,-130.0
TD,5,train,25,-92.0
TD,5,train,26,-135.0
TD,5,train,27,-81.0
TD,5,train,28,-119.0
TD,5,train,29,-80.0
TD,5,train,30,-123.0
TD,5,train,31,-138.0
TD,5,train,32,-118.0
TD,5,train,33,-97.0
TD,5,train,34,-79.0
TD,5,train,35,-136.0
TD,5,train,36,-116.0
TD,5,train,37,-111.0
TD,5,train,38,-121.0
TD,5,train,39,-122.0
TD,5,train,40,-106.0
TD,5,train,41,-142.0
TD,5,train,42,-328.0
TD,5,train,43,-135.0
TD,5,train,44,-263.0
TD,5,train,45,-175.0
TD,5,train,46,-184.0
TD,5,train,47,-378.0
TD,5,train,48,-169.0
TD,5,train,49,-166.0
TD,5,train,50,-267.0
TD,5,train,51,-231.0
TD,5,train,52,-234.0
TD,5,train,53,-193.0
TD,5,train,54,-148.0
TD,5,train,55,-220.0
TD,5,train,56,-167.0
TD,5,train,57,-192.0
TD,5,train,58,-500.0
TD,5,train,59,-453.0
TD,5,train,60,-179.0
TD,5,train,61,-143.0
TD,5,train,62,-135.0
TD,5,train,63,-146.0
TD,5,train,64,-87.0
TD,5,train,65,-94.0
TD,5,train,66,-132.0
TD,5,train,67,-500.0
TD,5,train,68,-131.0
TD,5,train,69,-365.0
TD,5,train,70,-372.0
TD,5,train,71,-185.0
TD,5,train,72,-140.0
TD,5,train,73,-185.0
TD,5,train,74,-261.0
TD,5,train,75,-148.0
TD,5,train,76,-242.0
TD,5,train,77,-84.0
TD,5,train,78,-122.0
TD,5,train,79,-146.0
TD,5,train,80,-201.0
TD,5,train,81,-181.0
TD,5,train,82,-93.0
TD,5,train,83,-138.0
TD,5,train,84,-91.0
TD,5,train,85,-183.0
TD,5,train,86,-119.0
TD,5,train,87,-125.0
TD,5,train,88,-115.0
TD,5,train,89,-200.0
TD,5,train,90,-202.0
TD,5,train,91,-136.0
TD,5,train,92,-146.0
TD,5,train,93,-195.0
TD,5,train,94,-98.0
TD,5,train,95,-159.0
TD,5,train,96,-422.0
TD,5,train,97,-207.0
TD,5,train,98,-116.0
TD,5,train,99,-222.0
TD,5,train,100,-328.0
TD,5,train,101,-500.0
TD,5,train,102,-155.0
TD,5,train,103,-500.0
TD,5,train,104,-80.0
TD,5,train,105,-203.0
TD,5,train,106,-130.0
TD,5,train,107,-221.0
TD,5,train,108,-142.0
TD,5,train,109,-141.0
TD,5,train,110,-133.0
TD,5,train,111,-100.0
TD,5,train,112,-133.0
TD,5,train,113,-104.0
TD,5,train,114,-145.0
TD,5,train,115,-131.0
TD,5,train,116,-141.0
TD,5,train,117,-130.0
TD,5,train,118,-119.0
TD,5,train,119,-133.0
TD,5,train,120,-218.0
TD,5,train,121,-83.0
TD,5,train,122,-250.0
TD,5,train,123,-136.0
TD,5,train,124,-122.0
TD,5,train,125,-144.0
TD,5,train,126,-113.0
TD,5,train,127,-123.0
TD,5,train,128,-145.0
TD,5,train,129,-114.0
TD,5,train,130,-125.0
TD,5,train,131,-156.0
TD,5,train,132,-148.0
TD,5,train,133,-160.0
TD,5,train,134,-311.0
TD,5,train,135,-280.0
TD,5,train,136,-140.0
TD,5,train,137,-132.0
TD,5,train,138,-148.0
TD,5,train,139,-103.0
TD,5,train,140,-187.0
TD,5,train,141,-79.0
TD,5,train,142,-114.0
TD,5,train,143,-113.0
TD,5,train,144,-155.0
TD,5,train,145,-131.0
TD,5,train,146,-111.0
TD,5,train,147,-235.0
TD,5,train,148,-78.0
TD,5,train,149,-85.0
TD,5,train,150,-120.0
TD,5,train,151,-100.0
TD,5,train,152,-77.0
TD,5,train,153,-133.0
TD,5,train,154,-105.0
TD,5,train,155,-155.0
TD,5,train,156,-179.0
TD,5,train,157,-141.0
TD,5,train,158,-88.0
TD,5,train,159,-79.0
TD,5,train,160,-109.0
TD,5,train,161,-118.0
TD,5,train,162,-109.0
TD,5,train,163,-124.0
TD,5,train,164,-99.0
TD,5,train,165,-126.0
TD,5,train,166,-98.0
TD,5,train,167,-84.0
TD,5,train,168,-116.0
TD,5,train,169,-96.0
TD,5,train,170,-137.0
TD,5,train,171,-145.0
TD,5,train,172,-100.0
TD,5,train,173,-125.0
TD,5,train,174,-86.0
TD,5,train,175,-101.0
TD,5,train,176,-85.0
TD,5,train,177,-105.0
TD,5,train,178,-103.0
TD,5,train,179,-77.0
TD,5,train,180,-129.0
TD,5,train,181,-109.0
TD,5,train,182,-76.0
TD,5,train,183,-91.0
TD,5,train,184,-76.0
TD,5,train,185,-97.0
TD,5,train,186,-110.0
TD,5,train,187,-97.0
TD,5,train,188,-95.0
TD,5,train,189,-88.0
TD,5,train,190,-123.0
TD,5,train,191,-86.0
TD,5,train,192,-109.0
TD,5,train,193,-150.0
TD,5,train,194,-120.0
TD,5,train,195,-98.0
TD,5,train,196,-80.0
TD,5,train,197,-89.0
TD,5,train,198,-94.0
TD,5,train,199,-93.0
TD,5,train,200,-84.0
TD,5,train,201,-134.0
TD,5,train,202,-145.0
TD,5,train,203,-84.0
TD,5,train,204,-112.0
TD,5,train,205,-141.0
TD,5,train,206,-78.0
TD,5,train,207,-111.0
TD,5,train,208,-86.0
TD,5,train,209,-90.0
TD,5,train,210,-113.0
TD,5,train,211,-117.0
TD,5,train,212,-109.0
TD,5,train,213,-110.0
TD,5,train,214,-116.0
TD,5,train,215,-92.0
TD,5,train,216,-94.0
TD,5,train,217,-131.0
TD,5,train,218,-118.0
TD,5,train,219,-132.0
TD,5,train,220,-104.0
TD,5,train,221,-167.0
TD,5,train,222,-80.0
TD,5,train,223,-101.0
TD,5,train,224,-85.0
TD,5,train,225,-108.0
TD,5,train,226,-119.0
TD,5,train,227,-87.0
TD,5,train,228,-108.0
TD,5,train,229,-135.0
TD,5,train,230,-122.0
TD,5,train,231,-93.0
TD,5,train,232,-98.0
TD,5,train,233,-94.0
TD,5,train,234,-196.0
TD,5,train,235,-128.0
TD,5,train,236,-80.0
TD,5,train,237,-93.0
TD,5,train,238,-76.0
TD,5,train,239,-99.0
TD,5,train,240,-119.0
TD,5,train,241,-97.0
TD,5,train,242,-125.0
TD,5,train,243,-87.0
TD,5,train,244,-78.0
TD,5,train,245,-500.0
TD,5,train,246,-154.0
TD,5,train,247,-109.0
TD,5,train,248,-63.0
TD,5,train,249,-115.0
TD,5,train,250,-127.0
TD,5,train,251,-123.0
TD,5,train,252,-87.0
TD,5,train,253,-84.0
TD,5,train,254,-156.0
TD,5,train,255,-92.0
TD,5,train,256,-94.0
TD,5,train,257,-90.0
TD,5,train,258,-108.0
TD,5,train,259,-65.0
TD,5,train,260,-78.0
TD,5,train,261,-210.0
TD,5,train,262,-104.0
TD,5,train,263,-104.0
TD,5,train,264,-90.0
TD,5,train,265,-90.0
TD,5,train,266,-79.0
TD,5,train,267,-84.0
TD,5,train,268,-105.0
TD,5,train,269,-94.0
TD,5,train,270,-72.0
TD,5,train,271,-121.0
TD,5,train,272,-93.0
TD,5,train,273,-100.0
TD,5,train,274,-92.0
TD,5,train,275,-108.0
TD,5,train,276,-93.0
TD,5,train,277,-91.0
TD,5,train,278,-86.0
TD,5,train,279,-106.0
TD,5,train,280,-73.0
TD,5,train,281,-91.0
TD,5,train,282,-104.0
TD,5,train,283,-76.0
TD,5,train,284,-165.0
TD,5,train,285,-484.0
TD,5,train,286,-96.0
TD,5,train,287,-132.0
TD,5,train,288,-82.0
TD,5,train,289,-78.0
TD,5,train,290,-109.0
TD,5,train,291,-109.0
TD,5,train,292,-93.0
TD,5,train,293,-97.0
TD,5,train,294,-116.0
TD,5,train,295,-93.0
TD,5,train,296,-114.0
TD,5,train,297,-137.0
TD,5,train,298,-141.0
TD,5,train,299,-89.0
TD,5,train,300,-77.0
TD,5,train,301,-89.0
TD,5,train,302,-187.0
TD,5,train,303,-105.0
TD,5,train,304,-74.0
TD,5,train,305,-78.0
TD,5,train,306,-77.0
TD,5,train,307,-150.0
TD,5,train,308,-78.0
TD,5,train,309,-85.0
TD,5,train,310,-86.0
TD,5,train,311,-114.0
TD,5,train,312,-113.0
TD,5,train,313,-192.0
TD,5,train,314,-128.0
TD,5,train,315,-93.0
TD,5,train,316,-121.0
TD,5,train,317,-100.0
TD,5,train,318,-85.0
TD,5,train,319,-260.0
TD,5,train,320,-95.0
TD,5,train,321,-102.0
TD,5,train,322,-93.0
TD,5,train,323,-101.0
TD,5,train,324,-500.0
TD,5,train,325,-96.0
TD,5,train,326,-165.0
TD,5,train,327,-73.0
TD,5,train,328,-110.0
TD,5,train,329,-93.0
TD,5,train,330,-89.0
TD,5,train,331,-85.0
TD,5,train,332,-124.0
TD,5,train,333,-141.0
TD,5,train,334,-151.0
TD,5,train,335,-78.0
TD,5,train,336,-103.0
TD,5,train,337,-272.0
TD,5,train,338,-82.0
TD,5,train,339,-102.0
TD,5,train,340,-88.0
TD,5,train,341,-103.0
TD,5,train,342,-86.0
TD,5,train,343,-83.0
TD,5,train,344,-133.0
TD,5,train,345,-108.0
TD,5,train,346,-78.0
TD,5,train,347,-105.0
TD,5,train,348,-353.0
TD,5,train,349,-129.0
TD,5,train,350,-87.0
TD,5,train,351,-98.0
TD,5,train,352,-98.0
TD,5,train,353,-147.0
TD,5,train,354,-78.0
TD,5,train,355,-97.0
TD,5,train,356,-133.0
TD,5,train,357,-115.0
TD,5,train,358,-116.0
TD,5,train,359,-80.0
TD,5,train,360,-112.0
TD,5,train,361,-93.0
TD,5,train,362,-142.0
TD,5,train,363,-80.0
TD,5,train,364,-78.0
TD,5,train,365,-77.0
TD,5,train,366,-88.0
TD,5,train,367,-125.0
TD,5,train,368,-92.0
TD,5,train,369,-85.0
TD,5,train,370,-81.0
TD,5,train,371,-131.0
TD,5,train,372,-108.0
TD,5,train,373,-85.0
TD,5,train,374,-108.0
TD,5,train,375,-96.0
TD,5,train,376,-85.0
TD,5,train,377,-102.0
TD,5,train,378,-82.0
TD,5,train,379,-64.0
TD,5,train,380,-101.0
TD,5,train,381,-85.0
TD,5,train,382,-72.0
TD,5,train,383,-99.0
TD,5,train,384,-105.0
TD,5,train,385,-103.0
TD,5,train,386,-107.0
TD,5,train,387,-100.0
TD,5,train,388,-100.0
TD,5,train,389,-84.0
TD,5,train,390,-116.0
TD,5,train,391,-89.0
TD,5,train,392,-146.0
TD,5,train,393,-154.0
TD,5,train,394,-99.0
TD,5,train,395,-122.0
TD,5,train,396,-99.0
TD,5,train,397,-81.0
TD,5,train,398,-87.0
TD,5,train,399,-128.0
TD,5,train,400,-102.0
TD,5,train,401,-87.0
TD,5,train,402,-108.0
TD,5,train,403,-113.0
TD,5,train,404,-102.0
TD,5,train,405,-97.0
TD,5,train,406,-98.0
TD,5,train,407,-91.0
TD,5,train,408,-500.0
TD,5,train,409,-119.0
TD,5,train,410,-79.0
TD,5,train,411,-91.0
TD,5,train,412,-109.0
TD,5,train,413,-107.0
TD,5,train,414,-93.0
TD,5,train,415,-109.0
TD,5,train,416,-65.0
TD,5,train,417,-98.0
TD,5,train,418,-133.0
TD,5,train,419,-84.0
TD,5,train,420,-86.0
TD,5,train,421,-75.0
TD,5,train,422,-106.0
TD,5,train,423,-87.0
TD,5,train,424,-161.0
TD,5,train,425,-101.0
TD,5,train,426,-84.0
TD,5,train,427,-124.0
TD,5,train,428,-81.0
TD,5,train,429,-78.0
TD,5,train,430,-106.0
TD,5,train,431,-124.0
TD,5,train,432,-98.0
TD,5,train,433,-123.0
TD,5,train,434,-88.0
TD,5,train,435,-112.0
TD,5,train,436,-89.0
TD,5,train,437,-82.0
TD,5,train,438,-87.0
TD,5,train,439,-102.0
TD,5,train,440,-90.0
TD,5,train,441,-127.0
TD,5,train,442,-105.0
TD,5,train,443,-72.0
TD,5,train,444,-93.0
TD,5,train,445,-120.0
TD,5,train,446,-83.0
TD,5,train,447,-222.0
TD,5,train,448,-111.0
TD,5,train,449,-141.0
TD,5,train,450,-83.0
TD,5,train,451,-121.0
TD,5,train,452,-95.0
TD,5,train,453,-150.0
TD,5,train,454,-91.0
TD,5,train,455,-132.0
TD,5,train,456,-100.0
TD,5,train,457,-101.0
TD,5,train,458,-88.0
TD,5,train,459,-119.0
TD,5,train,460,-86.0
TD,5,train,461,-93.0
TD,5,train,462,-310.0
TD,5,train,463,-102.0
TD,5,train,464,-85.0
TD,5,train,465,-79.0
TD,5,train,466,-114.0
TD,5,train,467,-70.0
TD,5,train,468,-85.0
TD,5,train,469,-195.0
TD,5,train,470,-64.0
TD,5,train,471,-219.0
TD,5,train,472,-81.0
TD,5,train,473,-93.0
TD,5,train,474,-110.0
TD,5,train,475,-81.0
TD,5,train,476,-100.0
TD,5,train,477,-96.0
TD,5,train,478,-102.0
TD,5,train,479,-136.0
TD,5,train,480,-109.0
TD,5,train,481,-116.0
TD,5,train,482,-100.0
TD,5,train,483,-84.0
TD,5,train,484,-96.0
TD,5,train,485,-73.0
TD,5,train,486,-102.0
TD,5,train,487,-96.0
TD,5,train,488,-102.0
TD,5,train,489,-108.0
TD,5,train,490,-98.0
TD,5,train,491,-113.0
TD,5,train,492,-79.0
TD,5,train,493,-102.0
TD,5,train,494,-107.0
TD,5,train,495,-127.0
TD,5,train,496,-88.0
TD,5,train,497,-115.0
TD,5,train,498,-103.0
TD,5,train,499,-92.0
TD,5,train,500,-81.0
TD,6,train,1,-324.0
TD,6,train,2,-500.0
TD,6,train,3,-500.0
TD,6,train,4,-500.0
TD,6,train,5,-500.0
TD,6,train,6,-265.0
TD,6,train,7,-443.0
TD,6,train,8,-500.0
TD,6,train,9,-500.0
TD,6,train,10,-500.0
TD,6,train,11,-500.0
TD,6,train,12,-331.0
TD,6,train,13,-500.0
TD,6,train,14,-500.0
TD,6,train,15,-500.0
TD,6,train,16,-500.0
TD,6,train,17,-500.0
TD,6,train,18,-500.0
TD,6,train,19,-500.0
TD,6,train,20,-500.0
TD,6,train,21,-500.0
TD,6,train,22,-500.0
TD,6,train,23,-500.0
TD,6,train,24,-500.0
TD,6,train,25,-500.0
TD,6,train,26,-500.0
TD,6,train,27,-500.0
TD,6,train,28,-500.0
TD,6,train,29,-500.0
TD,6,train,30,-500.0
TD,6,train,31,-500.0
TD,6,train,32,-500.0
TD,6,train,33,-500.0
TD,6,train,34,-500.0
TD,6,train,35,-500.0
TD,6,train,36,-500.0
TD,6,train,37,-500.0
TD,6,train,38,-500.0
TD,6,train,39,-500.0
TD,6,train,40,-500.0
TD,6,train,41,-500.0
TD,6,train,42,-500.0
TD,6,train,43,-500.0
TD,6,train,44,-500.0
TD,6,train,45,-500.0
TD,6,train,46,-500.0
TD,6,train,47,-500.0
TD,6,train,48,-500.0
TD,6,train,49,-500.0
TD,6,train,50,-500.0
TD,6,train,51,-500.0
TD,6,train,52,-500.0
TD,6,train,53,-500.0
TD,6,train,54,-500.0
TD,6,train,55,-500.0
TD,6,train,56,-500.0
TD,6,train,57,-500.0
TD,6,train,58,-500.0
TD,6,train,59,-500.0
TD,6,train,60,-500.0
TD,6,train,61,-372.0
TD,6,train,62,-500.0
TD,6,train,63,-319.0
TD,6,train,64,-500.0
TD,6,train,65,-434.0
TD,6,train,66,-500.0
TD,6,train,67,-303.0
TD,6,train,68,-462.0
TD,6,train,69,-170.0
TD,6,train,70,-102.0
TD,6,train,71,-261.0
TD,6,train,72,-322.0
TD,6,train,73,-115.0
TD,6,train,74,-248.0
TD,6,train,75,-500.0
TD,6,train,76,-273.0
TD,6,train,77,-484.0
TD,6,train,78,-222.0
TD,6,train,79,-440.0
TD,6,train,80,-500.0
TD,6,train,81,-500.0
TD,6,train,82,-500.0
TD,6,train,83,-500.0
TD,6,train,84,-305.0
TD,6,train,85,-500.0
TD,6,train,86,-181.0
TD,6,train,87,-170.0
TD,6,train,88,-500.0
TD,6,train,89,-500.0
TD,6,train,90,-335.0
TD,6,train,91,-161.0
TD,6,train,92,-277.0
TD,6,train,93,-483.0
TD,6,train,94,-210.0
TD,6,train,95,-130.0
TD,6,train,96,-121.0
TD,6,train,97,-500.0
TD,6,train,98,-500.0
TD,6,train,99,-322.0
TD,6,train,100,-500.0
TD,6,train,101,-182.0
TD,6,train,102,-246.0
TD,6,train,103,-188.0
TD,6,train,104,-146.0
TD,6,train,105,-459.0
TD,6,train,106,-500.0
TD,6,train,107,-234.0
TD,6,train,108,-94.0
TD,6,train,109,-244.0
TD,6,train,110,-148.0
TD,6,train,111,-111.0
TD,6,train,112,-188.0
TD,6,train,113,-111.0
TD,6,train,114,-162.0
TD,6,train,115,-82.0
TD,6,train,116,-148.0
TD,6,train,117,-102.0
TD,6,train,118,-500.0
TD,6,train,119,-139.0
TD,6,train,120,-299.0
TD,6,train,121,-143.0
TD,6,train,122,-213.0
TD,6,train,123,-206.0
TD,6,train,124,-500.0
TD,6,train,125,-203.0
TD,6,train,126,-173.0
TD,6,train,127,-106.0
TD,6,train,128,-343.0
TD,6,train,129,-124.0
TD,6,train,130,-161.0
TD,6,train,131,-95.0
TD,6,train,132,-136.0
TD,6,train,133,-130.0
TD,6,train,134,-158.0
TD,6,train,135,-114.0
TD,6,train,136,-127.0
TD,6,train,137,-216.0
TD,6,train,138,-172.0
TD,6,train,139,-218.0
TD,6,train,140,-228.0
TD,6,train,141,-79.0
TD,6,train,142,-99.0
TD,6,train,143,-188.0
TD,6,train,144,-148.0
TD,6,train,145,-77.0
TD,6,train,146,-160.0
TD,6,train,147,-107.0
TD,6,train,148,-169.0
TD,6,train,149,-127.0
TD,6,train,150,-111.0
TD,6,train,151,-180.0
TD,6,train,152,-120.0
TD,6,train,153,-143.0
TD,6,train,154,-126.0
TD,6,train,155,-143.0
TD,6,train,156,-127.0
TD,6,train,157,-108.0
TD,6,train,158,-225.0
TD,6,train,159,-79.0
TD,6,train,160,-72.0
TD,6,train,161,-159.0
TD,6,train,162,-120.0
TD,6,train,163,-147.0
TD,6,train,164,-274.0
TD,6,train,165,-139.0
TD,6,train,166,-138.0
TD,6,train,167,-158.0
TD,6,train,168,-81.0
TD,6,train,169,-116.0
TD,6,train,170,-177.0
TD,6,train,171,-97.0
TD,6,train,172,-113.0
TD,6,train,173,-112.0
TD,6,train,174,-162.0
TD,6,train,175,-123.0
TD,6,train,176,-95.0
TD,6,train,177,-174.0
TD,6,train,178,-88.0
TD,6,train,179,-107.0
TD,6,train,180,-147.0
TD,6,train,181,-120.0
TD,6,train,182,-67.0
TD,6,train,183,-88.0
TD,6,train,184,-120.0
TD,6,train,185,-164.0
TD,6,train,186,-106.0
TD,6,train,187,-86.0
TD,6,train,188,-111.0
TD,6,train,189,-110.0
TD,6,train,190,-121.0
TD,6,train,191,-143.0
TD,6,train,192,-98.0
TD,6,train,193,-151.0
TD,6,train,194,-128.0
TD,6,train,195,-102.0
TD,6,train,196,-103.0
TD,6,train,197,-126.0
TD,6,train,198,-182.0
TD,6,train,199,-79.0
TD,6,train,200,-133.0
TD,6,train,201,-104.0
TD,6,train,202,-115.0
TD,6,train,203,-121.0
TD,6,train,204,-157.0
TD,6,train,205,-163.0
TD,6,train,206,-127.0
TD,6,train,207,-94.0
TD,6,train,208,-112.0
TD,6,train,209,-96.0
TD,6,train,210,-116.0
TD,6,train,211,-124.0
TD,6,train,212,-126.0
TD,6,train,213,-92.0
TD,6,train,214,-87.0
TD,6,train,215,-123.0
TD,6,train,216,-116.0
TD,6,train,217,-125.0
TD,6,train,218,-102.0
TD,6,train,219,-142.0
TD,6,train,220,-78.0
TD,6,train,221,-129.0
TD,6,train,222,-158.0
TD,6,train,223,-116.0
TD,6,train,224,-500.0
TD,6,train,225,-176.0
TD,6,train,226,-130.0
TD,6,train,227,-99.0
TD,6,train,228,-140.0
TD,6,train,229,-191.0
TD,6,train,230,-93.0
TD,6,train,231,-97.0
TD,6,train,232,-100.0
TD,6,train,233,-125.0
TD,6,train,234,-142.0
TD,6,train,235,-86.0
TD,6,train,236,-91.0
TD,6,train,237,-81.0
TD,6,train,238,-124.0
TD,6,train,239,-101.0
TD,6,train,240,-132.0
TD,6,train,241,-116.0
TD,6,train,242,-123.0
TD,6,train,243,-101.0
TD,6,train,244,-141.0
TD,6,train,245,-217.0
TD,6,train,246,-173.0
TD,6,train,247,-92.0
TD,6,train,248,-267.0
TD,6,train,249,-96.0
TD,6,train,250,-220.0
TD,6,train,251,-133.0
TD,6,train,252,-218.0
TD,6,train,253,-96.0
TD,6,train,254,-109.0
TD,6,train,255,-139.0
TD,6,train,256,-95.0
TD,6,train,257,-156.0
TD,6,train,258,-129.0
TD,6,train,259,-125.0
TD,6,train,260,-146.0
TD,6,train,261,-90.0
TD,6,train,262,-239.0
TD,6,train,263,-111.0
TD,6,train,264,-118.0
TD,6,train,265,-111.0
TD,6,train,266,-133.0
TD,6,train,267,-121.0
TD,6,train,268,-128.0
TD,6,train,269,-87.0
TD,6,train,270,-151.0
TD,6,train,271,-102.0
TD,6,train,272,-100.0
TD,6,train,273,-103.0
TD,6,train,274,-89.0
TD,6,train,275,-85.0
TD,6,train,276,-120.0
TD,6,train,277,-117.0
TD,6,train,278,-110.0
TD,6,train,279,-117.0
TD,6,train,280,-99.0
TD,6,train,281,-137.0
TD,6,train,282,-238.0
TD,6,train,283,-115.0
TD,6,train,284,-108.0
TD,6,train,285,-82.0
TD,6,train,286,-94.0
TD,6,train,287,-107.0
TD,6,train,288,-112.0
TD,6,train,289,-171.0
TD,6,train,290,-125.0
TD,6,train,291,-183.0
TD,6,train,292,-80.0
TD,6,train,293,-99.0
TD,6,train,294,-107.0
TD,6,train,295,-170.0
TD,6,train,296,-125.0
TD,6,train,297,-129.0
TD,6,train,298,-84.0
TD,6,train,299,-93.0
TD,6,train,300,-95.0
TD,6,train,301,-115.0
TD,6,train,302,-76.0
TD,6,train,303,-162.0
TD,6,train,304,-146.0
TD,6,train,305,-110.0
TD,6,train,306,-76.0
TD,6,train,307,-100.0
TD,6,train,308,-97.0
TD,6,train,309,-82.0
TD,6,train,310,-181.0
TD,6,train,311,-96.0
TD,6,train,312,-103.0
TD,6,train,313,-138.0
TD,6,train,314,-105.0
TD,6,train,315,-192.0
TD,6,train,316,-104.0
TD,6,train,317,-187.0
TD,6,train,318,-119.0
TD,6,train,319,-114.0
TD,6,train,320,-128.0
TD,6,train,321,-135.0
TD,6,train,322,-64.0
TD,6,train,323,-85.0
TD,6,train,324,-132.0
TD,6,train,325,-115.0
TD,6,train,326,-86.0
TD,6,train,327,-100.0
TD,6,train,328,-165.0
TD,6,train,329,-109.0
TD,6,train,330,-109.0
TD,6,train,331,-109.0
TD,6,train,332,-97.0
TD,6,train,333,-78.0
TD,6,train,334,-105.0
TD,6,train,335,-130.0
TD,6,train,336,-131.0
TD,6,train,337,-130.0
TD,6,train,338,-112.0
TD,6,train,339,-120.0
TD,6,train,340,-97.0
TD,6,train,341,-87.0
TD,6,train,342,-137.0
TD,6,train,343,-82.0
TD,6,train,344,-119.0
TD,6,train,345,-111.0
TD,6,train,346,-95.0
TD,6,train,347,-136.0
TD,6,train,348,-96.0
TD,6,train,349,-119.0
TD,6,train,350,-126.0
TD,6,train,351,-125.0
TD,6,train,352,-126.0
TD,6,train,353,-98.0
TD,6,train,354,-112.0
TD,6,train,355,-71.0
TD,6,train,356,-83.0
TD,6,train,357,-137.0
TD,6,train,358,-89.0
TD,6,train,359,-95.0
TD,6,train,360,-198.0
TD,6,train,361,-90.0
TD,6,train,362,-112.0
TD,6,train,363,-131.0
TD,6,train,364,-142.0
TD,6,train,365,-116.0
TD,6,train,366,-101.0
TD,6,train,367,-111.0
TD,6,train,368,-101.0
TD,6,train,369,-115.0
TD,6,train,370,-80.0
TD,6,train,371,-108.0
TD,6,train,372,-113.0
TD,6,train,373,-83.0
TD,6,train,374,-79.0
TD,6,train,375,-103.0
TD,6,train,376,-75.0
TD,6,train,377,-67.0
TD,6,train,378,-100.0
TD,6,train,379,-107.0
TD,6,train,380,-109.0
TD,6,train,381,-81.0
TD,6,train,382,-129.0
TD,6,train,383,-86.0
TD,6,train,384,-150.0
TD,6,train,385,-85.0
TD,6,train,386,-84.0
TD,6,train,387,-112.0
TD,6,train,388,-84.0
TD,6,train,389,-100.0
TD,6,train,390,-92.0
TD,6,train,391,-77.0
TD,6,train,392,-108.0
TD,6,train,393,-107.0
TD,6,train,394,-78.0
TD,6,train,395,-230.0
TD,6,train,396,-136.0
TD,6,train,397,-109.0
TD,6,train,398,-160.0
TD,6,train,399,-95.0
TD,6,train,400,-96.0
TD,6,train,401,-105.0
TD,6,train,402,-71.0
TD,6,train,403,-91.0
TD,6,train,404,-164.0
TD,6,train,405,-101.0
TD,6,train,406,-108.0
TD,6,train,407,-73.0
TD,6,train,408,-500.0
TD,6,train,409,-85.0
TD,6,train,410,-88.0
TD,6,train,411,-72.0
TD,6,train,412,-123.0
TD,6,train,413,-78.0
TD,6,train,414,-108.0
TD,6,train,415,-109.0
TD,6,train,416,-155.0
TD,6,train,417,-79.0
TD,6,train,418,-86.0
TD,6,train,419,-83.0
TD,6,train,420,-76.0
TD,6,train,421,-106.0
TD,6,train,422,-96.0
TD,6,train,423,-79.0
TD,6,train,424,-86.0
TD,6,train,425,-153.0
TD,6,train,426,-100.0
TD,6,train,427,-171.0
TD,6,train,428,-118.0
TD,6,train,429,-86.0
TD,6,train,430,-75.0
TD,6,train,431,-159.0
TD,6,train,432,-72.0
TD,6,train,433,-78.0
TD,6,train,434,-98.0
TD,6,train,435,-120.0
TD,6,train,436,-114.0
TD,6,train,437,-81.0
TD,6,train,438,-104.0
TD,6,train,439,-106.0
TD,6,train,440,-132.0
TD,6,train,441,-94.0
TD,6,train,442,-103.0
TD,6,train,443,-109.0
TD,6,train,444,-163.0
TD,6,train,445,-97.0
TD,6,train,446,-97.0
TD,6,train,447,-87.0
TD,6,train,448,-194.0
TD,6,train,449,-152.0
TD,6,train,450,-116.0
TD,6,train,451,-81.0
TD,6,train,452,-75.0
TD,6,train,453,-82.0
TD,6,train,454,-90.0
TD,6,train,455,-76.0
TD,6,train,456,-113.0
TD,6,train,457,-79.0
TD,6,train,458,-129.0
TD,6,train,459,-153.0
TD,6,train,460,-98.0
TD,6,train,461,-90.0
TD,6,train,462,-79.0
TD,6,train,463,-134.0
TD,6,train,464,-154.0
TD,6,train,465,-128.0
TD,6,train,466,-128.0
TD,6,train,467,-82.0
TD,6,train,468,-95.0
TD,6,train,469,-94.0
TD,6,train,470,-88.0
TD,6,train,471,-106.0
TD,6,train,472,-102.0
TD,6,train,473,-89.0
TD,6,train,474,-95.0
TD,6,train,475,-86.0
TD,6,train,476,-155.0
TD,6,train,477,-129.0
TD,6,train,478,-109.0
TD,6,train,479,-82.0
TD,6,train,480,-86.0
TD,6,train,481,-64.0
TD,6,train,482,-88.0
TD,6,train,483,-136.0
TD,6,train,484,-85.0
TD,6,train,485,-87.0
TD,6,train,486,-110.0
TD,6,train,487,-84.0
TD,6,train,488,-132.0
TD,6,train,489,-123.0
TD,6,train,490,-76.0
TD,6,train,491,-116.0
TD,6,train,492,-100.0
TD,6,train,493,-178.0
TD,6,train,494,-84.0
TD,6,train,495,-91.0
TD,6,train,496,-111.0
TD,6,train,497,-88.0
TD,6,train,498,-84.0
TD,6,train,499,-129.0
TD,6,train,500,-96.0
TD,7,train,1,-500.0
TD,7,train,2,-500.0
TD,7,train,3,-500.0
TD,7,train,4,-500.0
TD,7,train,5,-500.0
TD,7,train,6,-500.0
TD,7,train,7,-500.0
TD,7,train,8,-500.0
TD,7,train,9,-500.0
TD,7,train,10,-166.0
TD,7,train,11,-419.0
TD,7,train,12,-200.0
TD,7,train,13,-264.0
TD,7,train,14,-500.0
TD,7,train,15,-180.0
TD,7,train,16,-295.0
TD,7,train,17,-261.0
TD,7,train,18,-264.0
TD,7,train,19,-239.0
TD,7,train,20,-500.0
TD,7,train,21,-500.0
TD,7,train,22,-500.0
TD,7,train,23,-500.0
TD,7,train,24,-500.0
TD,7,train,25,-500.0
TD,7,train,26,-500.0
TD,7,train,27,-500.0
TD,7,train,28,-500.0
TD,7,train,29,-500.0
TD,7,train,30,-500.0
TD,7,train,31,-500.0
TD,7,train,32,-500.0
TD,7,train,33,-500.0
TD,7,train,34,-500.0
TD,7,train,35,-500.0
TD,7,train,36,-500.0
TD,7,train,37,-283.0
TD,7,train,38,-414.0
TD,7,train,39,-500.0
TD,7,train,40,-500.0
TD,7,train,41,-500.0
TD,7,train,42,-500.0
TD,7,train,43,-500.0
TD,7,train,44,-500.0
TD,7,train,45,-500.0
TD,7,train,46,-500.0
TD,7,train,47,-316.0
TD,7,train,48,-206.0
TD,7,train,49,-146.0
TD,7,train,50,-500.0
TD,7,train,51,-500.0
TD,7,train,52,-102.0
TD,7,train,53,-211.0
TD,7,train,54,-135.0
TD,7,train,55,-142.0
TD,7,train,56,-112.0
TD,7,train,57,-389.0
TD,7,train,58,-400.0
TD,7,train,59,-216.0
TD,7,train,60,-271.0
TD,7,train,61,-150.0
TD,7,train,62,-184.0
TD,7,train,63,-160.0
TD,7,train,64,-209.0
TD,7,train,65,-500.0
TD,7,train,66,-259.0
TD,7,train,67,-320.0
TD,7,train,68,-500.0
TD,7,train,69,-128.0
TD,7,train,70,-105.0
TD,7,train,71,-500.0
TD,7,train,72,-500.0
TD,7,train,73,-297.0
TD,7,train,74,-196.0
TD,7,train,75,-111.0
TD,7,train,76,-130.0
TD,7,train,77,-145.0
TD,7,train,78,-144.0
TD,7,train,79,-435.0
TD,7,train,80,-292.0
TD,7,train,81,-466.0
TD,7,train,82,-230.0
TD,7,train,83,-84.0
TD,7,train,84,-175.0
TD,7,train,85,-164.0
TD,7,train,86,-143.0
TD,7,train,87,-129.0
TD,7,train,88,-147.0
TD,7,train,89,-114.0
TD,7,train,90,-185.0
TD,7,train,91,-126.0
TD,7,train,92,-134.0
TD,7,train,93,-133.0
TD,7,train,94,-93.0
TD,7,train,95,-120.0
TD,7,train,96,-500.0
TD,7,train,97,-110.0
TD,7,train,98,-130.0
TD,7,train,99,-106.0
TD,7,train,100,-152.0
TD,7,train,101,-102.0
TD,7,train,102,-162.0
TD,7,train,103,-137.0
TD,7,train,104,-117.0
TD,7,train,105,-168.0
TD,7,train,106,-93.0
TD,7,train,107,-138.0
TD,7,train,108,-145.0
TD,7,train,109,-99.0
TD,7,train,110,-145.0
TD,7,train,111,-100.0
TD,7,train,112,-92.0
TD,7,train,113,-86.0
TD,7,train,114,-130.0
TD,7,train,115,-77.0
TD,7,train,116,-161.0
TD,7,train,117,-191.0
TD,7,train,118,-90.0
TD,7,train,119,-135.0
TD,7,train,120,-160.0
TD,7,train,121,-152.0
TD,7,train,122,-84.0
TD,7,train,123,-96.0
TD,7,train,124,-178.0
TD,7,train,125,-132.0
TD,7,train,126,-91.0
TD,7,train,127,-89.0
TD,7,train,128,-85.0
TD,7,train,129,-130.0
TD,7,train,130,-71.0
TD,7,train,131,-107.0
TD,7,train,132,-105.0
TD,7,train,133,-107.0
TD,7,train,134,-129.0
TD,7,train,135,-116.0
TD,7,train,136,-142.0
TD,7,train,137,-71.0
TD,7,train,138,-109.0
TD,7,train,139,-246.0
TD,7,train,140,-148.0
TD,7,train,141,-70.0
TD,7,train,142,-131.0
TD,7,train,143,-102.0
TD,7,train,144,-105.0
TD,7,train,145,-91.0
TD,7,train,146,-103.0
TD,7,train,147,-102.0
TD,7,train,148,-123.0
TD,7,train,149,-119.0
TD,7,train,150,-95.0
TD,7,train,151,-92.0
TD,7,train,152,-101.0
TD,7,train,153,-115.0
TD,7,train,154,-77.0
TD,7,train,155,-126.0
TD,7,train,156,-87.0
TD,7,train,157,-102.0
TD,7,train,158,-110.0
TD,7,train,159,-95.0
TD,7,train,160,-91.0
TD,7,train,161,-105.0
TD,7,train,162,-98.0
TD,7,train,163,-123.0
TD,7,train,164,-96.0
TD,7,train,165,-128.0
TD,7,train,166,-102.0
TD,7,train,167,-77.0
TD,7,train,168,-106.0
TD,7,train,169,-106.0
TD,7,train,170,-102.0
TD,7,train,171,-112.0
TD,7,train,172,-89.0
TD,7,train,173,-500.0
TD,7,train,174,-194.0
TD,7,train,175,-79.0
TD,7,train,176,-125.0
TD,7,train,177,-128.0
TD,7,train,178,-90.0
TD,7,train,179,-128.0
TD,7,train,180,-63.0
TD,7,train,181,-97.0
TD,7,train,182,-150.0
TD,7,train,183,-85.0
TD,7,train,184,-129.0
TD,7,train,185,-135.0
TD,7,train,186,-89.0
TD,7,train,187,-98.0
TD,7,train,188,-114.0
TD,7,train,189,-109.0
TD,7,train,190,-99.0
TD,7,train,191,-104.0
TD,7,train,192,-83.0
TD,7,train,193,-103.0
TD,7,train,194,-85.0
TD,7,train,195,-114.0
TD,7,train,196,-145.0
TD,7,train,197,-86.0
TD,7,train,198,-87.0
TD,7,train,199,-107.0
TD,7,train,200,-133.0
TD,7,train,201,-118.0
TD,7,train,202,-90.0
TD,7,train,203,-174.0
TD,7,train,204,-133.0
TD,7,train,205,-92.0
TD,7,train,206,-70.0
TD,7,train,207,-111.0
TD,7,train,208,-95.0
TD,7,train,209,-85.0
TD,7,train,210,-92.0
TD,7,train,211,-83.0
TD,7,train,212,-76.0
TD,7,train,213,-104.0
TD,7,train,214,-214.0
TD,7,train,215,-81.0
TD,7,train,216,-92.0
TD,7,train,217,-83.0
TD,7,train,218,-74.0
TD,7,train,219,-112.0
TD,7,train,220,-81.0
TD,7,train,221,-94.0
TD,7,train,222,-92.0
TD,7,train,223,-108.0
TD,7,train,224,-115.0
TD,7,train,225,-89.0
TD,7,train,226,-125.0
TD,7,train,227,-78.0
TD,7,train,228,-107.0
TD,7,train,229,-64.0
TD,7,train,230,-92.0
TD,7,train,231,-83.0
TD,7,train,232,-111.0
TD,7,train,233,-112.0
TD,7,train,234,-74.0
TD,7,train,235,-93.0
TD,7,train,236,-110.0
TD,7,train,237,-77.0
TD,7,train,238,-80.0
TD,7,train,239,-98.0
TD,7,train,240,-82.0
TD,7,train,241,-77.0
TD,7,train,242,-85.0
TD,7,train,243,-95.0
TD,7,train,244,-90.0
TD,7,train,245,-167.0
TD,7,train,246,-95.0
TD,7,train,247,-285.0
TD,7,train,248,-96.0
TD,7,train,249,-89.0
TD,7,train,250,-107.0
TD,7,train,251,-112.0
TD,7,train,252,-95.0
TD,7,train,253,-110.0
TD,7,train,254,-75.0
TD,7,train,255,-97.0
TD,7,train,256,-121.0
TD,7,train,257,-115.0
TD,7,train,258,-102.0
TD,7,train,259,-93.0
TD,7,train,260,-100.0
TD,7,train,261,-117.0
TD,7,train,262,-100.0
TD,7,train,263,-134.0
TD,7,train,264,-97.0
TD,7,train,265,-89.0
TD,7,train,266,-82.0
TD,7,train,267,-94.0
TD,7,train,268,-94.0
TD,7,train,269,-260.0
TD,7,train,270,-81.0
TD,7,train,271,-107.0
TD,7,train,272,-79.0
TD,7,train,273,-70.0
TD,7,train,274,-83.0
TD,7,train,275,-161.0
TD,7,train,276,-150.0
TD,7,train,277,-153.0
TD,7,train,278,-88.0
TD,7,train,279,-133.0
TD,7,train,280,-76.0
TD,7,train,281,-86.0
TD,7,train,282,-103.0
TD,7,train,283,-100.0
TD,7,train,284,-130.0
TD,7,train,285,-75.0
TD,7,train,286,-383.0
TD,7,train,287,-108.0
TD,7,train,288,-86.0
TD,7,train,289,-500.0
TD,7,train,290,-114.0
TD,7,train,291,-128.0
TD,7,train,292,-102.0
TD,7,train,293,-88.0
TD,7,train,294,-166.0
TD,7,train,295,-102.0
TD,7,train,296,-83.0
TD,7,train,297,-93.0
TD,7,train,298,-83.0
TD,7,train,299,-79.0
TD,7,train,300,-104.0
TD,7,train,301,-88.0
TD,7,train,302,-118.0
TD,7,train,303,-89.0
TD,7,train,304,-124.0
TD,7,train,305,-103.0
TD,7,train,306,-84.0
TD,7,train,307,-202.0
TD,7,train,308,-87.0
TD,7,train,309,-85.0
TD,7,train,310,-95.0
TD,7,train,311,-130.0
TD,7,train,312,-72.0
TD,7,train,313,-194.0
TD,7,train,314,-89.0
TD,7,train,315,-114.0
TD,7,train,316,-94.0
TD,7,train,317,-88.0
TD,7,train,318,-110.0
TD,7,train,319,-91.0
TD,7,train,320,-94.0
TD,7,train,321,-76.0
TD,7,train,322,-82.0
TD,7,train,323,-93.0
TD,7,train,324,-87.0
TD,7,train,325,-86.0
TD,7,train,326,-81.0
TD,7,train,327,-103.0
TD,7,train,328,-71.0
TD,7,train,329,-73.0
TD,7,train,330,-103.0
TD,7,train,331,-77.0
TD,7,train,332,-111.0
TD,7,train,333,-85.0
TD,7,train,334,-93.0
TD,7,train,335,-80.0
TD,7,train,336,-83.0
TD,7,train,337,-134.0
TD,7,train,338,-90.0
TD,7,train,339,-87.0
TD,7,train,340,-95.0
TD,7,train,341,-102.0
TD,7,train,342,-91.0
TD,7,train,343,-119.0
TD,7,train,344,-70.0
TD,7,train,345,-91.0
TD,7,train,346,-93.0
TD,7,train,347,-106.0
TD,7,train,348,-88.0
TD,7,train,349,-100.0
TD,7,train,350,-94.0
TD,7,train,351,-84.0
TD,7,train,352,-84.0
TD,7,train,353,-95.0
TD,7,train,354,-92.0
TD,7,train,355,-79.0
TD,7,train,356,-81.0
TD,7,train,357,-112.0
TD,7,train,358,-146.0
TD,7,train,359,-119.0
TD,7,train,360,-104.0
TD,7,train,361,-117.0
TD,7,train,362,-90.0
TD,7,train,363,-80.0
TD,7,train,364,-102.0
TD,7,train,365,-145.0
TD,7,train,366,-80.0
TD,7,train,367,-63.0
TD,7,train,368,-79.0
TD,7,train,369,-106.0
TD,7,train,370,-85.0
TD,7,train,371,-77.0
TD,7,train,372,-126.0
TD,7,train,373,-86.0
TD,7,train,374,-81.0
TD,7,train,375,-117.0
TD,7,train,376,-83.0
TD,7,train,377,-160.0
TD,7,train,378,-100.0
TD,7,train,379,-104.0
TD,7,train,380,-109.0
TD,7,train,381,-128.0
TD,7,train,382,-92.0
TD,7,train,383,-82.0
TD,7,train,384,-93.0
TD,7,train,385,-94.0
TD,7,train,386,-90.0
TD,7,train,387,-93.0
TD,7,train,388,-100.0
TD,7,train,389,-102.0
TD,7,train,390,-106.0
TD,7,train,391,-84.0
TD,7,train,392,-75.0
TD,7,train,393,-63.0
TD,7,train,394,-233.0
TD,7,train,395,-93.0
TD,7,train,396,-105.0
TD,7,train,397,-95.0
TD,7,train,398,-177.0
TD,7,train,399,-92.0
TD,7,train,400,-106.0
TD,7,train,401,-113.0
TD,7,train,402,-107.0
TD,7,train,403,-189.0
TD,7,train,404,-84.0
TD,7,train,405,-77.0
TD,7,train,406,-91.0
TD,7,train,407,-77.0
TD,7,train,408,-102.0
TD,7,train,409,-63.0
TD,7,train,410,-180.0
TD,7,train,411,-500.0
TD,7,train,412,-79.0
TD,7,train,413,-130.0
TD,7,train,414,-89.0
TD,7,train,415,-95.0
TD,7,train,416,-110.0
TD,7,train,417,-125.0
TD,7,train,418,-118.0
TD,7,train,419,-94.0
TD,7,train,420,-96.0
TD,7,train,421,-103.0
TD,7,train,422,-107.0
TD,7,train,423,-141.0
TD,7,train,424,-75.0
TD,7,train,425,-103.0
TD,7,train,426,-96.0
TD,7,train,427,-115.0
TD,7,train,428,-74.0
TD,7,train,429,-186.0
TD,7,train,430,-101.0
TD,7,train,431,-99.0
TD,7,train,432,-102.0
TD,7,train,433,-78.0
TD,7,train,434,-106.0
TD,7,train,435,-215.0
TD,7,train,436,-104.0
TD,7,train,437,-115.0
TD,7,train,438,-81.0
TD,7,train,439,-103.0
TD,7,train,440,-108.0
TD,7,train,441,-79.0
TD,7,train,442,-80.0
TD,7,train,443,-76.0
TD,7,train,444,-88.0
TD,7,train,445,-81.0
TD,7,train,446,-88.0
TD,7,train,447,-96.0
TD,7,train,448,-121.0
TD,7,train,449,-285.0
TD,7,train,450,-116.0
TD,7,train,451,-88.0
TD,7,train,452,-174.0
TD,7,train,453,-124.0
TD,7,train,454,-100.0
TD,7,train,455,-85.0
TD,7,train,456,-70.0
TD,7,train,457,-114.0
TD,7,train,458,-80.0
TD,7,train,459,-139.0
TD,7,train,460,-147.0
TD,7,train,461,-126.0
TD,7,train,462,-86.0
TD,7,train,463,-100.0
TD,7,train,464,-112.0
TD,7,train,465,-91.0
TD,7,train,466,-76.0
TD,7,train,467,-106.0
TD,7,train,468,-123.0
TD,7,train,469,-101.0
TD,7,train,470,-91.0
TD,7,train,471,-77.0
TD,7,train,472,-129.0
TD,7,train,473,-78.0
TD,7,train,474,-93.0
TD,7,train,475,-79.0
TD,7,train,476,-85.0
TD,7,train,477,-74.0
TD,7,train,478,-77.0
TD,7,train,479,-123.0
TD,7,train,480,-112.0
TD,7,train,481,-70.0
TD,7,train,482,-94.0
TD,7,train,483,-88.0
TD,7,train,484,-99.0
TD,7,train,485,-76.0
TD,7,train,486,-80.0
TD,7,train,487,-76.0
TD,7,train,488,-149.0
TD,7,train,489,-102.0
TD,7,train,490,-69.0
TD,7,train,491,-105.0
TD,7,train,492,-83.0
TD,7,train,493,-107.0
TD,7,train,494,-81.0
TD,7,train,495,-93.0
TD,7,train,496,-112.0
TD,7,train,497,-101.0
TD,7,train,498,-90.0
TD,7,train,499,-100.0
TD,7,train,500,-82.0
TD,8,train,1,-494.0
TD,8,train,2,-500.0
TD,8,train,3,-500.0
TD,8,train,4,-500.0
TD,8,train,5,-500.0
TD,8,train,6,-500.0
TD,8,train,7,-500.0
TD,8,train,8,-500.0
TD,8,train,9,-390.0
TD,8,train,10,-500.0
TD,8,train,11,-500.0
TD,8,train,12,-354.0
TD,8,train,13,-500.0
TD,8,train,14,-290.0
TD,8,train,15,-160.0
TD,8,train,16,-500.0
TD,8,train,17,-265.0
TD,8,train,18,-349.0
TD,8,train,19,-500.0
TD,8,train,20,-500.0
TD,8,train,21,-500.0
TD,8,train,22,-295.0
TD,8,train,23,-500.0
TD,8,train,24,-500.0
TD,8,train,25,-500.0
TD,8,train,26,-500.0
TD,8,train,27,-500.0
TD,8,train,28,-250.0
TD,8,train,29,-500.0
TD,8,train,30,-349.0
TD,8,train,31,-266.0
TD,8,train,32,-404.0
TD,8,train,33,-282.0
TD,8,train,34,-239.0
TD,8,train,35,-500.0
TD,8,train,36,-488.0
TD,8,train,37,-199.0
TD,8,train,38,-170.0
TD,8,train,39,-179.0
TD,8,train,40,-136.0
TD,8,train,41,-154.0
TD,8,train,42,-186.0
TD,8,train,43,-135.0
TD,8,train,44,-136.0
TD,8,train,45,-214.0
TD,8,train,46,-125.0
TD,8,train,47,-167.0
TD,8,train,48,-95.0
TD,8,train,49,-187.0
TD,8,train,50,-100.0
TD,8,train,51,-132.0
TD,8,train,52,-143.0
TD,8,train,53,-123.0
TD,8,train,54,-118.0
TD,8,train,55,-107.0
TD,8,train,56,-106.0
TD,8,train,57,-85.0
TD,8,train,58,-83.0
TD,8,train,59,-284.0
TD,8,train,60,-104.0
TD,8,train,61,-169.0
TD,8,train,62,-90.0
TD,8,train,63,-138.0
TD,8,train,64,-113.0
TD,8,train,65,-135.0
TD,8,train,66,-132.0
TD,8,train,67,-82.0
TD,8,train,68,-91.0
TD,8,train,69,-170.0
TD,8,train,70,-91.0
TD,8,train,71,-147.0
TD,8,train,72,-228.0
TD,8,train,73,-86.0
TD,8,train,74,-123.0
TD,8,train,75,-91.0
TD,8,train,76,-141.0
TD,8,train,77,-84.0
TD,8,train,78,-102.0
TD,8,train,79,-202.0
TD,8,train,80,-97.0
TD,8,train,81,-97.0
TD,8,train,82,-127.0
TD,8,train,83,-106.0
TD,8,train,84,-77.0
TD,8,train,85,-107.0
TD,8,train,86,-116.0
TD,8,train,87,-105.0
TD,8,train,88,-71.0
TD,8,train,89,-98.0
TD,8,train,90,-71.0
TD,8,train,91,-188.0
TD,8,train,92,-98.0
TD,8,train,93,-151.0
TD,8,train,94,-100.0
TD,8,train,95,-149.0
TD,8,train,96,-153.0
TD,8,train,97,-103.0
TD,8,train,98,-119.0
TD,8,train,99,-159.0
TD,8,train,100,-129.0
TD,8,train,101,-114.0
TD,8,train,102,-86.0
TD,8,train,103,-87.0
TD,8,train,104,-148.0
TD,8,train,105,-112.0
TD,8,train,106,-90.0
TD,8,train,107,-84.0
TD,8,train,108,-124.0
TD,8,train,109,-86.0
TD,8,train,110,-109.0
TD,8,train,111,-88.0
TD,8,train,112,-91.0
TD,8,train,113,-86.0
TD,8,train,114,-104.0
TD,8,train,115,-86.0
TD,8,train,116,-93.0
TD,8,train,117,-323.0
TD,8,train,118,-222.0
TD,8,train,119,-118.0
TD,8,train,120,-88.0
TD,8,train,121,-130.0
TD,8,train,122,-100.0
TD,8,train,123,-92.0
TD,8,train,124,-89.0
TD,8,train,125,-85.0
TD,8,train,126,-106.0
TD,8,train,127,-81.0
TD,8,train,128,-116.0
TD,8,train,129,-74.0
TD,8,train,130,-81.0
TD,8,train,131,-135.0
TD,8,train,132,-148.0
TD,8,train,133,-119.0
TD,8,train,134,-126.0
TD,8,train,135,-132.0
TD,8,train,136,-134.0
TD,8,train,137,-135.0
TD,8,train,138,-145.0
TD,8,train,139,-102.0
TD,8,train,140,-101.0
TD,8,train,141,-94.0
TD,8,train,142,-115.0
TD,8,train,143,-108.0
TD,8,train,144,-140.0
TD,8,train,145,-176.0
TD,8,train,146,-98.0
TD,8,train,147,-115.0
TD,8,train,148,-88.0
TD,8,train,149,-108.0
TD,8,train,150,-88.0
TD,8,train,151,-156.0
TD,8,train,152,-105.0
TD,8,train,153,-93.0
TD,8,train,154,-109.0
TD,8,train,155,-115.0
TD,8,train,156,-97.0
TD,8,train,157,-94.0
TD,8,train,158,-124.0
TD,8,train,159,-179.0
TD,8,train,160,-107.0
TD,8,train,161,-88.0
TD,8,train,162,-243.0
TD,8,train,163,-87.0
TD,8,train,164,-127.0
TD,8,train,165,-111.0
TD,8,train,166,-76.0
TD,8,train,167,-71.0
TD,8,train,168,-88.0
TD,8,train,169,-95.0
TD,8,train,170,-84.0
TD,8,train,171,-71.0
TD,8,train,172,-103.0
TD,8,train,173,-128.0
TD,8,train,174,-87.0
TD,8,train,175,-102.0
TD,8,train,176,-143.0
TD,8,train,177,-121.0
TD,8,train,178,-112.0
TD,8,train,179,-97.0
TD,8,train,180,-112.0
TD,8,train,181,-104.0
TD,8,train,182,-185.0
TD,8,train,183,-122.0
TD,8,train,184,-260.0
TD,8,train,185,-94.0
TD,8,train,186,-109.0
TD,8,train,187,-84.0
TD,8,train,188,-88.0
TD,8,train,189,-157.0
TD,8,train,190,-126.0
TD,8,train,191,-119.0
TD,8,train,192,-121.0
TD,8,train,193,-118.0
TD,8,train,194,-182.0
TD,8,train,195,-79.0
TD,8,train,196,-93.0
TD,8,train,197,-89.0
TD,8,train,198,-185.0
TD,8,train,199,-91.0
TD,8,train,200,-91.0
TD,8,train,201,-166.0
TD,8,train,202,-77.0
TD,8,train,203,-93.0
TD,8,train,204,-83.0
TD,8,train,205,-126.0
TD,8,train,206,-92.0
TD,8,train,207,-109.0
TD,8,train,208,-88.0
TD,8,train,209,-120.0
TD,8,train,210,-86.0
TD,8,train,211,-80.0
TD,8,train,212,-91.0
TD,8,train,213,-116.0
TD,8,train,214,-78.0
TD,8,train,215,-120.0
TD,8,train,216,-87.0
TD,8,train,217,-100.0
TD,8,train,218,-77.0
TD,8,train,219,-98.0
TD,8,train,220,-97.0
TD,8,train,221,-114.0
TD,8,train,222,-107.0
TD,8,train,223,-68.0
TD,8,train,224,-96.0
TD,8,train,225,-93.0
TD,8,train,226,-83.0
TD,8,train,227,-98.0
TD,8,train,228,-103.0
TD,8,train,229,-95.0
TD,8,train,230,-118.0
TD,8,train,231,-92.0
TD,8,train,232,-96.0
TD,8,train,233,-136.0
TD,8,train,234,-69.0
TD,8,train,235,-98.0
TD,8,train,236,-103.0
TD,8,train,237,-99.0
TD,8,train,238,-99.0
TD,8,train,239,-63.0
TD,8,train,240,-160.0
TD,8,train,241,-88.0
TD,8,train,242,-98.0
TD,8,train,243,-164.0
TD,8,train,244,-96.0
TD,8,train,245,-104.0
TD,8,train,246,-136.0
TD,8,train,247,-97.0
TD,8,train,248,-108.0
TD,8,train,249,-85.0
TD,8,train,250,-129.0
TD,8,train,251,-86.0
TD,8,train,252,-87.0
TD,8,train,253,-93.0
TD,8,train,254,-77.0
TD,8,train,255,-131.0
TD,8,train,256,-120.0
TD,8,train,257,-78.0
TD,8,train,258,-103.0
TD,8,train,259,-99.0
TD,8,train,260,-100.0
TD,8,train,261,-93.0
TD,8,train,262,-123.0
TD,8,train,263,-103.0
TD,8,train,264,-97.0
TD,8,train,265,-75.0
TD,8,train,266,-100.0
TD,8,train,267,-79.0
TD,8,train,268,-113.0
TD,8,train,269,-184.0
TD,8,train,270,-122.0
TD,8,train,271,-96.0
TD,8,train,272,-117.0
TD,8,train,273,-101.0
TD,8,train,274,-105.0
TD,8,train,275,-93.0
TD,8,train,276,-110.0
TD,8,train,277,-87.0
TD,8,train,278,-79.0
TD,8,train,279,-92.0
TD,8,train,280,-78.0
TD,8,train,281,-104.0
TD,8,train,282,-125.0
TD,8,train,283,-77.0
TD,8,train,284,-102.0
TD,8,train,285,-213.0
TD,8,train,286,-137.0
TD,8,train,287,-103.0
TD,8,train,288,-78.0
TD,8,train,289,-95.0
TD,8,train,290,-89.0
TD,8,train,291,-102.0
TD,8,train,292,-81.0
TD,8,train,293,-98.0
TD,8,train,294,-87.0
TD,8,train,295,-92.0
TD,8,train,296,-84.0
TD,8,train,297,-70.0
TD,8,train,298,-100.0
TD,8,train,299,-131.0
TD,8,train,300,-76.0
TD,8,train,301,-102.0
TD,8,train,302,-132.0
TD,8,train,303,-94.0
TD,8,train,304,-106.0
TD,8,train,305,-87.0
TD,8,train,306,-93.0
TD,8,train,307,-85.0
TD,8,train,308,-105.0
TD,8,train,309,-92.0
TD,8,train,310,-142.0
TD,8,train,311,-78.0
TD,8,train,312,-104.0
TD,8,train,313,-93.0
TD,8,train,314,-63.0
TD,8,train,315,-83.0
TD,8,train,316,-101.0
TD,8,train,317,-164.0
TD,8,train,318,-108.0
TD,8,train,319,-109.0
TD,8,train,320,-105.0
TD,8,train,321,-106.0
TD,8,train,322,-120.0
TD,8,train,323,-73.0
TD,8,train,324,-75.0
TD,8,train,325,-87.0
TD,8,train,326,-92.0
TD,8,train,327,-112.0
TD,8,train,328,-87.0
TD,8,train,329,-93.0
TD,8,train,330,-78.0
TD,8,train,331,-98.0
TD,8,train,332,-77.0
TD,8,train,333,-97.0
TD,8,train,334,-120.0
TD,8,train,335,-79.0
TD,8,train,336,-85.0
TD,8,train,337,-119.0
TD,8,train,338,-62.0
TD,8,train,339,-85.0
TD,8,train,340,-177.0
TD,8,train,341,-85.0
TD,8,train,342,-85.0
TD,8,train,343,-77.0
TD,8,train,344,-97.0
TD,8,train,345,-105.0
TD,8,train,346,-77.0
TD,8,train,347,-76.0
TD,8,train,348,-62.0
TD,8,train,349,-95.0
TD,8,train,350,-99.0
TD,8,train,351,-219.0
TD,8,train,352,-88.0
TD,8,train,353,-66.0
TD,8,train,354,-78.0
TD,8,train,355,-85.0
TD,8,train,356,-63.0
TD,8,train,357,-93.0
TD,8,train,358,-106.0
TD,8,train,359,-75.0
TD,8,train,360,-64.0
TD,8,train,361,-85.0
TD,8,train,362,-74.0
TD,8,train,363,-87.0
TD,8,train,364,-108.0
TD,8,train,365,-64.0
TD,8,train,366,-75.0
TD,8,train,367,-85.0
TD,8,train,368,-86.0
TD,8,train,369,-76.0
TD,8,train,370,-91.0
TD,8,train,371,-105.0
TD,8,train,372,-93.0
TD,8,train,373,-207.0
TD,8,train,374,-70.0
TD,8,train,375,-71.0
TD,8,train,376,-92.0
TD,8,train,377,-99.0
TD,8,train,378,-90.0
TD,8,train,379,-84.0
TD,8,train,380,-104.0
TD,8,train,381,-119.0
TD,8,train,382,-108.0
TD,8,train,383,-99.0
TD,8,train,384,-146.0
TD,8,train,385,-81.0
TD,8,train,386,-82.0
TD,8,train,387,-107.0
TD,8,train,388,-85.0
TD,8,train,389,-86.0
TD,8,train,390,-83.0
TD,8,train,391,-105.0
TD,8,train,392,-110.0
TD,8,train,393,-183.0
TD,8,train,394,-83.0
TD,8,train,395,-79.0
TD,8,train,396,-100.0
TD,8,train,397,-85.0
TD,8,train,398,-72.0
TD,8,train,399,-100.0
TD,8,train,400,-92.0
TD,8,train,401,-106.0
TD,8,train,402,-101.0
TD,8,train,403,-100.0
TD,8,train,404,-104.0
TD,8,train,405,-130.0
TD,8,train,406,-115.0
TD,8,train,407,-107.0
TD,8,train,408,-83.0
TD,8,train,409,-102.0
TD,8,train,410,-83.0
TD,8,train,411,-63.0
TD,8,train,412,-105.0
TD,8,train,413,-236.0
TD,8,train,414,-70.0
TD,8,train,415,-77.0
TD,8,train,416,-91.0
TD,8,train,417,-71.0
TD,8,train,418,-84.0
TD,8,train,419,-94.0
TD,8,train,420,-80.0
TD,8,train,421,-75.0
TD,8,train,422,-91.0
TD,8,train,423,-94.0
TD,8,train,424,-91.0
TD,8,train,425,-87.0
TD,8,train,426,-104.0
TD,8,train,427,-71.0
TD,8,train,428,-78.0
TD,8,train,429,-77.0
TD,8,train,430,-95.0
TD,8,train,431,-133.0
TD,8,train,432,-106.0
TD,8,train,433,-64.0
TD,8,train,434,-118.0
TD,8,train,435,-132.0
TD,8,train,436,-140.0
TD,8,train,437,-103.0
TD,8,train,438,-78.0
TD,8,train,439,-75.0
TD,8,train,440,-62.0
TD,8,train,441,-88.0
TD,8,train,442,-103.0
TD,8,train,443,-75.0
TD,8,train,444,-82.0
TD,8,train,445,-102.0
TD,8,train,446,-98.0
TD,8,train,447,-83.0
TD,8,train,448,-92.0
TD,8,train,449,-123.0
TD,8,train,450,-101.0
TD,8,train,451,-87.0
TD,8,train,452,-86.0
TD,8,train,453,-78.0
TD,8,train,454,-84.0
TD,8,train,455,-85.0
TD,8,train,456,-123.0
TD,8,train,457,-71.0
TD,8,train,458,-82.0
TD,8,train,459,-69.0
TD,8,train,460,-120.0
TD,8,train,461,-94.0
TD,8,train,462,-87.0
TD,8,train,463,-100.0
TD,8,train,464,-98.0
TD,8,train,465,-90.0
TD,8,train,466,-104.0
TD,8,train,467,-72.0
TD,8,train,468,-67.0
TD,8,train,469,-75.0
TD,8,train,470,-88.0
TD,8,train,471,-99.0
TD,8,train,472,-101.0
TD,8,train,473,-82.0
TD,8,train,474,-83.0
TD,8,train,475,-77.0
TD,8,train,476,-87.0
TD,8,train,477,-87.0
TD,8,train,478,-86.0
TD,8,train,479,-105.0
TD,8,train,480,-105.0
TD,8,train,481,-117.0
TD,8,train,482,-106.0
TD,8,train,483,-93.0
TD,8,train,484,-83.0
TD,8,train,485,-87.0
TD,8,train,486,-97.0
TD,8,train,487,-103.0
TD,8,train,488,-76.0
TD,8,train,489,-84.0
TD,8,train,490,-106.0
TD,8,train,491,-70.0
TD,8,train,492,-70.0
TD,8,train,493,-96.0
TD,8,train,494,-77.0
TD,8,train,495,-79.0
TD,8,train,496,-107.0
TD,8,train,497,-99.0
TD,8,train,498,-111.0
TD,8,train,499,-168.0
TD,8,train,500,-86.0
TD,9,train,1,-500.0
TD,9,train,2,-500.0
TD,9,train,3,-500.0
TD,9,train,4,-500.0
TD,9,train,5,-500.0
TD,9,train,6,-178.0
TD,9,train,7,-461.0
TD,9,train,8,-186.0
TD,9,train,9,-210.0
TD,9,train,10,-115.0
TD,9,train,11,-77.0
TD,9,train,12,-93.0
TD,9,train,13,-87.0
TD,9,train,14,-139.0
TD,9,train,15,-165.0
TD,9,train,16,-168.0
TD,9,train,17,-123.0
TD,9,train,18,-81.0
TD,9,train,19,-209.0
TD,9,train,20,-87.0
TD,9,train,21,-85.0
TD,9,train,22,-99.0
TD,9,train,23,-103.0
TD,9,train,24,-183.0
TD,9,train,25,-146.0
TD,9,train,26,-170.0
TD,9,train,27,-104.0
TD,9,train,28,-84.0
TD,9,train,29,-113.0
TD,9,train,30,-88.0
TD,9,train,31,-120.0
TD,9,train,32,-122.0
TD,9,train,33,-188.0
TD,9,train,34,-119.0
TD,9,train,35,-83.0
TD,9,train,36,-88.0
TD,9,train,37,-111.0
TD,9,train,38,-149.0
TD,9,train,39,-118.0
TD,9,train,40,-77.0
TD,9,train,41,-105.0
TD,9,train,42,-110.0
TD,9,train,43,-83.0
TD,9,train,44,-192.0
TD,9,train,45,-103.0
TD,9,train,46,-99.0
TD,9,train,47,-101.0
TD,9,train,48,-81.0
TD,9,train,49,-106.0
TD,9,train,50,-112.0
TD,9,train,51,-474.0
TD,9,train,52,-138.0
TD,9,train,53,-75.0
TD,9,train,54,-85.0
TD,9,train,55,-89.0
TD,9,train,56,-139.0
TD,9,train,57,-112.0
TD,9,train,58,-112.0
TD,9,train,59,-89.0
TD,9,train,60,-87.0
TD,9,train,61,-99.0
TD,9,train,62,-124.0
TD,9,train,63,-85.0
TD,9,train,64,-99.0
TD,9,train,65,-115.0
TD,9,train,66,-143.0
TD,9,train,67,-136.0
TD,9,train,68,-125.0
TD,9,train,69,-119.0
TD,9,train,70,-112.0
TD,9,train,71,-128.0
TD,9,train,72,-110.0
TD,9,train,73,-125.0
TD,9,train,74,-116.0
TD,9,train,75,-109.0
TD,9,train,76,-180.0
TD,9,train,77,-185.0
TD,9,train,78,-132.0
TD,9,train,79,-96.0
TD,9,train,80,-142.0
TD,9,train,81,-100.0
TD,9,train,82,-156.0
TD,9,train,83,-85.0
TD,9,train,84,-218.0
TD,9,train,85,-118.0
TD,9,train,86,-159.0
TD,9,train,87,-200.0
TD,9,train,88,-149.0
TD,9,train,89,-120.0
TD,9,train,90,-91.0
TD,9,train,91,-133.0
TD,9,train,92,-143.0
TD,9,train,93,-89.0
TD,9,train,94,-98.0
TD,9,train,95,-191.0
TD,9,train,96,-114.0
TD,9,train,97,-120.0
TD,9,train,98,-83.0
TD,9,train,99,-490.0
TD,9,train,100,-187.0
TD,9,train,101,-95.0
TD,9,train,102,-138.0
TD,9,train,103,-91.0
TD,9,train,104,-116.0
TD,9,train,105,-143.0
TD,9,train,106,-125.0
TD,9,train,107,-101.0
TD,9,train,108,-98.0
TD,9,train,109,-227.0
TD,9,train,110,-117.0
TD,9,train,111,-140.0
TD,9,train,112,-93.0
TD,9,train,113,-119.0
TD,9,train,114,-281.0
TD,9,train,115,-123.0
TD,9,train,116,-126.0
TD,9,train,117,-106.0
TD,9,train,118,-110.0
TD,9,train,119,-154.0
TD,9,train,120,-75.0
TD,9,train,121,-103.0
TD,9,train,122,-144.0
TD,9,train,123,-135.0
TD,9,train,124,-100.0
TD,9,train,125,-82.0
TD,9,train,126,-101.0
TD,9,train,127,-173.0
TD,9,train,128,-111.0
TD,9,train,129,-166.0
TD,9,train,130,-97.0
TD,9,train,131,-157.0
TD,9,train,132,-129.0
TD,9,train,133,-127.0
TD,9,train,134,-98.0
TD,9,train,135,-94.0
TD,9,train,136,-90.0
TD,9,train,137,-103.0
TD,9,train,138,-127.0
TD,9,train,139,-148.0
TD,9,train,140,-205.0
TD,9,train,141,-153.0
TD,9,train,142,-136.0
TD,9,train,143,-127.0
TD,9,train,144,-103.0
TD,9,train,145,-117.0
TD,9,train,146,-106.0
TD,9,train,147,-120.0
TD,9,train,148,-114.0
TD,9,train,149,-92.0
TD,9,train,150,-128.0
TD,9,train,151,-108.0
TD,9,train,152,-100.0
TD,9,train,153,-148.0
TD,9,train,154,-124.0
TD,9,train,155,-72.0
TD,9,train,156,-120.0
TD,9,train,157,-77.0
TD,9,train,158,-91.0
TD,9,train,159,-136.0
TD,9,train,160,-85.0
TD,9,train,161,-106.0
TD,9,train,162,-87.0
TD,9,train,163,-124.0
TD,9,train,164,-113.0
TD,9,train,165,-102.0
TD,9,train,166,-156.0
TD,9,train,167,-123.0
TD,9,train,168,-96.0
TD,9,train,169,-120.0
TD,9,train,170,-97.0
TD,9,train,171,-500.0
TD,9,train,172,-101.0
TD,9,train,173,-126.0
TD,9,train,174,-100.0
TD,9,train,175,-80.0
TD,9,train,176,-120.0
TD,9,train,177,-132.0
TD,9,train,178,-114.0
TD,9,train,179,-87.0
TD,9,train,180,-173.0
TD,9,train,181,-101.0
TD,9,train,182,-100.0
TD,9,train,183,-114.0
TD,9,train,184,-108.0
TD,9,train,185,-135.0
TD,9,train,186,-91.0
TD,9,train,187,-114.0
TD,9,train,188,-104.0
TD,9,train,189,-88.0
TD,9,train,190,-97.0
TD,9,train,191,-121.0
TD,9,train,192,-91.0
TD,9,train,193,-99.0
TD,9,train,194,-237.0
TD,9,train,195,-116.0
TD,9,train,196,-91.0
TD,9,train,197,-87.0
TD,9,train,198,-133.0
TD,9,train,199,-129.0
TD,9,train,200,-97.0
TD,9,train,201,-112.0
TD,9,train,202,-135.0
TD,9,train,203,-111.0
TD,9,train,204,-86.0
TD,9,train,205,-107.0
TD,9,train,206,-110.0
TD,9,train,207,-97.0
TD,9,train,208,-117.0
TD,9,train,209,-119.0
TD,9,train,210,-77.0
TD,9,train,211,-93.0
TD,9,train,212,-86.0
TD,9,train,213,-86.0
TD,9,train,214,-115.0
TD,9,train,215,-101.0
TD,9,train,216,-109.0
TD,9,train,217,-117.0
TD,9,train,218,-88.0
TD,9,train,219,-116.0
TD,9,train,220,-114.0
TD,9,train,221,-76.0
TD,9,train,222,-168.0
TD,9,train,223,-112.0
TD,9,train,224,-115.0
TD,9,train,225,-97.0
TD,9,train,226,-102.0
TD,9,train,227,-96.0
TD,9,train,228,-101.0
TD,9,train,229,-114.0
TD,9,train,230,-101.0
TD,9,train,231,-170.0
TD,9,train,232,-103.0
TD,9,train,233,-95.0
TD,9,train,234,-80.0
TD,9,train,235,-133.0
TD,9,train,236,-116.0
TD,9,train,237,-106.0
TD,9,train,238,-101.0
TD,9,train,239,-106.0
TD,9,train,240,-123.0
TD,9,train,241,-97.0
TD,9,train,242,-106.0
TD,9,train,243,-176.0
TD,9,train,244,-92.0
TD,9,train,245,-120.0
TD,9,train,246,-81.0
TD,9,train,247,-106.0
TD,9,train,248,-92.0
TD,9,train,249,-100.0
TD,9,train,250,-79.0
TD,9,train,251,-77.0
TD,9,train,252,-155.0
TD,9,train,253,-134.0
TD,9,train,254,-85.0
TD,9,train,255,-111.0
TD,9,train,256,-77.0
TD,9,train,257,-116.0
TD,9,train,258,-121.0
TD,9,train,259,-87.0
TD,9,train,260,-125.0
TD,9,train,261,-100.0
TD,9,train,262,-115.0
TD,9,train,263,-86.0
TD,9,train,264,-71.0
TD,9,train,265,-150.0
TD,9,train,266,-82.0
TD,9,train,267,-94.0
TD,9,train,268,-119.0
TD,9,train,269,-123.0
TD,9,train,270,-104.0
TD,9,train,271,-108.0
TD,9,train,272,-91.0
TD,9,train,273,-79.0
TD,9,train,274,-105.0
TD,9,train,275,-118.0
TD,9,train,276,-83.0
TD,9,train,277,-90.0
TD,9,train,278,-142.0
TD,9,train,279,-109.0
TD,9,train,280,-107.0
TD,9,train,281,-90.0
TD,9,train,282,-96.0
TD,9,train,283,-104.0
TD,9,train,284,-87.0
TD,9,train,285,-77.0
TD,9,train,286,-111.0
TD,9,train,287,-79.0
TD,9,train,288,-132.0
TD,9,train,289,-94.0
TD,9,train,290,-349.0
TD,9,train,291,-76.0
TD,9,train,292,-91.0
TD,9,train,293,-72.0
TD,9,train,294,-100.0
TD,9,train,295,-74.0
TD,9,train,296,-88.0
TD,9,train,297,-97.0
TD,9,train,298,-114.0
TD,9,train,299,-95.0
TD,9,train,300,-119.0
TD,9,train,301,-83.0
TD,9,train,302,-86.0
TD,9,train,303,-121.0
TD,9,train,304,-95.0
TD,9,train,305,-98.0
TD,9,train,306,-101.0
TD,9,train,307,-80.0
TD,9,train,308,-117.0
TD,9,train,309,-131.0
TD,9,train,310,-76.0
TD,9,train,311,-91.0
TD,9,train,312,-255.0
TD,9,train,313,-155.0
TD,9,train,314,-99.0
TD,9,train,315,-84.0
TD,9,train,316,-111.0
TD,9,train,317,-85.0
TD,9,train,318,-81.0
TD,9,train,319,-102.0
TD,9,train,320,-77.0
TD,9,train,321,-96.0
TD,9,train,322,-117.0
TD,9,train,323,-132.0
TD,9,train,324,-95.0
TD,9,train,325,-110.0
TD,9,train,326,-79.0
TD,9,train,327,-79.0
TD,9,train,328,-111.0
TD,9,train,329,-78.0
TD,9,train,330,-83.0
TD,9,train,331,-87.0
TD,9,train,332,-124.0
TD,9,train,333,-86.0
TD,9,train,334,-169.0
TD,9,train,335,-162.0
TD,9,train,336,-105.0
TD,9,train,337,-97.0
TD,9,train,338,-97.0
TD,9,train,339,-93.0
TD,9,train,340,-113.0
TD,9,train,341,-110.0
TD,9,train,342,-95.0
TD,9,train,343,-94.0
TD,9,train,344,-97.0
TD,9,train,345,-102.0
TD,9,train,346,-98.0
TD,9,train,347,-121.0
TD,9,train,348,-114.0
TD,9,train,349,-87.0
TD,9,train,350,-63.0
TD,9,train,351,-85.0
TD,9,train,352,-82.0
TD,9,train,353,-78.0
TD,9,train,354,-79.0
TD,9,train,355,-99.0
TD,9,train,356,-91.0
TD,9,train,357,-79.0
TD,9,train,358,-78.0
TD,9,train,359,-85.0
TD,9,train,360,-88.0
TD,9,train,361,-90.0
TD,9,train,362,-79.0
TD,9,train,363,-106.0
TD,9,train,364,-83.0
TD,9,train,365,-102.0
TD,9,train,366,-267.0
TD,9,train,367,-96.0
TD,9,train,368,-92.0
TD,9,train,369,-87.0
TD,9,train,370,-75.0
TD,9,train,371,-107.0
TD,9,train,372,-124.0
TD,9,train,373,-97.0
TD,9,train,374,-140.0
TD,9,train,375,-103.0
TD,9,train,376,-91.0
TD,9,train,377,-144.0
TD,9,train,378,-92.0
TD,9,train,379,-94.0
TD,9,train,380,-148.0
TD,9,train,381,-79.0
TD,9,train,382,-96.0
TD,9,train,383,-109.0
TD,9,train,384,-99.0
TD,9,train,385,-118.0
TD,9,train,386,-134.0
TD,9,train,387,-112.0
TD,9,train,388,-98.0
TD,9,train,389,-105.0
TD,9,train,390,-79.0
TD,9,train,391,-90.0
TD,9,train,392,-102.0
TD,9,train,393,-103.0
TD,9,train,394,-109.0
TD,9,train,395,-83.0
TD,9,train,396,-95.0
TD,9,train,397,-77.0
TD,9,train,398,-72.0
TD,9,train,399,-109.0
TD,9,train,400,-92.0
TD,9,train,401,-85.0
TD,9,train,402,-115.0
TD,9,train,403,-88.0
TD,9,train,404,-84.0
TD,9,train,405,-119.0
TD,9,train,406,-81.0
TD,9,train,407,-78.0
TD,9,train,408,-96.0
TD,9,train,409,-90.0
TD,9,train,410,-87.0
TD,9,train,411,-84.0
TD,9,train,412,-116.0
TD,9,train,413,-80.0
TD,9,train,414,-94.0
TD,9,train,415,-79.0
TD,9,train,416,-95.0
TD,9,train,417,-94.0
TD,9,train,418,-83.0
TD,9,train,419,-90.0
TD,9,train,420,-96.0
TD,9,train,421,-95.0
TD,9,train,422,-99.0
TD,9,train,423,-85.0
TD,9,train,424,-151.0
TD,9,train,425,-75.0
TD,9,train,426,-79.0
TD,9,train,427,-95.0
TD,9,train,428,-130.0
TD,9,train,429,-92.0
TD,9,train,430,-76.0
TD,9,train,431,-98.0
TD,9,train,432,-94.0
TD,9,train,433,-88.0
TD,9,train,434,-82.0
TD,9,train,435,-87.0
TD,9,train,436,-73.0
TD,9,train,437,-92.0
TD,9,train,438,-100.0
TD,9,train,439,-95.0
TD,9,train,440,-98.0
TD,9,train,441,-62.0
TD,9,train,442,-85.0
TD,9,train,443,-97.0
TD,9,train,444,-108.0
TD,9,train,445,-79.0
TD,9,train,446,-79.0
TD,9,train,447,-88.0
TD,9,train,448,-81.0
TD,9,train,449,-90.0
TD,9,train,450,-93.0
TD,9,train,451,-82.0
TD,9,train,452,-75.0
TD,9,train,453,-91.0
TD,9,train,454,-146.0
TD,9,train,455,-90.0
TD,9,train,456,-92.0
TD,9,train,457,-105.0
TD,9,train,458,-84.0
TD,9,train,459,-111.0
TD,9,train,460,-84.0
TD,9,train,461,-98.0
TD,9,train,462,-90.0
TD,9,train,463,-100.0
TD,9,train,464,-111.0
TD,9,train,465,-94.0
TD,9,train,466,-72.0
TD,9,train,467,-87.0
TD,9,train,468,-102.0
TD,9,train,469,-77.0
TD,9,train,470,-68.0
TD,9,train,471,-84.0
TD,9,train,472,-113.0
TD,9,train,473,-82.0
TD,9,train,474,-95.0
TD,9,train,475,-78.0
TD,9,train,476,-86.0
TD,9,train,477,-95.0
TD,9,train,478,-102.0
TD,9,train,479,-103.0
TD,9,train,480,-90.0
TD,9,train,481,-109.0
TD,9,train,482,-100.0
TD,9,train,483,-84.0
TD,9,train,484,-129.0
TD,9,train,485,-90.0
TD,9,train,486,-73.0
TD,9,train,487,-91.0
TD,9,train,488,-95.0
TD,9,train,489,-108.0
TD,9,train,490,-115.0
TD,9,train,491,-86.0
TD,9,train,492,-88.0
TD,9,train,493,-105.0
TD,9,train,494,-111.0
TD,9,train,495,-103.0
TD,9,train,496,-62.0
TD,9,train,497,-71.0
TD,9,train,498,-210.0
TD,9,train,499,-86.0
TD,9,train,500,-98.0
TD,0,eval,25,-227.0
TD,0,eval,50,-210.8
TD,0,eval,75,-224.4
TD,0,eval,100,-100.2
TD,0,eval,125,-162.2
TD,0,eval,150,-187.6
TD,0,eval,175,-92.0
TD,0,eval,200,-90.6
TD,0,eval,225,-80.6
TD,0,eval,250,-82.0
TD,0,eval,275,-94.0
TD,0,eval,300,-87.6
TD,0,eval,325,-103.0
TD,0,eval,350,-92.0
TD,0,eval,375,-82.0
TD,0,eval,400,-87.8
TD,0,eval,425,-86.0
TD,0,eval,450,-85.4
TD,0,eval,475,-80.0
TD,0,eval,500,-87.6
TD,1,eval,25,-500.0
TD,1,eval,50,-203.6
TD,1,eval,75,-166.2
TD,1,eval,100,-92.2
TD,1,eval,125,-111.2
TD,1,eval,150,-121.4
TD,1,eval,175,-85.4
TD,1,eval,200,-91.8
TD,1,eval,225,-89.6
TD,1,eval,250,-85.0
TD,1,eval,275,-88.0
TD,1,eval,300,-72.8
TD,1,eval,325,-86.4
TD,1,eval,350,-87.0
TD,1,eval,375,-78.8
TD,1,eval,400,-84.0
TD,1,eval,425,-89.8
TD,1,eval,450,-78.6
TD,1,eval,475,-256.2
TD,1,eval,500,-97.0
TD,2,eval,25,-336.8
TD,2,eval,50,-187.6
TD,2,eval,75,-168.2
TD,2,eval,100,-260.6
TD,2,eval,125,-182.8
TD,2,eval,150,-166.6
TD,2,eval,175,-101.2
TD,2,eval,200,-83.4
TD,2,eval,225,-89.8
TD,2,eval,250,-88.0
TD,2,eval,275,-92.4
TD,2,eval,300,-88.0
TD,2,eval,325,-168.4
TD,2,eval,350,-89.8
TD,2,eval,375,-113.4
TD,2,eval,400,-79.6
TD,2,eval,425,-250.0
TD,2,eval,450,-76.4
TD,2,eval,475,-97.2
TD,2,eval,500,-77.2
TD,3,eval,25,-364.6
TD,3,eval,50,-425.4
TD,3,eval,75,-301.8
TD,3,eval,100,-167.8
TD,3,eval,125,-263.0
TD,3,eval,150,-96.4
TD,3,eval,175,-190.6
TD,3,eval,200,-341.4
TD,3,eval,225,-100.8
TD,3,eval,250,-82.6
TD,3,eval,275,-166.8
TD,3,eval,300,-172.4
TD,3,eval,325,-89.6
TD,3,eval,350,-241.4
TD,3,eval,375,-79.8
TD,3,eval,400,-88.2
TD,3,eval,425,-179.0
TD,3,eval,450,-98.2
TD,3,eval,475,-101.8
TD,3,eval,500,-142.2
TD,4,eval,25,-452.2
TD,4,eval,50,-117.8
TD,4,eval,75,-98.6
TD,4,eval,100,-178.0
TD,4,eval,125,-124.2
TD,4,eval,150,-181.8
TD,4,eval,175,-186.8
TD,4,eval,200,-90.4
TD,4,eval,225,-175.6
TD,4,eval,250,-102.0
TD,4,eval,275,-110.4
TD,4,eval,300,-345.8
TD,4,eval,325,-176.0
TD,4,eval,350,-84.4
TD,4,eval,375,-87.8
TD,4,eval,400,-78.4
TD,4,eval,425,-87.0
TD,4,eval,450,-98.8
TD,4,eval,475,-87.4
TD,4,eval,500,-135.4
TD,5,eval,25,-111.6
TD,5,eval,50,-205.6
TD,5,eval,75,-162.2
TD,5,eval,100,-200.8
TD,5,eval,125,-114.2
TD,5,eval,150,-93.2
TD,5,eval,175,-96.6
TD,5,eval,200,-134.8
TD,5,eval,225,-101.6
TD,5,eval,250,-338.4
TD,5,eval,275,-105.0
TD,5,eval,300,-86.8
TD,5,eval,325,-93.8
TD,5,eval,350,-87.6
TD,5,eval,375,-102.4
TD,5,eval,400,-108.0
TD,5,eval,425,-90.4
TD,5,eval,450,-82.4
TD,5,eval,475,-83.2
TD,5,eval,500,-98.4
TD,6,eval,25,-500.0
TD,6,eval,50,-500.0
TD,6,eval,75,-489.2
TD,6,eval,100,-376.0
TD,6,eval,125,-265.8
TD,6,eval,150,-500.0
TD,6,eval,175,-286.0
TD,6,eval,200,-86.8
TD,6,eval,225,-116.8
TD,6,eval,250,-90.6
TD,6,eval,275,-124.4
TD,6,eval,300,-97.0
TD,6,eval,325,-181.4
TD,6,eval,350,-93.4
TD,6,eval,375,-80.4
TD,6,eval,400,-99.4
TD,6,eval,425,-332.4
TD,6,eval,450,-77.4
TD,6,eval,475,-170.0
TD,6,eval,500,-166.2
TD,7,eval,25,-500.0
TD,7,eval,50,-500.0
TD,7,eval,75,-266.8
TD,7,eval,100,-192.4
TD,7,eval,125,-200.2
TD,7,eval,150,-101.6
TD,7,eval,175,-86.4
TD,7,eval,200,-87.6
TD,7,eval,225,-142.6
TD,7,eval,250,-97.6
TD,7,eval,275,-93.4
TD,7,eval,300,-113.2
TD,7,eval,325,-334.6
TD,7,eval,350,-91.6
TD,7,eval,375,-90.4
TD,7,eval,400,-85.8
TD,7,eval,425,-83.6
TD,7,eval,450,-100.4
TD,7,eval,475,-89.8
TD,7,eval,500,-95.8
TD,8,eval,25,-500.0
TD,8,eval,50,-208.4
TD,8,eval,75,-102.2
TD,8,eval,100,-107.0
TD,8,eval,125,-106.6
TD,8,eval,150,-104.4
TD,8,eval,175,-113.0
TD,8,eval,200,-171.4
TD,8,eval,225,-84.0
TD,8,eval,250,-98.0
TD,8,eval,275,-91.6
TD,8,eval,300,-86.4
TD,8,eval,325,-80.6
TD,8,eval,350,-81.0
TD,8,eval,375,-194.4
TD,8,eval,400,-85.0
TD,8,eval,425,-105.4
TD,8,eval,450,-101.2
TD,8,eval,475,-81.8
TD,8,eval,500,-86.8
TD,9,eval,25,-99.2
TD,9,eval,50,-89.0
TD,9,eval,75,-195.6
TD,9,eval,100,-183.6
TD,9,eval,125,-119.6
TD,9,eval,150,-111.0
TD,9,eval,175,-121.2
TD,9,eval,200,-99.0
TD,9,eval,225,-99.6
TD,9,eval,250,-91.2
TD,9,eval,275,-84.4
TD,9,eval,300,-90.6
TD,9,eval,325,-83.4
TD,9,eval,350,-89.4
TD,9,eval,375,-96.2
TD,9,eval,400,-98.6
TD,9,eval,425,-85.6
TD,9,eval,450,-101.4
TD,9,eval,475,-79.6
TD,9,eval,500,-82.6
TD+NOV,0,train,1,-500.0
TD+NOV,0,train,2,-500.0
TD+NOV,0,train,3,-500.0
TD+NOV,0,train,4,-500.0
TD+NOV,0,train,5,-500.0
TD+NOV,0,train,6,-500.0
TD+NOV,0,train,7,-500.0
TD+NOV,0,train,8,-500.0
TD+NOV,0,train,9,-500.0
TD+NOV,0,train,10,-500.0
TD+NOV,0,train,11,-500.0
TD+NOV,0,train,12,-375.0
TD+NOV,0,train,13,-196.0
TD+NOV,0,train,14,-189.0
TD+NOV,0,train,15,-338.0
TD+NOV,0,train,16,-194.0
TD+NOV,0,train,17,-212.0
TD+NOV,0,train,18,-230.0
TD+NOV,0,train,19,-177.0
TD+NOV,0,train,20,-184.0
TD+NOV,0,train,21,-133.0
TD+NOV,0,train,22,-199.0
TD+NOV,0,train,23,-214.0
TD+NOV,0,train,24,-163.0
TD+NOV,0,train,25,-173.0
TD+NOV,0,train,26,-151.0
TD+NOV,0,train,27,-135.0
TD+NOV,0,train,28,-286.0
TD+NOV,0,train,29,-278.0
TD+NOV,0,train,30,-199.0
TD+NOV,0,train,31,-263.0
TD+NOV,0,train,32,-486.0
TD+NOV,0,train,33,-500.0
TD+NOV,0,train,34,-208.0
TD+NOV,0,train,35,-500.0
TD+NOV,0,train,36,-500.0
TD+NOV,0,train,37,-500.0
TD+NOV,0,train,38,-500.0
TD+NOV,0,train,39,-214.0
TD+NOV,0,train,40,-224.0
TD+NOV,0,train,41,-500.0
TD+NOV,0,train,42,-500.0
TD+NOV,0,train,43,-210.0
TD+NOV,0,train,44,-376.0
TD+NOV,0,train,45,-110.0
TD+NOV,0,train,46,-310.0
TD+NOV,0,train,47,-284.0
TD+NOV,0,train,48,-143.0
TD+NOV,0,train,49,-287.0
TD+NOV,0,train,50,-265.0
TD+NOV,0,train,51,-149.0
TD+NOV,0,train,52,-500.0
TD+NOV,0,train,53,-178.0
TD+NOV,0,train,54,-135.0
TD+NOV,0,train,55,-177.0
TD+NOV,0,train,56,-500.0
TD+NOV,0,train,57,-500.0
TD+NOV,0,train,58,-315.0
TD+NOV,0,train,59,-500.0
TD+NOV,0,train,60,-274.0
TD+NOV,0,train,61,-189.0
TD+NOV,0,train,62,-192.0
TD+NOV,0,train,63,-307.0
TD+NOV,0,train,64,-199.0
TD+NOV,0,train,65,-387.0
TD+NOV,0,train,66,-459.0
TD+NOV,0,train,67,-221.0
TD+NOV,0,train,68,-314.0
TD+NOV,0,train,69,-500.0
TD+NOV,0,train,70,-500.0
TD+NOV,0,train,71,-289.0
TD+NOV,0,train,72,-203.0
TD+NOV,0,train,73,-244.0
TD+NOV,0,train,74,-284.0
TD+NOV,0,train,75,-154.0
TD+NOV,0,train,76,-363.0
TD+NOV,0,train,77,-330.0
TD+NOV,0,train,78,-153.0
TD+NOV,0,train,79,-260.0
TD+NOV,0,train,80,-120.0
TD+NOV,0,train,81,-99.0
TD+NOV,0,train,82,-500.0
TD+NOV,0,train,83,-126.0
TD+NOV,0,train,84,-116.0
TD+NOV,0,train,85,-127.0
TD+NOV,0,train,86,-165.0
TD+NOV,0,train,87,-140.0
TD+NOV,0,train,88,-324.0
TD+NOV,0,train,89,-233.0
TD+NOV,0,train,90,-194.0
TD+NOV,0,train,91,-174.0
TD+NOV,0,train,92,-171.0
TD+NOV,0,train,93,-93.0
TD+NOV,0,train,94,-142.0
TD+NOV,0,train,95,-306.0
TD+NOV,0,train,96,-96.0
TD+NOV,0,train,97,-167.0
TD+NOV,0,train,98,-156.0
TD+NOV,0,train,99,-100.0
TD+NOV,0,train,100,-172.0
TD+NOV,0,train,101,-136.0
TD+NOV,0,train,102,-159.0
TD+NOV,0,train,103,-145.0
TD+NOV,0,train,104,-124.0
TD+NOV,0,train,105,-128.0
TD+NOV,0,train,106,-168.0
TD+NOV,0,train,107,-323.0
TD+NOV,0,train,108,-130.0
TD+NOV,0,train,109,-278.0
TD+NOV,0,train,110,-126.0
TD+NOV,0,train,111,-169.0
TD+NOV,0,train,112,-160.0
TD+NOV,0,train,113,-144.0
TD+NOV,0,train,114,-87.0
TD+NOV,0,train,115,-88.0
TD+NOV,0,train,116,-174.0
TD+NOV,0,train,117,-115.0
TD+NOV,0,train,118,-131.0
TD+NOV,0,train,119,-133.0
TD+NOV,0,train,120,-127.0
TD+NOV,0,train,121,-130.0
TD+NOV,0,train,122,-120.0
TD+NOV,0,train,123,-154.0
TD+NOV,0,train,124,-312.0
TD+NOV,0,train,125,-153.0
TD+NOV,0,train,126,-94.0
TD+NOV,0,train,127,-98.0
TD+NOV,0,train,128,-97.0
TD+NOV,0,train,129,-172.0
TD+NOV,0,train,130,-93.0
TD+NOV,0,train,131,-115.0
TD+NOV,0,train,132,-71.0
TD+NOV,0,train,133,-133.0
TD+NOV,0,train,134,-130.0
TD+NOV,0,train,135,-109.0
TD+NOV,0,train,136,-105.0
TD+NOV,0,train,137,-94.0
TD+NOV,0,train,138,-107.0
TD+NOV,0,train,139,-117.0
TD+NOV,0,train,140,-500.0
TD+NOV,0,train,141,-108.0
TD+NOV,0,train,142,-84.0
TD+NOV,0,train,143,-84.0
TD+NOV,0,train,144,-82.0
TD+NOV,0,train,145,-72.0
TD+NOV,0,train,146,-214.0
TD+NOV,0,train,147,-116.0
TD+NOV,0,train,148,-500.0
TD+NOV,0,train,149,-103.0
TD+NOV,0,train,150,-84.0
TD+NOV,0,train,151,-94.0
TD+NOV,0,train,152,-71.0
TD+NOV,0,train,153,-82.0
TD+NOV,0,train,154,-104.0
TD+NOV,0,train,155,-83.0
TD+NOV,0,train,156,-142.0
TD+NOV,0,train,157,-118.0
TD+NOV,0,train,158,-135.0
TD+NOV,0,train,159,-75.0
TD+NOV,0,train,160,-130.0
TD+NOV,0,train,161,-110.0
TD+NOV,0,train,162,-95.0
TD+NOV,0,train,163,-161.0
TD+NOV,0,train,164,-128.0
TD+NOV,0,train,165,-119.0
TD+NOV,0,train,166,-100.0
TD+NOV,0,train,167,-110.0
TD+NOV,0,train,168,-96.0
TD+NOV,0,train,169,-123.0
TD+NOV,0,train,170,-88.0
TD+NOV,0,train,171,-97.0
TD+NOV,0,train,172,-74.0
TD+NOV,0,train,173,-118.0
TD+NOV,0,train,174,-99.0
TD+NOV,0,train,175,-157.0
TD+NOV,0,train,176,-105.0
TD+NOV,0,train,177,-500.0
TD+NOV,0,train,178,-99.0
TD+NOV,0,train,179,-315.0
TD+NOV,0,train,180,-211.0
TD+NOV,0,train,181,-177.0
TD+NOV,0,train,182,-129.0
TD+NOV,0,train,183,-128.0
TD+NOV,0,train,184,-91.0
TD+NOV,0,train,185,-98.0
TD+NOV,0,train,186,-129.0
TD+NOV,0,train,187,-106.0
TD+NOV,0,train,188,-106.0
TD+NOV,0,train,189,-93.0
TD+NOV,0,train,190,-101.0
TD+NOV,0,train,191,-109.0
TD+NOV,0,train,192,-91.0
TD+NOV,0,train,193,-132.0
TD+NOV,0,train,194,-97.0
TD+NOV,0,train,195,-103.0
TD+NOV,0,train,196,-90.0
TD+NOV,0,train,197,-83.0
TD+NOV,0,train,198,-154.0
TD+NOV,0,train,199,-103.0
TD+NOV,0,train,200,-90.0
TD+NOV,0,train,201,-89.0
TD+NOV,0,train,202,-119.0
TD+NOV,0,train,203,-77.0
TD+NOV,0,train,204,-109.0
TD+NOV,0,train,205,-104.0
TD+NOV,0,train,206,-92.0
TD+NOV,0,train,207,-106.0
TD+NOV,0,train,208,-113.0
TD+NOV,0,train,209,-135.0
TD+NOV,0,train,210,-103.0
TD+NOV,0,train,211,-118.0
TD+NOV,0,train,212,-184.0
TD+NOV,0,train,213,-111.0
TD+NOV,0,train,214,-108.0
TD+NOV,0,train,215,-204.0
TD+NOV,0,train,216,-89.0
TD+NOV,0,train,217,-121.0
TD+NOV,0,train,218,-85.0
TD+NOV,0,train,219,-93.0
TD+NOV,0,train,220,-132.0
TD+NOV,0,train,221,-132.0
TD+NOV,0,train,222,-109.0
TD+NOV,0,train,223,-108.0
TD+NOV,0,train,224,-97.0
TD+NOV,0,train,225,-78.0
TD+NOV,0,train,226,-87.0
TD+NOV,0,train,227,-149.0
TD+NOV,0,train,228,-102.0
TD+NOV,0,train,229,-86.0
TD+NOV,0,train,230,-149.0
TD+NOV,0,train,231,-145.0
TD+NOV,0,train,232,-124.0
TD+NOV,0,train,233,-117.0
TD+NOV,0,train,234,-132.0
TD+NOV,0,train,235,-85.0
TD+NOV,0,train,236,-86.0
TD+NOV,0,train,237,-176.0
TD+NOV,0,train,238,-180.0
TD+NOV,0,train,239,-96.0
TD+NOV,0,train,240,-135.0
TD+NOV,0,train,241,-113.0
TD+NOV,0,train,242,-90.0
TD+NOV,0,train,243,-135.0
TD+NOV,0,train,244,-93.0
TD+NOV,0,train,245,-141.0
TD+NOV,0,train,246,-90.0
TD+NOV,0,train,247,-133.0
TD+NOV,0,train,248,-125.0
TD+NOV,0,train,249,-87.0
TD+NOV,0,train,250,-131.0
TD+NOV,0,train,251,-82.0
TD+NOV,0,train,252,-86.0
TD+NOV,0,train,253,-187.0
TD+NOV,0,train,254,-110.0
TD+NOV,0,train,255,-91.0
TD+NOV,0,train,256,-84.0
TD+NOV,0,train,257,-260.0
TD+NOV,0,train,258,-102.0
TD+NOV,0,train,259,-101.0
TD+NOV,0,train,260,-71.0
TD+NOV,0,train,261,-127.0
TD+NOV,0,train,262,-144.0
TD+NOV,0,train,263,-93.0
TD+NOV,0,train,264,-117.0
TD+NOV,0,train,265,-109.0
TD+NOV,0,train,266,-159.0
TD+NOV,0,train,267,-134.0
TD+NOV,0,train,268,-80.0
TD+NOV,0,train,269,-144.0
TD+NOV,0,train,270,-169.0
TD+NOV,0,train,271,-237.0
TD+NOV,0,train,272,-102.0
TD+NOV,0,train,273,-153.0
TD+NOV,0,train,274,-108.0
TD+NOV,0,train,275,-98.0
TD+NOV,0,train,276,-98.0
TD+NOV,0,train,277,-127.0
TD+NOV,0,train,278,-146.0
TD+NOV,0,train,279,-137.0
TD+NOV,0,train,280,-88.0
TD+NOV,0,train,281,-122.0
TD+NOV,0,train,282,-99.0
TD+NOV,0,train,283,-93.0
TD+NOV,0,train,284,-120.0
TD+NOV,0,train,285,-94.0
TD+NOV,0,train,286,-93.0
TD+NOV,0,train,287,-95.0
TD+NOV,0,train,288,-115.0
TD+NOV,0,train,289,-114.0
TD+NOV,0,train,290,-90.0
TD+NOV,0,train,291,-90.0
TD+NOV,0,train,292,-105.0
TD+NOV,0,train,293,-91.0
TD+NOV,0,train,294,-82.0
TD+NOV,0,train,295,-84.0
TD+NOV,0,train,296,-92.0
TD+NOV,0,train,297,-125.0
TD+NOV,0,train,298,-78.0
TD+NOV,0,train,299,-93.0
TD+NOV,0,train,300,-150.0
TD+NOV,0,train,301,-82.0
TD+NOV,0,train,302,-85.0
TD+NOV,0,train,303,-94.0
TD+NOV,0,train,304,-99.0
TD+NOV,0,train,305,-112.0
TD+NOV,0,train,306,-170.0
TD+NOV,0,train,307,-90.0
TD+NOV,0,train,308,-78.0
TD+NOV,0,train,309,-83.0
TD+NOV,0,train,310,-120.0
TD+NOV,0,train,311,-99.0
TD+NOV,0,train,312,-84.0
TD+NOV,0,train,313,-91.0
TD+NOV,0,train,314,-107.0
TD+NOV,0,train,315,-107.0
TD+NOV,0,train,316,-87.0
TD+NOV,0,train,317,-114.0
TD+NOV,0,train,318,-79.0
TD+NOV,0,train,319,-89.0
TD+NOV,0,train,320,-103.0
TD+NOV,0,train,321,-117.0
TD+NOV,0,train,322,-111.0
TD+NOV,0,train,323,-112.0
TD+NOV,0,train,324,-116.0
TD+NOV,0,train,325,-139.0
TD+NOV,0,train,326,-91.0
TD+NOV,0,train,327,-86.0
TD+NOV,0,train,328,-107.0
TD+NOV,0,train,329,-109.0
TD+NOV,0,train,330,-92.0
TD+NOV,0,train,331,-88.0
TD+NOV,0,train,332,-89.0
TD+NOV,0,train,333,-101.0
TD+NOV,0,train,334,-89.0
TD+NOV,0,train,335,-133.0
TD+NOV,0,train,336,-78.0
TD+NOV,0,train,337,-63.0
TD+NOV,0,train,338,-111.0
TD+NOV,0,train,339,-111.0
TD+NOV,0,train,340,-105.0
TD+NOV,0,train,341,-105.0
TD+NOV,0,train,342,-92.0
TD+NOV,0,train,343,-102.0
TD+NOV,0,train,344,-151.0
TD+NOV,0,train,345,-132.0
TD+NOV,0,train,346,-79.0
TD+NOV,0,train,347,-107.0
TD+NOV,0,train,348,-89.0
TD+NOV,0,train,349,-88.0
TD+NOV,0,train,350,-115.0
TD+NOV,0,train,351,-79.0
TD+NOV,0,train,352,-106.0
TD+NOV,0,train,353,-114.0
TD+NOV,0,train,354,-74.0
TD+NOV,0,train,355,-129.0
TD+NOV,0,train,356,-75.0
TD+NOV,0,train,357,-115.0
TD+NOV,0,train,358,-133.0
TD+NOV,0,train,359,-100.0
TD+NOV,0,train,360,-103.0
TD+NOV,0,train,361,-78.0
TD+NOV,0,train,362,-113.0
TD+NOV,0,train,363,-76.0
TD+NOV,0,train,364,-105.0
TD+NOV,0,train,365,-95.0
TD+NOV,0,train,366,-122.0
TD+NOV,0,train,367,-98.0
TD+NOV,0,train,368,-148.0
TD+NOV,0,train,369,-87.0
TD+NOV,0,train,370,-86.0
TD+NOV,0,train,371,-83.0
TD+NOV,0,train,372,-108.0
TD+NOV,0,train,373,-77.0
TD+NOV,0,train,374,-94.0
TD+NOV,0,train,375,-93.0
TD+NOV,0,train,376,-93.0
TD+NOV,0,train,377,-111.0
TD+NOV,0,train,378,-76.0
TD+NOV,0,train,379,-97.0
TD+NOV,0,train,380,-93.0
TD+NOV,0,train,381,-98.0
TD+NOV,0,train,382,-230.0
TD+NOV,0,train,383,-89.0
TD+NOV,0,train,384,-94.0
TD+NOV,0,train,385,-88.0
TD+NOV,0,train,386,-95.0
TD+NOV,0,train,387,-121.0
TD+NOV,0,train,388,-103.0
TD+NOV,0,train,389,-95.0
TD+NOV,0,train,390,-135.0
TD+NOV,0,train,391,-75.0
TD+NOV,0,train,392,-110.0
TD+NOV,0,train,393,-78.0
TD+NOV,0,train,394,-74.0
TD+NOV,0,train,395,-93.0
TD+NOV,0,train,396,-76.0
TD+NOV,0,train,397,-86.0
TD+NOV,0,train,398,-154.0
TD+NOV,0,train,399,-95.0
TD+NOV,0,train,400,-72.0
TD+NOV,0,train,401,-93.0
TD+NOV,0,train,402,-87.0
TD+NOV,0,train,403,-85.0
TD+NOV,0,train,404,-83.0
TD+NOV,0,train,405,-191.0
TD+NOV,0,train,406,-89.0
TD+NOV,0,train,407,-94.0
TD+NOV,0,train,408,-88.0
TD+NOV,0,train,409,-97.0
TD+NOV,0,train,410,-106.0
TD+NOV,0,train,411,-124.0
TD+NOV,0,train,412,-91.0
TD+NOV,0,train,413,-83.0
TD+NOV,0,train,414,-90.0
TD+NOV,0,train,415,-116.0
TD+NOV,0,train,416,-93.0
TD+NOV,0,train,417,-86.0
TD+NOV,0,train,418,-108.0
TD+NOV,0,train,419,-77.0
TD+NOV,0,train,420,-142.0
TD+NOV,0,train,421,-73.0
TD+NOV,0,train,422,-109.0
TD+NOV,0,train,423,-89.0
TD+NOV,0,train,424,-102.0
TD+NOV,0,train,425,-116.0
TD+NOV,0,train,426,-71.0
TD+NOV,0,train,427,-96.0
TD+NOV,0,train,428,-91.0
TD+NOV,0,train,429,-85.0
TD+NOV,0,train,430,-111.0
TD+NOV,0,train,431,-79.0
TD+NOV,0,train,432,-86.0
TD+NOV,0,train,433,-97.0
TD+NOV,0,train,434,-86.0
TD+NOV,0,train,435,-91.0
TD+NOV,0,train,436,-70.0
TD+NOV,0,train,437,-138.0
TD+NOV,0,train,438,-79.0
TD+NOV,0,train,439,-85.0
TD+NOV,0,train,440,-78.0
TD+NOV,0,train,441,-223.0
TD+NOV,0,train,442,-78.0
TD+NOV,0,train,443,-76.0
TD+NOV,0,train,444,-106.0
TD+NOV,0,train,445,-108.0
TD+NOV,0,train,446,-85.0
TD+NOV,0,train,447,-69.0
TD+NOV,0,train,448,-71.0
TD+NOV,0,train,449,-76.0
TD+NOV,0,train,450,-85.0
TD+NOV,0,train,451,-88.0
TD+NOV,0,train,452,-94.0
TD+NOV,0,train,453,-123.0
TD+NOV,0,train,454,-98.0
TD+NOV,0,train,455,-135.0
TD+NOV,0,train,456,-146.0
TD+NOV,0,train,457,-85.0
TD+NOV,0,train,458,-83.0
TD+NOV,0,train,459,-75.0
TD+NOV,0,train,460,-109.0
TD+NOV,0,train,461,-87.0
TD+NOV,0,train,462,-129.0
TD+NOV,0,train,463,-91.0
TD+NOV,0,train,464,-94.0
TD+NOV,0,train,465,-122.0
TD+NOV,0,train,466,-102.0
TD+NOV,0,train,467,-94.0
TD+NOV,0,train,468,-97.0
TD+NOV,0,train,469,-75.0
TD+NOV,0,train,470,-108.0
TD+NOV,0,train,471,-89.0
TD+NOV,0,train,472,-71.0
TD+NOV,0,train,473,-77.0
TD+NOV,0,train,474,-98.0
TD+NOV,0,train,475,-71.0
TD+NOV,0,train,476,-92.0
TD+NOV,0,train,477,-63.0
TD+NOV,0,train,478,-84.0
TD+NOV,0,train,479,-105.0
TD+NOV,0,train,480,-84.0
TD+NOV,0,train,481,-92.0
TD+NOV,0,train,482,-71.0
TD+NOV,0,train,483,-94.0
TD+NOV,0,train,484,-106.0
TD+NOV,0,train,485,-115.0
TD+NOV,0,train,486,-88.0
TD+NOV,0,train,487,-95.0
TD+NOV,0,train,488,-165.0
TD+NOV,0,train,489,-104.0
TD+NOV,0,train,490,-94.0
TD+NOV,0,train,491,-117.0
TD+NOV,0,train,492,-87.0
TD+NOV,0,train,493,-78.0
TD+NOV,0,train,494,-96.0
TD+NOV,0,train,495,-70.0
TD+NOV,0,train,496,-77.0
TD+NOV,0,train,497,-105.0
TD+NOV,0,train,498,-152.0
TD+NOV,0,train,499,-93.0
TD+NOV,0,train,500,-108.0
TD+NOV,1,train,1,-500.0
TD+NOV,1,train,2,-500.0
TD+NOV,1,train,3,-500.0
TD+NOV,1,train,4,-500.0
TD+NOV,1,train,5,-500.0
TD+NOV,1,train,6,-500.0
TD+NOV,1,train,7,-500.0
TD+NOV,1,train,8,-500.0
TD+NOV,1,train,9,-500.0
TD+NOV,1,train,10,-401.0
TD+NOV,1,train,11,-464.0
TD+NOV,1,train,12,-111.0
TD+NOV,1,train,13,-167.0
TD+NOV,1,train,14,-314.0
TD+NOV,1,train,15,-190.0
TD+NOV,1,train,16,-172.0
TD+NOV,1,train,17,-225.0
TD+NOV,1,train,18,-223.0
TD+NOV,1,train,19,-224.0
TD+NOV,1,train,20,-360.0
TD+NOV,1,train,21,-301.0
TD+NOV,1,train,22,-360.0
TD+NOV,1,train,23,-223.0
TD+NOV,1,train,24,-193.0
TD+NOV,1,train,25,-330.0
TD+NOV,1,train,26,-236.0
TD+NOV,1,train,27,-205.0
TD+NOV,1,train,28,-402.0
TD+NOV,1,train,29,-205.0
TD+NOV,1,train,30,-212.0
TD+NOV,1,train,31,-432.0
TD+NOV,1,train,32,-298.0
TD+NOV,1,train,33,-287.0
TD+NOV,1,train,34,-231.0
TD+NOV,1,train,35,-299.0
TD+NOV,1,train,36,-243.0
TD+NOV,1,train,37,-237.0
TD+NOV,1,train,38,-136.0
TD+NOV,1,train,39,-284.0
TD+NOV,1,train,40,-175.0
TD+NOV,1,train,41,-269.0
TD+NOV,1,train,42,-204.0
TD+NOV,1,train,43,-221.0
TD+NOV,1,train,44,-166.0
TD+NOV,1,train,45,-171.0
TD+NOV,1,train,46,-112.0
TD+NOV,1,train,47,-167.0
TD+NOV,1,train,48,-163.0
TD+NOV,1,train,49,-153.0
TD+NOV,1,train,50,-178.0
TD+NOV,1,train,51,-141.0
TD+NOV,1,train,52,-112.0
TD+NOV,1,train,53,-131.0
TD+NOV,1,train,54,-156.0
TD+NOV,1,train,55,-101.0
TD+NOV,1,train,56,-134.0
TD+NOV,1,train,57,-125.0
TD+NOV,1,train,58,-149.0
TD+NOV,1,train,59,-202.0
TD+NOV,1,train,60,-149.0
TD+NOV,1,train,61,-115.0
TD+NOV,1,train,62,-101.0
TD+NOV,1,train,63,-119.0
TD+NOV,1,train,64,-111.0
TD+NOV,1,train,65,-94.0
TD+NOV,1,train,66,-142.0
TD+NOV,1,train,67,-209.0
TD+NOV,1,train,68,-111.0
TD+NOV,1,train,69,-88.0
TD+NOV,1,train,70,-92.0
TD+NOV,1,train,71,-126.0
TD+NOV,1,train,72,-129.0
TD+NOV,1,train,73,-177.0
TD+NOV,1,train,74,-137.0
TD+NOV,1,train,75,-119.0
TD+NOV,1,train,76,-85.0
TD+NOV,1,train,77,-98.0
TD+NOV,1,train,78,-100.0
TD+NOV,1,train,79,-91.0
TD+NOV,1,train,80,-121.0
TD+NOV,1,train,81,-152.0
TD+NOV,1,train,82,-96.0
TD+NOV,1,train,83,-106.0
TD+NOV,1,train,84,-89.0
TD+NOV,1,train,85,-126.0
TD+NOV,1,train,86,-104.0
TD+NOV,1,train,87,-143.0
TD+NOV,1,train,88,-107.0
TD+NOV,1,train,89,-102.0
TD+NOV,1,train,90,-104.0
TD+NOV,1,train,91,-136.0
TD+NOV,1,train,92,-129.0
TD+NOV,1,train,93,-141.0
TD+NOV,1,train,94,-126.0
TD+NOV,1,train,95,-136.0
TD+NOV,1,train,96,-206.0
TD+NOV,1,train,97,-78.0
TD+NOV,1,train,98,-83.0
TD+NOV,1,train,99,-99.0
TD+NOV,1,train,100,-81.0
TD+NOV,1,train,101,-122.0
TD+NOV,1,train,102,-129.0
TD+NOV,1,train,103,-78.0
TD+NOV,1,train,104,-118.0
TD+NOV,1,train,105,-117.0
TD+NOV,1,train,106,-92.0
TD+NOV,1,train,107,-98.0
TD+NOV,1,train,108,-83.0
TD+NOV,1,train,109,-90.0
TD+NOV,1,train,110,-106.0
TD+NOV,1,train,111,-102.0
TD+NOV,1,train,112,-89.0
TD+NOV,1,train,113,-96.0
TD+NOV,1,train,114,-103.0
TD+NOV,1,train,115,-93.0
TD+NOV,1,train,116,-125.0
TD+NOV,1,train,117,-121.0
TD+NOV,1,train,118,-102.0
TD+NOV,1,train,119,-95.0
TD+NOV,1,train,120,-500.0
TD+NOV,1,train,121,-500.0
TD+NOV,1,train,122,-93.0
TD+NOV,1,train,123,-72.0
TD+NOV,1,train,124,-500.0
TD+NOV,1,train,125,-88.0
TD+NOV,1,train,126,-114.0
TD+NOV,1,train,127,-76.0
TD+NOV,1,train,128,-99.0
TD+NOV,1,train,129,-84.0
TD+NOV,1,train,130,-89.0
TD+NOV,1,train,131,-107.0
TD+NOV,1,train,132,-86.0
TD+NOV,1,train,133,-139.0
TD+NOV,1,train,134,-99.0
TD+NOV,1,train,135,-121.0
TD+NOV,1,train,136,-102.0
TD+NOV,1,train,137,-141.0
TD+NOV,1,train,138,-139.0
TD+NOV,1,train,139,-132.0
TD+NOV,1,train,140,-110.0
TD+NOV,1,train,141,-108.0
TD+NOV,1,train,142,-500.0
TD+NOV,1,train,143,-78.0
TD+NOV,1,train,144,-128.0
TD+NOV,1,train,145,-135.0
TD+NOV,1,train,146,-115.0
TD+NOV,1,train,147,-95.0
TD+NOV,1,train,148,-81.0
TD+NOV,1,train,149,-143.0
TD+NOV,1,train,150,-110.0
TD+NOV,1,train,151,-138.0
TD+NOV,1,train,152,-110.0
TD+NOV,1,train,153,-249.0
TD+NOV,1,train,154,-96.0
TD+NOV,1,train,155,-120.0
TD+NOV,1,train,156,-128.0
TD+NOV,1,train,157,-111.0
TD+NOV,1,train,158,-115.0
TD+NOV,1,train,159,-87.0
TD+NOV,1,train,160,-103.0
TD+NOV,1,train,161,-104.0
TD+NOV,1,train,162,-500.0
TD+NOV,1,train,163,-121.0
TD+NOV,1,train,164,-116.0
TD+NOV,1,train,165,-100.0
TD+NOV,1,train,166,-92.0
TD+NOV,1,train,167,-182.0
TD+NOV,1,train,168,-131.0
TD+NOV,1,train,169,-100.0
TD+NOV,1,train,170,-223.0
TD+NOV,1,train,171,-93.0
TD+NOV,1,train,172,-92.0
TD+NOV,1,train,173,-117.0
TD+NOV,1,train,174,-82.0
TD+NOV,1,train,175,-161.0
TD+NOV,1,train,176,-112.0
TD+NOV,1,train,177,-78.0
TD+NOV,1,train,178,-96.0
TD+NOV,1,train,179,-112.0
TD+NOV,1,train,180,-418.0
TD+NOV,1,train,181,-114.0
TD+NOV,1,train,182,-99.0
TD+NOV,1,train,183,-109.0
TD+NOV,1,train,184,-178.0
TD+NOV,1,train,185,-118.0
TD+NOV,1,train,186,-78.0
TD+NOV,1,train,187,-112.0
TD+NOV,1,train,188,-120.0
TD+NOV,1,train,189,-87.0
TD+NOV,1,train,190,-116.0
TD+NOV,1,train,191,-125.0
TD+NOV,1,train,192,-137.0
TD+NOV,1,train,193,-127.0
TD+NOV,1,train,194,-103.0
TD+NOV,1,train,195,-148.0
TD+NOV,1,train,196,-93.0
TD+NOV,1,train,197,-106.0
TD+NOV,1,train,198,-111.0
TD+NOV,1,train,199,-102.0
TD+NOV,1,train,200,-88.0
TD+NOV,1,train,201,-204.0
TD+NOV,1,train,202,-113.0
TD+NOV,1,train,203,-98.0
TD+NOV,1,train,204,-106.0
TD+NOV,1,train,205,-109.0
TD+NOV,1,train,206,-115.0
TD+NOV,1,train,207,-116.0
TD+NOV,1,train,208,-101.0
TD+NOV,1,train,209,-149.0
TD+NOV,1,train,210,-124.0
TD+NOV,1,train,211,-89.0
TD+NOV,1,train,212,-86.0
TD+NOV,1,train,213,-97.0
TD+NOV,1,train,214,-109.0
TD+NOV,1,train,215,-96.0
TD+NOV,1,train,216,-120.0
TD+NOV,1,train,217,-115.0
TD+NOV,1,train,218,-76.0
TD+NOV,1,train,219,-93.0
TD+NOV,1,train,220,-64.0
TD+NOV,1,train,221,-123.0
TD+NOV,1,train,222,-158.0
TD+NOV,1,train,223,-86.0
TD+NOV,1,train,224,-140.0
TD+NOV,1,train,225,-339.0
TD+NOV,1,train,226,-87.0
TD+NOV,1,train,227,-72.0
TD+NOV,1,train,228,-94.0
TD+NOV,1,train,229,-93.0
TD+NOV,1,train,230,-91.0
TD+NOV,1,train,231,-97.0
TD+NOV,1,train,232,-104.0
TD+NOV,1,train,233,-79.0
TD+NOV,1,train,234,-79.0
TD+NOV,1,train,235,-216.0
TD+NOV,1,train,236,-105.0
TD+NOV,1,train,237,-86.0
TD+NOV,1,train,238,-112.0
TD+NOV,1,train,239,-108.0
TD+NOV,1,train,240,-129.0
TD+NOV,1,train,241,-238.0
TD+NOV,1,train,242,-82.0
TD+NOV,1,train,243,-106.0
TD+NOV,1,train,244,-92.0
TD+NOV,1,train,245,-86.0
TD+NOV,1,train,246,-115.0
TD+NOV,1,train,247,-100.0
TD+NOV,1,train,248,-177.0
TD+NOV,1,train,249,-116.0
TD+NOV,1,train,250,-77.0
TD+NOV,1,train,251,-186.0
TD+NOV,1,train,252,-128.0
TD+NOV,1,train,253,-104.0
TD+NOV,1,train,254,-121.0
TD+NOV,1,train,255,-123.0
TD+NOV,1,train,256,-116.0
TD+NOV,1,train,257,-104.0
TD+NOV,1,train,258,-78.0
TD+NOV,1,train,259,-92.0
TD+NOV,1,train,260,-126.0
TD+NOV,1,train,261,-106.0
TD+NOV,1,train,262,-80.0
TD+NOV,1,train,263,-500.0
TD+NOV,1,train,264,-93.0
TD+NOV,1,train,265,-83.0
TD+NOV,1,train,266,-123.0
TD+NOV,1,train,267,-119.0
TD+NOV,1,train,268,-104.0
TD+NOV,1,train,269,-133.0
TD+NOV,1,train,270,-96.0
TD+NOV,1,train,271,-125.0
TD+NOV,1,train,272,-84.0
TD+NOV,1,train,273,-91.0
TD+NOV,1,train,274,-155.0
TD+NOV,1,train,275,-127.0
TD+NOV,1,train,276,-127.0
TD+NOV,1,train,277,-93.0
TD+NOV,1,train,278,-210.0
TD+NOV,1,train,279,-171.0
TD+NOV,1,train,280,-126.0
TD+NOV,1,train,281,-100.0
TD+NOV,1,train,282,-94.0
TD+NOV,1,train,283,-95.0
TD+NOV,1,train,284,-119.0
TD+NOV,1,train,285,-103.0
TD+NOV,1,train,286,-114.0
TD+NOV,1,train,287,-132.0
TD+NOV,1,train,288,-134.0
TD+NOV,1,train,289,-93.0
TD+NOV,1,train,290,-108.0
TD+NOV,1,train,291,-75.0
TD+NOV,1,train,292,-114.0
TD+NOV,1,train,293,-124.0
TD+NOV,1,train,294,-117.0
TD+NOV,1,train,295,-102.0
TD+NOV,1,train,296,-138.0
TD+NOV,1,train,297,-86.0
TD+NOV,1,train,298,-105.0
TD+NOV,1,train,299,-81.0
TD+NOV,1,train,300,-111.0
TD+NOV,1,train,301,-136.0
TD+NOV,1,train,302,-125.0
TD+NOV,1,train,303,-107.0
TD+NOV,1,train,304,-71.0
TD+NOV,1,train,305,-124.0
TD+NOV,1,train,306,-102.0
TD+NOV,1,train,307,-76.0
TD+NOV,1,train,308,-79.0
TD+NOV,1,train,309,-110.0
TD+NOV,1,train,310,-77.0
TD+NOV,1,train,311,-87.0
TD+NOV,1,train,312,-98.0
TD+NOV,1,train,313,-75.0
TD+NOV,1,train,314,-68.0
TD+NOV,1,train,315,-97.0
TD+NOV,1,train,316,-96.0
TD+NOV,1,train,317,-84.0
TD+NOV,1,train,318,-252.0
TD+NOV,1,train,319,-95.0
TD+NOV,1,train,320,-115.0
TD+NOV,1,train,321,-101.0
TD+NOV,1,train,322,-128.0
TD+NOV,1,train,323,-96.0
TD+NOV,1,train,324,-87.0
TD+NOV,1,train,325,-78.0
TD+NOV,1,train,326,-91.0
TD+NOV,1,train,327,-118.0
TD+NOV,1,train,328,-94.0
TD+NOV,1,train,329,-72.0
TD+NOV,1,train,330,-108.0
TD+NOV,1,train,331,-90.0
TD+NOV,1,train,332,-75.0
TD+NOV,1,train,333,-92.0
TD+NOV,1,train,334,-95.0
TD+NOV,1,train,335,-98.0
TD+NOV,1,train,336,-116.0
TD+NOV,1,train,337,-80.0
TD+NOV,1,train,338,-135.0
TD+NOV,1,train,339,-77.0
TD+NOV,1,train,340,-92.0
TD+NOV,1,train,341,-131.0
TD+NOV,1,train,342,-101.0
TD+NOV,1,train,343,-103.0
TD+NOV,1,train,344,-85.0
TD+NOV,1,train,345,-84.0
TD+NOV,1,train,346,-82.0
TD+NOV,1,train,347,-85.0
TD+NOV,1,train,348,-117.0
TD+NOV,1,train,349,-73.0
TD+NOV,1,train,350,-94.0
TD+NOV,1,train,351,-121.0
TD+NOV,1,train,352,-71.0
TD+NOV,1,train,353,-102.0
TD+NOV,1,train,354,-137.0
TD+NOV,1,train,355,-94.0
TD+NOV,1,train,356,-103.0
TD+NOV,1,train,357,-78.0
TD+NOV,1,train,358,-112.0
TD+NOV,1,train,359,-113.0
TD+NOV,1,train,360,-118.0
TD+NOV,1,train,361,-119.0
TD+NOV,1,train,362,-93.0
TD+NOV,1,train,363,-115.0
TD+NOV,1,train,364,-89.0
TD+NOV,1,train,365,-114.0
TD+NOV,1,train,366,-91.0
TD+NOV,1,train,367,-90.0
TD+NOV,1,train,368,-132.0
TD+NOV,1,train,369,-108.0
TD+NOV,1,train,370,-87.0
TD+NOV,1,train,371,-232.0
TD+NOV,1,train,372,-118.0
TD+NOV,1,train,373,-96.0
TD+NOV,1,train,374,-109.0
TD+NOV,1,train,375,-109.0
TD+NOV,1,train,376,-84.0
TD+NOV,1,train,377,-106.0
TD+NOV,1,train,378,-84.0
TD+NOV,1,train,379,-108.0
TD+NOV,1,train,380,-99.0
TD+NOV,1,train,381,-112.0
TD+NOV,1,train,382,-108.0
TD+NOV,1,train,383,-92.0
TD+NOV,1,train,384,-90.0
TD+NOV,1,train,385,-81.0
TD+NOV,1,train,386,-83.0
TD+NOV,1,train,387,-111.0
TD+NOV,1,train,388,-86.0
TD+NOV,1,train,389,-83.0
TD+NOV,1,train,390,-102.0
TD+NOV,1,train,391,-100.0
TD+NOV,1,train,392,-97.0
TD+NOV,1,train,393,-101.0
TD+NOV,1,train,394,-87.0
TD+NOV,1,train,395,-91.0
TD+NOV,1,train,396,-90.0
TD+NOV,1,train,397,-100.0
TD+NOV,1,train,398,-80.0
TD+NOV,1,train,399,-84.0
TD+NOV,1,train,400,-80.0
TD+NOV,1,train,401,-123.0
TD+NOV,1,train,402,-118.0
TD+NOV,1,train,403,-77.0
TD+NOV,1,train,404,-102.0
TD+NOV,1,train,405,-75.0
TD+NOV,1,train,406,-78.0
TD+NOV,1,train,407,-90.0
TD+NOV,1,train,408,-91.0
TD+NOV,1,train,409,-80.0
TD+NOV,1,train,410,-84.0
TD+NOV,1,train,411,-83.0
TD+NOV,1,train,412,-82.0
TD+NOV,1,train,413,-107.0
TD+NOV,1,train,414,-85.0
TD+NOV,1,train,415,-84.0
TD+NOV,1,train,416,-213.0
TD+NOV,1,train,417,-84.0
TD+NOV,1,train,418,-274.0
TD+NOV,1,train,419,-72.0
TD+NOV,1,train,420,-493.0
TD+NOV,1,train,421,-98.0
TD+NOV,1,train,422,-115.0
TD+NOV,1,train,423,-108.0
TD+NOV,1,train,424,-121.0
TD+NOV,1,train,425,-92.0
TD+NOV,1,train,426,-314.0
TD+NOV,1,train,427,-100.0
TD+NOV,1,train,428,-91.0
TD+NOV,1,train,429,-136.0
TD+NOV,1,train,430,-120.0
TD+NOV,1,train,431,-99.0
TD+NOV,1,train,432,-108.0
TD+NOV,1,train,433,-100.0
TD+NOV,1,train,434,-122.0
TD+NOV,1,train,435,-80.0
TD+NOV,1,train,436,-140.0
TD+NOV,1,train,437,-91.0
TD+NOV,1,train,438,-83.0
TD+NOV,1,train,439,-105.0
TD+NOV,1,train,440,-107.0
TD+NOV,1,train,441,-90.0
TD+NOV,1,train,442,-83.0
TD+NOV,1,train,443,-98.0
TD+NOV,1,train,444,-76.0
TD+NOV,1,train,445,-113.0
TD+NOV,1,train,446,-106.0
TD+NOV,1,train,447,-65.0
TD+NOV,1,train,448,-117.0
TD+NOV,1,train,449,-94.0
TD+NOV,1,train,450,-140.0
TD+NOV,1,train,451,-102.0
TD+NOV,1,train,452,-92.0
TD+NOV,1,train,453,-115.0
TD+NOV,1,train,454,-112.0
TD+NOV,1,train,455,-108.0
TD+NOV,1,train,456,-95.0
TD+NOV,1,train,457,-87.0
TD+NOV,1,train,458,-74.0
TD+NOV,1,train,459,-71.0
TD+NOV,1,train,460,-76.0
TD+NOV,1,train,461,-84.0
TD+NOV,1,train,462,-77.0
TD+NOV,1,train,463,-86.0
TD+NOV,1,train,464,-75.0
TD+NOV,1,train,465,-98.0
TD+NOV,1,train,466,-135.0
TD+NOV,1,train,467,-81.0
TD+NOV,1,train,468,-81.0
TD+NOV,1,train,469,-86.0
TD+NOV,1,train,470,-112.0
TD+NOV,1,train,471,-85.0
TD+NOV,1,train,472,-85.0
TD+NOV,1,train,473,-62.0
TD+NOV,1,train,474,-74.0
TD+NOV,1,train,475,-89.0
TD+NOV,1,train,476,-102.0
TD+NOV,1,train,477,-108.0
TD+NOV,1,train,478,-122.0
TD+NOV,1,train,479,-77.0
TD+NOV,1,train,480,-90.0
TD+NOV,1,train,481,-78.0
TD+NOV,1,train,482,-104.0
TD+NOV,1,train,483,-77.0
TD+NOV,1,train,484,-109.0
TD+NOV,1,train,485,-97.0
TD+NOV,1,train,486,-101.0
TD+NOV,1,train,487,-73.0
TD+NOV,1,train,488,-82.0
TD+NOV,1,train,489,-88.0
TD+NOV,1,train,490,-92.0
TD+NOV,1,train,491,-129.0
TD+NOV,1,train,492,-78.0
TD+NOV,1,train,493,-500.0
TD+NOV,1,train,494,-85.0
TD+NOV,1,train,495,-87.0
TD+NOV,1,train,496,-83.0
TD+NOV,1,train,497,-108.0
TD+NOV,1,train,498,-81.0
TD+NOV,1,train,499,-85.0
TD+NOV,1,train,500,-116.0
TD+NOV,2,train,1,-500.0
TD+NOV,2,train,2,-500.0
TD+NOV,2,train,3,-500.0
TD+NOV,2,train,4,-500.0
TD+NOV,2,train,5,-500.0
TD+NOV,2,train,6,-500.0
TD+NOV,2,train,7,-500.0
TD+NOV,2,train,8,-500.0
TD+NOV,2,train,9,-500.0
TD+NOV,2,train,10,-500.0
TD+NOV,2,train,11,-465.0
TD+NOV,2,train,12,-500.0
TD+NOV,2,train,13,-263.0
TD+NOV,2,train,14,-407.0
TD+NOV,2,train,15,-500.0
TD+NOV,2,train,16,-272.0
TD+NOV,2,train,17,-500.0
TD+NOV,2,train,18,-304.0
TD+NOV,2,train,19,-500.0
TD+NOV,2,train,20,-162.0
TD+NOV,2,train,21,-356.0
TD+NOV,2,train,22,-500.0
TD+NOV,2,train,23,-500.0
TD+NOV,2,train,24,-179.0
TD+NOV,2,train,25,-256.0
TD+NOV,2,train,26,-291.0
TD+NOV,2,train,27,-500.0
TD+NOV,2,train,28,-500.0
TD+NOV,2,train,29,-500.0
TD+NOV,2,train,30,-500.0
TD+NOV,2,train,31,-500.0
TD+NOV,2,train,32,-500.0
TD+NOV,2,train,33,-247.0
TD+NOV,2,train,34,-500.0
TD+NOV,2,train,35,-500.0
TD+NOV,2,train,36,-500.0
TD+NOV,2,train,37,-500.0
TD+NOV,2,train,38,-500.0
TD+NOV,2,train,39,-500.0
TD+NOV,2,train,40,-500.0
TD+NOV,2,train,41,-500.0
TD+NOV,2,train,42,-500.0
TD+NOV,2,train,43,-500.0
TD+NOV,2,train,44,-500.0
TD+NOV,2,train,45,-500.0
TD+NOV,2,train,46,-500.0
TD+NOV,2,train,47,-500.0
TD+NOV,2,train,48,-500.0
TD+NOV,2,train,49,-500.0
TD+NOV,2,train,50,-500.0
TD+NOV,2,train,51,-430.0
TD+NOV,2,train,52,-500.0
TD+NOV,2,train,53,-500.0
TD+NOV,2,train,54,-500.0
TD+NOV,2,train,55,-500.0
TD+NOV,2,train,56,-418.0
TD+NOV,2,train,57,-372.0
TD+NOV,2,train,58,-458.0
TD+NOV,2,train,59,-163.0
TD+NOV,2,train,60,-182.0
TD+NOV,2,train,61,-277.0
TD+NOV,2,train,62,-137.0
TD+NOV,2,train,63,-326.0
TD+NOV,2,train,64,-279.0
TD+NOV,2,train,65,-168.0
TD+NOV,2,train,66,-119.0
TD+NOV,2,train,67,-158.0
TD+NOV,2,train,68,-117.0
TD+NOV,2,train,69,-120.0
TD+NOV,2,train,70,-170.0
TD+NOV,2,train,71,-234.0
TD+NOV,2,train,72,-293.0
TD+NOV,2,train,73,-127.0
TD+NOV,2,train,74,-191.0
TD+NOV,2,train,75,-98.0
TD+NOV,2,train,76,-429.0
TD+NOV,2,train,77,-141.0
TD+NOV,2,train,78,-361.0
TD+NOV,2,train,79,-130.0
TD+NOV,2,train,80,-140.0
TD+NOV,2,train,81,-209.0
TD+NOV,2,train,82,-148.0
TD+NOV,2,train,83,-141.0
TD+NOV,2,train,84,-240.0
TD+NOV,2,train,85,-500.0
TD+NOV,2,train,86,-337.0
TD+NOV,2,train,87,-115.0
TD+NOV,2,train,88,-319.0
TD+NOV,2,train,89,-148.0
TD+NOV,2,train,90,-297.0
TD+NOV,2,train,91,-371.0
TD+NOV,2,train,92,-117.0
TD+NOV,2,train,93,-299.0
TD+NOV,2,train,94,-251.0
TD+NOV,2,train,95,-106.0
TD+NOV,2,train,96,-178.0
TD+NOV,2,train,97,-194.0
TD+NOV,2,train,98,-187.0
TD+NOV,2,train,99,-88.0
TD+NOV,2,train,100,-230.0
TD+NOV,2,train,101,-136.0
TD+NOV,2,train,102,-260.0
TD+NOV,2,train,103,-251.0
TD+NOV,2,train,104,-147.0
TD+NOV,2,train,105,-500.0
TD+NOV,2,train,106,-117.0
TD+NOV,2,train,107,-137.0
TD+NOV,2,train,108,-179.0
TD+NOV,2,train,109,-321.0
TD+NOV,2,train,110,-173.0
TD+NOV,2,train,111,-108.0
TD+NOV,2,train,112,-106.0
TD+NOV,2,train,113,-112.0
TD+NOV,2,train,114,-159.0
TD+NOV,2,train,115,-317.0
TD+NOV,2,train,116,-95.0
TD+NOV,2,train,117,-149.0
TD+NOV,2,train,118,-133.0
TD+NOV,2,train,119,-129.0
TD+NOV,2,train,120,-147.0
TD+NOV,2,train,121,-159.0
TD+NOV,2,train,122,-85.0
TD+NOV,2,train,123,-149.0
TD+NOV,2,train,124,-99.0
TD+NOV,2,train,125,-76.0
TD+NOV,2,train,126,-124.0
TD+NOV,2,train,127,-179.0
TD+NOV,2,train,128,-118.0
TD+NOV,2,train,129,-86.0
TD+NOV,2,train,130,-111.0
TD+NOV,2,train,131,-115.0
TD+NOV,2,train,132,-359.0
TD+NOV,2,train,133,-93.0
TD+NOV,2,train,134,-81.0
TD+NOV,2,train,135,-94.0
TD+NOV,2,train,136,-106.0
TD+NOV,2,train,137,-89.0
TD+NOV,2,train,138,-206.0
TD+NOV,2,train,139,-91.0
TD+NOV,2,train,140,-362.0
TD+NOV,2,train,141,-101.0
TD+NOV,2,train,142,-110.0
TD+NOV,2,train,143,-110.0
TD+NOV,2,train,144,-100.0
TD+NOV,2,train,145,-75.0
TD+NOV,2,train,146,-105.0
TD+NOV,2,train,147,-191.0
TD+NOV,2,train,148,-79.0
TD+NOV,2,train,149,-116.0
TD+NOV,2,train,150,-117.0
TD+NOV,2,train,151,-157.0
TD+NOV,2,train,152,-153.0
TD+NOV,2,train,153,-109.0
TD+NOV,2,train,154,-124.0
TD+NOV,2,train,155,-196.0
TD+NOV,2,train,156,-128.0
TD+NOV,2,train,157,-156.0
TD+NOV,2,train,158,-119.0
TD+NOV,2,train,159,-125.0
TD+NOV,2,train,160,-131.0
TD+NOV,2,train,161,-104.0
TD+NOV,2,train,162,-89.0
TD+NOV,2,train,163,-186.0
TD+NOV,2,train,164,-122.0
TD+NOV,2,train,165,-97.0
TD+NOV,2,train,166,-123.0
TD+NOV,2,train,167,-186.0
TD+NOV,2,train,168,-126.0
TD+NOV,2,train,169,-94.0
TD+NOV,2,train,170,-186.0
TD+NOV,2,train,171,-124.0
TD+NOV,2,train,172,-320.0
TD+NOV,2,train,173,-86.0
TD+NOV,2,train,174,-136.0
TD+NOV,2,train,175,-160.0
TD+NOV,2,train,176,-220.0
TD+NOV,2,train,177,-109.0
TD+NOV,2,train,178,-83.0
TD+NOV,2,train,179,-113.0
TD+NOV,2,train,180,-159.0
TD+NOV,2,train,181,-104.0
TD+NOV,2,train,182,-107.0
TD+NOV,2,train,183,-83.0
TD+NOV,2,train,184,-130.0
TD+NOV,2,train,185,-80.0
TD+NOV,2,train,186,-131.0
TD+NOV,2,train,187,-121.0
TD+NOV,2,train,188,-88.0
TD+NOV,2,train,189,-79.0
TD+NOV,2,train,190,-134.0
TD+NOV,2,train,191,-78.0
TD+NOV,2,train,192,-81.0
TD+NOV,2,train,193,-96.0
TD+NOV,2,train,194,-185.0
TD+NOV,2,train,195,-107.0
TD+NOV,2,train,196,-87.0
TD+NOV,2,train,197,-89.0
TD+NOV,2,train,198,-103.0
TD+NOV,2,train,199,-87.0
TD+NOV,2,train,200,-172.0
TD+NOV,2,train,201,-90.0
TD+NOV,2,train,202,-135.0
TD+NOV,2,train,203,-105.0
TD+NOV,2,train,204,-87.0
TD+NOV,2,train,205,-98.0
TD+NOV,2,train,206,-85.0
TD+NOV,2,train,207,-100.0
TD+NOV,2,train,208,-78.0
TD+NOV,2,train,209,-91.0
TD+NOV,2,train,210,-94.0
TD+NOV,2,train,211,-112.0
TD+NOV,2,train,212,-203.0
TD+NOV,2,train,213,-153.0
TD+NOV,2,train,214,-79.0
TD+NOV,2,train,215,-431.0
TD+NOV,2,train,216,-90.0
TD+NOV,2,train,217,-92.0
TD+NOV,2,train,218,-142.0
TD+NOV,2,train,219,-87.0
TD+NOV,2,train,220,-91.0
TD+NOV,2,train,221,-118.0
TD+NOV,2,train,222,-70.0
TD+NOV,2,train,223,-82.0
TD+NOV,2,train,224,-115.0
TD+NOV,2,train,225,-78.0
TD+NOV,2,train,226,-117.0
TD+NOV,2,train,227,-122.0
TD+NOV,2,train,228,-147.0
TD+NOV,2,train,229,-108.0
TD+NOV,2,train,230,-115.0
TD+NOV,2,train,231,-122.0
TD+NOV,2,train,232,-122.0
TD+NOV,2,train,233,-144.0
TD+NOV,2,train,234,-94.0
TD+NOV,2,train,235,-146.0
TD+NOV,2,train,236,-91.0
TD+NOV,2,train,237,-93.0
TD+NOV,2,train,238,-84.0
TD+NOV,2,train,239,-178.0
TD+NOV,2,train,240,-98.0
TD+NOV,2,train,241,-103.0
TD+NOV,2,train,242,-117.0
TD+NOV,2,train,243,-157.0
TD+NOV,2,train,244,-80.0
TD+NOV,2,train,245,-110.0
TD+NOV,2,train,246,-88.0
TD+NOV,2,train,247,-77.0
TD+NOV,2,train,248,-71.0
TD+NOV,2,train,249,-100.0
TD+NOV,2,train,250,-93.0
TD+NOV,2,train,251,-177.0
TD+NOV,2,train,252,-186.0
TD+NOV,2,train,253,-83.0
TD+NOV,2,train,254,-90.0
TD+NOV,2,train,255,-78.0
TD+NOV,2,train,256,-90.0
TD+NOV,2,train,257,-105.0
TD+NOV,2,train,258,-86.0
TD+NOV,2,train,259,-122.0
TD+NOV,2,train,260,-103.0
TD+NOV,2,train,261,-147.0
TD+NOV,2,train,262,-88.0
TD+NOV,2,train,263,-96.0
TD+NOV,2,train,264,-86.0
TD+NOV,2,train,265,-92.0
TD+NOV,2,train,266,-110.0
TD+NOV,2,train,267,-117.0
TD+NOV,2,train,268,-125.0
TD+NOV,2,train,269,-99.0
TD+NOV,2,train,270,-104.0
TD+NOV,2,train,271,-145.0
TD+NOV,2,train,272,-110.0
TD+NOV,2,train,273,-105.0
TD+NOV,2,train,274,-88.0
TD+NOV,2,train,275,-94.0
TD+NOV,2,train,276,-80.0
TD+NOV,2,train,277,-89.0
TD+NOV,2,train,278,-122.0
TD+NOV,2,train,279,-95.0
TD+NOV,2,train,280,-80.0
TD+NOV,2,train,281,-99.0
TD+NOV,2,train,282,-97.0
TD+NOV,2,train,283,-114.0
TD+NOV,2,train,284,-78.0
TD+NOV,2,train,285,-88.0
TD+NOV,2,train,286,-86.0
TD+NOV,2,train,287,-102.0
TD+NOV,2,train,288,-88.0
TD+NOV,2,train,289,-108.0
TD+NOV,2,train,290,-305.0
TD+NOV,2,train,291,-79.0
TD+NOV,2,train,292,-78.0
TD+NOV,2,train,293,-93.0
TD+NOV,2,train,294,-81.0
TD+NOV,2,train,295,-100.0
TD+NOV,2,train,296,-82.0
TD+NOV,2,train,297,-136.0
TD+NOV,2,train,298,-162.0
TD+NOV,2,train,299,-132.0
TD+NOV,2,train,300,-170.0
TD+NOV,2,train,301,-107.0
TD+NOV,2,train,302,-131.0
TD+NOV,2,train,303,-91.0
TD+NOV,2,train,304,-219.0
TD+NOV,2,train,305,-70.0
TD+NOV,2,train,306,-141.0
TD+NOV,2,train,307,-84.0
TD+NOV,2,train,308,-191.0
TD+NOV,2,train,309,-110.0
TD+NOV,2,train,310,-76.0
TD+NOV,2,train,311,-104.0
TD+NOV,2,train,312,-91.0
TD+NOV,2,train,313,-87.0
TD+NOV,2,train,314,-276.0
TD+NOV,2,train,315,-81.0
TD+NOV,2,train,316,-78.0
TD+NOV,2,train,317,-81.0
TD+NOV,2,train,318,-85.0
TD+NOV,2,train,319,-106.0
TD+NOV,2,train,320,-80.0
TD+NOV,2,train,321,-77.0
TD+NOV,2,train,322,-111.0
TD+NOV,2,train,323,-85.0
TD+NOV,2,train,324,-79.0
TD+NOV,2,train,325,-101.0
TD+NOV,2,train,326,-91.0
TD+NOV,2,train,327,-81.0
TD+NOV,2,train,328,-91.0
TD+NOV,2,train,329,-149.0
TD+NOV,2,train,330,-118.0
TD+NOV,2,train,331,-94.0
TD+NOV,2,train,332,-97.0
TD+NOV,2,train,333,-98.0
TD+NOV,2,train,334,-64.0
TD+NOV,2,train,335,-83.0
TD+NOV,2,train,336,-93.0
TD+NOV,2,train,337,-83.0
TD+NOV,2,train,338,-155.0
TD+NOV,2,train,339,-81.0
TD+NOV,2,train,340,-140.0
TD+NOV,2,train,341,-101.0
TD+NOV,2,train,342,-94.0
TD+NOV,2,train,343,-154.0
TD+NOV,2,train,344,-99.0
TD+NOV,2,train,345,-84.0
TD+NOV,2,train,346,-81.0
TD+NOV,2,train,347,-79.0
TD+NOV,2,train,348,-80.0
TD+NOV,2,train,349,-108.0
TD+NOV,2,train,350,-161.0
TD+NOV,2,train,351,-109.0
TD+NOV,2,train,352,-104.0
TD+NOV,2,train,353,-100.0
TD+NOV,2,train,354,-77.0
TD+NOV,2,train,355,-130.0
TD+NOV,2,train,356,-98.0
TD+NOV,2,train,357,-89.0
TD+NOV,2,train,358,-155.0
TD+NOV,2,train,359,-85.0
TD+NOV,2,train,360,-96.0
TD+NOV,2,train,361,-71.0
TD+NOV,2,train,362,-70.0
TD+NOV,2,train,363,-118.0
TD+NOV,2,train,364,-123.0
TD+NOV,2,train,365,-138.0
TD+NOV,2,train,366,-74.0
TD+NOV,2,train,367,-90.0
TD+NOV,2,train,368,-87.0
TD+NOV,2,train,369,-89.0
TD+NOV,2,train,370,-76.0
TD+NOV,2,train,371,-97.0
TD+NOV,2,train,372,-70.0
TD+NOV,2,train,373,-92.0
TD+NOV,2,train,374,-63.0
TD+NOV,2,train,375,-79.0
TD+NOV,2,train,376,-87.0
TD+NOV,2,train,377,-113.0
TD+NOV,2,train,378,-100.0
TD+NOV,2,train,379,-80.0
TD+NOV,2,train,380,-101.0
TD+NOV,2,train,381,-225.0
TD+NOV,2,train,382,-97.0
TD+NOV,2,train,383,-78.0
TD+NOV,2,train,384,-112.0
TD+NOV,2,train,385,-94.0
TD+NOV,2,train,386,-77.0
TD+NOV,2,train,387,-156.0
TD+NOV,2,train,388,-88.0
TD+NOV,2,train,389,-90.0
TD+NOV,2,train,390,-97.0
TD+NOV,2,train,391,-78.0
TD+NOV,2,train,392,-143.0
TD+NOV,2,train,393,-108.0
TD+NOV,2,train,394,-84.0
TD+NOV,2,train,395,-95.0
TD+NOV,2,train,396,-121.0
TD+NOV,2,train,397,-110.0
TD+NOV,2,train,398,-77.0
TD+NOV,2,train,399,-83.0
TD+NOV,2,train,400,-97.0
TD+NOV,2,train,401,-109.0
TD+NOV,2,train,402,-276.0
TD+NOV,2,train,403,-149.0
TD+NOV,2,train,404,-97.0
TD+NOV,2,train,405,-97.0
TD+NOV,2,train,406,-84.0
TD+NOV,2,train,407,-79.0
TD+NOV,2,train,408,-96.0
TD+NOV,2,train,409,-95.0
TD+NOV,2,train,410,-103.0
TD+NOV,2,train,411,-80.0
TD+NOV,2,train,412,-84.0
TD+NOV,2,train,413,-96.0
TD+NOV,2,train,414,-125.0
TD+NOV,2,train,415,-80.0
TD+NOV,2,train,416,-91.0
TD+NOV,2,train,417,-95.0
TD+NOV,2,train,418,-76.0
TD+NOV,2,train,419,-90.0
TD+NOV,2,train,420,-82.0
TD+NOV,2,train,421,-82.0
TD+NOV,2,train,422,-98.0
TD+NOV,2,train,423,-84.0
TD+NOV,2,train,424,-101.0
TD+NOV,2,train,425,-92.0
TD+NOV,2,train,426,-97.0
TD+NOV,2,train,427,-339.0
TD+NOV,2,train,428,-97.0
TD+NOV,2,train,429,-72.0
TD+NOV,2,train,430,-81.0
TD+NOV,2,train,431,-93.0
TD+NOV,2,train,432,-84.0
TD+NOV,2,train,433,-106.0
TD+NOV,2,train,434,-83.0
TD+NOV,2,train,435,-104.0
TD+NOV,2,train,436,-104.0
TD+NOV,2,train,437,-120.0
TD+NOV,2,train,438,-212.0
TD+NOV,2,train,439,-86.0
TD+NOV,2,train,440,-72.0
TD+NOV,2,train,441,-71.0
TD+NOV,2,train,442,-96.0
TD+NOV,2,train,443,-93.0
TD+NOV,2,train,444,-93.0
TD+NOV,2,train,445,-223.0
TD+NOV,2,train,446,-74.0
TD+NOV,2,train,447,-94.0
TD+NOV,2,train,448,-82.0
TD+NOV,2,train,449,-71.0
TD+NOV,2,train,450,-71.0
TD+NOV,2,train,451,-88.0
TD+NOV,2,train,452,-136.0
TD+NOV,2,train,453,-75.0
TD+NOV,2,train,454,-69.0
TD+NOV,2,train,455,-113.0
TD+NOV,2,train,456,-91.0
TD+NOV,2,train,457,-84.0
TD+NOV,2,train,458,-92.0
TD+NOV,2,train,459,-83.0
TD+NOV,2,train,460,-118.0
TD+NOV,2,train,461,-85.0
TD+NOV,2,train,462,-105.0
TD+NOV,2,train,463,-156.0
TD+NOV,2,train,464,-81.0
TD+NOV,2,train,465,-126.0
TD+NOV,2,train,466,-102.0
TD+NOV,2,train,467,-78.0
TD+NOV,2,train,468,-118.0
TD+NOV,2,train,469,-78.0
TD+NOV,2,train,470,-64.0
TD+NOV,2,train,471,-83.0
TD+NOV,2,train,472,-84.0
TD+NOV,2,train,473,-92.0
TD+NOV,2,train,474,-80.0
TD+NOV,2,train,475,-92.0
TD+NOV,2,train,476,-86.0
TD+NOV,2,train,477,-94.0
TD+NOV,2,train,478,-71.0
TD+NOV,2,train,479,-63.0
TD+NOV,2,train,480,-115.0
TD+NOV,2,train,481,-93.0
TD+NOV,2,train,482,-116.0
TD+NOV,2,train,483,-83.0
TD+NOV,2,train,484,-69.0
TD+NOV,2,train,485,-89.0
TD+NOV,2,train,486,-107.0
TD+NOV,2,train,487,-500.0
TD+NOV,2,train,488,-91.0
TD+NOV,2,train,489,-93.0
TD+NOV,2,train,490,-111.0
TD+NOV,2,train,491,-99.0
TD+NOV,2,train,492,-77.0
TD+NOV,2,train,493,-171.0
TD+NOV,2,train,494,-104.0
TD+NOV,2,train,495,-92.0
TD+NOV,2,train,496,-92.0
TD+NOV,2,train,497,-102.0
TD+NOV,2,train,498,-63.0
TD+NOV,2,train,499,-99.0
TD+NOV,2,train,500,-84.0
TD+NOV,3,train,1,-387.0
TD+NOV,3,train,2,-343.0
TD+NOV,3,train,3,-331.0
TD+NOV,3,train,4,-500.0
TD+NOV,3,train,5,-500.0
TD+NOV,3,train,6,-500.0
TD+NOV,3,train,7,-500.0
TD+NOV,3,train,8,-317.0
TD+NOV,3,train,9,-500.0
TD+NOV,3,train,10,-500.0
TD+NOV,3,train,11,-500.0
TD+NOV,3,train,12,-500.0
TD+NOV,3,train,13,-500.0
TD+NOV,3,train,14,-500.0
TD+NOV,3,train,15,-500.0
TD+NOV,3,train,16,-286.0
TD+NOV,3,train,17,-500.0
TD+NOV,3,train,18,-500.0
TD+NOV,3,train,19,-500.0
TD+NOV,3,train,20,-500.0
TD+NOV,3,train,21,-236.0
TD+NOV,3,train,22,-177.0
TD+NOV,3,train,23,-241.0
TD+NOV,3,train,24,-323.0
TD+NOV,3,train,25,-500.0
TD+NOV,3,train,26,-500.0
TD+NOV,3,train,27,-500.0
TD+NOV,3,train,28,-500.0
TD+NOV,3,train,29,-300.0
TD+NOV,3,train,30,-117.0
TD+NOV,3,train,31,-443.0
TD+NOV,3,train,32,-500.0
TD+NOV,3,train,33,-201.0
TD+NOV,3,train,34,-186.0
TD+NOV,3,train,35,-116.0
TD+NOV,3,train,36,-278.0
TD+NOV,3,train,37,-329.0
TD+NOV,3,train,38,-212.0
TD+NOV,3,train,39,-281.0
TD+NOV,3,train,40,-133.0
TD+NOV,3,train,41,-122.0
TD+NOV,3,train,42,-189.0
TD+NOV,3,train,43,-202.0
TD+NOV,3,train,44,-194.0
TD+NOV,3,train,45,-312.0
TD+NOV,3,train,46,-500.0
TD+NOV,3,train,47,-114.0
TD+NOV,3,train,48,-222.0
TD+NOV,3,train,49,-258.0
TD+NOV,3,train,50,-156.0
TD+NOV,3,train,51,-200.0
TD+NOV,3,train,52,-118.0
TD+NOV,3,train,53,-285.0
TD+NOV,3,train,54,-150.0
TD+NOV,3,train,55,-168.0
TD+NOV,3,train,56,-127.0
TD+NOV,3,train,57,-110.0
TD+NOV,3,train,58,-116.0
TD+NOV,3,train,59,-129.0
TD+NOV,3,train,60,-330.0
TD+NOV,3,train,61,-287.0
TD+NOV,3,train,62,-150.0
TD+NOV,3,train,63,-135.0
TD+NOV,3,train,64,-125.0
TD+NOV,3,train,65,-88.0
TD+NOV,3,train,66,-123.0
TD+NOV,3,train,67,-178.0
TD+NOV,3,train,68,-194.0
TD+NOV,3,train,69,-88.0
TD+NOV,3,train,70,-119.0
TD+NOV,3,train,71,-108.0
TD+NOV,3,train,72,-97.0
TD+NOV,3,train,73,-128.0
TD+NOV,3,train,74,-416.0
TD+NOV,3,train,75,-132.0
TD+NOV,3,train,76,-102.0
TD+NOV,3,train,77,-91.0
TD+NOV,3,train,78,-97.0
TD+NOV,3,train,79,-232.0
TD+NOV,3,train,80,-101.0
TD+NOV,3,train,81,-345.0
TD+NOV,3,train,82,-153.0
TD+NOV,3,train,83,-150.0
TD+NOV,3,train,84,-156.0
TD+NOV,3,train,85,-121.0
TD+NOV,3,train,86,-132.0
TD+NOV,3,train,87,-103.0
TD+NOV,3,train,88,-109.0
TD+NOV,3,train,89,-101.0
TD+NOV,3,train,90,-178.0
TD+NOV,3,train,91,-218.0
TD+NOV,3,train,92,-430.0
TD+NOV,3,train,93,-125.0
TD+NOV,3,train,94,-104.0
TD+NOV,3,train,95,-291.0
TD+NOV,3,train,96,-113.0
TD+NOV,3,train,97,-95.0
TD+NOV,3,train,98,-166.0
TD+NOV,3,train,99,-189.0
TD+NOV,3,train,100,-103.0
TD+NOV,3,train,101,-167.0
TD+NOV,3,train,102,-202.0
TD+NOV,3,train,103,-99.0
TD+NOV,3,train,104,-121.0
TD+NOV,3,train,105,-161.0
TD+NOV,3,train,106,-171.0
TD+NOV,3,train,107,-108.0
TD+NOV,3,train,108,-106.0
TD+NOV,3,train,109,-142.0
TD+NOV,3,train,110,-132.0
TD+NOV,3,train,111,-124.0
TD+NOV,3,train,112,-249.0
TD+NOV,3,train,113,-128.0
TD+NOV,3,train,114,-153.0
TD+NOV,3,train,115,-130.0
TD+NOV,3,train,116,-192.0
TD+NOV,3,train,117,-125.0
TD+NOV,3,train,118,-164.0
TD+NOV,3,train,119,-256.0
TD+NOV,3,train,120,-124.0
TD+NOV,3,train,121,-141.0
TD+NOV,3,train,122,-351.0
TD+NOV,3,train,123,-112.0
TD+NOV,3,train,124,-101.0
TD+NOV,3,train,125,-139.0
TD+NOV,3,train,126,-233.0
TD+NOV,3,train,127,-175.0
TD+NOV,3,train,128,-290.0
TD+NOV,3,train,129,-152.0
TD+NOV,3,train,130,-189.0
TD+NOV,3,train,131,-199.0
TD+NOV,3,train,132,-318.0
TD+NOV,3,train,133,-111.0
TD+NOV,3,train,134,-253.0
TD+NOV,3,train,135,-179.0
TD+NOV,3,train,136,-500.0
TD+NOV,3,train,137,-500.0
TD+NOV,3,train,138,-333.0
TD+NOV,3,train,139,-132.0
TD+NOV,3,train,140,-122.0
TD+NOV,3,train,141,-152.0
TD+NOV,3,train,142,-187.0
TD+NOV,3,train,143,-266.0
TD+NOV,3,train,144,-404.0
TD+NOV,3,train,145,-142.0
TD+NOV,3,train,146,-157.0
TD+NOV,3,train,147,-145.0
TD+NOV,3,train,148,-181.0
TD+NOV,3,train,149,-236.0
TD+NOV,3,train,150,-103.0
TD+NOV,3,train,151,-124.0
TD+NOV,3,train,152,-173.0
TD+NOV,3,train,153,-218.0
TD+NOV,3,train,154,-267.0
TD+NOV,3,train,155,-215.0
TD+NOV,3,train,156,-231.0
TD+NOV,3,train,157,-137.0
TD+NOV,3,train,158,-267.0
TD+NOV,3,train,159,-154.0
TD+NOV,3,train,160,-197.0
TD+NOV,3,train,161,-500.0
TD+NOV,3,train,162,-124.0
TD+NOV,3,train,163,-137.0
TD+NOV,3,train,164,-141.0
TD+NOV,3,train,165,-155.0
TD+NOV,3,train,166,-94.0
TD+NOV,3,train,167,-137.0
TD+NOV,3,train,168,-176.0
TD+NOV,3,train,169,-272.0
TD+NOV,3,train,170,-123.0
TD+NOV,3,train,171,-156.0
TD+NOV,3,train,172,-125.0
TD+NOV,3,train,173,-145.0
TD+NOV,3,train,174,-126.0
TD+NOV,3,train,175,-111.0
TD+NOV,3,train,176,-117.0
TD+NOV,3,train,177,-106.0
TD+NOV,3,train,178,-124.0
TD+NOV,3,train,179,-157.0
TD+NOV,3,train,180,-102.0
TD+NOV,3,train,181,-189.0
TD+NOV,3,train,182,-146.0
TD+NOV,3,train,183,-98.0
TD+NOV,3,train,184,-96.0
TD+NOV,3,train,185,-232.0
TD+NOV,3,train,186,-116.0
TD+NOV,3,train,187,-134.0
TD+NOV,3,train,188,-223.0
TD+NOV,3,train,189,-119.0
TD+NOV,3,train,190,-131.0
TD+NOV,3,train,191,-106.0
TD+NOV,3,train,192,-88.0
TD+NOV,3,train,193,-201.0
TD+NOV,3,train,194,-130.0
TD+NOV,3,train,195,-85.0
TD+NOV,3,train,196,-124.0
TD+NOV,3,train,197,-98.0
TD+NOV,3,train,198,-146.0
TD+NOV,3,train,199,-121.0
TD+NOV,3,train,200,-101.0
TD+NOV,3,train,201,-99.0
TD+NOV,3,train,202,-125.0
TD+NOV,3,train,203,-78.0
TD+NOV,3,train,204,-167.0
TD+NOV,3,train,205,-153.0
TD+NOV,3,train,206,-172.0
TD+NOV,3,train,207,-111.0
TD+NOV,3,train,208,-203.0
TD+NOV,3,train,209,-160.0
TD+NOV,3,train,210,-111.0
TD+NOV,3,train,211,-172.0
TD+NOV,3,train,212,-98.0
TD+NOV,3,train,213,-71.0
TD+NOV,3,train,214,-92.0
TD+NOV,3,train,215,-232.0
TD+NOV,3,train,216,-152.0
TD+NOV,3,train,217,-71.0
TD+NOV,3,train,218,-123.0
TD+NOV,3,train,219,-109.0
TD+NOV,3,train,220,-124.0
TD+NOV,3,train,221,-127.0
TD+NOV,3,train,222,-111.0
TD+NOV,3,train,223,-113.0
TD+NOV,3,train,224,-166.0
TD+NOV,3,train,225,-110.0
TD+NOV,3,train,226,-110.0
TD+NOV,3,train,227,-142.0
TD+NOV,3,train,228,-145.0
TD+NOV,3,train,229,-133.0
TD+NOV,3,train,230,-72.0
TD+NOV,3,train,231,-104.0
TD+NOV,3,train,232,-92.0
TD+NOV,3,train,233,-91.0
TD+NOV,3,train,234,-99.0
TD+NOV,3,train,235,-80.0
TD+NOV,3,train,236,-124.0
TD+NOV,3,train,237,-115.0
TD+NOV,3,train,238,-63.0
TD+NOV,3,train,239,-125.0
TD+NOV,3,train,240,-117.0
TD+NOV,3,train,241,-100.0
TD+NOV,3,train,242,-94.0
TD+NOV,3,train,243,-87.0
TD+NOV,3,train,244,-99.0
TD+NOV,3,train,245,-77.0
TD+NOV,3,train,246,-78.0
TD+NOV,3,train,247,-122.0
TD+NOV,3,train,248,-118.0
TD+NOV,3,train,249,-114.0
TD+NOV,3,train,250,-71.0
TD+NOV,3,train,251,-85.0
TD+NOV,3,train,252,-106.0
TD+NOV,3,train,253,-78.0
TD+NOV,3,train,254,-101.0
TD+NOV,3,train,255,-136.0
TD+NOV,3,train,256,-155.0
TD+NOV,3,train,257,-71.0
TD+NOV,3,train,258,-81.0
TD+NOV,3,train,259,-71.0
TD+NOV,3,train,260,-109.0
TD+NOV,3,train,261,-110.0
TD+NOV,3,train,262,-110.0
TD+NOV,3,train,263,-128.0
TD+NOV,3,train,264,-116.0
TD+NOV,3,train,265,-119.0
TD+NOV,3,train,266,-127.0
TD+NOV,3,train,267,-128.0
TD+NOV,3,train,268,-91.0
TD+NOV,3,train,269,-111.0
TD+NOV,3,train,270,-100.0
TD+NOV,3,train,271,-94.0
TD+NOV,3,train,272,-113.0
TD+NOV,3,train,273,-110.0
TD+NOV,3,train,274,-94.0
TD+NOV,3,train,275,-128.0
TD+NOV,3,train,276,-109.0
TD+NOV,3,train,277,-81.0
TD+NOV,3,train,278,-112.0
TD+NOV,3,train,279,-79.0
TD+NOV,3,train,280,-93.0
TD+NOV,3,train,281,-88.0
TD+NOV,3,train,282,-93.0
TD+NOV,3,train,283,-92.0
TD+NOV,3,train,284,-93.0
TD+NOV,3,train,285,-130.0
TD+NOV,3,train,286,-71.0
TD+NOV,3,train,287,-125.0
TD+NOV,3,train,288,-90.0
TD+NOV,3,train,289,-92.0
TD+NOV,3,train,290,-115.0
TD+NOV,3,train,291,-87.0
TD+NOV,3,train,292,-98.0
TD+NOV,3,train,293,-119.0
TD+NOV,3,train,294,-102.0
TD+NOV,3,train,295,-169.0
TD+NOV,3,train,296,-77.0
TD+NOV,3,train,297,-94.0
TD+NOV,3,train,298,-94.0
TD+NOV,3,train,299,-96.0
TD+NOV,3,train,300,-114.0
TD+NOV,3,train,301,-87.0
TD+NOV,3,train,302,-85.0
TD+NOV,3,train,303,-113.0
TD+NOV,3,train,304,-118.0
TD+NOV,3,train,305,-100.0
TD+NOV,3,train,306,-103.0
TD+NOV,3,train,307,-94.0
TD+NOV,3,train,308,-105.0
TD+NOV,3,train,309,-117.0
TD+NOV,3,train,310,-105.0
TD+NOV,3,train,311,-145.0
TD+NOV,3,train,312,-114.0
TD+NOV,3,train,313,-80.0
TD+NOV,3,train,314,-68.0
TD+NOV,3,train,315,-131.0
TD+NOV,3,train,316,-99.0
TD+NOV,3,train,317,-106.0
TD+NOV,3,train,318,-108.0
TD+NOV,3,train,319,-83.0
TD+NOV,3,train,320,-91.0
TD+NOV,3,train,321,-112.0
TD+NOV,3,train,322,-80.0
TD+NOV,3,train,323,-81.0
TD+NOV,3,train,324,-102.0
TD+NOV,3,train,325,-142.0
TD+NOV,3,train,326,-90.0
TD+NOV,3,train,327,-95.0
TD+NOV,3,train,328,-121.0
TD+NOV,3,train,329,-118.0
TD+NOV,3,train,330,-125.0
TD+NOV,3,train,331,-89.0
TD+NOV,3,train,332,-99.0
TD+NOV,3,train,333,-96.0
TD+NOV,3,train,334,-108.0
TD+NOV,3,train,335,-84.0
TD+NOV,3,train,336,-126.0
TD+NOV,3,train,337,-103.0
TD+NOV,3,train,338,-84.0
TD+NOV,3,train,339,-76.0
TD+NOV,3,train,340,-92.0
TD+NOV,3,train,341,-134.0
TD+NOV,3,train,342,-79.0
TD+NOV,3,train,343,-78.0
TD+NOV,3,train,344,-96.0
TD+NOV,3,train,345,-90.0
TD+NOV,3,train,346,-124.0
TD+NOV,3,train,347,-85.0
TD+NOV,3,train,348,-84.0
TD+NOV,3,train,349,-96.0
TD+NOV,3,train,350,-78.0
TD+NOV,3,train,351,-83.0
TD+NOV,3,train,352,-95.0
TD+NOV,3,train,353,-88.0
TD+NOV,3,train,354,-110.0
TD+NOV,3,train,355,-103.0
TD+NOV,3,train,356,-89.0
TD+NOV,3,train,357,-87.0
TD+NOV,3,train,358,-97.0
TD+NOV,3,train,359,-105.0
TD+NOV,3,train,360,-83.0
TD+NOV,3,train,361,-159.0
TD+NOV,3,train,362,-119.0
TD+NOV,3,train,363,-121.0
TD+NOV,3,train,364,-85.0
TD+NOV,3,train,365,-78.0
TD+NOV,3,train,366,-93.0
TD+NOV,3,train,367,-90.0
TD+NOV,3,train,368,-96.0
TD+NOV,3,train,369,-126.0
TD+NOV,3,train,370,-146.0
TD+NOV,3,train,371,-84.0
TD+NOV,3,train,372,-95.0
TD+NOV,3,train,373,-109.0
TD+NOV,3,train,374,-78.0
TD+NOV,3,train,375,-128.0
TD+NOV,3,train,376,-90.0
TD+NOV,3,train,377,-78.0
TD+NOV,3,train,378,-180.0
TD+NOV,3,train,379,-90.0
TD+NOV,3,train,380,-183.0
TD+NOV,3,train,381,-94.0
TD+NOV,3,train,382,-95.0
TD+NOV,3,train,383,-72.0
TD+NOV,3,train,384,-83.0
TD+NOV,3,train,385,-85.0
TD+NOV,3,train,386,-103.0
TD+NOV,3,train,387,-87.0
TD+NOV,3,train,388,-71.0
TD+NOV,3,train,389,-220.0
TD+NOV,3,train,390,-78.0
TD+NOV,3,train,391,-134.0
TD+NOV,3,train,392,-90.0
TD+NOV,3,train,393,-104.0
TD+NOV,3,train,394,-86.0
TD+NOV,3,train,395,-98.0
TD+NOV,3,train,396,-100.0
TD+NOV,3,train,397,-111.0
TD+NOV,3,train,398,-204.0
TD+NOV,3,train,399,-79.0
TD+NOV,3,train,400,-84.0
TD+NOV,3,train,401,-85.0
TD+NOV,3,train,402,-109.0
TD+NOV,3,train,403,-91.0
TD+NOV,3,train,404,-90.0
TD+NOV,3,train,405,-95.0
TD+NOV,3,train,406,-121.0
TD+NOV,3,train,407,-158.0
TD+NOV,3,train,408,-84.0
TD+NOV,3,train,409,-141.0
TD+NOV,3,train,410,-122.0
TD+NOV,3,train,411,-96.0
TD+NOV,3,train,412,-119.0
TD+NOV,3,train,413,-116.0
TD+NOV,3,train,414,-104.0
TD+NOV,3,train,415,-95.0
TD+NOV,3,train,416,-84.0
TD+NOV,3,train,417,-103.0
TD+NOV,3,train,418,-102.0
TD+NOV,3,train,419,-101.0
TD+NOV,3,train,420,-66.0
TD+NOV,3,train,421,-86.0
TD+NOV,3,train,422,-84.0
TD+NOV,3,train,423,-100.0
TD+NOV,3,train,424,-83.0
TD+NOV,3,train,425,-82.0
TD+NOV,3,train,426,-105.0
TD+NOV,3,train,427,-133.0
TD+NOV,3,train,428,-85.0
TD+NOV,3,train,429,-95.0
TD+NOV,3,train,430,-109.0
TD+NOV,3,train,431,-78.0
TD+NOV,3,train,432,-92.0
TD+NOV,3,train,433,-85.0
TD+NOV,3,train,434,-102.0
TD+NOV,3,train,435,-98.0
TD+NOV,3,train,436,-84.0
TD+NOV,3,train,437,-117.0
TD+NOV,3,train,438,-107.0
TD+NOV,3,train,439,-106.0
TD+NOV,3,train,440,-70.0
TD+NOV,3,train,441,-82.0
TD+NOV,3,train,442,-400.0
TD+NOV,3,train,443,-119.0
TD+NOV,3,train,444,-93.0
TD+NOV,3,train,445,-88.0
TD+NOV,3,train,446,-87.0
TD+NOV,3,train,447,-265.0
TD+NOV,3,train,448,-87.0
TD+NOV,3,train,449,-64.0
TD+NOV,3,train,450,-83.0
TD+NOV,3,train,451,-111.0
TD+NOV,3,train,452,-91.0
TD+NOV,3,train,453,-294.0
TD+NOV,3,train,454,-211.0
TD+NOV,3,train,455,-100.0
TD+NOV,3,train,456,-88.0
TD+NOV,3,train,457,-123.0
TD+NOV,3,train,458,-84.0
TD+NOV,3,train,459,-62.0
TD+NOV,3,train,460,-164.0
TD+NOV,3,train,461,-77.0
TD+NOV,3,train,462,-94.0
TD+NOV,3,train,463,-94.0
TD+NOV,3,train,464,-77.0
TD+NOV,3,train,465,-86.0
TD+NOV,3,train,466,-93.0
TD+NOV,3,train,467,-89.0
TD+NOV,3,train,468,-145.0
TD+NOV,3,train,469,-81.0
TD+NOV,3,train,470,-218.0
TD+NOV,3,train,471,-222.0
TD+NOV,3,train,472,-115.0
TD+NOV,3,train,473,-338.0
TD+NOV,3,train,474,-93.0
TD+NOV,3,train,475,-89.0
TD+NOV,3,train,476,-93.0
TD+NOV,3,train,477,-78.0
TD+NOV,3,train,478,-66.0
TD+NOV,3,train,479,-62.0
TD+NOV,3,train,480,-83.0
TD+NOV,3,train,481,-95.0
TD+NOV,3,train,482,-113.0
TD+NOV,3,train,483,-95.0
TD+NOV,3,train,484,-97.0
TD+NOV,3,train,485,-70.0
TD+NOV,3,train,486,-77.0
TD+NOV,3,train,487,-70.0
TD+NOV,3,train,488,-101.0
TD+NOV,3,train,489,-91.0
TD+NOV,3,train,490,-62.0
TD+NOV,3,train,491,-78.0
TD+NOV,3,train,492,-87.0
TD+NOV,3,train,493,-98.0
TD+NOV,3,train,494,-90.0
TD+NOV,3,train,495,-103.0
TD+NOV,3,train,496,-90.0
TD+NOV,3,train,497,-113.0
TD+NOV,3,train,498,-94.0
TD+NOV,3,train,499,-62.0
TD+NOV,3,train,500,-102.0
TD+NOV,4,train,1,-500.0
TD+NOV,4,train,2,-304.0
TD+NOV,4,train,3,-151.0
TD+NOV,4,train,4,-128.0
TD+NOV,4,train,5,-254.0
TD+NOV,4,train,6,-500.0
TD+NOV,4,train,7,-374.0
TD+NOV,4,train,8,-173.0
TD+NOV,4,train,9,-107.0
TD+NOV,4,train,10,-134.0
TD+NOV,4,train,11,-122.0
TD+NOV,4,train,12,-125.0
TD+NOV,4,train,13,-96.0
TD+NOV,4,train,14,-173.0
TD+NOV,4,train,15,-247.0
TD+NOV,4,train,16,-500.0
TD+NOV,4,train,17,-251.0
TD+NOV,4,train,18,-500.0
TD+NOV,4,train,19,-463.0
TD+NOV,4,train,20,-287.0
TD+NOV,4,train,21,-232.0
TD+NOV,4,train,22,-291.0
TD+NOV,4,train,23,-314.0
TD+NOV,4,train,24,-127.0
TD+NOV,4,train,25,-167.0
TD+NOV,4,train,26,-165.0
TD+NOV,4,train,27,-102.0
TD+NOV,4,train,28,-220.0
TD+NOV,4,train,29,-202.0
TD+NOV,4,train,30,-237.0
TD+NOV,4,train,31,-197.0
TD+NOV,4,train,32,-120.0
TD+NOV,4,train,33,-395.0
TD+NOV,4,train,34,-114.0
TD+NOV,4,train,35,-242.0
TD+NOV,4,train,36,-153.0
TD+NOV,4,train,37,-500.0
TD+NOV,4,train,38,-233.0
TD+NOV,4,train,39,-232.0
TD+NOV,4,train,40,-500.0
TD+NOV,4,train,41,-500.0
TD+NOV,4,train,42,-203.0
TD+NOV,4,train,43,-218.0
TD+NOV,4,train,44,-247.0
TD+NOV,4,train,45,-500.0
TD+NOV,4,train,46,-211.0
TD+NOV,4,train,47,-128.0
TD+NOV,4,train,48,-159.0
TD+NOV,4,train,49,-118.0
TD+NOV,4,train,50,-114.0
TD+NOV,4,train,51,-193.0
TD+NOV,4,train,52,-95.0
TD+NOV,4,train,53,-122.0
TD+NOV,4,train,54,-95.0
TD+NOV,4,train,55,-163.0
TD+NOV,4,train,56,-250.0
TD+NOV,4,train,57,-148.0
TD+NOV,4,train,58,-192.0
TD+NOV,4,train,59,-92.0
TD+NOV,4,train,60,-153.0
TD+NOV,4,train,61,-218.0
TD+NOV,4,train,62,-89.0
TD+NOV,4,train,63,-92.0
TD+NOV,4,train,64,-103.0
TD+NOV,4,train,65,-121.0
TD+NOV,4,train,66,-204.0
TD+NOV,4,train,67,-128.0
TD+NOV,4,train,68,-133.0
TD+NOV,4,train,69,-80.0
TD+NOV,4,train,70,-83.0
TD+NOV,4,train,71,-108.0
TD+NOV,4,train,72,-500.0
TD+NOV,4,train,73,-137.0
TD+NOV,4,train,74,-87.0
TD+NOV,4,train,75,-119.0
TD+NOV,4,train,76,-94.0
TD+NOV,4,train,77,-65.0
TD+NOV,4,train,78,-79.0
TD+NOV,4,train,79,-95.0
TD+NOV,4,train,80,-105.0
TD+NOV,4,train,81,-116.0
TD+NOV,4,train,82,-122.0
TD+NOV,4,train,83,-242.0
TD+NOV,4,train,84,-138.0
TD+NOV,4,train,85,-86.0
TD+NOV,4,train,86,-123.0
TD+NOV,4,train,87,-135.0
TD+NOV,4,train,88,-98.0
TD+NOV,4,train,89,-64.0
TD+NOV,4,train,90,-110.0
TD+NOV,4,train,91,-117.0
TD+NOV,4,train,92,-93.0
TD+NOV,4,train,93,-104.0
TD+NOV,4,train,94,-96.0
TD+NOV,4,train,95,-99.0
TD+NOV,4,train,96,-173.0
TD+NOV,4,train,97,-129.0
TD+NOV,4,train,98,-88.0
TD+NOV,4,train,99,-100.0
TD+NOV,4,train,100,-113.0
TD+NOV,4,train,101,-126.0
TD+NOV,4,train,102,-130.0
TD+NOV,4,train,103,-76.0
TD+NOV,4,train,104,-86.0
TD+NOV,4,train,105,-113.0
TD+NOV,4,train,106,-162.0
TD+NOV,4,train,107,-100.0
TD+NOV,4,train,108,-127.0
TD+NOV,4,train,109,-101.0
TD+NOV,4,train,110,-115.0
TD+NOV,4,train,111,-110.0
TD+NOV,4,train,112,-85.0
TD+NOV,4,train,113,-104.0
TD+NOV,4,train,114,-119.0
TD+NOV,4,train,115,-112.0
TD+NOV,4,train,116,-86.0
TD+NOV,4,train,117,-93.0
TD+NOV,4,train,118,-86.0
TD+NOV,4,train,119,-138.0
TD+NOV,4,train,120,-89.0
TD+NOV,4,train,121,-99.0
TD+NOV,4,train,122,-103.0
TD+NOV,4,train,123,-93.0
TD+NOV,4,train,124,-89.0
TD+NOV,4,train,125,-137.0
TD+NOV,4,train,126,-84.0
TD+NOV,4,train,127,-154.0
TD+NOV,4,train,128,-118.0
TD+NOV,4,train,129,-118.0
TD+NOV,4,train,130,-91.0
TD+NOV,4,train,131,-96.0
TD+NOV,4,train,132,-102.0
TD+NOV,4,train,133,-99.0
TD+NOV,4,train,134,-88.0
TD+NOV,4,train,135,-120.0
TD+NOV,4,train,136,-94.0
TD+NOV,4,train,137,-87.0
TD+NOV,4,train,138,-138.0
TD+NOV,4,train,139,-115.0
TD+NOV,4,train,140,-95.0
TD+NOV,4,train,141,-92.0
TD+NOV,4,train,142,-129.0
TD+NOV,4,train,143,-86.0
TD+NOV,4,train,144,-103.0
TD+NOV,4,train,145,-88.0
TD+NOV,4,train,146,-193.0
TD+NOV,4,train,147,-105.0
TD+NOV,4,train,148,-114.0
TD+NOV,4,train,149,-127.0
TD+NOV,4,train,150,-114.0
TD+NOV,4,train,151,-91.0
TD+NOV,4,train,152,-129.0
TD+NOV,4,train,153,-114.0
TD+NOV,4,train,154,-132.0
TD+NOV,4,train,155,-81.0
TD+NOV,4,train,156,-128.0
TD+NOV,4,train,157,-118.0
TD+NOV,4,train,158,-421.0
TD+NOV,4,train,159,-95.0
TD+NOV,4,train,160,-77.0
TD+NOV,4,train,161,-105.0
TD+NOV,4,train,162,-118.0
TD+NOV,4,train,163,-119.0
TD+NOV,4,train,164,-104.0
TD+NOV,4,train,165,-127.0
TD+NOV,4,train,166,-107.0
TD+NOV,4,train,167,-169.0
TD+NOV,4,train,168,-129.0
TD+NOV,4,train,169,-106.0
TD+NOV,4,train,170,-126.0
TD+NOV,4,train,171,-97.0
TD+NOV,4,train,172,-104.0
TD+NOV,4,train,173,-170.0
TD+NOV,4,train,174,-79.0
TD+NOV,4,train,175,-500.0
TD+NOV,4,train,176,-134.0
TD+NOV,4,train,177,-75.0
TD+NOV,4,train,178,-256.0
TD+NOV,4,train,179,-145.0
TD+NOV,4,train,180,-71.0
TD+NOV,4,train,181,-109.0
TD+NOV,4,train,182,-88.0
TD+NOV,4,train,183,-96.0
TD+NOV,4,train,184,-99.0
TD+NOV,4,train,185,-107.0
TD+NOV,4,train,186,-100.0
TD+NOV,4,train,187,-116.0
TD+NOV,4,train,188,-80.0
TD+NOV,4,train,189,-112.0
TD+NOV,4,train,190,-106.0
TD+NOV,4,train,191,-78.0
TD+NOV,4,train,192,-132.0
TD+NOV,4,train,193,-104.0
TD+NOV,4,train,194,-77.0
TD+NOV,4,train,195,-89.0
TD+NOV,4,train,196,-200.0
TD+NOV,4,train,197,-135.0
TD+NOV,4,train,198,-112.0
TD+NOV,4,train,199,-119.0
TD+NOV,4,train,200,-92.0
TD+NOV,4,train,201,-107.0
TD+NOV,4,train,202,-155.0
TD+NOV,4,train,203,-157.0
TD+NOV,4,train,204,-94.0
TD+NOV,4,train,205,-134.0
TD+NOV,4,train,206,-88.0
TD+NOV,4,train,207,-106.0
TD+NOV,4,train,208,-133.0
TD+NOV,4,train,209,-105.0
TD+NOV,4,train,210,-155.0
TD+NOV,4,train,211,-84.0
TD+NOV,4,train,212,-106.0
TD+NOV,4,train,213,-92.0
TD+NOV,4,train,214,-91.0
TD+NOV,4,train,215,-101.0
TD+NOV,4,train,216,-123.0
TD+NOV,4,train,217,-500.0
TD+NOV,4,train,218,-153.0
TD+NOV,4,train,219,-87.0
TD+NOV,4,train,220,-103.0
TD+NOV,4,train,221,-109.0
TD+NOV,4,train,222,-90.0
TD+NOV,4,train,223,-86.0
TD+NOV,4,train,224,-116.0
TD+NOV,4,train,225,-98.0
TD+NOV,4,train,226,-115.0
TD+NOV,4,train,227,-134.0
TD+NOV,4,train,228,-92.0
TD+NOV,4,train,229,-87.0
TD+NOV,4,train,230,-119.0
TD+NOV,4,train,231,-94.0
TD+NOV,4,train,232,-120.0
TD+NOV,4,train,233,-98.0
TD+NOV,4,train,234,-94.0
TD+NOV,4,train,235,-89.0
TD+NOV,4,train,236,-92.0
TD+NOV,4,train,237,-112.0
TD+NOV,4,train,238,-103.0
TD+NOV,4,train,239,-86.0
TD+NOV,4,train,240,-101.0
TD+NOV,4,train,241,-119.0
TD+NOV,4,train,242,-114.0
TD+NOV,4,train,243,-107.0
TD+NOV,4,train,244,-111.0
TD+NOV,4,train,245,-97.0
TD+NOV,4,train,246,-102.0
TD+NOV,4,train,247,-95.0
TD+NOV,4,train,248,-86.0
TD+NOV,4,train,249,-82.0
TD+NOV,4,train,250,-98.0
TD+NOV,4,train,251,-90.0
TD+NOV,4,train,252,-78.0
TD+NOV,4,train,253,-112.0
TD+NOV,4,train,254,-95.0
TD+NOV,4,train,255,-100.0
TD+NOV,4,train,256,-138.0
TD+NOV,4,train,257,-97.0
TD+NOV,4,train,258,-138.0
TD+NOV,4,train,259,-97.0
TD+NOV,4,train,260,-74.0
TD+NOV,4,train,261,-90.0
TD+NOV,4,train,262,-84.0
TD+NOV,4,train,263,-99.0
TD+NOV,4,train,264,-102.0
TD+NOV,4,train,265,-113.0
TD+NOV,4,train,266,-109.0
TD+NOV,4,train,267,-105.0
TD+NOV,4,train,268,-117.0
TD+NOV,4,train,269,-78.0
TD+NOV,4,train,270,-207.0
TD+NOV,4,train,271,-113.0
TD+NOV,4,train,272,-149.0
TD+NOV,4,train,273,-115.0
TD+NOV,4,train,274,-92.0
TD+NOV,4,train,275,-107.0
TD+NOV,4,train,276,-117.0
TD+NOV,4,train,277,-73.0
TD+NOV,4,train,278,-105.0
TD+NOV,4,train,279,-126.0
TD+NOV,4,train,280,-96.0
TD+NOV,4,train,281,-97.0
TD+NOV,4,train,282,-93.0
TD+NOV,4,train,283,-107.0
TD+NOV,4,train,284,-72.0
TD+NOV,4,train,285,-121.0
TD+NOV,4,train,286,-112.0
TD+NOV,4,train,287,-86.0
TD+NOV,4,train,288,-90.0
TD+NOV,4,train,289,-82.0
TD+NOV,4,train,290,-126.0
TD+NOV,4,train,291,-89.0
TD+NOV,4,train,292,-86.0
TD+NOV,4,train,293,-126.0
TD+NOV,4,train,294,-112.0
TD+NOV,4,train,295,-148.0
TD+NOV,4,train,296,-126.0
TD+NOV,4,train,297,-126.0
TD+NOV,4,train,298,-104.0
TD+NOV,4,train,299,-115.0
TD+NOV,4,train,300,-77.0
TD+NOV,4,train,301,-78.0
TD+NOV,4,train,302,-102.0
TD+NOV,4,train,303,-107.0
TD+NOV,4,train,304,-84.0
TD+NOV,4,train,305,-108.0
TD+NOV,4,train,306,-127.0
TD+NOV,4,train,307,-103.0
TD+NOV,4,train,308,-84.0
TD+NOV,4,train,309,-76.0
TD+NOV,4,train,310,-80.0
TD+NOV,4,train,311,-78.0
TD+NOV,4,train,312,-138.0
TD+NOV,4,train,313,-88.0
TD+NOV,4,train,314,-82.0
TD+NOV,4,train,315,-84.0
TD+NOV,4,train,316,-107.0
TD+NOV,4,train,317,-90.0
TD+NOV,4,train,318,-108.0
TD+NOV,4,train,319,-119.0
TD+NOV,4,train,320,-71.0
TD+NOV,4,train,321,-112.0
TD+NOV,4,train,322,-88.0
TD+NOV,4,train,323,-106.0
TD+NOV,4,train,324,-64.0
TD+NOV,4,train,325,-89.0
TD+NOV,4,train,326,-93.0
TD+NOV,4,train,327,-188.0
TD+NOV,4,train,328,-81.0
TD+NOV,4,train,329,-94.0
TD+NOV,4,train,330,-77.0
TD+NOV,4,train,331,-88.0
TD+NOV,4,train,332,-126.0
TD+NOV,4,train,333,-104.0
TD+NOV,4,train,334,-96.0
TD+NOV,4,train,335,-78.0
TD+NOV,4,train,336,-97.0
TD+NOV,4,train,337,-64.0
TD+NOV,4,train,338,-116.0
TD+NOV,4,train,339,-104.0
TD+NOV,4,train,340,-112.0
TD+NOV,4,train,341,-81.0
TD+NOV,4,train,342,-72.0
TD+NOV,4,train,343,-78.0
TD+NOV,4,train,344,-96.0
TD+NOV,4,train,345,-224.0
TD+NOV,4,train,346,-133.0
TD+NOV,4,train,347,-86.0
TD+NOV,4,train,348,-96.0
TD+NOV,4,train,349,-84.0
TD+NOV,4,train,350,-85.0
TD+NOV,4,train,351,-216.0
TD+NOV,4,train,352,-96.0
TD+NOV,4,train,353,-124.0
TD+NOV,4,train,354,-82.0
TD+NOV,4,train,355,-107.0
TD+NOV,4,train,356,-80.0
TD+NOV,4,train,357,-78.0
TD+NOV,4,train,358,-120.0
TD+NOV,4,train,359,-79.0
TD+NOV,4,train,360,-138.0
TD+NOV,4,train,361,-109.0
TD+NOV,4,train,362,-92.0
TD+NOV,4,train,363,-98.0
TD+NOV,4,train,364,-125.0
TD+NOV,4,train,365,-98.0
TD+NOV,4,train,366,-101.0
TD+NOV,4,train,367,-89.0
TD+NOV,4,train,368,-94.0
TD+NOV,4,train,369,-107.0
TD+NOV,4,train,370,-76.0
TD+NOV,4,train,371,-100.0
TD+NOV,4,train,372,-107.0
TD+NOV,4,train,373,-63.0
TD+NOV,4,train,374,-90.0
TD+NOV,4,train,375,-98.0
TD+NOV,4,train,376,-96.0
TD+NOV,4,train,377,-104.0
TD+NOV,4,train,378,-91.0
TD+NOV,4,train,379,-70.0
TD+NOV,4,train,380,-101.0
TD+NOV,4,train,381,-137.0
TD+NOV,4,train,382,-76.0
TD+NOV,4,train,383,-93.0
TD+NOV,4,train,384,-103.0
TD+NOV,4,train,385,-70.0
TD+NOV,4,train,386,-107.0
TD+NOV,4,train,387,-98.0
TD+NOV,4,train,388,-133.0
TD+NOV,4,train,389,-63.0
TD+NOV,4,train,390,-111.0
TD+NOV,4,train,391,-99.0
TD+NOV,4,train,392,-101.0
TD+NOV,4,train,393,-98.0
TD+NOV,4,train,394,-87.0
TD+NOV,4,train,395,-106.0
TD+NOV,4,train,396,-84.0
TD+NOV,4,train,397,-62.0
TD+NOV,4,train,398,-119.0
TD+NOV,4,train,399,-86.0
TD+NOV,4,train,400,-93.0
TD+NOV,4,train,401,-73.0
TD+NOV,4,train,402,-95.0
TD+NOV,4,train,403,-87.0
TD+NOV,4,train,404,-117.0
TD+NOV,4,train,405,-142.0
TD+NOV,4,train,406,-115.0
TD+NOV,4,train,407,-95.0
TD+NOV,4,train,408,-111.0
TD+NOV,4,train,409,-94.0
TD+NOV,4,train,410,-109.0
TD+NOV,4,train,411,-100.0
TD+NOV,4,train,412,-103.0
TD+NOV,4,train,413,-193.0
TD+NOV,4,train,414,-236.0
TD+NOV,4,train,415,-87.0
TD+NOV,4,train,416,-82.0
TD+NOV,4,train,417,-95.0
TD+NOV,4,train,418,-89.0
TD+NOV,4,train,419,-191.0
TD+NOV,4,train,420,-146.0
TD+NOV,4,train,421,-87.0
TD+NOV,4,train,422,-108.0
TD+NOV,4,train,423,-123.0
TD+NOV,4,train,424,-84.0
TD+NOV,4,train,425,-90.0
TD+NOV,4,train,426,-63.0
TD+NOV,4,train,427,-103.0
TD+NOV,4,train,428,-87.0
TD+NOV,4,train,429,-76.0
TD+NOV,4,train,430,-93.0
TD+NOV,4,train,431,-79.0
TD+NOV,4,train,432,-76.0
TD+NOV,4,train,433,-81.0
TD+NOV,4,train,434,-63.0
TD+NOV,4,train,435,-103.0
TD+NOV,4,train,436,-76.0
TD+NOV,4,train,437,-87.0
TD+NOV,4,train,438,-90.0
TD+NOV,4,train,439,-86.0
TD+NOV,4,train,440,-92.0
TD+NOV,4,train,441,-101.0
TD+NOV,4,train,442,-103.0
TD+NOV,4,train,443,-91.0
TD+NOV,4,train,444,-91.0
TD+NOV,4,train,445,-69.0
TD+NOV,4,train,446,-110.0
TD+NOV,4,train,447,-87.0
TD+NOV,4,train,448,-92.0
TD+NOV,4,train,449,-101.0
TD+NOV,4,train,450,-90.0
TD+NOV,4,train,451,-94.0
TD+NOV,4,train,452,-111.0
TD+NOV,4,train,453,-94.0
TD+NOV,4,train,454,-76.0
TD+NOV,4,train,455,-75.0
TD+NOV,4,train,456,-121.0
TD+NOV,4,train,457,-92.0
TD+NOV,4,train,458,-101.0
TD+NOV,4,train,459,-113.0
TD+NOV,4,train,460,-139.0
TD+NOV,4,train,461,-131.0
TD+NOV,4,train,462,-75.0
TD+NOV,4,train,463,-134.0
TD+NOV,4,train,464,-118.0
TD+NOV,4,train,465,-100.0
TD+NOV,4,train,466,-85.0
TD+NOV,4,train,467,-121.0
TD+NOV,4,train,468,-125.0
TD+NOV,4,train,469,-100.0
TD+NOV,4,train,470,-102.0
TD+NOV,4,train,471,-83.0
TD+NOV,4,train,472,-86.0
TD+NOV,4,train,473,-107.0
TD+NOV,4,train,474,-86.0
TD+NOV,4,train,475,-95.0
TD+NOV,4,train,476,-103.0
TD+NOV,4,train,477,-102.0
TD+NOV,4,train,478,-114.0
TD+NOV,4,train,479,-110.0
TD+NOV,4,train,480,-72.0
TD+NOV,4,train,481,-102.0
TD+NOV,4,train,482,-98.0
TD+NOV,4,train,483,-96.0
TD+NOV,4,train,484,-62.0
TD+NOV,4,train,485,-77.0
TD+NOV,4,train,486,-104.0
TD+NOV,4,train,487,-94.0
TD+NOV,4,train,488,-77.0
TD+NOV,4,train,489,-96.0
TD+NOV,4,train,490,-83.0
TD+NOV,4,train,491,-123.0
TD+NOV,4,train,492,-83.0
TD+NOV,4,train,493,-138.0
TD+NOV,4,train,494,-99.0
TD+NOV,4,train,495,-70.0
TD+NOV,4,train,496,-106.0
TD+NOV,4,train,497,-122.0
TD+NOV,4,train,498,-90.0
TD+NOV,4,train,499,-111.0
TD+NOV,4,train,500,-83.0
TD+NOV,5,train,1,-500.0
TD+NOV,5,train,2,-500.0
TD+NOV,5,train,3,-500.0
TD+NOV,5,train,4,-500.0
TD+NOV,5,train,5,-500.0
TD+NOV,5,train,6,-500.0
TD+NOV,5,train,7,-262.0
TD+NOV,5,train,8,-494.0
TD+NOV,5,train,9,-350.0
TD+NOV,5,train,10,-142.0
TD+NOV,5,train,11,-143.0
TD+NOV,5,train,12,-115.0
TD+NOV,5,train,13,-110.0
TD+NOV,5,train,14,-154.0
TD+NOV,5,train,15,-265.0
TD+NOV,5,train,16,-159.0
TD+NOV,5,train,17,-148.0
TD+NOV,5,train,18,-175.0
TD+NOV,5,train,19,-164.0
TD+NOV,5,train,20,-211.0
TD+NOV,5,train,21,-154.0
TD+NOV,5,train,22,-202.0
TD+NOV,5,train,23,-176.0
TD+NOV,5,train,24,-155.0
TD+NOV,5,train,25,-130.0
TD+NOV,5,train,26,-168.0
TD+NOV,5,train,27,-157.0
TD+NOV,5,train,28,-134.0
TD+NOV,5,train,29,-203.0
TD+NOV,5,train,30,-159.0
TD+NOV,5,train,31,-227.0
TD+NOV,5,train,32,-181.0
TD+NOV,5,train,33,-189.0
TD+NOV,5,train,34,-159.0
TD+NOV,5,train,35,-156.0
TD+NOV,5,train,36,-196.0
TD+NOV,5,train,37,-174.0
TD+NOV,5,train,38,-200.0
TD+NOV,5,train,39,-195.0
TD+NOV,5,train,40,-389.0
TD+NOV,5,train,41,-169.0
TD+NOV,5,train,42,-205.0
TD+NOV,5,train,43,-389.0
TD+NOV,5,train,44,-173.0
TD+NOV,5,train,45,-334.0
TD+NOV,5,train,46,-376.0
TD+NOV,5,train,47,-211.0
TD+NOV,5,train,48,-223.0
TD+NOV,5,train,49,-276.0
TD+NOV,5,train,50,-203.0
TD+NOV,5,train,51,-201.0
TD+NOV,5,train,52,-153.0
TD+NOV,5,train,53,-193.0
TD+NOV,5,train,54,-137.0
TD+NOV,5,train,55,-192.0
TD+NOV,5,train,56,-363.0
TD+NOV,5,train,57,-217.0
TD+NOV,5,train,58,-156.0
TD+NOV,5,train,59,-143.0
TD+NOV,5,train,60,-315.0
TD+NOV,5,train,61,-183.0
TD+NOV,5,train,62,-207.0
TD+NOV,5,train,63,-500.0
TD+NOV,5,train,64,-500.0
TD+NOV,5,train,65,-198.0
TD+NOV,5,train,66,-500.0
TD+NOV,5,train,67,-182.0
TD+NOV,5,train,68,-126.0
TD+NOV,5,train,69,-214.0
TD+NOV,5,train,70,-500.0
TD+NOV,5,train,71,-180.0
TD+NOV,5,train,72,-500.0
TD+NOV,5,train,73,-294.0
TD+NOV,5,train,74,-500.0
TD+NOV,5,train,75,-160.0
TD+NOV,5,train,76,-153.0
TD+NOV,5,train,77,-117.0
TD+NOV,5,train,78,-153.0
TD+NOV,5,train,79,-500.0
TD+NOV,5,train,80,-197.0
TD+NOV,5,train,81,-216.0
TD+NOV,5,train,82,-276.0
TD+NOV,5,train,83,-176.0
TD+NOV,5,train,84,-189.0
TD+NOV,5,train,85,-500.0
TD+NOV,5,train,86,-500.0
TD+NOV,5,train,87,-500.0
TD+NOV,5,train,88,-210.0
TD+NOV,5,train,89,-146.0
TD+NOV,5,train,90,-165.0
TD+NOV,5,train,91,-201.0
TD+NOV,5,train,92,-161.0
TD+NOV,5,train,93,-423.0
TD+NOV,5,train,94,-370.0
TD+NOV,5,train,95,-122.0
TD+NOV,5,train,96,-500.0
TD+NOV,5,train,97,-500.0
TD+NOV,5,train,98,-296.0
TD+NOV,5,train,99,-93.0
TD+NOV,5,train,100,-154.0
TD+NOV,5,train,101,-137.0
TD+NOV,5,train,102,-93.0
TD+NOV,5,train,103,-152.0
TD+NOV,5,train,104,-133.0
TD+NOV,5,train,105,-132.0
TD+NOV,5,train,106,-181.0
TD+NOV,5,train,107,-111.0
TD+NOV,5,train,108,-96.0
TD+NOV,5,train,109,-116.0
TD+NOV,5,train,110,-130.0
TD+NOV,5,train,111,-152.0
TD+NOV,5,train,112,-114.0
TD+NOV,5,train,113,-100.0
TD+NOV,5,train,114,-86.0
TD+NOV,5,train,115,-116.0
TD+NOV,5,train,116,-86.0
TD+NOV,5,train,117,-128.0
TD+NOV,5,train,118,-125.0
TD+NOV,5,train,119,-126.0
TD+NOV,5,train,120,-107.0
TD+NOV,5,train,121,-103.0
TD+NOV,5,train,122,-146.0
TD+NOV,5,train,123,-95.0
TD+NOV,5,train,124,-113.0
TD+NOV,5,train,125,-144.0
TD+NOV,5,train,126,-122.0
TD+NOV,5,train,127,-324.0
TD+NOV,5,train,128,-118.0
TD+NOV,5,train,129,-65.0
TD+NOV,5,train,130,-118.0
TD+NOV,5,train,131,-97.0
TD+NOV,5,train,132,-111.0
TD+NOV,5,train,133,-133.0
TD+NOV,5,train,134,-64.0
TD+NOV,5,train,135,-90.0
TD+NOV,5,train,136,-96.0
TD+NOV,5,train,137,-114.0
TD+NOV,5,train,138,-100.0
TD+NOV,5,train,139,-108.0
TD+NOV,5,train,140,-187.0
TD+NOV,5,train,141,-81.0
TD+NOV,5,train,142,-117.0
TD+NOV,5,train,143,-103.0
TD+NOV,5,train,144,-104.0
TD+NOV,5,train,145,-118.0
TD+NOV,5,train,146,-98.0
TD+NOV,5,train,147,-98.0
TD+NOV,5,train,148,-94.0
TD+NOV,5,train,149,-114.0
TD+NOV,5,train,150,-99.0
TD+NOV,5,train,151,-77.0
TD+NOV,5,train,152,-139.0
TD+NOV,5,train,153,-98.0
TD+NOV,5,train,154,-101.0
TD+NOV,5,train,155,-88.0
TD+NOV,5,train,156,-78.0
TD+NOV,5,train,157,-92.0
TD+NOV,5,train,158,-83.0
TD+NOV,5,train,159,-85.0
TD+NOV,5,train,160,-106.0
TD+NOV,5,train,161,-92.0
TD+NOV,5,train,162,-152.0
TD+NOV,5,train,163,-86.0
TD+NOV,5,train,164,-102.0
TD+NOV,5,train,165,-117.0
TD+NOV,5,train,166,-92.0
TD+NOV,5,train,167,-119.0
TD+NOV,5,train,168,-98.0
TD+NOV,5,train,169,-104.0
TD+NOV,5,train,170,-92.0
TD+NOV,5,train,171,-105.0
TD+NOV,5,train,172,-91.0
TD+NOV,5,train,173,-96.0
TD+NOV,5,train,174,-88.0
TD+NOV,5,train,175,-112.0
TD+NOV,5,train,176,-113.0
TD+NOV,5,train,177,-130.0
TD+NOV,5,train,178,-72.0
TD+NOV,5,train,179,-100.0
TD+NOV,5,train,180,-155.0
TD+NOV,5,train,181,-79.0
TD+NOV,5,train,182,-78.0
TD+NOV,5,train,183,-75.0
TD+NOV,5,train,184,-115.0
TD+NOV,5,train,185,-119.0
TD+NOV,5,train,186,-79.0
TD+NOV,5,train,187,-83.0
TD+NOV,5,train,188,-133.0
TD+NOV,5,train,189,-113.0
TD+NOV,5,train,190,-94.0
TD+NOV,5,train,191,-75.0
TD+NOV,5,train,192,-92.0
TD+NOV,5,train,193,-103.0
TD+NOV,5,train,194,-137.0
TD+NOV,5,train,195,-83.0
TD+NOV,5,train,196,-119.0
TD+NOV,5,train,197,-85.0
TD+NOV,5,train,198,-101.0
TD+NOV,5,train,199,-84.0
TD+NOV,5,train,200,-75.0
TD+NOV,5,train,201,-95.0
TD+NOV,5,train,202,-112.0
TD+NOV,5,train,203,-85.0
TD+NOV,5,train,204,-109.0
TD+NOV,5,train,205,-105.0
TD+NOV,5,train,206,-113.0
TD+NOV,5,train,207,-105.0
TD+NOV,5,train,208,-77.0
TD+NOV,5,train,209,-84.0
TD+NOV,5,train,210,-87.0
TD+NOV,5,train,211,-84.0
TD+NOV,5,train,212,-85.0
TD+NOV,5,train,213,-73.0
TD+NOV,5,train,214,-93.0
TD+NOV,5,train,215,-112.0
TD+NOV,5,train,216,-100.0
TD+NOV,5,train,217,-93.0
TD+NOV,5,train,218,-95.0
TD+NOV,5,train,219,-97.0
TD+NOV,5,train,220,-99.0
TD+NOV,5,train,221,-80.0
TD+NOV,5,train,222,-93.0
TD+NOV,5,train,223,-97.0
TD+NOV,5,train,224,-93.0
TD+NOV,5,train,225,-105.0
TD+NOV,5,train,226,-166.0
TD+NOV,5,train,227,-98.0
TD+NOV,5,train,228,-114.0
TD+NOV,5,train,229,-114.0
TD+NOV,5,train,230,-89.0
TD+NOV,5,train,231,-79.0
TD+NOV,5,train,232,-84.0
TD+NOV,5,train,233,-91.0
TD+NOV,5,train,234,-121.0
TD+NOV,5,train,235,-94.0
TD+NOV,5,train,236,-70.0
TD+NOV,5,train,237,-89.0
TD+NOV,5,train,238,-121.0
TD+NOV,5,train,239,-75.0
TD+NOV,5,train,240,-113.0
TD+NOV,5,train,241,-84.0
TD+NOV,5,train,242,-106.0
TD+NOV,5,train,243,-83.0
TD+NOV,5,train,244,-93.0
TD+NOV,5,train,245,-84.0
TD+NOV,5,train,246,-64.0
TD+NOV,5,train,247,-145.0
TD+NOV,5,train,248,-86.0
TD+NOV,5,train,249,-276.0
TD+NOV,5,train,250,-113.0
TD+NOV,5,train,251,-97.0
TD+NOV,5,train,252,-93.0
TD+NOV,5,train,253,-109.0
TD+NOV,5,train,254,-114.0
TD+NOV,5,train,255,-98.0
TD+NOV,5,train,256,-95.0
TD+NOV,5,train,257,-94.0
TD+NOV,5,train,258,-77.0
TD+NOV,5,train,259,-96.0
TD+NOV,5,train,260,-107.0
TD+NOV,5,train,261,-79.0
TD+NOV,5,train,262,-138.0
TD+NOV,5,train,263,-86.0
TD+NOV,5,train,264,-94.0
TD+NOV,5,train,265,-95.0
TD+NOV,5,train,266,-93.0
TD+NOV,5,train,267,-71.0
TD+NOV,5,train,268,-78.0
TD+NOV,5,train,269,-97.0
TD+NOV,5,train,270,-108.0
TD+NOV,5,train,271,-104.0
TD+NOV,5,train,272,-87.0
TD+NOV,5,train,273,-84.0
TD+NOV,5,train,274,-112.0
TD+NOV,5,train,275,-90.0
TD+NOV,5,train,276,-72.0
TD+NOV,5,train,277,-181.0
TD+NOV,5,train,278,-121.0
TD+NOV,5,train,279,-148.0
TD+NOV,5,train,280,-113.0
TD+NOV,5,train,281,-73.0
TD+NOV,5,train,282,-111.0
TD+NOV,5,train,283,-165.0
TD+NOV,5,train,284,-91.0
TD+NOV,5,train,285,-105.0
TD+NOV,5,train,286,-103.0
TD+NOV,5,train,287,-81.0
TD+NOV,5,train,288,-125.0
TD+NOV,5,train,289,-75.0
TD+NOV,5,train,290,-125.0
TD+NOV,5,train,291,-83.0
TD+NOV,5,train,292,-100.0
TD+NOV,5,train,293,-95.0
TD+NOV,5,train,294,-97.0
TD+NOV,5,train,295,-94.0
TD+NOV,5,train,296,-81.0
TD+NOV,5,train,297,-100.0
TD+NOV,5,train,298,-124.0
TD+NOV,5,train,299,-105.0
TD+NOV,5,train,300,-106.0
TD+NOV,5,train,301,-71.0
TD+NOV,5,train,302,-82.0
TD+NOV,5,train,303,-89.0
TD+NOV,5,train,304,-84.0
TD+NOV,5,train,305,-85.0
TD+NOV,5,train,306,-84.0
TD+NOV,5,train,307,-85.0
TD+NOV,5,train,308,-72.0
TD+NOV,5,train,309,-110.0
TD+NOV,5,train,310,-111.0
TD+NOV,5,train,311,-127.0
TD+NOV,5,train,312,-119.0
TD+NOV,5,train,313,-94.0
TD+NOV,5,train,314,-122.0
TD+NOV,5,train,315,-117.0
TD+NOV,5,train,316,-109.0
TD+NOV,5,train,317,-84.0
TD+NOV,5,train,318,-87.0
TD+NOV,5,train,319,-98.0
TD+NOV,5,train,320,-111.0
TD+NOV,5,train,321,-80.0
TD+NOV,5,train,322,-146.0
TD+NOV,5,train,323,-90.0
TD+NOV,5,train,324,-83.0
TD+NOV,5,train,325,-139.0
TD+NOV,5,train,326,-101.0
TD+NOV,5,train,327,-79.0
TD+NOV,5,train,328,-69.0
TD+NOV,5,train,329,-163.0
TD+NOV,5,train,330,-99.0
TD+NOV,5,train,331,-95.0
TD+NOV,5,train,332,-92.0
TD+NOV,5,train,333,-120.0
TD+NOV,5,train,334,-103.0
TD+NOV,5,train,335,-113.0
TD+NOV,5,train,336,-171.0
TD+NOV,5,train,337,-112.0
TD+NOV,5,train,338,-105.0
TD+NOV,5,train,339,-110.0
TD+NOV,5,train,340,-78.0
TD+NOV,5,train,341,-84.0
TD+NOV,5,train,342,-85.0
TD+NOV,5,train,343,-105.0
TD+NOV,5,train,344,-95.0
TD+NOV,5,train,345,-96.0
TD+NOV,5,train,346,-99.0
TD+NOV,5,train,347,-93.0
TD+NOV,5,train,348,-90.0
TD+NOV,5,train,349,-92.0
TD+NOV,5,train,350,-223.0
TD+NOV,5,train,351,-77.0
TD+NOV,5,train,352,-96.0
TD+NOV,5,train,353,-98.0
TD+NOV,5,train,354,-126.0
TD+NOV,5,train,355,-89.0
TD+NOV,5,train,356,-100.0
TD+NOV,5,train,357,-92.0
TD+NOV,5,train,358,-118.0
TD+NOV,5,train,359,-118.0
TD+NOV,5,train,360,-88.0
TD+NOV,5,train,361,-110.0
TD+NOV,5,train,362,-105.0
TD+NOV,5,train,363,-111.0
TD+NOV,5,train,364,-78.0
TD+NOV,5,train,365,-79.0
TD+NOV,5,train,366,-84.0
TD+NOV,5,train,367,-84.0
TD+NOV,5,train,368,-125.0
TD+NOV,5,train,369,-86.0
TD+NOV,5,train,370,-132.0
TD+NOV,5,train,371,-110.0
TD+NOV,5,train,372,-83.0
TD+NOV,5,train,373,-83.0
TD+NOV,5,train,374,-96.0
TD+NOV,5,train,375,-79.0
TD+NOV,5,train,376,-116.0
TD+NOV,5,train,377,-129.0
TD+NOV,5,train,378,-72.0
TD+NOV,5,train,379,-82.0
TD+NOV,5,train,380,-152.0
TD+NOV,5,train,381,-149.0
TD+NOV,5,train,382,-130.0
TD+NOV,5,train,383,-122.0
TD+NOV,5,train,384,-153.0
TD+NOV,5,train,385,-78.0
TD+NOV,5,train,386,-75.0
TD+NOV,5,train,387,-71.0
TD+NOV,5,train,388,-112.0
TD+NOV,5,train,389,-116.0
TD+NOV,5,train,390,-118.0
TD+NOV,5,train,391,-77.0
TD+NOV,5,train,392,-80.0
TD+NOV,5,train,393,-102.0
TD+NOV,5,train,394,-84.0
TD+NOV,5,train,395,-104.0
TD+NOV,5,train,396,-86.0
TD+NOV,5,train,397,-64.0
TD+NOV,5,train,398,-101.0
TD+NOV,5,train,399,-116.0
TD+NOV,5,train,400,-64.0
TD+NOV,5,train,401,-106.0
TD+NOV,5,train,402,-76.0
TD+NOV,5,train,403,-121.0
TD+NOV,5,train,404,-79.0
TD+NOV,5,train,405,-128.0
TD+NOV,5,train,406,-85.0
TD+NOV,5,train,407,-88.0
TD+NOV,5,train,408,-78.0
TD+NOV,5,train,409,-113.0
TD+NOV,5,train,410,-70.0
TD+NOV,5,train,411,-97.0
TD+NOV,5,train,412,-92.0
TD+NOV,5,train,413,-82.0
TD+NOV,5,train,414,-104.0
TD+NOV,5,train,415,-82.0
TD+NOV,5,train,416,-90.0
TD+NOV,5,train,417,-79.0
TD+NOV,5,train,418,-98.0
TD+NOV,5,train,419,-97.0
TD+NOV,5,train,420,-99.0
TD+NOV,5,train,421,-92.0
TD+NOV,5,train,422,-72.0
TD+NOV,5,train,423,-91.0
TD+NOV,5,train,424,-152.0
TD+NOV,5,train,425,-82.0
TD+NOV,5,train,426,-116.0
TD+NOV,5,train,427,-82.0
TD+NOV,5,train,428,-88.0
TD+NOV,5,train,429,-94.0
TD+NOV,5,train,430,-78.0
TD+NOV,5,train,431,-103.0
TD+NOV,5,train,432,-86.0
TD+NOV,5,train,433,-78.0
TD+NOV,5,train,434,-99.0
TD+NOV,5,train,435,-106.0
TD+NOV,5,train,436,-86.0
TD+NOV,5,train,437,-127.0
TD+NOV,5,train,438,-88.0
TD+NOV,5,train,439,-103.0
TD+NOV,5,train,440,-75.0
TD+NOV,5,train,441,-94.0
TD+NOV,5,train,442,-92.0
TD+NOV,5,train,443,-78.0
TD+NOV,5,train,444,-71.0
TD+NOV,5,train,445,-92.0
TD+NOV,5,train,446,-88.0
TD+NOV,5,train,447,-64.0
TD+NOV,5,train,448,-93.0
TD+NOV,5,train,449,-79.0
TD+NOV,5,train,450,-96.0
TD+NOV,5,train,451,-97.0
TD+NOV,5,train,452,-84.0
TD+NOV,5,train,453,-101.0
TD+NOV,5,train,454,-95.0
TD+NOV,5,train,455,-93.0
TD+NOV,5,train,456,-90.0
TD+NOV,5,train,457,-75.0
TD+NOV,5,train,458,-95.0
TD+NOV,5,train,459,-96.0
TD+NOV,5,train,460,-158.0
TD+NOV,5,train,461,-84.0
TD+NOV,5,train,462,-105.0
TD+NOV,5,train,463,-79.0
TD+NOV,5,train,464,-85.0
TD+NOV,5,train,465,-75.0
TD+NOV,5,train,466,-108.0
TD+NOV,5,train,467,-81.0
TD+NOV,5,train,468,-110.0
TD+NOV,5,train,469,-85.0
TD+NOV,5,train,470,-225.0
TD+NOV,5,train,471,-76.0
TD+NOV,5,train,472,-79.0
TD+NOV,5,train,473,-93.0
TD+NOV,5,train,474,-90.0
TD+NOV,5,train,475,-78.0
TD+NOV,5,train,476,-71.0
TD+NOV,5,train,477,-85.0
TD+NOV,5,train,478,-149.0
TD+NOV,5,train,479,-87.0
TD+NOV,5,train,480,-70.0
TD+NOV,5,train,481,-73.0
TD+NOV,5,train,482,-88.0
TD+NOV,5,train,483,-86.0
TD+NOV,5,train,484,-86.0
TD+NOV,5,train,485,-69.0
TD+NOV,5,train,486,-94.0
TD+NOV,5,train,487,-77.0
TD+NOV,5,train,488,-64.0
TD+NOV,5,train,489,-70.0
TD+NOV,5,train,490,-130.0
TD+NOV,5,train,491,-69.0
TD+NOV,5,train,492,-77.0
TD+NOV,5,train,493,-88.0
TD+NOV,5,train,494,-102.0
TD+NOV,5,train,495,-97.0
TD+NOV,5,train,496,-108.0
TD+NOV,5,train,497,-95.0
TD+NOV,5,train,498,-85.0
TD+NOV,5,train,499,-248.0
TD+NOV,5,train,500,-74.0
TD+NOV,6,train,1,-324.0
TD+NOV,6,train,2,-500.0
TD+NOV,6,train,3,-500.0
TD+NOV,6,train,4,-500.0
TD+NOV,6,train,5,-500.0
TD+NOV,6,train,6,-500.0
TD+NOV,6,train,7,-279.0
TD+NOV,6,train,8,-197.0
TD+NOV,6,train,9,-500.0
TD+NOV,6,train,10,-500.0
TD+NOV,6,train,11,-500.0
TD+NOV,6,train,12,-305.0
TD+NOV,6,train,13,-327.0
TD+NOV,6,train,14,-500.0
TD+NOV,6,train,15,-500.0
TD+NOV,6,train,16,-273.0
TD+NOV,6,train,17,-500.0
TD+NOV,6,train,18,-500.0
TD+NOV,6,train,19,-500.0
TD+NOV,6,train,20,-500.0
TD+NOV,6,train,21,-500.0
TD+NOV,6,train,22,-500.0
TD+NOV,6,train,23,-500.0
TD+NOV,6,train,24,-500.0
TD+NOV,6,train,25,-500.0
TD+NOV,6,train,26,-500.0
TD+NOV,6,train,27,-500.0
TD+NOV,6,train,28,-500.0
TD+NOV,6,train,29,-500.0
TD+NOV,6,train,30,-500.0
TD+NOV,6,train,31,-500.0
TD+NOV,6,train,32,-500.0
TD+NOV,6,train,33,-500.0
TD+NOV,6,train,34,-500.0
TD+NOV,6,train,35,-375.0
TD+NOV,6,train,36,-500.0
TD+NOV,6,train,37,-281.0
TD+NOV,6,train,38,-500.0
TD+NOV,6,train,39,-270.0
TD+NOV,6,train,40,-500.0
TD+NOV,6,train,41,-431.0
TD+NOV,6,train,42,-500.0
TD+NOV,6,train,43,-500.0
TD+NOV,6,train,44,-500.0
TD+NOV,6,train,45,-500.0
TD+NOV,6,train,46,-500.0
TD+NOV,6,train,47,-500.0
TD+NOV,6,train,48,-500.0
TD+NOV,6,train,49,-500.0
TD+NOV,6,train,50,-500.0
TD+NOV,6,train,51,-500.0
TD+NOV,6,train,52,-500.0
TD+NOV,6,train,53,-500.0
TD+NOV,6,train,54,-500.0
TD+NOV,6,train,55,-209.0
TD+NOV,6,train,56,-500.0
TD+NOV,6,train,57,-337.0
TD+NOV,6,train,58,-500.0
TD+NOV,6,train,59,-500.0
TD+NOV,6,train,60,-105.0
TD+NOV,6,train,61,-215.0
TD+NOV,6,train,62,-500.0
TD+NOV,6,train,63,-500.0
TD+NOV,6,train,64,-110.0
TD+NOV,6,train,65,-110.0
TD+NOV,6,train,66,-500.0
TD+NOV,6,train,67,-500.0
TD+NOV,6,train,68,-500.0
TD+NOV,6,train,69,-500.0
TD+NOV,6,train,70,-208.0
TD+NOV,6,train,71,-250.0
TD+NOV,6,train,72,-205.0
TD+NOV,6,train,73,-187.0
TD+NOV,6,train,74,-134.0
TD+NOV,6,train,75,-96.0
TD+NOV,6,train,76,-247.0
TD+NOV,6,train,77,-126.0
TD+NOV,6,train,78,-155.0
TD+NOV,6,train,79,-185.0
TD+NOV,6,train,80,-144.0
TD+NOV,6,train,81,-500.0
TD+NOV,6,train,82,-500.0
TD+NOV,6,train,83,-500.0
TD+NOV,6,train,84,-101.0
TD+NOV,6,train,85,-500.0
TD+NOV,6,train,86,-361.0
TD+NOV,6,train,87,-500.0
TD+NOV,6,train,88,-101.0
TD+NOV,6,train,89,-431.0
TD+NOV,6,train,90,-296.0
TD+NOV,6,train,91,-213.0
TD+NOV,6,train,92,-445.0
TD+NOV,6,train,93,-185.0
TD+NOV,6,train,94,-231.0
TD+NOV,6,train,95,-173.0
TD+NOV,6,train,96,-148.0
TD+NOV,6,train,97,-119.0
TD+NOV,6,train,98,-124.0
TD+NOV,6,train,99,-349.0
TD+NOV,6,train,100,-165.0
TD+NOV,6,train,101,-121.0
TD+NOV,6,train,102,-102.0
TD+NOV,6,train,103,-131.0
TD+NOV,6,train,104,-144.0
TD+NOV,6,train,105,-103.0
TD+NOV,6,train,106,-190.0
TD+NOV,6,train,107,-117.0
TD+NOV,6,train,108,-135.0
TD+NOV,6,train,109,-168.0
TD+NOV,6,train,110,-312.0
TD+NOV,6,train,111,-245.0
TD+NOV,6,train,112,-226.0
TD+NOV,6,train,113,-122.0
TD+NOV,6,train,114,-97.0
TD+NOV,6,train,115,-209.0
TD+NOV,6,train,116,-81.0
TD+NOV,6,train,117,-119.0
TD+NOV,6,train,118,-105.0
TD+NOV,6,train,119,-400.0
TD+NOV,6,train,120,-232.0
TD+NOV,6,train,121,-129.0
TD+NOV,6,train,122,-203.0
TD+NOV,6,train,123,-243.0
TD+NOV,6,train,124,-202.0
TD+NOV,6,train,125,-155.0
TD+NOV,6,train,126,-214.0
TD+NOV,6,train,127,-145.0
TD+NOV,6,train,128,-84.0
TD+NOV,6,train,129,-123.0
TD+NOV,6,train,130,-162.0
TD+NOV,6,train,131,-151.0
TD+NOV,6,train,132,-185.0
TD+NOV,6,train,133,-127.0
TD+NOV,6,train,134,-122.0
TD+NOV,6,train,135,-108.0
TD+NOV,6,train,136,-181.0
TD+NOV,6,train,137,-102.0
TD+NOV,6,train,138,-90.0
TD+NOV,6,train,139,-121.0
TD+NOV,6,train,140,-117.0
TD+NOV,6,train,141,-197.0
TD+NOV,6,train,142,-154.0
TD+NOV,6,train,143,-84.0
TD+NOV,6,train,144,-160.0
TD+NOV,6,train,145,-103.0
TD+NOV,6,train,146,-179.0
TD+NOV,6,train,147,-89.0
TD+NOV,6,train,148,-109.0
TD+NOV,6,train,149,-109.0
TD+NOV,6,train,150,-91.0
TD+NOV,6,train,151,-111.0
TD+NOV,6,train,152,-193.0
TD+NOV,6,train,153,-176.0
TD+NOV,6,train,154,-188.0
TD+NOV,6,train,155,-110.0
TD+NOV,6,train,156,-213.0
TD+NOV,6,train,157,-138.0
TD+NOV,6,train,158,-167.0
TD+NOV,6,train,159,-158.0
TD+NOV,6,train,160,-225.0
TD+NOV,6,train,161,-97.0
TD+NOV,6,train,162,-104.0
TD+NOV,6,train,163,-119.0
TD+NOV,6,train,164,-132.0
TD+NOV,6,train,165,-273.0
TD+NOV,6,train,166,-106.0
TD+NOV,6,train,167,-157.0
TD+NOV,6,train,168,-146.0
TD+NOV,6,train,169,-122.0
TD+NOV,6,train,170,-102.0
TD+NOV,6,train,171,-93.0
TD+NOV,6,train,172,-85.0
TD+NOV,6,train,173,-158.0
TD+NOV,6,train,174,-152.0
TD+NOV,6,train,175,-108.0
TD+NOV,6,train,176,-112.0
TD+NOV,6,train,177,-129.0
TD+NOV,6,train,178,-98.0
TD+NOV,6,train,179,-83.0
TD+NOV,6,train,180,-182.0
TD+NOV,6,train,181,-112.0
TD+NOV,6,train,182,-92.0
TD+NOV,6,train,183,-134.0
TD+NOV,6,train,184,-118.0
TD+NOV,6,train,185,-136.0
TD+NOV,6,train,186,-91.0
TD+NOV,6,train,187,-113.0
TD+NOV,6,train,188,-166.0
TD+NOV,6,train,189,-85.0
TD+NOV,6,train,190,-80.0
TD+NOV,6,train,191,-112.0
TD+NOV,6,train,192,-111.0
TD+NOV,6,train,193,-111.0
TD+NOV,6,train,194,-78.0
TD+NOV,6,train,195,-113.0
TD+NOV,6,train,196,-77.0
TD+NOV,6,train,197,-119.0
TD+NOV,6,train,198,-86.0
TD+NOV,6,train,199,-102.0
TD+NOV,6,train,200,-111.0
TD+NOV,6,train,201,-103.0
TD+NOV,6,train,202,-119.0
TD+NOV,6,train,203,-180.0
TD+NOV,6,train,204,-124.0
TD+NOV,6,train,205,-102.0
TD+NOV,6,train,206,-108.0
TD+NOV,6,train,207,-124.0
TD+NOV,6,train,208,-144.0
TD+NOV,6,train,209,-124.0
TD+NOV,6,train,210,-141.0
TD+NOV,6,train,211,-99.0
TD+NOV,6,train,212,-100.0
TD+NOV,6,train,213,-106.0
TD+NOV,6,train,214,-106.0
TD+NOV,6,train,215,-122.0
TD+NOV,6,train,216,-93.0
TD+NOV,6,train,217,-71.0
TD+NOV,6,train,218,-108.0
TD+NOV,6,train,219,-115.0
TD+NOV,6,train,220,-78.0
TD+NOV,6,train,221,-132.0
TD+NOV,6,train,222,-114.0
TD+NOV,6,train,223,-179.0
TD+NOV,6,train,224,-83.0
TD+NOV,6,train,225,-100.0
TD+NOV,6,train,226,-126.0
TD+NOV,6,train,227,-213.0
TD+NOV,6,train,228,-79.0
TD+NOV,6,train,229,-104.0
TD+NOV,6,train,230,-84.0
TD+NOV,6,train,231,-125.0
TD+NOV,6,train,232,-83.0
TD+NOV,6,train,233,-141.0
TD+NOV,6,train,234,-101.0
TD+NOV,6,train,235,-103.0
TD+NOV,6,train,236,-187.0
TD+NOV,6,train,237,-84.0
TD+NOV,6,train,238,-134.0
TD+NOV,6,train,239,-76.0
TD+NOV,6,train,240,-101.0
TD+NOV,6,train,241,-99.0
TD+NOV,6,train,242,-223.0
TD+NOV,6,train,243,-94.0
TD+NOV,6,train,244,-106.0
TD+NOV,6,train,245,-106.0
TD+NOV,6,train,246,-83.0
TD+NOV,6,train,247,-122.0
TD+NOV,6,train,248,-178.0
TD+NOV,6,train,249,-82.0
TD+NOV,6,train,250,-112.0
TD+NOV,6,train,251,-97.0
TD+NOV,6,train,252,-141.0
TD+NOV,6,train,253,-86.0
TD+NOV,6,train,254,-91.0
TD+NOV,6,train,255,-95.0
TD+NOV,6,train,256,-95.0
TD+NOV,6,train,257,-121.0
TD+NOV,6,train,258,-153.0
TD+NOV,6,train,259,-126.0
TD+NOV,6,train,260,-86.0
TD+NOV,6,train,261,-139.0
TD+NOV,6,train,262,-125.0
TD+NOV,6,train,263,-89.0
TD+NOV,6,train,264,-81.0
TD+NOV,6,train,265,-153.0
TD+NOV,6,train,266,-85.0
TD+NOV,6,train,267,-170.0
TD+NOV,6,train,268,-84.0
TD+NOV,6,train,269,-113.0
TD+NOV,6,train,270,-94.0
TD+NOV,6,train,271,-121.0
TD+NOV,6,train,272,-76.0
TD+NOV,6,train,273,-95.0
TD+NOV,6,train,274,-109.0
TD+NOV,6,train,275,-125.0
TD+NOV,6,train,276,-88.0
TD+NOV,6,train,277,-91.0
TD+NOV,6,train,278,-84.0
TD+NOV,6,train,279,-135.0
TD+NOV,6,train,280,-124.0
TD+NOV,6,train,281,-97.0
TD+NOV,6,train,282,-98.0
TD+NOV,6,train,283,-87.0
TD+NOV,6,train,284,-141.0
TD+NOV,6,train,285,-97.0
TD+NOV,6,train,286,-100.0
TD+NOV,6,train,287,-108.0
TD+NOV,6,train,288,-136.0
TD+NOV,6,train,289,-129.0
TD+NOV,6,train,290,-76.0
TD+NOV,6,train,291,-153.0
TD+NOV,6,train,292,-83.0
TD+NOV,6,train,293,-83.0
TD+NOV,6,train,294,-91.0
TD+NOV,6,train,295,-77.0
TD+NOV,6,train,296,-92.0
TD+NOV,6,train,297,-98.0
TD+NOV,6,train,298,-79.0
TD+NOV,6,train,299,-84.0
TD+NOV,6,train,300,-94.0
TD+NOV,6,train,301,-115.0
TD+NOV,6,train,302,-121.0
TD+NOV,6,train,303,-106.0
TD+NOV,6,train,304,-115.0
TD+NOV,6,train,305,-110.0
TD+NOV,6,train,306,-90.0
TD+NOV,6,train,307,-87.0
TD+NOV,6,train,308,-76.0
TD+NOV,6,train,309,-93.0
TD+NOV,6,train,310,-93.0
TD+NOV,6,train,311,-109.0
TD+NOV,6,train,312,-88.0
TD+NOV,6,train,313,-120.0
TD+NOV,6,train,314,-84.0
TD+NOV,6,train,315,-119.0
TD+NOV,6,train,316,-112.0
TD+NOV,6,train,317,-106.0
TD+NOV,6,train,318,-109.0
TD+NOV,6,train,319,-96.0
TD+NOV,6,train,320,-216.0
TD+NOV,6,train,321,-90.0
TD+NOV,6,train,322,-75.0
TD+NOV,6,train,323,-120.0
TD+NOV,6,train,324,-95.0
TD+NOV,6,train,325,-115.0
TD+NOV,6,train,326,-89.0
TD+NOV,6,train,327,-91.0
TD+NOV,6,train,328,-117.0
TD+NOV,6,train,329,-85.0
TD+NOV,6,train,330,-113.0
TD+NOV,6,train,331,-116.0
TD+NOV,6,train,332,-131.0
TD+NOV,6,train,333,-107.0
TD+NOV,6,train,334,-106.0
TD+NOV,6,train,335,-79.0
TD+NOV,6,train,336,-90.0
TD+NOV,6,train,337,-98.0
TD+NOV,6,train,338,-76.0
TD+NOV,6,train,339,-98.0
TD+NOV,6,train,340,-91.0
TD+NOV,6,train,341,-113.0
TD+NOV,6,train,342,-83.0
TD+NOV,6,train,343,-104.0
TD+NOV,6,train,344,-169.0
TD+NOV,6,train,345,-90.0
TD+NOV,6,train,346,-101.0
TD+NOV,6,train,347,-110.0
TD+NOV,6,train,348,-101.0
TD+NOV,6,train,349,-134.0
TD+NOV,6,train,350,-89.0
TD+NOV,6,train,351,-75.0
TD+NOV,6,train,352,-100.0
TD+NOV,6,train,353,-95.0
TD+NOV,6,train,354,-64.0
TD+NOV,6,train,355,-95.0
TD+NOV,6,train,356,-94.0
TD+NOV,6,train,357,-72.0
TD+NOV,6,train,358,-79.0
TD+NOV,6,train,359,-114.0
TD+NOV,6,train,360,-143.0
TD+NOV,6,train,361,-105.0
TD+NOV,6,train,362,-80.0
TD+NOV,6,train,363,-116.0
TD+NOV,6,train,364,-113.0
TD+NOV,6,train,365,-90.0
TD+NOV,6,train,366,-95.0
TD+NOV,6,train,367,-84.0
TD+NOV,6,train,368,-98.0
TD+NOV,6,train,369,-109.0
TD+NOV,6,train,370,-93.0
TD+NOV,6,train,371,-496.0
TD+NOV,6,train,372,-76.0
TD+NOV,6,train,373,-78.0
TD+NOV,6,train,374,-95.0
TD+NOV,6,train,375,-127.0
TD+NOV,6,train,376,-160.0
TD+NOV,6,train,377,-96.0
TD+NOV,6,train,378,-94.0
TD+NOV,6,train,379,-76.0
TD+NOV,6,train,380,-86.0
TD+NOV,6,train,381,-79.0
TD+NOV,6,train,382,-101.0
TD+NOV,6,train,383,-82.0
TD+NOV,6,train,384,-97.0
TD+NOV,6,train,385,-118.0
TD+NOV,6,train,386,-99.0
TD+NOV,6,train,387,-117.0
TD+NOV,6,train,388,-83.0
TD+NOV,6,train,389,-111.0
TD+NOV,6,train,390,-105.0
TD+NOV,6,train,391,-91.0
TD+NOV,6,train,392,-90.0
TD+NOV,6,train,393,-75.0
TD+NOV,6,train,394,-197.0
TD+NOV,6,train,395,-84.0
TD+NOV,6,train,396,-93.0
TD+NOV,6,train,397,-104.0
TD+NOV,6,train,398,-160.0
TD+NOV,6,train,399,-98.0
TD+NOV,6,train,400,-79.0
TD+NOV,6,train,401,-161.0
TD+NOV,6,train,402,-163.0
TD+NOV,6,train,403,-80.0
TD+NOV,6,train,404,-117.0
TD+NOV,6,train,405,-137.0
TD+NOV,6,train,406,-97.0
TD+NOV,6,train,407,-97.0
TD+NOV,6,train,408,-86.0
TD+NOV,6,train,409,-84.0
TD+NOV,6,train,410,-80.0
TD+NOV,6,train,411,-86.0
TD+NOV,6,train,412,-79.0
TD+NOV,6,train,413,-72.0
TD+NOV,6,train,414,-83.0
TD+NOV,6,train,415,-79.0
TD+NOV,6,train,416,-97.0
TD+NOV,6,train,417,-95.0
TD+NOV,6,train,418,-85.0
TD+NOV,6,train,419,-95.0
TD+NOV,6,train,420,-100.0
TD+NOV,6,train,421,-120.0
TD+NOV,6,train,422,-82.0
TD+NOV,6,train,423,-90.0
TD+NOV,6,train,424,-94.0
TD+NOV,6,train,425,-102.0
TD+NOV,6,train,426,-94.0
TD+NOV,6,train,427,-93.0
TD+NOV,6,train,428,-113.0
TD+NOV,6,train,429,-96.0
TD+NOV,6,train,430,-112.0
TD+NOV,6,train,431,-71.0
TD+NOV,6,train,432,-92.0
TD+NOV,6,train,433,-79.0
TD+NOV,6,train,434,-82.0
TD+NOV,6,train,435,-78.0
TD+NOV,6,train,436,-114.0
TD+NOV,6,train,437,-84.0
TD+NOV,6,train,438,-96.0
TD+NOV,6,train,439,-114.0
TD+NOV,6,train,440,-113.0
TD+NOV,6,train,441,-100.0
TD+NOV,6,train,442,-110.0
TD+NOV,6,train,443,-82.0
TD+NOV,6,train,444,-80.0
TD+NOV,6,train,445,-85.0
TD+NOV,6,train,446,-119.0
TD+NOV,6,train,447,-78.0
TD+NOV,6,train,448,-80.0
TD+NOV,6,train,449,-81.0
TD+NOV,6,train,450,-97.0
TD+NOV,6,train,451,-84.0
TD+NOV,6,train,452,-110.0
TD+NOV,6,train,453,-75.0
TD+NOV,6,train,454,-79.0
TD+NOV,6,train,455,-86.0
TD+NOV,6,train,456,-102.0
TD+NOV,6,train,457,-162.0
TD+NOV,6,train,458,-152.0
TD+NOV,6,train,459,-109.0
TD+NOV,6,train,460,-95.0
TD+NOV,6,train,461,-77.0
TD+NOV,6,train,462,-78.0
TD+NOV,6,train,463,-104.0
TD+NOV,6,train,464,-81.0
TD+NOV,6,train,465,-103.0
TD+NOV,6,train,466,-70.0
TD+NOV,6,train,467,-117.0
TD+NOV,6,train,468,-75.0
TD+NOV,6,train,469,-107.0
TD+NOV,6,train,470,-93.0
TD+NOV,6,train,471,-87.0
TD+NOV,6,train,472,-98.0
TD+NOV,6,train,473,-116.0
TD+NOV,6,train,474,-63.0
TD+NOV,6,train,475,-110.0
TD+NOV,6,train,476,-80.0
TD+NOV,6,train,477,-97.0
TD+NOV,6,train,478,-94.0
TD+NOV,6,train,479,-80.0
TD+NOV,6,train,480,-100.0
TD+NOV,6,train,481,-96.0
TD+NOV,6,train,482,-86.0
TD+NOV,6,train,483,-124.0
TD+NOV,6,train,484,-118.0
TD+NOV,6,train,485,-92.0
TD+NOV,6,train,486,-92.0
TD+NOV,6,train,487,-85.0
TD+NOV,6,train,488,-108.0
TD+NOV,6,train,489,-90.0
TD+NOV,6,train,490,-94.0
TD+NOV,6,train,491,-80.0
TD+NOV,6,train,492,-118.0
TD+NOV,6,train,493,-91.0
TD+NOV,6,train,494,-95.0
TD+NOV,6,train,495,-78.0
TD+NOV,6,train,496,-101.0
TD+NOV,6,train,497,-120.0
TD+NOV,6,train,498,-89.0
TD+NOV,6,train,499,-101.0
TD+NOV,6,train,500,-88.0
TD+NOV,7,train,1,-500.0
TD+NOV,7,train,2,-500.0
TD+NOV,7,train,3,-500.0
TD+NOV,7,train,4,-500.0
TD+NOV,7,train,5,-500.0
TD+NOV,7,train,6,-500.0
TD+NOV,7,train,7,-500.0
TD+NOV,7,train,8,-500.0
TD+NOV,7,train,9,-337.0
TD+NOV,7,train,10,-245.0
TD+NOV,7,train,11,-144.0
TD+NOV,7,train,12,-500.0
TD+NOV,7,train,13,-500.0
TD+NOV,7,train,14,-213.0
TD+NOV,7,train,15,-236.0
TD+NOV,7,train,16,-154.0
TD+NOV,7,train,17,-132.0
TD+NOV,7,train,18,-146.0
TD+NOV,7,train,19,-124.0
TD+NOV,7,train,20,-164.0
TD+NOV,7,train,21,-147.0
TD+NOV,7,train,22,-87.0
TD+NOV,7,train,23,-149.0
TD+NOV,7,train,24,-189.0
TD+NOV,7,train,25,-154.0
TD+NOV,7,train,26,-194.0
TD+NOV,7,train,27,-319.0
TD+NOV,7,train,28,-276.0
TD+NOV,7,train,29,-125.0
TD+NOV,7,train,30,-229.0
TD+NOV,7,train,31,-156.0
TD+NOV,7,train,32,-146.0
TD+NOV,7,train,33,-160.0
TD+NOV,7,train,34,-166.0
TD+NOV,7,train,35,-123.0
TD+NOV,7,train,36,-113.0
TD+NOV,7,train,37,-142.0
TD+NOV,7,train,38,-197.0
TD+NOV,7,train,39,-183.0
TD+NOV,7,train,40,-113.0
TD+NOV,7,train,41,-145.0
TD+NOV,7,train,42,-134.0
TD+NOV,7,train,43,-171.0
TD+NOV,7,train,44,-145.0
TD+NOV,7,train,45,-124.0
TD+NOV,7,train,46,-153.0
TD+NOV,7,train,47,-144.0
TD+NOV,7,train,48,-119.0
TD+NOV,7,train,49,-145.0
TD+NOV,7,train,50,-115.0
TD+NOV,7,train,51,-164.0
TD+NOV,7,train,52,-404.0
TD+NOV,7,train,53,-249.0
TD+NOV,7,train,54,-500.0
TD+NOV,7,train,55,-154.0
TD+NOV,7,train,56,-169.0
TD+NOV,7,train,57,-179.0
TD+NOV,7,train,58,-497.0
TD+NOV,7,train,59,-124.0
TD+NOV,7,train,60,-188.0
TD+NOV,7,train,61,-482.0
TD+NOV,7,train,62,-228.0
TD+NOV,7,train,63,-163.0
TD+NOV,7,train,64,-193.0
TD+NOV,7,train,65,-186.0
TD+NOV,7,train,66,-161.0
TD+NOV,7,train,67,-147.0
TD+NOV,7,train,68,-159.0
TD+NOV,7,train,69,-232.0
TD+NOV,7,train,70,-115.0
TD+NOV,7,train,71,-140.0
TD+NOV,7,train,72,-151.0
TD+NOV,7,train,73,-133.0
TD+NOV,7,train,74,-174.0
TD+NOV,7,train,75,-133.0
TD+NOV,7,train,76,-134.0
TD+NOV,7,train,77,-114.0
TD+NOV,7,train,78,-160.0
TD+NOV,7,train,79,-259.0
TD+NOV,7,train,80,-239.0
TD+NOV,7,train,81,-197.0
TD+NOV,7,train,82,-198.0
TD+NOV,7,train,83,-115.0
TD+NOV,7,train,84,-250.0
TD+NOV,7,train,85,-147.0
TD+NOV,7,train,86,-128.0
TD+NOV,7,train,87,-334.0
TD+NOV,7,train,88,-235.0
TD+NOV,7,train,89,-251.0
TD+NOV,7,train,90,-172.0
TD+NOV,7,train,91,-155.0
TD+NOV,7,train,92,-256.0
TD+NOV,7,train,93,-216.0
TD+NOV,7,train,94,-120.0
TD+NOV,7,train,95,-116.0
TD+NOV,7,train,96,-151.0
TD+NOV,7,train,97,-127.0
TD+NOV,7,train,98,-137.0
TD+NOV,7,train,99,-164.0
TD+NOV,7,train,100,-152.0
TD+NOV,7,train,101,-146.0
TD+NOV,7,train,102,-184.0
TD+NOV,7,train,103,-133.0
TD+NOV,7,train,104,-211.0
TD+NOV,7,train,105,-104.0
TD+NOV,7,train,106,-116.0
TD+NOV,7,train,107,-159.0
TD+NOV,7,train,108,-144.0
TD+NOV,7,train,109,-103.0
TD+NOV,7,train,110,-126.0
TD+NOV,7,train,111,-116.0
TD+NOV,7,train,112,-132.0
TD+NOV,7,train,113,-165.0
TD+NOV,7,train,114,-139.0
TD+NOV,7,train,115,-172.0
TD+NOV,7,train,116,-106.0
TD+NOV,7,train,117,-218.0
TD+NOV,7,train,118,-94.0
TD+NOV,7,train,119,-247.0
TD+NOV,7,train,120,-141.0
TD+NOV,7,train,121,-100.0
TD+NOV,7,train,122,-119.0
TD+NOV,7,train,123,-103.0
TD+NOV,7,train,124,-131.0
TD+NOV,7,train,125,-148.0
TD+NOV,7,train,126,-206.0
TD+NOV,7,train,127,-86.0
TD+NOV,7,train,128,-154.0
TD+NOV,7,train,129,-118.0
TD+NOV,7,train,130,-141.0
TD+NOV,7,train,131,-156.0
TD+NOV,7,train,132,-114.0
TD+NOV,7,train,133,-95.0
TD+NOV,7,train,134,-115.0
TD+NOV,7,train,135,-124.0
TD+NOV,7,train,136,-119.0
TD+NOV,7,train,137,-123.0
TD+NOV,7,train,138,-121.0
TD+NOV,7,train,139,-115.0
TD+NOV,7,train,140,-144.0
TD+NOV,7,train,141,-80.0
TD+NOV,7,train,142,-118.0
TD+NOV,7,train,143,-114.0
TD+NOV,7,train,144,-119.0
TD+NOV,7,train,145,-104.0
TD+NOV,7,train,146,-138.0
TD+NOV,7,train,147,-160.0
TD+NOV,7,train,148,-90.0
TD+NOV,7,train,149,-130.0
TD+NOV,7,train,150,-88.0
TD+NOV,7,train,151,-123.0
TD+NOV,7,train,152,-122.0
TD+NOV,7,train,153,-219.0
TD+NOV,7,train,154,-124.0
TD+NOV,7,train,155,-116.0
TD+NOV,7,train,156,-125.0
TD+NOV,7,train,157,-88.0
TD+NOV,7,train,158,-143.0
TD+NOV,7,train,159,-163.0
TD+NOV,7,train,160,-80.0
TD+NOV,7,train,161,-92.0
TD+NOV,7,train,162,-85.0
TD+NOV,7,train,163,-88.0
TD+NOV,7,train,164,-79.0
TD+NOV,7,train,165,-106.0
TD+NOV,7,train,166,-104.0
TD+NOV,7,train,167,-86.0
TD+NOV,7,train,168,-108.0
TD+NOV,7,train,169,-167.0
TD+NOV,7,train,170,-172.0
TD+NOV,7,train,171,-105.0
TD+NOV,7,train,172,-98.0
TD+NOV,7,train,173,-124.0
TD+NOV,7,train,174,-132.0
TD+NOV,7,train,175,-96.0
TD+NOV,7,train,176,-144.0
TD+NOV,7,train,177,-138.0
TD+NOV,7,train,178,-87.0
TD+NOV,7,train,179,-119.0
TD+NOV,7,train,180,-128.0
TD+NOV,7,train,181,-71.0
TD+NOV,7,train,182,-91.0
TD+NOV,7,train,183,-87.0
TD+NOV,7,train,184,-137.0
TD+NOV,7,train,185,-261.0
TD+NOV,7,train,186,-128.0
TD+NOV,7,train,187,-85.0
TD+NOV,7,train,188,-91.0
TD+NOV,7,train,189,-347.0
TD+NOV,7,train,190,-89.0
TD+NOV,7,train,191,-158.0
TD+NOV,7,train,192,-105.0
TD+NOV,7,train,193,-109.0
TD+NOV,7,train,194,-87.0
TD+NOV,7,train,195,-101.0
TD+NOV,7,train,196,-126.0
TD+NOV,7,train,197,-123.0
TD+NOV,7,train,198,-108.0
TD+NOV,7,train,199,-86.0
TD+NOV,7,train,200,-105.0
TD+NOV,7,train,201,-91.0
TD+NOV,7,train,202,-79.0
TD+NOV,7,train,203,-77.0
TD+NOV,7,train,204,-96.0
TD+NOV,7,train,205,-78.0
TD+NOV,7,train,206,-99.0
TD+NOV,7,train,207,-92.0
TD+NOV,7,train,208,-80.0
TD+NOV,7,train,209,-119.0
TD+NOV,7,train,210,-84.0
TD+NOV,7,train,211,-93.0
TD+NOV,7,train,212,-106.0
TD+NOV,7,train,213,-83.0
TD+NOV,7,train,214,-77.0
TD+NOV,7,train,215,-148.0
TD+NOV,7,train,216,-102.0
TD+NOV,7,train,217,-117.0
TD+NOV,7,train,218,-141.0
TD+NOV,7,train,219,-129.0
TD+NOV,7,train,220,-125.0
TD+NOV,7,train,221,-77.0
TD+NOV,7,train,222,-121.0
TD+NOV,7,train,223,-92.0
TD+NOV,7,train,224,-109.0
TD+NOV,7,train,225,-141.0
TD+NOV,7,train,226,-112.0
TD+NOV,7,train,227,-117.0
TD+NOV,7,train,228,-101.0
TD+NOV,7,train,229,-137.0
TD+NOV,7,train,230,-163.0
TD+NOV,7,train,231,-94.0
TD+NOV,7,train,232,-107.0
TD+NOV,7,train,233,-86.0
TD+NOV,7,train,234,-119.0
TD+NOV,7,train,235,-160.0
TD+NOV,7,train,236,-129.0
TD+NOV,7,train,237,-79.0
TD+NOV,7,train,238,-117.0
TD+NOV,7,train,239,-89.0
TD+NOV,7,train,240,-85.0
TD+NOV,7,train,241,-86.0
TD+NOV,7,train,242,-105.0
TD+NOV,7,train,243,-100.0
TD+NOV,7,train,244,-81.0
TD+NOV,7,train,245,-132.0
TD+NOV,7,train,246,-232.0
TD+NOV,7,train,247,-105.0
TD+NOV,7,train,248,-84.0
TD+NOV,7,train,249,-132.0
TD+NOV,7,train,250,-111.0
TD+NOV,7,train,251,-116.0
TD+NOV,7,train,252,-141.0
TD+NOV,7,train,253,-112.0
TD+NOV,7,train,254,-80.0
TD+NOV,7,train,255,-95.0
TD+NOV,7,train,256,-79.0
TD+NOV,7,train,257,-500.0
TD+NOV,7,train,258,-80.0
TD+NOV,7,train,259,-169.0
TD+NOV,7,train,260,-88.0
TD+NOV,7,train,261,-91.0
TD+NOV,7,train,262,-77.0
TD+NOV,7,train,263,-104.0
TD+NOV,7,train,264,-171.0
TD+NOV,7,train,265,-160.0
TD+NOV,7,train,266,-91.0
TD+NOV,7,train,267,-63.0
TD+NOV,7,train,268,-104.0
TD+NOV,7,train,269,-86.0
TD+NOV,7,train,270,-82.0
TD+NOV,7,train,271,-143.0
TD+NOV,7,train,272,-92.0
TD+NOV,7,train,273,-500.0
TD+NOV,7,train,274,-500.0
TD+NOV,7,train,275,-83.0
TD+NOV,7,train,276,-76.0
TD+NOV,7,train,277,-70.0
TD+NOV,7,train,278,-114.0
TD+NOV,7,train,279,-170.0
TD+NOV,7,train,280,-115.0
TD+NOV,7,train,281,-118.0
TD+NOV,7,train,282,-83.0
TD+NOV,7,train,283,-82.0
TD+NOV,7,train,284,-94.0
TD+NOV,7,train,285,-90.0
TD+NOV,7,train,286,-94.0
TD+NOV,7,train,287,-92.0
TD+NOV,7,train,288,-78.0
TD+NOV,7,train,289,-79.0
TD+NOV,7,train,290,-93.0
TD+NOV,7,train,291,-83.0
TD+NOV,7,train,292,-108.0
TD+NOV,7,train,293,-74.0
TD+NOV,7,train,294,-107.0
TD+NOV,7,train,295,-87.0
TD+NOV,7,train,296,-73.0
TD+NOV,7,train,297,-73.0
TD+NOV,7,train,298,-101.0
TD+NOV,7,train,299,-73.0
TD+NOV,7,train,300,-136.0
TD+NOV,7,train,301,-127.0
TD+NOV,7,train,302,-97.0
TD+NOV,7,train,303,-295.0
TD+NOV,7,train,304,-82.0
TD+NOV,7,train,305,-80.0
TD+NOV,7,train,306,-75.0
TD+NOV,7,train,307,-83.0
TD+NOV,7,train,308,-125.0
TD+NOV,7,train,309,-93.0
TD+NOV,7,train,310,-80.0
TD+NOV,7,train,311,-120.0
TD+NOV,7,train,312,-76.0
TD+NOV,7,train,313,-101.0
TD+NOV,7,train,314,-83.0
TD+NOV,7,train,315,-103.0
TD+NOV,7,train,316,-85.0
TD+NOV,7,train,317,-207.0
TD+NOV,7,train,318,-79.0
TD+NOV,7,train,319,-185.0
TD+NOV,7,train,320,-119.0
TD+NOV,7,train,321,-84.0
TD+NOV,7,train,322,-74.0
TD+NOV,7,train,323,-165.0
TD+NOV,7,train,324,-110.0
TD+NOV,7,train,325,-84.0
TD+NOV,7,train,326,-102.0
TD+NOV,7,train,327,-92.0
TD+NOV,7,train,328,-103.0
TD+NOV,7,train,329,-84.0
TD+NOV,7,train,330,-111.0
TD+NOV,7,train,331,-85.0
TD+NOV,7,train,332,-219.0
TD+NOV,7,train,333,-91.0
TD+NOV,7,train,334,-90.0
TD+NOV,7,train,335,-102.0
TD+NOV,7,train,336,-93.0
TD+NOV,7,train,337,-81.0
TD+NOV,7,train,338,-78.0
TD+NOV,7,train,339,-98.0
TD+NOV,7,train,340,-71.0
TD+NOV,7,train,341,-120.0
TD+NOV,7,train,342,-106.0
TD+NOV,7,train,343,-150.0
TD+NOV,7,train,344,-76.0
TD+NOV,7,train,345,-111.0
TD+NOV,7,train,346,-98.0
TD+NOV,7,train,347,-118.0
TD+NOV,7,train,348,-88.0
TD+NOV,7,train,349,-91.0
TD+NOV,7,train,350,-78.0
TD+NOV,7,train,351,-78.0
TD+NOV,7,train,352,-104.0
TD+NOV,7,train,353,-111.0
TD+NOV,7,train,354,-125.0
TD+NOV,7,train,355,-85.0
TD+NOV,7,train,356,-103.0
TD+NOV,7,train,357,-112.0
TD+NOV,7,train,358,-118.0
TD+NOV,7,train,359,-100.0
TD+NOV,7,train,360,-71.0
TD+NOV,7,train,361,-86.0
TD+NOV,7,train,362,-129.0
TD+NOV,7,train,363,-109.0
TD+NOV,7,train,364,-71.0
TD+NOV,7,train,365,-86.0
TD+NOV,7,train,366,-96.0
TD+NOV,7,train,367,-71.0
TD+NOV,7,train,368,-73.0
TD+NOV,7,train,369,-123.0
TD+NOV,7,train,370,-98.0
TD+NOV,7,train,371,-101.0
TD+NOV,7,train,372,-103.0
TD+NOV,7,train,373,-111.0
TD+NOV,7,train,374,-108.0
TD+NOV,7,train,375,-235.0
TD+NOV,7,train,376,-102.0
TD+NOV,7,train,377,-102.0
TD+NOV,7,train,378,-144.0
TD+NOV,7,train,379,-86.0
TD+NOV,7,train,380,-123.0
TD+NOV,7,train,381,-78.0
TD+NOV,7,train,382,-82.0
TD+NOV,7,train,383,-94.0
TD+NOV,7,train,384,-80.0
TD+NOV,7,train,385,-73.0
TD+NOV,7,train,386,-107.0
TD+NOV,7,train,387,-112.0
TD+NOV,7,train,388,-71.0
TD+NOV,7,train,389,-131.0
TD+NOV,7,train,390,-95.0
TD+NOV,7,train,391,-62.0
TD+NOV,7,train,392,-85.0
TD+NOV,7,train,393,-500.0
TD+NOV,7,train,394,-79.0
TD+NOV,7,train,395,-104.0
TD+NOV,7,train,396,-113.0
TD+NOV,7,train,397,-82.0
TD+NOV,7,train,398,-71.0
TD+NOV,7,train,399,-118.0
TD+NOV,7,train,400,-90.0
TD+NOV,7,train,401,-100.0
TD+NOV,7,train,402,-110.0
TD+NOV,7,train,403,-124.0
TD+NOV,7,train,404,-102.0
TD+NOV,7,train,405,-104.0
TD+NOV,7,train,406,-95.0
TD+NOV,7,train,407,-87.0
TD+NOV,7,train,408,-104.0
TD+NOV,7,train,409,-101.0
TD+NOV,7,train,410,-95.0
TD+NOV,7,train,411,-71.0
TD+NOV,7,train,412,-107.0
TD+NOV,7,train,413,-95.0
TD+NOV,7,train,414,-98.0
TD+NOV,7,train,415,-84.0
TD+NOV,7,train,416,-106.0
TD+NOV,7,train,417,-114.0
TD+NOV,7,train,418,-116.0
TD+NOV,7,train,419,-86.0
TD+NOV,7,train,420,-119.0
TD+NOV,7,train,421,-87.0
TD+NOV,7,train,422,-70.0
TD+NOV,7,train,423,-97.0
TD+NOV,7,train,424,-103.0
TD+NOV,7,train,425,-80.0
TD+NOV,7,train,426,-85.0
TD+NOV,7,train,427,-96.0
TD+NOV,7,train,428,-99.0
TD+NOV,7,train,429,-95.0
TD+NOV,7,train,430,-117.0
TD+NOV,7,train,431,-128.0
TD+NOV,7,train,432,-111.0
TD+NOV,7,train,433,-121.0
TD+NOV,7,train,434,-84.0
TD+NOV,7,train,435,-85.0
TD+NOV,7,train,436,-90.0
TD+NOV,7,train,437,-92.0
TD+NOV,7,train,438,-106.0
TD+NOV,7,train,439,-141.0
TD+NOV,7,train,440,-107.0
TD+NOV,7,train,441,-101.0
TD+NOV,7,train,442,-78.0
TD+NOV,7,train,443,-89.0
TD+NOV,7,train,444,-101.0
TD+NOV,7,train,445,-127.0
TD+NOV,7,train,446,-105.0
TD+NOV,7,train,447,-69.0
TD+NOV,7,train,448,-82.0
TD+NOV,7,train,449,-99.0
TD+NOV,7,train,450,-76.0
TD+NOV,7,train,451,-94.0
TD+NOV,7,train,452,-172.0
TD+NOV,7,train,453,-95.0
TD+NOV,7,train,454,-386.0
TD+NOV,7,train,455,-108.0
TD+NOV,7,train,456,-108.0
TD+NOV,7,train,457,-111.0
TD+NOV,7,train,458,-94.0
TD+NOV,7,train,459,-500.0
TD+NOV,7,train,460,-138.0
TD+NOV,7,train,461,-109.0
TD+NOV,7,train,462,-117.0
TD+NOV,7,train,463,-103.0
TD+NOV,7,train,464,-71.0
TD+NOV,7,train,465,-79.0
TD+NOV,7,train,466,-130.0
TD+NOV,7,train,467,-80.0
TD+NOV,7,train,468,-155.0
TD+NOV,7,train,469,-138.0
TD+NOV,7,train,470,-94.0
TD+NOV,7,train,471,-91.0
TD+NOV,7,train,472,-103.0
TD+NOV,7,train,473,-85.0
TD+NOV,7,train,474,-500.0
TD+NOV,7,train,475,-124.0
TD+NOV,7,train,476,-64.0
TD+NOV,7,train,477,-100.0
TD+NOV,7,train,478,-111.0
TD+NOV,7,train,479,-110.0
TD+NOV,7,train,480,-111.0
TD+NOV,7,train,481,-93.0
TD+NOV,7,train,482,-83.0
TD+NOV,7,train,483,-107.0
TD+NOV,7,train,484,-76.0
TD+NOV,7,train,485,-115.0
TD+NOV,7,train,486,-73.0
TD+NOV,7,train,487,-117.0
TD+NOV,7,train,488,-77.0
TD+NOV,7,train,489,-116.0
TD+NOV,7,train,490,-134.0
TD+NOV,7,train,491,-104.0
TD+NOV,7,train,492,-82.0
TD+NOV,7,train,493,-108.0
TD+NOV,7,train,494,-128.0
TD+NOV,7,train,495,-152.0
TD+NOV,7,train,496,-118.0
TD+NOV,7,train,497,-77.0
TD+NOV,7,train,498,-115.0
TD+NOV,7,train,499,-114.0
TD+NOV,7,train,500,-140.0
TD+NOV,8,train,1,-494.0
TD+NOV,8,train,2,-500.0
TD+NOV,8,train,3,-500.0
TD+NOV,8,train,4,-500.0
TD+NOV,8,train,5,-500.0
TD+NOV,8,train,6,-500.0
TD+NOV,8,train,7,-500.0
TD+NOV,8,train,8,-500.0
TD+NOV,8,train,9,-318.0
TD+NOV,8,train,10,-500.0
TD+NOV,8,train,11,-500.0
TD+NOV,8,train,12,-247.0
TD+NOV,8,train,13,-156.0
TD+NOV,8,train,14,-415.0
TD+NOV,8,train,15,-244.0
TD+NOV,8,train,16,-110.0
TD+NOV,8,train,17,-127.0
TD+NOV,8,train,18,-260.0
TD+NOV,8,train,19,-369.0
TD+NOV,8,train,20,-500.0
TD+NOV,8,train,21,-500.0
TD+NOV,8,train,22,-500.0
TD+NOV,8,train,23,-500.0
TD+NOV,8,train,24,-500.0
TD+NOV,8,train,25,-199.0
TD+NOV,8,train,26,-500.0
TD+NOV,8,train,27,-500.0
TD+NOV,8,train,28,-500.0
TD+NOV,8,train,29,-500.0
TD+NOV,8,train,30,-479.0
TD+NOV,8,train,31,-171.0
TD+NOV,8,train,32,-168.0
TD+NOV,8,train,33,-500.0
TD+NOV,8,train,34,-108.0
TD+NOV,8,train,35,-108.0
TD+NOV,8,train,36,-164.0
TD+NOV,8,train,37,-110.0
TD+NOV,8,train,38,-153.0
TD+NOV,8,train,39,-150.0
TD+NOV,8,train,40,-371.0
TD+NOV,8,train,41,-137.0
TD+NOV,8,train,42,-161.0
TD+NOV,8,train,43,-88.0
TD+NOV,8,train,44,-91.0
TD+NOV,8,train,45,-113.0
TD+NOV,8,train,46,-101.0
TD+NOV,8,train,47,-500.0
TD+NOV,8,train,48,-134.0
TD+NOV,8,train,49,-134.0
TD+NOV,8,train,50,-144.0
TD+NOV,8,train,51,-146.0
TD+NOV,8,train,52,-125.0
TD+NOV,8,train,53,-77.0
TD+NOV,8,train,54,-167.0
TD+NOV,8,train,55,-92.0
TD+NOV,8,train,56,-86.0
TD+NOV,8,train,57,-90.0
TD+NOV,8,train,58,-131.0
TD+NOV,8,train,59,-139.0
TD+NOV,8,train,60,-158.0
TD+NOV,8,train,61,-122.0
TD+NOV,8,train,62,-96.0
TD+NOV,8,train,63,-387.0
TD+NOV,8,train,64,-114.0
TD+NOV,8,train,65,-146.0
TD+NOV,8,train,66,-114.0
TD+NOV,8,train,67,-103.0
TD+NOV,8,train,68,-83.0
TD+NOV,8,train,69,-101.0
TD+NOV,8,train,70,-83.0
TD+NOV,8,train,71,-135.0
TD+NOV,8,train,72,-106.0
TD+NOV,8,train,73,-102.0
TD+NOV,8,train,74,-115.0
TD+NOV,8,train,75,-98.0
TD+NOV,8,train,76,-109.0
TD+NOV,8,train,77,-90.0
TD+NOV,8,train,78,-101.0
TD+NOV,8,train,79,-91.0
TD+NOV,8,train,80,-84.0
TD+NOV,8,train,81,-98.0
TD+NOV,8,train,82,-97.0
TD+NOV,8,train,83,-84.0
TD+NOV,8,train,84,-143.0
TD+NOV,8,train,85,-108.0
TD+NOV,8,train,86,-123.0
TD+NOV,8,train,87,-125.0
TD+NOV,8,train,88,-102.0
TD+NOV,8,train,89,-109.0
TD+NOV,8,train,90,-110.0
TD+NOV,8,train,91,-110.0
TD+NOV,8,train,92,-262.0
TD+NOV,8,train,93,-126.0
TD+NOV,8,train,94,-187.0
TD+NOV,8,train,95,-164.0
TD+NOV,8,train,96,-90.0
TD+NOV,8,train,97,-165.0
TD+NOV,8,train,98,-91.0
TD+NOV,8,train,99,-185.0
TD+NOV,8,train,100,-163.0
TD+NOV,8,train,101,-105.0
TD+NOV,8,train,102,-78.0
TD+NOV,8,train,103,-140.0
TD+NOV,8,train,104,-98.0
TD+NOV,8,train,105,-92.0
TD+NOV,8,train,106,-123.0
TD+NOV,8,train,107,-500.0
TD+NOV,8,train,108,-108.0
TD+NOV,8,train,109,-101.0
TD+NOV,8,train,110,-124.0
TD+NOV,8,train,111,-92.0
TD+NOV,8,train,112,-129.0
TD+NOV,8,train,113,-163.0
TD+NOV,8,train,114,-100.0
TD+NOV,8,train,115,-98.0
TD+NOV,8,train,116,-141.0
TD+NOV,8,train,117,-95.0
TD+NOV,8,train,118,-122.0
TD+NOV,8,train,119,-86.0
TD+NOV,8,train,120,-104.0
TD+NOV,8,train,121,-90.0
TD+NOV,8,train,122,-113.0
TD+NOV,8,train,123,-78.0
TD+NOV,8,train,124,-101.0
TD+NOV,8,train,125,-104.0
TD+NOV,8,train,126,-104.0
TD+NOV,8,train,127,-87.0
TD+NOV,8,train,128,-108.0
TD+NOV,8,train,129,-93.0
TD+NOV,8,train,130,-95.0
TD+NOV,8,train,131,-165.0
TD+NOV,8,train,132,-84.0
TD+NOV,8,train,133,-114.0
TD+NOV,8,train,134,-157.0
TD+NOV,8,train,135,-86.0
TD+NOV,8,train,136,-111.0
TD+NOV,8,train,137,-80.0
TD+NOV,8,train,138,-148.0
TD+NOV,8,train,139,-132.0
TD+NOV,8,train,140,-96.0
TD+NOV,8,train,141,-102.0
TD+NOV,8,train,142,-94.0
TD+NOV,8,train,143,-105.0
TD+NOV,8,train,144,-94.0
TD+NOV,8,train,145,-85.0
TD+NOV,8,train,146,-72.0
TD+NOV,8,train,147,-120.0
TD+NOV,8,train,148,-99.0
TD+NOV,8,train,149,-64.0
TD+NOV,8,train,150,-94.0
TD+NOV,8,train,151,-92.0
TD+NOV,8,train,152,-121.0
TD+NOV,8,train,153,-355.0
TD+NOV,8,train,154,-92.0
TD+NOV,8,train,155,-98.0
TD+NOV,8,train,156,-115.0
TD+NOV,8,train,157,-98.0
TD+NOV,8,train,158,-126.0
TD+NOV,8,train,159,-184.0
TD+NOV,8,train,160,-119.0
TD+NOV,8,train,161,-143.0
TD+NOV,8,train,162,-111.0
TD+NOV,8,train,163,-93.0
TD+NOV,8,train,164,-500.0
TD+NOV,8,train,165,-152.0
TD+NOV,8,train,166,-131.0
TD+NOV,8,train,167,-103.0
TD+NOV,8,train,168,-124.0
TD+NOV,8,train,169,-90.0
TD+NOV,8,train,170,-141.0
TD+NOV,8,train,171,-103.0
TD+NOV,8,train,172,-90.0
TD+NOV,8,train,173,-90.0
TD+NOV,8,train,174,-114.0
TD+NOV,8,train,175,-72.0
TD+NOV,8,train,176,-104.0
TD+NOV,8,train,177,-282.0
TD+NOV,8,train,178,-87.0
TD+NOV,8,train,179,-94.0
TD+NOV,8,train,180,-100.0
TD+NOV,8,train,181,-115.0
TD+NOV,8,train,182,-103.0
TD+NOV,8,train,183,-116.0
TD+NOV,8,train,184,-119.0
TD+NOV,8,train,185,-111.0
TD+NOV,8,train,186,-109.0
TD+NOV,8,train,187,-105.0
TD+NOV,8,train,188,-89.0
TD+NOV,8,train,189,-120.0
TD+NOV,8,train,190,-500.0
TD+NOV,8,train,191,-147.0
TD+NOV,8,train,192,-86.0
TD+NOV,8,train,193,-80.0
TD+NOV,8,train,194,-103.0
TD+NOV,8,train,195,-195.0
TD+NOV,8,train,196,-144.0
TD+NOV,8,train,197,-98.0
TD+NOV,8,train,198,-161.0
TD+NOV,8,train,199,-146.0
TD+NOV,8,train,200,-129.0
TD+NOV,8,train,201,-143.0
TD+NOV,8,train,202,-113.0
TD+NOV,8,train,203,-95.0
TD+NOV,8,train,204,-158.0
TD+NOV,8,train,205,-163.0
TD+NOV,8,train,206,-104.0
TD+NOV,8,train,207,-98.0
TD+NOV,8,train,208,-101.0
TD+NOV,8,train,209,-121.0
TD+NOV,8,train,210,-127.0
TD+NOV,8,train,211,-113.0
TD+NOV,8,train,212,-103.0
TD+NOV,8,train,213,-82.0
TD+NOV,8,train,214,-124.0
TD+NOV,8,train,215,-224.0
TD+NOV,8,train,216,-109.0
TD+NOV,8,train,217,-142.0
TD+NOV,8,train,218,-94.0
TD+NOV,8,train,219,-134.0
TD+NOV,8,train,220,-83.0
TD+NOV,8,train,221,-134.0
TD+NOV,8,train,222,-76.0
TD+NOV,8,train,223,-80.0
TD+NOV,8,train,224,-123.0
TD+NOV,8,train,225,-122.0
TD+NOV,8,train,226,-500.0
TD+NOV,8,train,227,-110.0
TD+NOV,8,train,228,-85.0
TD+NOV,8,train,229,-108.0
TD+NOV,8,train,230,-95.0
TD+NOV,8,train,231,-129.0
TD+NOV,8,train,232,-102.0
TD+NOV,8,train,233,-129.0
TD+NOV,8,train,234,-156.0
TD+NOV,8,train,235,-153.0
TD+NOV,8,train,236,-133.0
TD+NOV,8,train,237,-500.0
TD+NOV,8,train,238,-105.0
TD+NOV,8,train,239,-125.0
TD+NOV,8,train,240,-139.0
TD+NOV,8,train,241,-110.0
TD+NOV,8,train,242,-93.0
TD+NOV,8,train,243,-94.0
TD+NOV,8,train,244,-84.0
TD+NOV,8,train,245,-143.0
TD+NOV,8,train,246,-88.0
TD+NOV,8,train,247,-115.0
TD+NOV,8,train,248,-124.0
TD+NOV,8,train,249,-126.0
TD+NOV,8,train,250,-109.0
TD+NOV,8,train,251,-86.0
TD+NOV,8,train,252,-111.0
TD+NOV,8,train,253,-127.0
TD+NOV,8,train,254,-127.0
TD+NOV,8,train,255,-141.0
TD+NOV,8,train,256,-147.0
TD+NOV,8,train,257,-109.0
TD+NOV,8,train,258,-110.0
TD+NOV,8,train,259,-71.0
TD+NOV,8,train,260,-126.0
TD+NOV,8,train,261,-92.0
TD+NOV,8,train,262,-104.0
TD+NOV,8,train,263,-117.0
TD+NOV,8,train,264,-98.0
TD+NOV,8,train,265,-151.0
TD+NOV,8,train,266,-114.0
TD+NOV,8,train,267,-114.0
TD+NOV,8,train,268,-105.0
TD+NOV,8,train,269,-79.0
TD+NOV,8,train,270,-122.0
TD+NOV,8,train,271,-108.0
TD+NOV,8,train,272,-88.0
TD+NOV,8,train,273,-103.0
TD+NOV,8,train,274,-105.0
TD+NOV,8,train,275,-96.0
TD+NOV,8,train,276,-99.0
TD+NOV,8,train,277,-122.0
TD+NOV,8,train,278,-86.0
TD+NOV,8,train,279,-500.0
TD+NOV,8,train,280,-104.0
TD+NOV,8,train,281,-93.0
TD+NOV,8,train,282,-151.0
TD+NOV,8,train,283,-107.0
TD+NOV,8,train,284,-120.0
TD+NOV,8,train,285,-111.0
TD+NOV,8,train,286,-114.0
TD+NOV,8,train,287,-112.0
TD+NOV,8,train,288,-104.0
TD+NOV,8,train,289,-500.0
TD+NOV,8,train,290,-102.0
TD+NOV,8,train,291,-74.0
TD+NOV,8,train,292,-75.0
TD+NOV,8,train,293,-103.0
TD+NOV,8,train,294,-93.0
TD+NOV,8,train,295,-96.0
TD+NOV,8,train,296,-82.0
TD+NOV,8,train,297,-159.0
TD+NOV,8,train,298,-129.0
TD+NOV,8,train,299,-85.0
TD+NOV,8,train,300,-83.0
TD+NOV,8,train,301,-70.0
TD+NOV,8,train,302,-91.0
TD+NOV,8,train,303,-84.0
TD+NOV,8,train,304,-84.0
TD+NOV,8,train,305,-110.0
TD+NOV,8,train,306,-132.0
TD+NOV,8,train,307,-77.0
TD+NOV,8,train,308,-297.0
TD+NOV,8,train,309,-133.0
TD+NOV,8,train,310,-116.0
TD+NOV,8,train,311,-118.0
TD+NOV,8,train,312,-98.0
TD+NOV,8,train,313,-122.0
TD+NOV,8,train,314,-87.0
TD+NOV,8,train,315,-102.0
TD+NOV,8,train,316,-107.0
TD+NOV,8,train,317,-146.0
TD+NOV,8,train,318,-91.0
TD+NOV,8,train,319,-97.0
TD+NOV,8,train,320,-71.0
TD+NOV,8,train,321,-91.0
TD+NOV,8,train,322,-115.0
TD+NOV,8,train,323,-90.0
TD+NOV,8,train,324,-485.0
TD+NOV,8,train,325,-105.0
TD+NOV,8,train,326,-121.0
TD+NOV,8,train,327,-98.0
TD+NOV,8,train,328,-112.0
TD+NOV,8,train,329,-86.0
TD+NOV,8,train,330,-500.0
TD+NOV,8,train,331,-113.0
TD+NOV,8,train,332,-114.0
TD+NOV,8,train,333,-91.0
TD+NOV,8,train,334,-86.0
TD+NOV,8,train,335,-137.0
TD+NOV,8,train,336,-100.0
TD+NOV,8,train,337,-79.0
TD+NOV,8,train,338,-109.0
TD+NOV,8,train,339,-112.0
TD+NOV,8,train,340,-84.0
TD+NOV,8,train,341,-109.0
TD+NOV,8,train,342,-97.0
TD+NOV,8,train,343,-102.0
TD+NOV,8,train,344,-84.0
TD+NOV,8,train,345,-185.0
TD+NOV,8,train,346,-70.0
TD+NOV,8,train,347,-82.0
TD+NOV,8,train,348,-83.0
TD+NOV,8,train,349,-106.0
TD+NOV,8,train,350,-102.0
TD+NOV,8,train,351,-68.0
TD+NOV,8,train,352,-91.0
TD+NOV,8,train,353,-71.0
TD+NOV,8,train,354,-500.0
TD+NOV,8,train,355,-90.0
TD+NOV,8,train,356,-113.0
TD+NOV,8,train,357,-103.0
TD+NOV,8,train,358,-99.0
TD+NOV,8,train,359,-95.0
TD+NOV,8,train,360,-90.0
TD+NOV,8,train,361,-96.0
TD+NOV,8,train,362,-92.0
TD+NOV,8,train,363,-107.0
TD+NOV,8,train,364,-112.0
TD+NOV,8,train,365,-148.0
TD+NOV,8,train,366,-85.0
TD+NOV,8,train,367,-116.0
TD+NOV,8,train,368,-92.0
TD+NOV,8,train,369,-153.0
TD+NOV,8,train,370,-85.0
TD+NOV,8,train,371,-80.0
TD+NOV,8,train,372,-78.0
TD+NOV,8,train,373,-134.0
TD+NOV,8,train,374,-126.0
TD+NOV,8,train,375,-81.0
TD+NOV,8,train,376,-108.0
TD+NOV,8,train,377,-134.0
TD+NOV,8,train,378,-106.0
TD+NOV,8,train,379,-90.0
TD+NOV,8,train,380,-100.0
TD+NOV,8,train,381,-88.0
TD+NOV,8,train,382,-175.0
TD+NOV,8,train,383,-110.0
TD+NOV,8,train,384,-92.0
TD+NOV,8,train,385,-85.0
TD+NOV,8,train,386,-100.0
TD+NOV,8,train,387,-109.0
TD+NOV,8,train,388,-98.0
TD+NOV,8,train,389,-103.0
TD+NOV,8,train,390,-500.0
TD+NOV,8,train,391,-84.0
TD+NOV,8,train,392,-83.0
TD+NOV,8,train,393,-100.0
TD+NOV,8,train,394,-125.0
TD+NOV,8,train,395,-84.0
TD+NOV,8,train,396,-86.0
TD+NOV,8,train,397,-79.0
TD+NOV,8,train,398,-77.0
TD+NOV,8,train,399,-132.0
TD+NOV,8,train,400,-88.0
TD+NOV,8,train,401,-89.0
TD+NOV,8,train,402,-105.0
TD+NOV,8,train,403,-103.0
TD+NOV,8,train,404,-80.0
TD+NOV,8,train,405,-84.0
TD+NOV,8,train,406,-119.0
TD+NOV,8,train,407,-82.0
TD+NOV,8,train,408,-97.0
TD+NOV,8,train,409,-100.0
TD+NOV,8,train,410,-120.0
TD+NOV,8,train,411,-111.0
TD+NOV,8,train,412,-110.0
TD+NOV,8,train,413,-104.0
TD+NOV,8,train,414,-79.0
TD+NOV,8,train,415,-102.0
TD+NOV,8,train,416,-99.0
TD+NOV,8,train,417,-92.0
TD+NOV,8,train,418,-307.0
TD+NOV,8,train,419,-87.0
TD+NOV,8,train,420,-97.0
TD+NOV,8,train,421,-100.0
TD+NOV,8,train,422,-114.0
TD+NOV,8,train,423,-76.0
TD+NOV,8,train,424,-87.0
TD+NOV,8,train,425,-97.0
TD+NOV,8,train,426,-145.0
TD+NOV,8,train,427,-115.0
TD+NOV,8,train,428,-91.0
TD+NOV,8,train,429,-95.0
TD+NOV,8,train,430,-113.0
TD+NOV,8,train,431,-86.0
TD+NOV,8,train,432,-77.0
TD+NOV,8,train,433,-101.0
TD+NOV,8,train,434,-103.0
TD+NOV,8,train,435,-85.0
TD+NOV,8,train,436,-70.0
TD+NOV,8,train,437,-108.0
TD+NOV,8,train,438,-77.0
TD+NOV,8,train,439,-94.0
TD+NOV,8,train,440,-88.0
TD+NOV,8,train,441,-135.0
TD+NOV,8,train,442,-95.0
TD+NOV,8,train,443,-71.0
TD+NOV,8,train,444,-79.0
TD+NOV,8,train,445,-83.0
TD+NOV,8,train,446,-111.0
TD+NOV,8,train,447,-96.0
TD+NOV,8,train,448,-101.0
TD+NOV,8,train,449,-105.0
TD+NOV,8,train,450,-103.0
TD+NOV,8,train,451,-133.0
TD+NOV,8,train,452,-119.0
TD+NOV,8,train,453,-89.0
TD+NOV,8,train,454,-102.0
TD+NOV,8,train,455,-110.0
TD+NOV,8,train,456,-80.0
TD+NOV,8,train,457,-108.0
TD+NOV,8,train,458,-102.0
TD+NOV,8,train,459,-117.0
TD+NOV,8,train,460,-105.0
TD+NOV,8,train,461,-76.0
TD+NOV,8,train,462,-137.0
TD+NOV,8,train,463,-63.0
TD+NOV,8,train,464,-114.0
TD+NOV,8,train,465,-88.0
TD+NOV,8,train,466,-124.0
TD+NOV,8,train,467,-123.0
TD+NOV,8,train,468,-149.0
TD+NOV,8,train,469,-96.0
TD+NOV,8,train,470,-77.0
TD+NOV,8,train,471,-81.0
TD+NOV,8,train,472,-93.0
TD+NOV,8,train,473,-76.0
TD+NOV,8,train,474,-106.0
TD+NOV,8,train,475,-204.0
TD+NOV,8,train,476,-77.0
TD+NOV,8,train,477,-107.0
TD+NOV,8,train,478,-83.0
TD+NOV,8,train,479,-85.0
TD+NOV,8,train,480,-109.0
TD+NOV,8,train,481,-85.0
TD+NOV,8,train,482,-81.0
TD+NOV,8,train,483,-192.0
TD+NOV,8,train,484,-150.0
TD+NOV,8,train,485,-118.0
TD+NOV,8,train,486,-94.0
TD+NOV,8,train,487,-387.0
TD+NOV,8,train,488,-102.0
TD+NOV,8,train,489,-91.0
TD+NOV,8,train,490,-102.0
TD+NOV,8,train,491,-130.0
TD+NOV,8,train,492,-78.0
TD+NOV,8,train,493,-93.0
TD+NOV,8,train,494,-76.0
TD+NOV,8,train,495,-116.0
TD+NOV,8,train,496,-101.0
TD+NOV,8,train,497,-117.0
TD+NOV,8,train,498,-93.0
TD+NOV,8,train,499,-75.0
TD+NOV,8,train,500,-70.0
TD+NOV,9,train,1,-500.0
TD+NOV,9,train,2,-500.0
TD+NOV,9,train,3,-500.0
TD+NOV,9,train,4,-500.0
TD+NOV,9,train,5,-500.0
TD+NOV,9,train,6,-220.0
TD+NOV,9,train,7,-159.0
TD+NOV,9,train,8,-136.0
TD+NOV,9,train,9,-210.0
TD+NOV,9,train,10,-118.0
TD+NOV,9,train,11,-76.0
TD+NOV,9,train,12,-94.0
TD+NOV,9,train,13,-165.0
TD+NOV,9,train,14,-141.0
TD+NOV,9,train,15,-75.0
TD+NOV,9,train,16,-103.0
TD+NOV,9,train,17,-106.0
TD+NOV,9,train,18,-143.0
TD+NOV,9,train,19,-103.0
TD+NOV,9,train,20,-109.0
TD+NOV,9,train,21,-95.0
TD+NOV,9,train,22,-77.0
TD+NOV,9,train,23,-141.0
TD+NOV,9,train,24,-212.0
TD+NOV,9,train,25,-117.0
TD+NOV,9,train,26,-131.0
TD+NOV,9,train,27,-70.0
TD+NOV,9,train,28,-113.0
TD+NOV,9,train,29,-183.0
TD+NOV,9,train,30,-138.0
TD+NOV,9,train,31,-116.0
TD+NOV,9,train,32,-88.0
TD+NOV,9,train,33,-233.0
TD+NOV,9,train,34,-150.0
TD+NOV,9,train,35,-136.0
TD+NOV,9,train,36,-114.0
TD+NOV,9,train,37,-167.0
TD+NOV,9,train,38,-132.0
TD+NOV,9,train,39,-134.0
TD+NOV,9,train,40,-119.0
TD+NOV,9,train,41,-221.0
TD+NOV,9,train,42,-135.0
TD+NOV,9,train,43,-168.0
TD+NOV,9,train,44,-104.0
TD+NOV,9,train,45,-176.0
TD+NOV,9,train,46,-180.0
TD+NOV,9,train,47,-265.0
TD+NOV,9,train,48,-191.0
TD+NOV,9,train,49,-113.0
TD+NOV,9,train,50,-97.0
TD+NOV,9,train,51,-124.0
TD+NOV,9,train,52,-124.0
TD+NOV,9,train,53,-99.0
TD+NOV,9,train,54,-127.0
TD+NOV,9,train,55,-85.0
TD+NOV,9,train,56,-260.0
TD+NOV,9,train,57,-188.0
TD+NOV,9,train,58,-168.0
TD+NOV,9,train,59,-155.0
TD+NOV,9,train,60,-113.0
TD+NOV,9,train,61,-120.0
TD+NOV,9,train,62,-232.0
TD+NOV,9,train,63,-119.0
TD+NOV,9,train,64,-115.0
TD+NOV,9,train,65,-500.0
TD+NOV,9,train,66,-107.0
TD+NOV,9,train,67,-148.0
TD+NOV,9,train,68,-99.0
TD+NOV,9,train,69,-186.0
TD+NOV,9,train,70,-154.0
TD+NOV,9,train,71,-143.0
TD+NOV,9,train,72,-198.0
TD+NOV,9,train,73,-292.0
TD+NOV,9,train,74,-154.0
TD+NOV,9,train,75,-127.0
TD+NOV,9,train,76,-229.0
TD+NOV,9,train,77,-128.0
TD+NOV,9,train,78,-138.0
TD+NOV,9,train,79,-197.0
TD+NOV,9,train,80,-164.0
TD+NOV,9,train,81,-95.0
TD+NOV,9,train,82,-262.0
TD+NOV,9,train,83,-89.0
TD+NOV,9,train,84,-105.0
TD+NOV,9,train,85,-116.0
TD+NOV,9,train,86,-120.0
TD+NOV,9,train,87,-119.0
TD+NOV,9,train,88,-106.0
TD+NOV,9,train,89,-137.0
TD+NOV,9,train,90,-118.0
TD+NOV,9,train,91,-98.0
TD+NOV,9,train,92,-96.0
TD+NOV,9,train,93,-132.0
TD+NOV,9,train,94,-267.0
TD+NOV,9,train,95,-154.0
TD+NOV,9,train,96,-106.0
TD+NOV,9,train,97,-140.0
TD+NOV,9,train,98,-129.0
TD+NOV,9,train,99,-166.0
TD+NOV,9,train,100,-142.0
TD+NOV,9,train,101,-197.0
TD+NOV,9,train,102,-245.0
TD+NOV,9,train,103,-118.0
TD+NOV,9,train,104,-100.0
TD+NOV,9,train,105,-177.0
TD+NOV,9,train,106,-170.0
TD+NOV,9,train,107,-109.0
TD+NOV,9,train,108,-97.0
TD+NOV,9,train,109,-174.0
TD+NOV,9,train,110,-114.0
TD+NOV,9,train,111,-114.0
TD+NOV,9,train,112,-172.0
TD+NOV,9,train,113,-105.0
TD+NOV,9,train,114,-105.0
TD+NOV,9,train,115,-143.0
TD+NOV,9,train,116,-384.0
TD+NOV,9,train,117,-116.0
TD+NOV,9,train,118,-153.0
TD+NOV,9,train,119,-444.0
TD+NOV,9,train,120,-126.0
TD+NOV,9,train,121,-126.0
TD+NOV,9,train,122,-140.0
TD+NOV,9,train,123,-156.0
TD+NOV,9,train,124,-123.0
TD+NOV,9,train,125,-167.0
TD+NOV,9,train,126,-120.0
TD+NOV,9,train,127,-174.0
TD+NOV,9,train,128,-132.0
TD+NOV,9,train,129,-187.0
TD+NOV,9,train,130,-130.0
TD+NOV,9,train,131,-156.0
TD+NOV,9,train,132,-106.0
TD+NOV,9,train,133,-284.0
TD+NOV,9,train,134,-127.0
TD+NOV,9,train,135,-265.0
TD+NOV,9,train,136,-84.0
TD+NOV,9,train,137,-139.0
TD+NOV,9,train,138,-145.0
TD+NOV,9,train,139,-142.0
TD+NOV,9,train,140,-112.0
TD+NOV,9,train,141,-117.0
TD+NOV,9,train,142,-143.0
TD+NOV,9,train,143,-138.0
TD+NOV,9,train,144,-320.0
TD+NOV,9,train,145,-141.0
TD+NOV,9,train,146,-159.0
TD+NOV,9,train,147,-283.0
TD+NOV,9,train,148,-138.0
TD+NOV,9,train,149,-117.0
TD+NOV,9,train,150,-179.0
TD+NOV,9,train,151,-249.0
TD+NOV,9,train,152,-155.0
TD+NOV,9,train,153,-195.0
TD+NOV,9,train,154,-116.0
TD+NOV,9,train,155,-129.0
TD+NOV,9,train,156,-197.0
TD+NOV,9,train,157,-122.0
TD+NOV,9,train,158,-172.0
TD+NOV,9,train,159,-181.0
TD+NOV,9,train,160,-206.0
TD+NOV,9,train,161,-134.0
TD+NOV,9,train,162,-102.0
TD+NOV,9,train,163,-228.0
TD+NOV,9,train,164,-85.0
TD+NOV,9,train,165,-149.0
TD+NOV,9,train,166,-133.0
TD+NOV,9,train,167,-173.0
TD+NOV,9,train,168,-95.0
TD+NOV,9,train,169,-110.0
TD+NOV,9,train,170,-175.0
TD+NOV,9,train,171,-132.0
TD+NOV,9,train,172,-125.0
TD+NOV,9,train,173,-191.0
TD+NOV,9,train,174,-161.0
TD+NOV,9,train,175,-99.0
TD+NOV,9,train,176,-135.0
TD+NOV,9,train,177,-142.0
TD+NOV,9,train,178,-135.0
TD+NOV,9,train,179,-116.0
TD+NOV,9,train,180,-116.0
TD+NOV,9,train,181,-92.0
TD+NOV,9,train,182,-276.0
TD+NOV,9,train,183,-140.0
TD+NOV,9,train,184,-160.0
TD+NOV,9,train,185,-107.0
TD+NOV,9,train,186,-176.0
TD+NOV,9,train,187,-84.0
TD+NOV,9,train,188,-105.0
TD+NOV,9,train,189,-89.0
TD+NOV,9,train,190,-89.0
TD+NOV,9,train,191,-108.0
TD+NOV,9,train,192,-109.0
TD+NOV,9,train,193,-128.0
TD+NOV,9,train,194,-107.0
TD+NOV,9,train,195,-116.0
TD+NOV,9,train,196,-119.0
TD+NOV,9,train,197,-124.0
TD+NOV,9,train,198,-117.0
TD+NOV,9,train,199,-110.0
TD+NOV,9,train,200,-124.0
TD+NOV,9,train,201,-112.0
TD+NOV,9,train,202,-112.0
TD+NOV,9,train,203,-130.0
TD+NOV,9,train,204,-132.0
TD+NOV,9,train,205,-95.0
TD+NOV,9,train,206,-103.0
TD+NOV,9,train,207,-112.0
TD+NOV,9,train,208,-153.0
TD+NOV,9,train,209,-148.0
TD+NOV,9,train,210,-131.0
TD+NOV,9,train,211,-162.0
TD+NOV,9,train,212,-85.0
TD+NOV,9,train,213,-87.0
TD+NOV,9,train,214,-132.0
TD+NOV,9,train,215,-111.0
TD+NOV,9,train,216,-105.0
TD+NOV,9,train,217,-122.0
TD+NOV,9,train,218,-100.0
TD+NOV,9,train,219,-127.0
TD+NOV,9,train,220,-86.0
TD+NOV,9,train,221,-143.0
TD+NOV,9,train,222,-140.0
TD+NOV,9,train,223,-91.0
TD+NOV,9,train,224,-78.0
TD+NOV,9,train,225,-159.0
TD+NOV,9,train,226,-128.0
TD+NOV,9,train,227,-126.0
TD+NOV,9,train,228,-102.0
TD+NOV,9,train,229,-75.0
TD+NOV,9,train,230,-109.0
TD+NOV,9,train,231,-111.0
TD+NOV,9,train,232,-111.0
TD+NOV,9,train,233,-104.0
TD+NOV,9,train,234,-127.0
TD+NOV,9,train,235,-93.0
TD+NOV,9,train,236,-86.0
TD+NOV,9,train,237,-244.0
TD+NOV,9,train,238,-142.0
TD+NOV,9,train,239,-138.0
TD+NOV,9,train,240,-87.0
TD+NOV,9,train,241,-108.0
TD+NOV,9,train,242,-105.0
TD+NOV,9,train,243,-119.0
TD+NOV,9,train,244,-82.0
TD+NOV,9,train,245,-108.0
TD+NOV,9,train,246,-236.0
TD+NOV,9,train,247,-100.0
TD+NOV,9,train,248,-104.0
TD+NOV,9,train,249,-94.0
TD+NOV,9,train,250,-144.0
TD+NOV,9,train,251,-128.0
TD+NOV,9,train,252,-96.0
TD+NOV,9,train,253,-200.0
TD+NOV,9,train,254,-171.0
TD+NOV,9,train,255,-90.0
TD+NOV,9,train,256,-122.0
TD+NOV,9,train,257,-109.0
TD+NOV,9,train,258,-93.0
TD+NOV,9,train,259,-95.0
TD+NOV,9,train,260,-106.0
TD+NOV,9,train,261,-96.0
TD+NOV,9,train,262,-87.0
TD+NOV,9,train,263,-85.0
TD+NOV,9,train,264,-102.0
TD+NOV,9,train,265,-155.0
TD+NOV,9,train,266,-156.0
TD+NOV,9,train,267,-64.0
TD+NOV,9,train,268,-132.0
TD+NOV,9,train,269,-120.0
TD+NOV,9,train,270,-84.0
TD+NOV,9,train,271,-85.0
TD+NOV,9,train,272,-80.0
TD+NOV,9,train,273,-112.0
TD+NOV,9,train,274,-111.0
TD+NOV,9,train,275,-75.0
TD+NOV,9,train,276,-85.0
TD+NOV,9,train,277,-98.0
TD+NOV,9,train,278,-73.0
TD+NOV,9,train,279,-91.0
TD+NOV,9,train,280,-101.0
TD+NOV,9,train,281,-78.0
TD+NOV,9,train,282,-78.0
TD+NOV,9,train,283,-108.0
TD+NOV,9,train,284,-99.0
TD+NOV,9,train,285,-99.0
TD+NOV,9,train,286,-154.0
TD+NOV,9,train,287,-96.0
TD+NOV,9,train,288,-199.0
TD+NOV,9,train,289,-240.0
TD+NOV,9,train,290,-98.0
TD+NOV,9,train,291,-126.0
TD+NOV,9,train,292,-98.0
TD+NOV,9,train,293,-103.0
TD+NOV,9,train,294,-126.0
TD+NOV,9,train,295,-94.0
TD+NOV,9,train,296,-124.0
TD+NOV,9,train,297,-85.0
TD+NOV,9,train,298,-98.0
TD+NOV,9,train,299,-76.0
TD+NOV,9,train,300,-84.0
TD+NOV,9,train,301,-167.0
TD+NOV,9,train,302,-106.0
TD+NOV,9,train,303,-109.0
TD+NOV,9,train,304,-117.0
TD+NOV,9,train,305,-114.0
TD+NOV,9,train,306,-130.0
TD+NOV,9,train,307,-92.0
TD+NOV,9,train,308,-131.0
TD+NOV,9,train,309,-74.0
TD+NOV,9,train,310,-94.0
TD+NOV,9,train,311,-177.0
TD+NOV,9,train,312,-98.0
TD+NOV,9,train,313,-102.0
TD+NOV,9,train,314,-122.0
TD+NOV,9,train,315,-120.0
TD+NOV,9,train,316,-115.0
TD+NOV,9,train,317,-128.0
TD+NOV,9,train,318,-83.0
TD+NOV,9,train,319,-98.0
TD+NOV,9,train,320,-500.0
TD+NOV,9,train,321,-175.0
TD+NOV,9,train,322,-102.0
TD+NOV,9,train,323,-108.0
TD+NOV,9,train,324,-71.0
TD+NOV,9,train,325,-79.0
TD+NOV,9,train,326,-114.0
TD+NOV,9,train,327,-89.0
TD+NOV,9,train,328,-115.0
TD+NOV,9,train,329,-114.0
TD+NOV,9,train,330,-84.0
TD+NOV,9,train,331,-109.0
TD+NOV,9,train,332,-79.0
TD+NOV,9,train,333,-105.0
TD+NOV,9,train,334,-96.0
TD+NOV,9,train,335,-101.0
TD+NOV,9,train,336,-156.0
TD+NOV,9,train,337,-90.0
TD+NOV,9,train,338,-117.0
TD+NOV,9,train,339,-109.0
TD+NOV,9,train,340,-86.0
TD+NOV,9,train,341,-117.0
TD+NOV,9,train,342,-95.0
TD+NOV,9,train,343,-83.0
TD+NOV,9,train,344,-92.0
TD+NOV,9,train,345,-91.0
TD+NOV,9,train,346,-105.0
TD+NOV,9,train,347,-103.0
TD+NOV,9,train,348,-89.0
TD+NOV,9,train,349,-116.0
TD+NOV,9,train,350,-101.0
TD+NOV,9,train,351,-125.0
TD+NOV,9,train,352,-69.0
TD+NOV,9,train,353,-80.0
TD+NOV,9,train,354,-96.0
TD+NOV,9,train,355,-79.0
TD+NOV,9,train,356,-98.0
TD+NOV,9,train,357,-91.0
TD+NOV,9,train,358,-76.0
TD+NOV,9,train,359,-93.0
TD+NOV,9,train,360,-95.0
TD+NOV,9,train,361,-86.0
TD+NOV,9,train,362,-89.0
TD+NOV,9,train,363,-97.0
TD+NOV,9,train,364,-81.0
TD+NOV,9,train,365,-107.0
TD+NOV,9,train,366,-101.0
TD+NOV,9,train,367,-144.0
TD+NOV,9,train,368,-86.0
TD+NOV,9,train,369,-81.0
TD+NOV,9,train,370,-90.0
TD+NOV,9,train,371,-87.0
TD+NOV,9,train,372,-107.0
TD+NOV,9,train,373,-94.0
TD+NOV,9,train,374,-92.0
TD+NOV,9,train,375,-93.0
TD+NOV,9,train,376,-86.0
TD+NOV,9,train,377,-136.0
TD+NOV,9,train,378,-86.0
TD+NOV,9,train,379,-97.0
TD+NOV,9,train,380,-93.0
TD+NOV,9,train,381,-112.0
TD+NOV,9,train,382,-103.0
TD+NOV,9,train,383,-122.0
TD+NOV,9,train,384,-107.0
TD+NOV,9,train,385,-102.0
TD+NOV,9,train,386,-114.0
TD+NOV,9,train,387,-77.0
TD+NOV,9,train,388,-91.0
TD+NOV,9,train,389,-124.0
TD+NOV,9,train,390,-100.0
TD+NOV,9,train,391,-127.0
TD+NOV,9,train,392,-92.0
TD+NOV,9,train,393,-77.0
TD+NOV,9,train,394,-97.0
TD+NOV,9,train,395,-122.0
TD+NOV,9,train,396,-99.0
TD+NOV,9,train,397,-107.0
TD+NOV,9,train,398,-119.0
TD+NOV,9,train,399,-76.0
TD+NOV,9,train,400,-88.0
TD+NOV,9,train,401,-102.0
TD+NOV,9,train,402,-274.0
TD+NOV,9,train,403,-84.0
TD+NOV,9,train,404,-152.0
TD+NOV,9,train,405,-139.0
TD+NOV,9,train,406,-118.0
TD+NOV,9,train,407,-94.0
TD+NOV,9,train,408,-78.0
TD+NOV,9,train,409,-77.0
TD+NOV,9,train,410,-91.0
TD+NOV,9,train,411,-79.0
TD+NOV,9,train,412,-110.0
TD+NOV,9,train,413,-107.0
TD+NOV,9,train,414,-104.0
TD+NOV,9,train,415,-91.0
TD+NOV,9,train,416,-139.0
TD+NOV,9,train,417,-92.0
TD+NOV,9,train,418,-178.0
TD+NOV,9,train,419,-100.0
TD+NOV,9,train,420,-63.0
TD+NOV,9,train,421,-86.0
TD+NOV,9,train,422,-108.0
TD+NOV,9,train,423,-101.0
TD+NOV,9,train,424,-85.0
TD+NOV,9,train,425,-99.0
TD+NOV,9,train,426,-84.0
TD+NOV,9,train,427,-83.0
TD+NOV,9,train,428,-79.0
TD+NOV,9,train,429,-66.0
TD+NOV,9,train,430,-102.0
TD+NOV,9,train,431,-106.0
TD+NOV,9,train,432,-78.0
TD+NOV,9,train,433,-87.0
TD+NOV,9,train,434,-102.0
TD+NOV,9,train,435,-71.0
TD+NOV,9,train,436,-87.0
TD+NOV,9,train,437,-130.0
TD+NOV,9,train,438,-78.0
TD+NOV,9,train,439,-84.0
TD+NOV,9,train,440,-71.0
TD+NOV,9,train,441,-108.0
TD+NOV,9,train,442,-116.0
TD+NOV,9,train,443,-124.0
TD+NOV,9,train,444,-102.0
TD+NOV,9,train,445,-89.0
TD+NOV,9,train,446,-82.0
TD+NOV,9,train,447,-102.0
TD+NOV,9,train,448,-90.0
TD+NOV,9,train,449,-82.0
TD+NOV,9,train,450,-97.0
TD+NOV,9,train,451,-80.0
TD+NOV,9,train,452,-75.0
TD+NOV,9,train,453,-91.0
TD+NOV,9,train,454,-74.0
TD+NOV,9,train,455,-500.0
TD+NOV,9,train,456,-115.0
TD+NOV,9,train,457,-83.0
TD+NOV,9,train,458,-90.0
TD+NOV,9,train,459,-77.0
TD+NOV,9,train,460,-115.0
TD+NOV,9,train,461,-118.0
TD+NOV,9,train,462,-123.0
TD+NOV,9,train,463,-103.0
TD+NOV,9,train,464,-75.0
TD+NOV,9,train,465,-99.0
TD+NOV,9,train,466,-86.0
TD+NOV,9,train,467,-90.0
TD+NOV,9,train,468,-90.0
TD+NOV,9,train,469,-100.0
TD+NOV,9,train,470,-144.0
TD+NOV,9,train,471,-112.0
TD+NOV,9,train,472,-94.0
TD+NOV,9,train,473,-109.0
TD+NOV,9,train,474,-103.0
TD+NOV,9,train,475,-79.0
TD+NOV,9,train,476,-78.0
TD+NOV,9,train,477,-71.0
TD+NOV,9,train,478,-500.0
TD+NOV,9,train,479,-89.0
TD+NOV,9,train,480,-110.0
TD+NOV,9,train,481,-84.0
TD+NOV,9,train,482,-81.0
TD+NOV,9,train,483,-79.0
TD+NOV,9,train,484,-96.0
TD+NOV,9,train,485,-119.0
TD+NOV,9,train,486,-82.0
TD+NOV,9,train,487,-82.0
TD+NOV,9,train,488,-81.0
TD+NOV,9,train,489,-101.0
TD+NOV,9,train,490,-85.0
TD+NOV,9,train,491,-91.0
TD+NOV,9,train,492,-91.0
TD+NOV,9,train,493,-82.0
TD+NOV,9,train,494,-86.0
TD+NOV,9,train,495,-182.0
TD+NOV,9,train,496,-86.0
TD+NOV,9,train,497,-76.0
TD+NOV,9,train,498,-115.0
TD+NOV,9,train,499,-81.0
TD+NOV,9,train,500,-105.0
TD+NOV,0,eval,25,-166.2
TD+NOV,0,eval,50,-234.0
TD+NOV,0,eval,75,-213.2
TD+NOV,0,eval,100,-120.0
TD+NOV,0,eval,125,-97.8
TD+NOV,0,eval,150,-107.2
TD+NOV,0,eval,175,-116.6
TD+NOV,0,eval,200,-244.2
TD+NOV,0,eval,225,-87.4
TD+NOV,0,eval,250,-106.6
TD+NOV,0,eval,275,-82.0
TD+NOV,0,eval,300,-74.2
TD+NOV,0,eval,325,-187.0
TD+NOV,0,eval,350,-93.0
TD+NOV,0,eval,375,-81.2
TD+NOV,0,eval,400,-91.6
TD+NOV,0,eval,425,-88.0
TD+NOV,0,eval,450,-99.4
TD+NOV,0,eval,475,-110.2
TD+NOV,0,eval,500,-84.6
TD+NOV,1,eval,25,-294.4
TD+NOV,1,eval,50,-125.2
TD+NOV,1,eval,75,-102.2
TD+NOV,1,eval,100,-91.4
TD+NOV,1,eval,125,-265.4
TD+NOV,1,eval,150,-97.4
TD+NOV,1,eval,175,-173.4
TD+NOV,1,eval,200,-263.6
TD+NOV,1,eval,225,-80.6
TD+NOV,1,eval,250,-112.8
TD+NOV,1,eval,275,-113.0
TD+NOV,1,eval,300,-178.2
TD+NOV,1,eval,325,-87.8
TD+NOV,1,eval,350,-182.8
TD+NOV,1,eval,375,-86.2
TD+NOV,1,eval,400,-95.4
TD+NOV,1,eval,425,-95.2
TD+NOV,1,eval,450,-84.6
TD+NOV,1,eval,475,-83.2
TD+NOV,1,eval,500,-94.6
TD+NOV,2,eval,25,-381.8
TD+NOV,2,eval,50,-476.2
TD+NOV,2,eval,75,-233.4
TD+NOV,2,eval,100,-302.6
TD+NOV,2,eval,125,-115.4
TD+NOV,2,eval,150,-198.4
TD+NOV,2,eval,175,-336.2
TD+NOV,2,eval,200,-96.8
TD+NOV,2,eval,225,-94.2
TD+NOV,2,eval,250,-189.8
TD+NOV,2,eval,275,-87.4
TD+NOV,2,eval,300,-181.2
TD+NOV,2,eval,325,-91.4
TD+NOV,2,eval,350,-88.6
TD+NOV,2,eval,375,-80.4
TD+NOV,2,eval,400,-168.0
TD+NOV,2,eval,425,-88.2
TD+NOV,2,eval,450,-80.2
TD+NOV,2,eval,475,-80.6
TD+NOV,2,eval,500,-82.0
TD+NOV,3,eval,25,-500.0
TD+NOV,3,eval,50,-500.0
TD+NOV,3,eval,75,-157.0
TD+NOV,3,eval,100,-188.0
TD+NOV,3,eval,125,-314.8
TD+NOV,3,eval,150,-248.6
TD+NOV,3,eval,175,-130.2
TD+NOV,3,eval,200,-263.0
TD+NOV,3,eval,225,-181.8
TD+NOV,3,eval,250,-87.4
TD+NOV,3,eval,275,-89.8
TD+NOV,3,eval,300,-87.4
TD+NOV,3,eval,325,-84.2
TD+NOV,3,eval,350,-187.2
TD+NOV,3,eval,375,-79.4
TD+NOV,3,eval,400,-86.8
TD+NOV,3,eval,425,-210.4
TD+NOV,3,eval,450,-98.8
TD+NOV,3,eval,475,-79.2
TD+NOV,3,eval,500,-86.2
TD+NOV,4,eval,25,-240.6
TD+NOV,4,eval,50,-223.6
TD+NOV,4,eval,75,-80.6
TD+NOV,4,eval,100,-140.4
TD+NOV,4,eval,125,-112.0
TD+NOV,4,eval,150,-110.8
TD+NOV,4,eval,175,-104.0
TD+NOV,4,eval,200,-125.6
TD+NOV,4,eval,225,-354.6
TD+NOV,4,eval,250,-89.2
TD+NOV,4,eval,275,-117.6
TD+NOV,4,eval,300,-161.2
TD+NOV,4,eval,325,-78.2
TD+NOV,4,eval,350,-96.4
TD+NOV,4,eval,375,-77.6
TD+NOV,4,eval,400,-102.6
TD+NOV,4,eval,425,-168.4
TD+NOV,4,eval,450,-78.6
TD+NOV,4,eval,475,-251.6
TD+NOV,4,eval,500,-86.0
TD+NOV,5,eval,25,-126.6
TD+NOV,5,eval,50,-176.0
TD+NOV,5,eval,75,-425.0
TD+NOV,5,eval,100,-269.8
TD+NOV,5,eval,125,-195.0
TD+NOV,5,eval,150,-119.4
TD+NOV,5,eval,175,-262.8
TD+NOV,5,eval,200,-179.8
TD+NOV,5,eval,225,-95.8
TD+NOV,5,eval,250,-97.6
TD+NOV,5,eval,275,-246.8
TD+NOV,5,eval,300,-101.8
TD+NOV,5,eval,325,-99.2
TD+NOV,5,eval,350,-108.0
TD+NOV,5,eval,375,-249.0
TD+NOV,5,eval,400,-89.4
TD+NOV,5,eval,425,-87.4
TD+NOV,5,eval,450,-77.4
TD+NOV,5,eval,475,-77.6
TD+NOV,5,eval,500,-93.4
TD+NOV,6,eval,25,-500.0
TD+NOV,6,eval,50,-500.0
TD+NOV,6,eval,75,-370.2
TD+NOV,6,eval,100,-110.2
TD+NOV,6,eval,125,-500.0
TD+NOV,6,eval,150,-146.6
TD+NOV,6,eval,175,-121.4
TD+NOV,6,eval,200,-100.8
TD+NOV,6,eval,225,-176.4
TD+NOV,6,eval,250,-84.4
TD+NOV,6,eval,275,-99.0
TD+NOV,6,eval,300,-95.6
TD+NOV,6,eval,325,-88.2
TD+NOV,6,eval,350,-91.2
TD+NOV,6,eval,375,-87.4
TD+NOV,6,eval,400,-116.8
TD+NOV,6,eval,425,-191.4
TD+NOV,6,eval,450,-99.6
TD+NOV,6,eval,475,-89.8
TD+NOV,6,eval,500,-182.8
TD+NOV,7,eval,25,-156.8
TD+NOV,7,eval,50,-364.8
TD+NOV,7,eval,75,-226.0
TD+NOV,7,eval,100,-108.4
TD+NOV,7,eval,125,-267.0
TD+NOV,7,eval,150,-138.0
TD+NOV,7,eval,175,-97.2
TD+NOV,7,eval,200,-110.4
TD+NOV,7,eval,225,-171.6
TD+NOV,7,eval,250,-161.0
TD+NOV,7,eval,275,-171.6
TD+NOV,7,eval,300,-79.8
TD+NOV,7,eval,325,-106.6
TD+NOV,7,eval,350,-105.8
TD+NOV,7,eval,375,-168.0
TD+NOV,7,eval,400,-88.2
TD+NOV,7,eval,425,-169.6
TD+NOV,7,eval,450,-81.6
TD+NOV,7,eval,475,-171.8
TD+NOV,7,eval,500,-114.2
TD+NOV,8,eval,25,-500.0
TD+NOV,8,eval,50,-188.0
TD+NOV,8,eval,75,-106.4
TD+NOV,8,eval,100,-89.0
TD+NOV,8,eval,125,-346.4
TD+NOV,8,eval,150,-280.2
TD+NOV,8,eval,175,-339.0
TD+NOV,8,eval,200,-122.0
TD+NOV,8,eval,225,-88.2
TD+NOV,8,eval,250,-94.6
TD+NOV,8,eval,275,-87.4
TD+NOV,8,eval,300,-173.0
TD+NOV,8,eval,325,-130.0
TD+NOV,8,eval,350,-84.2
TD+NOV,8,eval,375,-167.2
TD+NOV,8,eval,400,-172.4
TD+NOV,8,eval,425,-169.4
TD+NOV,8,eval,450,-91.4
TD+NOV,8,eval,475,-232.8
TD+NOV,8,eval,500,-85.2
TD+NOV,9,eval,25,-270.0
TD+NOV,9,eval,50,-108.4
TD+NOV,9,eval,75,-424.6
TD+NOV,9,eval,100,-196.8
TD+NOV,9,eval,125,-444.6
TD+NOV,9,eval,150,-272.8
TD+NOV,9,eval,175,-143.4
TD+NOV,9,eval,200,-102.4
TD+NOV,9,eval,225,-94.4
TD+NOV,9,eval,250,-94.2
TD+NOV,9,eval,275,-101.8
TD+NOV,9,eval,300,-105.0
TD+NOV,9,eval,325,-100.4
TD+NOV,9,eval,350,-103.4
TD+NOV,9,eval,375,-78.4
TD+NOV,9,eval,400,-88.8
TD+NOV,9,eval,425,-88.6
TD+NOV,9,eval,450,-93.4
TD+NOV,9,eval,475,-92.2
TD+NOV,9,eval,500,-89.8
TD+UNC,0,train,1,-500.0
TD+UNC,0,train,2,-500.0
TD+UNC,0,train,3,-500.0
TD+UNC,0,train,4,-500.0
TD+UNC,0,train,5,-500.0
TD+UNC,0,train,6,-500.0
TD+UNC,0,train,7,-500.0
TD+UNC,0,train,8,-500.0
TD+UNC,0,train,9,-500.0
TD+UNC,0,train,10,-273.0
TD+UNC,0,train,11,-411.0
TD+UNC,0,train,12,-203.0
TD+UNC,0,train,13,-487.0
TD+UNC,0,train,14,-500.0
TD+UNC,0,train,15,-188.0
TD+UNC,0,train,16,-151.0
TD+UNC,0,train,17,-164.0
TD+UNC,0,train,18,-169.0
TD+UNC,0,train,19,-178.0
TD+UNC,0,train,20,-329.0
TD+UNC,0,train,21,-224.0
TD+UNC,0,train,22,-500.0
TD+UNC,0,train,23,-291.0
TD+UNC,0,train,24,-301.0
TD+UNC,0,train,25,-214.0
TD+UNC,0,train,26,-175.0
TD+UNC,0,train,27,-238.0
TD+UNC,0,train,28,-134.0
TD+UNC,0,train,29,-127.0
TD+UNC,0,train,30,-204.0
TD+UNC,0,train,31,-190.0
TD+UNC,0,train,32,-490.0
TD+UNC,0,train,33,-500.0
TD+UNC,0,train,34,-500.0
TD+UNC,0,train,35,-177.0
TD+UNC,0,train,36,-218.0
TD+UNC,0,train,37,-214.0
TD+UNC,0,train,38,-500.0
TD+UNC,0,train,39,-500.0
TD+UNC,0,train,40,-247.0
TD+UNC,0,train,41,-460.0
TD+UNC,0,train,42,-500.0
TD+UNC,0,train,43,-500.0
TD+UNC,0,train,44,-357.0
TD+UNC,0,train,45,-253.0
TD+UNC,0,train,46,-194.0
TD+UNC,0,train,47,-349.0
TD+UNC,0,train,48,-500.0
TD+UNC,0,train,49,-250.0
TD+UNC,0,train,50,-500.0
TD+UNC,0,train,51,-500.0
TD+UNC,0,train,52,-357.0
TD+UNC,0,train,53,-184.0
TD+UNC,0,train,54,-500.0
TD+UNC,0,train,55,-218.0
TD+UNC,0,train,56,-500.0
TD+UNC,0,train,57,-486.0
TD+UNC,0,train,58,-338.0
TD+UNC,0,train,59,-500.0
TD+UNC,0,train,60,-500.0
TD+UNC,0,train,61,-500.0
TD+UNC,0,train,62,-184.0
TD+UNC,0,train,63,-500.0
TD+UNC,0,train,64,-187.0
TD+UNC,0,train,65,-488.0
TD+UNC,0,train,66,-98.0
TD+UNC,0,train,67,-417.0
TD+UNC,0,train,68,-200.0
TD+UNC,0,train,69,-319.0
TD+UNC,0,train,70,-168.0
TD+UNC,0,train,71,-131.0
TD+UNC,0,train,72,-153.0
TD+UNC,0,train,73,-182.0
TD+UNC,0,train,74,-500.0
TD+UNC,0,train,75,-388.0
TD+UNC,0,train,76,-500.0
TD+UNC,0,train,77,-343.0
TD+UNC,0,train,78,-324.0
TD+UNC,0,train,79,-228.0
TD+UNC,0,train,80,-213.0
TD+UNC,0,train,81,-314.0
TD+UNC,0,train,82,-127.0
TD+UNC,0,train,83,-107.0
TD+UNC,0,train,84,-180.0
TD+UNC,0,train,85,-265.0
TD+UNC,0,train,86,-204.0
TD+UNC,0,train,87,-232.0
TD+UNC,0,train,88,-500.0
TD+UNC,0,train,89,-117.0
TD+UNC,0,train,90,-500.0
TD+UNC,0,train,91,-211.0
TD+UNC,0,train,92,-156.0
TD+UNC,0,train,93,-142.0
TD+UNC,0,train,94,-120.0
TD+UNC,0,train,95,-123.0
TD+UNC,0,train,96,-133.0
TD+UNC,0,train,97,-174.0
TD+UNC,0,train,98,-183.0
TD+UNC,0,train,99,-185.0
TD+UNC,0,train,100,-308.0
TD+UNC,0,train,101,-154.0
TD+UNC,0,train,102,-168.0
TD+UNC,0,train,103,-121.0
TD+UNC,0,train,104,-183.0
TD+UNC,0,train,105,-184.0
TD+UNC,0,train,106,-108.0
TD+UNC,0,train,107,-189.0
TD+UNC,0,train,108,-126.0
TD+UNC,0,train,109,-111.0
TD+UNC,0,train,110,-141.0
TD+UNC,0,train,111,-122.0
TD+UNC,0,train,112,-164.0
TD+UNC,0,train,113,-144.0
TD+UNC,0,train,114,-125.0
TD+UNC,0,train,115,-111.0
TD+UNC,0,train,116,-123.0
TD+UNC,0,train,117,-125.0
TD+UNC,0,train,118,-181.0
TD+UNC,0,train,119,-175.0
TD+UNC,0,train,120,-172.0
TD+UNC,0,train,121,-136.0
TD+UNC,0,train,122,-168.0
TD+UNC,0,train,123,-95.0
TD+UNC,0,train,124,-109.0
TD+UNC,0,train,125,-182.0
TD+UNC,0,train,126,-93.0
TD+UNC,0,train,127,-225.0
TD+UNC,0,train,128,-454.0
TD+UNC,0,train,129,-111.0
TD+UNC,0,train,130,-94.0
TD+UNC,0,train,131,-116.0
TD+UNC,0,train,132,-113.0
TD+UNC,0,train,133,-103.0
TD+UNC,0,train,134,-135.0
TD+UNC,0,train,135,-123.0
TD+UNC,0,train,136,-143.0
TD+UNC,0,train,137,-84.0
TD+UNC,0,train,138,-94.0
TD+UNC,0,train,139,-134.0
TD+UNC,0,train,140,-159.0
TD+UNC,0,train,141,-134.0
TD+UNC,0,train,142,-103.0
TD+UNC,0,train,143,-157.0
TD+UNC,0,train,144,-121.0
TD+UNC,0,train,145,-117.0
TD+UNC,0,train,146,-98.0
TD+UNC,0,train,147,-233.0
TD+UNC,0,train,148,-117.0
TD+UNC,0,train,149,-132.0
TD+UNC,0,train,150,-147.0
TD+UNC,0,train,151,-167.0
TD+UNC,0,train,152,-94.0
TD+UNC,0,train,153,-109.0
TD+UNC,0,train,154,-200.0
TD+UNC,0,train,155,-147.0
TD+UNC,0,train,156,-118.0
TD+UNC,0,train,157,-129.0
TD+UNC,0,train,158,-134.0
TD+UNC,0,train,159,-106.0
TD+UNC,0,train,160,-215.0
TD+UNC,0,train,161,-185.0
TD+UNC,0,train,162,-127.0
TD+UNC,0,train,163,-103.0
TD+UNC,0,train,164,-134.0
TD+UNC,0,train,165,-119.0
TD+UNC,0,train,166,-97.0
TD+UNC,0,train,167,-206.0
TD+UNC,0,train,168,-155.0
TD+UNC,0,train,169,-102.0
TD+UNC,0,train,170,-155.0
TD+UNC,0,train,171,-123.0
TD+UNC,0,train,172,-170.0
TD+UNC,0,train,173,-183.0
TD+UNC,0,train,174,-82.0
TD+UNC,0,train,175,-138.0
TD+UNC,0,train,176,-82.0
TD+UNC,0,train,177,-121.0
TD+UNC,0,train,178,-95.0
TD+UNC,0,train,179,-123.0
TD+UNC,0,train,180,-91.0
TD+UNC,0,train,181,-227.0
TD+UNC,0,train,182,-162.0
TD+UNC,0,train,183,-72.0
TD+UNC,0,train,184,-127.0
TD+UNC,0,train,185,-79.0
TD+UNC,0,train,186,-120.0
TD+UNC,0,train,187,-99.0
TD+UNC,0,train,188,-79.0
TD+UNC,0,train,189,-87.0
TD+UNC,0,train,190,-96.0
TD+UNC,0,train,191,-81.0
TD+UNC,0,train,192,-115.0
TD+UNC,0,train,193,-81.0
TD+UNC,0,train,194,-101.0
TD+UNC,0,train,195,-124.0
TD+UNC,0,train,196,-119.0
TD+UNC,0,train,197,-111.0
TD+UNC,0,train,198,-86.0
TD+UNC,0,train,199,-110.0
TD+UNC,0,train,200,-122.0
TD+UNC,0,train,201,-102.0
TD+UNC,0,train,202,-106.0
TD+UNC,0,train,203,-101.0
TD+UNC,0,train,204,-157.0
TD+UNC,0,train,205,-91.0
TD+UNC,0,train,206,-87.0
TD+UNC,0,train,207,-194.0
TD+UNC,0,train,208,-78.0
TD+UNC,0,train,209,-121.0
TD+UNC,0,train,210,-107.0
TD+UNC,0,train,211,-123.0
TD+UNC,0,train,212,-117.0
TD+UNC,0,train,213,-91.0
TD+UNC,0,train,214,-108.0
TD+UNC,0,train,215,-96.0
TD+UNC,0,train,216,-96.0
TD+UNC,0,train,217,-75.0
TD+UNC,0,train,218,-94.0
TD+UNC,0,train,219,-102.0
TD+UNC,0,train,220,-122.0
TD+UNC,0,train,221,-87.0
TD+UNC,0,train,222,-109.0
TD+UNC,0,train,223,-117.0
TD+UNC,0,train,224,-99.0
TD+UNC,0,train,225,-119.0
TD+UNC,0,train,226,-76.0
TD+UNC,0,train,227,-104.0
TD+UNC,0,train,228,-115.0
TD+UNC,0,train,229,-112.0
TD+UNC,0,train,230,-119.0
TD+UNC,0,train,231,-102.0
TD+UNC,0,train,232,-93.0
TD+UNC,0,train,233,-113.0
TD+UNC,0,train,234,-96.0
TD+UNC,0,train,235,-109.0
TD+UNC,0,train,236,-93.0
TD+UNC,0,train,237,-96.0
TD+UNC,0,train,238,-102.0
TD+UNC,0,train,239,-87.0
TD+UNC,0,train,240,-108.0
TD+UNC,0,train,241,-91.0
TD+UNC,0,train,242,-132.0
TD+UNC,0,train,243,-109.0
TD+UNC,0,train,244,-85.0
TD+UNC,0,train,245,-85.0
TD+UNC,0,train,246,-75.0
TD+UNC,0,train,247,-118.0
TD+UNC,0,train,248,-108.0
TD+UNC,0,train,249,-123.0
TD+UNC,0,train,250,-91.0
TD+UNC,0,train,251,-109.0
TD+UNC,0,train,252,-137.0
TD+UNC,0,train,253,-95.0
TD+UNC,0,train,254,-103.0
TD+UNC,0,train,255,-97.0
TD+UNC,0,train,256,-77.0
TD+UNC,0,train,257,-109.0
TD+UNC,0,train,258,-99.0
TD+UNC,0,train,259,-109.0
TD+UNC,0,train,260,-114.0
TD+UNC,0,train,261,-114.0
TD+UNC,0,train,262,-99.0
TD+UNC,0,train,263,-127.0
TD+UNC,0,train,264,-97.0
TD+UNC,0,train,265,-76.0
TD+UNC,0,train,266,-141.0
TD+UNC,0,train,267,-118.0
TD+UNC,0,train,268,-85.0
TD+UNC,0,train,269,-129.0
TD+UNC,0,train,270,-99.0
TD+UNC,0,train,271,-95.0
TD+UNC,0,train,272,-81.0
TD+UNC,0,train,273,-78.0
TD+UNC,0,train,274,-100.0
TD+UNC,0,train,275,-109.0
TD+UNC,0,train,276,-111.0
TD+UNC,0,train,277,-83.0
TD+UNC,0,train,278,-95.0
TD+UNC,0,train,279,-89.0
TD+UNC,0,train,280,-110.0
TD+UNC,0,train,281,-114.0
TD+UNC,0,train,282,-97.0
TD+UNC,0,train,283,-94.0
TD+UNC,0,train,284,-110.0
TD+UNC,0,train,285,-105.0
TD+UNC,0,train,286,-123.0
TD+UNC,0,train,287,-110.0
TD+UNC,0,train,288,-99.0
TD+UNC,0,train,289,-92.0
TD+UNC,0,train,290,-92.0
TD+UNC,0,train,291,-84.0
TD+UNC,0,train,292,-126.0
TD+UNC,0,train,293,-84.0
TD+UNC,0,train,294,-120.0
TD+UNC,0,train,295,-97.0
TD+UNC,0,train,296,-96.0
TD+UNC,0,train,297,-100.0
TD+UNC,0,train,298,-64.0
TD+UNC,0,train,299,-79.0
TD+UNC,0,train,300,-78.0
TD+UNC,0,train,301,-500.0
TD+UNC,0,train,302,-110.0
TD+UNC,0,train,303,-93.0
TD+UNC,0,train,304,-77.0
TD+UNC,0,train,305,-84.0
TD+UNC,0,train,306,-100.0
TD+UNC,0,train,307,-81.0
TD+UNC,0,train,308,-117.0
TD+UNC,0,train,309,-126.0
TD+UNC,0,train,310,-500.0
TD+UNC,0,train,311,-500.0
TD+UNC,0,train,312,-95.0
TD+UNC,0,train,313,-119.0
TD+UNC,0,train,314,-99.0
TD+UNC,0,train,315,-77.0
TD+UNC,0,train,316,-111.0
TD+UNC,0,train,317,-92.0
TD+UNC,0,train,318,-92.0
TD+UNC,0,train,319,-104.0
TD+UNC,0,train,320,-90.0
TD+UNC,0,train,321,-77.0
TD+UNC,0,train,322,-122.0
TD+UNC,0,train,323,-105.0
TD+UNC,0,train,324,-118.0
TD+UNC,0,train,325,-98.0
TD+UNC,0,train,326,-82.0
TD+UNC,0,train,327,-91.0
TD+UNC,0,train,328,-114.0
TD+UNC,0,train,329,-87.0
TD+UNC,0,train,330,-112.0
TD+UNC,0,train,331,-86.0
TD+UNC,0,train,332,-91.0
TD+UNC,0,train,333,-82.0
TD+UNC,0,train,334,-85.0
TD+UNC,0,train,335,-158.0
TD+UNC,0,train,336,-75.0
TD+UNC,0,train,337,-109.0
TD+UNC,0,train,338,-68.0
TD+UNC,0,train,339,-86.0
TD+UNC,0,train,340,-81.0
TD+UNC,0,train,341,-106.0
TD+UNC,0,train,342,-98.0
TD+UNC,0,train,343,-63.0
TD+UNC,0,train,344,-108.0
TD+UNC,0,train,345,-77.0
TD+UNC,0,train,346,-94.0
TD+UNC,0,train,347,-110.0
TD+UNC,0,train,348,-99.0
TD+UNC,0,train,349,-90.0
TD+UNC,0,train,350,-85.0
TD+UNC,0,train,351,-99.0
TD+UNC,0,train,352,-104.0
TD+UNC,0,train,353,-96.0
TD+UNC,0,train,354,-62.0
TD+UNC,0,train,355,-110.0
TD+UNC,0,train,356,-85.0
TD+UNC,0,train,357,-101.0
TD+UNC,0,train,358,-79.0
TD+UNC,0,train,359,-90.0
TD+UNC,0,train,360,-78.0
TD+UNC,0,train,361,-108.0
TD+UNC,0,train,362,-87.0
TD+UNC,0,train,363,-84.0
TD+UNC,0,train,364,-71.0
TD+UNC,0,train,365,-92.0
TD+UNC,0,train,366,-92.0
TD+UNC,0,train,367,-104.0
TD+UNC,0,train,368,-115.0
TD+UNC,0,train,369,-89.0
TD+UNC,0,train,370,-113.0
TD+UNC,0,train,371,-115.0
TD+UNC,0,train,372,-86.0
TD+UNC,0,train,373,-86.0
TD+UNC,0,train,374,-71.0
TD+UNC,0,train,375,-110.0
TD+UNC,0,train,376,-110.0
TD+UNC,0,train,377,-88.0
TD+UNC,0,train,378,-84.0
TD+UNC,0,train,379,-100.0
TD+UNC,0,train,380,-96.0
TD+UNC,0,train,381,-70.0
TD+UNC,0,train,382,-202.0
TD+UNC,0,train,383,-70.0
TD+UNC,0,train,384,-118.0
TD+UNC,0,train,385,-85.0
TD+UNC,0,train,386,-89.0
TD+UNC,0,train,387,-84.0
TD+UNC,0,train,388,-71.0
TD+UNC,0,train,389,-83.0
TD+UNC,0,train,390,-76.0
TD+UNC,0,train,391,-77.0
TD+UNC,0,train,392,-84.0
TD+UNC,0,train,393,-97.0
TD+UNC,0,train,394,-70.0
TD+UNC,0,train,395,-93.0
TD+UNC,0,train,396,-84.0
TD+UNC,0,train,397,-96.0
TD+UNC,0,train,398,-99.0
TD+UNC,0,train,399,-115.0
TD+UNC,0,train,400,-84.0
TD+UNC,0,train,401,-102.0
TD+UNC,0,train,402,-69.0
TD+UNC,0,train,403,-88.0
TD+UNC,0,train,404,-104.0
TD+UNC,0,train,405,-214.0
TD+UNC,0,train,406,-121.0
TD+UNC,0,train,407,-333.0
TD+UNC,0,train,408,-115.0
TD+UNC,0,train,409,-78.0
TD+UNC,0,train,410,-167.0
TD+UNC,0,train,411,-116.0
TD+UNC,0,train,412,-100.0
TD+UNC,0,train,413,-99.0
TD+UNC,0,train,414,-111.0
TD+UNC,0,train,415,-77.0
TD+UNC,0,train,416,-79.0
TD+UNC,0,train,417,-144.0
TD+UNC,0,train,418,-117.0
TD+UNC,0,train,419,-118.0
TD+UNC,0,train,420,-103.0
TD+UNC,0,train,421,-89.0
TD+UNC,0,train,422,-116.0
TD+UNC,0,train,423,-114.0
TD+UNC,0,train,424,-122.0
TD+UNC,0,train,425,-176.0
TD+UNC,0,train,426,-97.0
TD+UNC,0,train,427,-72.0
TD+UNC,0,train,428,-84.0
TD+UNC,0,train,429,-105.0
TD+UNC,0,train,430,-96.0
TD+UNC,0,train,431,-79.0
TD+UNC,0,train,432,-101.0
TD+UNC,0,train,433,-63.0
TD+UNC,0,train,434,-100.0
TD+UNC,0,train,435,-95.0
TD+UNC,0,train,436,-109.0
TD+UNC,0,train,437,-121.0
TD+UNC,0,train,438,-101.0
TD+UNC,0,train,439,-64.0
TD+UNC,0,train,440,-99.0
TD+UNC,0,train,441,-69.0
TD+UNC,0,train,442,-101.0
TD+UNC,0,train,443,-112.0
TD+UNC,0,train,444,-99.0
TD+UNC,0,train,445,-93.0
TD+UNC,0,train,446,-63.0
TD+UNC,0,train,447,-90.0
TD+UNC,0,train,448,-86.0
TD+UNC,0,train,449,-85.0
TD+UNC,0,train,450,-96.0
TD+UNC,0,train,451,-112.0
TD+UNC,0,train,452,-77.0
TD+UNC,0,train,453,-98.0
TD+UNC,0,train,454,-69.0
TD+UNC,0,train,455,-96.0
TD+UNC,0,train,456,-98.0
TD+UNC,0,train,457,-90.0
TD+UNC,0,train,458,-108.0
TD+UNC,0,train,459,-96.0
TD+UNC,0,train,460,-125.0
TD+UNC,0,train,461,-199.0
TD+UNC,0,train,462,-328.0
TD+UNC,0,train,463,-109.0
TD+UNC,0,train,464,-82.0
TD+UNC,0,train,465,-91.0
TD+UNC,0,train,466,-90.0
TD+UNC,0,train,467,-82.0
TD+UNC,0,train,468,-81.0
TD+UNC,0,train,469,-103.0
TD+UNC,0,train,470,-500.0
TD+UNC,0,train,471,-122.0
TD+UNC,0,train,472,-91.0
TD+UNC,0,train,473,-90.0
TD+UNC,0,train,474,-75.0
TD+UNC,0,train,475,-142.0
TD+UNC,0,train,476,-120.0
TD+UNC,0,train,477,-121.0
TD+UNC,0,train,478,-94.0
TD+UNC,0,train,479,-133.0
TD+UNC,0,train,480,-88.0
TD+UNC,0,train,481,-112.0
TD+UNC,0,train,482,-102.0
TD+UNC,0,train,483,-63.0
TD+UNC,0,train,484,-85.0
TD+UNC,0,train,485,-80.0
TD+UNC,0,train,486,-100.0
TD+UNC,0,train,487,-113.0
TD+UNC,0,train,488,-102.0
TD+UNC,0,train,489,-105.0
TD+UNC,0,train,490,-120.0
TD+UNC,0,train,491,-93.0
TD+UNC,0,train,492,-89.0
TD+UNC,0,train,493,-101.0
TD+UNC,0,train,494,-136.0
TD+UNC,0,train,495,-74.0
TD+UNC,0,train,496,-92.0
TD+UNC,0,train,497,-84.0
TD+UNC,0,train,498,-97.0
TD+UNC,0,train,499,-103.0
TD+UNC,0,train,500,-137.0
TD+UNC,1,train,1,-500.0
TD+UNC,1,train,2,-500.0
TD+UNC,1,train,3,-500.0
TD+UNC,1,train,4,-500.0
TD+UNC,1,train,5,-500.0
TD+UNC,1,train,6,-500.0
TD+UNC,1,train,7,-460.0
TD+UNC,1,train,8,-500.0
TD+UNC,1,train,9,-500.0
TD+UNC,1,train,10,-207.0
TD+UNC,1,train,11,-500.0
TD+UNC,1,train,12,-500.0
TD+UNC,1,train,13,-500.0
TD+UNC,1,train,14,-500.0
TD+UNC,1,train,15,-459.0
TD+UNC,1,train,16,-211.0
TD+UNC,1,train,17,-500.0
TD+UNC,1,train,18,-208.0
TD+UNC,1,train,19,-500.0
TD+UNC,1,train,20,-500.0
TD+UNC,1,train,21,-500.0
TD+UNC,1,train,22,-178.0
TD+UNC,1,train,23,-500.0
TD+UNC,1,train,24,-500.0
TD+UNC,1,train,25,-500.0
TD+UNC,1,train,26,-346.0
TD+UNC,1,train,27,-500.0
TD+UNC,1,train,28,-500.0
TD+UNC,1,train,29,-500.0
TD+UNC,1,train,30,-500.0
TD+UNC,1,train,31,-494.0
TD+UNC,1,train,32,-500.0
TD+UNC,1,train,33,-500.0
TD+UNC,1,train,34,-500.0
TD+UNC,1,train,35,-227.0
TD+UNC,1,train,36,-207.0
TD+UNC,1,train,37,-500.0
TD+UNC,1,train,38,-500.0
TD+UNC,1,train,39,-500.0
TD+UNC,1,train,40,-455.0
TD+UNC,1,train,41,-212.0
TD+UNC,1,train,42,-289.0
TD+UNC,1,train,43,-130.0
TD+UNC,1,train,44,-429.0
TD+UNC,1,train,45,-242.0
TD+UNC,1,train,46,-113.0
TD+UNC,1,train,47,-500.0
TD+UNC,1,train,48,-493.0
TD+UNC,1,train,49,-183.0
TD+UNC,1,train,50,-213.0
TD+UNC,1,train,51,-125.0
TD+UNC,1,train,52,-166.0
TD+UNC,1,train,53,-104.0
TD+UNC,1,train,54,-195.0
TD+UNC,1,train,55,-169.0
TD+UNC,1,train,56,-133.0
TD+UNC,1,train,57,-302.0
TD+UNC,1,train,58,-445.0
TD+UNC,1,train,59,-100.0
TD+UNC,1,train,60,-139.0
TD+UNC,1,train,61,-418.0
TD+UNC,1,train,62,-102.0
TD+UNC,1,train,63,-193.0
TD+UNC,1,train,64,-442.0
TD+UNC,1,train,65,-215.0
TD+UNC,1,train,66,-170.0
TD+UNC,1,train,67,-154.0
TD+UNC,1,train,68,-141.0
TD+UNC,1,train,69,-206.0
TD+UNC,1,train,70,-138.0
TD+UNC,1,train,71,-96.0
TD+UNC,1,train,72,-155.0
TD+UNC,1,train,73,-144.0
TD+UNC,1,train,74,-87.0
TD+UNC,1,train,75,-140.0
TD+UNC,1,train,76,-208.0
TD+UNC,1,train,77,-237.0
TD+UNC,1,train,78,-91.0
TD+UNC,1,train,79,-95.0
TD+UNC,1,train,80,-103.0
TD+UNC,1,train,81,-136.0
TD+UNC,1,train,82,-90.0
TD+UNC,1,train,83,-105.0
TD+UNC,1,train,84,-199.0
TD+UNC,1,train,85,-90.0
TD+UNC,1,train,86,-301.0
TD+UNC,1,train,87,-85.0
TD+UNC,1,train,88,-111.0
TD+UNC,1,train,89,-172.0
TD+UNC,1,train,90,-223.0
TD+UNC,1,train,91,-191.0
TD+UNC,1,train,92,-108.0
TD+UNC,1,train,93,-113.0
TD+UNC,1,train,94,-116.0
TD+UNC,1,train,95,-292.0
TD+UNC,1,train,96,-91.0
TD+UNC,1,train,97,-178.0
TD+UNC,1,train,98,-99.0
TD+UNC,1,train,99,-118.0
TD+UNC,1,train,100,-139.0
TD+UNC,1,train,101,-142.0
TD+UNC,1,train,102,-90.0
TD+UNC,1,train,103,-220.0
TD+UNC,1,train,104,-111.0
TD+UNC,1,train,105,-64.0
TD+UNC,1,train,106,-299.0
TD+UNC,1,train,107,-145.0
TD+UNC,1,train,108,-96.0
TD+UNC,1,train,109,-95.0
TD+UNC,1,train,110,-128.0
TD+UNC,1,train,111,-500.0
TD+UNC,1,train,112,-120.0
TD+UNC,1,train,113,-86.0
TD+UNC,1,train,114,-91.0
TD+UNC,1,train,115,-118.0
TD+UNC,1,train,116,-150.0
TD+UNC,1,train,117,-118.0
TD+UNC,1,train,118,-73.0
TD+UNC,1,train,119,-101.0
TD+UNC,1,train,120,-166.0
TD+UNC,1,train,121,-93.0
TD+UNC,1,train,122,-138.0
TD+UNC,1,train,123,-186.0
TD+UNC,1,train,124,-134.0
TD+UNC,1,train,125,-224.0
TD+UNC,1,train,126,-126.0
TD+UNC,1,train,127,-103.0
TD+UNC,1,train,128,-216.0
TD+UNC,1,train,129,-79.0
TD+UNC,1,train,130,-356.0
TD+UNC,1,train,131,-135.0
TD+UNC,1,train,132,-108.0
TD+UNC,1,train,133,-145.0
TD+UNC,1,train,134,-182.0
TD+UNC,1,train,135,-121.0
TD+UNC,1,train,136,-96.0
TD+UNC,1,train,137,-137.0
TD+UNC,1,train,138,-114.0
TD+UNC,1,train,139,-115.0
TD+UNC,1,train,140,-336.0
TD+UNC,1,train,141,-151.0
TD+UNC,1,train,142,-176.0
TD+UNC,1,train,143,-132.0
TD+UNC,1,train,144,-179.0
TD+UNC,1,train,145,-104.0
TD+UNC,1,train,146,-137.0
TD+UNC,1,train,147,-102.0
TD+UNC,1,train,148,-119.0
TD+UNC,1,train,149,-233.0
TD+UNC,1,train,150,-96.0
TD+UNC,1,train,151,-142.0
TD+UNC,1,train,152,-112.0
TD+UNC,1,train,153,-105.0
TD+UNC,1,train,154,-95.0
TD+UNC,1,train,155,-100.0
TD+UNC,1,train,156,-123.0
TD+UNC,1,train,157,-87.0
TD+UNC,1,train,158,-121.0
TD+UNC,1,train,159,-78.0
TD+UNC,1,train,160,-119.0
TD+UNC,1,train,161,-93.0
TD+UNC,1,train,162,-93.0
TD+UNC,1,train,163,-88.0
TD+UNC,1,train,164,-113.0
TD+UNC,1,train,165,-149.0
TD+UNC,1,train,166,-102.0
TD+UNC,1,train,167,-124.0
TD+UNC,1,train,168,-157.0
TD+UNC,1,train,169,-144.0
TD+UNC,1,train,170,-92.0
TD+UNC,1,train,171,-100.0
TD+UNC,1,train,172,-148.0
TD+UNC,1,train,173,-176.0
TD+UNC,1,train,174,-119.0
TD+UNC,1,train,175,-142.0
TD+UNC,1,train,176,-102.0
TD+UNC,1,train,177,-183.0
TD+UNC,1,train,178,-96.0
TD+UNC,1,train,179,-132.0
TD+UNC,1,train,180,-218.0
TD+UNC,1,train,181,-106.0
TD+UNC,1,train,182,-94.0
TD+UNC,1,train,183,-141.0
TD+UNC,1,train,184,-126.0
TD+UNC,1,train,185,-113.0
TD+UNC,1,train,186,-109.0
TD+UNC,1,train,187,-164.0
TD+UNC,1,train,188,-88.0
TD+UNC,1,train,189,-118.0
TD+UNC,1,train,190,-123.0
TD+UNC,1,train,191,-77.0
TD+UNC,1,train,192,-203.0
TD+UNC,1,train,193,-194.0
TD+UNC,1,train,194,-111.0
TD+UNC,1,train,195,-78.0
TD+UNC,1,train,196,-83.0
TD+UNC,1,train,197,-105.0
TD+UNC,1,train,198,-79.0
TD+UNC,1,train,199,-155.0
TD+UNC,1,train,200,-82.0
TD+UNC,1,train,201,-145.0
TD+UNC,1,train,202,-115.0
TD+UNC,1,train,203,-128.0
TD+UNC,1,train,204,-105.0
TD+UNC,1,train,205,-142.0
TD+UNC,1,train,206,-135.0
TD+UNC,1,train,207,-145.0
TD+UNC,1,train,208,-121.0
TD+UNC,1,train,209,-87.0
TD+UNC,1,train,210,-93.0
TD+UNC,1,train,211,-103.0
TD+UNC,1,train,212,-92.0
TD+UNC,1,train,213,-103.0
TD+UNC,1,train,214,-113.0
TD+UNC,1,train,215,-98.0
TD+UNC,1,train,216,-73.0
TD+UNC,1,train,217,-98.0
TD+UNC,1,train,218,-139.0
TD+UNC,1,train,219,-122.0
TD+UNC,1,train,220,-96.0
TD+UNC,1,train,221,-91.0
TD+UNC,1,train,222,-102.0
TD+UNC,1,train,223,-86.0
TD+UNC,1,train,224,-137.0
TD+UNC,1,train,225,-81.0
TD+UNC,1,train,226,-166.0
TD+UNC,1,train,227,-119.0
TD+UNC,1,train,228,-80.0
TD+UNC,1,train,229,-110.0
TD+UNC,1,train,230,-136.0
TD+UNC,1,train,231,-104.0
TD+UNC,1,train,232,-80.0
TD+UNC,1,train,233,-126.0
TD+UNC,1,train,234,-123.0
TD+UNC,1,train,235,-157.0
TD+UNC,1,train,236,-94.0
TD+UNC,1,train,237,-162.0
TD+UNC,1,train,238,-91.0
TD+UNC,1,train,239,-90.0
TD+UNC,1,train,240,-104.0
TD+UNC,1,train,241,-127.0
TD+UNC,1,train,242,-99.0
TD+UNC,1,train,243,-75.0
TD+UNC,1,train,244,-155.0
TD+UNC,1,train,245,-87.0
TD+UNC,1,train,246,-105.0
TD+UNC,1,train,247,-230.0
TD+UNC,1,train,248,-91.0
TD+UNC,1,train,249,-96.0
TD+UNC,1,train,250,-87.0
TD+UNC,1,train,251,-128.0
TD+UNC,1,train,252,-89.0
TD+UNC,1,train,253,-96.0
TD+UNC,1,train,254,-106.0
TD+UNC,1,train,255,-91.0
TD+UNC,1,train,256,-131.0
TD+UNC,1,train,257,-102.0
TD+UNC,1,train,258,-101.0
TD+UNC,1,train,259,-96.0
TD+UNC,1,train,260,-111.0
TD+UNC,1,train,261,-91.0
TD+UNC,1,train,262,-94.0
TD+UNC,1,train,263,-94.0
TD+UNC,1,train,264,-79.0
TD+UNC,1,train,265,-106.0
TD+UNC,1,train,266,-125.0
TD+UNC,1,train,267,-102.0
TD+UNC,1,train,268,-81.0
TD+UNC,1,train,269,-181.0
TD+UNC,1,train,270,-126.0
TD+UNC,1,train,271,-113.0
TD+UNC,1,train,272,-97.0
TD+UNC,1,train,273,-350.0
TD+UNC,1,train,274,-103.0
TD+UNC,1,train,275,-166.0
TD+UNC,1,train,276,-96.0
TD+UNC,1,train,277,-93.0
TD+UNC,1,train,278,-103.0
TD+UNC,1,train,279,-79.0
TD+UNC,1,train,280,-155.0
TD+UNC,1,train,281,-126.0
TD+UNC,1,train,282,-107.0
TD+UNC,1,train,283,-79.0
TD+UNC,1,train,284,-88.0
TD+UNC,1,train,285,-165.0
TD+UNC,1,train,286,-81.0
TD+UNC,1,train,287,-93.0
TD+UNC,1,train,288,-87.0
TD+UNC,1,train,289,-127.0
TD+UNC,1,train,290,-101.0
TD+UNC,1,train,291,-102.0
TD+UNC,1,train,292,-78.0
TD+UNC,1,train,293,-98.0
TD+UNC,1,train,294,-103.0
TD+UNC,1,train,295,-140.0
TD+UNC,1,train,296,-109.0
TD+UNC,1,train,297,-122.0
TD+UNC,1,train,298,-92.0
TD+UNC,1,train,299,-95.0
TD+UNC,1,train,300,-116.0
TD+UNC,1,train,301,-96.0
TD+UNC,1,train,302,-158.0
TD+UNC,1,train,303,-143.0
TD+UNC,1,train,304,-132.0
TD+UNC,1,train,305,-92.0
TD+UNC,1,train,306,-77.0
TD+UNC,1,train,307,-106.0
TD+UNC,1,train,308,-115.0
TD+UNC,1,train,309,-87.0
TD+UNC,1,train,310,-121.0
TD+UNC,1,train,311,-103.0
TD+UNC,1,train,312,-85.0
TD+UNC,1,train,313,-109.0
TD+UNC,1,train,314,-140.0
TD+UNC,1,train,315,-92.0
TD+UNC,1,train,316,-75.0
TD+UNC,1,train,317,-105.0
TD+UNC,1,train,318,-111.0
TD+UNC,1,train,319,-105.0
TD+UNC,1,train,320,-104.0
TD+UNC,1,train,321,-128.0
TD+UNC,1,train,322,-78.0
TD+UNC,1,train,323,-161.0
TD+UNC,1,train,324,-94.0
TD+UNC,1,train,325,-125.0
TD+UNC,1,train,326,-180.0
TD+UNC,1,train,327,-71.0
TD+UNC,1,train,328,-500.0
TD+UNC,1,train,329,-78.0
TD+UNC,1,train,330,-90.0
TD+UNC,1,train,331,-87.0
TD+UNC,1,train,332,-104.0
TD+UNC,1,train,333,-112.0
TD+UNC,1,train,334,-84.0
TD+UNC,1,train,335,-74.0
TD+UNC,1,train,336,-99.0
TD+UNC,1,train,337,-94.0
TD+UNC,1,train,338,-98.0
TD+UNC,1,train,339,-63.0
TD+UNC,1,train,340,-89.0
TD+UNC,1,train,341,-95.0
TD+UNC,1,train,342,-125.0
TD+UNC,1,train,343,-87.0
TD+UNC,1,train,344,-64.0
TD+UNC,1,train,345,-83.0
TD+UNC,1,train,346,-80.0
TD+UNC,1,train,347,-104.0
TD+UNC,1,train,348,-102.0
TD+UNC,1,train,349,-133.0
TD+UNC,1,train,350,-259.0
TD+UNC,1,train,351,-108.0
TD+UNC,1,train,352,-94.0
TD+UNC,1,train,353,-155.0
TD+UNC,1,train,354,-89.0
TD+UNC,1,train,355,-92.0
TD+UNC,1,train,356,-94.0
TD+UNC,1,train,357,-99.0
TD+UNC,1,train,358,-95.0
TD+UNC,1,train,359,-98.0
TD+UNC,1,train,360,-112.0
TD+UNC,1,train,361,-78.0
TD+UNC,1,train,362,-86.0
TD+UNC,1,train,363,-86.0
TD+UNC,1,train,364,-83.0
TD+UNC,1,train,365,-114.0
TD+UNC,1,train,366,-100.0
TD+UNC,1,train,367,-124.0
TD+UNC,1,train,368,-131.0
TD+UNC,1,train,369,-93.0
TD+UNC,1,train,370,-93.0
TD+UNC,1,train,371,-94.0
TD+UNC,1,train,372,-87.0
TD+UNC,1,train,373,-104.0
TD+UNC,1,train,374,-94.0
TD+UNC,1,train,375,-84.0
TD+UNC,1,train,376,-107.0
TD+UNC,1,train,377,-103.0
TD+UNC,1,train,378,-105.0
TD+UNC,1,train,379,-93.0
TD+UNC,1,train,380,-99.0
TD+UNC,1,train,381,-97.0
TD+UNC,1,train,382,-99.0
TD+UNC,1,train,383,-107.0
TD+UNC,1,train,384,-119.0
TD+UNC,1,train,385,-86.0
TD+UNC,1,train,386,-77.0
TD+UNC,1,train,387,-82.0
TD+UNC,1,train,388,-165.0
TD+UNC,1,train,389,-94.0
TD+UNC,1,train,390,-83.0
TD+UNC,1,train,391,-79.0
TD+UNC,1,train,392,-112.0
TD+UNC,1,train,393,-134.0
TD+UNC,1,train,394,-93.0
TD+UNC,1,train,395,-97.0
TD+UNC,1,train,396,-75.0
TD+UNC,1,train,397,-63.0
TD+UNC,1,train,398,-98.0
TD+UNC,1,train,399,-500.0
TD+UNC,1,train,400,-149.0
TD+UNC,1,train,401,-265.0
TD+UNC,1,train,402,-113.0
TD+UNC,1,train,403,-96.0
TD+UNC,1,train,404,-77.0
TD+UNC,1,train,405,-106.0
TD+UNC,1,train,406,-121.0
TD+UNC,1,train,407,-82.0
TD+UNC,1,train,408,-71.0
TD+UNC,1,train,409,-500.0
TD+UNC,1,train,410,-90.0
TD+UNC,1,train,411,-94.0
TD+UNC,1,train,412,-95.0
TD+UNC,1,train,413,-106.0
TD+UNC,1,train,414,-79.0
TD+UNC,1,train,415,-92.0
TD+UNC,1,train,416,-90.0
TD+UNC,1,train,417,-88.0
TD+UNC,1,train,418,-63.0
TD+UNC,1,train,419,-93.0
TD+UNC,1,train,420,-104.0
TD+UNC,1,train,421,-117.0
TD+UNC,1,train,422,-102.0
TD+UNC,1,train,423,-81.0
TD+UNC,1,train,424,-189.0
TD+UNC,1,train,425,-63.0
TD+UNC,1,train,426,-71.0
TD+UNC,1,train,427,-107.0
TD+UNC,1,train,428,-78.0
TD+UNC,1,train,429,-78.0
TD+UNC,1,train,430,-96.0
TD+UNC,1,train,431,-92.0
TD+UNC,1,train,432,-93.0
TD+UNC,1,train,433,-92.0
TD+UNC,1,train,434,-95.0
TD+UNC,1,train,435,-84.0
TD+UNC,1,train,436,-89.0
TD+UNC,1,train,437,-82.0
TD+UNC,1,train,438,-101.0
TD+UNC,1,train,439,-123.0
TD+UNC,1,train,440,-90.0
TD+UNC,1,train,441,-92.0
TD+UNC,1,train,442,-85.0
TD+UNC,1,train,443,-111.0
TD+UNC,1,train,444,-85.0
TD+UNC,1,train,445,-73.0
TD+UNC,1,train,446,-95.0
TD+UNC,1,train,447,-86.0
TD+UNC,1,train,448,-104.0
TD+UNC,1,train,449,-86.0
TD+UNC,1,train,450,-98.0
TD+UNC,1,train,451,-112.0
TD+UNC,1,train,452,-125.0
TD+UNC,1,train,453,-136.0
TD+UNC,1,train,454,-104.0
TD+UNC,1,train,455,-123.0
TD+UNC,1,train,456,-96.0
TD+UNC,1,train,457,-74.0
TD+UNC,1,train,458,-116.0
TD+UNC,1,train,459,-139.0
TD+UNC,1,train,460,-99.0
TD+UNC,1,train,461,-90.0
TD+UNC,1,train,462,-99.0
TD+UNC,1,train,463,-138.0
TD+UNC,1,train,464,-80.0
TD+UNC,1,train,465,-84.0
TD+UNC,1,train,466,-83.0
TD+UNC,1,train,467,-71.0
TD+UNC,1,train,468,-102.0
TD+UNC,1,train,469,-78.0
TD+UNC,1,train,470,-104.0
TD+UNC,1,train,471,-158.0
TD+UNC,1,train,472,-85.0
TD+UNC,1,train,473,-88.0
TD+UNC,1,train,474,-79.0
TD+UNC,1,train,475,-70.0
TD+UNC,1,train,476,-86.0
TD+UNC,1,train,477,-183.0
TD+UNC,1,train,478,-154.0
TD+UNC,1,train,479,-85.0
TD+UNC,1,train,480,-137.0
TD+UNC,1,train,481,-84.0
TD+UNC,1,train,482,-148.0
TD+UNC,1,train,483,-116.0
TD+UNC,1,train,484,-112.0
TD+UNC,1,train,485,-103.0
TD+UNC,1,train,486,-145.0
TD+UNC,1,train,487,-96.0
TD+UNC,1,train,488,-96.0
TD+UNC,1,train,489,-106.0
TD+UNC,1,train,490,-81.0
TD+UNC,1,train,491,-113.0
TD+UNC,1,train,492,-112.0
TD+UNC,1,train,493,-98.0
TD+UNC,1,train,494,-93.0
TD+UNC,1,train,495,-62.0
TD+UNC,1,train,496,-128.0
TD+UNC,1,train,497,-83.0
TD+UNC,1,train,498,-107.0
TD+UNC,1,train,499,-83.0
TD+UNC,1,train,500,-80.0
TD+UNC,2,train,1,-500.0
TD+UNC,2,train,2,-500.0
TD+UNC,2,train,3,-500.0
TD+UNC,2,train,4,-500.0
TD+UNC,2,train,5,-500.0
TD+UNC,2,train,6,-500.0
TD+UNC,2,train,7,-500.0
TD+UNC,2,train,8,-500.0
TD+UNC,2,train,9,-500.0
TD+UNC,2,train,10,-282.0
TD+UNC,2,train,11,-471.0
TD+UNC,2,train,12,-339.0
TD+UNC,2,train,13,-242.0
TD+UNC,2,train,14,-247.0
TD+UNC,2,train,15,-500.0
TD+UNC,2,train,16,-219.0
TD+UNC,2,train,17,-393.0
TD+UNC,2,train,18,-167.0
TD+UNC,2,train,19,-200.0
TD+UNC,2,train,20,-328.0
TD+UNC,2,train,21,-122.0
TD+UNC,2,train,22,-116.0
TD+UNC,2,train,23,-113.0
TD+UNC,2,train,24,-180.0
TD+UNC,2,train,25,-233.0
TD+UNC,2,train,26,-174.0
TD+UNC,2,train,27,-227.0
TD+UNC,2,train,28,-423.0
TD+UNC,2,train,29,-234.0
TD+UNC,2,train,30,-160.0
TD+UNC,2,train,31,-131.0
TD+UNC,2,train,32,-500.0
TD+UNC,2,train,33,-229.0
TD+UNC,2,train,34,-189.0
TD+UNC,2,train,35,-212.0
TD+UNC,2,train,36,-500.0
TD+UNC,2,train,37,-251.0
TD+UNC,2,train,38,-500.0
TD+UNC,2,train,39,-500.0
TD+UNC,2,train,40,-500.0
TD+UNC,2,train,41,-500.0
TD+UNC,2,train,42,-489.0
TD+UNC,2,train,43,-360.0
TD+UNC,2,train,44,-500.0
TD+UNC,2,train,45,-500.0
TD+UNC,2,train,46,-402.0
TD+UNC,2,train,47,-460.0
TD+UNC,2,train,48,-473.0
TD+UNC,2,train,49,-500.0
TD+UNC,2,train,50,-500.0
TD+UNC,2,train,51,-500.0
TD+UNC,2,train,52,-500.0
TD+UNC,2,train,53,-500.0
TD+UNC,2,train,54,-322.0
TD+UNC,2,train,55,-441.0
TD+UNC,2,train,56,-381.0
TD+UNC,2,train,57,-271.0
TD+UNC,2,train,58,-287.0
TD+UNC,2,train,59,-230.0
TD+UNC,2,train,60,-111.0
TD+UNC,2,train,61,-115.0
TD+UNC,2,train,62,-193.0
TD+UNC,2,train,63,-288.0
TD+UNC,2,train,64,-171.0
TD+UNC,2,train,65,-186.0
TD+UNC,2,train,66,-434.0
TD+UNC,2,train,67,-146.0
TD+UNC,2,train,68,-149.0
TD+UNC,2,train,69,-198.0
TD+UNC,2,train,70,-113.0
TD+UNC,2,train,71,-140.0
TD+UNC,2,train,72,-124.0
TD+UNC,2,train,73,-136.0
TD+UNC,2,train,74,-203.0
TD+UNC,2,train,75,-105.0
TD+UNC,2,train,76,-134.0
TD+UNC,2,train,77,-157.0
TD+UNC,2,train,78,-177.0
TD+UNC,2,train,79,-135.0
TD+UNC,2,train,80,-126.0
TD+UNC,2,train,81,-116.0
TD+UNC,2,train,82,-117.0
TD+UNC,2,train,83,-107.0
TD+UNC,2,train,84,-125.0
TD+UNC,2,train,85,-113.0
TD+UNC,2,train,86,-95.0
TD+UNC,2,train,87,-138.0
TD+UNC,2,train,88,-236.0
TD+UNC,2,train,89,-226.0
TD+UNC,2,train,90,-89.0
TD+UNC,2,train,91,-155.0
TD+UNC,2,train,92,-173.0
TD+UNC,2,train,93,-162.0
TD+UNC,2,train,94,-111.0
TD+UNC,2,train,95,-167.0
TD+UNC,2,train,96,-120.0
TD+UNC,2,train,97,-72.0
TD+UNC,2,train,98,-108.0
TD+UNC,2,train,99,-113.0
TD+UNC,2,train,100,-136.0
TD+UNC,2,train,101,-120.0
TD+UNC,2,train,102,-114.0
TD+UNC,2,train,103,-126.0
TD+UNC,2,train,104,-120.0
TD+UNC,2,train,105,-169.0
TD+UNC,2,train,106,-127.0
TD+UNC,2,train,107,-129.0
TD+UNC,2,train,108,-126.0
TD+UNC,2,train,109,-141.0
TD+UNC,2,train,110,-155.0
TD+UNC,2,train,111,-162.0
TD+UNC,2,train,112,-235.0
TD+UNC,2,train,113,-147.0
TD+UNC,2,train,114,-116.0
TD+UNC,2,train,115,-158.0
TD+UNC,2,train,116,-234.0
TD+UNC,2,train,117,-121.0
TD+UNC,2,train,118,-138.0
TD+UNC,2,train,119,-152.0
TD+UNC,2,train,120,-80.0
TD+UNC,2,train,121,-171.0
TD+UNC,2,train,122,-135.0
TD+UNC,2,train,123,-500.0
TD+UNC,2,train,124,-140.0
TD+UNC,2,train,125,-117.0
TD+UNC,2,train,126,-125.0
TD+UNC,2,train,127,-108.0
TD+UNC,2,train,128,-85.0
TD+UNC,2,train,129,-146.0
TD+UNC,2,train,130,-156.0
TD+UNC,2,train,131,-113.0
TD+UNC,2,train,132,-193.0
TD+UNC,2,train,133,-109.0
TD+UNC,2,train,134,-219.0
TD+UNC,2,train,135,-114.0
TD+UNC,2,train,136,-115.0
TD+UNC,2,train,137,-121.0
TD+UNC,2,train,138,-250.0
TD+UNC,2,train,139,-152.0
TD+UNC,2,train,140,-137.0
TD+UNC,2,train,141,-142.0
TD+UNC,2,train,142,-192.0
TD+UNC,2,train,143,-162.0
TD+UNC,2,train,144,-125.0
TD+UNC,2,train,145,-156.0
TD+UNC,2,train,146,-146.0
TD+UNC,2,train,147,-175.0
TD+UNC,2,train,148,-113.0
TD+UNC,2,train,149,-148.0
TD+UNC,2,train,150,-142.0
TD+UNC,2,train,151,-103.0
TD+UNC,2,train,152,-111.0
TD+UNC,2,train,153,-99.0
TD+UNC,2,train,154,-117.0
TD+UNC,2,train,155,-253.0
TD+UNC,2,train,156,-174.0
TD+UNC,2,train,157,-113.0
TD+UNC,2,train,158,-188.0
TD+UNC,2,train,159,-129.0
TD+UNC,2,train,160,-104.0
TD+UNC,2,train,161,-121.0
TD+UNC,2,train,162,-71.0
TD+UNC,2,train,163,-85.0
TD+UNC,2,train,164,-93.0
TD+UNC,2,train,165,-124.0
TD+UNC,2,train,166,-174.0
TD+UNC,2,train,167,-133.0
TD+UNC,2,train,168,-100.0
TD+UNC,2,train,169,-100.0
TD+UNC,2,train,170,-179.0
TD+UNC,2,train,171,-86.0
TD+UNC,2,train,172,-132.0
TD+UNC,2,train,173,-108.0
TD+UNC,2,train,174,-85.0
TD+UNC,2,train,175,-121.0
TD+UNC,2,train,176,-102.0
TD+UNC,2,train,177,-129.0
TD+UNC,2,train,178,-139.0
TD+UNC,2,train,179,-108.0
TD+UNC,2,train,180,-142.0
TD+UNC,2,train,181,-188.0
TD+UNC,2,train,182,-128.0
TD+UNC,2,train,183,-500.0
TD+UNC,2,train,184,-86.0
TD+UNC,2,train,185,-87.0
TD+UNC,2,train,186,-72.0
TD+UNC,2,train,187,-133.0
TD+UNC,2,train,188,-71.0
TD+UNC,2,train,189,-84.0
TD+UNC,2,train,190,-83.0
TD+UNC,2,train,191,-164.0
TD+UNC,2,train,192,-500.0
TD+UNC,2,train,193,-132.0
TD+UNC,2,train,194,-86.0
TD+UNC,2,train,195,-85.0
TD+UNC,2,train,196,-241.0
TD+UNC,2,train,197,-99.0
TD+UNC,2,train,198,-94.0
TD+UNC,2,train,199,-89.0
TD+UNC,2,train,200,-148.0
TD+UNC,2,train,201,-96.0
TD+UNC,2,train,202,-100.0
TD+UNC,2,train,203,-89.0
TD+UNC,2,train,204,-103.0
TD+UNC,2,train,205,-114.0
TD+UNC,2,train,206,-84.0
TD+UNC,2,train,207,-90.0
TD+UNC,2,train,208,-68.0
TD+UNC,2,train,209,-88.0
TD+UNC,2,train,210,-106.0
TD+UNC,2,train,211,-91.0
TD+UNC,2,train,212,-128.0
TD+UNC,2,train,213,-112.0
TD+UNC,2,train,214,-110.0
TD+UNC,2,train,215,-86.0
TD+UNC,2,train,216,-80.0
TD+UNC,2,train,217,-89.0
TD+UNC,2,train,218,-114.0
TD+UNC,2,train,219,-85.0
TD+UNC,2,train,220,-84.0
TD+UNC,2,train,221,-160.0
TD+UNC,2,train,222,-112.0
TD+UNC,2,train,223,-78.0
TD+UNC,2,train,224,-98.0
TD+UNC,2,train,225,-84.0
TD+UNC,2,train,226,-128.0
TD+UNC,2,train,227,-71.0
TD+UNC,2,train,228,-131.0
TD+UNC,2,train,229,-132.0
TD+UNC,2,train,230,-95.0
TD+UNC,2,train,231,-137.0
TD+UNC,2,train,232,-105.0
TD+UNC,2,train,233,-110.0
TD+UNC,2,train,234,-100.0
TD+UNC,2,train,235,-142.0
TD+UNC,2,train,236,-88.0
TD+UNC,2,train,237,-87.0
TD+UNC,2,train,238,-136.0
TD+UNC,2,train,239,-128.0
TD+UNC,2,train,240,-212.0
TD+UNC,2,train,241,-92.0
TD+UNC,2,train,242,-128.0
TD+UNC,2,train,243,-87.0
TD+UNC,2,train,244,-101.0
TD+UNC,2,train,245,-131.0
TD+UNC,2,train,246,-111.0
TD+UNC,2,train,247,-96.0
TD+UNC,2,train,248,-92.0
TD+UNC,2,train,249,-95.0
TD+UNC,2,train,250,-71.0
TD+UNC,2,train,251,-230.0
TD+UNC,2,train,252,-98.0
TD+UNC,2,train,253,-86.0
TD+UNC,2,train,254,-91.0
TD+UNC,2,train,255,-102.0
TD+UNC,2,train,256,-122.0
TD+UNC,2,train,257,-131.0
TD+UNC,2,train,258,-102.0
TD+UNC,2,train,259,-133.0
TD+UNC,2,train,260,-107.0
TD+UNC,2,train,261,-84.0
TD+UNC,2,train,262,-92.0
TD+UNC,2,train,263,-114.0
TD+UNC,2,train,264,-500.0
TD+UNC,2,train,265,-108.0
TD+UNC,2,train,266,-86.0
TD+UNC,2,train,267,-126.0
TD+UNC,2,train,268,-112.0
TD+UNC,2,train,269,-96.0
TD+UNC,2,train,270,-95.0
TD+UNC,2,train,271,-102.0
TD+UNC,2,train,272,-103.0
TD+UNC,2,train,273,-87.0
TD+UNC,2,train,274,-115.0
TD+UNC,2,train,275,-69.0
TD+UNC,2,train,276,-84.0
TD+UNC,2,train,277,-65.0
TD+UNC,2,train,278,-81.0
TD+UNC,2,train,279,-97.0
TD+UNC,2,train,280,-100.0
TD+UNC,2,train,281,-74.0
TD+UNC,2,train,282,-101.0
TD+UNC,2,train,283,-91.0
TD+UNC,2,train,284,-101.0
TD+UNC,2,train,285,-108.0
TD+UNC,2,train,286,-107.0
TD+UNC,2,train,287,-96.0
TD+UNC,2,train,288,-85.0
TD+UNC,2,train,289,-118.0
TD+UNC,2,train,290,-118.0
TD+UNC,2,train,291,-77.0
TD+UNC,2,train,292,-127.0
TD+UNC,2,train,293,-153.0
TD+UNC,2,train,294,-84.0
TD+UNC,2,train,295,-93.0
TD+UNC,2,train,296,-100.0
TD+UNC,2,train,297,-96.0
TD+UNC,2,train,298,-111.0
TD+UNC,2,train,299,-105.0
TD+UNC,2,train,300,-76.0
TD+UNC,2,train,301,-112.0
TD+UNC,2,train,302,-91.0
TD+UNC,2,train,303,-73.0
TD+UNC,2,train,304,-64.0
TD+UNC,2,train,305,-117.0
TD+UNC,2,train,306,-84.0
TD+UNC,2,train,307,-80.0
TD+UNC,2,train,308,-150.0
TD+UNC,2,train,309,-87.0
TD+UNC,2,train,310,-95.0
TD+UNC,2,train,311,-107.0
TD+UNC,2,train,312,-110.0
TD+UNC,2,train,313,-83.0
TD+UNC,2,train,314,-122.0
TD+UNC,2,train,315,-65.0
TD+UNC,2,train,316,-96.0
TD+UNC,2,train,317,-80.0
TD+UNC,2,train,318,-98.0
TD+UNC,2,train,319,-112.0
TD+UNC,2,train,320,-105.0
TD+UNC,2,train,321,-71.0
TD+UNC,2,train,322,-96.0
TD+UNC,2,train,323,-118.0
TD+UNC,2,train,324,-71.0
TD+UNC,2,train,325,-93.0
TD+UNC,2,train,326,-102.0
TD+UNC,2,train,327,-78.0
TD+UNC,2,train,328,-69.0
TD+UNC,2,train,329,-91.0
TD+UNC,2,train,330,-83.0
TD+UNC,2,train,331,-103.0
TD+UNC,2,train,332,-92.0
TD+UNC,2,train,333,-253.0
TD+UNC,2,train,334,-169.0
TD+UNC,2,train,335,-80.0
TD+UNC,2,train,336,-83.0
TD+UNC,2,train,337,-97.0
TD+UNC,2,train,338,-156.0
TD+UNC,2,train,339,-75.0
TD+UNC,2,train,340,-199.0
TD+UNC,2,train,341,-103.0
TD+UNC,2,train,342,-85.0
TD+UNC,2,train,343,-98.0
TD+UNC,2,train,344,-113.0
TD+UNC,2,train,345,-62.0
TD+UNC,2,train,346,-81.0
TD+UNC,2,train,347,-95.0
TD+UNC,2,train,348,-97.0
TD+UNC,2,train,349,-88.0
TD+UNC,2,train,350,-85.0
TD+UNC,2,train,351,-72.0
TD+UNC,2,train,352,-88.0
TD+UNC,2,train,353,-79.0
TD+UNC,2,train,354,-117.0
TD+UNC,2,train,355,-84.0
TD+UNC,2,train,356,-101.0
TD+UNC,2,train,357,-121.0
TD+UNC,2,train,358,-101.0
TD+UNC,2,train,359,-82.0
TD+UNC,2,train,360,-91.0
TD+UNC,2,train,361,-90.0
TD+UNC,2,train,362,-84.0
TD+UNC,2,train,363,-267.0
TD+UNC,2,train,364,-66.0
TD+UNC,2,train,365,-104.0
TD+UNC,2,train,366,-81.0
TD+UNC,2,train,367,-233.0
TD+UNC,2,train,368,-103.0
TD+UNC,2,train,369,-117.0
TD+UNC,2,train,370,-64.0
TD+UNC,2,train,371,-84.0
TD+UNC,2,train,372,-216.0
TD+UNC,2,train,373,-71.0
TD+UNC,2,train,374,-119.0
TD+UNC,2,train,375,-108.0
TD+UNC,2,train,376,-99.0
TD+UNC,2,train,377,-84.0
TD+UNC,2,train,378,-105.0
TD+UNC,2,train,379,-72.0
TD+UNC,2,train,380,-110.0
TD+UNC,2,train,381,-92.0
TD+UNC,2,train,382,-77.0
TD+UNC,2,train,383,-93.0
TD+UNC,2,train,384,-155.0
TD+UNC,2,train,385,-83.0
TD+UNC,2,train,386,-119.0
TD+UNC,2,train,387,-102.0
TD+UNC,2,train,388,-89.0
TD+UNC,2,train,389,-92.0
TD+UNC,2,train,390,-104.0
TD+UNC,2,train,391,-102.0
TD+UNC,2,train,392,-97.0
TD+UNC,2,train,393,-124.0
TD+UNC,2,train,394,-71.0
TD+UNC,2,train,395,-94.0
TD+UNC,2,train,396,-84.0
TD+UNC,2,train,397,-90.0
TD+UNC,2,train,398,-81.0
TD+UNC,2,train,399,-84.0
TD+UNC,2,train,400,-72.0
TD+UNC,2,train,401,-92.0
TD+UNC,2,train,402,-500.0
TD+UNC,2,train,403,-79.0
TD+UNC,2,train,404,-83.0
TD+UNC,2,train,405,-81.0
TD+UNC,2,train,406,-96.0
TD+UNC,2,train,407,-70.0
TD+UNC,2,train,408,-100.0
TD+UNC,2,train,409,-93.0
TD+UNC,2,train,410,-115.0
TD+UNC,2,train,411,-72.0
TD+UNC,2,train,412,-107.0
TD+UNC,2,train,413,-95.0
TD+UNC,2,train,414,-89.0
TD+UNC,2,train,415,-151.0
TD+UNC,2,train,416,-64.0
TD+UNC,2,train,417,-89.0
TD+UNC,2,train,418,-110.0
TD+UNC,2,train,419,-86.0
TD+UNC,2,train,420,-63.0
TD+UNC,2,train,421,-71.0
TD+UNC,2,train,422,-81.0
TD+UNC,2,train,423,-78.0
TD+UNC,2,train,424,-500.0
TD+UNC,2,train,425,-81.0
TD+UNC,2,train,426,-78.0
TD+UNC,2,train,427,-101.0
TD+UNC,2,train,428,-116.0
TD+UNC,2,train,429,-86.0
TD+UNC,2,train,430,-94.0
TD+UNC,2,train,431,-76.0
TD+UNC,2,train,432,-73.0
TD+UNC,2,train,433,-88.0
TD+UNC,2,train,434,-111.0
TD+UNC,2,train,435,-76.0
TD+UNC,2,train,436,-72.0
TD+UNC,2,train,437,-73.0
TD+UNC,2,train,438,-95.0
TD+UNC,2,train,439,-89.0
TD+UNC,2,train,440,-63.0
TD+UNC,2,train,441,-84.0
TD+UNC,2,train,442,-86.0
TD+UNC,2,train,443,-74.0
TD+UNC,2,train,444,-156.0
TD+UNC,2,train,445,-90.0
TD+UNC,2,train,446,-89.0
TD+UNC,2,train,447,-106.0
TD+UNC,2,train,448,-84.0
TD+UNC,2,train,449,-87.0
TD+UNC,2,train,450,-78.0
TD+UNC,2,train,451,-83.0
TD+UNC,2,train,452,-91.0
TD+UNC,2,train,453,-75.0
TD+UNC,2,train,454,-74.0
TD+UNC,2,train,455,-79.0
TD+UNC,2,train,456,-85.0
TD+UNC,2,train,457,-81.0
TD+UNC,2,train,458,-137.0
TD+UNC,2,train,459,-78.0
TD+UNC,2,train,460,-88.0
TD+UNC,2,train,461,-63.0
TD+UNC,2,train,462,-64.0
TD+UNC,2,train,463,-93.0
TD+UNC,2,train,464,-96.0
TD+UNC,2,train,465,-81.0
TD+UNC,2,train,466,-209.0
TD+UNC,2,train,467,-86.0
TD+UNC,2,train,468,-96.0
TD+UNC,2,train,469,-94.0
TD+UNC,2,train,470,-101.0
TD+UNC,2,train,471,-119.0
TD+UNC,2,train,472,-98.0
TD+UNC,2,train,473,-64.0
TD+UNC,2,train,474,-79.0
TD+UNC,2,train,475,-100.0
TD+UNC,2,train,476,-116.0
TD+UNC,2,train,477,-74.0
TD+UNC,2,train,478,-102.0
TD+UNC,2,train,479,-119.0
TD+UNC,2,train,480,-111.0
TD+UNC,2,train,481,-76.0
TD+UNC,2,train,482,-85.0
TD+UNC,2,train,483,-72.0
TD+UNC,2,train,484,-82.0
TD+UNC,2,train,485,-94.0
TD+UNC,2,train,486,-83.0
TD+UNC,2,train,487,-96.0
TD+UNC,2,train,488,-76.0
TD+UNC,2,train,489,-114.0
TD+UNC,2,train,490,-78.0
TD+UNC,2,train,491,-79.0
TD+UNC,2,train,492,-86.0
TD+UNC,2,train,493,-85.0
TD+UNC,2,train,494,-121.0
TD+UNC,2,train,495,-94.0
TD+UNC,2,train,496,-103.0
TD+UNC,2,train,497,-63.0
TD+UNC,2,train,498,-69.0
TD+UNC,2,train,499,-68.0
TD+UNC,2,train,500,-77.0
TD+UNC,3,train,1,-387.0
TD+UNC,3,train,2,-343.0
TD+UNC,3,train,3,-316.0
TD+UNC,3,train,4,-375.0
TD+UNC,3,train,5,-231.0
TD+UNC,3,train,6,-119.0
TD+UNC,3,train,7,-183.0
TD+UNC,3,train,8,-206.0
TD+UNC,3,train,9,-108.0
TD+UNC,3,train,10,-96.0
TD+UNC,3,train,11,-89.0
TD+UNC,3,train,12,-186.0
TD+UNC,3,train,13,-289.0
TD+UNC,3,train,14,-164.0
TD+UNC,3,train,15,-204.0
TD+UNC,3,train,16,-195.0
TD+UNC,3,train,17,-129.0
TD+UNC,3,train,18,-185.0
TD+UNC,3,train,19,-174.0
TD+UNC,3,train,20,-141.0
TD+UNC,3,train,21,-233.0
TD+UNC,3,train,22,-206.0
TD+UNC,3,train,23,-131.0
TD+UNC,3,train,24,-290.0
TD+UNC,3,train,25,-288.0
TD+UNC,3,train,26,-273.0
TD+UNC,3,train,27,-198.0
TD+UNC,3,train,28,-123.0
TD+UNC,3,train,29,-167.0
TD+UNC,3,train,30,-125.0
TD+UNC,3,train,31,-194.0
TD+UNC,3,train,32,-190.0
TD+UNC,3,train,33,-378.0
TD+UNC,3,train,34,-130.0
TD+UNC,3,train,35,-130.0
TD+UNC,3,train,36,-128.0
TD+UNC,3,train,37,-209.0
TD+UNC,3,train,38,-134.0
TD+UNC,3,train,39,-453.0
TD+UNC,3,train,40,-197.0
TD+UNC,3,train,41,-107.0
TD+UNC,3,train,42,-136.0
TD+UNC,3,train,43,-137.0
TD+UNC,3,train,44,-148.0
TD+UNC,3,train,45,-303.0
TD+UNC,3,train,46,-190.0
TD+UNC,3,train,47,-204.0
TD+UNC,3,train,48,-269.0
TD+UNC,3,train,49,-163.0
TD+UNC,3,train,50,-246.0
TD+UNC,3,train,51,-103.0
TD+UNC,3,train,52,-228.0
TD+UNC,3,train,53,-157.0
TD+UNC,3,train,54,-146.0
TD+UNC,3,train,55,-282.0
TD+UNC,3,train,56,-206.0
TD+UNC,3,train,57,-179.0
TD+UNC,3,train,58,-314.0
TD+UNC,3,train,59,-130.0
TD+UNC,3,train,60,-167.0
TD+UNC,3,train,61,-148.0
TD+UNC,3,train,62,-191.0
TD+UNC,3,train,63,-216.0
TD+UNC,3,train,64,-111.0
TD+UNC,3,train,65,-128.0
TD+UNC,3,train,66,-126.0
TD+UNC,3,train,67,-102.0
TD+UNC,3,train,68,-104.0
TD+UNC,3,train,69,-136.0
TD+UNC,3,train,70,-142.0
TD+UNC,3,train,71,-127.0
TD+UNC,3,train,72,-126.0
TD+UNC,3,train,73,-109.0
TD+UNC,3,train,74,-143.0
TD+UNC,3,train,75,-124.0
TD+UNC,3,train,76,-239.0
TD+UNC,3,train,77,-108.0
TD+UNC,3,train,78,-197.0
TD+UNC,3,train,79,-121.0
TD+UNC,3,train,80,-207.0
TD+UNC,3,train,81,-148.0
TD+UNC,3,train,82,-80.0
TD+UNC,3,train,83,-100.0
TD+UNC,3,train,84,-119.0
TD+UNC,3,train,85,-218.0
TD+UNC,3,train,86,-167.0
TD+UNC,3,train,87,-108.0
TD+UNC,3,train,88,-136.0
TD+UNC,3,train,89,-162.0
TD+UNC,3,train,90,-85.0
TD+UNC,3,train,91,-228.0
TD+UNC,3,train,92,-123.0
TD+UNC,3,train,93,-141.0
TD+UNC,3,train,94,-149.0
TD+UNC,3,train,95,-150.0
TD+UNC,3,train,96,-132.0
TD+UNC,3,train,97,-161.0
TD+UNC,3,train,98,-120.0
TD+UNC,3,train,99,-103.0
TD+UNC,3,train,100,-145.0
TD+UNC,3,train,101,-146.0
TD+UNC,3,train,102,-122.0
TD+UNC,3,train,103,-92.0
TD+UNC,3,train,104,-160.0
TD+UNC,3,train,105,-116.0
TD+UNC,3,train,106,-96.0
TD+UNC,3,train,107,-117.0
TD+UNC,3,train,108,-91.0
TD+UNC,3,train,109,-76.0
TD+UNC,3,train,110,-95.0
TD+UNC,3,train,111,-184.0
TD+UNC,3,train,112,-191.0
TD+UNC,3,train,113,-99.0
TD+UNC,3,train,114,-129.0
TD+UNC,3,train,115,-98.0
TD+UNC,3,train,116,-154.0
TD+UNC,3,train,117,-136.0
TD+UNC,3,train,118,-108.0
TD+UNC,3,train,119,-157.0
TD+UNC,3,train,120,-436.0
TD+UNC,3,train,121,-111.0
TD+UNC,3,train,122,-205.0
TD+UNC,3,train,123,-140.0
TD+UNC,3,train,124,-202.0
TD+UNC,3,train,125,-99.0
TD+UNC,3,train,126,-100.0
TD+UNC,3,train,127,-116.0
TD+UNC,3,train,128,-95.0
TD+UNC,3,train,129,-110.0
TD+UNC,3,train,130,-92.0
TD+UNC,3,train,131,-121.0
TD+UNC,3,train,132,-108.0
TD+UNC,3,train,133,-108.0
TD+UNC,3,train,134,-75.0
TD+UNC,3,train,135,-84.0
TD+UNC,3,train,136,-83.0
TD+UNC,3,train,137,-141.0
TD+UNC,3,train,138,-96.0
TD+UNC,3,train,139,-184.0
TD+UNC,3,train,140,-102.0
TD+UNC,3,train,141,-91.0
TD+UNC,3,train,142,-107.0
TD+UNC,3,train,143,-96.0
TD+UNC,3,train,144,-117.0
TD+UNC,3,train,145,-96.0
TD+UNC,3,train,146,-106.0
TD+UNC,3,train,147,-169.0
TD+UNC,3,train,148,-102.0
TD+UNC,3,train,149,-287.0
TD+UNC,3,train,150,-100.0
TD+UNC,3,train,151,-101.0
TD+UNC,3,train,152,-75.0
TD+UNC,3,train,153,-72.0
TD+UNC,3,train,154,-94.0
TD+UNC,3,train,155,-98.0
TD+UNC,3,train,156,-102.0
TD+UNC,3,train,157,-106.0
TD+UNC,3,train,158,-82.0
TD+UNC,3,train,159,-89.0
TD+UNC,3,train,160,-85.0
TD+UNC,3,train,161,-129.0
TD+UNC,3,train,162,-84.0
TD+UNC,3,train,163,-86.0
TD+UNC,3,train,164,-120.0
TD+UNC,3,train,165,-188.0
TD+UNC,3,train,166,-91.0
TD+UNC,3,train,167,-105.0
TD+UNC,3,train,168,-85.0
TD+UNC,3,train,169,-95.0
TD+UNC,3,train,170,-62.0
TD+UNC,3,train,171,-115.0
TD+UNC,3,train,172,-125.0
TD+UNC,3,train,173,-116.0
TD+UNC,3,train,174,-93.0
TD+UNC,3,train,175,-85.0
TD+UNC,3,train,176,-75.0
TD+UNC,3,train,177,-116.0
TD+UNC,3,train,178,-127.0
TD+UNC,3,train,179,-107.0
TD+UNC,3,train,180,-82.0
TD+UNC,3,train,181,-72.0
TD+UNC,3,train,182,-137.0
TD+UNC,3,train,183,-108.0
TD+UNC,3,train,184,-105.0
TD+UNC,3,train,185,-178.0
TD+UNC,3,train,186,-82.0
TD+UNC,3,train,187,-83.0
TD+UNC,3,train,188,-166.0
TD+UNC,3,train,189,-116.0
TD+UNC,3,train,190,-148.0
TD+UNC,3,train,191,-108.0
TD+UNC,3,train,192,-85.0
TD+UNC,3,train,193,-97.0
TD+UNC,3,train,194,-105.0
TD+UNC,3,train,195,-103.0
TD+UNC,3,train,196,-98.0
TD+UNC,3,train,197,-94.0
TD+UNC,3,train,198,-105.0
TD+UNC,3,train,199,-124.0
TD+UNC,3,train,200,-70.0
TD+UNC,3,train,201,-76.0
TD+UNC,3,train,202,-80.0
TD+UNC,3,train,203,-156.0
TD+UNC,3,train,204,-91.0
TD+UNC,3,train,205,-123.0
TD+UNC,3,train,206,-91.0
TD+UNC,3,train,207,-85.0
TD+UNC,3,train,208,-94.0
TD+UNC,3,train,209,-79.0
TD+UNC,3,train,210,-106.0
TD+UNC,3,train,211,-94.0
TD+UNC,3,train,212,-95.0
TD+UNC,3,train,213,-111.0
TD+UNC,3,train,214,-83.0
TD+UNC,3,train,215,-153.0
TD+UNC,3,train,216,-105.0
TD+UNC,3,train,217,-71.0
TD+UNC,3,train,218,-115.0
TD+UNC,3,train,219,-100.0
TD+UNC,3,train,220,-121.0
TD+UNC,3,train,221,-74.0
TD+UNC,3,train,222,-104.0
TD+UNC,3,train,223,-86.0
TD+UNC,3,train,224,-80.0
TD+UNC,3,train,225,-99.0
TD+UNC,3,train,226,-91.0
TD+UNC,3,train,227,-107.0
TD+UNC,3,train,228,-116.0
TD+UNC,3,train,229,-94.0
TD+UNC,3,train,230,-97.0
TD+UNC,3,train,231,-117.0
TD+UNC,3,train,232,-115.0
TD+UNC,3,train,233,-104.0
TD+UNC,3,train,234,-99.0
TD+UNC,3,train,235,-113.0
TD+UNC,3,train,236,-70.0
TD+UNC,3,train,237,-100.0
TD+UNC,3,train,238,-83.0
TD+UNC,3,train,239,-102.0
TD+UNC,3,train,240,-94.0
TD+UNC,3,train,241,-93.0
TD+UNC,3,train,242,-105.0
TD+UNC,3,train,243,-92.0
TD+UNC,3,train,244,-102.0
TD+UNC,3,train,245,-84.0
TD+UNC,3,train,246,-128.0
TD+UNC,3,train,247,-91.0
TD+UNC,3,train,248,-76.0
TD+UNC,3,train,249,-176.0
TD+UNC,3,train,250,-64.0
TD+UNC,3,train,251,-97.0
TD+UNC,3,train,252,-109.0
TD+UNC,3,train,253,-83.0
TD+UNC,3,train,254,-139.0
TD+UNC,3,train,255,-76.0
TD+UNC,3,train,256,-78.0
TD+UNC,3,train,257,-93.0
TD+UNC,3,train,258,-83.0
TD+UNC,3,train,259,-103.0
TD+UNC,3,train,260,-111.0
TD+UNC,3,train,261,-77.0
TD+UNC,3,train,262,-101.0
TD+UNC,3,train,263,-109.0
TD+UNC,3,train,264,-98.0
TD+UNC,3,train,265,-230.0
TD+UNC,3,train,266,-68.0
TD+UNC,3,train,267,-103.0
TD+UNC,3,train,268,-77.0
TD+UNC,3,train,269,-108.0
TD+UNC,3,train,270,-106.0
TD+UNC,3,train,271,-77.0
TD+UNC,3,train,272,-92.0
TD+UNC,3,train,273,-90.0
TD+UNC,3,train,274,-164.0
TD+UNC,3,train,275,-83.0
TD+UNC,3,train,276,-119.0
TD+UNC,3,train,277,-79.0
TD+UNC,3,train,278,-100.0
TD+UNC,3,train,279,-87.0
TD+UNC,3,train,280,-83.0
TD+UNC,3,train,281,-84.0
TD+UNC,3,train,282,-91.0
TD+UNC,3,train,283,-82.0
TD+UNC,3,train,284,-63.0
TD+UNC,3,train,285,-71.0
TD+UNC,3,train,286,-90.0
TD+UNC,3,train,287,-87.0
TD+UNC,3,train,288,-176.0
TD+UNC,3,train,289,-101.0
TD+UNC,3,train,290,-104.0
TD+UNC,3,train,291,-76.0
TD+UNC,3,train,292,-77.0
TD+UNC,3,train,293,-109.0
TD+UNC,3,train,294,-80.0
TD+UNC,3,train,295,-94.0
TD+UNC,3,train,296,-86.0
TD+UNC,3,train,297,-85.0
TD+UNC,3,train,298,-91.0
TD+UNC,3,train,299,-69.0
TD+UNC,3,train,300,-86.0
TD+UNC,3,train,301,-87.0
TD+UNC,3,train,302,-87.0
TD+UNC,3,train,303,-87.0
TD+UNC,3,train,304,-113.0
TD+UNC,3,train,305,-72.0
TD+UNC,3,train,306,-95.0
TD+UNC,3,train,307,-104.0
TD+UNC,3,train,308,-87.0
TD+UNC,3,train,309,-83.0
TD+UNC,3,train,310,-87.0
TD+UNC,3,train,311,-77.0
TD+UNC,3,train,312,-92.0
TD+UNC,3,train,313,-82.0
TD+UNC,3,train,314,-119.0
TD+UNC,3,train,315,-63.0
TD+UNC,3,train,316,-76.0
TD+UNC,3,train,317,-82.0
TD+UNC,3,train,318,-108.0
TD+UNC,3,train,319,-100.0
TD+UNC,3,train,320,-77.0
TD+UNC,3,train,321,-110.0
TD+UNC,3,train,322,-90.0
TD+UNC,3,train,323,-111.0
TD+UNC,3,train,324,-112.0
TD+UNC,3,train,325,-234.0
TD+UNC,3,train,326,-76.0
TD+UNC,3,train,327,-86.0
TD+UNC,3,train,328,-116.0
TD+UNC,3,train,329,-88.0
TD+UNC,3,train,330,-94.0
TD+UNC,3,train,331,-64.0
TD+UNC,3,train,332,-77.0
TD+UNC,3,train,333,-96.0
TD+UNC,3,train,334,-101.0
TD+UNC,3,train,335,-78.0
TD+UNC,3,train,336,-82.0
TD+UNC,3,train,337,-79.0
TD+UNC,3,train,338,-94.0
TD+UNC,3,train,339,-85.0
TD+UNC,3,train,340,-85.0
TD+UNC,3,train,341,-81.0
TD+UNC,3,train,342,-91.0
TD+UNC,3,train,343,-99.0
TD+UNC,3,train,344,-78.0
TD+UNC,3,train,345,-140.0
TD+UNC,3,train,346,-95.0
TD+UNC,3,train,347,-84.0
TD+UNC,3,train,348,-79.0
TD+UNC,3,train,349,-97.0
TD+UNC,3,train,350,-70.0
TD+UNC,3,train,351,-87.0
TD+UNC,3,train,352,-111.0
TD+UNC,3,train,353,-241.0
TD+UNC,3,train,354,-76.0
TD+UNC,3,train,355,-107.0
TD+UNC,3,train,356,-90.0
TD+UNC,3,train,357,-104.0
TD+UNC,3,train,358,-131.0
TD+UNC,3,train,359,-84.0
TD+UNC,3,train,360,-91.0
TD+UNC,3,train,361,-87.0
TD+UNC,3,train,362,-93.0
TD+UNC,3,train,363,-85.0
TD+UNC,3,train,364,-82.0
TD+UNC,3,train,365,-100.0
TD+UNC,3,train,366,-92.0
TD+UNC,3,train,367,-71.0
TD+UNC,3,train,368,-105.0
TD+UNC,3,train,369,-78.0
TD+UNC,3,train,370,-110.0
TD+UNC,3,train,371,-83.0
TD+UNC,3,train,372,-71.0
TD+UNC,3,train,373,-89.0
TD+UNC,3,train,374,-96.0
TD+UNC,3,train,375,-70.0
TD+UNC,3,train,376,-87.0
TD+UNC,3,train,377,-110.0
TD+UNC,3,train,378,-120.0
TD+UNC,3,train,379,-94.0
TD+UNC,3,train,380,-194.0
TD+UNC,3,train,381,-93.0
TD+UNC,3,train,382,-98.0
TD+UNC,3,train,383,-81.0
TD+UNC,3,train,384,-75.0
TD+UNC,3,train,385,-63.0
TD+UNC,3,train,386,-91.0
TD+UNC,3,train,387,-70.0
TD+UNC,3,train,388,-92.0
TD+UNC,3,train,389,-137.0
TD+UNC,3,train,390,-103.0
TD+UNC,3,train,391,-148.0
TD+UNC,3,train,392,-77.0
TD+UNC,3,train,393,-124.0
TD+UNC,3,train,394,-101.0
TD+UNC,3,train,395,-71.0
TD+UNC,3,train,396,-108.0
TD+UNC,3,train,397,-77.0
TD+UNC,3,train,398,-90.0
TD+UNC,3,train,399,-113.0
TD+UNC,3,train,400,-101.0
TD+UNC,3,train,401,-96.0
TD+UNC,3,train,402,-85.0
TD+UNC,3,train,403,-91.0
TD+UNC,3,train,404,-102.0
TD+UNC,3,train,405,-64.0
TD+UNC,3,train,406,-101.0
TD+UNC,3,train,407,-79.0
TD+UNC,3,train,408,-74.0
TD+UNC,3,train,409,-99.0
TD+UNC,3,train,410,-82.0
TD+UNC,3,train,411,-93.0
TD+UNC,3,train,412,-91.0
TD+UNC,3,train,413,-82.0
TD+UNC,3,train,414,-87.0
TD+UNC,3,train,415,-88.0
TD+UNC,3,train,416,-77.0
TD+UNC,3,train,417,-81.0
TD+UNC,3,train,418,-94.0
TD+UNC,3,train,419,-62.0
TD+UNC,3,train,420,-85.0
TD+UNC,3,train,421,-83.0
TD+UNC,3,train,422,-105.0
TD+UNC,3,train,423,-76.0
TD+UNC,3,train,424,-106.0
TD+UNC,3,train,425,-71.0
TD+UNC,3,train,426,-95.0
TD+UNC,3,train,427,-76.0
TD+UNC,3,train,428,-73.0
TD+UNC,3,train,429,-124.0
TD+UNC,3,train,430,-85.0
TD+UNC,3,train,431,-81.0
TD+UNC,3,train,432,-89.0
TD+UNC,3,train,433,-74.0
TD+UNC,3,train,434,-76.0
TD+UNC,3,train,435,-97.0
TD+UNC,3,train,436,-99.0
TD+UNC,3,train,437,-124.0
TD+UNC,3,train,438,-89.0
TD+UNC,3,train,439,-73.0
TD+UNC,3,train,440,-97.0
TD+UNC,3,train,441,-87.0
TD+UNC,3,train,442,-78.0
TD+UNC,3,train,443,-94.0
TD+UNC,3,train,444,-92.0
TD+UNC,3,train,445,-103.0
TD+UNC,3,train,446,-77.0
TD+UNC,3,train,447,-81.0
TD+UNC,3,train,448,-72.0
TD+UNC,3,train,449,-78.0
TD+UNC,3,train,450,-79.0
TD+UNC,3,train,451,-76.0
TD+UNC,3,train,452,-92.0
TD+UNC,3,train,453,-74.0
TD+UNC,3,train,454,-70.0
TD+UNC,3,train,455,-160.0
TD+UNC,3,train,456,-79.0
TD+UNC,3,train,457,-148.0
TD+UNC,3,train,458,-89.0
TD+UNC,3,train,459,-84.0
TD+UNC,3,train,460,-93.0
TD+UNC,3,train,461,-92.0
TD+UNC,3,train,462,-79.0
TD+UNC,3,train,463,-92.0
TD+UNC,3,train,464,-101.0
TD+UNC,3,train,465,-68.0
TD+UNC,3,train,466,-75.0
TD+UNC,3,train,467,-77.0
TD+UNC,3,train,468,-78.0
TD+UNC,3,train,469,-78.0
TD+UNC,3,train,470,-77.0
TD+UNC,3,train,471,-91.0
TD+UNC,3,train,472,-70.0
TD+UNC,3,train,473,-79.0
TD+UNC,3,train,474,-86.0
TD+UNC,3,train,475,-80.0
TD+UNC,3,train,476,-85.0
TD+UNC,3,train,477,-89.0
TD+UNC,3,train,478,-118.0
TD+UNC,3,train,479,-79.0
TD+UNC,3,train,480,-95.0
TD+UNC,3,train,481,-116.0
TD+UNC,3,train,482,-89.0
TD+UNC,3,train,483,-71.0
TD+UNC,3,train,484,-96.0
TD+UNC,3,train,485,-158.0
TD+UNC,3,train,486,-109.0
TD+UNC,3,train,487,-79.0
TD+UNC,3,train,488,-82.0
TD+UNC,3,train,489,-74.0
TD+UNC,3,train,490,-84.0
TD+UNC,3,train,491,-66.0
TD+UNC,3,train,492,-69.0
TD+UNC,3,train,493,-133.0
TD+UNC,3,train,494,-106.0
TD+UNC,3,train,495,-95.0
TD+UNC,3,train,496,-94.0
TD+UNC,3,train,497,-90.0
TD+UNC,3,train,498,-70.0
TD+UNC,3,train,499,-81.0
TD+UNC,3,train,500,-91.0
TD+UNC,4,train,1,-500.0
TD+UNC,4,train,2,-304.0
TD+UNC,4,train,3,-151.0
TD+UNC,4,train,4,-128.0
TD+UNC,4,train,5,-354.0
TD+UNC,4,train,6,-328.0
TD+UNC,4,train,7,-222.0
TD+UNC,4,train,8,-112.0
TD+UNC,4,train,9,-196.0
TD+UNC,4,train,10,-500.0
TD+UNC,4,train,11,-500.0
TD+UNC,4,train,12,-399.0
TD+UNC,4,train,13,-500.0
TD+UNC,4,train,14,-500.0
TD+UNC,4,train,15,-500.0
TD+UNC,4,train,16,-500.0
TD+UNC,4,train,17,-500.0
TD+UNC,4,train,18,-500.0
TD+UNC,4,train,19,-466.0
TD+UNC,4,train,20,-500.0
TD+UNC,4,train,21,-500.0
TD+UNC,4,train,22,-500.0
TD+UNC,4,train,23,-144.0
TD+UNC,4,train,24,-500.0
TD+UNC,4,train,25,-500.0
TD+UNC,4,train,26,-500.0
TD+UNC,4,train,27,-500.0
TD+UNC,4,train,28,-179.0
TD+UNC,4,train,29,-500.0
TD+UNC,4,train,30,-317.0
TD+UNC,4,train,31,-203.0
TD+UNC,4,train,32,-500.0
TD+UNC,4,train,33,-500.0
TD+UNC,4,train,34,-500.0
TD+UNC,4,train,35,-500.0
TD+UNC,4,train,36,-500.0
TD+UNC,4,train,37,-158.0
TD+UNC,4,train,38,-191.0
TD+UNC,4,train,39,-320.0
TD+UNC,4,train,40,-151.0
TD+UNC,4,train,41,-311.0
TD+UNC,4,train,42,-406.0
TD+UNC,4,train,43,-185.0
TD+UNC,4,train,44,-263.0
TD+UNC,4,train,45,-123.0
TD+UNC,4,train,46,-422.0
TD+UNC,4,train,47,-116.0
TD+UNC,4,train,48,-176.0
TD+UNC,4,train,49,-96.0
TD+UNC,4,train,50,-298.0
TD+UNC,4,train,51,-225.0
TD+UNC,4,train,52,-160.0
TD+UNC,4,train,53,-245.0
TD+UNC,4,train,54,-182.0
TD+UNC,4,train,55,-108.0
TD+UNC,4,train,56,-185.0
TD+UNC,4,train,57,-150.0
TD+UNC,4,train,58,-192.0
TD+UNC,4,train,59,-84.0
TD+UNC,4,train,60,-97.0
TD+UNC,4,train,61,-224.0
TD+UNC,4,train,62,-171.0
TD+UNC,4,train,63,-87.0
TD+UNC,4,train,64,-165.0
TD+UNC,4,train,65,-152.0
TD+UNC,4,train,66,-119.0
TD+UNC,4,train,67,-169.0
TD+UNC,4,train,68,-104.0
TD+UNC,4,train,69,-143.0
TD+UNC,4,train,70,-88.0
TD+UNC,4,train,71,-137.0
TD+UNC,4,train,72,-98.0
TD+UNC,4,train,73,-178.0
TD+UNC,4,train,74,-163.0
TD+UNC,4,train,75,-128.0
TD+UNC,4,train,76,-145.0
TD+UNC,4,train,77,-188.0
TD+UNC,4,train,78,-388.0
TD+UNC,4,train,79,-141.0
TD+UNC,4,train,80,-127.0
TD+UNC,4,train,81,-144.0
TD+UNC,4,train,82,-274.0
TD+UNC,4,train,83,-143.0
TD+UNC,4,train,84,-144.0
TD+UNC,4,train,85,-120.0
TD+UNC,4,train,86,-116.0
TD+UNC,4,train,87,-273.0
TD+UNC,4,train,88,-123.0
TD+UNC,4,train,89,-203.0
TD+UNC,4,train,90,-347.0
TD+UNC,4,train,91,-120.0
TD+UNC,4,train,92,-100.0
TD+UNC,4,train,93,-97.0
TD+UNC,4,train,94,-100.0
TD+UNC,4,train,95,-205.0
TD+UNC,4,train,96,-163.0
TD+UNC,4,train,97,-170.0
TD+UNC,4,train,98,-152.0
TD+UNC,4,train,99,-119.0
TD+UNC,4,train,100,-500.0
TD+UNC,4,train,101,-111.0
TD+UNC,4,train,102,-214.0
TD+UNC,4,train,103,-181.0
TD+UNC,4,train,104,-174.0
TD+UNC,4,train,105,-353.0
TD+UNC,4,train,106,-98.0
TD+UNC,4,train,107,-94.0
TD+UNC,4,train,108,-124.0
TD+UNC,4,train,109,-125.0
TD+UNC,4,train,110,-135.0
TD+UNC,4,train,111,-180.0
TD+UNC,4,train,112,-137.0
TD+UNC,4,train,113,-149.0
TD+UNC,4,train,114,-80.0
TD+UNC,4,train,115,-146.0
TD+UNC,4,train,116,-132.0
TD+UNC,4,train,117,-181.0
TD+UNC,4,train,118,-119.0
TD+UNC,4,train,119,-139.0
TD+UNC,4,train,120,-179.0
TD+UNC,4,train,121,-134.0
TD+UNC,4,train,122,-148.0
TD+UNC,4,train,123,-94.0
TD+UNC,4,train,124,-105.0
TD+UNC,4,train,125,-106.0
TD+UNC,4,train,126,-110.0
TD+UNC,4,train,127,-94.0
TD+UNC,4,train,128,-166.0
TD+UNC,4,train,129,-96.0
TD+UNC,4,train,130,-157.0
TD+UNC,4,train,131,-102.0
TD+UNC,4,train,132,-130.0
TD+UNC,4,train,133,-139.0
TD+UNC,4,train,134,-263.0
TD+UNC,4,train,135,-500.0
TD+UNC,4,train,136,-99.0
TD+UNC,4,train,137,-125.0
TD+UNC,4,train,138,-98.0
TD+UNC,4,train,139,-189.0
TD+UNC,4,train,140,-121.0
TD+UNC,4,train,141,-93.0
TD+UNC,4,train,142,-128.0
TD+UNC,4,train,143,-92.0
TD+UNC,4,train,144,-81.0
TD+UNC,4,train,145,-322.0
TD+UNC,4,train,146,-95.0
TD+UNC,4,train,147,-106.0
TD+UNC,4,train,148,-157.0
TD+UNC,4,train,149,-187.0
TD+UNC,4,train,150,-132.0
TD+UNC,4,train,151,-118.0
TD+UNC,4,train,152,-105.0
TD+UNC,4,train,153,-183.0
TD+UNC,4,train,154,-140.0
TD+UNC,4,train,155,-97.0
TD+UNC,4,train,156,-97.0
TD+UNC,4,train,157,-115.0
TD+UNC,4,train,158,-101.0
TD+UNC,4,train,159,-113.0
TD+UNC,4,train,160,-131.0
TD+UNC,4,train,161,-500.0
TD+UNC,4,train,162,-129.0
TD+UNC,4,train,163,-120.0
TD+UNC,4,train,164,-138.0
TD+UNC,4,train,165,-111.0
TD+UNC,4,train,166,-299.0
TD+UNC,4,train,167,-127.0
TD+UNC,4,train,168,-114.0
TD+UNC,4,train,169,-147.0
TD+UNC,4,train,170,-200.0
TD+UNC,4,train,171,-118.0
TD+UNC,4,train,172,-132.0
TD+UNC,4,train,173,-123.0
TD+UNC,4,train,174,-166.0
TD+UNC,4,train,175,-95.0
TD+UNC,4,train,176,-114.0
TD+UNC,4,train,177,-106.0
TD+UNC,4,train,178,-99.0
TD+UNC,4,train,179,-95.0
TD+UNC,4,train,180,-164.0
TD+UNC,4,train,181,-144.0
TD+UNC,4,train,182,-174.0
TD+UNC,4,train,183,-117.0
TD+UNC,4,train,184,-120.0
TD+UNC,4,train,185,-122.0
TD+UNC,4,train,186,-132.0
TD+UNC,4,train,187,-128.0
TD+UNC,4,train,188,-79.0
TD+UNC,4,train,189,-338.0
TD+UNC,4,train,190,-151.0
TD+UNC,4,train,191,-118.0
TD+UNC,4,train,192,-141.0
TD+UNC,4,train,193,-116.0
TD+UNC,4,train,194,-91.0
TD+UNC,4,train,195,-89.0
TD+UNC,4,train,196,-112.0
TD+UNC,4,train,197,-132.0
TD+UNC,4,train,198,-108.0
TD+UNC,4,train,199,-111.0
TD+UNC,4,train,200,-124.0
TD+UNC,4,train,201,-133.0
TD+UNC,4,train,202,-129.0
TD+UNC,4,train,203,-323.0
TD+UNC,4,train,204,-81.0
TD+UNC,4,train,205,-91.0
TD+UNC,4,train,206,-156.0
TD+UNC,4,train,207,-99.0
TD+UNC,4,train,208,-83.0
TD+UNC,4,train,209,-127.0
TD+UNC,4,train,210,-181.0
TD+UNC,4,train,211,-104.0
TD+UNC,4,train,212,-131.0
TD+UNC,4,train,213,-281.0
TD+UNC,4,train,214,-143.0
TD+UNC,4,train,215,-93.0
TD+UNC,4,train,216,-187.0
TD+UNC,4,train,217,-207.0
TD+UNC,4,train,218,-127.0
TD+UNC,4,train,219,-79.0
TD+UNC,4,train,220,-105.0
TD+UNC,4,train,221,-87.0
TD+UNC,4,train,222,-100.0
TD+UNC,4,train,223,-91.0
TD+UNC,4,train,224,-123.0
TD+UNC,4,train,225,-94.0
TD+UNC,4,train,226,-115.0
TD+UNC,4,train,227,-122.0
TD+UNC,4,train,228,-98.0
TD+UNC,4,train,229,-128.0
TD+UNC,4,train,230,-88.0
TD+UNC,4,train,231,-98.0
TD+UNC,4,train,232,-93.0
TD+UNC,4,train,233,-151.0
TD+UNC,4,train,234,-185.0
TD+UNC,4,train,235,-186.0
TD+UNC,4,train,236,-163.0
TD+UNC,4,train,237,-64.0
TD+UNC,4,train,238,-113.0
TD+UNC,4,train,239,-122.0
TD+UNC,4,train,240,-93.0
TD+UNC,4,train,241,-94.0
TD+UNC,4,train,242,-132.0
TD+UNC,4,train,243,-103.0
TD+UNC,4,train,244,-91.0
TD+UNC,4,train,245,-73.0
TD+UNC,4,train,246,-106.0
TD+UNC,4,train,247,-135.0
TD+UNC,4,train,248,-103.0
TD+UNC,4,train,249,-98.0
TD+UNC,4,train,250,-86.0
TD+UNC,4,train,251,-106.0
TD+UNC,4,train,252,-112.0
TD+UNC,4,train,253,-130.0
TD+UNC,4,train,254,-78.0
TD+UNC,4,train,255,-88.0
TD+UNC,4,train,256,-127.0
TD+UNC,4,train,257,-92.0
TD+UNC,4,train,258,-70.0
TD+UNC,4,train,259,-91.0
TD+UNC,4,train,260,-112.0
TD+UNC,4,train,261,-98.0
TD+UNC,4,train,262,-84.0
TD+UNC,4,train,263,-122.0
TD+UNC,4,train,264,-86.0
TD+UNC,4,train,265,-99.0
TD+UNC,4,train,266,-115.0
TD+UNC,4,train,267,-151.0
TD+UNC,4,train,268,-210.0
TD+UNC,4,train,269,-116.0
TD+UNC,4,train,270,-129.0
TD+UNC,4,train,271,-106.0
TD+UNC,4,train,272,-84.0
TD+UNC,4,train,273,-84.0
TD+UNC,4,train,274,-78.0
TD+UNC,4,train,275,-115.0
TD+UNC,4,train,276,-133.0
TD+UNC,4,train,277,-86.0
TD+UNC,4,train,278,-141.0
TD+UNC,4,train,279,-105.0
TD+UNC,4,train,280,-102.0
TD+UNC,4,train,281,-98.0
TD+UNC,4,train,282,-103.0
TD+UNC,4,train,283,-122.0
TD+UNC,4,train,284,-78.0
TD+UNC,4,train,285,-78.0
TD+UNC,4,train,286,-111.0
TD+UNC,4,train,287,-104.0
TD+UNC,4,train,288,-65.0
TD+UNC,4,train,289,-111.0
TD+UNC,4,train,290,-139.0
TD+UNC,4,train,291,-90.0
TD+UNC,4,train,292,-97.0
TD+UNC,4,train,293,-117.0
TD+UNC,4,train,294,-112.0
TD+UNC,4,train,295,-127.0
TD+UNC,4,train,296,-96.0
TD+UNC,4,train,297,-114.0
TD+UNC,4,train,298,-109.0
TD+UNC,4,train,299,-87.0
TD+UNC,4,train,300,-89.0
TD+UNC,4,train,301,-177.0
TD+UNC,4,train,302,-102.0
TD+UNC,4,train,303,-84.0
TD+UNC,4,train,304,-103.0
TD+UNC,4,train,305,-102.0
TD+UNC,4,train,306,-89.0
TD+UNC,4,train,307,-95.0
TD+UNC,4,train,308,-108.0
TD+UNC,4,train,309,-93.0
TD+UNC,4,train,310,-101.0
TD+UNC,4,train,311,-109.0
TD+UNC,4,train,312,-64.0
TD+UNC,4,train,313,-110.0
TD+UNC,4,train,314,-117.0
TD+UNC,4,train,315,-81.0
TD+UNC,4,train,316,-79.0
TD+UNC,4,train,317,-101.0
TD+UNC,4,train,318,-136.0
TD+UNC,4,train,319,-78.0
TD+UNC,4,train,320,-115.0
TD+UNC,4,train,321,-79.0
TD+UNC,4,train,322,-93.0
TD+UNC,4,train,323,-114.0
TD+UNC,4,train,324,-239.0
TD+UNC,4,train,325,-99.0
TD+UNC,4,train,326,-99.0
TD+UNC,4,train,327,-101.0
TD+UNC,4,train,328,-176.0
TD+UNC,4,train,329,-100.0
TD+UNC,4,train,330,-139.0
TD+UNC,4,train,331,-152.0
TD+UNC,4,train,332,-94.0
TD+UNC,4,train,333,-122.0
TD+UNC,4,train,334,-119.0
TD+UNC,4,train,335,-101.0
TD+UNC,4,train,336,-111.0
TD+UNC,4,train,337,-129.0
TD+UNC,4,train,338,-105.0
TD+UNC,4,train,339,-107.0
TD+UNC,4,train,340,-80.0
TD+UNC,4,train,341,-142.0
TD+UNC,4,train,342,-100.0
TD+UNC,4,train,343,-84.0
TD+UNC,4,train,344,-86.0
TD+UNC,4,train,345,-111.0
TD+UNC,4,train,346,-84.0
TD+UNC,4,train,347,-113.0
TD+UNC,4,train,348,-85.0
TD+UNC,4,train,349,-90.0
TD+UNC,4,train,350,-120.0
TD+UNC,4,train,351,-109.0
TD+UNC,4,train,352,-116.0
TD+UNC,4,train,353,-93.0
TD+UNC,4,train,354,-115.0
TD+UNC,4,train,355,-87.0
TD+UNC,4,train,356,-222.0
TD+UNC,4,train,357,-109.0
TD+UNC,4,train,358,-108.0
TD+UNC,4,train,359,-120.0
TD+UNC,4,train,360,-112.0
TD+UNC,4,train,361,-100.0
TD+UNC,4,train,362,-87.0
TD+UNC,4,train,363,-140.0
TD+UNC,4,train,364,-107.0
TD+UNC,4,train,365,-75.0
TD+UNC,4,train,366,-102.0
TD+UNC,4,train,367,-141.0
TD+UNC,4,train,368,-90.0
TD+UNC,4,train,369,-98.0
TD+UNC,4,train,370,-132.0
TD+UNC,4,train,371,-406.0
TD+UNC,4,train,372,-80.0
TD+UNC,4,train,373,-82.0
TD+UNC,4,train,374,-86.0
TD+UNC,4,train,375,-76.0
TD+UNC,4,train,376,-63.0
TD+UNC,4,train,377,-102.0
TD+UNC,4,train,378,-84.0
TD+UNC,4,train,379,-101.0
TD+UNC,4,train,380,-102.0
TD+UNC,4,train,381,-88.0
TD+UNC,4,train,382,-83.0
TD+UNC,4,train,383,-85.0
TD+UNC,4,train,384,-120.0
TD+UNC,4,train,385,-87.0
TD+UNC,4,train,386,-100.0
TD+UNC,4,train,387,-78.0
TD+UNC,4,train,388,-101.0
TD+UNC,4,train,389,-83.0
TD+UNC,4,train,390,-117.0
TD+UNC,4,train,391,-111.0
TD+UNC,4,train,392,-104.0
TD+UNC,4,train,393,-87.0
TD+UNC,4,train,394,-96.0
TD+UNC,4,train,395,-78.0
TD+UNC,4,train,396,-92.0
TD+UNC,4,train,397,-93.0
TD+UNC,4,train,398,-121.0
TD+UNC,4,train,399,-104.0
TD+UNC,4,train,400,-83.0
TD+UNC,4,train,401,-106.0
TD+UNC,4,train,402,-80.0
TD+UNC,4,train,403,-77.0
TD+UNC,4,train,404,-294.0
TD+UNC,4,train,405,-79.0
TD+UNC,4,train,406,-72.0
TD+UNC,4,train,407,-128.0
TD+UNC,4,train,408,-94.0
TD+UNC,4,train,409,-118.0
TD+UNC,4,train,410,-113.0
TD+UNC,4,train,411,-101.0
TD+UNC,4,train,412,-110.0
TD+UNC,4,train,413,-96.0
TD+UNC,4,train,414,-112.0
TD+UNC,4,train,415,-190.0
TD+UNC,4,train,416,-83.0
TD+UNC,4,train,417,-87.0
TD+UNC,4,train,418,-106.0
TD+UNC,4,train,419,-103.0
TD+UNC,4,train,420,-86.0
TD+UNC,4,train,421,-88.0
TD+UNC,4,train,422,-85.0
TD+UNC,4,train,423,-109.0
TD+UNC,4,train,424,-93.0
TD+UNC,4,train,425,-90.0
TD+UNC,4,train,426,-78.0
TD+UNC,4,train,427,-82.0
TD+UNC,4,train,428,-110.0
TD+UNC,4,train,429,-88.0
TD+UNC,4,train,430,-113.0
TD+UNC,4,train,431,-107.0
TD+UNC,4,train,432,-97.0
TD+UNC,4,train,433,-107.0
TD+UNC,4,train,434,-89.0
TD+UNC,4,train,435,-76.0
TD+UNC,4,train,436,-95.0
TD+UNC,4,train,437,-344.0
TD+UNC,4,train,438,-96.0
TD+UNC,4,train,439,-141.0
TD+UNC,4,train,440,-70.0
TD+UNC,4,train,441,-92.0
TD+UNC,4,train,442,-77.0
TD+UNC,4,train,443,-102.0
TD+UNC,4,train,444,-93.0
TD+UNC,4,train,445,-65.0
TD+UNC,4,train,446,-96.0
TD+UNC,4,train,447,-71.0
TD+UNC,4,train,448,-87.0
TD+UNC,4,train,449,-121.0
TD+UNC,4,train,450,-117.0
TD+UNC,4,train,451,-116.0
TD+UNC,4,train,452,-89.0
TD+UNC,4,train,453,-83.0
TD+UNC,4,train,454,-97.0
TD+UNC,4,train,455,-77.0
TD+UNC,4,train,456,-87.0
TD+UNC,4,train,457,-91.0
TD+UNC,4,train,458,-98.0
TD+UNC,4,train,459,-94.0
TD+UNC,4,train,460,-82.0
TD+UNC,4,train,461,-94.0
TD+UNC,4,train,462,-95.0
TD+UNC,4,train,463,-79.0
TD+UNC,4,train,464,-63.0
TD+UNC,4,train,465,-113.0
TD+UNC,4,train,466,-110.0
TD+UNC,4,train,467,-93.0
TD+UNC,4,train,468,-83.0
TD+UNC,4,train,469,-107.0
TD+UNC,4,train,470,-103.0
TD+UNC,4,train,471,-96.0
TD+UNC,4,train,472,-94.0
TD+UNC,4,train,473,-101.0
TD+UNC,4,train,474,-97.0
TD+UNC,4,train,475,-155.0
TD+UNC,4,train,476,-103.0
TD+UNC,4,train,477,-89.0
TD+UNC,4,train,478,-102.0
TD+UNC,4,train,479,-108.0
TD+UNC,4,train,480,-83.0
TD+UNC,4,train,481,-99.0
TD+UNC,4,train,482,-86.0
TD+UNC,4,train,483,-74.0
TD+UNC,4,train,484,-77.0
TD+UNC,4,train,485,-81.0
TD+UNC,4,train,486,-83.0
TD+UNC,4,train,487,-91.0
TD+UNC,4,train,488,-119.0
TD+UNC,4,train,489,-104.0
TD+UNC,4,train,490,-106.0
TD+UNC,4,train,491,-108.0
TD+UNC,4,train,492,-99.0
TD+UNC,4,train,493,-77.0
TD+UNC,4,train,494,-143.0
TD+UNC,4,train,495,-86.0
TD+UNC,4,train,496,-131.0
TD+UNC,4,train,497,-72.0
TD+UNC,4,train,498,-79.0
TD+UNC,4,train,499,-90.0
TD+UNC,4,train,500,-75.0
TD+UNC,5,train,1,-500.0
TD+UNC,5,train,2,-500.0
TD+UNC,5,train,3,-500.0
TD+UNC,5,train,4,-500.0
TD+UNC,5,train,5,-500.0
TD+UNC,5,train,6,-500.0
TD+UNC,5,train,7,-260.0
TD+UNC,5,train,8,-407.0
TD+UNC,5,train,9,-162.0
TD+UNC,5,train,10,-208.0
TD+UNC,5,train,11,-343.0
TD+UNC,5,train,12,-209.0
TD+UNC,5,train,13,-214.0
TD+UNC,5,train,14,-135.0
TD+UNC,5,train,15,-133.0
TD+UNC,5,train,16,-183.0
TD+UNC,5,train,17,-144.0
TD+UNC,5,train,18,-127.0
TD+UNC,5,train,19,-154.0
TD+UNC,5,train,20,-177.0
TD+UNC,5,train,21,-125.0
TD+UNC,5,train,22,-117.0
TD+UNC,5,train,23,-191.0
TD+UNC,5,train,24,-125.0
TD+UNC,5,train,25,-194.0
TD+UNC,5,train,26,-128.0
TD+UNC,5,train,27,-142.0
TD+UNC,5,train,28,-197.0
TD+UNC,5,train,29,-150.0
TD+UNC,5,train,30,-113.0
TD+UNC,5,train,31,-111.0
TD+UNC,5,train,32,-157.0
TD+UNC,5,train,33,-500.0
TD+UNC,5,train,34,-155.0
TD+UNC,5,train,35,-500.0
TD+UNC,5,train,36,-500.0
TD+UNC,5,train,37,-500.0
TD+UNC,5,train,38,-182.0
TD+UNC,5,train,39,-500.0
TD+UNC,5,train,40,-500.0
TD+UNC,5,train,41,-303.0
TD+UNC,5,train,42,-216.0
TD+UNC,5,train,43,-190.0
TD+UNC,5,train,44,-500.0
TD+UNC,5,train,45,-267.0
TD+UNC,5,train,46,-184.0
TD+UNC,5,train,47,-377.0
TD+UNC,5,train,48,-270.0
TD+UNC,5,train,49,-332.0
TD+UNC,5,train,50,-313.0
TD+UNC,5,train,51,-257.0
TD+UNC,5,train,52,-279.0
TD+UNC,5,train,53,-175.0
TD+UNC,5,train,54,-134.0
TD+UNC,5,train,55,-142.0
TD+UNC,5,train,56,-92.0
TD+UNC,5,train,57,-215.0
TD+UNC,5,train,58,-353.0
TD+UNC,5,train,59,-235.0
TD+UNC,5,train,60,-143.0
TD+UNC,5,train,61,-204.0
TD+UNC,5,train,62,-185.0
TD+UNC,5,train,63,-344.0
TD+UNC,5,train,64,-248.0
TD+UNC,5,train,65,-203.0
TD+UNC,5,train,66,-500.0
TD+UNC,5,train,67,-262.0
TD+UNC,5,train,68,-500.0
TD+UNC,5,train,69,-129.0
TD+UNC,5,train,70,-129.0
TD+UNC,5,train,71,-148.0
TD+UNC,5,train,72,-408.0
TD+UNC,5,train,73,-500.0
TD+UNC,5,train,74,-370.0
TD+UNC,5,train,75,-500.0
TD+UNC,5,train,76,-174.0
TD+UNC,5,train,77,-244.0
TD+UNC,5,train,78,-122.0
TD+UNC,5,train,79,-109.0
TD+UNC,5,train,80,-155.0
TD+UNC,5,train,81,-236.0
TD+UNC,5,train,82,-202.0
TD+UNC,5,train,83,-101.0
TD+UNC,5,train,84,-197.0
TD+UNC,5,train,85,-208.0
TD+UNC,5,train,86,-182.0
TD+UNC,5,train,87,-183.0
TD+UNC,5,train,88,-384.0
TD+UNC,5,train,89,-496.0
TD+UNC,5,train,90,-207.0
TD+UNC,5,train,91,-228.0
TD+UNC,5,train,92,-500.0
TD+UNC,5,train,93,-419.0
TD+UNC,5,train,94,-187.0
TD+UNC,5,train,95,-394.0
TD+UNC,5,train,96,-202.0
TD+UNC,5,train,97,-249.0
TD+UNC,5,train,98,-147.0
TD+UNC,5,train,99,-147.0
TD+UNC,5,train,100,-102.0
TD+UNC,5,train,101,-178.0
TD+UNC,5,train,102,-179.0
TD+UNC,5,train,103,-126.0
TD+UNC,5,train,104,-155.0
TD+UNC,5,train,105,-149.0
TD+UNC,5,train,106,-92.0
TD+UNC,5,train,107,-135.0
TD+UNC,5,train,108,-208.0
TD+UNC,5,train,109,-149.0
TD+UNC,5,train,110,-93.0
TD+UNC,5,train,111,-172.0
TD+UNC,5,train,112,-72.0
TD+UNC,5,train,113,-113.0
TD+UNC,5,train,114,-111.0
TD+UNC,5,train,115,-124.0
TD+UNC,5,train,116,-89.0
TD+UNC,5,train,117,-100.0
TD+UNC,5,train,118,-114.0
TD+UNC,5,train,119,-78.0
TD+UNC,5,train,120,-107.0
TD+UNC,5,train,121,-141.0
TD+UNC,5,train,122,-85.0
TD+UNC,5,train,123,-121.0
TD+UNC,5,train,124,-100.0
TD+UNC,5,train,125,-94.0
TD+UNC,5,train,126,-115.0
TD+UNC,5,train,127,-109.0
TD+UNC,5,train,128,-77.0
TD+UNC,5,train,129,-108.0
TD+UNC,5,train,130,-85.0
TD+UNC,5,train,131,-91.0
TD+UNC,5,train,132,-139.0
TD+UNC,5,train,133,-115.0
TD+UNC,5,train,134,-77.0
TD+UNC,5,train,135,-100.0
TD+UNC,5,train,136,-79.0
TD+UNC,5,train,137,-84.0
TD+UNC,5,train,138,-77.0
TD+UNC,5,train,139,-98.0
TD+UNC,5,train,140,-108.0
TD+UNC,5,train,141,-112.0
TD+UNC,5,train,142,-71.0
TD+UNC,5,train,143,-91.0
TD+UNC,5,train,144,-83.0
TD+UNC,5,train,145,-101.0
TD+UNC,5,train,146,-65.0
TD+UNC,5,train,147,-93.0
TD+UNC,5,train,148,-79.0
TD+UNC,5,train,149,-92.0
TD+UNC,5,train,150,-108.0
TD+UNC,5,train,151,-106.0
TD+UNC,5,train,152,-109.0
TD+UNC,5,train,153,-75.0
TD+UNC,5,train,154,-99.0
TD+UNC,5,train,155,-91.0
TD+UNC,5,train,156,-148.0
TD+UNC,5,train,157,-194.0
TD+UNC,5,train,158,-77.0
TD+UNC,5,train,159,-95.0
TD+UNC,5,train,160,-104.0
TD+UNC,5,train,161,-98.0
TD+UNC,5,train,162,-95.0
TD+UNC,5,train,163,-88.0
TD+UNC,5,train,164,-114.0
TD+UNC,5,train,165,-93.0
TD+UNC,5,train,166,-64.0
TD+UNC,5,train,167,-159.0
TD+UNC,5,train,168,-187.0
TD+UNC,5,train,169,-101.0
TD+UNC,5,train,170,-64.0
TD+UNC,5,train,171,-83.0
TD+UNC,5,train,172,-129.0
TD+UNC,5,train,173,-110.0
TD+UNC,5,train,174,-103.0
TD+UNC,5,train,175,-108.0
TD+UNC,5,train,176,-86.0
TD+UNC,5,train,177,-89.0
TD+UNC,5,train,178,-100.0
TD+UNC,5,train,179,-97.0
TD+UNC,5,train,180,-91.0
TD+UNC,5,train,181,-90.0
TD+UNC,5,train,182,-114.0
TD+UNC,5,train,183,-99.0
TD+UNC,5,train,184,-98.0
TD+UNC,5,train,185,-137.0
TD+UNC,5,train,186,-361.0
TD+UNC,5,train,187,-85.0
TD+UNC,5,train,188,-130.0
TD+UNC,5,train,189,-89.0
TD+UNC,5,train,190,-98.0
TD+UNC,5,train,191,-82.0
TD+UNC,5,train,192,-84.0
TD+UNC,5,train,193,-158.0
TD+UNC,5,train,194,-88.0
TD+UNC,5,train,195,-83.0
TD+UNC,5,train,196,-104.0
TD+UNC,5,train,197,-88.0
TD+UNC,5,train,198,-79.0
TD+UNC,5,train,199,-75.0
TD+UNC,5,train,200,-101.0
TD+UNC,5,train,201,-79.0
TD+UNC,5,train,202,-93.0
TD+UNC,5,train,203,-89.0
TD+UNC,5,train,204,-125.0
TD+UNC,5,train,205,-77.0
TD+UNC,5,train,206,-107.0
TD+UNC,5,train,207,-77.0
TD+UNC,5,train,208,-98.0
TD+UNC,5,train,209,-129.0
TD+UNC,5,train,210,-113.0
TD+UNC,5,train,211,-92.0
TD+UNC,5,train,212,-95.0
TD+UNC,5,train,213,-235.0
TD+UNC,5,train,214,-95.0
TD+UNC,5,train,215,-138.0
TD+UNC,5,train,216,-90.0
TD+UNC,5,train,217,-104.0
TD+UNC,5,train,218,-119.0
TD+UNC,5,train,219,-89.0
TD+UNC,5,train,220,-207.0
TD+UNC,5,train,221,-77.0
TD+UNC,5,train,222,-83.0
TD+UNC,5,train,223,-125.0
TD+UNC,5,train,224,-95.0
TD+UNC,5,train,225,-115.0
TD+UNC,5,train,226,-83.0
TD+UNC,5,train,227,-81.0
TD+UNC,5,train,228,-122.0
TD+UNC,5,train,229,-100.0
TD+UNC,5,train,230,-88.0
TD+UNC,5,train,231,-82.0
TD+UNC,5,train,232,-82.0
TD+UNC,5,train,233,-86.0
TD+UNC,5,train,234,-100.0
TD+UNC,5,train,235,-90.0
TD+UNC,5,train,236,-168.0
TD+UNC,5,train,237,-129.0
TD+UNC,5,train,238,-69.0
TD+UNC,5,train,239,-70.0
TD+UNC,5,train,240,-108.0
TD+UNC,5,train,241,-94.0
TD+UNC,5,train,242,-92.0
TD+UNC,5,train,243,-114.0
TD+UNC,5,train,244,-77.0
TD+UNC,5,train,245,-82.0
TD+UNC,5,train,246,-84.0
TD+UNC,5,train,247,-83.0
TD+UNC,5,train,248,-78.0
TD+UNC,5,train,249,-118.0
TD+UNC,5,train,250,-118.0
TD+UNC,5,train,251,-84.0
TD+UNC,5,train,252,-81.0
TD+UNC,5,train,253,-90.0
TD+UNC,5,train,254,-69.0
TD+UNC,5,train,255,-100.0
TD+UNC,5,train,256,-199.0
TD+UNC,5,train,257,-92.0
TD+UNC,5,train,258,-79.0
TD+UNC,5,train,259,-93.0
TD+UNC,5,train,260,-104.0
TD+UNC,5,train,261,-91.0
TD+UNC,5,train,262,-81.0
TD+UNC,5,train,263,-83.0
TD+UNC,5,train,264,-115.0
TD+UNC,5,train,265,-96.0
TD+UNC,5,train,266,-111.0
TD+UNC,5,train,267,-85.0
TD+UNC,5,train,268,-87.0
TD+UNC,5,train,269,-93.0
TD+UNC,5,train,270,-85.0
TD+UNC,5,train,271,-100.0
TD+UNC,5,train,272,-86.0
TD+UNC,5,train,273,-90.0
TD+UNC,5,train,274,-123.0
TD+UNC,5,train,275,-109.0
TD+UNC,5,train,276,-124.0
TD+UNC,5,train,277,-109.0
TD+UNC,5,train,278,-101.0
TD+UNC,5,train,279,-110.0
TD+UNC,5,train,280,-78.0
TD+UNC,5,train,281,-108.0
TD+UNC,5,train,282,-88.0
TD+UNC,5,train,283,-116.0
TD+UNC,5,train,284,-103.0
TD+UNC,5,train,285,-87.0
TD+UNC,5,train,286,-122.0
TD+UNC,5,train,287,-127.0
TD+UNC,5,train,288,-105.0
TD+UNC,5,train,289,-93.0
TD+UNC,5,train,290,-64.0
TD+UNC,5,train,291,-97.0
TD+UNC,5,train,292,-123.0
TD+UNC,5,train,293,-85.0
TD+UNC,5,train,294,-90.0
TD+UNC,5,train,295,-100.0
TD+UNC,5,train,296,-79.0
TD+UNC,5,train,297,-143.0
TD+UNC,5,train,298,-99.0
TD+UNC,5,train,299,-166.0
TD+UNC,5,train,300,-79.0
TD+UNC,5,train,301,-63.0
TD+UNC,5,train,302,-96.0
TD+UNC,5,train,303,-104.0
TD+UNC,5,train,304,-100.0
TD+UNC,5,train,305,-96.0
TD+UNC,5,train,306,-92.0
TD+UNC,5,train,307,-93.0
TD+UNC,5,train,308,-78.0
TD+UNC,5,train,309,-71.0
TD+UNC,5,train,310,-114.0
TD+UNC,5,train,311,-77.0
TD+UNC,5,train,312,-127.0
TD+UNC,5,train,313,-111.0
TD+UNC,5,train,314,-80.0
TD+UNC,5,train,315,-77.0
TD+UNC,5,train,316,-131.0
TD+UNC,5,train,317,-116.0
TD+UNC,5,train,318,-78.0
TD+UNC,5,train,319,-90.0
TD+UNC,5,train,320,-92.0
TD+UNC,5,train,321,-110.0
TD+UNC,5,train,322,-91.0
TD+UNC,5,train,323,-108.0
TD+UNC,5,train,324,-86.0
TD+UNC,5,train,325,-130.0
TD+UNC,5,train,326,-74.0
TD+UNC,5,train,327,-105.0
TD+UNC,5,train,328,-132.0
TD+UNC,5,train,329,-100.0
TD+UNC,5,train,330,-86.0
TD+UNC,5,train,331,-105.0
TD+UNC,5,train,332,-105.0
TD+UNC,5,train,333,-127.0
TD+UNC,5,train,334,-110.0
TD+UNC,5,train,335,-108.0
TD+UNC,5,train,336,-99.0
TD+UNC,5,train,337,-90.0
TD+UNC,5,train,338,-193.0
TD+UNC,5,train,339,-110.0
TD+UNC,5,train,340,-194.0
TD+UNC,5,train,341,-103.0
TD+UNC,5,train,342,-94.0
TD+UNC,5,train,343,-80.0
TD+UNC,5,train,344,-104.0
TD+UNC,5,train,345,-63.0
TD+UNC,5,train,346,-97.0
TD+UNC,5,train,347,-223.0
TD+UNC,5,train,348,-69.0
TD+UNC,5,train,349,-106.0
TD+UNC,5,train,350,-85.0
TD+UNC,5,train,351,-106.0
TD+UNC,5,train,352,-109.0
TD+UNC,5,train,353,-98.0
TD+UNC,5,train,354,-110.0
TD+UNC,5,train,355,-86.0
TD+UNC,5,train,356,-90.0
TD+UNC,5,train,357,-99.0
TD+UNC,5,train,358,-91.0
TD+UNC,5,train,359,-144.0
TD+UNC,5,train,360,-111.0
TD+UNC,5,train,361,-122.0
TD+UNC,5,train,362,-85.0
TD+UNC,5,train,363,-74.0
TD+UNC,5,train,364,-68.0
TD+UNC,5,train,365,-92.0
TD+UNC,5,train,366,-92.0
TD+UNC,5,train,367,-126.0
TD+UNC,5,train,368,-71.0
TD+UNC,5,train,369,-113.0
TD+UNC,5,train,370,-96.0
TD+UNC,5,train,371,-76.0
TD+UNC,5,train,372,-96.0
TD+UNC,5,train,373,-90.0
TD+UNC,5,train,374,-93.0
TD+UNC,5,train,375,-159.0
TD+UNC,5,train,376,-82.0
TD+UNC,5,train,377,-97.0
TD+UNC,5,train,378,-77.0
TD+UNC,5,train,379,-79.0
TD+UNC,5,train,380,-119.0
TD+UNC,5,train,381,-95.0
TD+UNC,5,train,382,-81.0
TD+UNC,5,train,383,-87.0
TD+UNC,5,train,384,-101.0
TD+UNC,5,train,385,-83.0
TD+UNC,5,train,386,-94.0
TD+UNC,5,train,387,-121.0
TD+UNC,5,train,388,-146.0
TD+UNC,5,train,389,-101.0
TD+UNC,5,train,390,-75.0
TD+UNC,5,train,391,-72.0
TD+UNC,5,train,392,-96.0
TD+UNC,5,train,393,-102.0
TD+UNC,5,train,394,-81.0
TD+UNC,5,train,395,-93.0
TD+UNC,5,train,396,-72.0
TD+UNC,5,train,397,-90.0
TD+UNC,5,train,398,-100.0
TD+UNC,5,train,399,-93.0
TD+UNC,5,train,400,-122.0
TD+UNC,5,train,401,-106.0
TD+UNC,5,train,402,-219.0
TD+UNC,5,train,403,-139.0
TD+UNC,5,train,404,-84.0
TD+UNC,5,train,405,-122.0
TD+UNC,5,train,406,-71.0
TD+UNC,5,train,407,-96.0
TD+UNC,5,train,408,-101.0
TD+UNC,5,train,409,-84.0
TD+UNC,5,train,410,-105.0
TD+UNC,5,train,411,-122.0
TD+UNC,5,train,412,-127.0
TD+UNC,5,train,413,-92.0
TD+UNC,5,train,414,-77.0
TD+UNC,5,train,415,-118.0
TD+UNC,5,train,416,-98.0
TD+UNC,5,train,417,-87.0
TD+UNC,5,train,418,-104.0
TD+UNC,5,train,419,-78.0
TD+UNC,5,train,420,-76.0
TD+UNC,5,train,421,-69.0
TD+UNC,5,train,422,-87.0
TD+UNC,5,train,423,-115.0
TD+UNC,5,train,424,-95.0
TD+UNC,5,train,425,-77.0
TD+UNC,5,train,426,-87.0
TD+UNC,5,train,427,-94.0
TD+UNC,5,train,428,-88.0
TD+UNC,5,train,429,-88.0
TD+UNC,5,train,430,-79.0
TD+UNC,5,train,431,-78.0
TD+UNC,5,train,432,-111.0
TD+UNC,5,train,433,-69.0
TD+UNC,5,train,434,-80.0
TD+UNC,5,train,435,-87.0
TD+UNC,5,train,436,-62.0
TD+UNC,5,train,437,-87.0
TD+UNC,5,train,438,-77.0
TD+UNC,5,train,439,-93.0
TD+UNC,5,train,440,-86.0
TD+UNC,5,train,441,-112.0
TD+UNC,5,train,442,-70.0
TD+UNC,5,train,443,-112.0
TD+UNC,5,train,444,-77.0
TD+UNC,5,train,445,-103.0
TD+UNC,5,train,446,-113.0
TD+UNC,5,train,447,-103.0
TD+UNC,5,train,448,-118.0
TD+UNC,5,train,449,-106.0
TD+UNC,5,train,450,-99.0
TD+UNC,5,train,451,-86.0
TD+UNC,5,train,452,-123.0
TD+UNC,5,train,453,-88.0
TD+UNC,5,train,454,-88.0
TD+UNC,5,train,455,-94.0
TD+UNC,5,train,456,-84.0
TD+UNC,5,train,457,-68.0
TD+UNC,5,train,458,-137.0
TD+UNC,5,train,459,-75.0
TD+UNC,5,train,460,-85.0
TD+UNC,5,train,461,-116.0
TD+UNC,5,train,462,-79.0
TD+UNC,5,train,463,-87.0
TD+UNC,5,train,464,-164.0
TD+UNC,5,train,465,-77.0
TD+UNC,5,train,466,-99.0
TD+UNC,5,train,467,-103.0
TD+UNC,5,train,468,-106.0
TD+UNC,5,train,469,-70.0
TD+UNC,5,train,470,-69.0
TD+UNC,5,train,471,-90.0
TD+UNC,5,train,472,-77.0
TD+UNC,5,train,473,-89.0
TD+UNC,5,train,474,-104.0
TD+UNC,5,train,475,-106.0
TD+UNC,5,train,476,-109.0
TD+UNC,5,train,477,-100.0
TD+UNC,5,train,478,-79.0
TD+UNC,5,train,479,-107.0
TD+UNC,5,train,480,-95.0
TD+UNC,5,train,481,-114.0
TD+UNC,5,train,482,-102.0
TD+UNC,5,train,483,-95.0
TD+UNC,5,train,484,-74.0
TD+UNC,5,train,485,-106.0
TD+UNC,5,train,486,-87.0
TD+UNC,5,train,487,-78.0
TD+UNC,5,train,488,-133.0
TD+UNC,5,train,489,-99.0
TD+UNC,5,train,490,-77.0
TD+UNC,5,train,491,-87.0
TD+UNC,5,train,492,-85.0
TD+UNC,5,train,493,-109.0
TD+UNC,5,train,494,-86.0
TD+UNC,5,train,495,-81.0
TD+UNC,5,train,496,-84.0
TD+UNC,5,train,497,-96.0
TD+UNC,5,train,498,-69.0
TD+UNC,5,train,499,-82.0
TD+UNC,5,train,500,-101.0
TD+UNC,6,train,1,-324.0
TD+UNC,6,train,2,-500.0
TD+UNC,6,train,3,-500.0
TD+UNC,6,train,4,-500.0
TD+UNC,6,train,5,-500.0
TD+UNC,6,train,6,-429.0
TD+UNC,6,train,7,-193.0
TD+UNC,6,train,8,-396.0
TD+UNC,6,train,9,-291.0
TD+UNC,6,train,10,-500.0
TD+UNC,6,train,11,-500.0
TD+UNC,6,train,12,-222.0
TD+UNC,6,train,13,-280.0
TD+UNC,6,train,14,-218.0
TD+UNC,6,train,15,-479.0
TD+UNC,6,train,16,-500.0
TD+UNC,6,train,17,-500.0
TD+UNC,6,train,18,-172.0
TD+UNC,6,train,19,-500.0
TD+UNC,6,train,20,-458.0
TD+UNC,6,train,21,-467.0
TD+UNC,6,train,22,-454.0
TD+UNC,6,train,23,-234.0
TD+UNC,6,train,24,-261.0
TD+UNC,6,train,25,-408.0
TD+UNC,6,train,26,-250.0
TD+UNC,6,train,27,-272.0
TD+UNC,6,train,28,-165.0
TD+UNC,6,train,29,-191.0
TD+UNC,6,train,30,-473.0
TD+UNC,6,train,31,-147.0
TD+UNC,6,train,32,-317.0
TD+UNC,6,train,33,-184.0
TD+UNC,6,train,34,-363.0
TD+UNC,6,train,35,-500.0
TD+UNC,6,train,36,-500.0
TD+UNC,6,train,37,-230.0
TD+UNC,6,train,38,-181.0
TD+UNC,6,train,39,-500.0
TD+UNC,6,train,40,-500.0
TD+UNC,6,train,41,-500.0
TD+UNC,6,train,42,-236.0
TD+UNC,6,train,43,-500.0
TD+UNC,6,train,44,-500.0
TD+UNC,6,train,45,-398.0
TD+UNC,6,train,46,-383.0
TD+UNC,6,train,47,-500.0
TD+UNC,6,train,48,-500.0
TD+UNC,6,train,49,-500.0
TD+UNC,6,train,50,-500.0
TD+UNC,6,train,51,-500.0
TD+UNC,6,train,52,-500.0
TD+UNC,6,train,53,-150.0
TD+UNC,6,train,54,-500.0
TD+UNC,6,train,55,-393.0
TD+UNC,6,train,56,-236.0
TD+UNC,6,train,57,-221.0
TD+UNC,6,train,58,-134.0
TD+UNC,6,train,59,-216.0
TD+UNC,6,train,60,-500.0
TD+UNC,6,train,61,-159.0
TD+UNC,6,train,62,-227.0
TD+UNC,6,train,63,-211.0
TD+UNC,6,train,64,-500.0
TD+UNC,6,train,65,-252.0
TD+UNC,6,train,66,-303.0
TD+UNC,6,train,67,-153.0
TD+UNC,6,train,68,-143.0
TD+UNC,6,train,69,-124.0
TD+UNC,6,train,70,-147.0
TD+UNC,6,train,71,-145.0
TD+UNC,6,train,72,-202.0
TD+UNC,6,train,73,-366.0
TD+UNC,6,train,74,-262.0
TD+UNC,6,train,75,-85.0
TD+UNC,6,train,76,-109.0
TD+UNC,6,train,77,-246.0
TD+UNC,6,train,78,-153.0
TD+UNC,6,train,79,-146.0
TD+UNC,6,train,80,-112.0
TD+UNC,6,train,81,-202.0
TD+UNC,6,train,82,-341.0
TD+UNC,6,train,83,-202.0
TD+UNC,6,train,84,-312.0
TD+UNC,6,train,85,-294.0
TD+UNC,6,train,86,-166.0
TD+UNC,6,train,87,-104.0
TD+UNC,6,train,88,-265.0
TD+UNC,6,train,89,-126.0
TD+UNC,6,train,90,-244.0
TD+UNC,6,train,91,-177.0
TD+UNC,6,train,92,-167.0
TD+UNC,6,train,93,-288.0
TD+UNC,6,train,94,-114.0
TD+UNC,6,train,95,-106.0
TD+UNC,6,train,96,-192.0
TD+UNC,6,train,97,-119.0
TD+UNC,6,train,98,-153.0
TD+UNC,6,train,99,-99.0
TD+UNC,6,train,100,-209.0
TD+UNC,6,train,101,-141.0
TD+UNC,6,train,102,-119.0
TD+UNC,6,train,103,-164.0
TD+UNC,6,train,104,-183.0
TD+UNC,6,train,105,-406.0
TD+UNC,6,train,106,-109.0
TD+UNC,6,train,107,-120.0
TD+UNC,6,train,108,-90.0
TD+UNC,6,train,109,-150.0
TD+UNC,6,train,110,-126.0
TD+UNC,6,train,111,-86.0
TD+UNC,6,train,112,-191.0
TD+UNC,6,train,113,-115.0
TD+UNC,6,train,114,-119.0
TD+UNC,6,train,115,-154.0
TD+UNC,6,train,116,-98.0
TD+UNC,6,train,117,-189.0
TD+UNC,6,train,118,-206.0
TD+UNC,6,train,119,-124.0
TD+UNC,6,train,120,-110.0
TD+UNC,6,train,121,-153.0
TD+UNC,6,train,122,-182.0
TD+UNC,6,train,123,-92.0
TD+UNC,6,train,124,-111.0
TD+UNC,6,train,125,-100.0
TD+UNC,6,train,126,-157.0
TD+UNC,6,train,127,-126.0
TD+UNC,6,train,128,-167.0
TD+UNC,6,train,129,-175.0
TD+UNC,6,train,130,-92.0
TD+UNC,6,train,131,-282.0
TD+UNC,6,train,132,-96.0
TD+UNC,6,train,133,-84.0
TD+UNC,6,train,134,-97.0
TD+UNC,6,train,135,-153.0
TD+UNC,6,train,136,-113.0
TD+UNC,6,train,137,-160.0
TD+UNC,6,train,138,-96.0
TD+UNC,6,train,139,-86.0
TD+UNC,6,train,140,-103.0
TD+UNC,6,train,141,-85.0
TD+UNC,6,train,142,-126.0
TD+UNC,6,train,143,-118.0
TD+UNC,6,train,144,-184.0
TD+UNC,6,train,145,-86.0
TD+UNC,6,train,146,-173.0
TD+UNC,6,train,147,-64.0
TD+UNC,6,train,148,-128.0
TD+UNC,6,train,149,-123.0
TD+UNC,6,train,150,-165.0
TD+UNC,6,train,151,-106.0
TD+UNC,6,train,152,-164.0
TD+UNC,6,train,153,-154.0
TD+UNC,6,train,154,-130.0
TD+UNC,6,train,155,-132.0
TD+UNC,6,train,156,-86.0
TD+UNC,6,train,157,-125.0
TD+UNC,6,train,158,-148.0
TD+UNC,6,train,159,-123.0
TD+UNC,6,train,160,-96.0
TD+UNC,6,train,161,-134.0
TD+UNC,6,train,162,-151.0
TD+UNC,6,train,163,-117.0
TD+UNC,6,train,164,-87.0
TD+UNC,6,train,165,-93.0
TD+UNC,6,train,166,-97.0
TD+UNC,6,train,167,-149.0
TD+UNC,6,train,168,-107.0
TD+UNC,6,train,169,-122.0
TD+UNC,6,train,170,-151.0
TD+UNC,6,train,171,-117.0
TD+UNC,6,train,172,-177.0
TD+UNC,6,train,173,-110.0
TD+UNC,6,train,174,-87.0
TD+UNC,6,train,175,-145.0
TD+UNC,6,train,176,-126.0
TD+UNC,6,train,177,-123.0
TD+UNC,6,train,178,-107.0
TD+UNC,6,train,179,-72.0
TD+UNC,6,train,180,-88.0
TD+UNC,6,train,181,-101.0
TD+UNC,6,train,182,-100.0
TD+UNC,6,train,183,-104.0
TD+UNC,6,train,184,-101.0
TD+UNC,6,train,185,-177.0
TD+UNC,6,train,186,-113.0
TD+UNC,6,train,187,-120.0
TD+UNC,6,train,188,-85.0
TD+UNC,6,train,189,-71.0
TD+UNC,6,train,190,-99.0
TD+UNC,6,train,191,-125.0
TD+UNC,6,train,192,-168.0
TD+UNC,6,train,193,-102.0
TD+UNC,6,train,194,-90.0
TD+UNC,6,train,195,-124.0
TD+UNC,6,train,196,-142.0
TD+UNC,6,train,197,-119.0
TD+UNC,6,train,198,-123.0
TD+UNC,6,train,199,-131.0
TD+UNC,6,train,200,-90.0
TD+UNC,6,train,201,-92.0
TD+UNC,6,train,202,-106.0
TD+UNC,6,train,203,-92.0
TD+UNC,6,train,204,-151.0
TD+UNC,6,train,205,-83.0
TD+UNC,6,train,206,-198.0
TD+UNC,6,train,207,-162.0
TD+UNC,6,train,208,-150.0
TD+UNC,6,train,209,-161.0
TD+UNC,6,train,210,-140.0
TD+UNC,6,train,211,-95.0
TD+UNC,6,train,212,-78.0
TD+UNC,6,train,213,-138.0
TD+UNC,6,train,214,-164.0
TD+UNC,6,train,215,-110.0
TD+UNC,6,train,216,-109.0
TD+UNC,6,train,217,-92.0
TD+UNC,6,train,218,-85.0
TD+UNC,6,train,219,-155.0
TD+UNC,6,train,220,-76.0
TD+UNC,6,train,221,-135.0
TD+UNC,6,train,222,-134.0
TD+UNC,6,train,223,-101.0
TD+UNC,6,train,224,-93.0
TD+UNC,6,train,225,-111.0
TD+UNC,6,train,226,-107.0
TD+UNC,6,train,227,-117.0
TD+UNC,6,train,228,-102.0
TD+UNC,6,train,229,-78.0
TD+UNC,6,train,230,-95.0
TD+UNC,6,train,231,-69.0
TD+UNC,6,train,232,-140.0
TD+UNC,6,train,233,-98.0
TD+UNC,6,train,234,-118.0
TD+UNC,6,train,235,-122.0
TD+UNC,6,train,236,-94.0
TD+UNC,6,train,237,-108.0
TD+UNC,6,train,238,-198.0
TD+UNC,6,train,239,-105.0
TD+UNC,6,train,240,-94.0
TD+UNC,6,train,241,-94.0
TD+UNC,6,train,242,-84.0
TD+UNC,6,train,243,-123.0
TD+UNC,6,train,244,-119.0
TD+UNC,6,train,245,-124.0
TD+UNC,6,train,246,-106.0
TD+UNC,6,train,247,-83.0
TD+UNC,6,train,248,-114.0
TD+UNC,6,train,249,-95.0
TD+UNC,6,train,250,-94.0
TD+UNC,6,train,251,-96.0
TD+UNC,6,train,252,-118.0
TD+UNC,6,train,253,-70.0
TD+UNC,6,train,254,-98.0
TD+UNC,6,train,255,-98.0
TD+UNC,6,train,256,-116.0
TD+UNC,6,train,257,-107.0
TD+UNC,6,train,258,-114.0
TD+UNC,6,train,259,-108.0
TD+UNC,6,train,260,-88.0
TD+UNC,6,train,261,-85.0
TD+UNC,6,train,262,-79.0
TD+UNC,6,train,263,-110.0
TD+UNC,6,train,264,-124.0
TD+UNC,6,train,265,-116.0
TD+UNC,6,train,266,-85.0
TD+UNC,6,train,267,-123.0
TD+UNC,6,train,268,-91.0
TD+UNC,6,train,269,-109.0
TD+UNC,6,train,270,-204.0
TD+UNC,6,train,271,-108.0
TD+UNC,6,train,272,-95.0
TD+UNC,6,train,273,-81.0
TD+UNC,6,train,274,-155.0
TD+UNC,6,train,275,-94.0
TD+UNC,6,train,276,-86.0
TD+UNC,6,train,277,-119.0
TD+UNC,6,train,278,-139.0
TD+UNC,6,train,279,-89.0
TD+UNC,6,train,280,-72.0
TD+UNC,6,train,281,-135.0
TD+UNC,6,train,282,-94.0
TD+UNC,6,train,283,-110.0
TD+UNC,6,train,284,-111.0
TD+UNC,6,train,285,-153.0
TD+UNC,6,train,286,-137.0
TD+UNC,6,train,287,-87.0
TD+UNC,6,train,288,-85.0
TD+UNC,6,train,289,-94.0
TD+UNC,6,train,290,-126.0
TD+UNC,6,train,291,-118.0
TD+UNC,6,train,292,-101.0
TD+UNC,6,train,293,-387.0
TD+UNC,6,train,294,-149.0
TD+UNC,6,train,295,-94.0
TD+UNC,6,train,296,-291.0
TD+UNC,6,train,297,-109.0
TD+UNC,6,train,298,-152.0
TD+UNC,6,train,299,-100.0
TD+UNC,6,train,300,-125.0
TD+UNC,6,train,301,-94.0
TD+UNC,6,train,302,-107.0
TD+UNC,6,train,303,-94.0
TD+UNC,6,train,304,-86.0
TD+UNC,6,train,305,-115.0
TD+UNC,6,train,306,-118.0
TD+UNC,6,train,307,-92.0
TD+UNC,6,train,308,-105.0
TD+UNC,6,train,309,-86.0
TD+UNC,6,train,310,-117.0
TD+UNC,6,train,311,-93.0
TD+UNC,6,train,312,-112.0
TD+UNC,6,train,313,-86.0
TD+UNC,6,train,314,-105.0
TD+UNC,6,train,315,-97.0
TD+UNC,6,train,316,-105.0
TD+UNC,6,train,317,-91.0
TD+UNC,6,train,318,-72.0
TD+UNC,6,train,319,-133.0
TD+UNC,6,train,320,-100.0
TD+UNC,6,train,321,-93.0
TD+UNC,6,train,322,-96.0
TD+UNC,6,train,323,-115.0
TD+UNC,6,train,324,-106.0
TD+UNC,6,train,325,-106.0
TD+UNC,6,train,326,-93.0
TD+UNC,6,train,327,-205.0
TD+UNC,6,train,328,-93.0
TD+UNC,6,train,329,-92.0
TD+UNC,6,train,330,-140.0
TD+UNC,6,train,331,-130.0
TD+UNC,6,train,332,-132.0
TD+UNC,6,train,333,-112.0
TD+UNC,6,train,334,-91.0
TD+UNC,6,train,335,-114.0
TD+UNC,6,train,336,-109.0
TD+UNC,6,train,337,-115.0
TD+UNC,6,train,338,-106.0
TD+UNC,6,train,339,-93.0
TD+UNC,6,train,340,-149.0
TD+UNC,6,train,341,-105.0
TD+UNC,6,train,342,-77.0
TD+UNC,6,train,343,-85.0
TD+UNC,6,train,344,-97.0
TD+UNC,6,train,345,-120.0
TD+UNC,6,train,346,-105.0
TD+UNC,6,train,347,-111.0
TD+UNC,6,train,348,-119.0
TD+UNC,6,train,349,-132.0
TD+UNC,6,train,350,-64.0
TD+UNC,6,train,351,-85.0
TD+UNC,6,train,352,-131.0
TD+UNC,6,train,353,-110.0
TD+UNC,6,train,354,-102.0
TD+UNC,6,train,355,-200.0
TD+UNC,6,train,356,-114.0
TD+UNC,6,train,357,-79.0
TD+UNC,6,train,358,-128.0
TD+UNC,6,train,359,-95.0
TD+UNC,6,train,360,-120.0
TD+UNC,6,train,361,-106.0
TD+UNC,6,train,362,-119.0
TD+UNC,6,train,363,-95.0
TD+UNC,6,train,364,-110.0
TD+UNC,6,train,365,-144.0
TD+UNC,6,train,366,-115.0
TD+UNC,6,train,367,-120.0
TD+UNC,6,train,368,-115.0
TD+UNC,6,train,369,-87.0
TD+UNC,6,train,370,-88.0
TD+UNC,6,train,371,-131.0
TD+UNC,6,train,372,-97.0
TD+UNC,6,train,373,-112.0
TD+UNC,6,train,374,-102.0
TD+UNC,6,train,375,-84.0
TD+UNC,6,train,376,-97.0
TD+UNC,6,train,377,-69.0
TD+UNC,6,train,378,-105.0
TD+UNC,6,train,379,-95.0
TD+UNC,6,train,380,-115.0
TD+UNC,6,train,381,-89.0
TD+UNC,6,train,382,-78.0
TD+UNC,6,train,383,-102.0
TD+UNC,6,train,384,-104.0
TD+UNC,6,train,385,-128.0
TD+UNC,6,train,386,-95.0
TD+UNC,6,train,387,-99.0
TD+UNC,6,train,388,-107.0
TD+UNC,6,train,389,-85.0
TD+UNC,6,train,390,-107.0
TD+UNC,6,train,391,-98.0
TD+UNC,6,train,392,-111.0
TD+UNC,6,train,393,-102.0
TD+UNC,6,train,394,-120.0
TD+UNC,6,train,395,-72.0
TD+UNC,6,train,396,-71.0
TD+UNC,6,train,397,-77.0
TD+UNC,6,train,398,-74.0
TD+UNC,6,train,399,-95.0
TD+UNC,6,train,400,-117.0
TD+UNC,6,train,401,-126.0
TD+UNC,6,train,402,-116.0
TD+UNC,6,train,403,-78.0
TD+UNC,6,train,404,-77.0
TD+UNC,6,train,405,-94.0
TD+UNC,6,train,406,-115.0
TD+UNC,6,train,407,-93.0
TD+UNC,6,train,408,-89.0
TD+UNC,6,train,409,-103.0
TD+UNC,6,train,410,-78.0
TD+UNC,6,train,411,-84.0
TD+UNC,6,train,412,-104.0
TD+UNC,6,train,413,-219.0
TD+UNC,6,train,414,-142.0
TD+UNC,6,train,415,-142.0
TD+UNC,6,train,416,-113.0
TD+UNC,6,train,417,-100.0
TD+UNC,6,train,418,-142.0
TD+UNC,6,train,419,-116.0
TD+UNC,6,train,420,-100.0
TD+UNC,6,train,421,-107.0
TD+UNC,6,train,422,-86.0
TD+UNC,6,train,423,-104.0
TD+UNC,6,train,424,-90.0
TD+UNC,6,train,425,-85.0
TD+UNC,6,train,426,-77.0
TD+UNC,6,train,427,-86.0
TD+UNC,6,train,428,-122.0
TD+UNC,6,train,429,-84.0
TD+UNC,6,train,430,-93.0
TD+UNC,6,train,431,-109.0
TD+UNC,6,train,432,-123.0
TD+UNC,6,train,433,-78.0
TD+UNC,6,train,434,-86.0
TD+UNC,6,train,435,-106.0
TD+UNC,6,train,436,-103.0
TD+UNC,6,train,437,-105.0
TD+UNC,6,train,438,-71.0
TD+UNC,6,train,439,-137.0
TD+UNC,6,train,440,-108.0
TD+UNC,6,train,441,-106.0
TD+UNC,6,train,442,-97.0
TD+UNC,6,train,443,-104.0
TD+UNC,6,train,444,-115.0
TD+UNC,6,train,445,-110.0
TD+UNC,6,train,446,-132.0
TD+UNC,6,train,447,-104.0
TD+UNC,6,train,448,-121.0
TD+UNC,6,train,449,-92.0
TD+UNC,6,train,450,-146.0
TD+UNC,6,train,451,-88.0
TD+UNC,6,train,452,-91.0
TD+UNC,6,train,453,-83.0
TD+UNC,6,train,454,-96.0
TD+UNC,6,train,455,-107.0
TD+UNC,6,train,456,-104.0
TD+UNC,6,train,457,-113.0
TD+UNC,6,train,458,-105.0
TD+UNC,6,train,459,-121.0
TD+UNC,6,train,460,-97.0
TD+UNC,6,train,461,-93.0
TD+UNC,6,train,462,-137.0
TD+UNC,6,train,463,-77.0
TD+UNC,6,train,464,-85.0
TD+UNC,6,train,465,-89.0
TD+UNC,6,train,466,-80.0
TD+UNC,6,train,467,-78.0
TD+UNC,6,train,468,-105.0
TD+UNC,6,train,469,-85.0
TD+UNC,6,train,470,-86.0
TD+UNC,6,train,471,-91.0
TD+UNC,6,train,472,-91.0
TD+UNC,6,train,473,-124.0
TD+UNC,6,train,474,-129.0
TD+UNC,6,train,475,-117.0
TD+UNC,6,train,476,-136.0
TD+UNC,6,train,477,-129.0
TD+UNC,6,train,478,-96.0
TD+UNC,6,train,479,-107.0
TD+UNC,6,train,480,-81.0
TD+UNC,6,train,481,-79.0
TD+UNC,6,train,482,-121.0
TD+UNC,6,train,483,-101.0
TD+UNC,6,train,484,-127.0
TD+UNC,6,train,485,-105.0
TD+UNC,6,train,486,-87.0
TD+UNC,6,train,487,-140.0
TD+UNC,6,train,488,-99.0
TD+UNC,6,train,489,-69.0
TD+UNC,6,train,490,-101.0
TD+UNC,6,train,491,-86.0
TD+UNC,6,train,492,-80.0
TD+UNC,6,train,493,-96.0
TD+UNC,6,train,494,-103.0
TD+UNC,6,train,495,-81.0
TD+UNC,6,train,496,-91.0
TD+UNC,6,train,497,-96.0
TD+UNC,6,train,498,-79.0
TD+UNC,6,train,499,-80.0
TD+UNC,6,train,500,-97.0
TD+UNC,7,train,1,-500.0
TD+UNC,7,train,2,-500.0
TD+UNC,7,train,3,-500.0
TD+UNC,7,train,4,-500.0
TD+UNC,7,train,5,-500.0
TD+UNC,7,train,6,-500.0
TD+UNC,7,train,7,-500.0
TD+UNC,7,train,8,-276.0
TD+UNC,7,train,9,-112.0
TD+UNC,7,train,10,-201.0
TD+UNC,7,train,11,-89.0
TD+UNC,7,train,12,-117.0
TD+UNC,7,train,13,-92.0
TD+UNC,7,train,14,-79.0
TD+UNC,7,train,15,-107.0
TD+UNC,7,train,16,-123.0
TD+UNC,7,train,17,-140.0
TD+UNC,7,train,18,-99.0
TD+UNC,7,train,19,-91.0
TD+UNC,7,train,20,-118.0
TD+UNC,7,train,21,-182.0
TD+UNC,7,train,22,-95.0
TD+UNC,7,train,23,-134.0
TD+UNC,7,train,24,-86.0
TD+UNC,7,train,25,-84.0
TD+UNC,7,train,26,-96.0
TD+UNC,7,train,27,-185.0
TD+UNC,7,train,28,-120.0
TD+UNC,7,train,29,-142.0
TD+UNC,7,train,30,-100.0
TD+UNC,7,train,31,-89.0
TD+UNC,7,train,32,-157.0
TD+UNC,7,train,33,-87.0
TD+UNC,7,train,34,-102.0
TD+UNC,7,train,35,-182.0
TD+UNC,7,train,36,-108.0
TD+UNC,7,train,37,-193.0
TD+UNC,7,train,38,-95.0
TD+UNC,7,train,39,-108.0
TD+UNC,7,train,40,-97.0
TD+UNC,7,train,41,-191.0
TD+UNC,7,train,42,-138.0
TD+UNC,7,train,43,-75.0
TD+UNC,7,train,44,-129.0
TD+UNC,7,train,45,-114.0
TD+UNC,7,train,46,-111.0
TD+UNC,7,train,47,-102.0
TD+UNC,7,train,48,-102.0
TD+UNC,7,train,49,-136.0
TD+UNC,7,train,50,-108.0
TD+UNC,7,train,51,-135.0
TD+UNC,7,train,52,-136.0
TD+UNC,7,train,53,-130.0
TD+UNC,7,train,54,-97.0
TD+UNC,7,train,55,-112.0
TD+UNC,7,train,56,-268.0
TD+UNC,7,train,57,-139.0
TD+UNC,7,train,58,-346.0
TD+UNC,7,train,59,-245.0
TD+UNC,7,train,60,-98.0
TD+UNC,7,train,61,-106.0
TD+UNC,7,train,62,-108.0
TD+UNC,7,train,63,-138.0
TD+UNC,7,train,64,-211.0
TD+UNC,7,train,65,-134.0
TD+UNC,7,train,66,-126.0
TD+UNC,7,train,67,-108.0
TD+UNC,7,train,68,-138.0
TD+UNC,7,train,69,-188.0
TD+UNC,7,train,70,-136.0
TD+UNC,7,train,71,-157.0
TD+UNC,7,train,72,-182.0
TD+UNC,7,train,73,-182.0
TD+UNC,7,train,74,-115.0
TD+UNC,7,train,75,-119.0
TD+UNC,7,train,76,-105.0
TD+UNC,7,train,77,-111.0
TD+UNC,7,train,78,-133.0
TD+UNC,7,train,79,-379.0
TD+UNC,7,train,80,-77.0
TD+UNC,7,train,81,-96.0
TD+UNC,7,train,82,-93.0
TD+UNC,7,train,83,-91.0
TD+UNC,7,train,84,-141.0
TD+UNC,7,train,85,-361.0
TD+UNC,7,train,86,-165.0
TD+UNC,7,train,87,-125.0
TD+UNC,7,train,88,-133.0
TD+UNC,7,train,89,-155.0
TD+UNC,7,train,90,-145.0
TD+UNC,7,train,91,-500.0
TD+UNC,7,train,92,-255.0
TD+UNC,7,train,93,-104.0
TD+UNC,7,train,94,-158.0
TD+UNC,7,train,95,-167.0
TD+UNC,7,train,96,-109.0
TD+UNC,7,train,97,-134.0
TD+UNC,7,train,98,-347.0
TD+UNC,7,train,99,-347.0
TD+UNC,7,train,100,-94.0
TD+UNC,7,train,101,-162.0
TD+UNC,7,train,102,-93.0
TD+UNC,7,train,103,-177.0
TD+UNC,7,train,104,-129.0
TD+UNC,7,train,105,-138.0
TD+UNC,7,train,106,-124.0
TD+UNC,7,train,107,-89.0
TD+UNC,7,train,108,-169.0
TD+UNC,7,train,109,-136.0
TD+UNC,7,train,110,-120.0
TD+UNC,7,train,111,-130.0
TD+UNC,7,train,112,-122.0
TD+UNC,7,train,113,-224.0
TD+UNC,7,train,114,-208.0
TD+UNC,7,train,115,-119.0
TD+UNC,7,train,116,-93.0
TD+UNC,7,train,117,-161.0
TD+UNC,7,train,118,-187.0
TD+UNC,7,train,119,-92.0
TD+UNC,7,train,120,-176.0
TD+UNC,7,train,121,-143.0
TD+UNC,7,train,122,-133.0
TD+UNC,7,train,123,-252.0
TD+UNC,7,train,124,-132.0
TD+UNC,7,train,125,-111.0
TD+UNC,7,train,126,-85.0
TD+UNC,7,train,127,-140.0
TD+UNC,7,train,128,-343.0
TD+UNC,7,train,129,-233.0
TD+UNC,7,train,130,-87.0
TD+UNC,7,train,131,-231.0
TD+UNC,7,train,132,-89.0
TD+UNC,7,train,133,-170.0
TD+UNC,7,train,134,-116.0
TD+UNC,7,train,135,-175.0
TD+UNC,7,train,136,-112.0
TD+UNC,7,train,137,-212.0
TD+UNC,7,train,138,-133.0
TD+UNC,7,train,139,-169.0
TD+UNC,7,train,140,-126.0
TD+UNC,7,train,141,-149.0
TD+UNC,7,train,142,-104.0
TD+UNC,7,train,143,-112.0
TD+UNC,7,train,144,-168.0
TD+UNC,7,train,145,-144.0
TD+UNC,7,train,146,-148.0
TD+UNC,7,train,147,-227.0
TD+UNC,7,train,148,-253.0
TD+UNC,7,train,149,-155.0
TD+UNC,7,train,150,-174.0
TD+UNC,7,train,151,-161.0
TD+UNC,7,train,152,-155.0
TD+UNC,7,train,153,-119.0
TD+UNC,7,train,154,-114.0
TD+UNC,7,train,155,-151.0
TD+UNC,7,train,156,-120.0
TD+UNC,7,train,157,-191.0
TD+UNC,7,train,158,-350.0
TD+UNC,7,train,159,-157.0
TD+UNC,7,train,160,-155.0
TD+UNC,7,train,161,-144.0
TD+UNC,7,train,162,-154.0
TD+UNC,7,train,163,-107.0
TD+UNC,7,train,164,-142.0
TD+UNC,7,train,165,-152.0
TD+UNC,7,train,166,-143.0
TD+UNC,7,train,167,-103.0
TD+UNC,7,train,168,-116.0
TD+UNC,7,train,169,-92.0
TD+UNC,7,train,170,-104.0
TD+UNC,7,train,171,-147.0
TD+UNC,7,train,172,-80.0
TD+UNC,7,train,173,-121.0
TD+UNC,7,train,174,-98.0
TD+UNC,7,train,175,-151.0
TD+UNC,7,train,176,-96.0
TD+UNC,7,train,177,-149.0
TD+UNC,7,train,178,-129.0
TD+UNC,7,train,179,-138.0
TD+UNC,7,train,180,-121.0
TD+UNC,7,train,181,-115.0
TD+UNC,7,train,182,-151.0
TD+UNC,7,train,183,-72.0
TD+UNC,7,train,184,-153.0
TD+UNC,7,train,185,-101.0
TD+UNC,7,train,186,-125.0
TD+UNC,7,train,187,-83.0
TD+UNC,7,train,188,-102.0
TD+UNC,7,train,189,-125.0
TD+UNC,7,train,190,-111.0
TD+UNC,7,train,191,-79.0
TD+UNC,7,train,192,-118.0
TD+UNC,7,train,193,-110.0
TD+UNC,7,train,194,-176.0
TD+UNC,7,train,195,-99.0
TD+UNC,7,train,196,-115.0
TD+UNC,7,train,197,-112.0
TD+UNC,7,train,198,-220.0
TD+UNC,7,train,199,-119.0
TD+UNC,7,train,200,-98.0
TD+UNC,7,train,201,-113.0
TD+UNC,7,train,202,-102.0
TD+UNC,7,train,203,-121.0
TD+UNC,7,train,204,-103.0
TD+UNC,7,train,205,-118.0
TD+UNC,7,train,206,-130.0
TD+UNC,7,train,207,-100.0
TD+UNC,7,train,208,-89.0
TD+UNC,7,train,209,-85.0
TD+UNC,7,train,210,-97.0
TD+UNC,7,train,211,-80.0
TD+UNC,7,train,212,-95.0
TD+UNC,7,train,213,-126.0
TD+UNC,7,train,214,-105.0
TD+UNC,7,train,215,-101.0
TD+UNC,7,train,216,-91.0
TD+UNC,7,train,217,-84.0
TD+UNC,7,train,218,-96.0
TD+UNC,7,train,219,-113.0
TD+UNC,7,train,220,-103.0
TD+UNC,7,train,221,-100.0
TD+UNC,7,train,222,-84.0
TD+UNC,7,train,223,-87.0
TD+UNC,7,train,224,-121.0
TD+UNC,7,train,225,-87.0
TD+UNC,7,train,226,-109.0
TD+UNC,7,train,227,-120.0
TD+UNC,7,train,228,-87.0
TD+UNC,7,train,229,-109.0
TD+UNC,7,train,230,-100.0
TD+UNC,7,train,231,-149.0
TD+UNC,7,train,232,-139.0
TD+UNC,7,train,233,-112.0
TD+UNC,7,train,234,-95.0
TD+UNC,7,train,235,-85.0
TD+UNC,7,train,236,-114.0
TD+UNC,7,train,237,-79.0
TD+UNC,7,train,238,-86.0
TD+UNC,7,train,239,-108.0
TD+UNC,7,train,240,-100.0
TD+UNC,7,train,241,-112.0
TD+UNC,7,train,242,-111.0
TD+UNC,7,train,243,-103.0
TD+UNC,7,train,244,-101.0
TD+UNC,7,train,245,-92.0
TD+UNC,7,train,246,-88.0
TD+UNC,7,train,247,-162.0
TD+UNC,7,train,248,-110.0
TD+UNC,7,train,249,-93.0
TD+UNC,7,train,250,-126.0
TD+UNC,7,train,251,-70.0
TD+UNC,7,train,252,-83.0
TD+UNC,7,train,253,-106.0
TD+UNC,7,train,254,-91.0
TD+UNC,7,train,255,-126.0
TD+UNC,7,train,256,-134.0
TD+UNC,7,train,257,-106.0
TD+UNC,7,train,258,-85.0
TD+UNC,7,train,259,-93.0
TD+UNC,7,train,260,-128.0
TD+UNC,7,train,261,-145.0
TD+UNC,7,train,262,-90.0
TD+UNC,7,train,263,-83.0
TD+UNC,7,train,264,-93.0
TD+UNC,7,train,265,-155.0
TD+UNC,7,train,266,-91.0
TD+UNC,7,train,267,-95.0
TD+UNC,7,train,268,-90.0
TD+UNC,7,train,269,-136.0
TD+UNC,7,train,270,-121.0
TD+UNC,7,train,271,-113.0
TD+UNC,7,train,272,-118.0
TD+UNC,7,train,273,-107.0
TD+UNC,7,train,274,-85.0
TD+UNC,7,train,275,-127.0
TD+UNC,7,train,276,-94.0
TD+UNC,7,train,277,-259.0
TD+UNC,7,train,278,-204.0
TD+UNC,7,train,279,-117.0
TD+UNC,7,train,280,-104.0
TD+UNC,7,train,281,-273.0
TD+UNC,7,train,282,-79.0
TD+UNC,7,train,283,-98.0
TD+UNC,7,train,284,-78.0
TD+UNC,7,train,285,-103.0
TD+UNC,7,train,286,-119.0
TD+UNC,7,train,287,-101.0
TD+UNC,7,train,288,-135.0
TD+UNC,7,train,289,-92.0
TD+UNC,7,train,290,-110.0
TD+UNC,7,train,291,-109.0
TD+UNC,7,train,292,-104.0
TD+UNC,7,train,293,-103.0
TD+UNC,7,train,294,-106.0
TD+UNC,7,train,295,-112.0
TD+UNC,7,train,296,-78.0
TD+UNC,7,train,297,-68.0
TD+UNC,7,train,298,-116.0
TD+UNC,7,train,299,-88.0
TD+UNC,7,train,300,-205.0
TD+UNC,7,train,301,-137.0
TD+UNC,7,train,302,-117.0
TD+UNC,7,train,303,-85.0
TD+UNC,7,train,304,-500.0
TD+UNC,7,train,305,-85.0
TD+UNC,7,train,306,-78.0
TD+UNC,7,train,307,-96.0
TD+UNC,7,train,308,-96.0
TD+UNC,7,train,309,-102.0
TD+UNC,7,train,310,-108.0
TD+UNC,7,train,311,-101.0
TD+UNC,7,train,312,-132.0
TD+UNC,7,train,313,-109.0
TD+UNC,7,train,314,-89.0
TD+UNC,7,train,315,-90.0
TD+UNC,7,train,316,-80.0
TD+UNC,7,train,317,-122.0
TD+UNC,7,train,318,-84.0
TD+UNC,7,train,319,-106.0
TD+UNC,7,train,320,-104.0
TD+UNC,7,train,321,-104.0
TD+UNC,7,train,322,-69.0
TD+UNC,7,train,323,-102.0
TD+UNC,7,train,324,-94.0
TD+UNC,7,train,325,-221.0
TD+UNC,7,train,326,-107.0
TD+UNC,7,train,327,-103.0
TD+UNC,7,train,328,-169.0
TD+UNC,7,train,329,-71.0
TD+UNC,7,train,330,-96.0
TD+UNC,7,train,331,-84.0
TD+UNC,7,train,332,-78.0
TD+UNC,7,train,333,-113.0
TD+UNC,7,train,334,-126.0
TD+UNC,7,train,335,-92.0
TD+UNC,7,train,336,-82.0
TD+UNC,7,train,337,-81.0
TD+UNC,7,train,338,-132.0
TD+UNC,7,train,339,-95.0
TD+UNC,7,train,340,-125.0
TD+UNC,7,train,341,-92.0
TD+UNC,7,train,342,-86.0
TD+UNC,7,train,343,-88.0
TD+UNC,7,train,344,-98.0
TD+UNC,7,train,345,-111.0
TD+UNC,7,train,346,-93.0
TD+UNC,7,train,347,-93.0
TD+UNC,7,train,348,-119.0
TD+UNC,7,train,349,-93.0
TD+UNC,7,train,350,-500.0
TD+UNC,7,train,351,-500.0
TD+UNC,7,train,352,-122.0
TD+UNC,7,train,353,-94.0
TD+UNC,7,train,354,-99.0
TD+UNC,7,train,355,-114.0
TD+UNC,7,train,356,-84.0
TD+UNC,7,train,357,-104.0
TD+UNC,7,train,358,-102.0
TD+UNC,7,train,359,-83.0
TD+UNC,7,train,360,-129.0
TD+UNC,7,train,361,-75.0
TD+UNC,7,train,362,-85.0
TD+UNC,7,train,363,-84.0
TD+UNC,7,train,364,-81.0
TD+UNC,7,train,365,-113.0
TD+UNC,7,train,366,-84.0
TD+UNC,7,train,367,-115.0
TD+UNC,7,train,368,-482.0
TD+UNC,7,train,369,-84.0
TD+UNC,7,train,370,-92.0
TD+UNC,7,train,371,-84.0
TD+UNC,7,train,372,-104.0
TD+UNC,7,train,373,-110.0
TD+UNC,7,train,374,-218.0
TD+UNC,7,train,375,-89.0
TD+UNC,7,train,376,-212.0
TD+UNC,7,train,377,-150.0
TD+UNC,7,train,378,-138.0
TD+UNC,7,train,379,-110.0
TD+UNC,7,train,380,-500.0
TD+UNC,7,train,381,-500.0
TD+UNC,7,train,382,-80.0
TD+UNC,7,train,383,-134.0
TD+UNC,7,train,384,-103.0
TD+UNC,7,train,385,-102.0
TD+UNC,7,train,386,-113.0
TD+UNC,7,train,387,-91.0
TD+UNC,7,train,388,-116.0
TD+UNC,7,train,389,-146.0
TD+UNC,7,train,390,-104.0
TD+UNC,7,train,391,-101.0
TD+UNC,7,train,392,-78.0
TD+UNC,7,train,393,-90.0
TD+UNC,7,train,394,-105.0
TD+UNC,7,train,395,-93.0
TD+UNC,7,train,396,-126.0
TD+UNC,7,train,397,-259.0
TD+UNC,7,train,398,-86.0
TD+UNC,7,train,399,-91.0
TD+UNC,7,train,400,-110.0
TD+UNC,7,train,401,-103.0
TD+UNC,7,train,402,-69.0
TD+UNC,7,train,403,-116.0
TD+UNC,7,train,404,-92.0
TD+UNC,7,train,405,-100.0
TD+UNC,7,train,406,-95.0
TD+UNC,7,train,407,-500.0
TD+UNC,7,train,408,-115.0
TD+UNC,7,train,409,-140.0
TD+UNC,7,train,410,-92.0
TD+UNC,7,train,411,-140.0
TD+UNC,7,train,412,-88.0
TD+UNC,7,train,413,-97.0
TD+UNC,7,train,414,-87.0
TD+UNC,7,train,415,-98.0
TD+UNC,7,train,416,-110.0
TD+UNC,7,train,417,-84.0
TD+UNC,7,train,418,-104.0
TD+UNC,7,train,419,-92.0
TD+UNC,7,train,420,-137.0
TD+UNC,7,train,421,-105.0
TD+UNC,7,train,422,-132.0
TD+UNC,7,train,423,-101.0
TD+UNC,7,train,424,-100.0
TD+UNC,7,train,425,-500.0
TD+UNC,7,train,426,-72.0
TD+UNC,7,train,427,-90.0
TD+UNC,7,train,428,-89.0
TD+UNC,7,train,429,-113.0
TD+UNC,7,train,430,-125.0
TD+UNC,7,train,431,-97.0
TD+UNC,7,train,432,-102.0
TD+UNC,7,train,433,-115.0
TD+UNC,7,train,434,-131.0
TD+UNC,7,train,435,-70.0
TD+UNC,7,train,436,-101.0
TD+UNC,7,train,437,-99.0
TD+UNC,7,train,438,-72.0
TD+UNC,7,train,439,-93.0
TD+UNC,7,train,440,-111.0
TD+UNC,7,train,441,-126.0
TD+UNC,7,train,442,-107.0
TD+UNC,7,train,443,-101.0
TD+UNC,7,train,444,-129.0
TD+UNC,7,train,445,-87.0
TD+UNC,7,train,446,-123.0
TD+UNC,7,train,447,-80.0
TD+UNC,7,train,448,-107.0
TD+UNC,7,train,449,-92.0
TD+UNC,7,train,450,-93.0
TD+UNC,7,train,451,-105.0
TD+UNC,7,train,452,-135.0
TD+UNC,7,train,453,-96.0
TD+UNC,7,train,454,-112.0
TD+UNC,7,train,455,-194.0
TD+UNC,7,train,456,-92.0
TD+UNC,7,train,457,-140.0
TD+UNC,7,train,458,-104.0
TD+UNC,7,train,459,-118.0
TD+UNC,7,train,460,-94.0
TD+UNC,7,train,461,-85.0
TD+UNC,7,train,462,-78.0
TD+UNC,7,train,463,-119.0
TD+UNC,7,train,464,-101.0
TD+UNC,7,train,465,-104.0
TD+UNC,7,train,466,-90.0
TD+UNC,7,train,467,-111.0
TD+UNC,7,train,468,-139.0
TD+UNC,7,train,469,-115.0
TD+UNC,7,train,470,-88.0
TD+UNC,7,train,471,-71.0
TD+UNC,7,train,472,-94.0
TD+UNC,7,train,473,-108.0
TD+UNC,7,train,474,-117.0
TD+UNC,7,train,475,-97.0
TD+UNC,7,train,476,-79.0
TD+UNC,7,train,477,-145.0
TD+UNC,7,train,478,-92.0
TD+UNC,7,train,479,-146.0
TD+UNC,7,train,480,-87.0
TD+UNC,7,train,481,-118.0
TD+UNC,7,train,482,-185.0
TD+UNC,7,train,483,-96.0
TD+UNC,7,train,484,-123.0
TD+UNC,7,train,485,-110.0
TD+UNC,7,train,486,-107.0
TD+UNC,7,train,487,-143.0
TD+UNC,7,train,488,-122.0
TD+UNC,7,train,489,-91.0
TD+UNC,7,train,490,-88.0
TD+UNC,7,train,491,-121.0
TD+UNC,7,train,492,-142.0
TD+UNC,7,train,493,-94.0
TD+UNC,7,train,494,-116.0
TD+UNC,7,train,495,-86.0
TD+UNC,7,train,496,-69.0
TD+UNC,7,train,497,-112.0
TD+UNC,7,train,498,-111.0
TD+UNC,7,train,499,-69.0
TD+UNC,7,train,500,-98.0
TD+UNC,8,train,1,-494.0
TD+UNC,8,train,2,-500.0
TD+UNC,8,train,3,-500.0
TD+UNC,8,train,4,-500.0
TD+UNC,8,train,5,-500.0
TD+UNC,8,train,6,-500.0
TD+UNC,8,train,7,-500.0
TD+UNC,8,train,8,-465.0
TD+UNC,8,train,9,-166.0
TD+UNC,8,train,10,-148.0
TD+UNC,8,train,11,-154.0
TD+UNC,8,train,12,-264.0
TD+UNC,8,train,13,-287.0
TD+UNC,8,train,14,-500.0
TD+UNC,8,train,15,-279.0
TD+UNC,8,train,16,-500.0
TD+UNC,8,train,17,-500.0
TD+UNC,8,train,18,-468.0
TD+UNC,8,train,19,-500.0
TD+UNC,8,train,20,-500.0
TD+UNC,8,train,21,-500.0
TD+UNC,8,train,22,-500.0
TD+UNC,8,train,23,-500.0
TD+UNC,8,train,24,-165.0
TD+UNC,8,train,25,-184.0
TD+UNC,8,train,26,-146.0
TD+UNC,8,train,27,-319.0
TD+UNC,8,train,28,-500.0
TD+UNC,8,train,29,-157.0
TD+UNC,8,train,30,-500.0
TD+UNC,8,train,31,-500.0
TD+UNC,8,train,32,-321.0
TD+UNC,8,train,33,-500.0
TD+UNC,8,train,34,-500.0
TD+UNC,8,train,35,-478.0
TD+UNC,8,train,36,-500.0
TD+UNC,8,train,37,-500.0
TD+UNC,8,train,38,-281.0
TD+UNC,8,train,39,-500.0
TD+UNC,8,train,40,-471.0
TD+UNC,8,train,41,-500.0
TD+UNC,8,train,42,-182.0
TD+UNC,8,train,43,-500.0
TD+UNC,8,train,44,-500.0
TD+UNC,8,train,45,-200.0
TD+UNC,8,train,46,-142.0
TD+UNC,8,train,47,-500.0
TD+UNC,8,train,48,-218.0
TD+UNC,8,train,49,-128.0
TD+UNC,8,train,50,-424.0
TD+UNC,8,train,51,-268.0
TD+UNC,8,train,52,-307.0
TD+UNC,8,train,53,-146.0
TD+UNC,8,train,54,-147.0
TD+UNC,8,train,55,-321.0
TD+UNC,8,train,56,-243.0
TD+UNC,8,train,57,-197.0
TD+UNC,8,train,58,-130.0
TD+UNC,8,train,59,-257.0
TD+UNC,8,train,60,-217.0
TD+UNC,8,train,61,-132.0
TD+UNC,8,train,62,-239.0
TD+UNC,8,train,63,-112.0
TD+UNC,8,train,64,-189.0
TD+UNC,8,train,65,-166.0
TD+UNC,8,train,66,-240.0
TD+UNC,8,train,67,-150.0
TD+UNC,8,train,68,-229.0
TD+UNC,8,train,69,-184.0
TD+UNC,8,train,70,-119.0
TD+UNC,8,train,71,-244.0
TD+UNC,8,train,72,-188.0
TD+UNC,8,train,73,-164.0
TD+UNC,8,train,74,-443.0
TD+UNC,8,train,75,-257.0
TD+UNC,8,train,76,-300.0
TD+UNC,8,train,77,-500.0
TD+UNC,8,train,78,-155.0
TD+UNC,8,train,79,-135.0
TD+UNC,8,train,80,-181.0
TD+UNC,8,train,81,-273.0
TD+UNC,8,train,82,-147.0
TD+UNC,8,train,83,-114.0
TD+UNC,8,train,84,-107.0
TD+UNC,8,train,85,-142.0
TD+UNC,8,train,86,-94.0
TD+UNC,8,train,87,-225.0
TD+UNC,8,train,88,-246.0
TD+UNC,8,train,89,-132.0
TD+UNC,8,train,90,-149.0
TD+UNC,8,train,91,-160.0
TD+UNC,8,train,92,-145.0
TD+UNC,8,train,93,-104.0
TD+UNC,8,train,94,-164.0
TD+UNC,8,train,95,-247.0
TD+UNC,8,train,96,-211.0
TD+UNC,8,train,97,-81.0
TD+UNC,8,train,98,-165.0
TD+UNC,8,train,99,-126.0
TD+UNC,8,train,100,-149.0
TD+UNC,8,train,101,-144.0
TD+UNC,8,train,102,-124.0
TD+UNC,8,train,103,-93.0
TD+UNC,8,train,104,-97.0
TD+UNC,8,train,105,-243.0
TD+UNC,8,train,106,-172.0
TD+UNC,8,train,107,-132.0
TD+UNC,8,train,108,-206.0
TD+UNC,8,train,109,-498.0
TD+UNC,8,train,110,-222.0
TD+UNC,8,train,111,-500.0
TD+UNC,8,train,112,-258.0
TD+UNC,8,train,113,-418.0
TD+UNC,8,train,114,-152.0
TD+UNC,8,train,115,-167.0
TD+UNC,8,train,116,-122.0
TD+UNC,8,train,117,-109.0
TD+UNC,8,train,118,-120.0
TD+UNC,8,train,119,-124.0
TD+UNC,8,train,120,-149.0
TD+UNC,8,train,121,-280.0
TD+UNC,8,train,122,-299.0
TD+UNC,8,train,123,-129.0
TD+UNC,8,train,124,-91.0
TD+UNC,8,train,125,-136.0
TD+UNC,8,train,126,-109.0
TD+UNC,8,train,127,-78.0
TD+UNC,8,train,128,-76.0
TD+UNC,8,train,129,-208.0
TD+UNC,8,train,130,-136.0
TD+UNC,8,train,131,-129.0
TD+UNC,8,train,132,-107.0
TD+UNC,8,train,133,-115.0
TD+UNC,8,train,134,-159.0
TD+UNC,8,train,135,-143.0
TD+UNC,8,train,136,-116.0
TD+UNC,8,train,137,-224.0
TD+UNC,8,train,138,-112.0
TD+UNC,8,train,139,-132.0
TD+UNC,8,train,140,-120.0
TD+UNC,8,train,141,-110.0
TD+UNC,8,train,142,-87.0
TD+UNC,8,train,143,-158.0
TD+UNC,8,train,144,-134.0
TD+UNC,8,train,145,-121.0
TD+UNC,8,train,146,-146.0
TD+UNC,8,train,147,-93.0
TD+UNC,8,train,148,-125.0
TD+UNC,8,train,149,-121.0
TD+UNC,8,train,150,-117.0
TD+UNC,8,train,151,-159.0
TD+UNC,8,train,152,-92.0
TD+UNC,8,train,153,-113.0
TD+UNC,8,train,154,-158.0
TD+UNC,8,train,155,-101.0
TD+UNC,8,train,156,-92.0
TD+UNC,8,train,157,-111.0
TD+UNC,8,train,158,-127.0
TD+UNC,8,train,159,-131.0
TD+UNC,8,train,160,-78.0
TD+UNC,8,train,161,-104.0
TD+UNC,8,train,162,-83.0
TD+UNC,8,train,163,-93.0
TD+UNC,8,train,164,-88.0
TD+UNC,8,train,165,-115.0
TD+UNC,8,train,166,-120.0
TD+UNC,8,train,167,-500.0
TD+UNC,8,train,168,-84.0
TD+UNC,8,train,169,-133.0
TD+UNC,8,train,170,-131.0
TD+UNC,8,train,171,-100.0
TD+UNC,8,train,172,-114.0
TD+UNC,8,train,173,-88.0
TD+UNC,8,train,174,-106.0
TD+UNC,8,train,175,-89.0
TD+UNC,8,train,176,-92.0
TD+UNC,8,train,177,-114.0
TD+UNC,8,train,178,-113.0
TD+UNC,8,train,179,-96.0
TD+UNC,8,train,180,-109.0
TD+UNC,8,train,181,-142.0
TD+UNC,8,train,182,-95.0
TD+UNC,8,train,183,-127.0
TD+UNC,8,train,184,-140.0
TD+UNC,8,train,185,-93.0
TD+UNC,8,train,186,-121.0
TD+UNC,8,train,187,-109.0
TD+UNC,8,train,188,-102.0
TD+UNC,8,train,189,-115.0
TD+UNC,8,train,190,-99.0
TD+UNC,8,train,191,-161.0
TD+UNC,8,train,192,-85.0
TD+UNC,8,train,193,-178.0
TD+UNC,8,train,194,-135.0
TD+UNC,8,train,195,-116.0
TD+UNC,8,train,196,-85.0
TD+UNC,8,train,197,-80.0
TD+UNC,8,train,198,-90.0
TD+UNC,8,train,199,-115.0
TD+UNC,8,train,200,-137.0
TD+UNC,8,train,201,-181.0
TD+UNC,8,train,202,-95.0
TD+UNC,8,train,203,-91.0
TD+UNC,8,train,204,-121.0
TD+UNC,8,train,205,-115.0
TD+UNC,8,train,206,-122.0
TD+UNC,8,train,207,-148.0
TD+UNC,8,train,208,-101.0
TD+UNC,8,train,209,-94.0
TD+UNC,8,train,210,-125.0
TD+UNC,8,train,211,-116.0
TD+UNC,8,train,212,-80.0
TD+UNC,8,train,213,-103.0
TD+UNC,8,train,214,-78.0
TD+UNC,8,train,215,-150.0
TD+UNC,8,train,216,-94.0
TD+UNC,8,train,217,-500.0
TD+UNC,8,train,218,-106.0
TD+UNC,8,train,219,-86.0
TD+UNC,8,train,220,-71.0
TD+UNC,8,train,221,-103.0
TD+UNC,8,train,222,-91.0
TD+UNC,8,train,223,-88.0
TD+UNC,8,train,224,-71.0
TD+UNC,8,train,225,-87.0
TD+UNC,8,train,226,-101.0
TD+UNC,8,train,227,-122.0
TD+UNC,8,train,228,-89.0
TD+UNC,8,train,229,-121.0
TD+UNC,8,train,230,-94.0
TD+UNC,8,train,231,-73.0
TD+UNC,8,train,232,-78.0
TD+UNC,8,train,233,-78.0
TD+UNC,8,train,234,-86.0
TD+UNC,8,train,235,-105.0
TD+UNC,8,train,236,-98.0
TD+UNC,8,train,237,-85.0
TD+UNC,8,train,238,-98.0
TD+UNC,8,train,239,-117.0
TD+UNC,8,train,240,-83.0
TD+UNC,8,train,241,-112.0
TD+UNC,8,train,242,-97.0
TD+UNC,8,train,243,-96.0
TD+UNC,8,train,244,-85.0
TD+UNC,8,train,245,-136.0
TD+UNC,8,train,246,-116.0
TD+UNC,8,train,247,-87.0
TD+UNC,8,train,248,-97.0
TD+UNC,8,train,249,-90.0
TD+UNC,8,train,250,-121.0
TD+UNC,8,train,251,-88.0
TD+UNC,8,train,252,-94.0
TD+UNC,8,train,253,-133.0
TD+UNC,8,train,254,-73.0
TD+UNC,8,train,255,-77.0
TD+UNC,8,train,256,-119.0
TD+UNC,8,train,257,-78.0
TD+UNC,8,train,258,-94.0
TD+UNC,8,train,259,-105.0
TD+UNC,8,train,260,-87.0
TD+UNC,8,train,261,-93.0
TD+UNC,8,train,262,-96.0
TD+UNC,8,train,263,-81.0
TD+UNC,8,train,264,-104.0
TD+UNC,8,train,265,-76.0
TD+UNC,8,train,266,-116.0
TD+UNC,8,train,267,-84.0
TD+UNC,8,train,268,-78.0
TD+UNC,8,train,269,-102.0
TD+UNC,8,train,270,-83.0
TD+UNC,8,train,271,-85.0
TD+UNC,8,train,272,-272.0
TD+UNC,8,train,273,-93.0
TD+UNC,8,train,274,-104.0
TD+UNC,8,train,275,-97.0
TD+UNC,8,train,276,-98.0
TD+UNC,8,train,277,-83.0
TD+UNC,8,train,278,-116.0
TD+UNC,8,train,279,-134.0
TD+UNC,8,train,280,-102.0
TD+UNC,8,train,281,-175.0
TD+UNC,8,train,282,-137.0
TD+UNC,8,train,283,-130.0
TD+UNC,8,train,284,-97.0
TD+UNC,8,train,285,-90.0
TD+UNC,8,train,286,-70.0
TD+UNC,8,train,287,-79.0
TD+UNC,8,train,288,-202.0
TD+UNC,8,train,289,-75.0
TD+UNC,8,train,290,-98.0
TD+UNC,8,train,291,-93.0
TD+UNC,8,train,292,-85.0
TD+UNC,8,train,293,-100.0
TD+UNC,8,train,294,-119.0
TD+UNC,8,train,295,-100.0
TD+UNC,8,train,296,-92.0
TD+UNC,8,train,297,-96.0
TD+UNC,8,train,298,-101.0
TD+UNC,8,train,299,-83.0
TD+UNC,8,train,300,-103.0
TD+UNC,8,train,301,-89.0
TD+UNC,8,train,302,-90.0
TD+UNC,8,train,303,-113.0
TD+UNC,8,train,304,-100.0
TD+UNC,8,train,305,-75.0
TD+UNC,8,train,306,-127.0
TD+UNC,8,train,307,-107.0
TD+UNC,8,train,308,-402.0
TD+UNC,8,train,309,-128.0
TD+UNC,8,train,310,-105.0
TD+UNC,8,train,311,-94.0
TD+UNC,8,train,312,-107.0
TD+UNC,8,train,313,-91.0
TD+UNC,8,train,314,-171.0
TD+UNC,8,train,315,-102.0
TD+UNC,8,train,316,-93.0
TD+UNC,8,train,317,-92.0
TD+UNC,8,train,318,-107.0
TD+UNC,8,train,319,-98.0
TD+UNC,8,train,320,-88.0
TD+UNC,8,train,321,-114.0
TD+UNC,8,train,322,-133.0
TD+UNC,8,train,323,-112.0
TD+UNC,8,train,324,-125.0
TD+UNC,8,train,325,-104.0
TD+UNC,8,train,326,-79.0
TD+UNC,8,train,327,-70.0
TD+UNC,8,train,328,-111.0
TD+UNC,8,train,329,-77.0
TD+UNC,8,train,330,-94.0
TD+UNC,8,train,331,-75.0
TD+UNC,8,train,332,-98.0
TD+UNC,8,train,333,-109.0
TD+UNC,8,train,334,-122.0
TD+UNC,8,train,335,-86.0
TD+UNC,8,train,336,-65.0
TD+UNC,8,train,337,-94.0
TD+UNC,8,train,338,-102.0
TD+UNC,8,train,339,-114.0
TD+UNC,8,train,340,-117.0
TD+UNC,8,train,341,-94.0
TD+UNC,8,train,342,-94.0
TD+UNC,8,train,343,-107.0
TD+UNC,8,train,344,-99.0
TD+UNC,8,train,345,-91.0
TD+UNC,8,train,346,-104.0
TD+UNC,8,train,347,-122.0
TD+UNC,8,train,348,-97.0
TD+UNC,8,train,349,-92.0
TD+UNC,8,train,350,-100.0
TD+UNC,8,train,351,-147.0
TD+UNC,8,train,352,-113.0
TD+UNC,8,train,353,-93.0
TD+UNC,8,train,354,-89.0
TD+UNC,8,train,355,-114.0
TD+UNC,8,train,356,-94.0
TD+UNC,8,train,357,-92.0
TD+UNC,8,train,358,-85.0
TD+UNC,8,train,359,-110.0
TD+UNC,8,train,360,-94.0
TD+UNC,8,train,361,-94.0
TD+UNC,8,train,362,-85.0
TD+UNC,8,train,363,-125.0
TD+UNC,8,train,364,-74.0
TD+UNC,8,train,365,-78.0
TD+UNC,8,train,366,-91.0
TD+UNC,8,train,367,-102.0
TD+UNC,8,train,368,-94.0
TD+UNC,8,train,369,-100.0
TD+UNC,8,train,370,-75.0
TD+UNC,8,train,371,-84.0
TD+UNC,8,train,372,-86.0
TD+UNC,8,train,373,-108.0
TD+UNC,8,train,374,-127.0
TD+UNC,8,train,375,-78.0
TD+UNC,8,train,376,-93.0
TD+UNC,8,train,377,-113.0
TD+UNC,8,train,378,-84.0
TD+UNC,8,train,379,-241.0
TD+UNC,8,train,380,-79.0
TD+UNC,8,train,381,-130.0
TD+UNC,8,train,382,-113.0
TD+UNC,8,train,383,-89.0
TD+UNC,8,train,384,-92.0
TD+UNC,8,train,385,-99.0
TD+UNC,8,train,386,-100.0
TD+UNC,8,train,387,-111.0
TD+UNC,8,train,388,-91.0
TD+UNC,8,train,389,-500.0
TD+UNC,8,train,390,-97.0
TD+UNC,8,train,391,-98.0
TD+UNC,8,train,392,-90.0
TD+UNC,8,train,393,-83.0
TD+UNC,8,train,394,-185.0
TD+UNC,8,train,395,-94.0
TD+UNC,8,train,396,-92.0
TD+UNC,8,train,397,-92.0
TD+UNC,8,train,398,-122.0
TD+UNC,8,train,399,-114.0
TD+UNC,8,train,400,-91.0
TD+UNC,8,train,401,-106.0
TD+UNC,8,train,402,-129.0
TD+UNC,8,train,403,-75.0
TD+UNC,8,train,404,-79.0
TD+UNC,8,train,405,-98.0
TD+UNC,8,train,406,-87.0
TD+UNC,8,train,407,-80.0
TD+UNC,8,train,408,-118.0
TD+UNC,8,train,409,-125.0
TD+UNC,8,train,410,-107.0
TD+UNC,8,train,411,-97.0
TD+UNC,8,train,412,-354.0
TD+UNC,8,train,413,-70.0
TD+UNC,8,train,414,-87.0
TD+UNC,8,train,415,-79.0
TD+UNC,8,train,416,-96.0
TD+UNC,8,train,417,-97.0
TD+UNC,8,train,418,-88.0
TD+UNC,8,train,419,-87.0
TD+UNC,8,train,420,-89.0
TD+UNC,8,train,421,-74.0
TD+UNC,8,train,422,-95.0
TD+UNC,8,train,423,-217.0
TD+UNC,8,train,424,-94.0
TD+UNC,8,train,425,-115.0
TD+UNC,8,train,426,-108.0
TD+UNC,8,train,427,-126.0
TD+UNC,8,train,428,-109.0
TD+UNC,8,train,429,-123.0
TD+UNC,8,train,430,-88.0
TD+UNC,8,train,431,-84.0
TD+UNC,8,train,432,-101.0
TD+UNC,8,train,433,-100.0
TD+UNC,8,train,434,-69.0
TD+UNC,8,train,435,-92.0
TD+UNC,8,train,436,-99.0
TD+UNC,8,train,437,-88.0
TD+UNC,8,train,438,-78.0
TD+UNC,8,train,439,-83.0
TD+UNC,8,train,440,-131.0
TD+UNC,8,train,441,-87.0
TD+UNC,8,train,442,-243.0
TD+UNC,8,train,443,-100.0
TD+UNC,8,train,444,-107.0
TD+UNC,8,train,445,-92.0
TD+UNC,8,train,446,-92.0
TD+UNC,8,train,447,-92.0
TD+UNC,8,train,448,-91.0
TD+UNC,8,train,449,-86.0
TD+UNC,8,train,450,-78.0
TD+UNC,8,train,451,-62.0
TD+UNC,8,train,452,-77.0
TD+UNC,8,train,453,-75.0
TD+UNC,8,train,454,-85.0
TD+UNC,8,train,455,-76.0
TD+UNC,8,train,456,-78.0
TD+UNC,8,train,457,-102.0
TD+UNC,8,train,458,-89.0
TD+UNC,8,train,459,-92.0
TD+UNC,8,train,460,-82.0
TD+UNC,8,train,461,-100.0
TD+UNC,8,train,462,-110.0
TD+UNC,8,train,463,-102.0
TD+UNC,8,train,464,-106.0
TD+UNC,8,train,465,-122.0
TD+UNC,8,train,466,-100.0
TD+UNC,8,train,467,-82.0
TD+UNC,8,train,468,-94.0
TD+UNC,8,train,469,-187.0
TD+UNC,8,train,470,-66.0
TD+UNC,8,train,471,-112.0
TD+UNC,8,train,472,-81.0
TD+UNC,8,train,473,-80.0
TD+UNC,8,train,474,-138.0
TD+UNC,8,train,475,-97.0
TD+UNC,8,train,476,-88.0
TD+UNC,8,train,477,-128.0
TD+UNC,8,train,478,-169.0
TD+UNC,8,train,479,-100.0
TD+UNC,8,train,480,-99.0
TD+UNC,8,train,481,-83.0
TD+UNC,8,train,482,-117.0
TD+UNC,8,train,483,-83.0
TD+UNC,8,train,484,-141.0
TD+UNC,8,train,485,-106.0
TD+UNC,8,train,486,-86.0
TD+UNC,8,train,487,-85.0
TD+UNC,8,train,488,-87.0
TD+UNC,8,train,489,-74.0
TD+UNC,8,train,490,-84.0
TD+UNC,8,train,491,-71.0
TD+UNC,8,train,492,-88.0
TD+UNC,8,train,493,-500.0
TD+UNC,8,train,494,-105.0
TD+UNC,8,train,495,-74.0
TD+UNC,8,train,496,-111.0
TD+UNC,8,train,497,-75.0
TD+UNC,8,train,498,-500.0
TD+UNC,8,train,499,-83.0
TD+UNC,8,train,500,-141.0
TD+UNC,9,train,1,-500.0
TD+UNC,9,train,2,-500.0
TD+UNC,9,train,3,-500.0
TD+UNC,9,train,4,-500.0
TD+UNC,9,train,5,-500.0
TD+UNC,9,train,6,-133.0
TD+UNC,9,train,7,-500.0
TD+UNC,9,train,8,-500.0
TD+UNC,9,train,9,-81.0
TD+UNC,9,train,10,-162.0
TD+UNC,9,train,11,-164.0
TD+UNC,9,train,12,-129.0
TD+UNC,9,train,13,-150.0
TD+UNC,9,train,14,-107.0
TD+UNC,9,train,15,-78.0
TD+UNC,9,train,16,-394.0
TD+UNC,9,train,17,-469.0
TD+UNC,9,train,18,-131.0
TD+UNC,9,train,19,-500.0
TD+UNC,9,train,20,-157.0
TD+UNC,9,train,21,-83.0
TD+UNC,9,train,22,-157.0
TD+UNC,9,train,23,-126.0
TD+UNC,9,train,24,-83.0
TD+UNC,9,train,25,-240.0
TD+UNC,9,train,26,-142.0
TD+UNC,9,train,27,-189.0
TD+UNC,9,train,28,-114.0
TD+UNC,9,train,29,-100.0
TD+UNC,9,train,30,-102.0
TD+UNC,9,train,31,-219.0
TD+UNC,9,train,32,-79.0
TD+UNC,9,train,33,-89.0
TD+UNC,9,train,34,-106.0
TD+UNC,9,train,35,-105.0
TD+UNC,9,train,36,-94.0
TD+UNC,9,train,37,-118.0
TD+UNC,9,train,38,-95.0
TD+UNC,9,train,39,-101.0
TD+UNC,9,train,40,-147.0
TD+UNC,9,train,41,-114.0
TD+UNC,9,train,42,-118.0
TD+UNC,9,train,43,-164.0
TD+UNC,9,train,44,-114.0
TD+UNC,9,train,45,-126.0
TD+UNC,9,train,46,-92.0
TD+UNC,9,train,47,-95.0
TD+UNC,9,train,48,-85.0
TD+UNC,9,train,49,-109.0
TD+UNC,9,train,50,-82.0
TD+UNC,9,train,51,-133.0
TD+UNC,9,train,52,-131.0
TD+UNC,9,train,53,-81.0
TD+UNC,9,train,54,-100.0
TD+UNC,9,train,55,-144.0
TD+UNC,9,train,56,-91.0
TD+UNC,9,train,57,-116.0
TD+UNC,9,train,58,-92.0
TD+UNC,9,train,59,-99.0
TD+UNC,9,train,60,-81.0
TD+UNC,9,train,61,-129.0
TD+UNC,9,train,62,-82.0
TD+UNC,9,train,63,-107.0
TD+UNC,9,train,64,-130.0
TD+UNC,9,train,65,-150.0
TD+UNC,9,train,66,-99.0
TD+UNC,9,train,67,-124.0
TD+UNC,9,train,68,-119.0
TD+UNC,9,train,69,-100.0
TD+UNC,9,train,70,-155.0
TD+UNC,9,train,71,-191.0
TD+UNC,9,train,72,-125.0
TD+UNC,9,train,73,-128.0
TD+UNC,9,train,74,-122.0
TD+UNC,9,train,75,-106.0
TD+UNC,9,train,76,-117.0
TD+UNC,9,train,77,-111.0
TD+UNC,9,train,78,-110.0
TD+UNC,9,train,79,-99.0
TD+UNC,9,train,80,-130.0
TD+UNC,9,train,81,-140.0
TD+UNC,9,train,82,-113.0
TD+UNC,9,train,83,-115.0
TD+UNC,9,train,84,-105.0
TD+UNC,9,train,85,-115.0
TD+UNC,9,train,86,-102.0
TD+UNC,9,train,87,-136.0
TD+UNC,9,train,88,-127.0
TD+UNC,9,train,89,-89.0
TD+UNC,9,train,90,-114.0
TD+UNC,9,train,91,-197.0
TD+UNC,9,train,92,-132.0
TD+UNC,9,train,93,-120.0
TD+UNC,9,train,94,-90.0
TD+UNC,9,train,95,-95.0
TD+UNC,9,train,96,-119.0
TD+UNC,9,train,97,-90.0
TD+UNC,9,train,98,-94.0
TD+UNC,9,train,99,-142.0
TD+UNC,9,train,100,-366.0
TD+UNC,9,train,101,-104.0
TD+UNC,9,train,102,-116.0
TD+UNC,9,train,103,-101.0
TD+UNC,9,train,104,-119.0
TD+UNC,9,train,105,-110.0
TD+UNC,9,train,106,-117.0
TD+UNC,9,train,107,-87.0
TD+UNC,9,train,108,-103.0
TD+UNC,9,train,109,-121.0
TD+UNC,9,train,110,-133.0
TD+UNC,9,train,111,-124.0
TD+UNC,9,train,112,-121.0
TD+UNC,9,train,113,-98.0
TD+UNC,9,train,114,-109.0
TD+UNC,9,train,115,-180.0
TD+UNC,9,train,116,-121.0
TD+UNC,9,train,117,-111.0
TD+UNC,9,train,118,-93.0
TD+UNC,9,train,119,-269.0
TD+UNC,9,train,120,-98.0
TD+UNC,9,train,121,-117.0
TD+UNC,9,train,122,-104.0
TD+UNC,9,train,123,-161.0
TD+UNC,9,train,124,-321.0
TD+UNC,9,train,125,-89.0
TD+UNC,9,train,126,-124.0
TD+UNC,9,train,127,-112.0
TD+UNC,9,train,128,-142.0
TD+UNC,9,train,129,-108.0
TD+UNC,9,train,130,-114.0
TD+UNC,9,train,131,-84.0
TD+UNC,9,train,132,-104.0
TD+UNC,9,train,133,-101.0
TD+UNC,9,train,134,-133.0
TD+UNC,9,train,135,-89.0
TD+UNC,9,train,136,-90.0
TD+UNC,9,train,137,-96.0
TD+UNC,9,train,138,-160.0
TD+UNC,9,train,139,-116.0
TD+UNC,9,train,140,-123.0
TD+UNC,9,train,141,-133.0
TD+UNC,9,train,142,-124.0
TD+UNC,9,train,143,-124.0
TD+UNC,9,train,144,-148.0
TD+UNC,9,train,145,-144.0
TD+UNC,9,train,146,-154.0
TD+UNC,9,train,147,-100.0
TD+UNC,9,train,148,-126.0
TD+UNC,9,train,149,-122.0
TD+UNC,9,train,150,-328.0
TD+UNC,9,train,151,-97.0
TD+UNC,9,train,152,-113.0
TD+UNC,9,train,153,-132.0
TD+UNC,9,train,154,-203.0
TD+UNC,9,train,155,-111.0
TD+UNC,9,train,156,-126.0
TD+UNC,9,train,157,-143.0
TD+UNC,9,train,158,-166.0
TD+UNC,9,train,159,-86.0
TD+UNC,9,train,160,-148.0
TD+UNC,9,train,161,-96.0
TD+UNC,9,train,162,-146.0
TD+UNC,9,train,163,-110.0
TD+UNC,9,train,164,-90.0
TD+UNC,9,train,165,-100.0
TD+UNC,9,train,166,-96.0
TD+UNC,9,train,167,-213.0
TD+UNC,9,train,168,-156.0
TD+UNC,9,train,169,-118.0
TD+UNC,9,train,170,-292.0
TD+UNC,9,train,171,-97.0
TD+UNC,9,train,172,-104.0
TD+UNC,9,train,173,-99.0
TD+UNC,9,train,174,-83.0
TD+UNC,9,train,175,-115.0
TD+UNC,9,train,176,-86.0
TD+UNC,9,train,177,-111.0
TD+UNC,9,train,178,-116.0
TD+UNC,9,train,179,-124.0
TD+UNC,9,train,180,-105.0
TD+UNC,9,train,181,-141.0
TD+UNC,9,train,182,-141.0
TD+UNC,9,train,183,-105.0
TD+UNC,9,train,184,-108.0
TD+UNC,9,train,185,-102.0
TD+UNC,9,train,186,-113.0
TD+UNC,9,train,187,-94.0
TD+UNC,9,train,188,-97.0
TD+UNC,9,train,189,-415.0
TD+UNC,9,train,190,-125.0
TD+UNC,9,train,191,-122.0
TD+UNC,9,train,192,-101.0
TD+UNC,9,train,193,-230.0
TD+UNC,9,train,194,-173.0
TD+UNC,9,train,195,-156.0
TD+UNC,9,train,196,-92.0
TD+UNC,9,train,197,-100.0
TD+UNC,9,train,198,-190.0
TD+UNC,9,train,199,-78.0
TD+UNC,9,train,200,-118.0
TD+UNC,9,train,201,-114.0
TD+UNC,9,train,202,-97.0
TD+UNC,9,train,203,-118.0
TD+UNC,9,train,204,-140.0
TD+UNC,9,train,205,-134.0
TD+UNC,9,train,206,-312.0
TD+UNC,9,train,207,-107.0
TD+UNC,9,train,208,-108.0
TD+UNC,9,train,209,-91.0
TD+UNC,9,train,210,-100.0
TD+UNC,9,train,211,-90.0
TD+UNC,9,train,212,-123.0
TD+UNC,9,train,213,-118.0
TD+UNC,9,train,214,-122.0
TD+UNC,9,train,215,-150.0
TD+UNC,9,train,216,-94.0
TD+UNC,9,train,217,-170.0
TD+UNC,9,train,218,-103.0
TD+UNC,9,train,219,-161.0
TD+UNC,9,train,220,-121.0
TD+UNC,9,train,221,-155.0
TD+UNC,9,train,222,-87.0
TD+UNC,9,train,223,-96.0
TD+UNC,9,train,224,-121.0
TD+UNC,9,train,225,-86.0
TD+UNC,9,train,226,-135.0
TD+UNC,9,train,227,-111.0
TD+UNC,9,train,228,-100.0
TD+UNC,9,train,229,-126.0
TD+UNC,9,train,230,-100.0
TD+UNC,9,train,231,-113.0
TD+UNC,9,train,232,-120.0
TD+UNC,9,train,233,-173.0
TD+UNC,9,train,234,-116.0
TD+UNC,9,train,235,-121.0
TD+UNC,9,train,236,-114.0
TD+UNC,9,train,237,-113.0
TD+UNC,9,train,238,-113.0
TD+UNC,9,train,239,-159.0
TD+UNC,9,train,240,-162.0
TD+UNC,9,train,241,-110.0
TD+UNC,9,train,242,-99.0
TD+UNC,9,train,243,-180.0
TD+UNC,9,train,244,-127.0
TD+UNC,9,train,245,-105.0
TD+UNC,9,train,246,-124.0
TD+UNC,9,train,247,-172.0
TD+UNC,9,train,248,-72.0
TD+UNC,9,train,249,-109.0
TD+UNC,9,train,250,-111.0
TD+UNC,9,train,251,-101.0
TD+UNC,9,train,252,-110.0
TD+UNC,9,train,253,-136.0
TD+UNC,9,train,254,-116.0
TD+UNC,9,train,255,-109.0
TD+UNC,9,train,256,-107.0
TD+UNC,9,train,257,-92.0
TD+UNC,9,train,258,-97.0
TD+UNC,9,train,259,-120.0
TD+UNC,9,train,260,-104.0
TD+UNC,9,train,261,-117.0
TD+UNC,9,train,262,-121.0
TD+UNC,9,train,263,-316.0
TD+UNC,9,train,264,-85.0
TD+UNC,9,train,265,-86.0
TD+UNC,9,train,266,-113.0
TD+UNC,9,train,267,-158.0
TD+UNC,9,train,268,-115.0
TD+UNC,9,train,269,-103.0
TD+UNC,9,train,270,-86.0
TD+UNC,9,train,271,-122.0
TD+UNC,9,train,272,-112.0
TD+UNC,9,train,273,-90.0
TD+UNC,9,train,274,-100.0
TD+UNC,9,train,275,-116.0
TD+UNC,9,train,276,-172.0
TD+UNC,9,train,277,-106.0
TD+UNC,9,train,278,-94.0
TD+UNC,9,train,279,-87.0
TD+UNC,9,train,280,-168.0
TD+UNC,9,train,281,-123.0
TD+UNC,9,train,282,-179.0
TD+UNC,9,train,283,-85.0
TD+UNC,9,train,284,-118.0
TD+UNC,9,train,285,-117.0
TD+UNC,9,train,286,-152.0
TD+UNC,9,train,287,-108.0
TD+UNC,9,train,288,-118.0
TD+UNC,9,train,289,-119.0
TD+UNC,9,train,290,-78.0
TD+UNC,9,train,291,-118.0
TD+UNC,9,train,292,-103.0
TD+UNC,9,train,293,-291.0
TD+UNC,9,train,294,-82.0
TD+UNC,9,train,295,-108.0
TD+UNC,9,train,296,-90.0
TD+UNC,9,train,297,-124.0
TD+UNC,9,train,298,-123.0
TD+UNC,9,train,299,-90.0
TD+UNC,9,train,300,-84.0
TD+UNC,9,train,301,-103.0
TD+UNC,9,train,302,-115.0
TD+UNC,9,train,303,-111.0
TD+UNC,9,train,304,-101.0
TD+UNC,9,train,305,-78.0
TD+UNC,9,train,306,-103.0
TD+UNC,9,train,307,-91.0
TD+UNC,9,train,308,-288.0
TD+UNC,9,train,309,-112.0
TD+UNC,9,train,310,-100.0
TD+UNC,9,train,311,-80.0
TD+UNC,9,train,312,-93.0
TD+UNC,9,train,313,-115.0
TD+UNC,9,train,314,-129.0
TD+UNC,9,train,315,-85.0
TD+UNC,9,train,316,-102.0
TD+UNC,9,train,317,-113.0
TD+UNC,9,train,318,-82.0
TD+UNC,9,train,319,-106.0
TD+UNC,9,train,320,-167.0
TD+UNC,9,train,321,-82.0
TD+UNC,9,train,322,-151.0
TD+UNC,9,train,323,-87.0
TD+UNC,9,train,324,-98.0
TD+UNC,9,train,325,-143.0
TD+UNC,9,train,326,-80.0
TD+UNC,9,train,327,-117.0
TD+UNC,9,train,328,-104.0
TD+UNC,9,train,329,-119.0
TD+UNC,9,train,330,-106.0
TD+UNC,9,train,331,-117.0
TD+UNC,9,train,332,-126.0
TD+UNC,9,train,333,-101.0
TD+UNC,9,train,334,-89.0
TD+UNC,9,train,335,-98.0
TD+UNC,9,train,336,-87.0
TD+UNC,9,train,337,-103.0
TD+UNC,9,train,338,-78.0
TD+UNC,9,train,339,-108.0
TD+UNC,9,train,340,-94.0
TD+UNC,9,train,341,-134.0
TD+UNC,9,train,342,-109.0
TD+UNC,9,train,343,-101.0
TD+UNC,9,train,344,-164.0
TD+UNC,9,train,345,-134.0
TD+UNC,9,train,346,-98.0
TD+UNC,9,train,347,-88.0
TD+UNC,9,train,348,-84.0
TD+UNC,9,train,349,-85.0
TD+UNC,9,train,350,-135.0
TD+UNC,9,train,351,-91.0
TD+UNC,9,train,352,-114.0
TD+UNC,9,train,353,-80.0
TD+UNC,9,train,354,-86.0
TD+UNC,9,train,355,-131.0
TD+UNC,9,train,356,-93.0
TD+UNC,9,train,357,-127.0
TD+UNC,9,train,358,-108.0
TD+UNC,9,train,359,-123.0
TD+UNC,9,train,360,-122.0
TD+UNC,9,train,361,-95.0
TD+UNC,9,train,362,-102.0
TD+UNC,9,train,363,-114.0
TD+UNC,9,train,364,-98.0
TD+UNC,9,train,365,-105.0
TD+UNC,9,train,366,-98.0
TD+UNC,9,train,367,-102.0
TD+UNC,9,train,368,-121.0
TD+UNC,9,train,369,-121.0
TD+UNC,9,train,370,-103.0
TD+UNC,9,train,371,-114.0
TD+UNC,9,train,372,-119.0
TD+UNC,9,train,373,-84.0
TD+UNC,9,train,374,-101.0
TD+UNC,9,train,375,-84.0
TD+UNC,9,train,376,-98.0
TD+UNC,9,train,377,-92.0
TD+UNC,9,train,378,-119.0
TD+UNC,9,train,379,-102.0
TD+UNC,9,train,380,-88.0
TD+UNC,9,train,381,-110.0
TD+UNC,9,train,382,-132.0
TD+UNC,9,train,383,-90.0
TD+UNC,9,train,384,-92.0
TD+UNC,9,train,385,-85.0
TD+UNC,9,train,386,-89.0
TD+UNC,9,train,387,-84.0
TD+UNC,9,train,388,-110.0
TD+UNC,9,train,389,-80.0
TD+UNC,9,train,390,-119.0
TD+UNC,9,train,391,-125.0
TD+UNC,9,train,392,-114.0
TD+UNC,9,train,393,-92.0
TD+UNC,9,train,394,-73.0
TD+UNC,9,train,395,-112.0
TD+UNC,9,train,396,-120.0
TD+UNC,9,train,397,-79.0
TD+UNC,9,train,398,-92.0
TD+UNC,9,train,399,-95.0
TD+UNC,9,train,400,-92.0
TD+UNC,9,train,401,-94.0
TD+UNC,9,train,402,-78.0
TD+UNC,9,train,403,-87.0
TD+UNC,9,train,404,-114.0
TD+UNC,9,train,405,-102.0
TD+UNC,9,train,406,-113.0
TD+UNC,9,train,407,-103.0
TD+UNC,9,train,408,-109.0
TD+UNC,9,train,409,-89.0
TD+UNC,9,train,410,-116.0
TD+UNC,9,train,411,-112.0
TD+UNC,9,train,412,-117.0
TD+UNC,9,train,413,-92.0
TD+UNC,9,train,414,-93.0
TD+UNC,9,train,415,-78.0
TD+UNC,9,train,416,-79.0
TD+UNC,9,train,417,-92.0
TD+UNC,9,train,418,-114.0
TD+UNC,9,train,419,-119.0
TD+UNC,9,train,420,-78.0
TD+UNC,9,train,421,-88.0
TD+UNC,9,train,422,-63.0
TD+UNC,9,train,423,-78.0
TD+UNC,9,train,424,-126.0
TD+UNC,9,train,425,-109.0
TD+UNC,9,train,426,-81.0
TD+UNC,9,train,427,-158.0
TD+UNC,9,train,428,-86.0
TD+UNC,9,train,429,-88.0
TD+UNC,9,train,430,-85.0
TD+UNC,9,train,431,-91.0
TD+UNC,9,train,432,-97.0
TD+UNC,9,train,433,-90.0
TD+UNC,9,train,434,-134.0
TD+UNC,9,train,435,-89.0
TD+UNC,9,train,436,-95.0
TD+UNC,9,train,437,-98.0
TD+UNC,9,train,438,-106.0
TD+UNC,9,train,439,-101.0
TD+UNC,9,train,440,-89.0
TD+UNC,9,train,441,-94.0
TD+UNC,9,train,442,-108.0
TD+UNC,9,train,443,-91.0
TD+UNC,9,train,444,-111.0
TD+UNC,9,train,445,-109.0
TD+UNC,9,train,446,-83.0
TD+UNC,9,train,447,-101.0
TD+UNC,9,train,448,-120.0
TD+UNC,9,train,449,-85.0
TD+UNC,9,train,450,-87.0
TD+UNC,9,train,451,-71.0
TD+UNC,9,train,452,-89.0
TD+UNC,9,train,453,-126.0
TD+UNC,9,train,454,-84.0
TD+UNC,9,train,455,-103.0
TD+UNC,9,train,456,-77.0
TD+UNC,9,train,457,-94.0
TD+UNC,9,train,458,-89.0
TD+UNC,9,train,459,-98.0
TD+UNC,9,train,460,-94.0
TD+UNC,9,train,461,-500.0
TD+UNC,9,train,462,-76.0
TD+UNC,9,train,463,-80.0
TD+UNC,9,train,464,-105.0
TD+UNC,9,train,465,-86.0
TD+UNC,9,train,466,-83.0
TD+UNC,9,train,467,-79.0
TD+UNC,9,train,468,-91.0
TD+UNC,9,train,469,-83.0
TD+UNC,9,train,470,-97.0
TD+UNC,9,train,471,-88.0
TD+UNC,9,train,472,-111.0
TD+UNC,9,train,473,-84.0
TD+UNC,9,train,474,-101.0
TD+UNC,9,train,475,-63.0
TD+UNC,9,train,476,-85.0
TD+UNC,9,train,477,-71.0
TD+UNC,9,train,478,-79.0
TD+UNC,9,train,479,-85.0
TD+UNC,9,train,480,-82.0
TD+UNC,9,train,481,-80.0
TD+UNC,9,train,482,-98.0
TD+UNC,9,train,483,-76.0
TD+UNC,9,train,484,-64.0
TD+UNC,9,train,485,-142.0
TD+UNC,9,train,486,-77.0
TD+UNC,9,train,487,-106.0
TD+UNC,9,train,488,-82.0
TD+UNC,9,train,489,-91.0
TD+UNC,9,train,490,-92.0
TD+UNC,9,train,491,-75.0
TD+UNC,9,train,492,-120.0
TD+UNC,9,train,493,-105.0
TD+UNC,9,train,494,-81.0
TD+UNC,9,train,495,-101.0
TD+UNC,9,train,496,-72.0
TD+UNC,9,train,497,-114.0
TD+UNC,9,train,498,-118.0
TD+UNC,9,train,499,-80.0
TD+UNC,9,train,500,-114.0
TD+UNC,0,eval,25,-158.4
TD+UNC,0,eval,50,-396.8
TD+UNC,0,eval,75,-341.0
TD+UNC,0,eval,100,-295.6
TD+UNC,0,eval,125,-117.8
TD+UNC,0,eval,150,-112.2
TD+UNC,0,eval,175,-107.6
TD+UNC,0,eval,200,-189.4
TD+UNC,0,eval,225,-109.2
TD+UNC,0,eval,250,-94.6
TD+UNC,0,eval,275,-269.6
TD+UNC,0,eval,300,-82.2
TD+UNC,0,eval,325,-100.4
TD+UNC,0,eval,350,-70.2
TD+UNC,0,eval,375,-91.6
TD+UNC,0,eval,400,-88.6
TD+UNC,0,eval,425,-94.2
TD+UNC,0,eval,450,-92.4
TD+UNC,0,eval,475,-88.0
TD+UNC,0,eval,500,-82.8
TD+UNC,1,eval,25,-500.0
TD+UNC,1,eval,50,-354.6
TD+UNC,1,eval,75,-284.8
TD+UNC,1,eval,100,-335.4
TD+UNC,1,eval,125,-202.2
TD+UNC,1,eval,150,-365.0
TD+UNC,1,eval,175,-333.8
TD+UNC,1,eval,200,-163.6
TD+UNC,1,eval,225,-96.8
TD+UNC,1,eval,250,-96.0
TD+UNC,1,eval,275,-115.2
TD+UNC,1,eval,300,-249.8
TD+UNC,1,eval,325,-174.6
TD+UNC,1,eval,350,-167.0
TD+UNC,1,eval,375,-85.4
TD+UNC,1,eval,400,-76.4
TD+UNC,1,eval,425,-159.6
TD+UNC,1,eval,450,-75.0
TD+UNC,1,eval,475,-239.4
TD+UNC,1,eval,500,-83.0
TD+UNC,2,eval,25,-181.8
TD+UNC,2,eval,50,-500.0
TD+UNC,2,eval,75,-164.0
TD+UNC,2,eval,100,-99.4
TD+UNC,2,eval,125,-135.2
TD+UNC,2,eval,150,-143.6
TD+UNC,2,eval,175,-95.8
TD+UNC,2,eval,200,-251.0
TD+UNC,2,eval,225,-249.0
TD+UNC,2,eval,250,-101.6
TD+UNC,2,eval,275,-79.4
TD+UNC,2,eval,300,-67.4
TD+UNC,2,eval,325,-80.8
TD+UNC,2,eval,350,-83.0
TD+UNC,2,eval,375,-75.8
TD+UNC,2,eval,400,-80.4
TD+UNC,2,eval,425,-80.8
TD+UNC,2,eval,450,-79.2
TD+UNC,2,eval,475,-84.0
TD+UNC,2,eval,500,-182.8
TD+UNC,3,eval,25,-417.2
TD+UNC,3,eval,50,-268.4
TD+UNC,3,eval,75,-348.4
TD+UNC,3,eval,100,-263.0
TD+UNC,3,eval,125,-184.8
TD+UNC,3,eval,150,-126.6
TD+UNC,3,eval,175,-102.2
TD+UNC,3,eval,200,-92.2
TD+UNC,3,eval,225,-192.0
TD+UNC,3,eval,250,-164.6
TD+UNC,3,eval,275,-161.0
TD+UNC,3,eval,300,-85.2
TD+UNC,3,eval,325,-163.8
TD+UNC,3,eval,350,-78.8
TD+UNC,3,eval,375,-80.4
TD+UNC,3,eval,400,-91.0
TD+UNC,3,eval,425,-88.0
TD+UNC,3,eval,450,-91.2
TD+UNC,3,eval,475,-75.8
TD+UNC,3,eval,500,-82.4
TD+UNC,4,eval,25,-500.0
TD+UNC,4,eval,50,-159.2
TD+UNC,4,eval,75,-152.2
TD+UNC,4,eval,100,-153.2
TD+UNC,4,eval,125,-167.6
TD+UNC,4,eval,150,-181.6
TD+UNC,4,eval,175,-181.6
TD+UNC,4,eval,200,-187.8
TD+UNC,4,eval,225,-181.2
TD+UNC,4,eval,250,-83.4
TD+UNC,4,eval,275,-92.0
TD+UNC,4,eval,300,-329.4
TD+UNC,4,eval,325,-90.4
TD+UNC,4,eval,350,-136.0
TD+UNC,4,eval,375,-87.0
TD+UNC,4,eval,400,-89.4
TD+UNC,4,eval,425,-165.8
TD+UNC,4,eval,450,-80.2
TD+UNC,4,eval,475,-81.6
TD+UNC,4,eval,500,-85.8
TD+UNC,5,eval,25,-123.0
TD+UNC,5,eval,50,-312.4
TD+UNC,5,eval,75,-323.8
TD+UNC,5,eval,100,-100.6
TD+UNC,5,eval,125,-172.0
TD+UNC,5,eval,150,-80.4
TD+UNC,5,eval,175,-83.6
TD+UNC,5,eval,200,-177.4
TD+UNC,5,eval,225,-91.0
TD+UNC,5,eval,250,-93.0
TD+UNC,5,eval,275,-99.0
TD+UNC,5,eval,300,-168.2
TD+UNC,5,eval,325,-87.4
TD+UNC,5,eval,350,-82.2
TD+UNC,5,eval,375,-83.0
TD+UNC,5,eval,400,-92.6
TD+UNC,5,eval,425,-87.2
TD+UNC,5,eval,450,-85.4
TD+UNC,5,eval,475,-92.0
TD+UNC,5,eval,500,-83.8
TD+UNC,6,eval,25,-500.0
TD+UNC,6,eval,50,-500.0
TD+UNC,6,eval,75,-171.8
TD+UNC,6,eval,100,-118.8
TD+UNC,6,eval,125,-130.6
TD+UNC,6,eval,150,-95.2
TD+UNC,6,eval,175,-97.6
TD+UNC,6,eval,200,-98.0
TD+UNC,6,eval,225,-86.0
TD+UNC,6,eval,250,-98.4
TD+UNC,6,eval,275,-256.4
TD+UNC,6,eval,300,-193.8
TD+UNC,6,eval,325,-94.0
TD+UNC,6,eval,350,-82.0
TD+UNC,6,eval,375,-100.4
TD+UNC,6,eval,400,-95.2
TD+UNC,6,eval,425,-198.0
TD+UNC,6,eval,450,-83.8
TD+UNC,6,eval,475,-103.8
TD+UNC,6,eval,500,-101.4
TD+UNC,7,eval,25,-164.2
TD+UNC,7,eval,50,-99.0
TD+UNC,7,eval,75,-128.0
TD+UNC,7,eval,100,-236.8
TD+UNC,7,eval,125,-118.8
TD+UNC,7,eval,150,-151.6
TD+UNC,7,eval,175,-155.4
TD+UNC,7,eval,200,-104.6
TD+UNC,7,eval,225,-85.8
TD+UNC,7,eval,250,-77.0
TD+UNC,7,eval,275,-94.4
TD+UNC,7,eval,300,-84.8
TD+UNC,7,eval,325,-123.2
TD+UNC,7,eval,350,-86.0
TD+UNC,7,eval,375,-91.2
TD+UNC,7,eval,400,-175.4
TD+UNC,7,eval,425,-105.6
TD+UNC,7,eval,450,-94.4
TD+UNC,7,eval,475,-166.0
TD+UNC,7,eval,500,-102.8
TD+UNC,8,eval,25,-479.4
TD+UNC,8,eval,50,-223.6
TD+UNC,8,eval,75,-436.4
TD+UNC,8,eval,100,-134.2
TD+UNC,8,eval,125,-194.6
TD+UNC,8,eval,150,-176.4
TD+UNC,8,eval,175,-74.8
TD+UNC,8,eval,200,-95.8
TD+UNC,8,eval,225,-108.8
TD+UNC,8,eval,250,-178.8
TD+UNC,8,eval,275,-97.0
TD+UNC,8,eval,300,-95.8
TD+UNC,8,eval,325,-80.2
TD+UNC,8,eval,350,-199.2
TD+UNC,8,eval,375,-76.8
TD+UNC,8,eval,400,-94.8
TD+UNC,8,eval,425,-81.2
TD+UNC,8,eval,450,-90.2
TD+UNC,8,eval,475,-79.8
TD+UNC,8,eval,500,-77.8
TD+UNC,9,eval,25,-274.0
TD+UNC,9,eval,50,-500.0
TD+UNC,9,eval,75,-110.2
TD+UNC,9,eval,100,-104.8
TD+UNC,9,eval,125,-120.4
TD+UNC,9,eval,150,-109.2
TD+UNC,9,eval,175,-87.0
TD+UNC,9,eval,200,-108.8
TD+UNC,9,eval,225,-110.4
TD+UNC,9,eval,250,-115.8
TD+UNC,9,eval,275,-121.8
TD+UNC,9,eval,300,-93.8
TD+UNC,9,eval,325,-101.4
TD+UNC,9,eval,350,-97.4
TD+UNC,9,eval,375,-185.2
TD+UNC,9,eval,400,-103.4
TD+UNC,9,eval,425,-92.4
TD+UNC,9,eval,450,-91.6
TD+UNC,9,eval,475,-91.0
TD+UNC,9,eval,500,-90.6
FULL,0,train,1,-500.0
FULL,0,train,2,-500.0
FULL,0,train,3,-500.0
FULL,0,train,4,-500.0
FULL,0,train,5,-500.0
FULL,0,train,6,-500.0
FULL,0,train,7,-500.0
FULL,0,train,8,-500.0
FULL,0,train,9,-500.0
FULL,0,train,10,-99.0
FULL,0,train,11,-123.0
FULL,0,train,12,-223.0
FULL,0,train,13,-225.0
FULL,0,train,14,-122.0
FULL,0,train,15,-106.0
FULL,0,train,16,-81.0
FULL,0,train,17,-116.0
FULL,0,train,18,-82.0
FULL,0,train,19,-141.0
FULL,0,train,20,-130.0
FULL,0,train,21,-98.0
FULL,0,train,22,-74.0
FULL,0,train,23,-176.0
FULL,0,train,24,-148.0
FULL,0,train,25,-96.0
FULL,0,train,26,-88.0
FULL,0,train,27,-196.0
FULL,0,train,28,-89.0
FULL,0,train,29,-94.0
FULL,0,train,30,-103.0
FULL,0,train,31,-99.0
FULL,0,train,32,-85.0
FULL,0,train,33,-97.0
FULL,0,train,34,-102.0
FULL,0,train,35,-118.0
FULL,0,train,36,-135.0
FULL,0,train,37,-90.0
FULL,0,train,38,-98.0
FULL,0,train,39,-165.0
FULL,0,train,40,-96.0
FULL,0,train,41,-98.0
FULL,0,train,42,-98.0
FULL,0,train,43,-151.0
FULL,0,train,44,-118.0
FULL,0,train,45,-95.0
FULL,0,train,46,-86.0
FULL,0,train,47,-87.0
FULL,0,train,48,-156.0
FULL,0,train,49,-81.0
FULL,0,train,50,-148.0
FULL,0,train,51,-107.0
FULL,0,train,52,-105.0
FULL,0,train,53,-110.0
FULL,0,train,54,-207.0
FULL,0,train,55,-84.0
FULL,0,train,56,-150.0
FULL,0,train,57,-256.0
FULL,0,train,58,-202.0
FULL,0,train,59,-114.0
FULL,0,train,60,-153.0
FULL,0,train,61,-119.0
FULL,0,train,62,-155.0
FULL,0,train,63,-130.0
FULL,0,train,64,-104.0
FULL,0,train,65,-136.0
FULL,0,train,66,-181.0
FULL,0,train,67,-107.0
FULL,0,train,68,-115.0
FULL,0,train,69,-121.0
FULL,0,train,70,-122.0
FULL,0,train,71,-120.0
FULL,0,train,72,-123.0
FULL,0,train,73,-235.0
FULL,0,train,74,-123.0
FULL,0,train,75,-117.0
FULL,0,train,76,-313.0
FULL,0,train,77,-135.0
FULL,0,train,78,-110.0
FULL,0,train,79,-119.0
FULL,0,train,80,-161.0
FULL,0,train,81,-115.0
FULL,0,train,82,-117.0
FULL,0,train,83,-113.0
FULL,0,train,84,-107.0
FULL,0,train,85,-265.0
FULL,0,train,86,-107.0
FULL,0,train,87,-144.0
FULL,0,train,88,-157.0
FULL,0,train,89,-246.0
FULL,0,train,90,-95.0
FULL,0,train,91,-83.0
FULL,0,train,92,-159.0
FULL,0,train,93,-100.0
FULL,0,train,94,-110.0
FULL,0,train,95,-94.0
FULL,0,train,96,-121.0
FULL,0,train,97,-106.0
FULL,0,train,98,-127.0
FULL,0,train,99,-117.0
FULL,0,train,100,-143.0
FULL,0,train,101,-111.0
FULL,0,train,102,-143.0
FULL,0,train,103,-278.0
FULL,0,train,104,-146.0
FULL,0,train,105,-150.0
FULL,0,train,106,-147.0
FULL,0,train,107,-109.0
FULL,0,train,108,-106.0
FULL,0,train,109,-123.0
FULL,0,train,110,-305.0
FULL,0,train,111,-133.0
FULL,0,train,112,-90.0
FULL,0,train,113,-175.0
FULL,0,train,114,-125.0
FULL,0,train,115,-110.0
FULL,0,train,116,-99.0
FULL,0,train,117,-112.0
FULL,0,train,118,-118.0
FULL,0,train,119,-129.0
FULL,0,train,120,-111.0
FULL,0,train,121,-133.0
FULL,0,train,122,-98.0
FULL,0,train,123,-130.0
FULL,0,train,124,-118.0
FULL,0,train,125,-172.0
FULL,0,train,126,-94.0
FULL,0,train,127,-109.0
FULL,0,train,128,-77.0
FULL,0,train,129,-90.0
FULL,0,train,130,-242.0
FULL,0,train,131,-90.0
FULL,0,train,132,-86.0
FULL,0,train,133,-131.0
FULL,0,train,134,-155.0
FULL,0,train,135,-95.0
FULL,0,train,136,-111.0
FULL,0,train,137,-124.0
FULL,0,train,138,-97.0
FULL,0,train,139,-111.0
FULL,0,train,140,-144.0
FULL,0,train,141,-200.0
FULL,0,train,142,-103.0
FULL,0,train,143,-111.0
FULL,0,train,144,-199.0
FULL,0,train,145,-96.0
FULL,0,train,146,-93.0
FULL,0,train,147,-95.0
FULL,0,train,148,-178.0
FULL,0,train,149,-160.0
FULL,0,train,150,-129.0
FULL,0,train,151,-91.0
FULL,0,train,152,-87.0
FULL,0,train,153,-112.0
FULL,0,train,154,-111.0
FULL,0,train,155,-111.0
FULL,0,train,156,-110.0
FULL,0,train,157,-335.0
FULL,0,train,158,-158.0
FULL,0,train,159,-92.0
FULL,0,train,160,-122.0
FULL,0,train,161,-204.0
FULL,0,train,162,-124.0
FULL,0,train,163,-342.0
FULL,0,train,164,-96.0
FULL,0,train,165,-100.0
FULL,0,train,166,-190.0
FULL,0,train,167,-152.0
FULL,0,train,168,-84.0
FULL,0,train,169,-128.0
FULL,0,train,170,-84.0
FULL,0,train,171,-93.0
FULL,0,train,172,-329.0
FULL,0,train,173,-103.0
FULL,0,train,174,-135.0
FULL,0,train,175,-131.0
FULL,0,train,176,-117.0
FULL,0,train,177,-136.0
FULL,0,train,178,-153.0
FULL,0,train,179,-103.0
FULL,0,train,180,-141.0
FULL,0,train,181,-126.0
FULL,0,train,182,-242.0
FULL,0,train,183,-124.0
FULL,0,train,184,-128.0
FULL,0,train,185,-132.0
FULL,0,train,186,-196.0
FULL,0,train,187,-103.0
FULL,0,train,188,-243.0
FULL,0,train,189,-261.0
FULL,0,train,190,-121.0
FULL,0,train,191,-136.0
FULL,0,train,192,-135.0
FULL,0,train,193,-135.0
FULL,0,train,194,-178.0
FULL,0,train,195,-157.0
FULL,0,train,196,-99.0
FULL,0,train,197,-107.0
FULL,0,train,198,-128.0
FULL,0,train,199,-96.0
FULL,0,train,200,-93.0
FULL,0,train,201,-120.0
FULL,0,train,202,-169.0
FULL,0,train,203,-204.0
FULL,0,train,204,-163.0
FULL,0,train,205,-198.0
FULL,0,train,206,-115.0
FULL,0,train,207,-176.0
FULL,0,train,208,-155.0
FULL,0,train,209,-94.0
FULL,0,train,210,-145.0
FULL,0,train,211,-111.0
FULL,0,train,212,-166.0
FULL,0,train,213,-104.0
FULL,0,train,214,-102.0
FULL,0,train,215,-169.0
FULL,0,train,216,-104.0
FULL,0,train,217,-159.0
FULL,0,train,218,-134.0
FULL,0,train,219,-99.0
FULL,0,train,220,-93.0
FULL,0,train,221,-174.0
FULL,0,train,222,-150.0
FULL,0,train,223,-158.0
FULL,0,train,224,-134.0
FULL,0,train,225,-500.0
FULL,0,train,226,-99.0
FULL,0,train,227,-137.0
FULL,0,train,228,-91.0
FULL,0,train,229,-112.0
FULL,0,train,230,-95.0
FULL,0,train,231,-102.0
FULL,0,train,232,-86.0
FULL,0,train,233,-128.0
FULL,0,train,234,-92.0
FULL,0,train,235,-76.0
FULL,0,train,236,-113.0
FULL,0,train,237,-85.0
FULL,0,train,238,-104.0
FULL,0,train,239,-101.0
FULL,0,train,240,-135.0
FULL,0,train,241,-89.0
FULL,0,train,242,-91.0
FULL,0,train,243,-93.0
FULL,0,train,244,-110.0
FULL,0,train,245,-101.0
FULL,0,train,246,-76.0
FULL,0,train,247,-77.0
FULL,0,train,248,-98.0
FULL,0,train,249,-107.0
FULL,0,train,250,-236.0
FULL,0,train,251,-77.0
FULL,0,train,252,-85.0
FULL,0,train,253,-95.0
FULL,0,train,254,-128.0
FULL,0,train,255,-86.0
FULL,0,train,256,-109.0
FULL,0,train,257,-96.0
FULL,0,train,258,-130.0
FULL,0,train,259,-121.0
FULL,0,train,260,-95.0
FULL,0,train,261,-83.0
FULL,0,train,262,-104.0
FULL,0,train,263,-106.0
FULL,0,train,264,-130.0
FULL,0,train,265,-176.0
FULL,0,train,266,-86.0
FULL,0,train,267,-97.0
FULL,0,train,268,-117.0
FULL,0,train,269,-92.0
FULL,0,train,270,-117.0
FULL,0,train,271,-118.0
FULL,0,train,272,-103.0
FULL,0,train,273,-95.0
FULL,0,train,274,-98.0
FULL,0,train,275,-135.0
FULL,0,train,276,-145.0
FULL,0,train,277,-93.0
FULL,0,train,278,-115.0
FULL,0,train,279,-93.0
FULL,0,train,280,-100.0
FULL,0,train,281,-89.0
FULL,0,train,282,-89.0
FULL,0,train,283,-95.0
FULL,0,train,284,-101.0
FULL,0,train,285,-112.0
FULL,0,train,286,-96.0
FULL,0,train,287,-82.0
FULL,0,train,288,-98.0
FULL,0,train,289,-64.0
FULL,0,train,290,-97.0
FULL,0,train,291,-117.0
FULL,0,train,292,-91.0
FULL,0,train,293,-102.0
FULL,0,train,294,-102.0
FULL,0,train,295,-97.0
FULL,0,train,296,-119.0
FULL,0,train,297,-90.0
FULL,0,train,298,-95.0
FULL,0,train,299,-82.0
FULL,0,train,300,-89.0
FULL,0,train,301,-89.0
FULL,0,train,302,-127.0
FULL,0,train,303,-64.0
FULL,0,train,304,-106.0
FULL,0,train,305,-93.0
FULL,0,train,306,-88.0
FULL,0,train,307,-91.0
FULL,0,train,308,-163.0
FULL,0,train,309,-77.0
FULL,0,train,310,-102.0
FULL,0,train,311,-94.0
FULL,0,train,312,-92.0
FULL,0,train,313,-93.0
FULL,0,train,314,-97.0
FULL,0,train,315,-94.0
FULL,0,train,316,-92.0
FULL,0,train,317,-85.0
FULL,0,train,318,-92.0
FULL,0,train,319,-73.0
FULL,0,train,320,-117.0
FULL,0,train,321,-84.0
FULL,0,train,322,-95.0
FULL,0,train,323,-83.0
FULL,0,train,324,-85.0
FULL,0,train,325,-78.0
FULL,0,train,326,-109.0
FULL,0,train,327,-103.0
FULL,0,train,328,-107.0
FULL,0,train,329,-139.0
FULL,0,train,330,-105.0
FULL,0,train,331,-103.0
FULL,0,train,332,-94.0
FULL,0,train,333,-100.0
FULL,0,train,334,-101.0
FULL,0,train,335,-64.0
FULL,0,train,336,-73.0
FULL,0,train,337,-129.0
FULL,0,train,338,-79.0
FULL,0,train,339,-79.0
FULL,0,train,340,-98.0
FULL,0,train,341,-96.0
FULL,0,train,342,-83.0
FULL,0,train,343,-116.0
FULL,0,train,344,-75.0
FULL,0,train,345,-98.0
FULL,0,train,346,-68.0
FULL,0,train,347,-63.0
FULL,0,train,348,-94.0
FULL,0,train,349,-107.0
FULL,0,train,350,-77.0
FULL,0,train,351,-99.0
FULL,0,train,352,-150.0
FULL,0,train,353,-117.0
FULL,0,train,354,-95.0
FULL,0,train,355,-86.0
FULL,0,train,356,-84.0
FULL,0,train,357,-83.0
FULL,0,train,358,-197.0
FULL,0,train,359,-116.0
FULL,0,train,360,-94.0
FULL,0,train,361,-64.0
FULL,0,train,362,-85.0
FULL,0,train,363,-103.0
FULL,0,train,364,-102.0
FULL,0,train,365,-97.0
FULL,0,train,366,-88.0
FULL,0,train,367,-132.0
FULL,0,train,368,-116.0
FULL,0,train,369,-75.0
FULL,0,train,370,-77.0
FULL,0,train,371,-87.0
FULL,0,train,372,-100.0
FULL,0,train,373,-86.0
FULL,0,train,374,-81.0
FULL,0,train,375,-92.0
FULL,0,train,376,-66.0
FULL,0,train,377,-84.0
FULL,0,train,378,-96.0
FULL,0,train,379,-114.0
FULL,0,train,380,-74.0
FULL,0,train,381,-85.0
FULL,0,train,382,-75.0
FULL,0,train,383,-83.0
FULL,0,train,384,-107.0
FULL,0,train,385,-81.0
FULL,0,train,386,-98.0
FULL,0,train,387,-85.0
FULL,0,train,388,-95.0
FULL,0,train,389,-89.0
FULL,0,train,390,-91.0
FULL,0,train,391,-104.0
FULL,0,train,392,-97.0
FULL,0,train,393,-86.0
FULL,0,train,394,-73.0
FULL,0,train,395,-103.0
FULL,0,train,396,-103.0
FULL,0,train,397,-116.0
FULL,0,train,398,-95.0
FULL,0,train,399,-133.0
FULL,0,train,400,-110.0
FULL,0,train,401,-82.0
FULL,0,train,402,-98.0
FULL,0,train,403,-64.0
FULL,0,train,404,-86.0
FULL,0,train,405,-84.0
FULL,0,train,406,-80.0
FULL,0,train,407,-147.0
FULL,0,train,408,-85.0
FULL,0,train,409,-112.0
FULL,0,train,410,-98.0
FULL,0,train,411,-79.0
FULL,0,train,412,-77.0
FULL,0,train,413,-65.0
FULL,0,train,414,-132.0
FULL,0,train,415,-77.0
FULL,0,train,416,-81.0
FULL,0,train,417,-118.0
FULL,0,train,418,-76.0
FULL,0,train,419,-83.0
FULL,0,train,420,-64.0
FULL,0,train,421,-97.0
FULL,0,train,422,-90.0
FULL,0,train,423,-235.0
FULL,0,train,424,-108.0
FULL,0,train,425,-72.0
FULL,0,train,426,-83.0
FULL,0,train,427,-81.0
FULL,0,train,428,-100.0
FULL,0,train,429,-147.0
FULL,0,train,430,-90.0
FULL,0,train,431,-116.0
FULL,0,train,432,-500.0
FULL,0,train,433,-91.0
FULL,0,train,434,-63.0
FULL,0,train,435,-133.0
FULL,0,train,436,-96.0
FULL,0,train,437,-109.0
FULL,0,train,438,-95.0
FULL,0,train,439,-94.0
FULL,0,train,440,-113.0
FULL,0,train,441,-77.0
FULL,0,train,442,-91.0
FULL,0,train,443,-90.0
FULL,0,train,444,-76.0
FULL,0,train,445,-115.0
FULL,0,train,446,-82.0
FULL,0,train,447,-108.0
FULL,0,train,448,-122.0
FULL,0,train,449,-86.0
FULL,0,train,450,-63.0
FULL,0,train,451,-94.0
FULL,0,train,452,-84.0
FULL,0,train,453,-79.0
FULL,0,train,454,-78.0
FULL,0,train,455,-85.0
FULL,0,train,456,-82.0
FULL,0,train,457,-69.0
FULL,0,train,458,-125.0
FULL,0,train,459,-77.0
FULL,0,train,460,-314.0
FULL,0,train,461,-84.0
FULL,0,train,462,-84.0
FULL,0,train,463,-99.0
FULL,0,train,464,-97.0
FULL,0,train,465,-129.0
FULL,0,train,466,-98.0
FULL,0,train,467,-84.0
FULL,0,train,468,-92.0
FULL,0,train,469,-67.0
FULL,0,train,470,-84.0
FULL,0,train,471,-83.0
FULL,0,train,472,-83.0
FULL,0,train,473,-325.0
FULL,0,train,474,-105.0
FULL,0,train,475,-100.0
FULL,0,train,476,-226.0
FULL,0,train,477,-89.0
FULL,0,train,478,-78.0
FULL,0,train,479,-111.0
FULL,0,train,480,-225.0
FULL,0,train,481,-77.0
FULL,0,train,482,-88.0
FULL,0,train,483,-105.0
FULL,0,train,484,-99.0
FULL,0,train,485,-88.0
FULL,0,train,486,-100.0
FULL,0,train,487,-98.0
FULL,0,train,488,-63.0
FULL,0,train,489,-93.0
FULL,0,train,490,-116.0
FULL,0,train,491,-63.0
FULL,0,train,492,-79.0
FULL,0,train,493,-87.0
FULL,0,train,494,-95.0
FULL,0,train,495,-122.0
FULL,0,train,496,-95.0
FULL,0,train,497,-70.0
FULL,0,train,498,-70.0
FULL,0,train,499,-81.0
FULL,0,train,500,-85.0
FULL,1,train,1,-500.0
FULL,1,train,2,-500.0
FULL,1,train,3,-500.0
FULL,1,train,4,-500.0
FULL,1,train,5,-500.0
FULL,1,train,6,-500.0
FULL,1,train,7,-500.0
FULL,1,train,8,-500.0
FULL,1,train,9,-500.0
FULL,1,train,10,-500.0
FULL,1,train,11,-254.0
FULL,1,train,12,-182.0
FULL,1,train,13,-151.0
FULL,1,train,14,-101.0
FULL,1,train,15,-128.0
FULL,1,train,16,-228.0
FULL,1,train,17,-123.0
FULL,1,train,18,-89.0
FULL,1,train,19,-135.0
FULL,1,train,20,-140.0
FULL,1,train,21,-132.0
FULL,1,train,22,-117.0
FULL,1,train,23,-99.0
FULL,1,train,24,-96.0
FULL,1,train,25,-212.0
FULL,1,train,26,-221.0
FULL,1,train,27,-118.0
FULL,1,train,28,-138.0
FULL,1,train,29,-183.0
FULL,1,train,30,-135.0
FULL,1,train,31,-126.0
FULL,1,train,32,-122.0
FULL,1,train,33,-151.0
FULL,1,train,34,-127.0
FULL,1,train,35,-124.0
FULL,1,train,36,-125.0
FULL,1,train,37,-124.0
FULL,1,train,38,-256.0
FULL,1,train,39,-81.0
FULL,1,train,40,-90.0
FULL,1,train,41,-213.0
FULL,1,train,42,-108.0
FULL,1,train,43,-182.0
FULL,1,train,44,-119.0
FULL,1,train,45,-136.0
FULL,1,train,46,-192.0
FULL,1,train,47,-148.0
FULL,1,train,48,-265.0
FULL,1,train,49,-500.0
FULL,1,train,50,-162.0
FULL,1,train,51,-175.0
FULL,1,train,52,-344.0
FULL,1,train,53,-500.0
FULL,1,train,54,-191.0
FULL,1,train,55,-231.0
FULL,1,train,56,-164.0
FULL,1,train,57,-193.0
FULL,1,train,58,-316.0
FULL,1,train,59,-156.0
FULL,1,train,60,-249.0
FULL,1,train,61,-181.0
FULL,1,train,62,-181.0
FULL,1,train,63,-113.0
FULL,1,train,64,-243.0
FULL,1,train,65,-166.0
FULL,1,train,66,-321.0
FULL,1,train,67,-204.0
FULL,1,train,68,-215.0
FULL,1,train,69,-179.0
FULL,1,train,70,-142.0
FULL,1,train,71,-188.0
FULL,1,train,72,-238.0
FULL,1,train,73,-174.0
FULL,1,train,74,-145.0
FULL,1,train,75,-206.0
FULL,1,train,76,-180.0
FULL,1,train,77,-135.0
FULL,1,train,78,-292.0
FULL,1,train,79,-112.0
FULL,1,train,80,-122.0
FULL,1,train,81,-134.0
FULL,1,train,82,-85.0
FULL,1,train,83,-82.0
FULL,1,train,84,-111.0
FULL,1,train,85,-97.0
FULL,1,train,86,-166.0
FULL,1,train,87,-158.0
FULL,1,train,88,-97.0
FULL,1,train,89,-174.0
FULL,1,train,90,-113.0
FULL,1,train,91,-112.0
FULL,1,train,92,-140.0
FULL,1,train,93,-203.0
FULL,1,train,94,-500.0
FULL,1,train,95,-109.0
FULL,1,train,96,-106.0
FULL,1,train,97,-304.0
FULL,1,train,98,-116.0
FULL,1,train,99,-96.0
FULL,1,train,100,-106.0
FULL,1,train,101,-114.0
FULL,1,train,102,-169.0
FULL,1,train,103,-141.0
FULL,1,train,104,-105.0
FULL,1,train,105,-135.0
FULL,1,train,106,-108.0
FULL,1,train,107,-93.0
FULL,1,train,108,-423.0
FULL,1,train,109,-136.0
FULL,1,train,110,-170.0
FULL,1,train,111,-118.0
FULL,1,train,112,-119.0
FULL,1,train,113,-110.0
FULL,1,train,114,-91.0
FULL,1,train,115,-195.0
FULL,1,train,116,-87.0
FULL,1,train,117,-104.0
FULL,1,train,118,-129.0
FULL,1,train,119,-107.0
FULL,1,train,120,-170.0
FULL,1,train,121,-125.0
FULL,1,train,122,-119.0
FULL,1,train,123,-111.0
FULL,1,train,124,-121.0
FULL,1,train,125,-122.0
FULL,1,train,126,-104.0
FULL,1,train,127,-100.0
FULL,1,train,128,-159.0
FULL,1,train,129,-335.0
FULL,1,train,130,-184.0
FULL,1,train,131,-154.0
FULL,1,train,132,-468.0
FULL,1,train,133,-163.0
FULL,1,train,134,-158.0
FULL,1,train,135,-119.0
FULL,1,train,136,-185.0
FULL,1,train,137,-99.0
FULL,1,train,138,-121.0
FULL,1,train,139,-106.0
FULL,1,train,140,-100.0
FULL,1,train,141,-78.0
FULL,1,train,142,-122.0
FULL,1,train,143,-101.0
FULL,1,train,144,-143.0
FULL,1,train,145,-126.0
FULL,1,train,146,-191.0
FULL,1,train,147,-97.0
FULL,1,train,148,-421.0
FULL,1,train,149,-123.0
FULL,1,train,150,-102.0
FULL,1,train,151,-134.0
FULL,1,train,152,-199.0
FULL,1,train,153,-121.0
FULL,1,train,154,-102.0
FULL,1,train,155,-88.0
FULL,1,train,156,-120.0
FULL,1,train,157,-154.0
FULL,1,train,158,-137.0
FULL,1,train,159,-500.0
FULL,1,train,160,-149.0
FULL,1,train,161,-130.0
FULL,1,train,162,-109.0
FULL,1,train,163,-111.0
FULL,1,train,164,-69.0
FULL,1,train,165,-114.0
FULL,1,train,166,-309.0
FULL,1,train,167,-107.0
FULL,1,train,168,-117.0
FULL,1,train,169,-159.0
FULL,1,train,170,-95.0
FULL,1,train,171,-166.0
FULL,1,train,172,-91.0
FULL,1,train,173,-500.0
FULL,1,train,174,-120.0
FULL,1,train,175,-123.0
FULL,1,train,176,-100.0
FULL,1,train,177,-146.0
FULL,1,train,178,-92.0
FULL,1,train,179,-150.0
FULL,1,train,180,-94.0
FULL,1,train,181,-123.0
FULL,1,train,182,-250.0
FULL,1,train,183,-85.0
FULL,1,train,184,-98.0
FULL,1,train,185,-179.0
FULL,1,train,186,-81.0
FULL,1,train,187,-95.0
FULL,1,train,188,-136.0
FULL,1,train,189,-500.0
FULL,1,train,190,-106.0
FULL,1,train,191,-115.0
FULL,1,train,192,-134.0
FULL,1,train,193,-130.0
FULL,1,train,194,-117.0
FULL,1,train,195,-125.0
FULL,1,train,196,-91.0
FULL,1,train,197,-90.0
FULL,1,train,198,-69.0
FULL,1,train,199,-500.0
FULL,1,train,200,-108.0
FULL,1,train,201,-79.0
FULL,1,train,202,-97.0
FULL,1,train,203,-112.0
FULL,1,train,204,-150.0
FULL,1,train,205,-139.0
FULL,1,train,206,-94.0
FULL,1,train,207,-116.0
FULL,1,train,208,-99.0
FULL,1,train,209,-119.0
FULL,1,train,210,-125.0
FULL,1,train,211,-118.0
FULL,1,train,212,-78.0
FULL,1,train,213,-189.0
FULL,1,train,214,-72.0
FULL,1,train,215,-134.0
FULL,1,train,216,-153.0
FULL,1,train,217,-173.0
FULL,1,train,218,-131.0
FULL,1,train,219,-156.0
FULL,1,train,220,-98.0
FULL,1,train,221,-124.0
FULL,1,train,222,-109.0
FULL,1,train,223,-107.0
FULL,1,train,224,-115.0
FULL,1,train,225,-78.0
FULL,1,train,226,-100.0
FULL,1,train,227,-100.0
FULL,1,train,228,-116.0
FULL,1,train,229,-140.0
FULL,1,train,230,-206.0
FULL,1,train,231,-136.0
FULL,1,train,232,-99.0
FULL,1,train,233,-104.0
FULL,1,train,234,-77.0
FULL,1,train,235,-121.0
FULL,1,train,236,-126.0
FULL,1,train,237,-115.0
FULL,1,train,238,-107.0
FULL,1,train,239,-94.0
FULL,1,train,240,-100.0
FULL,1,train,241,-99.0
FULL,1,train,242,-124.0
FULL,1,train,243,-122.0
FULL,1,train,244,-86.0
FULL,1,train,245,-85.0
FULL,1,train,246,-84.0
FULL,1,train,247,-107.0
FULL,1,train,248,-173.0
FULL,1,train,249,-142.0
FULL,1,train,250,-93.0
FULL,1,train,251,-122.0
FULL,1,train,252,-113.0
FULL,1,train,253,-108.0
FULL,1,train,254,-85.0
FULL,1,train,255,-141.0
FULL,1,train,256,-109.0
FULL,1,train,257,-83.0
FULL,1,train,258,-96.0
FULL,1,train,259,-139.0
FULL,1,train,260,-89.0
FULL,1,train,261,-134.0
FULL,1,train,262,-112.0
FULL,1,train,263,-92.0
FULL,1,train,264,-86.0
FULL,1,train,265,-129.0
FULL,1,train,266,-105.0
FULL,1,train,267,-73.0
FULL,1,train,268,-92.0
FULL,1,train,269,-134.0
FULL,1,train,270,-91.0
FULL,1,train,271,-101.0
FULL,1,train,272,-141.0
FULL,1,train,273,-117.0
FULL,1,train,274,-98.0
FULL,1,train,275,-85.0
FULL,1,train,276,-76.0
FULL,1,train,277,-93.0
FULL,1,train,278,-130.0
FULL,1,train,279,-144.0
FULL,1,train,280,-85.0
FULL,1,train,281,-84.0
FULL,1,train,282,-172.0
FULL,1,train,283,-79.0
FULL,1,train,284,-92.0
FULL,1,train,285,-105.0
FULL,1,train,286,-112.0
FULL,1,train,287,-112.0
FULL,1,train,288,-85.0
FULL,1,train,289,-122.0
FULL,1,train,290,-86.0
FULL,1,train,291,-110.0
FULL,1,train,292,-109.0
FULL,1,train,293,-77.0
FULL,1,train,294,-82.0
FULL,1,train,295,-108.0
FULL,1,train,296,-84.0
FULL,1,train,297,-135.0
FULL,1,train,298,-83.0
FULL,1,train,299,-88.0
FULL,1,train,300,-128.0
FULL,1,train,301,-195.0
FULL,1,train,302,-95.0
FULL,1,train,303,-90.0
FULL,1,train,304,-96.0
FULL,1,train,305,-96.0
FULL,1,train,306,-115.0
FULL,1,train,307,-92.0
FULL,1,train,308,-114.0
FULL,1,train,309,-93.0
FULL,1,train,310,-78.0
FULL,1,train,311,-169.0
FULL,1,train,312,-109.0
FULL,1,train,313,-155.0
FULL,1,train,314,-148.0
FULL,1,train,315,-72.0
FULL,1,train,316,-124.0
FULL,1,train,317,-111.0
FULL,1,train,318,-85.0
FULL,1,train,319,-120.0
FULL,1,train,320,-89.0
FULL,1,train,321,-130.0
FULL,1,train,322,-71.0
FULL,1,train,323,-132.0
FULL,1,train,324,-104.0
FULL,1,train,325,-104.0
FULL,1,train,326,-86.0
FULL,1,train,327,-88.0
FULL,1,train,328,-92.0
FULL,1,train,329,-84.0
FULL,1,train,330,-75.0
FULL,1,train,331,-103.0
FULL,1,train,332,-83.0
FULL,1,train,333,-88.0
FULL,1,train,334,-63.0
FULL,1,train,335,-123.0
FULL,1,train,336,-136.0
FULL,1,train,337,-84.0
FULL,1,train,338,-102.0
FULL,1,train,339,-90.0
FULL,1,train,340,-127.0
FULL,1,train,341,-125.0
FULL,1,train,342,-117.0
FULL,1,train,343,-80.0
FULL,1,train,344,-71.0
FULL,1,train,345,-92.0
FULL,1,train,346,-84.0
FULL,1,train,347,-88.0
FULL,1,train,348,-105.0
FULL,1,train,349,-95.0
FULL,1,train,350,-98.0
FULL,1,train,351,-85.0
FULL,1,train,352,-134.0
FULL,1,train,353,-99.0
FULL,1,train,354,-106.0
FULL,1,train,355,-85.0
FULL,1,train,356,-75.0
FULL,1,train,357,-117.0
FULL,1,train,358,-93.0
FULL,1,train,359,-80.0
FULL,1,train,360,-99.0
FULL,1,train,361,-114.0
FULL,1,train,362,-94.0
FULL,1,train,363,-91.0
FULL,1,train,364,-79.0
FULL,1,train,365,-163.0
FULL,1,train,366,-104.0
FULL,1,train,367,-92.0
FULL,1,train,368,-97.0
FULL,1,train,369,-140.0
FULL,1,train,370,-88.0
FULL,1,train,371,-89.0
FULL,1,train,372,-86.0
FULL,1,train,373,-82.0
FULL,1,train,374,-97.0
FULL,1,train,375,-79.0
FULL,1,train,376,-98.0
FULL,1,train,377,-89.0
FULL,1,train,378,-97.0
FULL,1,train,379,-93.0
FULL,1,train,380,-133.0
FULL,1,train,381,-142.0
FULL,1,train,382,-126.0
FULL,1,train,383,-100.0
FULL,1,train,384,-88.0
FULL,1,train,385,-86.0
FULL,1,train,386,-92.0
FULL,1,train,387,-89.0
FULL,1,train,388,-89.0
FULL,1,train,389,-118.0
FULL,1,train,390,-95.0
FULL,1,train,391,-90.0
FULL,1,train,392,-81.0
FULL,1,train,393,-99.0
FULL,1,train,394,-78.0
FULL,1,train,395,-141.0
FULL,1,train,396,-233.0
FULL,1,train,397,-82.0
FULL,1,train,398,-80.0
FULL,1,train,399,-84.0
FULL,1,train,400,-111.0
FULL,1,train,401,-99.0
FULL,1,train,402,-86.0
FULL,1,train,403,-104.0
FULL,1,train,404,-76.0
FULL,1,train,405,-500.0
FULL,1,train,406,-89.0
FULL,1,train,407,-123.0
FULL,1,train,408,-124.0
FULL,1,train,409,-101.0
FULL,1,train,410,-102.0
FULL,1,train,411,-103.0
FULL,1,train,412,-104.0
FULL,1,train,413,-106.0
FULL,1,train,414,-99.0
FULL,1,train,415,-77.0
FULL,1,train,416,-107.0
FULL,1,train,417,-75.0
FULL,1,train,418,-75.0
FULL,1,train,419,-68.0
FULL,1,train,420,-94.0
FULL,1,train,421,-77.0
FULL,1,train,422,-93.0
FULL,1,train,423,-63.0
FULL,1,train,424,-95.0
FULL,1,train,425,-99.0
FULL,1,train,426,-89.0
FULL,1,train,427,-105.0
FULL,1,train,428,-85.0
FULL,1,train,429,-82.0
FULL,1,train,430,-73.0
FULL,1,train,431,-86.0
FULL,1,train,432,-101.0
FULL,1,train,433,-82.0
FULL,1,train,434,-108.0
FULL,1,train,435,-89.0
FULL,1,train,436,-74.0
FULL,1,train,437,-78.0
FULL,1,train,438,-86.0
FULL,1,train,439,-102.0
FULL,1,train,440,-101.0
FULL,1,train,441,-85.0
FULL,1,train,442,-84.0
FULL,1,train,443,-81.0
FULL,1,train,444,-77.0
FULL,1,train,445,-80.0
FULL,1,train,446,-79.0
FULL,1,train,447,-500.0
FULL,1,train,448,-92.0
FULL,1,train,449,-95.0
FULL,1,train,450,-83.0
FULL,1,train,451,-124.0
FULL,1,train,452,-76.0
FULL,1,train,453,-78.0
FULL,1,train,454,-83.0
FULL,1,train,455,-195.0
FULL,1,train,456,-91.0
FULL,1,train,457,-85.0
FULL,1,train,458,-95.0
FULL,1,train,459,-78.0
FULL,1,train,460,-92.0
FULL,1,train,461,-94.0
FULL,1,train,462,-86.0
FULL,1,train,463,-80.0
FULL,1,train,464,-94.0
FULL,1,train,465,-99.0
FULL,1,train,466,-84.0
FULL,1,train,467,-70.0
FULL,1,train,468,-99.0
FULL,1,train,469,-92.0
FULL,1,train,470,-157.0
FULL,1,train,471,-116.0
FULL,1,train,472,-107.0
FULL,1,train,473,-124.0
FULL,1,train,474,-104.0
FULL,1,train,475,-78.0
FULL,1,train,476,-88.0
FULL,1,train,477,-119.0
FULL,1,train,478,-80.0
FULL,1,train,479,-84.0
FULL,1,train,480,-104.0
FULL,1,train,481,-96.0
FULL,1,train,482,-106.0
FULL,1,train,483,-104.0
FULL,1,train,484,-112.0
FULL,1,train,485,-62.0
FULL,1,train,486,-87.0
FULL,1,train,487,-142.0
FULL,1,train,488,-102.0
FULL,1,train,489,-98.0
FULL,1,train,490,-85.0
FULL,1,train,491,-94.0
FULL,1,train,492,-119.0
FULL,1,train,493,-120.0
FULL,1,train,494,-101.0
FULL,1,train,495,-100.0
FULL,1,train,496,-104.0
FULL,1,train,497,-131.0
FULL,1,train,498,-102.0
FULL,1,train,499,-86.0
FULL,1,train,500,-78.0
FULL,2,train,1,-500.0
FULL,2,train,2,-500.0
FULL,2,train,3,-500.0
FULL,2,train,4,-500.0
FULL,2,train,5,-500.0
FULL,2,train,6,-500.0
FULL,2,train,7,-500.0
FULL,2,train,8,-500.0
FULL,2,train,9,-500.0
FULL,2,train,10,-500.0
FULL,2,train,11,-500.0
FULL,2,train,12,-500.0
FULL,2,train,13,-500.0
FULL,2,train,14,-500.0
FULL,2,train,15,-500.0
FULL,2,train,16,-500.0
FULL,2,train,17,-500.0
FULL,2,train,18,-500.0
FULL,2,train,19,-500.0
FULL,2,train,20,-358.0
FULL,2,train,21,-336.0
FULL,2,train,22,-500.0
FULL,2,train,23,-500.0
FULL,2,train,24,-451.0
FULL,2,train,25,-373.0
FULL,2,train,26,-500.0
FULL,2,train,27,-500.0
FULL,2,train,28,-500.0
FULL,2,train,29,-500.0
FULL,2,train,30,-500.0
FULL,2,train,31,-436.0
FULL,2,train,32,-500.0
FULL,2,train,33,-500.0
FULL,2,train,34,-263.0
FULL,2,train,35,-500.0
FULL,2,train,36,-488.0
FULL,2,train,37,-471.0
FULL,2,train,38,-500.0
FULL,2,train,39,-500.0
FULL,2,train,40,-500.0
FULL,2,train,41,-290.0
FULL,2,train,42,-225.0
FULL,2,train,43,-132.0
FULL,2,train,44,-108.0
FULL,2,train,45,-158.0
FULL,2,train,46,-189.0
FULL,2,train,47,-153.0
FULL,2,train,48,-126.0
FULL,2,train,49,-164.0
FULL,2,train,50,-158.0
FULL,2,train,51,-500.0
FULL,2,train,52,-395.0
FULL,2,train,53,-257.0
FULL,2,train,54,-178.0
FULL,2,train,55,-85.0
FULL,2,train,56,-207.0
FULL,2,train,57,-177.0
FULL,2,train,58,-93.0
FULL,2,train,59,-500.0
FULL,2,train,60,-87.0
FULL,2,train,61,-471.0
FULL,2,train,62,-89.0
FULL,2,train,63,-294.0
FULL,2,train,64,-153.0
FULL,2,train,65,-144.0
FULL,2,train,66,-115.0
FULL,2,train,67,-190.0
FULL,2,train,68,-499.0
FULL,2,train,69,-216.0
FULL,2,train,70,-266.0
FULL,2,train,71,-107.0
FULL,2,train,72,-174.0
FULL,2,train,73,-199.0
FULL,2,train,74,-149.0
FULL,2,train,75,-105.0
FULL,2,train,76,-189.0
FULL,2,train,77,-170.0
FULL,2,train,78,-236.0
FULL,2,train,79,-101.0
FULL,2,train,80,-127.0
FULL,2,train,81,-134.0
FULL,2,train,82,-212.0
FULL,2,train,83,-377.0
FULL,2,train,84,-192.0
FULL,2,train,85,-143.0
FULL,2,train,86,-176.0
FULL,2,train,87,-229.0
FULL,2,train,88,-186.0
FULL,2,train,89,-500.0
FULL,2,train,90,-121.0
FULL,2,train,91,-191.0
FULL,2,train,92,-148.0
FULL,2,train,93,-292.0
FULL,2,train,94,-130.0
FULL,2,train,95,-229.0
FULL,2,train,96,-87.0
FULL,2,train,97,-93.0
FULL,2,train,98,-286.0
FULL,2,train,99,-149.0
FULL,2,train,100,-233.0
FULL,2,train,101,-263.0
FULL,2,train,102,-81.0
FULL,2,train,103,-222.0
FULL,2,train,104,-110.0
FULL,2,train,105,-112.0
FULL,2,train,106,-190.0
FULL,2,train,107,-251.0
FULL,2,train,108,-107.0
FULL,2,train,109,-120.0
FULL,2,train,110,-201.0
FULL,2,train,111,-494.0
FULL,2,train,112,-128.0
FULL,2,train,113,-252.0
FULL,2,train,114,-80.0
FULL,2,train,115,-175.0
FULL,2,train,116,-121.0
FULL,2,train,117,-119.0
FULL,2,train,118,-166.0
FULL,2,train,119,-117.0
FULL,2,train,120,-138.0
FULL,2,train,121,-100.0
FULL,2,train,122,-126.0
FULL,2,train,123,-79.0
FULL,2,train,124,-119.0
FULL,2,train,125,-88.0
FULL,2,train,126,-80.0
FULL,2,train,127,-141.0
FULL,2,train,128,-81.0
FULL,2,train,129,-205.0
FULL,2,train,130,-168.0
FULL,2,train,131,-177.0
FULL,2,train,132,-87.0
FULL,2,train,133,-122.0
FULL,2,train,134,-83.0
FULL,2,train,135,-339.0
FULL,2,train,136,-108.0
FULL,2,train,137,-137.0
FULL,2,train,138,-133.0
FULL,2,train,139,-110.0
FULL,2,train,140,-152.0
FULL,2,train,141,-123.0
FULL,2,train,142,-72.0
FULL,2,train,143,-169.0
FULL,2,train,144,-99.0
FULL,2,train,145,-116.0
FULL,2,train,146,-84.0
FULL,2,train,147,-105.0
FULL,2,train,148,-70.0
FULL,2,train,149,-180.0
FULL,2,train,150,-98.0
FULL,2,train,151,-120.0
FULL,2,train,152,-117.0
FULL,2,train,153,-117.0
FULL,2,train,154,-125.0
FULL,2,train,155,-152.0
FULL,2,train,156,-149.0
FULL,2,train,157,-116.0
FULL,2,train,158,-126.0
FULL,2,train,159,-93.0
FULL,2,train,160,-135.0
FULL,2,train,161,-128.0
FULL,2,train,162,-168.0
FULL,2,train,163,-199.0
FULL,2,train,164,-100.0
FULL,2,train,165,-125.0
FULL,2,train,166,-89.0
FULL,2,train,167,-173.0
FULL,2,train,168,-127.0
FULL,2,train,169,-127.0
FULL,2,train,170,-127.0
FULL,2,train,171,-162.0
FULL,2,train,172,-94.0
FULL,2,train,173,-111.0
FULL,2,train,174,-125.0
FULL,2,train,175,-125.0
FULL,2,train,176,-78.0
FULL,2,train,177,-113.0
FULL,2,train,178,-87.0
FULL,2,train,179,-118.0
FULL,2,train,180,-118.0
FULL,2,train,181,-105.0
FULL,2,train,182,-100.0
FULL,2,train,183,-70.0
FULL,2,train,184,-84.0
FULL,2,train,185,-111.0
FULL,2,train,186,-76.0
FULL,2,train,187,-94.0
FULL,2,train,188,-85.0
FULL,2,train,189,-104.0
FULL,2,train,190,-86.0
FULL,2,train,191,-73.0
FULL,2,train,192,-93.0
FULL,2,train,193,-109.0
FULL,2,train,194,-85.0
FULL,2,train,195,-103.0
FULL,2,train,196,-104.0
FULL,2,train,197,-86.0
FULL,2,train,198,-79.0
FULL,2,train,199,-189.0
FULL,2,train,200,-147.0
FULL,2,train,201,-82.0
FULL,2,train,202,-105.0
FULL,2,train,203,-114.0
FULL,2,train,204,-97.0
FULL,2,train,205,-142.0
FULL,2,train,206,-100.0
FULL,2,train,207,-84.0
FULL,2,train,208,-141.0
FULL,2,train,209,-105.0
FULL,2,train,210,-108.0
FULL,2,train,211,-78.0
FULL,2,train,212,-133.0
FULL,2,train,213,-91.0
FULL,2,train,214,-71.0
FULL,2,train,215,-82.0
FULL,2,train,216,-117.0
FULL,2,train,217,-103.0
FULL,2,train,218,-91.0
FULL,2,train,219,-114.0
FULL,2,train,220,-83.0
FULL,2,train,221,-150.0
FULL,2,train,222,-98.0
FULL,2,train,223,-103.0
FULL,2,train,224,-82.0
FULL,2,train,225,-95.0
FULL,2,train,226,-91.0
FULL,2,train,227,-83.0
FULL,2,train,228,-95.0
FULL,2,train,229,-105.0
FULL,2,train,230,-77.0
FULL,2,train,231,-98.0
FULL,2,train,232,-86.0
FULL,2,train,233,-84.0
FULL,2,train,234,-99.0
FULL,2,train,235,-211.0
FULL,2,train,236,-65.0
FULL,2,train,237,-104.0
FULL,2,train,238,-126.0
FULL,2,train,239,-118.0
FULL,2,train,240,-94.0
FULL,2,train,241,-85.0
FULL,2,train,242,-93.0
FULL,2,train,243,-157.0
FULL,2,train,244,-122.0
FULL,2,train,245,-102.0
FULL,2,train,246,-103.0
FULL,2,train,247,-108.0
FULL,2,train,248,-106.0
FULL,2,train,249,-92.0
FULL,2,train,250,-144.0
FULL,2,train,251,-107.0
FULL,2,train,252,-100.0
FULL,2,train,253,-92.0
FULL,2,train,254,-93.0
FULL,2,train,255,-107.0
FULL,2,train,256,-91.0
FULL,2,train,257,-96.0
FULL,2,train,258,-129.0
FULL,2,train,259,-65.0
FULL,2,train,260,-92.0
FULL,2,train,261,-135.0
FULL,2,train,262,-106.0
FULL,2,train,263,-101.0
FULL,2,train,264,-84.0
FULL,2,train,265,-105.0
FULL,2,train,266,-85.0
FULL,2,train,267,-88.0
FULL,2,train,268,-81.0
FULL,2,train,269,-137.0
FULL,2,train,270,-95.0
FULL,2,train,271,-93.0
FULL,2,train,272,-84.0
FULL,2,train,273,-91.0
FULL,2,train,274,-84.0
FULL,2,train,275,-92.0
FULL,2,train,276,-109.0
FULL,2,train,277,-106.0
FULL,2,train,278,-85.0
FULL,2,train,279,-86.0
FULL,2,train,280,-102.0
FULL,2,train,281,-83.0
FULL,2,train,282,-102.0
FULL,2,train,283,-87.0
FULL,2,train,284,-84.0
FULL,2,train,285,-95.0
FULL,2,train,286,-91.0
FULL,2,train,287,-94.0
FULL,2,train,288,-97.0
FULL,2,train,289,-94.0
FULL,2,train,290,-90.0
FULL,2,train,291,-87.0
FULL,2,train,292,-104.0
FULL,2,train,293,-116.0
FULL,2,train,294,-82.0
FULL,2,train,295,-78.0
FULL,2,train,296,-88.0
FULL,2,train,297,-115.0
FULL,2,train,298,-108.0
FULL,2,train,299,-95.0
FULL,2,train,300,-83.0
FULL,2,train,301,-64.0
FULL,2,train,302,-107.0
FULL,2,train,303,-99.0
FULL,2,train,304,-108.0
FULL,2,train,305,-89.0
FULL,2,train,306,-97.0
FULL,2,train,307,-81.0
FULL,2,train,308,-135.0
FULL,2,train,309,-99.0
FULL,2,train,310,-76.0
FULL,2,train,311,-106.0
FULL,2,train,312,-98.0
FULL,2,train,313,-63.0
FULL,2,train,314,-89.0
FULL,2,train,315,-86.0
FULL,2,train,316,-85.0
FULL,2,train,317,-88.0
FULL,2,train,318,-98.0
FULL,2,train,319,-85.0
FULL,2,train,320,-500.0
FULL,2,train,321,-182.0
FULL,2,train,322,-131.0
FULL,2,train,323,-69.0
FULL,2,train,324,-135.0
FULL,2,train,325,-225.0
FULL,2,train,326,-108.0
FULL,2,train,327,-83.0
FULL,2,train,328,-103.0
FULL,2,train,329,-86.0
FULL,2,train,330,-95.0
FULL,2,train,331,-99.0
FULL,2,train,332,-80.0
FULL,2,train,333,-98.0
FULL,2,train,334,-73.0
FULL,2,train,335,-110.0
FULL,2,train,336,-105.0
FULL,2,train,337,-63.0
FULL,2,train,338,-91.0
FULL,2,train,339,-112.0
FULL,2,train,340,-114.0
FULL,2,train,341,-92.0
FULL,2,train,342,-90.0
FULL,2,train,343,-92.0
FULL,2,train,344,-102.0
FULL,2,train,345,-106.0
FULL,2,train,346,-116.0
FULL,2,train,347,-104.0
FULL,2,train,348,-83.0
FULL,2,train,349,-111.0
FULL,2,train,350,-101.0
FULL,2,train,351,-96.0
FULL,2,train,352,-80.0
FULL,2,train,353,-114.0
FULL,2,train,354,-85.0
FULL,2,train,355,-94.0
FULL,2,train,356,-85.0
FULL,2,train,357,-89.0
FULL,2,train,358,-109.0
FULL,2,train,359,-123.0
FULL,2,train,360,-78.0
FULL,2,train,361,-102.0
FULL,2,train,362,-69.0
FULL,2,train,363,-199.0
FULL,2,train,364,-127.0
FULL,2,train,365,-98.0
FULL,2,train,366,-96.0
FULL,2,train,367,-188.0
FULL,2,train,368,-94.0
FULL,2,train,369,-140.0
FULL,2,train,370,-132.0
FULL,2,train,371,-88.0
FULL,2,train,372,-97.0
FULL,2,train,373,-72.0
FULL,2,train,374,-103.0
FULL,2,train,375,-299.0
FULL,2,train,376,-125.0
FULL,2,train,377,-95.0
FULL,2,train,378,-64.0
FULL,2,train,379,-179.0
FULL,2,train,380,-93.0
FULL,2,train,381,-93.0
FULL,2,train,382,-96.0
FULL,2,train,383,-148.0
FULL,2,train,384,-130.0
FULL,2,train,385,-95.0
FULL,2,train,386,-100.0
FULL,2,train,387,-78.0
FULL,2,train,388,-83.0
FULL,2,train,389,-86.0
FULL,2,train,390,-96.0
FULL,2,train,391,-78.0
FULL,2,train,392,-93.0
FULL,2,train,393,-92.0
FULL,2,train,394,-93.0
FULL,2,train,395,-120.0
FULL,2,train,396,-71.0
FULL,2,train,397,-86.0
FULL,2,train,398,-78.0
FULL,2,train,399,-80.0
FULL,2,train,400,-94.0
FULL,2,train,401,-85.0
FULL,2,train,402,-125.0
FULL,2,train,403,-109.0
FULL,2,train,404,-87.0
FULL,2,train,405,-183.0
FULL,2,train,406,-106.0
FULL,2,train,407,-99.0
FULL,2,train,408,-104.0
FULL,2,train,409,-83.0
FULL,2,train,410,-109.0
FULL,2,train,411,-101.0
FULL,2,train,412,-110.0
FULL,2,train,413,-94.0
FULL,2,train,414,-105.0
FULL,2,train,415,-99.0
FULL,2,train,416,-101.0
FULL,2,train,417,-85.0
FULL,2,train,418,-88.0
FULL,2,train,419,-133.0
FULL,2,train,420,-101.0
FULL,2,train,421,-89.0
FULL,2,train,422,-92.0
FULL,2,train,423,-86.0
FULL,2,train,424,-76.0
FULL,2,train,425,-103.0
FULL,2,train,426,-86.0
FULL,2,train,427,-98.0
FULL,2,train,428,-121.0
FULL,2,train,429,-87.0
FULL,2,train,430,-101.0
FULL,2,train,431,-69.0
FULL,2,train,432,-102.0
FULL,2,train,433,-84.0
FULL,2,train,434,-98.0
FULL,2,train,435,-84.0
FULL,2,train,436,-92.0
FULL,2,train,437,-82.0
FULL,2,train,438,-84.0
FULL,2,train,439,-192.0
FULL,2,train,440,-85.0
FULL,2,train,441,-79.0
FULL,2,train,442,-77.0
FULL,2,train,443,-92.0
FULL,2,train,444,-118.0
FULL,2,train,445,-98.0
FULL,2,train,446,-119.0
FULL,2,train,447,-96.0
FULL,2,train,448,-92.0
FULL,2,train,449,-139.0
FULL,2,train,450,-92.0
FULL,2,train,451,-89.0
FULL,2,train,452,-104.0
FULL,2,train,453,-88.0
FULL,2,train,454,-75.0
FULL,2,train,455,-92.0
FULL,2,train,456,-92.0
FULL,2,train,457,-100.0
FULL,2,train,458,-128.0
FULL,2,train,459,-92.0
FULL,2,train,460,-71.0
FULL,2,train,461,-99.0
FULL,2,train,462,-77.0
FULL,2,train,463,-70.0
FULL,2,train,464,-104.0
FULL,2,train,465,-93.0
FULL,2,train,466,-101.0
FULL,2,train,467,-98.0
FULL,2,train,468,-106.0
FULL,2,train,469,-91.0
FULL,2,train,470,-89.0
FULL,2,train,471,-120.0
FULL,2,train,472,-500.0
FULL,2,train,473,-90.0
FULL,2,train,474,-94.0
FULL,2,train,475,-142.0
FULL,2,train,476,-96.0
FULL,2,train,477,-101.0
FULL,2,train,478,-84.0
FULL,2,train,479,-133.0
FULL,2,train,480,-70.0
FULL,2,train,481,-95.0
FULL,2,train,482,-72.0
FULL,2,train,483,-110.0
FULL,2,train,484,-89.0
FULL,2,train,485,-100.0
FULL,2,train,486,-127.0
FULL,2,train,487,-92.0
FULL,2,train,488,-93.0
FULL,2,train,489,-91.0
FULL,2,train,490,-82.0
FULL,2,train,491,-79.0
FULL,2,train,492,-80.0
FULL,2,train,493,-90.0
FULL,2,train,494,-92.0
FULL,2,train,495,-97.0
FULL,2,train,496,-100.0
FULL,2,train,497,-243.0
FULL,2,train,498,-94.0
FULL,2,train,499,-99.0
FULL,2,train,500,-62.0
FULL,3,train,1,-387.0
FULL,3,train,2,-343.0
FULL,3,train,3,-316.0
FULL,3,train,4,-358.0
FULL,3,train,5,-229.0
FULL,3,train,6,-185.0
FULL,3,train,7,-368.0
FULL,3,train,8,-350.0
FULL,3,train,9,-260.0
FULL,3,train,10,-500.0
FULL,3,train,11,-500.0
FULL,3,train,12,-500.0
FULL,3,train,13,-500.0
FULL,3,train,14,-500.0
FULL,3,train,15,-500.0
FULL,3,train,16,-331.0
FULL,3,train,17,-326.0
FULL,3,train,18,-302.0
FULL,3,train,19,-500.0
FULL,3,train,20,-500.0
FULL,3,train,21,-500.0
FULL,3,train,22,-471.0
FULL,3,train,23,-326.0
FULL,3,train,24,-446.0
FULL,3,train,25,-121.0
FULL,3,train,26,-307.0
FULL,3,train,27,-500.0
FULL,3,train,28,-500.0
FULL,3,train,29,-235.0
FULL,3,train,30,-500.0
FULL,3,train,31,-225.0
FULL,3,train,32,-500.0
FULL,3,train,33,-231.0
FULL,3,train,34,-500.0
FULL,3,train,35,-360.0
FULL,3,train,36,-225.0
FULL,3,train,37,-214.0
FULL,3,train,38,-183.0
FULL,3,train,39,-171.0
FULL,3,train,40,-155.0
FULL,3,train,41,-500.0
FULL,3,train,42,-146.0
FULL,3,train,43,-182.0
FULL,3,train,44,-196.0
FULL,3,train,45,-234.0
FULL,3,train,46,-236.0
FULL,3,train,47,-500.0
FULL,3,train,48,-500.0
FULL,3,train,49,-441.0
FULL,3,train,50,-198.0
FULL,3,train,51,-119.0
FULL,3,train,52,-233.0
FULL,3,train,53,-500.0
FULL,3,train,54,-145.0
FULL,3,train,55,-415.0
FULL,3,train,56,-400.0
FULL,3,train,57,-126.0
FULL,3,train,58,-120.0
FULL,3,train,59,-208.0
FULL,3,train,60,-459.0
FULL,3,train,61,-101.0
FULL,3,train,62,-500.0
FULL,3,train,63,-170.0
FULL,3,train,64,-99.0
FULL,3,train,65,-147.0
FULL,3,train,66,-195.0
FULL,3,train,67,-500.0
FULL,3,train,68,-500.0
FULL,3,train,69,-181.0
FULL,3,train,70,-141.0
FULL,3,train,71,-306.0
FULL,3,train,72,-500.0
FULL,3,train,73,-165.0
FULL,3,train,74,-168.0
FULL,3,train,75,-165.0
FULL,3,train,76,-122.0
FULL,3,train,77,-143.0
FULL,3,train,78,-283.0
FULL,3,train,79,-375.0
FULL,3,train,80,-141.0
FULL,3,train,81,-208.0
FULL,3,train,82,-128.0
FULL,3,train,83,-158.0
FULL,3,train,84,-351.0
FULL,3,train,85,-215.0
FULL,3,train,86,-218.0
FULL,3,train,87,-249.0
FULL,3,train,88,-163.0
FULL,3,train,89,-264.0
FULL,3,train,90,-379.0
FULL,3,train,91,-118.0
FULL,3,train,92,-144.0
FULL,3,train,93,-102.0
FULL,3,train,94,-105.0
FULL,3,train,95,-136.0
FULL,3,train,96,-371.0
FULL,3,train,97,-161.0
FULL,3,train,98,-212.0
FULL,3,train,99,-99.0
FULL,3,train,100,-249.0
FULL,3,train,101,-210.0
FULL,3,train,102,-131.0
FULL,3,train,103,-131.0
FULL,3,train,104,-115.0
FULL,3,train,105,-165.0
FULL,3,train,106,-107.0
FULL,3,train,107,-103.0
FULL,3,train,108,-158.0
FULL,3,train,109,-168.0
FULL,3,train,110,-148.0
FULL,3,train,111,-468.0
FULL,3,train,112,-114.0
FULL,3,train,113,-148.0
FULL,3,train,114,-213.0
FULL,3,train,115,-157.0
FULL,3,train,116,-146.0
FULL,3,train,117,-94.0
FULL,3,train,118,-285.0
FULL,3,train,119,-125.0
FULL,3,train,120,-124.0
FULL,3,train,121,-115.0
FULL,3,train,122,-113.0
FULL,3,train,123,-128.0
FULL,3,train,124,-133.0
FULL,3,train,125,-116.0
FULL,3,train,126,-159.0
FULL,3,train,127,-112.0
FULL,3,train,128,-114.0
FULL,3,train,129,-94.0
FULL,3,train,130,-96.0
FULL,3,train,131,-111.0
FULL,3,train,132,-139.0
FULL,3,train,133,-85.0
FULL,3,train,134,-115.0
FULL,3,train,135,-127.0
FULL,3,train,136,-115.0
FULL,3,train,137,-134.0
FULL,3,train,138,-114.0
FULL,3,train,139,-104.0
FULL,3,train,140,-81.0
FULL,3,train,141,-100.0
FULL,3,train,142,-104.0
FULL,3,train,143,-117.0
FULL,3,train,144,-78.0
FULL,3,train,145,-102.0
FULL,3,train,146,-83.0
FULL,3,train,147,-151.0
FULL,3,train,148,-124.0
FULL,3,train,149,-101.0
FULL,3,train,150,-103.0
FULL,3,train,151,-100.0
FULL,3,train,152,-115.0
FULL,3,train,153,-93.0
FULL,3,train,154,-111.0
FULL,3,train,155,-81.0
FULL,3,train,156,-72.0
FULL,3,train,157,-104.0
FULL,3,train,158,-143.0
FULL,3,train,159,-85.0
FULL,3,train,160,-93.0
FULL,3,train,161,-92.0
FULL,3,train,162,-86.0
FULL,3,train,163,-173.0
FULL,3,train,164,-90.0
FULL,3,train,165,-109.0
FULL,3,train,166,-95.0
FULL,3,train,167,-148.0
FULL,3,train,168,-118.0
FULL,3,train,169,-96.0
FULL,3,train,170,-70.0
FULL,3,train,171,-110.0
FULL,3,train,172,-102.0
FULL,3,train,173,-101.0
FULL,3,train,174,-71.0
FULL,3,train,175,-230.0
FULL,3,train,176,-101.0
FULL,3,train,177,-103.0
FULL,3,train,178,-101.0
FULL,3,train,179,-85.0
FULL,3,train,180,-352.0
FULL,3,train,181,-120.0
FULL,3,train,182,-127.0
FULL,3,train,183,-117.0
FULL,3,train,184,-102.0
FULL,3,train,185,-77.0
FULL,3,train,186,-112.0
FULL,3,train,187,-84.0
FULL,3,train,188,-87.0
FULL,3,train,189,-83.0
FULL,3,train,190,-88.0
FULL,3,train,191,-92.0
FULL,3,train,192,-80.0
FULL,3,train,193,-125.0
FULL,3,train,194,-90.0
FULL,3,train,195,-116.0
FULL,3,train,196,-86.0
FULL,3,train,197,-114.0
FULL,3,train,198,-136.0
FULL,3,train,199,-103.0
FULL,3,train,200,-92.0
FULL,3,train,201,-98.0
FULL,3,train,202,-107.0
FULL,3,train,203,-109.0
FULL,3,train,204,-92.0
FULL,3,train,205,-77.0
FULL,3,train,206,-111.0
FULL,3,train,207,-83.0
FULL,3,train,208,-103.0
FULL,3,train,209,-93.0
FULL,3,train,210,-105.0
FULL,3,train,211,-91.0
FULL,3,train,212,-88.0
FULL,3,train,213,-95.0
FULL,3,train,214,-84.0
FULL,3,train,215,-82.0
FULL,3,train,216,-83.0
FULL,3,train,217,-82.0
FULL,3,train,218,-71.0
FULL,3,train,219,-112.0
FULL,3,train,220,-163.0
FULL,3,train,221,-96.0
FULL,3,train,222,-89.0
FULL,3,train,223,-88.0
FULL,3,train,224,-79.0
FULL,3,train,225,-174.0
FULL,3,train,226,-62.0
FULL,3,train,227,-95.0
FULL,3,train,228,-83.0
FULL,3,train,229,-117.0
FULL,3,train,230,-83.0
FULL,3,train,231,-165.0
FULL,3,train,232,-106.0
FULL,3,train,233,-135.0
FULL,3,train,234,-112.0
FULL,3,train,235,-129.0
FULL,3,train,236,-110.0
FULL,3,train,237,-130.0
FULL,3,train,238,-78.0
FULL,3,train,239,-263.0
FULL,3,train,240,-79.0
FULL,3,train,241,-182.0
FULL,3,train,242,-83.0
FULL,3,train,243,-87.0
FULL,3,train,244,-84.0
FULL,3,train,245,-83.0
FULL,3,train,246,-83.0
FULL,3,train,247,-500.0
FULL,3,train,248,-93.0
FULL,3,train,249,-101.0
FULL,3,train,250,-71.0
FULL,3,train,251,-85.0
FULL,3,train,252,-110.0
FULL,3,train,253,-79.0
FULL,3,train,254,-213.0
FULL,3,train,255,-90.0
FULL,3,train,256,-104.0
FULL,3,train,257,-93.0
FULL,3,train,258,-126.0
FULL,3,train,259,-102.0
FULL,3,train,260,-103.0
FULL,3,train,261,-98.0
FULL,3,train,262,-77.0
FULL,3,train,263,-104.0
FULL,3,train,264,-183.0
FULL,3,train,265,-108.0
FULL,3,train,266,-76.0
FULL,3,train,267,-96.0
FULL,3,train,268,-114.0
FULL,3,train,269,-119.0
FULL,3,train,270,-92.0
FULL,3,train,271,-71.0
FULL,3,train,272,-89.0
FULL,3,train,273,-72.0
FULL,3,train,274,-77.0
FULL,3,train,275,-94.0
FULL,3,train,276,-106.0
FULL,3,train,277,-120.0
FULL,3,train,278,-104.0
FULL,3,train,279,-121.0
FULL,3,train,280,-140.0
FULL,3,train,281,-133.0
FULL,3,train,282,-100.0
FULL,3,train,283,-84.0
FULL,3,train,284,-207.0
FULL,3,train,285,-69.0
FULL,3,train,286,-76.0
FULL,3,train,287,-127.0
FULL,3,train,288,-94.0
FULL,3,train,289,-107.0
FULL,3,train,290,-84.0
FULL,3,train,291,-95.0
FULL,3,train,292,-99.0
FULL,3,train,293,-94.0
FULL,3,train,294,-134.0
FULL,3,train,295,-99.0
FULL,3,train,296,-80.0
FULL,3,train,297,-98.0
FULL,3,train,298,-81.0
FULL,3,train,299,-117.0
FULL,3,train,300,-107.0
FULL,3,train,301,-93.0
FULL,3,train,302,-86.0
FULL,3,train,303,-96.0
FULL,3,train,304,-77.0
FULL,3,train,305,-88.0
FULL,3,train,306,-123.0
FULL,3,train,307,-87.0
FULL,3,train,308,-147.0
FULL,3,train,309,-101.0
FULL,3,train,310,-108.0
FULL,3,train,311,-80.0
FULL,3,train,312,-98.0
FULL,3,train,313,-87.0
FULL,3,train,314,-112.0
FULL,3,train,315,-108.0
FULL,3,train,316,-107.0
FULL,3,train,317,-85.0
FULL,3,train,318,-103.0
FULL,3,train,319,-123.0
FULL,3,train,320,-147.0
FULL,3,train,321,-100.0
FULL,3,train,322,-96.0
FULL,3,train,323,-96.0
FULL,3,train,324,-108.0
FULL,3,train,325,-125.0
FULL,3,train,326,-94.0
FULL,3,train,327,-116.0
FULL,3,train,328,-106.0
FULL,3,train,329,-87.0
FULL,3,train,330,-115.0
FULL,3,train,331,-105.0
FULL,3,train,332,-101.0
FULL,3,train,333,-102.0
FULL,3,train,334,-103.0
FULL,3,train,335,-99.0
FULL,3,train,336,-101.0
FULL,3,train,337,-128.0
FULL,3,train,338,-101.0
FULL,3,train,339,-95.0
FULL,3,train,340,-117.0
FULL,3,train,341,-87.0
FULL,3,train,342,-144.0
FULL,3,train,343,-118.0
FULL,3,train,344,-89.0
FULL,3,train,345,-69.0
FULL,3,train,346,-111.0
FULL,3,train,347,-132.0
FULL,3,train,348,-119.0
FULL,3,train,349,-114.0
FULL,3,train,350,-111.0
FULL,3,train,351,-71.0
FULL,3,train,352,-74.0
FULL,3,train,353,-113.0
FULL,3,train,354,-155.0
FULL,3,train,355,-140.0
FULL,3,train,356,-131.0
FULL,3,train,357,-104.0
FULL,3,train,358,-85.0
FULL,3,train,359,-146.0
FULL,3,train,360,-82.0
FULL,3,train,361,-126.0
FULL,3,train,362,-104.0
FULL,3,train,363,-72.0
FULL,3,train,364,-84.0
FULL,3,train,365,-83.0
FULL,3,train,366,-101.0
FULL,3,train,367,-107.0
FULL,3,train,368,-82.0
FULL,3,train,369,-84.0
FULL,3,train,370,-94.0
FULL,3,train,371,-75.0
FULL,3,train,372,-101.0
FULL,3,train,373,-189.0
FULL,3,train,374,-101.0
FULL,3,train,375,-126.0
FULL,3,train,376,-85.0
FULL,3,train,377,-165.0
FULL,3,train,378,-94.0
FULL,3,train,379,-70.0
FULL,3,train,380,-94.0
FULL,3,train,381,-83.0
FULL,3,train,382,-95.0
FULL,3,train,383,-77.0
FULL,3,train,384,-76.0
FULL,3,train,385,-72.0
FULL,3,train,386,-95.0
FULL,3,train,387,-95.0
FULL,3,train,388,-106.0
FULL,3,train,389,-131.0
FULL,3,train,390,-90.0
FULL,3,train,391,-97.0
FULL,3,train,392,-102.0
FULL,3,train,393,-164.0
FULL,3,train,394,-119.0
FULL,3,train,395,-154.0
FULL,3,train,396,-158.0
FULL,3,train,397,-86.0
FULL,3,train,398,-104.0
FULL,3,train,399,-168.0
FULL,3,train,400,-99.0
FULL,3,train,401,-91.0
FULL,3,train,402,-101.0
FULL,3,train,403,-87.0
FULL,3,train,404,-84.0
FULL,3,train,405,-88.0
FULL,3,train,406,-87.0
FULL,3,train,407,-126.0
FULL,3,train,408,-105.0
FULL,3,train,409,-122.0
FULL,3,train,410,-99.0
FULL,3,train,411,-83.0
FULL,3,train,412,-89.0
FULL,3,train,413,-109.0
FULL,3,train,414,-123.0
FULL,3,train,415,-98.0
FULL,3,train,416,-101.0
FULL,3,train,417,-95.0
FULL,3,train,418,-112.0
FULL,3,train,419,-93.0
FULL,3,train,420,-117.0
FULL,3,train,421,-92.0
FULL,3,train,422,-231.0
FULL,3,train,423,-94.0
FULL,3,train,424,-99.0
FULL,3,train,425,-84.0
FULL,3,train,426,-87.0
FULL,3,train,427,-101.0
FULL,3,train,428,-70.0
FULL,3,train,429,-79.0
FULL,3,train,430,-92.0
FULL,3,train,431,-74.0
FULL,3,train,432,-111.0
FULL,3,train,433,-107.0
FULL,3,train,434,-108.0
FULL,3,train,435,-91.0
FULL,3,train,436,-95.0
FULL,3,train,437,-94.0
FULL,3,train,438,-85.0
FULL,3,train,439,-132.0
FULL,3,train,440,-98.0
FULL,3,train,441,-84.0
FULL,3,train,442,-80.0
FULL,3,train,443,-84.0
FULL,3,train,444,-77.0
FULL,3,train,445,-77.0
FULL,3,train,446,-128.0
FULL,3,train,447,-99.0
FULL,3,train,448,-120.0
FULL,3,train,449,-86.0
FULL,3,train,450,-150.0
FULL,3,train,451,-78.0
FULL,3,train,452,-93.0
FULL,3,train,453,-104.0
FULL,3,train,454,-103.0
FULL,3,train,455,-87.0
FULL,3,train,456,-115.0
FULL,3,train,457,-75.0
FULL,3,train,458,-82.0
FULL,3,train,459,-75.0
FULL,3,train,460,-83.0
FULL,3,train,461,-92.0
FULL,3,train,462,-84.0
FULL,3,train,463,-88.0
FULL,3,train,464,-70.0
FULL,3,train,465,-83.0
FULL,3,train,466,-86.0
FULL,3,train,467,-69.0
FULL,3,train,468,-81.0
FULL,3,train,469,-75.0
FULL,3,train,470,-117.0
FULL,3,train,471,-77.0
FULL,3,train,472,-85.0
FULL,3,train,473,-94.0
FULL,3,train,474,-81.0
FULL,3,train,475,-92.0
FULL,3,train,476,-91.0
FULL,3,train,477,-87.0
FULL,3,train,478,-114.0
FULL,3,train,479,-86.0
FULL,3,train,480,-96.0
FULL,3,train,481,-92.0
FULL,3,train,482,-99.0
FULL,3,train,483,-98.0
FULL,3,train,484,-90.0
FULL,3,train,485,-83.0
FULL,3,train,486,-83.0
FULL,3,train,487,-105.0
FULL,3,train,488,-104.0
FULL,3,train,489,-83.0
FULL,3,train,490,-77.0
FULL,3,train,491,-116.0
FULL,3,train,492,-77.0
FULL,3,train,493,-84.0
FULL,3,train,494,-91.0
FULL,3,train,495,-94.0
FULL,3,train,496,-101.0
FULL,3,train,497,-90.0
FULL,3,train,498,-98.0
FULL,3,train,499,-100.0
FULL,3,train,500,-63.0
FULL,4,train,1,-500.0
FULL,4,train,2,-304.0
FULL,4,train,3,-151.0
FULL,4,train,4,-128.0
FULL,4,train,5,-329.0
FULL,4,train,6,-500.0
FULL,4,train,7,-188.0
FULL,4,train,8,-161.0
FULL,4,train,9,-226.0
FULL,4,train,10,-335.0
FULL,4,train,11,-148.0
FULL,4,train,12,-282.0
FULL,4,train,13,-235.0
FULL,4,train,14,-500.0
FULL,4,train,15,-500.0
FULL,4,train,16,-500.0
FULL,4,train,17,-238.0
FULL,4,train,18,-500.0
FULL,4,train,19,-330.0
FULL,4,train,20,-310.0
FULL,4,train,21,-336.0
FULL,4,train,22,-326.0
FULL,4,train,23,-500.0
FULL,4,train,24,-500.0
FULL,4,train,25,-500.0
FULL,4,train,26,-500.0
FULL,4,train,27,-137.0
FULL,4,train,28,-262.0
FULL,4,train,29,-301.0
FULL,4,train,30,-500.0
FULL,4,train,31,-500.0
FULL,4,train,32,-365.0
FULL,4,train,33,-500.0
FULL,4,train,34,-225.0
FULL,4,train,35,-196.0
FULL,4,train,36,-202.0
FULL,4,train,37,-149.0
FULL,4,train,38,-269.0
FULL,4,train,39,-136.0
FULL,4,train,40,-148.0
FULL,4,train,41,-136.0
FULL,4,train,42,-96.0
FULL,4,train,43,-172.0
FULL,4,train,44,-196.0
FULL,4,train,45,-142.0
FULL,4,train,46,-148.0
FULL,4,train,47,-189.0
FULL,4,train,48,-172.0
FULL,4,train,49,-174.0
FULL,4,train,50,-95.0
FULL,4,train,51,-171.0
FULL,4,train,52,-211.0
FULL,4,train,53,-144.0
FULL,4,train,54,-89.0
FULL,4,train,55,-137.0
FULL,4,train,56,-169.0
FULL,4,train,57,-87.0
FULL,4,train,58,-165.0
FULL,4,train,59,-90.0
FULL,4,train,60,-118.0
FULL,4,train,61,-102.0
FULL,4,train,62,-123.0
FULL,4,train,63,-112.0
FULL,4,train,64,-104.0
FULL,4,train,65,-126.0
FULL,4,train,66,-113.0
FULL,4,train,67,-87.0
FULL,4,train,68,-123.0
FULL,4,train,69,-149.0
FULL,4,train,70,-165.0
FULL,4,train,71,-136.0
FULL,4,train,72,-140.0
FULL,4,train,73,-103.0
FULL,4,train,74,-105.0
FULL,4,train,75,-84.0
FULL,4,train,76,-87.0
FULL,4,train,77,-103.0
FULL,4,train,78,-110.0
FULL,4,train,79,-92.0
FULL,4,train,80,-97.0
FULL,4,train,81,-141.0
FULL,4,train,82,-102.0
FULL,4,train,83,-83.0
FULL,4,train,84,-106.0
FULL,4,train,85,-86.0
FULL,4,train,86,-168.0
FULL,4,train,87,-123.0
FULL,4,train,88,-86.0
FULL,4,train,89,-73.0
FULL,4,train,90,-120.0
FULL,4,train,91,-132.0
FULL,4,train,92,-94.0
FULL,4,train,93,-125.0
FULL,4,train,94,-83.0
FULL,4,train,95,-181.0
FULL,4,train,96,-78.0
FULL,4,train,97,-81.0
FULL,4,train,98,-105.0
FULL,4,train,99,-117.0
FULL,4,train,100,-116.0
FULL,4,train,101,-105.0
FULL,4,train,102,-118.0
FULL,4,train,103,-105.0
FULL,4,train,104,-158.0
FULL,4,train,105,-500.0
FULL,4,train,106,-181.0
FULL,4,train,107,-195.0
FULL,4,train,108,-73.0
FULL,4,train,109,-104.0
FULL,4,train,110,-161.0
FULL,4,train,111,-79.0
FULL,4,train,112,-126.0
FULL,4,train,113,-152.0
FULL,4,train,114,-86.0
FULL,4,train,115,-95.0
FULL,4,train,116,-95.0
FULL,4,train,117,-80.0
FULL,4,train,118,-89.0
FULL,4,train,119,-132.0
FULL,4,train,120,-88.0
FULL,4,train,121,-110.0
FULL,4,train,122,-96.0
FULL,4,train,123,-165.0
FULL,4,train,124,-96.0
FULL,4,train,125,-128.0
FULL,4,train,126,-124.0
FULL,4,train,127,-114.0
FULL,4,train,128,-101.0
FULL,4,train,129,-114.0
FULL,4,train,130,-199.0
FULL,4,train,131,-119.0
FULL,4,train,132,-94.0
FULL,4,train,133,-159.0
FULL,4,train,134,-114.0
FULL,4,train,135,-141.0
FULL,4,train,136,-118.0
FULL,4,train,137,-96.0
FULL,4,train,138,-175.0
FULL,4,train,139,-99.0
FULL,4,train,140,-149.0
FULL,4,train,141,-107.0
FULL,4,train,142,-197.0
FULL,4,train,143,-108.0
FULL,4,train,144,-157.0
FULL,4,train,145,-165.0
FULL,4,train,146,-119.0
FULL,4,train,147,-76.0
FULL,4,train,148,-110.0
FULL,4,train,149,-96.0
FULL,4,train,150,-126.0
FULL,4,train,151,-439.0
FULL,4,train,152,-104.0
FULL,4,train,153,-104.0
FULL,4,train,154,-98.0
FULL,4,train,155,-78.0
FULL,4,train,156,-88.0
FULL,4,train,157,-107.0
FULL,4,train,158,-92.0
FULL,4,train,159,-83.0
FULL,4,train,160,-78.0
FULL,4,train,161,-99.0
FULL,4,train,162,-147.0
FULL,4,train,163,-98.0
FULL,4,train,164,-111.0
FULL,4,train,165,-99.0
FULL,4,train,166,-102.0
FULL,4,train,167,-96.0
FULL,4,train,168,-93.0
FULL,4,train,169,-116.0
FULL,4,train,170,-133.0
FULL,4,train,171,-84.0
FULL,4,train,172,-127.0
FULL,4,train,173,-98.0
FULL,4,train,174,-102.0
FULL,4,train,175,-84.0
FULL,4,train,176,-83.0
FULL,4,train,177,-96.0
FULL,4,train,178,-67.0
FULL,4,train,179,-92.0
FULL,4,train,180,-75.0
FULL,4,train,181,-97.0
FULL,4,train,182,-102.0
FULL,4,train,183,-137.0
FULL,4,train,184,-86.0
FULL,4,train,185,-175.0
FULL,4,train,186,-86.0
FULL,4,train,187,-120.0
FULL,4,train,188,-94.0
FULL,4,train,189,-112.0
FULL,4,train,190,-96.0
FULL,4,train,191,-102.0
FULL,4,train,192,-94.0
FULL,4,train,193,-128.0
FULL,4,train,194,-114.0
FULL,4,train,195,-76.0
FULL,4,train,196,-88.0
FULL,4,train,197,-95.0
FULL,4,train,198,-112.0
FULL,4,train,199,-64.0
FULL,4,train,200,-93.0
FULL,4,train,201,-109.0
FULL,4,train,202,-93.0
FULL,4,train,203,-100.0
FULL,4,train,204,-110.0
FULL,4,train,205,-104.0
FULL,4,train,206,-87.0
FULL,4,train,207,-72.0
FULL,4,train,208,-94.0
FULL,4,train,209,-107.0
FULL,4,train,210,-75.0
FULL,4,train,211,-113.0
FULL,4,train,212,-80.0
FULL,4,train,213,-111.0
FULL,4,train,214,-88.0
FULL,4,train,215,-91.0
FULL,4,train,216,-107.0
FULL,4,train,217,-119.0
FULL,4,train,218,-118.0
FULL,4,train,219,-108.0
FULL,4,train,220,-85.0
FULL,4,train,221,-90.0
FULL,4,train,222,-110.0
FULL,4,train,223,-125.0
FULL,4,train,224,-98.0
FULL,4,train,225,-101.0
FULL,4,train,226,-72.0
FULL,4,train,227,-94.0
FULL,4,train,228,-78.0
FULL,4,train,229,-84.0
FULL,4,train,230,-104.0
FULL,4,train,231,-273.0
FULL,4,train,232,-86.0
FULL,4,train,233,-76.0
FULL,4,train,234,-125.0
FULL,4,train,235,-115.0
FULL,4,train,236,-190.0
FULL,4,train,237,-137.0
FULL,4,train,238,-98.0
FULL,4,train,239,-80.0
FULL,4,train,240,-98.0
FULL,4,train,241,-77.0
FULL,4,train,242,-106.0
FULL,4,train,243,-71.0
FULL,4,train,244,-115.0
FULL,4,train,245,-206.0
FULL,4,train,246,-315.0
FULL,4,train,247,-79.0
FULL,4,train,248,-84.0
FULL,4,train,249,-83.0
FULL,4,train,250,-500.0
FULL,4,train,251,-108.0
FULL,4,train,252,-91.0
FULL,4,train,253,-86.0
FULL,4,train,254,-104.0
FULL,4,train,255,-106.0
FULL,4,train,256,-99.0
FULL,4,train,257,-81.0
FULL,4,train,258,-158.0
FULL,4,train,259,-85.0
FULL,4,train,260,-136.0
FULL,4,train,261,-89.0
FULL,4,train,262,-174.0
FULL,4,train,263,-97.0
FULL,4,train,264,-222.0
FULL,4,train,265,-76.0
FULL,4,train,266,-115.0
FULL,4,train,267,-199.0
FULL,4,train,268,-84.0
FULL,4,train,269,-142.0
FULL,4,train,270,-81.0
FULL,4,train,271,-101.0
FULL,4,train,272,-136.0
FULL,4,train,273,-168.0
FULL,4,train,274,-80.0
FULL,4,train,275,-95.0
FULL,4,train,276,-64.0
FULL,4,train,277,-128.0
FULL,4,train,278,-81.0
FULL,4,train,279,-120.0
FULL,4,train,280,-428.0
FULL,4,train,281,-139.0
FULL,4,train,282,-86.0
FULL,4,train,283,-113.0
FULL,4,train,284,-105.0
FULL,4,train,285,-129.0
FULL,4,train,286,-105.0
FULL,4,train,287,-156.0
FULL,4,train,288,-82.0
FULL,4,train,289,-70.0
FULL,4,train,290,-98.0
FULL,4,train,291,-76.0
FULL,4,train,292,-93.0
FULL,4,train,293,-117.0
FULL,4,train,294,-100.0
FULL,4,train,295,-97.0
FULL,4,train,296,-86.0
FULL,4,train,297,-105.0
FULL,4,train,298,-77.0
FULL,4,train,299,-76.0
FULL,4,train,300,-95.0
FULL,4,train,301,-74.0
FULL,4,train,302,-90.0
FULL,4,train,303,-71.0
FULL,4,train,304,-82.0
FULL,4,train,305,-89.0
FULL,4,train,306,-82.0
FULL,4,train,307,-179.0
FULL,4,train,308,-101.0
FULL,4,train,309,-85.0
FULL,4,train,310,-115.0
FULL,4,train,311,-86.0
FULL,4,train,312,-107.0
FULL,4,train,313,-89.0
FULL,4,train,314,-122.0
FULL,4,train,315,-103.0
FULL,4,train,316,-165.0
FULL,4,train,317,-118.0
FULL,4,train,318,-87.0
FULL,4,train,319,-115.0
FULL,4,train,320,-93.0
FULL,4,train,321,-84.0
FULL,4,train,322,-121.0
FULL,4,train,323,-94.0
FULL,4,train,324,-77.0
FULL,4,train,325,-118.0
FULL,4,train,326,-98.0
FULL,4,train,327,-80.0
FULL,4,train,328,-220.0
FULL,4,train,329,-72.0
FULL,4,train,330,-83.0
FULL,4,train,331,-100.0
FULL,4,train,332,-81.0
FULL,4,train,333,-71.0
FULL,4,train,334,-140.0
FULL,4,train,335,-87.0
FULL,4,train,336,-147.0
FULL,4,train,337,-115.0
FULL,4,train,338,-96.0
FULL,4,train,339,-106.0
FULL,4,train,340,-93.0
FULL,4,train,341,-169.0
FULL,4,train,342,-120.0
FULL,4,train,343,-89.0
FULL,4,train,344,-98.0
FULL,4,train,345,-151.0
FULL,4,train,346,-81.0
FULL,4,train,347,-90.0
FULL,4,train,348,-73.0
FULL,4,train,349,-115.0
FULL,4,train,350,-87.0
FULL,4,train,351,-87.0
FULL,4,train,352,-134.0
FULL,4,train,353,-125.0
FULL,4,train,354,-71.0
FULL,4,train,355,-79.0
FULL,4,train,356,-158.0
FULL,4,train,357,-87.0
FULL,4,train,358,-120.0
FULL,4,train,359,-137.0
FULL,4,train,360,-119.0
FULL,4,train,361,-85.0
FULL,4,train,362,-86.0
FULL,4,train,363,-99.0
FULL,4,train,364,-93.0
FULL,4,train,365,-91.0
FULL,4,train,366,-78.0
FULL,4,train,367,-103.0
FULL,4,train,368,-85.0
FULL,4,train,369,-142.0
FULL,4,train,370,-106.0
FULL,4,train,371,-95.0
FULL,4,train,372,-86.0
FULL,4,train,373,-78.0
FULL,4,train,374,-93.0
FULL,4,train,375,-84.0
FULL,4,train,376,-123.0
FULL,4,train,377,-71.0
FULL,4,train,378,-92.0
FULL,4,train,379,-98.0
FULL,4,train,380,-87.0
FULL,4,train,381,-78.0
FULL,4,train,382,-83.0
FULL,4,train,383,-84.0
FULL,4,train,384,-81.0
FULL,4,train,385,-69.0
FULL,4,train,386,-188.0
FULL,4,train,387,-127.0
FULL,4,train,388,-72.0
FULL,4,train,389,-87.0
FULL,4,train,390,-92.0
FULL,4,train,391,-78.0
FULL,4,train,392,-115.0
FULL,4,train,393,-146.0
FULL,4,train,394,-92.0
FULL,4,train,395,-87.0
FULL,4,train,396,-98.0
FULL,4,train,397,-86.0
FULL,4,train,398,-93.0
FULL,4,train,399,-98.0
FULL,4,train,400,-84.0
FULL,4,train,401,-102.0
FULL,4,train,402,-169.0
FULL,4,train,403,-130.0
FULL,4,train,404,-107.0
FULL,4,train,405,-97.0
FULL,4,train,406,-117.0
FULL,4,train,407,-77.0
FULL,4,train,408,-500.0
FULL,4,train,409,-94.0
FULL,4,train,410,-90.0
FULL,4,train,411,-131.0
FULL,4,train,412,-96.0
FULL,4,train,413,-114.0
FULL,4,train,414,-75.0
FULL,4,train,415,-82.0
FULL,4,train,416,-68.0
FULL,4,train,417,-64.0
FULL,4,train,418,-93.0
FULL,4,train,419,-74.0
FULL,4,train,420,-94.0
FULL,4,train,421,-111.0
FULL,4,train,422,-100.0
FULL,4,train,423,-99.0
FULL,4,train,424,-96.0
FULL,4,train,425,-126.0
FULL,4,train,426,-91.0
FULL,4,train,427,-102.0
FULL,4,train,428,-73.0
FULL,4,train,429,-78.0
FULL,4,train,430,-88.0
FULL,4,train,431,-111.0
FULL,4,train,432,-89.0
FULL,4,train,433,-140.0
FULL,4,train,434,-106.0
FULL,4,train,435,-71.0
FULL,4,train,436,-78.0
FULL,4,train,437,-86.0
FULL,4,train,438,-85.0
FULL,4,train,439,-92.0
FULL,4,train,440,-86.0
FULL,4,train,441,-160.0
FULL,4,train,442,-108.0
FULL,4,train,443,-83.0
FULL,4,train,444,-97.0
FULL,4,train,445,-93.0
FULL,4,train,446,-148.0
FULL,4,train,447,-86.0
FULL,4,train,448,-100.0
FULL,4,train,449,-92.0
FULL,4,train,450,-79.0
FULL,4,train,451,-85.0
FULL,4,train,452,-86.0
FULL,4,train,453,-81.0
FULL,4,train,454,-85.0
FULL,4,train,455,-101.0
FULL,4,train,456,-104.0
FULL,4,train,457,-111.0
FULL,4,train,458,-100.0
FULL,4,train,459,-135.0
FULL,4,train,460,-135.0
FULL,4,train,461,-94.0
FULL,4,train,462,-74.0
FULL,4,train,463,-77.0
FULL,4,train,464,-75.0
FULL,4,train,465,-92.0
FULL,4,train,466,-94.0
FULL,4,train,467,-94.0
FULL,4,train,468,-90.0
FULL,4,train,469,-79.0
FULL,4,train,470,-72.0
FULL,4,train,471,-97.0
FULL,4,train,472,-122.0
FULL,4,train,473,-118.0
FULL,4,train,474,-117.0
FULL,4,train,475,-96.0
FULL,4,train,476,-128.0
FULL,4,train,477,-110.0
FULL,4,train,478,-87.0
FULL,4,train,479,-90.0
FULL,4,train,480,-106.0
FULL,4,train,481,-224.0
FULL,4,train,482,-76.0
FULL,4,train,483,-82.0
FULL,4,train,484,-75.0
FULL,4,train,485,-75.0
FULL,4,train,486,-83.0
FULL,4,train,487,-106.0
FULL,4,train,488,-90.0
FULL,4,train,489,-62.0
FULL,4,train,490,-84.0
FULL,4,train,491,-105.0
FULL,4,train,492,-82.0
FULL,4,train,493,-94.0
FULL,4,train,494,-81.0
FULL,4,train,495,-89.0
FULL,4,train,496,-101.0
FULL,4,train,497,-84.0
FULL,4,train,498,-103.0
FULL,4,train,499,-84.0
FULL,4,train,500,-109.0
FULL,5,train,1,-500.0
FULL,5,train,2,-500.0
FULL,5,train,3,-500.0
FULL,5,train,4,-500.0
FULL,5,train,5,-500.0
FULL,5,train,6,-500.0
FULL,5,train,7,-277.0
FULL,5,train,8,-322.0
FULL,5,train,9,-101.0
FULL,5,train,10,-230.0
FULL,5,train,11,-422.0
FULL,5,train,12,-170.0
FULL,5,train,13,-236.0
FULL,5,train,14,-78.0
FULL,5,train,15,-185.0
FULL,5,train,16,-155.0
FULL,5,train,17,-140.0
FULL,5,train,18,-177.0
FULL,5,train,19,-161.0
FULL,5,train,20,-186.0
FULL,5,train,21,-150.0
FULL,5,train,22,-206.0
FULL,5,train,23,-129.0
FULL,5,train,24,-167.0
FULL,5,train,25,-214.0
FULL,5,train,26,-141.0
FULL,5,train,27,-106.0
FULL,5,train,28,-145.0
FULL,5,train,29,-190.0
FULL,5,train,30,-181.0
FULL,5,train,31,-227.0
FULL,5,train,32,-225.0
FULL,5,train,33,-213.0
FULL,5,train,34,-111.0
FULL,5,train,35,-94.0
FULL,5,train,36,-114.0
FULL,5,train,37,-147.0
FULL,5,train,38,-177.0
FULL,5,train,39,-260.0
FULL,5,train,40,-500.0
FULL,5,train,41,-500.0
FULL,5,train,42,-500.0
FULL,5,train,43,-300.0
FULL,5,train,44,-314.0
FULL,5,train,45,-500.0
FULL,5,train,46,-500.0
FULL,5,train,47,-259.0
FULL,5,train,48,-219.0
FULL,5,train,49,-441.0
FULL,5,train,50,-278.0
FULL,5,train,51,-334.0
FULL,5,train,52,-260.0
FULL,5,train,53,-415.0
FULL,5,train,54,-474.0
FULL,5,train,55,-500.0
FULL,5,train,56,-500.0
FULL,5,train,57,-500.0
FULL,5,train,58,-500.0
FULL,5,train,59,-209.0
FULL,5,train,60,-209.0
FULL,5,train,61,-163.0
FULL,5,train,62,-222.0
FULL,5,train,63,-154.0
FULL,5,train,64,-310.0
FULL,5,train,65,-500.0
FULL,5,train,66,-212.0
FULL,5,train,67,-216.0
FULL,5,train,68,-170.0
FULL,5,train,69,-351.0
FULL,5,train,70,-427.0
FULL,5,train,71,-500.0
FULL,5,train,72,-353.0
FULL,5,train,73,-238.0
FULL,5,train,74,-348.0
FULL,5,train,75,-249.0
FULL,5,train,76,-363.0
FULL,5,train,77,-228.0
FULL,5,train,78,-226.0
FULL,5,train,79,-185.0
FULL,5,train,80,-500.0
FULL,5,train,81,-244.0
FULL,5,train,82,-500.0
FULL,5,train,83,-482.0
FULL,5,train,84,-500.0
FULL,5,train,85,-166.0
FULL,5,train,86,-323.0
FULL,5,train,87,-150.0
FULL,5,train,88,-166.0
FULL,5,train,89,-70.0
FULL,5,train,90,-158.0
FULL,5,train,91,-126.0
FULL,5,train,92,-103.0
FULL,5,train,93,-226.0
FULL,5,train,94,-139.0
FULL,5,train,95,-271.0
FULL,5,train,96,-154.0
FULL,5,train,97,-220.0
FULL,5,train,98,-152.0
FULL,5,train,99,-200.0
FULL,5,train,100,-200.0
FULL,5,train,101,-156.0
FULL,5,train,102,-177.0
FULL,5,train,103,-374.0
FULL,5,train,104,-179.0
FULL,5,train,105,-115.0
FULL,5,train,106,-256.0
FULL,5,train,107,-146.0
FULL,5,train,108,-93.0
FULL,5,train,109,-91.0
FULL,5,train,110,-148.0
FULL,5,train,111,-136.0
FULL,5,train,112,-90.0
FULL,5,train,113,-144.0
FULL,5,train,114,-123.0
FULL,5,train,115,-79.0
FULL,5,train,116,-115.0
FULL,5,train,117,-102.0
FULL,5,train,118,-119.0
FULL,5,train,119,-122.0
FULL,5,train,120,-122.0
FULL,5,train,121,-125.0
FULL,5,train,122,-222.0
FULL,5,train,123,-107.0
FULL,5,train,124,-111.0
FULL,5,train,125,-139.0
FULL,5,train,126,-112.0
FULL,5,train,127,-104.0
FULL,5,train,128,-77.0
FULL,5,train,129,-140.0
FULL,5,train,130,-114.0
FULL,5,train,131,-159.0
FULL,5,train,132,-99.0
FULL,5,train,133,-90.0
FULL,5,train,134,-94.0
FULL,5,train,135,-130.0
FULL,5,train,136,-96.0
FULL,5,train,137,-97.0
FULL,5,train,138,-119.0
FULL,5,train,139,-93.0
FULL,5,train,140,-98.0
FULL,5,train,141,-92.0
FULL,5,train,142,-138.0
FULL,5,train,143,-106.0
FULL,5,train,144,-107.0
FULL,5,train,145,-92.0
FULL,5,train,146,-143.0
FULL,5,train,147,-105.0
FULL,5,train,148,-110.0
FULL,5,train,149,-111.0
FULL,5,train,150,-103.0
FULL,5,train,151,-91.0
FULL,5,train,152,-127.0
FULL,5,train,153,-99.0
FULL,5,train,154,-102.0
FULL,5,train,155,-114.0
FULL,5,train,156,-87.0
FULL,5,train,157,-154.0
FULL,5,train,158,-94.0
FULL,5,train,159,-111.0
FULL,5,train,160,-99.0
FULL,5,train,161,-112.0
FULL,5,train,162,-112.0
FULL,5,train,163,-105.0
FULL,5,train,164,-119.0
FULL,5,train,165,-113.0
FULL,5,train,166,-116.0
FULL,5,train,167,-154.0
FULL,5,train,168,-78.0
FULL,5,train,169,-106.0
FULL,5,train,170,-119.0
FULL,5,train,171,-72.0
FULL,5,train,172,-130.0
FULL,5,train,173,-190.0
FULL,5,train,174,-77.0
FULL,5,train,175,-92.0
FULL,5,train,176,-87.0
FULL,5,train,177,-113.0
FULL,5,train,178,-108.0
FULL,5,train,179,-129.0
FULL,5,train,180,-107.0
FULL,5,train,181,-80.0
FULL,5,train,182,-102.0
FULL,5,train,183,-109.0
FULL,5,train,184,-129.0
FULL,5,train,185,-82.0
FULL,5,train,186,-146.0
FULL,5,train,187,-76.0
FULL,5,train,188,-132.0
FULL,5,train,189,-71.0
FULL,5,train,190,-107.0
FULL,5,train,191,-119.0
FULL,5,train,192,-75.0
FULL,5,train,193,-93.0
FULL,5,train,194,-86.0
FULL,5,train,195,-126.0
FULL,5,train,196,-130.0
FULL,5,train,197,-112.0
FULL,5,train,198,-128.0
FULL,5,train,199,-111.0
FULL,5,train,200,-84.0
FULL,5,train,201,-94.0
FULL,5,train,202,-88.0
FULL,5,train,203,-86.0
FULL,5,train,204,-212.0
FULL,5,train,205,-106.0
FULL,5,train,206,-102.0
FULL,5,train,207,-105.0
FULL,5,train,208,-167.0
FULL,5,train,209,-91.0
FULL,5,train,210,-94.0
FULL,5,train,211,-84.0
FULL,5,train,212,-76.0
FULL,5,train,213,-72.0
FULL,5,train,214,-95.0
FULL,5,train,215,-89.0
FULL,5,train,216,-111.0
FULL,5,train,217,-129.0
FULL,5,train,218,-81.0
FULL,5,train,219,-131.0
FULL,5,train,220,-77.0
FULL,5,train,221,-283.0
FULL,5,train,222,-100.0
FULL,5,train,223,-188.0
FULL,5,train,224,-122.0
FULL,5,train,225,-78.0
FULL,5,train,226,-77.0
FULL,5,train,227,-93.0
FULL,5,train,228,-108.0
FULL,5,train,229,-99.0
FULL,5,train,230,-106.0
FULL,5,train,231,-129.0
FULL,5,train,232,-101.0
FULL,5,train,233,-93.0
FULL,5,train,234,-132.0
FULL,5,train,235,-75.0
FULL,5,train,236,-125.0
FULL,5,train,237,-111.0
FULL,5,train,238,-86.0
FULL,5,train,239,-85.0
FULL,5,train,240,-100.0
FULL,5,train,241,-148.0
FULL,5,train,242,-86.0
FULL,5,train,243,-125.0
FULL,5,train,244,-84.0
FULL,5,train,245,-87.0
FULL,5,train,246,-98.0
FULL,5,train,247,-83.0
FULL,5,train,248,-85.0
FULL,5,train,249,-112.0
FULL,5,train,250,-92.0
FULL,5,train,251,-105.0
FULL,5,train,252,-119.0
FULL,5,train,253,-93.0
FULL,5,train,254,-90.0
FULL,5,train,255,-78.0
FULL,5,train,256,-104.0
FULL,5,train,257,-77.0
FULL,5,train,258,-133.0
FULL,5,train,259,-95.0
FULL,5,train,260,-85.0
FULL,5,train,261,-72.0
FULL,5,train,262,-101.0
FULL,5,train,263,-68.0
FULL,5,train,264,-93.0
FULL,5,train,265,-88.0
FULL,5,train,266,-99.0
FULL,5,train,267,-95.0
FULL,5,train,268,-77.0
FULL,5,train,269,-160.0
FULL,5,train,270,-79.0
FULL,5,train,271,-77.0
FULL,5,train,272,-103.0
FULL,5,train,273,-88.0
FULL,5,train,274,-94.0
FULL,5,train,275,-136.0
FULL,5,train,276,-97.0
FULL,5,train,277,-109.0
FULL,5,train,278,-128.0
FULL,5,train,279,-110.0
FULL,5,train,280,-82.0
FULL,5,train,281,-103.0
FULL,5,train,282,-85.0
FULL,5,train,283,-78.0
FULL,5,train,284,-85.0
FULL,5,train,285,-103.0
FULL,5,train,286,-90.0
FULL,5,train,287,-101.0
FULL,5,train,288,-104.0
FULL,5,train,289,-118.0
FULL,5,train,290,-110.0
FULL,5,train,291,-100.0
FULL,5,train,292,-160.0
FULL,5,train,293,-87.0
FULL,5,train,294,-86.0
FULL,5,train,295,-79.0
FULL,5,train,296,-95.0
FULL,5,train,297,-107.0
FULL,5,train,298,-107.0
FULL,5,train,299,-83.0
FULL,5,train,300,-122.0
FULL,5,train,301,-110.0
FULL,5,train,302,-107.0
FULL,5,train,303,-78.0
FULL,5,train,304,-113.0
FULL,5,train,305,-82.0
FULL,5,train,306,-65.0
FULL,5,train,307,-85.0
FULL,5,train,308,-84.0
FULL,5,train,309,-113.0
FULL,5,train,310,-76.0
FULL,5,train,311,-71.0
FULL,5,train,312,-111.0
FULL,5,train,313,-105.0
FULL,5,train,314,-91.0
FULL,5,train,315,-95.0
FULL,5,train,316,-96.0
FULL,5,train,317,-81.0
FULL,5,train,318,-82.0
FULL,5,train,319,-85.0
FULL,5,train,320,-166.0
FULL,5,train,321,-112.0
FULL,5,train,322,-94.0
FULL,5,train,323,-117.0
FULL,5,train,324,-100.0
FULL,5,train,325,-121.0
FULL,5,train,326,-101.0
FULL,5,train,327,-94.0
FULL,5,train,328,-92.0
FULL,5,train,329,-93.0
FULL,5,train,330,-154.0
FULL,5,train,331,-92.0
FULL,5,train,332,-218.0
FULL,5,train,333,-104.0
FULL,5,train,334,-173.0
FULL,5,train,335,-91.0
FULL,5,train,336,-79.0
FULL,5,train,337,-108.0
FULL,5,train,338,-105.0
FULL,5,train,339,-127.0
FULL,5,train,340,-87.0
FULL,5,train,341,-122.0
FULL,5,train,342,-106.0
FULL,5,train,343,-110.0
FULL,5,train,344,-82.0
FULL,5,train,345,-102.0
FULL,5,train,346,-86.0
FULL,5,train,347,-101.0
FULL,5,train,348,-75.0
FULL,5,train,349,-207.0
FULL,5,train,350,-80.0
FULL,5,train,351,-84.0
FULL,5,train,352,-114.0
FULL,5,train,353,-79.0
FULL,5,train,354,-76.0
FULL,5,train,355,-88.0
FULL,5,train,356,-121.0
FULL,5,train,357,-103.0
FULL,5,train,358,-86.0
FULL,5,train,359,-117.0
FULL,5,train,360,-123.0
FULL,5,train,361,-95.0
FULL,5,train,362,-82.0
FULL,5,train,363,-121.0
FULL,5,train,364,-77.0
FULL,5,train,365,-139.0
FULL,5,train,366,-130.0
FULL,5,train,367,-113.0
FULL,5,train,368,-124.0
FULL,5,train,369,-95.0
FULL,5,train,370,-80.0
FULL,5,train,371,-124.0
FULL,5,train,372,-76.0
FULL,5,train,373,-104.0
FULL,5,train,374,-84.0
FULL,5,train,375,-72.0
FULL,5,train,376,-77.0
FULL,5,train,377,-103.0
FULL,5,train,378,-85.0
FULL,5,train,379,-82.0
FULL,5,train,380,-103.0
FULL,5,train,381,-86.0
FULL,5,train,382,-93.0
FULL,5,train,383,-111.0
FULL,5,train,384,-110.0
FULL,5,train,385,-85.0
FULL,5,train,386,-119.0
FULL,5,train,387,-96.0
FULL,5,train,388,-90.0
FULL,5,train,389,-110.0
FULL,5,train,390,-108.0
FULL,5,train,391,-108.0
FULL,5,train,392,-90.0
FULL,5,train,393,-76.0
FULL,5,train,394,-79.0
FULL,5,train,395,-82.0
FULL,5,train,396,-102.0
FULL,5,train,397,-77.0
FULL,5,train,398,-76.0
FULL,5,train,399,-120.0
FULL,5,train,400,-87.0
FULL,5,train,401,-81.0
FULL,5,train,402,-123.0
FULL,5,train,403,-97.0
FULL,5,train,404,-78.0
FULL,5,train,405,-166.0
FULL,5,train,406,-100.0
FULL,5,train,407,-110.0
FULL,5,train,408,-113.0
FULL,5,train,409,-115.0
FULL,5,train,410,-84.0
FULL,5,train,411,-119.0
FULL,5,train,412,-78.0
FULL,5,train,413,-85.0
FULL,5,train,414,-87.0
FULL,5,train,415,-110.0
FULL,5,train,416,-98.0
FULL,5,train,417,-154.0
FULL,5,train,418,-91.0
FULL,5,train,419,-94.0
FULL,5,train,420,-78.0
FULL,5,train,421,-84.0
FULL,5,train,422,-116.0
FULL,5,train,423,-128.0
FULL,5,train,424,-91.0
FULL,5,train,425,-75.0
FULL,5,train,426,-80.0
FULL,5,train,427,-77.0
FULL,5,train,428,-88.0
FULL,5,train,429,-160.0
FULL,5,train,430,-71.0
FULL,5,train,431,-93.0
FULL,5,train,432,-137.0
FULL,5,train,433,-97.0
FULL,5,train,434,-88.0
FULL,5,train,435,-94.0
FULL,5,train,436,-114.0
FULL,5,train,437,-83.0
FULL,5,train,438,-71.0
FULL,5,train,439,-130.0
FULL,5,train,440,-125.0
FULL,5,train,441,-95.0
FULL,5,train,442,-105.0
FULL,5,train,443,-62.0
FULL,5,train,444,-113.0
FULL,5,train,445,-122.0
FULL,5,train,446,-102.0
FULL,5,train,447,-94.0
FULL,5,train,448,-108.0
FULL,5,train,449,-62.0
FULL,5,train,450,-107.0
FULL,5,train,451,-95.0
FULL,5,train,452,-98.0
FULL,5,train,453,-135.0
FULL,5,train,454,-97.0
FULL,5,train,455,-88.0
FULL,5,train,456,-81.0
FULL,5,train,457,-81.0
FULL,5,train,458,-71.0
FULL,5,train,459,-138.0
FULL,5,train,460,-109.0
FULL,5,train,461,-146.0
FULL,5,train,462,-93.0
FULL,5,train,463,-85.0
FULL,5,train,464,-97.0
FULL,5,train,465,-86.0
FULL,5,train,466,-100.0
FULL,5,train,467,-78.0
FULL,5,train,468,-109.0
FULL,5,train,469,-80.0
FULL,5,train,470,-88.0
FULL,5,train,471,-85.0
FULL,5,train,472,-86.0
FULL,5,train,473,-63.0
FULL,5,train,474,-85.0
FULL,5,train,475,-101.0
FULL,5,train,476,-93.0
FULL,5,train,477,-117.0
FULL,5,train,478,-88.0
FULL,5,train,479,-123.0
FULL,5,train,480,-85.0
FULL,5,train,481,-71.0
FULL,5,train,482,-97.0
FULL,5,train,483,-94.0
FULL,5,train,484,-98.0
FULL,5,train,485,-79.0
FULL,5,train,486,-101.0
FULL,5,train,487,-116.0
FULL,5,train,488,-86.0
FULL,5,train,489,-167.0
FULL,5,train,490,-85.0
FULL,5,train,491,-85.0
FULL,5,train,492,-81.0
FULL,5,train,493,-147.0
FULL,5,train,494,-98.0
FULL,5,train,495,-91.0
FULL,5,train,496,-95.0
FULL,5,train,497,-82.0
FULL,5,train,498,-90.0
FULL,5,train,499,-105.0
FULL,5,train,500,-61.0
FULL,6,train,1,-324.0
FULL,6,train,2,-500.0
FULL,6,train,3,-500.0
FULL,6,train,4,-500.0
FULL,6,train,5,-500.0
FULL,6,train,6,-500.0
FULL,6,train,7,-114.0
FULL,6,train,8,-359.0
FULL,6,train,9,-500.0
FULL,6,train,10,-500.0
FULL,6,train,11,-500.0
FULL,6,train,12,-500.0
FULL,6,train,13,-500.0
FULL,6,train,14,-500.0
FULL,6,train,15,-500.0
FULL,6,train,16,-500.0
FULL,6,train,17,-500.0
FULL,6,train,18,-500.0
FULL,6,train,19,-500.0
FULL,6,train,20,-500.0
FULL,6,train,21,-500.0
FULL,6,train,22,-500.0
FULL,6,train,23,-500.0
FULL,6,train,24,-500.0
FULL,6,train,25,-500.0
FULL,6,train,26,-500.0
FULL,6,train,27,-500.0
FULL,6,train,28,-500.0
FULL,6,train,29,-500.0
FULL,6,train,30,-500.0
FULL,6,train,31,-383.0
FULL,6,train,32,-500.0
FULL,6,train,33,-386.0
FULL,6,train,34,-235.0
FULL,6,train,35,-194.0
FULL,6,train,36,-208.0
FULL,6,train,37,-500.0
FULL,6,train,38,-438.0
FULL,6,train,39,-275.0
FULL,6,train,40,-140.0
FULL,6,train,41,-320.0
FULL,6,train,42,-500.0
FULL,6,train,43,-500.0
FULL,6,train,44,-350.0
FULL,6,train,45,-500.0
FULL,6,train,46,-386.0
FULL,6,train,47,-326.0
FULL,6,train,48,-421.0
FULL,6,train,49,-488.0
FULL,6,train,50,-500.0
FULL,6,train,51,-500.0
FULL,6,train,52,-426.0
FULL,6,train,53,-437.0
FULL,6,train,54,-500.0
FULL,6,train,55,-500.0
FULL,6,train,56,-267.0
FULL,6,train,57,-500.0
FULL,6,train,58,-337.0
FULL,6,train,59,-500.0
FULL,6,train,60,-500.0
FULL,6,train,61,-500.0
FULL,6,train,62,-500.0
FULL,6,train,63,-327.0
FULL,6,train,64,-190.0
FULL,6,train,65,-282.0
FULL,6,train,66,-187.0
FULL,6,train,67,-500.0
FULL,6,train,68,-500.0
FULL,6,train,69,-500.0
FULL,6,train,70,-384.0
FULL,6,train,71,-500.0
FULL,6,train,72,-296.0
FULL,6,train,73,-500.0
FULL,6,train,74,-500.0
FULL,6,train,75,-500.0
FULL,6,train,76,-449.0
FULL,6,train,77,-120.0
FULL,6,train,78,-283.0
FULL,6,train,79,-180.0
FULL,6,train,80,-500.0
FULL,6,train,81,-500.0
FULL,6,train,82,-412.0
FULL,6,train,83,-500.0
FULL,6,train,84,-267.0
FULL,6,train,85,-358.0
FULL,6,train,86,-201.0
FULL,6,train,87,-500.0
FULL,6,train,88,-247.0
FULL,6,train,89,-161.0
FULL,6,train,90,-103.0
FULL,6,train,91,-124.0
FULL,6,train,92,-396.0
FULL,6,train,93,-117.0
FULL,6,train,94,-241.0
FULL,6,train,95,-187.0
FULL,6,train,96,-93.0
FULL,6,train,97,-155.0
FULL,6,train,98,-164.0
FULL,6,train,99,-136.0
FULL,6,train,100,-123.0
FULL,6,train,101,-260.0
FULL,6,train,102,-110.0
FULL,6,train,103,-147.0
FULL,6,train,104,-225.0
FULL,6,train,105,-121.0
FULL,6,train,106,-195.0
FULL,6,train,107,-500.0
FULL,6,train,108,-142.0
FULL,6,train,109,-126.0
FULL,6,train,110,-70.0
FULL,6,train,111,-114.0
FULL,6,train,112,-122.0
FULL,6,train,113,-160.0
FULL,6,train,114,-418.0
FULL,6,train,115,-91.0
FULL,6,train,116,-120.0
FULL,6,train,117,-120.0
FULL,6,train,118,-83.0
FULL,6,train,119,-102.0
FULL,6,train,120,-96.0
FULL,6,train,121,-216.0
FULL,6,train,122,-122.0
FULL,6,train,123,-78.0
FULL,6,train,124,-84.0
FULL,6,train,125,-97.0
FULL,6,train,126,-108.0
FULL,6,train,127,-93.0
FULL,6,train,128,-123.0
FULL,6,train,129,-96.0
FULL,6,train,130,-107.0
FULL,6,train,131,-107.0
FULL,6,train,132,-94.0
FULL,6,train,133,-134.0
FULL,6,train,134,-321.0
FULL,6,train,135,-100.0
FULL,6,train,136,-112.0
FULL,6,train,137,-139.0
FULL,6,train,138,-107.0
FULL,6,train,139,-100.0
FULL,6,train,140,-88.0
FULL,6,train,141,-103.0
FULL,6,train,142,-105.0
FULL,6,train,143,-121.0
FULL,6,train,144,-179.0
FULL,6,train,145,-143.0
FULL,6,train,146,-97.0
FULL,6,train,147,-109.0
FULL,6,train,148,-96.0
FULL,6,train,149,-104.0
FULL,6,train,150,-93.0
FULL,6,train,151,-110.0
FULL,6,train,152,-64.0
FULL,6,train,153,-145.0
FULL,6,train,154,-129.0
FULL,6,train,155,-85.0
FULL,6,train,156,-118.0
FULL,6,train,157,-96.0
FULL,6,train,158,-83.0
FULL,6,train,159,-114.0
FULL,6,train,160,-80.0
FULL,6,train,161,-225.0
FULL,6,train,162,-105.0
FULL,6,train,163,-79.0
FULL,6,train,164,-119.0
FULL,6,train,165,-102.0
FULL,6,train,166,-88.0
FULL,6,train,167,-86.0
FULL,6,train,168,-157.0
FULL,6,train,169,-79.0
FULL,6,train,170,-144.0
FULL,6,train,171,-96.0
FULL,6,train,172,-92.0
FULL,6,train,173,-108.0
FULL,6,train,174,-80.0
FULL,6,train,175,-95.0
FULL,6,train,176,-85.0
FULL,6,train,177,-84.0
FULL,6,train,178,-100.0
FULL,6,train,179,-99.0
FULL,6,train,180,-80.0
FULL,6,train,181,-104.0
FULL,6,train,182,-117.0
FULL,6,train,183,-80.0
FULL,6,train,184,-136.0
FULL,6,train,185,-111.0
FULL,6,train,186,-116.0
FULL,6,train,187,-80.0
FULL,6,train,188,-96.0
FULL,6,train,189,-112.0
FULL,6,train,190,-92.0
FULL,6,train,191,-124.0
FULL,6,train,192,-112.0
FULL,6,train,193,-88.0
FULL,6,train,194,-94.0
FULL,6,train,195,-94.0
FULL,6,train,196,-120.0
FULL,6,train,197,-91.0
FULL,6,train,198,-164.0
FULL,6,train,199,-97.0
FULL,6,train,200,-99.0
FULL,6,train,201,-106.0
FULL,6,train,202,-236.0
FULL,6,train,203,-86.0
FULL,6,train,204,-72.0
FULL,6,train,205,-81.0
FULL,6,train,206,-86.0
FULL,6,train,207,-129.0
FULL,6,train,208,-90.0
FULL,6,train,209,-73.0
FULL,6,train,210,-135.0
FULL,6,train,211,-101.0
FULL,6,train,212,-81.0
FULL,6,train,213,-356.0
FULL,6,train,214,-125.0
FULL,6,train,215,-77.0
FULL,6,train,216,-98.0
FULL,6,train,217,-125.0
FULL,6,train,218,-84.0
FULL,6,train,219,-78.0
FULL,6,train,220,-81.0
FULL,6,train,221,-104.0
FULL,6,train,222,-174.0
FULL,6,train,223,-99.0
FULL,6,train,224,-121.0
FULL,6,train,225,-78.0
FULL,6,train,226,-91.0
FULL,6,train,227,-87.0
FULL,6,train,228,-92.0
FULL,6,train,229,-91.0
FULL,6,train,230,-79.0
FULL,6,train,231,-86.0
FULL,6,train,232,-105.0
FULL,6,train,233,-78.0
FULL,6,train,234,-127.0
FULL,6,train,235,-84.0
FULL,6,train,236,-71.0
FULL,6,train,237,-127.0
FULL,6,train,238,-85.0
FULL,6,train,239,-87.0
FULL,6,train,240,-84.0
FULL,6,train,241,-101.0
FULL,6,train,242,-98.0
FULL,6,train,243,-113.0
FULL,6,train,244,-89.0
FULL,6,train,245,-102.0
FULL,6,train,246,-79.0
FULL,6,train,247,-123.0
FULL,6,train,248,-115.0
FULL,6,train,249,-79.0
FULL,6,train,250,-78.0
FULL,6,train,251,-77.0
FULL,6,train,252,-251.0
FULL,6,train,253,-85.0
FULL,6,train,254,-79.0
FULL,6,train,255,-100.0
FULL,6,train,256,-100.0
FULL,6,train,257,-93.0
FULL,6,train,258,-87.0
FULL,6,train,259,-163.0
FULL,6,train,260,-75.0
FULL,6,train,261,-101.0
FULL,6,train,262,-181.0
FULL,6,train,263,-116.0
FULL,6,train,264,-141.0
FULL,6,train,265,-71.0
FULL,6,train,266,-125.0
FULL,6,train,267,-119.0
FULL,6,train,268,-103.0
FULL,6,train,269,-104.0
FULL,6,train,270,-108.0
FULL,6,train,271,-140.0
FULL,6,train,272,-76.0
FULL,6,train,273,-98.0
FULL,6,train,274,-142.0
FULL,6,train,275,-133.0
FULL,6,train,276,-131.0
FULL,6,train,277,-92.0
FULL,6,train,278,-89.0
FULL,6,train,279,-79.0
FULL,6,train,280,-236.0
FULL,6,train,281,-74.0
FULL,6,train,282,-84.0
FULL,6,train,283,-99.0
FULL,6,train,284,-110.0
FULL,6,train,285,-112.0
FULL,6,train,286,-88.0
FULL,6,train,287,-105.0
FULL,6,train,288,-89.0
FULL,6,train,289,-92.0
FULL,6,train,290,-145.0
FULL,6,train,291,-115.0
FULL,6,train,292,-116.0
FULL,6,train,293,-132.0
FULL,6,train,294,-79.0
FULL,6,train,295,-118.0
FULL,6,train,296,-78.0
FULL,6,train,297,-78.0
FULL,6,train,298,-80.0
FULL,6,train,299,-85.0
FULL,6,train,300,-122.0
FULL,6,train,301,-291.0
FULL,6,train,302,-96.0
FULL,6,train,303,-112.0
FULL,6,train,304,-133.0
FULL,6,train,305,-139.0
FULL,6,train,306,-73.0
FULL,6,train,307,-72.0
FULL,6,train,308,-95.0
FULL,6,train,309,-85.0
FULL,6,train,310,-102.0
FULL,6,train,311,-110.0
FULL,6,train,312,-81.0
FULL,6,train,313,-86.0
FULL,6,train,314,-95.0
FULL,6,train,315,-90.0
FULL,6,train,316,-71.0
FULL,6,train,317,-79.0
FULL,6,train,318,-116.0
FULL,6,train,319,-76.0
FULL,6,train,320,-84.0
FULL,6,train,321,-85.0
FULL,6,train,322,-89.0
FULL,6,train,323,-105.0
FULL,6,train,324,-86.0
FULL,6,train,325,-93.0
FULL,6,train,326,-113.0
FULL,6,train,327,-98.0
FULL,6,train,328,-80.0
FULL,6,train,329,-106.0
FULL,6,train,330,-114.0
FULL,6,train,331,-113.0
FULL,6,train,332,-98.0
FULL,6,train,333,-102.0
FULL,6,train,334,-79.0
FULL,6,train,335,-91.0
FULL,6,train,336,-212.0
FULL,6,train,337,-86.0
FULL,6,train,338,-92.0
FULL,6,train,339,-96.0
FULL,6,train,340,-109.0
FULL,6,train,341,-87.0
FULL,6,train,342,-125.0
FULL,6,train,343,-112.0
FULL,6,train,344,-97.0
FULL,6,train,345,-137.0
FULL,6,train,346,-93.0
FULL,6,train,347,-196.0
FULL,6,train,348,-91.0
FULL,6,train,349,-87.0
FULL,6,train,350,-134.0
FULL,6,train,351,-195.0
FULL,6,train,352,-92.0
FULL,6,train,353,-79.0
FULL,6,train,354,-84.0
FULL,6,train,355,-120.0
FULL,6,train,356,-86.0
FULL,6,train,357,-103.0
FULL,6,train,358,-86.0
FULL,6,train,359,-70.0
FULL,6,train,360,-150.0
FULL,6,train,361,-120.0
FULL,6,train,362,-197.0
FULL,6,train,363,-180.0
FULL,6,train,364,-105.0
FULL,6,train,365,-86.0
FULL,6,train,366,-121.0
FULL,6,train,367,-88.0
FULL,6,train,368,-102.0
FULL,6,train,369,-88.0
FULL,6,train,370,-92.0
FULL,6,train,371,-114.0
FULL,6,train,372,-83.0
FULL,6,train,373,-95.0
FULL,6,train,374,-113.0
FULL,6,train,375,-155.0
FULL,6,train,376,-83.0
FULL,6,train,377,-64.0
FULL,6,train,378,-63.0
FULL,6,train,379,-234.0
FULL,6,train,380,-133.0
FULL,6,train,381,-96.0
FULL,6,train,382,-81.0
FULL,6,train,383,-372.0
FULL,6,train,384,-121.0
FULL,6,train,385,-104.0
FULL,6,train,386,-99.0
FULL,6,train,387,-85.0
FULL,6,train,388,-118.0
FULL,6,train,389,-85.0
FULL,6,train,390,-127.0
FULL,6,train,391,-63.0
FULL,6,train,392,-146.0
FULL,6,train,393,-79.0
FULL,6,train,394,-172.0
FULL,6,train,395,-91.0
FULL,6,train,396,-85.0
FULL,6,train,397,-124.0
FULL,6,train,398,-81.0
FULL,6,train,399,-64.0
FULL,6,train,400,-96.0
FULL,6,train,401,-108.0
FULL,6,train,402,-86.0
FULL,6,train,403,-107.0
FULL,6,train,404,-90.0
FULL,6,train,405,-83.0
FULL,6,train,406,-78.0
FULL,6,train,407,-64.0
FULL,6,train,408,-92.0
FULL,6,train,409,-136.0
FULL,6,train,410,-86.0
FULL,6,train,411,-79.0
FULL,6,train,412,-89.0
FULL,6,train,413,-113.0
FULL,6,train,414,-119.0
FULL,6,train,415,-86.0
FULL,6,train,416,-80.0
FULL,6,train,417,-77.0
FULL,6,train,418,-87.0
FULL,6,train,419,-100.0
FULL,6,train,420,-135.0
FULL,6,train,421,-130.0
FULL,6,train,422,-102.0
FULL,6,train,423,-92.0
FULL,6,train,424,-129.0
FULL,6,train,425,-109.0
FULL,6,train,426,-111.0
FULL,6,train,427,-86.0
FULL,6,train,428,-63.0
FULL,6,train,429,-79.0
FULL,6,train,430,-90.0
FULL,6,train,431,-124.0
FULL,6,train,432,-88.0
FULL,6,train,433,-84.0
FULL,6,train,434,-102.0
FULL,6,train,435,-95.0
FULL,6,train,436,-117.0
FULL,6,train,437,-114.0
FULL,6,train,438,-102.0
FULL,6,train,439,-96.0
FULL,6,train,440,-92.0
FULL,6,train,441,-112.0
FULL,6,train,442,-114.0
FULL,6,train,443,-123.0
FULL,6,train,444,-111.0
FULL,6,train,445,-83.0
FULL,6,train,446,-135.0
FULL,6,train,447,-500.0
FULL,6,train,448,-79.0
FULL,6,train,449,-97.0
FULL,6,train,450,-110.0
FULL,6,train,451,-103.0
FULL,6,train,452,-104.0
FULL,6,train,453,-151.0
FULL,6,train,454,-93.0
FULL,6,train,455,-120.0
FULL,6,train,456,-122.0
FULL,6,train,457,-78.0
FULL,6,train,458,-104.0
FULL,6,train,459,-119.0
FULL,6,train,460,-109.0
FULL,6,train,461,-80.0
FULL,6,train,462,-95.0
FULL,6,train,463,-98.0
FULL,6,train,464,-85.0
FULL,6,train,465,-83.0
FULL,6,train,466,-86.0
FULL,6,train,467,-143.0
FULL,6,train,468,-96.0
FULL,6,train,469,-100.0
FULL,6,train,470,-79.0
FULL,6,train,471,-102.0
FULL,6,train,472,-106.0
FULL,6,train,473,-105.0
FULL,6,train,474,-119.0
FULL,6,train,475,-118.0
FULL,6,train,476,-106.0
FULL,6,train,477,-101.0
FULL,6,train,478,-88.0
FULL,6,train,479,-114.0
FULL,6,train,480,-68.0
FULL,6,train,481,-102.0
FULL,6,train,482,-112.0
FULL,6,train,483,-96.0
FULL,6,train,484,-86.0
FULL,6,train,485,-92.0
FULL,6,train,486,-92.0
FULL,6,train,487,-63.0
FULL,6,train,488,-95.0
FULL,6,train,489,-81.0
FULL,6,train,490,-132.0
FULL,6,train,491,-93.0
FULL,6,train,492,-88.0
FULL,6,train,493,-121.0
FULL,6,train,494,-95.0
FULL,6,train,495,-155.0
FULL,6,train,496,-121.0
FULL,6,train,497,-77.0
FULL,6,train,498,-95.0
FULL,6,train,499,-71.0
FULL,6,train,500,-82.0
FULL,7,train,1,-500.0
FULL,7,train,2,-500.0
FULL,7,train,3,-500.0
FULL,7,train,4,-500.0
FULL,7,train,5,-500.0
FULL,7,train,6,-500.0
FULL,7,train,7,-500.0
FULL,7,train,8,-392.0
FULL,7,train,9,-180.0
FULL,7,train,10,-141.0
FULL,7,train,11,-147.0
FULL,7,train,12,-171.0
FULL,7,train,13,-109.0
FULL,7,train,14,-108.0
FULL,7,train,15,-120.0
FULL,7,train,16,-157.0
FULL,7,train,17,-186.0
FULL,7,train,18,-161.0
FULL,7,train,19,-182.0
FULL,7,train,20,-375.0
FULL,7,train,21,-185.0
FULL,7,train,22,-243.0
FULL,7,train,23,-220.0
FULL,7,train,24,-332.0
FULL,7,train,25,-224.0
FULL,7,train,26,-179.0
FULL,7,train,27,-500.0
FULL,7,train,28,-424.0
FULL,7,train,29,-224.0
FULL,7,train,30,-145.0
FULL,7,train,31,-362.0
FULL,7,train,32,-145.0
FULL,7,train,33,-281.0
FULL,7,train,34,-264.0
FULL,7,train,35,-500.0
FULL,7,train,36,-500.0
FULL,7,train,37,-500.0
FULL,7,train,38,-274.0
FULL,7,train,39,-162.0
FULL,7,train,40,-221.0
FULL,7,train,41,-91.0
FULL,7,train,42,-203.0
FULL,7,train,43,-131.0
FULL,7,train,44,-146.0
FULL,7,train,45,-97.0
FULL,7,train,46,-93.0
FULL,7,train,47,-99.0
FULL,7,train,48,-198.0
FULL,7,train,49,-103.0
FULL,7,train,50,-160.0
FULL,7,train,51,-221.0
FULL,7,train,52,-87.0
FULL,7,train,53,-178.0
FULL,7,train,54,-168.0
FULL,7,train,55,-117.0
FULL,7,train,56,-141.0
FULL,7,train,57,-91.0
FULL,7,train,58,-143.0
FULL,7,train,59,-153.0
FULL,7,train,60,-98.0
FULL,7,train,61,-205.0
FULL,7,train,62,-101.0
FULL,7,train,63,-87.0
FULL,7,train,64,-500.0
FULL,7,train,65,-86.0
FULL,7,train,66,-97.0
FULL,7,train,67,-279.0
FULL,7,train,68,-106.0
FULL,7,train,69,-141.0
FULL,7,train,70,-92.0
FULL,7,train,71,-127.0
FULL,7,train,72,-93.0
FULL,7,train,73,-218.0
FULL,7,train,74,-155.0
FULL,7,train,75,-228.0
FULL,7,train,76,-275.0
FULL,7,train,77,-108.0
FULL,7,train,78,-500.0
FULL,7,train,79,-132.0
FULL,7,train,80,-195.0
FULL,7,train,81,-174.0
FULL,7,train,82,-251.0
FULL,7,train,83,-87.0
FULL,7,train,84,-104.0
FULL,7,train,85,-105.0
FULL,7,train,86,-115.0
FULL,7,train,87,-199.0
FULL,7,train,88,-150.0
FULL,7,train,89,-110.0
FULL,7,train,90,-113.0
FULL,7,train,91,-141.0
FULL,7,train,92,-124.0
FULL,7,train,93,-490.0
FULL,7,train,94,-144.0
FULL,7,train,95,-268.0
FULL,7,train,96,-118.0
FULL,7,train,97,-125.0
FULL,7,train,98,-103.0
FULL,7,train,99,-85.0
FULL,7,train,100,-250.0
FULL,7,train,101,-169.0
FULL,7,train,102,-175.0
FULL,7,train,103,-128.0
FULL,7,train,104,-162.0
FULL,7,train,105,-317.0
FULL,7,train,106,-86.0
FULL,7,train,107,-133.0
FULL,7,train,108,-82.0
FULL,7,train,109,-175.0
FULL,7,train,110,-127.0
FULL,7,train,111,-87.0
FULL,7,train,112,-131.0
FULL,7,train,113,-101.0
FULL,7,train,114,-139.0
FULL,7,train,115,-158.0
FULL,7,train,116,-107.0
FULL,7,train,117,-170.0
FULL,7,train,118,-116.0
FULL,7,train,119,-118.0
FULL,7,train,120,-119.0
FULL,7,train,121,-86.0
FULL,7,train,122,-106.0
FULL,7,train,123,-86.0
FULL,7,train,124,-186.0
FULL,7,train,125,-368.0
FULL,7,train,126,-76.0
FULL,7,train,127,-95.0
FULL,7,train,128,-115.0
FULL,7,train,129,-91.0
FULL,7,train,130,-123.0
FULL,7,train,131,-123.0
FULL,7,train,132,-125.0
FULL,7,train,133,-139.0
FULL,7,train,134,-102.0
FULL,7,train,135,-115.0
FULL,7,train,136,-147.0
FULL,7,train,137,-118.0
FULL,7,train,138,-94.0
FULL,7,train,139,-95.0
FULL,7,train,140,-144.0
FULL,7,train,141,-94.0
FULL,7,train,142,-80.0
FULL,7,train,143,-79.0
FULL,7,train,144,-114.0
FULL,7,train,145,-107.0
FULL,7,train,146,-151.0
FULL,7,train,147,-126.0
FULL,7,train,148,-109.0
FULL,7,train,149,-125.0
FULL,7,train,150,-101.0
FULL,7,train,151,-100.0
FULL,7,train,152,-129.0
FULL,7,train,153,-85.0
FULL,7,train,154,-169.0
FULL,7,train,155,-114.0
FULL,7,train,156,-181.0
FULL,7,train,157,-94.0
FULL,7,train,158,-95.0
FULL,7,train,159,-95.0
FULL,7,train,160,-99.0
FULL,7,train,161,-111.0
FULL,7,train,162,-130.0
FULL,7,train,163,-107.0
FULL,7,train,164,-109.0
FULL,7,train,165,-86.0
FULL,7,train,166,-121.0
FULL,7,train,167,-122.0
FULL,7,train,168,-93.0
FULL,7,train,169,-87.0
FULL,7,train,170,-101.0
FULL,7,train,171,-136.0
FULL,7,train,172,-125.0
FULL,7,train,173,-261.0
FULL,7,train,174,-112.0
FULL,7,train,175,-75.0
FULL,7,train,176,-121.0
FULL,7,train,177,-91.0
FULL,7,train,178,-109.0
FULL,7,train,179,-95.0
FULL,7,train,180,-285.0
FULL,7,train,181,-102.0
FULL,7,train,182,-146.0
FULL,7,train,183,-84.0
FULL,7,train,184,-141.0
FULL,7,train,185,-104.0
FULL,7,train,186,-71.0
FULL,7,train,187,-85.0
FULL,7,train,188,-94.0
FULL,7,train,189,-140.0
FULL,7,train,190,-79.0
FULL,7,train,191,-95.0
FULL,7,train,192,-130.0
FULL,7,train,193,-129.0
FULL,7,train,194,-105.0
FULL,7,train,195,-122.0
FULL,7,train,196,-112.0
FULL,7,train,197,-136.0
FULL,7,train,198,-115.0
FULL,7,train,199,-76.0
FULL,7,train,200,-139.0
FULL,7,train,201,-82.0
FULL,7,train,202,-129.0
FULL,7,train,203,-200.0
FULL,7,train,204,-86.0
FULL,7,train,205,-77.0
FULL,7,train,206,-123.0
FULL,7,train,207,-120.0
FULL,7,train,208,-116.0
FULL,7,train,209,-91.0
FULL,7,train,210,-197.0
FULL,7,train,211,-78.0
FULL,7,train,212,-92.0
FULL,7,train,213,-92.0
FULL,7,train,214,-112.0
FULL,7,train,215,-106.0
FULL,7,train,216,-95.0
FULL,7,train,217,-115.0
FULL,7,train,218,-71.0
FULL,7,train,219,-106.0
FULL,7,train,220,-92.0
FULL,7,train,221,-80.0
FULL,7,train,222,-86.0
FULL,7,train,223,-102.0
FULL,7,train,224,-104.0
FULL,7,train,225,-95.0
FULL,7,train,226,-84.0
FULL,7,train,227,-97.0
FULL,7,train,228,-96.0
FULL,7,train,229,-111.0
FULL,7,train,230,-87.0
FULL,7,train,231,-141.0
FULL,7,train,232,-236.0
FULL,7,train,233,-113.0
FULL,7,train,234,-102.0
FULL,7,train,235,-73.0
FULL,7,train,236,-272.0
FULL,7,train,237,-90.0
FULL,7,train,238,-82.0
FULL,7,train,239,-86.0
FULL,7,train,240,-78.0
FULL,7,train,241,-88.0
FULL,7,train,242,-101.0
FULL,7,train,243,-92.0
FULL,7,train,244,-208.0
FULL,7,train,245,-101.0
FULL,7,train,246,-81.0
FULL,7,train,247,-107.0
FULL,7,train,248,-94.0
FULL,7,train,249,-91.0
FULL,7,train,250,-84.0
FULL,7,train,251,-104.0
FULL,7,train,252,-85.0
FULL,7,train,253,-101.0
FULL,7,train,254,-118.0
FULL,7,train,255,-100.0
FULL,7,train,256,-73.0
FULL,7,train,257,-154.0
FULL,7,train,258,-101.0
FULL,7,train,259,-95.0
FULL,7,train,260,-99.0
FULL,7,train,261,-93.0
FULL,7,train,262,-138.0
FULL,7,train,263,-100.0
FULL,7,train,264,-112.0
FULL,7,train,265,-90.0
FULL,7,train,266,-83.0
FULL,7,train,267,-79.0
FULL,7,train,268,-198.0
FULL,7,train,269,-163.0
FULL,7,train,270,-81.0
FULL,7,train,271,-86.0
FULL,7,train,272,-82.0
FULL,7,train,273,-92.0
FULL,7,train,274,-95.0
FULL,7,train,275,-73.0
FULL,7,train,276,-84.0
FULL,7,train,277,-79.0
FULL,7,train,278,-87.0
FULL,7,train,279,-109.0
FULL,7,train,280,-76.0
FULL,7,train,281,-88.0
FULL,7,train,282,-197.0
FULL,7,train,283,-95.0
FULL,7,train,284,-85.0
FULL,7,train,285,-94.0
FULL,7,train,286,-107.0
FULL,7,train,287,-77.0
FULL,7,train,288,-106.0
FULL,7,train,289,-82.0
FULL,7,train,290,-118.0
FULL,7,train,291,-111.0
FULL,7,train,292,-86.0
FULL,7,train,293,-91.0
FULL,7,train,294,-86.0
FULL,7,train,295,-75.0
FULL,7,train,296,-73.0
FULL,7,train,297,-108.0
FULL,7,train,298,-113.0
FULL,7,train,299,-64.0
FULL,7,train,300,-93.0
FULL,7,train,301,-128.0
FULL,7,train,302,-136.0
FULL,7,train,303,-99.0
FULL,7,train,304,-91.0
FULL,7,train,305,-153.0
FULL,7,train,306,-64.0
FULL,7,train,307,-81.0
FULL,7,train,308,-62.0
FULL,7,train,309,-113.0
FULL,7,train,310,-112.0
FULL,7,train,311,-77.0
FULL,7,train,312,-112.0
FULL,7,train,313,-100.0
FULL,7,train,314,-78.0
FULL,7,train,315,-101.0
FULL,7,train,316,-75.0
FULL,7,train,317,-131.0
FULL,7,train,318,-97.0
FULL,7,train,319,-134.0
FULL,7,train,320,-111.0
FULL,7,train,321,-89.0
FULL,7,train,322,-90.0
FULL,7,train,323,-89.0
FULL,7,train,324,-103.0
FULL,7,train,325,-84.0
FULL,7,train,326,-88.0
FULL,7,train,327,-111.0
FULL,7,train,328,-97.0
FULL,7,train,329,-76.0
FULL,7,train,330,-76.0
FULL,7,train,331,-152.0
FULL,7,train,332,-93.0
FULL,7,train,333,-98.0
FULL,7,train,334,-85.0
FULL,7,train,335,-83.0
FULL,7,train,336,-75.0
FULL,7,train,337,-93.0
FULL,7,train,338,-126.0
FULL,7,train,339,-180.0
FULL,7,train,340,-103.0
FULL,7,train,341,-83.0
FULL,7,train,342,-78.0
FULL,7,train,343,-77.0
FULL,7,train,344,-113.0
FULL,7,train,345,-117.0
FULL,7,train,346,-90.0
FULL,7,train,347,-93.0
FULL,7,train,348,-147.0
FULL,7,train,349,-127.0
FULL,7,train,350,-92.0
FULL,7,train,351,-76.0
FULL,7,train,352,-107.0
FULL,7,train,353,-162.0
FULL,7,train,354,-83.0
FULL,7,train,355,-88.0
FULL,7,train,356,-118.0
FULL,7,train,357,-110.0
FULL,7,train,358,-103.0
FULL,7,train,359,-86.0
FULL,7,train,360,-123.0
FULL,7,train,361,-88.0
FULL,7,train,362,-87.0
FULL,7,train,363,-95.0
FULL,7,train,364,-85.0
FULL,7,train,365,-89.0
FULL,7,train,366,-115.0
FULL,7,train,367,-116.0
FULL,7,train,368,-102.0
FULL,7,train,369,-73.0
FULL,7,train,370,-81.0
FULL,7,train,371,-93.0
FULL,7,train,372,-121.0
FULL,7,train,373,-99.0
FULL,7,train,374,-85.0
FULL,7,train,375,-128.0
FULL,7,train,376,-256.0
FULL,7,train,377,-83.0
FULL,7,train,378,-255.0
FULL,7,train,379,-98.0
FULL,7,train,380,-97.0
FULL,7,train,381,-91.0
FULL,7,train,382,-75.0
FULL,7,train,383,-88.0
FULL,7,train,384,-96.0
FULL,7,train,385,-97.0
FULL,7,train,386,-82.0
FULL,7,train,387,-142.0
FULL,7,train,388,-69.0
FULL,7,train,389,-167.0
FULL,7,train,390,-101.0
FULL,7,train,391,-139.0
FULL,7,train,392,-90.0
FULL,7,train,393,-85.0
FULL,7,train,394,-104.0
FULL,7,train,395,-117.0
FULL,7,train,396,-82.0
FULL,7,train,397,-93.0
FULL,7,train,398,-78.0
FULL,7,train,399,-104.0
FULL,7,train,400,-300.0
FULL,7,train,401,-80.0
FULL,7,train,402,-95.0
FULL,7,train,403,-80.0
FULL,7,train,404,-109.0
FULL,7,train,405,-112.0
FULL,7,train,406,-93.0
FULL,7,train,407,-98.0
FULL,7,train,408,-93.0
FULL,7,train,409,-110.0
FULL,7,train,410,-100.0
FULL,7,train,411,-106.0
FULL,7,train,412,-93.0
FULL,7,train,413,-117.0
FULL,7,train,414,-78.0
FULL,7,train,415,-92.0
FULL,7,train,416,-81.0
FULL,7,train,417,-93.0
FULL,7,train,418,-101.0
FULL,7,train,419,-88.0
FULL,7,train,420,-86.0
FULL,7,train,421,-95.0
FULL,7,train,422,-78.0
FULL,7,train,423,-108.0
FULL,7,train,424,-94.0
FULL,7,train,425,-124.0
FULL,7,train,426,-86.0
FULL,7,train,427,-99.0
FULL,7,train,428,-83.0
FULL,7,train,429,-86.0
FULL,7,train,430,-85.0
FULL,7,train,431,-86.0
FULL,7,train,432,-99.0
FULL,7,train,433,-82.0
FULL,7,train,434,-78.0
FULL,7,train,435,-107.0
FULL,7,train,436,-101.0
FULL,7,train,437,-102.0
FULL,7,train,438,-82.0
FULL,7,train,439,-86.0
FULL,7,train,440,-85.0
FULL,7,train,441,-86.0
FULL,7,train,442,-71.0
FULL,7,train,443,-73.0
FULL,7,train,444,-94.0
FULL,7,train,445,-103.0
FULL,7,train,446,-82.0
FULL,7,train,447,-76.0
FULL,7,train,448,-93.0
FULL,7,train,449,-89.0
FULL,7,train,450,-104.0
FULL,7,train,451,-116.0
FULL,7,train,452,-86.0
FULL,7,train,453,-119.0
FULL,7,train,454,-88.0
FULL,7,train,455,-100.0
FULL,7,train,456,-79.0
FULL,7,train,457,-87.0
FULL,7,train,458,-71.0
FULL,7,train,459,-104.0
FULL,7,train,460,-104.0
FULL,7,train,461,-84.0
FULL,7,train,462,-109.0
FULL,7,train,463,-69.0
FULL,7,train,464,-96.0
FULL,7,train,465,-93.0
FULL,7,train,466,-100.0
FULL,7,train,467,-107.0
FULL,7,train,468,-130.0
FULL,7,train,469,-86.0
FULL,7,train,470,-128.0
FULL,7,train,471,-86.0
FULL,7,train,472,-77.0
FULL,7,train,473,-104.0
FULL,7,train,474,-102.0
FULL,7,train,475,-84.0
FULL,7,train,476,-87.0
FULL,7,train,477,-83.0
FULL,7,train,478,-80.0
FULL,7,train,479,-93.0
FULL,7,train,480,-64.0
FULL,7,train,481,-93.0
FULL,7,train,482,-91.0
FULL,7,train,483,-109.0
FULL,7,train,484,-113.0
FULL,7,train,485,-94.0
FULL,7,train,486,-94.0
FULL,7,train,487,-110.0
FULL,7,train,488,-102.0
FULL,7,train,489,-63.0
FULL,7,train,490,-93.0
FULL,7,train,491,-95.0
FULL,7,train,492,-99.0
FULL,7,train,493,-98.0
FULL,7,train,494,-63.0
FULL,7,train,495,-88.0
FULL,7,train,496,-100.0
FULL,7,train,497,-80.0
FULL,7,train,498,-100.0
FULL,7,train,499,-94.0
FULL,7,train,500,-94.0
FULL,8,train,1,-494.0
FULL,8,train,2,-500.0
FULL,8,train,3,-500.0
FULL,8,train,4,-500.0
FULL,8,train,5,-500.0
FULL,8,train,6,-500.0
FULL,8,train,7,-500.0
FULL,8,train,8,-500.0
FULL,8,train,9,-289.0
FULL,8,train,10,-175.0
FULL,8,train,11,-500.0
FULL,8,train,12,-500.0
FULL,8,train,13,-466.0
FULL,8,train,14,-500.0
FULL,8,train,15,-500.0
FULL,8,train,16,-219.0
FULL,8,train,17,-197.0
FULL,8,train,18,-261.0
FULL,8,train,19,-500.0
FULL,8,train,20,-500.0
FULL,8,train,21,-500.0
FULL,8,train,22,-500.0
FULL,8,train,23,-500.0
FULL,8,train,24,-467.0
FULL,8,train,25,-340.0
FULL,8,train,26,-500.0
FULL,8,train,27,-500.0
FULL,8,train,28,-500.0
FULL,8,train,29,-500.0
FULL,8,train,30,-500.0
FULL,8,train,31,-500.0
FULL,8,train,32,-500.0
FULL,8,train,33,-500.0
FULL,8,train,34,-500.0
FULL,8,train,35,-500.0
FULL,8,train,36,-453.0
FULL,8,train,37,-474.0
FULL,8,train,38,-331.0
FULL,8,train,39,-500.0
FULL,8,train,40,-252.0
FULL,8,train,41,-288.0
FULL,8,train,42,-195.0
FULL,8,train,43,-318.0
FULL,8,train,44,-500.0
FULL,8,train,45,-133.0
FULL,8,train,46,-85.0
FULL,8,train,47,-170.0
FULL,8,train,48,-250.0
FULL,8,train,49,-95.0
FULL,8,train,50,-154.0
FULL,8,train,51,-199.0
FULL,8,train,52,-131.0
FULL,8,train,53,-179.0
FULL,8,train,54,-199.0
FULL,8,train,55,-183.0
FULL,8,train,56,-193.0
FULL,8,train,57,-124.0
FULL,8,train,58,-191.0
FULL,8,train,59,-177.0
FULL,8,train,60,-89.0
FULL,8,train,61,-246.0
FULL,8,train,62,-145.0
FULL,8,train,63,-137.0
FULL,8,train,64,-134.0
FULL,8,train,65,-211.0
FULL,8,train,66,-143.0
FULL,8,train,67,-109.0
FULL,8,train,68,-236.0
FULL,8,train,69,-105.0
FULL,8,train,70,-101.0
FULL,8,train,71,-142.0
FULL,8,train,72,-150.0
FULL,8,train,73,-101.0
FULL,8,train,74,-157.0
FULL,8,train,75,-224.0
FULL,8,train,76,-122.0
FULL,8,train,77,-271.0
FULL,8,train,78,-97.0
FULL,8,train,79,-121.0
FULL,8,train,80,-93.0
FULL,8,train,81,-110.0
FULL,8,train,82,-500.0
FULL,8,train,83,-133.0
FULL,8,train,84,-165.0
FULL,8,train,85,-191.0
FULL,8,train,86,-99.0
FULL,8,train,87,-86.0
FULL,8,train,88,-97.0
FULL,8,train,89,-82.0
FULL,8,train,90,-152.0
FULL,8,train,91,-85.0
FULL,8,train,92,-92.0
FULL,8,train,93,-93.0
FULL,8,train,94,-119.0
FULL,8,train,95,-75.0
FULL,8,train,96,-90.0
FULL,8,train,97,-142.0
FULL,8,train,98,-167.0
FULL,8,train,99,-110.0
FULL,8,train,100,-97.0
FULL,8,train,101,-99.0
FULL,8,train,102,-100.0
FULL,8,train,103,-98.0
FULL,8,train,104,-120.0
FULL,8,train,105,-124.0
FULL,8,train,106,-70.0
FULL,8,train,107,-96.0
FULL,8,train,108,-84.0
FULL,8,train,109,-77.0
FULL,8,train,110,-77.0
FULL,8,train,111,-102.0
FULL,8,train,112,-102.0
FULL,8,train,113,-141.0
FULL,8,train,114,-84.0
FULL,8,train,115,-86.0
FULL,8,train,116,-500.0
FULL,8,train,117,-87.0
FULL,8,train,118,-71.0
FULL,8,train,119,-142.0
FULL,8,train,120,-86.0
FULL,8,train,121,-126.0
FULL,8,train,122,-91.0
FULL,8,train,123,-65.0
FULL,8,train,124,-92.0
FULL,8,train,125,-88.0
FULL,8,train,126,-102.0
FULL,8,train,127,-182.0
FULL,8,train,128,-88.0
FULL,8,train,129,-78.0
FULL,8,train,130,-109.0
FULL,8,train,131,-500.0
FULL,8,train,132,-114.0
FULL,8,train,133,-90.0
FULL,8,train,134,-94.0
FULL,8,train,135,-86.0
FULL,8,train,136,-120.0
FULL,8,train,137,-127.0
FULL,8,train,138,-149.0
FULL,8,train,139,-96.0
FULL,8,train,140,-126.0
FULL,8,train,141,-99.0
FULL,8,train,142,-116.0
FULL,8,train,143,-92.0
FULL,8,train,144,-100.0
FULL,8,train,145,-86.0
FULL,8,train,146,-143.0
FULL,8,train,147,-106.0
FULL,8,train,148,-86.0
FULL,8,train,149,-103.0
FULL,8,train,150,-84.0
FULL,8,train,151,-70.0
FULL,8,train,152,-114.0
FULL,8,train,153,-143.0
FULL,8,train,154,-87.0
FULL,8,train,155,-103.0
FULL,8,train,156,-79.0
FULL,8,train,157,-91.0
FULL,8,train,158,-89.0
FULL,8,train,159,-116.0
FULL,8,train,160,-112.0
FULL,8,train,161,-104.0
FULL,8,train,162,-95.0
FULL,8,train,163,-117.0
FULL,8,train,164,-297.0
FULL,8,train,165,-136.0
FULL,8,train,166,-78.0
FULL,8,train,167,-100.0
FULL,8,train,168,-83.0
FULL,8,train,169,-112.0
FULL,8,train,170,-97.0
FULL,8,train,171,-103.0
FULL,8,train,172,-302.0
FULL,8,train,173,-88.0
FULL,8,train,174,-120.0
FULL,8,train,175,-121.0
FULL,8,train,176,-78.0
FULL,8,train,177,-95.0
FULL,8,train,178,-105.0
FULL,8,train,179,-217.0
FULL,8,train,180,-437.0
FULL,8,train,181,-144.0
FULL,8,train,182,-122.0
FULL,8,train,183,-72.0
FULL,8,train,184,-119.0
FULL,8,train,185,-166.0
FULL,8,train,186,-79.0
FULL,8,train,187,-98.0
FULL,8,train,188,-70.0
FULL,8,train,189,-116.0
FULL,8,train,190,-100.0
FULL,8,train,191,-148.0
FULL,8,train,192,-86.0
FULL,8,train,193,-86.0
FULL,8,train,194,-166.0
FULL,8,train,195,-80.0
FULL,8,train,196,-107.0
FULL,8,train,197,-96.0
FULL,8,train,198,-79.0
FULL,8,train,199,-128.0
FULL,8,train,200,-175.0
FULL,8,train,201,-77.0
FULL,8,train,202,-144.0
FULL,8,train,203,-109.0
FULL,8,train,204,-106.0
FULL,8,train,205,-70.0
FULL,8,train,206,-134.0
FULL,8,train,207,-172.0
FULL,8,train,208,-111.0
FULL,8,train,209,-89.0
FULL,8,train,210,-89.0
FULL,8,train,211,-77.0
FULL,8,train,212,-114.0
FULL,8,train,213,-117.0
FULL,8,train,214,-92.0
FULL,8,train,215,-117.0
FULL,8,train,216,-105.0
FULL,8,train,217,-131.0
FULL,8,train,218,-101.0
FULL,8,train,219,-92.0
FULL,8,train,220,-63.0
FULL,8,train,221,-81.0
FULL,8,train,222,-224.0
FULL,8,train,223,-97.0
FULL,8,train,224,-107.0
FULL,8,train,225,-107.0
FULL,8,train,226,-97.0
FULL,8,train,227,-78.0
FULL,8,train,228,-143.0
FULL,8,train,229,-102.0
FULL,8,train,230,-97.0
FULL,8,train,231,-91.0
FULL,8,train,232,-115.0
FULL,8,train,233,-93.0
FULL,8,train,234,-106.0
FULL,8,train,235,-106.0
FULL,8,train,236,-102.0
FULL,8,train,237,-107.0
FULL,8,train,238,-204.0
FULL,8,train,239,-102.0
FULL,8,train,240,-107.0
FULL,8,train,241,-81.0
FULL,8,train,242,-111.0
FULL,8,train,243,-101.0
FULL,8,train,244,-104.0
FULL,8,train,245,-136.0
FULL,8,train,246,-82.0
FULL,8,train,247,-129.0
FULL,8,train,248,-90.0
FULL,8,train,249,-107.0
FULL,8,train,250,-103.0
FULL,8,train,251,-99.0
FULL,8,train,252,-122.0
FULL,8,train,253,-103.0
FULL,8,train,254,-107.0
FULL,8,train,255,-106.0
FULL,8,train,256,-109.0
FULL,8,train,257,-98.0
FULL,8,train,258,-109.0
FULL,8,train,259,-92.0
FULL,8,train,260,-103.0
FULL,8,train,261,-133.0
FULL,8,train,262,-92.0
FULL,8,train,263,-93.0
FULL,8,train,264,-112.0
FULL,8,train,265,-185.0
FULL,8,train,266,-148.0
FULL,8,train,267,-103.0
FULL,8,train,268,-122.0
FULL,8,train,269,-98.0
FULL,8,train,270,-162.0
FULL,8,train,271,-165.0
FULL,8,train,272,-99.0
FULL,8,train,273,-92.0
FULL,8,train,274,-100.0
FULL,8,train,275,-89.0
FULL,8,train,276,-102.0
FULL,8,train,277,-105.0
FULL,8,train,278,-213.0
FULL,8,train,279,-89.0
FULL,8,train,280,-98.0
FULL,8,train,281,-109.0
FULL,8,train,282,-106.0
FULL,8,train,283,-96.0
FULL,8,train,284,-100.0
FULL,8,train,285,-109.0
FULL,8,train,286,-144.0
FULL,8,train,287,-398.0
FULL,8,train,288,-104.0
FULL,8,train,289,-79.0
FULL,8,train,290,-296.0
FULL,8,train,291,-125.0
FULL,8,train,292,-114.0
FULL,8,train,293,-63.0
FULL,8,train,294,-111.0
FULL,8,train,295,-99.0
FULL,8,train,296,-85.0
FULL,8,train,297,-96.0
FULL,8,train,298,-89.0
FULL,8,train,299,-93.0
FULL,8,train,300,-87.0
FULL,8,train,301,-98.0
FULL,8,train,302,-106.0
FULL,8,train,303,-89.0
FULL,8,train,304,-92.0
FULL,8,train,305,-69.0
FULL,8,train,306,-102.0
FULL,8,train,307,-106.0
FULL,8,train,308,-94.0
FULL,8,train,309,-95.0
FULL,8,train,310,-86.0
FULL,8,train,311,-119.0
FULL,8,train,312,-82.0
FULL,8,train,313,-82.0
FULL,8,train,314,-98.0
FULL,8,train,315,-106.0
FULL,8,train,316,-104.0
FULL,8,train,317,-115.0
FULL,8,train,318,-133.0
FULL,8,train,319,-83.0
FULL,8,train,320,-103.0
FULL,8,train,321,-123.0
FULL,8,train,322,-108.0
FULL,8,train,323,-98.0
FULL,8,train,324,-120.0
FULL,8,train,325,-98.0
FULL,8,train,326,-195.0
FULL,8,train,327,-101.0
FULL,8,train,328,-83.0
FULL,8,train,329,-78.0
FULL,8,train,330,-115.0
FULL,8,train,331,-108.0
FULL,8,train,332,-82.0
FULL,8,train,333,-143.0
FULL,8,train,334,-134.0
FULL,8,train,335,-79.0
FULL,8,train,336,-105.0
FULL,8,train,337,-141.0
FULL,8,train,338,-119.0
FULL,8,train,339,-87.0
FULL,8,train,340,-78.0
FULL,8,train,341,-78.0
FULL,8,train,342,-102.0
FULL,8,train,343,-89.0
FULL,8,train,344,-137.0
FULL,8,train,345,-132.0
FULL,8,train,346,-114.0
FULL,8,train,347,-106.0
FULL,8,train,348,-117.0
FULL,8,train,349,-82.0
FULL,8,train,350,-78.0
FULL,8,train,351,-79.0
FULL,8,train,352,-109.0
FULL,8,train,353,-133.0
FULL,8,train,354,-105.0
FULL,8,train,355,-129.0
FULL,8,train,356,-101.0
FULL,8,train,357,-100.0
FULL,8,train,358,-92.0
FULL,8,train,359,-84.0
FULL,8,train,360,-94.0
FULL,8,train,361,-90.0
FULL,8,train,362,-68.0
FULL,8,train,363,-63.0
FULL,8,train,364,-103.0
FULL,8,train,365,-86.0
FULL,8,train,366,-147.0
FULL,8,train,367,-89.0
FULL,8,train,368,-70.0
FULL,8,train,369,-205.0
FULL,8,train,370,-87.0
FULL,8,train,371,-112.0
FULL,8,train,372,-105.0
FULL,8,train,373,-83.0
FULL,8,train,374,-101.0
FULL,8,train,375,-86.0
FULL,8,train,376,-84.0
FULL,8,train,377,-92.0
FULL,8,train,378,-63.0
FULL,8,train,379,-142.0
FULL,8,train,380,-103.0
FULL,8,train,381,-71.0
FULL,8,train,382,-91.0
FULL,8,train,383,-70.0
FULL,8,train,384,-105.0
FULL,8,train,385,-92.0
FULL,8,train,386,-86.0
FULL,8,train,387,-68.0
FULL,8,train,388,-87.0
FULL,8,train,389,-76.0
FULL,8,train,390,-85.0
FULL,8,train,391,-79.0
FULL,8,train,392,-117.0
FULL,8,train,393,-86.0
FULL,8,train,394,-86.0
FULL,8,train,395,-120.0
FULL,8,train,396,-236.0
FULL,8,train,397,-72.0
FULL,8,train,398,-124.0
FULL,8,train,399,-87.0
FULL,8,train,400,-100.0
FULL,8,train,401,-83.0
FULL,8,train,402,-100.0
FULL,8,train,403,-94.0
FULL,8,train,404,-100.0
FULL,8,train,405,-81.0
FULL,8,train,406,-83.0
FULL,8,train,407,-85.0
FULL,8,train,408,-86.0
FULL,8,train,409,-109.0
FULL,8,train,410,-90.0
FULL,8,train,411,-69.0
FULL,8,train,412,-70.0
FULL,8,train,413,-277.0
FULL,8,train,414,-92.0
FULL,8,train,415,-96.0
FULL,8,train,416,-92.0
FULL,8,train,417,-97.0
FULL,8,train,418,-95.0
FULL,8,train,419,-85.0
FULL,8,train,420,-82.0
FULL,8,train,421,-81.0
FULL,8,train,422,-68.0
FULL,8,train,423,-83.0
FULL,8,train,424,-94.0
FULL,8,train,425,-85.0
FULL,8,train,426,-85.0
FULL,8,train,427,-101.0
FULL,8,train,428,-100.0
FULL,8,train,429,-91.0
FULL,8,train,430,-95.0
FULL,8,train,431,-71.0
FULL,8,train,432,-106.0
FULL,8,train,433,-89.0
FULL,8,train,434,-87.0
FULL,8,train,435,-85.0
FULL,8,train,436,-90.0
FULL,8,train,437,-97.0
FULL,8,train,438,-96.0
FULL,8,train,439,-100.0
FULL,8,train,440,-94.0
FULL,8,train,441,-63.0
FULL,8,train,442,-78.0
FULL,8,train,443,-83.0
FULL,8,train,444,-69.0
FULL,8,train,445,-183.0
FULL,8,train,446,-63.0
FULL,8,train,447,-63.0
FULL,8,train,448,-89.0
FULL,8,train,449,-78.0
FULL,8,train,450,-80.0
FULL,8,train,451,-82.0
FULL,8,train,452,-138.0
FULL,8,train,453,-69.0
FULL,8,train,454,-96.0
FULL,8,train,455,-63.0
FULL,8,train,456,-97.0
FULL,8,train,457,-111.0
FULL,8,train,458,-90.0
FULL,8,train,459,-94.0
FULL,8,train,460,-96.0
FULL,8,train,461,-82.0
FULL,8,train,462,-82.0
FULL,8,train,463,-82.0
FULL,8,train,464,-76.0
FULL,8,train,465,-84.0
FULL,8,train,466,-107.0
FULL,8,train,467,-106.0
FULL,8,train,468,-99.0
FULL,8,train,469,-98.0
FULL,8,train,470,-97.0
FULL,8,train,471,-97.0
FULL,8,train,472,-90.0
FULL,8,train,473,-96.0
FULL,8,train,474,-105.0
FULL,8,train,475,-98.0
FULL,8,train,476,-88.0
FULL,8,train,477,-116.0
FULL,8,train,478,-123.0
FULL,8,train,479,-94.0
FULL,8,train,480,-209.0
FULL,8,train,481,-104.0
FULL,8,train,482,-107.0
FULL,8,train,483,-105.0
FULL,8,train,484,-77.0
FULL,8,train,485,-64.0
FULL,8,train,486,-112.0
FULL,8,train,487,-111.0
FULL,8,train,488,-69.0
FULL,8,train,489,-125.0
FULL,8,train,490,-94.0
FULL,8,train,491,-107.0
FULL,8,train,492,-92.0
FULL,8,train,493,-102.0
FULL,8,train,494,-132.0
FULL,8,train,495,-76.0
FULL,8,train,496,-82.0
FULL,8,train,497,-75.0
FULL,8,train,498,-100.0
FULL,8,train,499,-191.0
FULL,8,train,500,-115.0
FULL,9,train,1,-500.0
FULL,9,train,2,-500.0
FULL,9,train,3,-500.0
FULL,9,train,4,-500.0
FULL,9,train,5,-500.0
FULL,9,train,6,-155.0
FULL,9,train,7,-146.0
FULL,9,train,8,-199.0
FULL,9,train,9,-114.0
FULL,9,train,10,-77.0
FULL,9,train,11,-359.0
FULL,9,train,12,-208.0
FULL,9,train,13,-103.0
FULL,9,train,14,-134.0
FULL,9,train,15,-211.0
FULL,9,train,16,-158.0
FULL,9,train,17,-177.0
FULL,9,train,18,-95.0
FULL,9,train,19,-112.0
FULL,9,train,20,-106.0
FULL,9,train,21,-213.0
FULL,9,train,22,-79.0
FULL,9,train,23,-178.0
FULL,9,train,24,-86.0
FULL,9,train,25,-204.0
FULL,9,train,26,-365.0
FULL,9,train,27,-203.0
FULL,9,train,28,-88.0
FULL,9,train,29,-90.0
FULL,9,train,30,-123.0
FULL,9,train,31,-116.0
FULL,9,train,32,-159.0
FULL,9,train,33,-170.0
FULL,9,train,34,-118.0
FULL,9,train,35,-135.0
FULL,9,train,36,-500.0
FULL,9,train,37,-226.0
FULL,9,train,38,-121.0
FULL,9,train,39,-196.0
FULL,9,train,40,-241.0
FULL,9,train,41,-126.0
FULL,9,train,42,-115.0
FULL,9,train,43,-124.0
FULL,9,train,44,-111.0
FULL,9,train,45,-88.0
FULL,9,train,46,-195.0
FULL,9,train,47,-99.0
FULL,9,train,48,-106.0
FULL,9,train,49,-309.0
FULL,9,train,50,-155.0
FULL,9,train,51,-96.0
FULL,9,train,52,-118.0
FULL,9,train,53,-134.0
FULL,9,train,54,-158.0
FULL,9,train,55,-124.0
FULL,9,train,56,-110.0
FULL,9,train,57,-161.0
FULL,9,train,58,-127.0
FULL,9,train,59,-143.0
FULL,9,train,60,-158.0
FULL,9,train,61,-312.0
FULL,9,train,62,-471.0
FULL,9,train,63,-278.0
FULL,9,train,64,-227.0
FULL,9,train,65,-178.0
FULL,9,train,66,-128.0
FULL,9,train,67,-148.0
FULL,9,train,68,-154.0
FULL,9,train,69,-158.0
FULL,9,train,70,-91.0
FULL,9,train,71,-116.0
FULL,9,train,72,-109.0
FULL,9,train,73,-124.0
FULL,9,train,74,-92.0
FULL,9,train,75,-79.0
FULL,9,train,76,-100.0
FULL,9,train,77,-110.0
FULL,9,train,78,-103.0
FULL,9,train,79,-96.0
FULL,9,train,80,-84.0
FULL,9,train,81,-145.0
FULL,9,train,82,-115.0
FULL,9,train,83,-154.0
FULL,9,train,84,-98.0
FULL,9,train,85,-128.0
FULL,9,train,86,-154.0
FULL,9,train,87,-87.0
FULL,9,train,88,-165.0
FULL,9,train,89,-109.0
FULL,9,train,90,-87.0
FULL,9,train,91,-112.0
FULL,9,train,92,-82.0
FULL,9,train,93,-121.0
FULL,9,train,94,-123.0
FULL,9,train,95,-92.0
FULL,9,train,96,-127.0
FULL,9,train,97,-75.0
FULL,9,train,98,-101.0
FULL,9,train,99,-97.0
FULL,9,train,100,-90.0
FULL,9,train,101,-151.0
FULL,9,train,102,-97.0
FULL,9,train,103,-91.0
FULL,9,train,104,-99.0
FULL,9,train,105,-132.0
FULL,9,train,106,-96.0
FULL,9,train,107,-89.0
FULL,9,train,108,-232.0
FULL,9,train,109,-92.0
FULL,9,train,110,-193.0
FULL,9,train,111,-120.0
FULL,9,train,112,-201.0
FULL,9,train,113,-266.0
FULL,9,train,114,-120.0
FULL,9,train,115,-124.0
FULL,9,train,116,-104.0
FULL,9,train,117,-93.0
FULL,9,train,118,-102.0
FULL,9,train,119,-90.0
FULL,9,train,120,-95.0
FULL,9,train,121,-129.0
FULL,9,train,122,-118.0
FULL,9,train,123,-121.0
FULL,9,train,124,-105.0
FULL,9,train,125,-113.0
FULL,9,train,126,-89.0
FULL,9,train,127,-327.0
FULL,9,train,128,-128.0
FULL,9,train,129,-114.0
FULL,9,train,130,-127.0
FULL,9,train,131,-112.0
FULL,9,train,132,-232.0
FULL,9,train,133,-101.0
FULL,9,train,134,-117.0
FULL,9,train,135,-81.0
FULL,9,train,136,-101.0
FULL,9,train,137,-93.0
FULL,9,train,138,-105.0
FULL,9,train,139,-114.0
FULL,9,train,140,-303.0
FULL,9,train,141,-141.0
FULL,9,train,142,-127.0
FULL,9,train,143,-86.0
FULL,9,train,144,-140.0
FULL,9,train,145,-129.0
FULL,9,train,146,-98.0
FULL,9,train,147,-98.0
FULL,9,train,148,-142.0
FULL,9,train,149,-99.0
FULL,9,train,150,-188.0
FULL,9,train,151,-159.0
FULL,9,train,152,-167.0
FULL,9,train,153,-94.0
FULL,9,train,154,-121.0
FULL,9,train,155,-121.0
FULL,9,train,156,-110.0
FULL,9,train,157,-149.0
FULL,9,train,158,-138.0
FULL,9,train,159,-112.0
FULL,9,train,160,-112.0
FULL,9,train,161,-97.0
FULL,9,train,162,-93.0
FULL,9,train,163,-219.0
FULL,9,train,164,-107.0
FULL,9,train,165,-164.0
FULL,9,train,166,-190.0
FULL,9,train,167,-162.0
FULL,9,train,168,-128.0
FULL,9,train,169,-500.0
FULL,9,train,170,-131.0
FULL,9,train,171,-135.0
FULL,9,train,172,-111.0
FULL,9,train,173,-226.0
FULL,9,train,174,-283.0
FULL,9,train,175,-290.0
FULL,9,train,176,-119.0
FULL,9,train,177,-168.0
FULL,9,train,178,-158.0
FULL,9,train,179,-125.0
FULL,9,train,180,-145.0
FULL,9,train,181,-136.0
FULL,9,train,182,-164.0
FULL,9,train,183,-157.0
FULL,9,train,184,-136.0
FULL,9,train,185,-182.0
FULL,9,train,186,-378.0
FULL,9,train,187,-112.0
FULL,9,train,188,-426.0
FULL,9,train,189,-99.0
FULL,9,train,190,-137.0
FULL,9,train,191,-182.0
FULL,9,train,192,-83.0
FULL,9,train,193,-183.0
FULL,9,train,194,-188.0
FULL,9,train,195,-134.0
FULL,9,train,196,-200.0
FULL,9,train,197,-97.0
FULL,9,train,198,-132.0
FULL,9,train,199,-126.0
FULL,9,train,200,-190.0
FULL,9,train,201,-125.0
FULL,9,train,202,-108.0
FULL,9,train,203,-146.0
FULL,9,train,204,-136.0
FULL,9,train,205,-180.0
FULL,9,train,206,-120.0
FULL,9,train,207,-222.0
FULL,9,train,208,-94.0
FULL,9,train,209,-244.0
FULL,9,train,210,-154.0
FULL,9,train,211,-144.0
FULL,9,train,212,-98.0
FULL,9,train,213,-103.0
FULL,9,train,214,-114.0
FULL,9,train,215,-125.0
FULL,9,train,216,-106.0
FULL,9,train,217,-154.0
FULL,9,train,218,-157.0
FULL,9,train,219,-145.0
FULL,9,train,220,-134.0
FULL,9,train,221,-141.0
FULL,9,train,222,-96.0
FULL,9,train,223,-141.0
FULL,9,train,224,-71.0
FULL,9,train,225,-142.0
FULL,9,train,226,-101.0
FULL,9,train,227,-113.0
FULL,9,train,228,-93.0
FULL,9,train,229,-98.0
FULL,9,train,230,-78.0
FULL,9,train,231,-159.0
FULL,9,train,232,-97.0
FULL,9,train,233,-120.0
FULL,9,train,234,-128.0
FULL,9,train,235,-117.0
FULL,9,train,236,-158.0
FULL,9,train,237,-95.0
FULL,9,train,238,-106.0
FULL,9,train,239,-86.0
FULL,9,train,240,-134.0
FULL,9,train,241,-126.0
FULL,9,train,242,-97.0
FULL,9,train,243,-430.0
FULL,9,train,244,-159.0
FULL,9,train,245,-100.0
FULL,9,train,246,-140.0
FULL,9,train,247,-136.0
FULL,9,train,248,-123.0
FULL,9,train,249,-123.0
FULL,9,train,250,-133.0
FULL,9,train,251,-190.0
FULL,9,train,252,-83.0
FULL,9,train,253,-89.0
FULL,9,train,254,-167.0
FULL,9,train,255,-107.0
FULL,9,train,256,-105.0
FULL,9,train,257,-137.0
FULL,9,train,258,-111.0
FULL,9,train,259,-157.0
FULL,9,train,260,-103.0
FULL,9,train,261,-90.0
FULL,9,train,262,-100.0
FULL,9,train,263,-128.0
FULL,9,train,264,-86.0
FULL,9,train,265,-95.0
FULL,9,train,266,-97.0
FULL,9,train,267,-99.0
FULL,9,train,268,-126.0
FULL,9,train,269,-79.0
FULL,9,train,270,-185.0
FULL,9,train,271,-80.0
FULL,9,train,272,-100.0
FULL,9,train,273,-99.0
FULL,9,train,274,-97.0
FULL,9,train,275,-120.0
FULL,9,train,276,-86.0
FULL,9,train,277,-87.0
FULL,9,train,278,-98.0
FULL,9,train,279,-153.0
FULL,9,train,280,-95.0
FULL,9,train,281,-79.0
FULL,9,train,282,-98.0
FULL,9,train,283,-113.0
FULL,9,train,284,-78.0
FULL,9,train,285,-110.0
FULL,9,train,286,-95.0
FULL,9,train,287,-115.0
FULL,9,train,288,-127.0
FULL,9,train,289,-100.0
FULL,9,train,290,-128.0
FULL,9,train,291,-118.0
FULL,9,train,292,-83.0
FULL,9,train,293,-78.0
FULL,9,train,294,-103.0
FULL,9,train,295,-94.0
FULL,9,train,296,-99.0
FULL,9,train,297,-200.0
FULL,9,train,298,-78.0
FULL,9,train,299,-99.0
FULL,9,train,300,-103.0
FULL,9,train,301,-114.0
FULL,9,train,302,-92.0
FULL,9,train,303,-84.0
FULL,9,train,304,-101.0
FULL,9,train,305,-96.0
FULL,9,train,306,-114.0
FULL,9,train,307,-138.0
FULL,9,train,308,-114.0
FULL,9,train,309,-80.0
FULL,9,train,310,-96.0
FULL,9,train,311,-164.0
FULL,9,train,312,-78.0
FULL,9,train,313,-137.0
FULL,9,train,314,-113.0
FULL,9,train,315,-107.0
FULL,9,train,316,-131.0
FULL,9,train,317,-116.0
FULL,9,train,318,-79.0
FULL,9,train,319,-83.0
FULL,9,train,320,-97.0
FULL,9,train,321,-98.0
FULL,9,train,322,-118.0
FULL,9,train,323,-170.0
FULL,9,train,324,-89.0
FULL,9,train,325,-93.0
FULL,9,train,326,-106.0
FULL,9,train,327,-82.0
FULL,9,train,328,-105.0
FULL,9,train,329,-96.0
FULL,9,train,330,-139.0
FULL,9,train,331,-96.0
FULL,9,train,332,-85.0
FULL,9,train,333,-119.0
FULL,9,train,334,-129.0
FULL,9,train,335,-308.0
FULL,9,train,336,-95.0
FULL,9,train,337,-102.0
FULL,9,train,338,-84.0
FULL,9,train,339,-118.0
FULL,9,train,340,-153.0
FULL,9,train,341,-94.0
FULL,9,train,342,-103.0
FULL,9,train,343,-74.0
FULL,9,train,344,-126.0
FULL,9,train,345,-77.0
FULL,9,train,346,-128.0
FULL,9,train,347,-124.0
FULL,9,train,348,-106.0
FULL,9,train,349,-129.0
FULL,9,train,350,-140.0
FULL,9,train,351,-148.0
FULL,9,train,352,-92.0
FULL,9,train,353,-118.0
FULL,9,train,354,-140.0
FULL,9,train,355,-86.0
FULL,9,train,356,-157.0
FULL,9,train,357,-81.0
FULL,9,train,358,-205.0
FULL,9,train,359,-105.0
FULL,9,train,360,-183.0
FULL,9,train,361,-155.0
FULL,9,train,362,-120.0
FULL,9,train,363,-79.0
FULL,9,train,364,-118.0
FULL,9,train,365,-72.0
FULL,9,train,366,-122.0
FULL,9,train,367,-78.0
FULL,9,train,368,-102.0
FULL,9,train,369,-94.0
FULL,9,train,370,-138.0
FULL,9,train,371,-93.0
FULL,9,train,372,-77.0
FULL,9,train,373,-87.0
FULL,9,train,374,-94.0
FULL,9,train,375,-99.0
FULL,9,train,376,-101.0
FULL,9,train,377,-87.0
FULL,9,train,378,-83.0
FULL,9,train,379,-87.0
FULL,9,train,380,-89.0
FULL,9,train,381,-99.0
FULL,9,train,382,-88.0
FULL,9,train,383,-94.0
FULL,9,train,384,-109.0
FULL,9,train,385,-120.0
FULL,9,train,386,-111.0
FULL,9,train,387,-90.0
FULL,9,train,388,-94.0
FULL,9,train,389,-78.0
FULL,9,train,390,-85.0
FULL,9,train,391,-117.0
FULL,9,train,392,-128.0
FULL,9,train,393,-96.0
FULL,9,train,394,-114.0
FULL,9,train,395,-117.0
FULL,9,train,396,-101.0
FULL,9,train,397,-107.0
FULL,9,train,398,-95.0
FULL,9,train,399,-126.0
FULL,9,train,400,-138.0
FULL,9,train,401,-104.0
FULL,9,train,402,-88.0
FULL,9,train,403,-120.0
FULL,9,train,404,-80.0
FULL,9,train,405,-86.0
FULL,9,train,406,-103.0
FULL,9,train,407,-108.0
FULL,9,train,408,-102.0
FULL,9,train,409,-114.0
FULL,9,train,410,-70.0
FULL,9,train,411,-115.0
FULL,9,train,412,-125.0
FULL,9,train,413,-150.0
FULL,9,train,414,-93.0
FULL,9,train,415,-77.0
FULL,9,train,416,-95.0
FULL,9,train,417,-91.0
FULL,9,train,418,-77.0
FULL,9,train,419,-115.0
FULL,9,train,420,-110.0
FULL,9,train,421,-71.0
FULL,9,train,422,-86.0
FULL,9,train,423,-111.0
FULL,9,train,424,-120.0
FULL,9,train,425,-101.0
FULL,9,train,426,-92.0
FULL,9,train,427,-77.0
FULL,9,train,428,-99.0
FULL,9,train,429,-77.0
FULL,9,train,430,-91.0
FULL,9,train,431,-88.0
FULL,9,train,432,-99.0
FULL,9,train,433,-118.0
FULL,9,train,434,-64.0
FULL,9,train,435,-98.0
FULL,9,train,436,-92.0
FULL,9,train,437,-101.0
FULL,9,train,438,-84.0
FULL,9,train,439,-177.0
FULL,9,train,440,-131.0
FULL,9,train,441,-122.0
FULL,9,train,442,-116.0
FULL,9,train,443,-113.0
FULL,9,train,444,-100.0
FULL,9,train,445,-103.0
FULL,9,train,446,-76.0
FULL,9,train,447,-85.0
FULL,9,train,448,-112.0
FULL,9,train,449,-91.0
FULL,9,train,450,-72.0
FULL,9,train,451,-107.0
FULL,9,train,452,-113.0
FULL,9,train,453,-116.0
FULL,9,train,454,-98.0
FULL,9,train,455,-89.0
FULL,9,train,456,-151.0
FULL,9,train,457,-92.0
FULL,9,train,458,-86.0
FULL,9,train,459,-280.0
FULL,9,train,460,-81.0
FULL,9,train,461,-79.0
FULL,9,train,462,-88.0
FULL,9,train,463,-111.0
FULL,9,train,464,-70.0
FULL,9,train,465,-99.0
FULL,9,train,466,-93.0
FULL,9,train,467,-90.0
FULL,9,train,468,-83.0
FULL,9,train,469,-91.0
FULL,9,train,470,-92.0
FULL,9,train,471,-242.0
FULL,9,train,472,-92.0
FULL,9,train,473,-112.0
FULL,9,train,474,-115.0
FULL,9,train,475,-116.0
FULL,9,train,476,-83.0
FULL,9,train,477,-87.0
FULL,9,train,478,-106.0
FULL,9,train,479,-88.0
FULL,9,train,480,-120.0
FULL,9,train,481,-99.0
FULL,9,train,482,-88.0
FULL,9,train,483,-141.0
FULL,9,train,484,-104.0
FULL,9,train,485,-94.0
FULL,9,train,486,-90.0
FULL,9,train,487,-77.0
FULL,9,train,488,-103.0
FULL,9,train,489,-103.0
FULL,9,train,490,-80.0
FULL,9,train,491,-155.0
FULL,9,train,492,-102.0
FULL,9,train,493,-88.0
FULL,9,train,494,-79.0
FULL,9,train,495,-88.0
FULL,9,train,496,-87.0
FULL,9,train,497,-110.0
FULL,9,train,498,-81.0
FULL,9,train,499,-221.0
FULL,9,train,500,-99.0
FULL,0,eval,25,-160.8
FULL,0,eval,50,-124.8
FULL,0,eval,75,-115.6
FULL,0,eval,100,-153.8
FULL,0,eval,125,-119.2
FULL,0,eval,150,-134.6
FULL,0,eval,175,-88.4
FULL,0,eval,200,-113.4
FULL,0,eval,225,-105.6
FULL,0,eval,250,-87.6
FULL,0,eval,275,-77.0
FULL,0,eval,300,-90.6
FULL,0,eval,325,-74.2
FULL,0,eval,350,-87.8
FULL,0,eval,375,-159.8
FULL,0,eval,400,-159.4
FULL,0,eval,425,-80.6
FULL,0,eval,450,-85.6
FULL,0,eval,475,-73.8
FULL,0,eval,500,-92.8
FULL,1,eval,25,-257.0
FULL,1,eval,50,-164.0
FULL,1,eval,75,-111.6
FULL,1,eval,100,-122.4
FULL,1,eval,125,-500.0
FULL,1,eval,150,-140.4
FULL,1,eval,175,-100.8
FULL,1,eval,200,-86.8
FULL,1,eval,225,-195.6
FULL,1,eval,250,-95.2
FULL,1,eval,275,-148.6
FULL,1,eval,300,-96.4
FULL,1,eval,325,-118.8
FULL,1,eval,350,-84.4
FULL,1,eval,375,-77.8
FULL,1,eval,400,-89.8
FULL,1,eval,425,-117.8
FULL,1,eval,450,-89.8
FULL,1,eval,475,-253.6
FULL,1,eval,500,-83.6
FULL,2,eval,25,-500.0
FULL,2,eval,50,-319.0
FULL,2,eval,75,-208.2
FULL,2,eval,100,-273.2
FULL,2,eval,125,-86.6
FULL,2,eval,150,-173.8
FULL,2,eval,175,-184.2
FULL,2,eval,200,-95.2
FULL,2,eval,225,-97.2
FULL,2,eval,250,-109.8
FULL,2,eval,275,-128.4
FULL,2,eval,300,-180.6
FULL,2,eval,325,-73.8
FULL,2,eval,350,-85.8
FULL,2,eval,375,-77.2
FULL,2,eval,400,-84.4
FULL,2,eval,425,-81.0
FULL,2,eval,450,-81.2
FULL,2,eval,475,-113.8
FULL,2,eval,500,-80.8
FULL,3,eval,25,-288.0
FULL,3,eval,50,-430.8
FULL,3,eval,75,-116.4
FULL,3,eval,100,-323.8
FULL,3,eval,125,-133.2
FULL,3,eval,150,-101.2
FULL,3,eval,175,-271.0
FULL,3,eval,200,-74.4
FULL,3,eval,225,-84.6
FULL,3,eval,250,-93.6
FULL,3,eval,275,-342.2
FULL,3,eval,300,-90.0
FULL,3,eval,325,-82.8
FULL,3,eval,350,-80.4
FULL,3,eval,375,-89.8
FULL,3,eval,400,-160.4
FULL,3,eval,425,-75.6
FULL,3,eval,450,-82.4
FULL,3,eval,475,-83.8
FULL,3,eval,500,-89.4
FULL,4,eval,25,-413.4
FULL,4,eval,50,-237.8
FULL,4,eval,75,-98.8
FULL,4,eval,100,-213.0
FULL,4,eval,125,-93.2
FULL,4,eval,150,-112.8
FULL,4,eval,175,-169.4
FULL,4,eval,200,-95.4
FULL,4,eval,225,-77.8
FULL,4,eval,250,-79.6
FULL,4,eval,275,-82.8
FULL,4,eval,300,-89.4
FULL,4,eval,325,-81.2
FULL,4,eval,350,-80.4
FULL,4,eval,375,-76.4
FULL,4,eval,400,-90.8
FULL,4,eval,425,-106.8
FULL,4,eval,450,-83.4
FULL,4,eval,475,-161.4
FULL,4,eval,500,-74.8
FULL,5,eval,25,-151.6
FULL,5,eval,50,-355.6
FULL,5,eval,75,-466.8
FULL,5,eval,100,-295.0
FULL,5,eval,125,-226.8
FULL,5,eval,150,-183.8
FULL,5,eval,175,-85.6
FULL,5,eval,200,-88.2
FULL,5,eval,225,-93.4
FULL,5,eval,250,-94.2
FULL,5,eval,275,-86.0
FULL,5,eval,300,-112.6
FULL,5,eval,325,-88.2
FULL,5,eval,350,-185.0
FULL,5,eval,375,-76.6
FULL,5,eval,400,-84.6
FULL,5,eval,425,-95.0
FULL,5,eval,450,-86.2
FULL,5,eval,475,-88.8
FULL,5,eval,500,-83.6
FULL,6,eval,25,-500.0
FULL,6,eval,50,-500.0
FULL,6,eval,75,-441.4
FULL,6,eval,100,-156.6
FULL,6,eval,125,-97.0
FULL,6,eval,150,-102.4
FULL,6,eval,175,-168.2
FULL,6,eval,200,-83.6
FULL,6,eval,225,-95.0
FULL,6,eval,250,-85.6
FULL,6,eval,275,-88.8
FULL,6,eval,300,-250.6
FULL,6,eval,325,-85.2
FULL,6,eval,350,-336.4
FULL,6,eval,375,-88.4
FULL,6,eval,400,-107.4
FULL,6,eval,425,-100.2
FULL,6,eval,450,-94.0
FULL,6,eval,475,-84.0
FULL,6,eval,500,-90.4
FULL,7,eval,25,-267.4
FULL,7,eval,50,-107.0
FULL,7,eval,75,-138.6
FULL,7,eval,100,-143.6
FULL,7,eval,125,-99.8
FULL,7,eval,150,-256.8
FULL,7,eval,175,-92.0
FULL,7,eval,200,-90.2
FULL,7,eval,225,-86.2
FULL,7,eval,250,-153.2
FULL,7,eval,275,-178.6
FULL,7,eval,300,-180.6
FULL,7,eval,325,-73.8
FULL,7,eval,350,-160.4
FULL,7,eval,375,-96.6
FULL,7,eval,400,-170.8
FULL,7,eval,425,-80.6
FULL,7,eval,450,-78.6
FULL,7,eval,475,-105.2
FULL,7,eval,500,-81.8
FULL,8,eval,25,-483.2
FULL,8,eval,50,-250.6
FULL,8,eval,75,-222.2
FULL,8,eval,100,-122.4
FULL,8,eval,125,-91.4
FULL,8,eval,150,-185.6
FULL,8,eval,175,-94.6
FULL,8,eval,200,-101.0
FULL,8,eval,225,-173.4
FULL,8,eval,250,-77.8
FULL,8,eval,275,-78.2
FULL,8,eval,300,-80.2
FULL,8,eval,325,-84.2
FULL,8,eval,350,-81.2
FULL,8,eval,375,-78.8
FULL,8,eval,400,-162.8
FULL,8,eval,425,-75.2
FULL,8,eval,450,-85.8
FULL,8,eval,475,-74.4
FULL,8,eval,500,-80.8
FULL,9,eval,25,-500.0
FULL,9,eval,50,-210.0
FULL,9,eval,75,-95.4
FULL,9,eval,100,-107.8
FULL,9,eval,125,-97.6
FULL,9,eval,150,-181.8
FULL,9,eval,175,-129.8
FULL,9,eval,200,-135.0
FULL,9,eval,225,-91.8
FULL,9,eval,250,-111.0
FULL,9,eval,275,-91.2
FULL,9,eval,300,-94.2
FULL,9,eval,325,-121.2
FULL,9,eval,350,-103.2
FULL,9,eval,375,-91.0
FULL,9,eval,400,-92.0
FULL,9,eval,425,-112.6
FULL,9,eval,450,-76.0
FULL,9,eval,475,-87.4
FULL,9,eval,500,-81.4
MULT,0,train,1,-500.0
MULT,0,train,2,-500.0
MULT,0,train,3,-500.0
MULT,0,train,4,-500.0
MULT,0,train,5,-500.0
MULT,0,train,6,-500.0
MULT,0,train,7,-500.0
MULT,0,train,8,-500.0
MULT,0,train,9,-500.0
MULT,0,train,10,-500.0
MULT,0,train,11,-500.0
MULT,0,train,12,-500.0
MULT,0,train,13,-347.0
MULT,0,train,14,-500.0
MULT,0,train,15,-207.0
MULT,0,train,16,-160.0
MULT,0,train,17,-131.0
MULT,0,train,18,-234.0
MULT,0,train,19,-136.0
MULT,0,train,20,-168.0
MULT,0,train,21,-500.0
MULT,0,train,22,-298.0
MULT,0,train,23,-383.0
MULT,0,train,24,-500.0
MULT,0,train,25,-190.0
MULT,0,train,26,-305.0
MULT,0,train,27,-287.0
MULT,0,train,28,-213.0
MULT,0,train,29,-500.0
MULT,0,train,30,-456.0
MULT,0,train,31,-500.0
MULT,0,train,32,-500.0
MULT,0,train,33,-500.0
MULT,0,train,34,-500.0
MULT,0,train,35,-500.0
MULT,0,train,36,-500.0
MULT,0,train,37,-500.0
MULT,0,train,38,-500.0
MULT,0,train,39,-213.0
MULT,0,train,40,-500.0
MULT,0,train,41,-249.0
MULT,0,train,42,-500.0
MULT,0,train,43,-212.0
MULT,0,train,44,-271.0
MULT,0,train,45,-149.0
MULT,0,train,46,-500.0
MULT,0,train,47,-500.0
MULT,0,train,48,-306.0
MULT,0,train,49,-194.0
MULT,0,train,50,-162.0
MULT,0,train,51,-427.0
MULT,0,train,52,-204.0
MULT,0,train,53,-314.0
MULT,0,train,54,-406.0
MULT,0,train,55,-500.0
MULT,0,train,56,-358.0
MULT,0,train,57,-265.0
MULT,0,train,58,-500.0
MULT,0,train,59,-500.0
MULT,0,train,60,-146.0
MULT,0,train,61,-500.0
MULT,0,train,62,-86.0
MULT,0,train,63,-346.0
MULT,0,train,64,-479.0
MULT,0,train,65,-142.0
MULT,0,train,66,-123.0
MULT,0,train,67,-413.0
MULT,0,train,68,-168.0
MULT,0,train,69,-274.0
MULT,0,train,70,-181.0
MULT,0,train,71,-500.0
MULT,0,train,72,-158.0
MULT,0,train,73,-500.0
MULT,0,train,74,-173.0
MULT,0,train,75,-500.0
MULT,0,train,76,-223.0
MULT,0,train,77,-500.0
MULT,0,train,78,-196.0
MULT,0,train,79,-151.0
MULT,0,train,80,-136.0
MULT,0,train,81,-159.0
MULT,0,train,82,-266.0
MULT,0,train,83,-127.0
MULT,0,train,84,-180.0
MULT,0,train,85,-236.0
MULT,0,train,86,-86.0
MULT,0,train,87,-251.0
MULT,0,train,88,-247.0
MULT,0,train,89,-175.0
MULT,0,train,90,-100.0
MULT,0,train,91,-231.0
MULT,0,train,92,-178.0
MULT,0,train,93,-116.0
MULT,0,train,94,-115.0
MULT,0,train,95,-158.0
MULT,0,train,96,-110.0
MULT,0,train,97,-172.0
MULT,0,train,98,-98.0
MULT,0,train,99,-105.0
MULT,0,train,100,-500.0
MULT,0,train,101,-157.0
MULT,0,train,102,-246.0
MULT,0,train,103,-80.0
MULT,0,train,104,-93.0
MULT,0,train,105,-132.0
MULT,0,train,106,-91.0
MULT,0,train,107,-95.0
MULT,0,train,108,-500.0
MULT,0,train,109,-182.0
MULT,0,train,110,-161.0
MULT,0,train,111,-86.0
MULT,0,train,112,-148.0
MULT,0,train,113,-101.0
MULT,0,train,114,-159.0
MULT,0,train,115,-129.0
MULT,0,train,116,-85.0
MULT,0,train,117,-141.0
MULT,0,train,118,-188.0
MULT,0,train,119,-132.0
MULT,0,train,120,-79.0
MULT,0,train,121,-135.0
MULT,0,train,122,-121.0
MULT,0,train,123,-128.0
MULT,0,train,124,-124.0
MULT,0,train,125,-171.0
MULT,0,train,126,-119.0
MULT,0,train,127,-139.0
MULT,0,train,128,-120.0
MULT,0,train,129,-500.0
MULT,0,train,130,-110.0
MULT,0,train,131,-144.0
MULT,0,train,132,-106.0
MULT,0,train,133,-117.0
MULT,0,train,134,-117.0
MULT,0,train,135,-134.0
MULT,0,train,136,-104.0
MULT,0,train,137,-73.0
MULT,0,train,138,-131.0
MULT,0,train,139,-139.0
MULT,0,train,140,-81.0
MULT,0,train,141,-128.0
MULT,0,train,142,-88.0
MULT,0,train,143,-194.0
MULT,0,train,144,-110.0
MULT,0,train,145,-243.0
MULT,0,train,146,-196.0
MULT,0,train,147,-119.0
MULT,0,train,148,-86.0
MULT,0,train,149,-131.0
MULT,0,train,150,-101.0
MULT,0,train,151,-110.0
MULT,0,train,152,-96.0
MULT,0,train,153,-95.0
MULT,0,train,154,-118.0
MULT,0,train,155,-88.0
MULT,0,train,156,-93.0
MULT,0,train,157,-131.0
MULT,0,train,158,-149.0
MULT,0,train,159,-109.0
MULT,0,train,160,-85.0
MULT,0,train,161,-104.0
MULT,0,train,162,-228.0
MULT,0,train,163,-88.0
MULT,0,train,164,-144.0
MULT,0,train,165,-127.0
MULT,0,train,166,-95.0
MULT,0,train,167,-86.0
MULT,0,train,168,-84.0
MULT,0,train,169,-138.0
MULT,0,train,170,-89.0
MULT,0,train,171,-116.0
MULT,0,train,172,-76.0
MULT,0,train,173,-81.0
MULT,0,train,174,-107.0
MULT,0,train,175,-195.0
MULT,0,train,176,-78.0
MULT,0,train,177,-133.0
MULT,0,train,178,-90.0
MULT,0,train,179,-135.0
MULT,0,train,180,-76.0
MULT,0,train,181,-102.0
MULT,0,train,182,-100.0
MULT,0,train,183,-77.0
MULT,0,train,184,-127.0
MULT,0,train,185,-132.0
MULT,0,train,186,-113.0
MULT,0,train,187,-114.0
MULT,0,train,188,-106.0
MULT,0,train,189,-131.0
MULT,0,train,190,-87.0
MULT,0,train,191,-83.0
MULT,0,train,192,-117.0
MULT,0,train,193,-185.0
MULT,0,train,194,-152.0
MULT,0,train,195,-217.0
MULT,0,train,196,-140.0
MULT,0,train,197,-106.0
MULT,0,train,198,-103.0
MULT,0,train,199,-96.0
MULT,0,train,200,-193.0
MULT,0,train,201,-120.0
MULT,0,train,202,-151.0
MULT,0,train,203,-104.0
MULT,0,train,204,-92.0
MULT,0,train,205,-91.0
MULT,0,train,206,-140.0
MULT,0,train,207,-101.0
MULT,0,train,208,-120.0
MULT,0,train,209,-87.0
MULT,0,train,210,-92.0
MULT,0,train,211,-103.0
MULT,0,train,212,-86.0
MULT,0,train,213,-101.0
MULT,0,train,214,-96.0
MULT,0,train,215,-96.0
MULT,0,train,216,-152.0
MULT,0,train,217,-115.0
MULT,0,train,218,-81.0
MULT,0,train,219,-95.0
MULT,0,train,220,-100.0
MULT,0,train,221,-99.0
MULT,0,train,222,-83.0
MULT,0,train,223,-88.0
MULT,0,train,224,-84.0
MULT,0,train,225,-89.0
MULT,0,train,226,-101.0
MULT,0,train,227,-96.0
MULT,0,train,228,-203.0
MULT,0,train,229,-112.0
MULT,0,train,230,-214.0
MULT,0,train,231,-110.0
MULT,0,train,232,-226.0
MULT,0,train,233,-97.0
MULT,0,train,234,-133.0
MULT,0,train,235,-170.0
MULT,0,train,236,-91.0
MULT,0,train,237,-103.0
MULT,0,train,238,-111.0
MULT,0,train,239,-75.0
MULT,0,train,240,-88.0
MULT,0,train,241,-120.0
MULT,0,train,242,-113.0
MULT,0,train,243,-123.0
MULT,0,train,244,-124.0
MULT,0,train,245,-84.0
MULT,0,train,246,-147.0
MULT,0,train,247,-103.0
MULT,0,train,248,-78.0
MULT,0,train,249,-80.0
MULT,0,train,250,-100.0
MULT,0,train,251,-84.0
MULT,0,train,252,-86.0
MULT,0,train,253,-115.0
MULT,0,train,254,-102.0
MULT,0,train,255,-99.0
MULT,0,train,256,-82.0
MULT,0,train,257,-176.0
MULT,0,train,258,-109.0
MULT,0,train,259,-104.0
MULT,0,train,260,-131.0
MULT,0,train,261,-108.0
MULT,0,train,262,-110.0
MULT,0,train,263,-104.0
MULT,0,train,264,-92.0
MULT,0,train,265,-112.0
MULT,0,train,266,-93.0
MULT,0,train,267,-100.0
MULT,0,train,268,-92.0
MULT,0,train,269,-106.0
MULT,0,train,270,-90.0
MULT,0,train,271,-95.0
MULT,0,train,272,-115.0
MULT,0,train,273,-85.0
MULT,0,train,274,-99.0
MULT,0,train,275,-94.0
MULT,0,train,276,-95.0
MULT,0,train,277,-93.0
MULT,0,train,278,-71.0
MULT,0,train,279,-87.0
MULT,0,train,280,-91.0
MULT,0,train,281,-127.0
MULT,0,train,282,-94.0
MULT,0,train,283,-102.0
MULT,0,train,284,-75.0
MULT,0,train,285,-107.0
MULT,0,train,286,-128.0
MULT,0,train,287,-172.0
MULT,0,train,288,-64.0
MULT,0,train,289,-72.0
MULT,0,train,290,-102.0
MULT,0,train,291,-85.0
MULT,0,train,292,-100.0
MULT,0,train,293,-88.0
MULT,0,train,294,-109.0
MULT,0,train,295,-113.0
MULT,0,train,296,-87.0
MULT,0,train,297,-88.0
MULT,0,train,298,-95.0
MULT,0,train,299,-90.0
MULT,0,train,300,-130.0
MULT,0,train,301,-81.0
MULT,0,train,302,-94.0
MULT,0,train,303,-105.0
MULT,0,train,304,-82.0
MULT,0,train,305,-101.0
MULT,0,train,306,-91.0
MULT,0,train,307,-119.0
MULT,0,train,308,-91.0
MULT,0,train,309,-80.0
MULT,0,train,310,-115.0
MULT,0,train,311,-76.0
MULT,0,train,312,-84.0
MULT,0,train,313,-78.0
MULT,0,train,314,-100.0
MULT,0,train,315,-98.0
MULT,0,train,316,-99.0
MULT,0,train,317,-128.0
MULT,0,train,318,-81.0
MULT,0,train,319,-93.0
MULT,0,train,320,-103.0
MULT,0,train,321,-132.0
MULT,0,train,322,-72.0
MULT,0,train,323,-74.0
MULT,0,train,324,-134.0
MULT,0,train,325,-102.0
MULT,0,train,326,-93.0
MULT,0,train,327,-75.0
MULT,0,train,328,-116.0
MULT,0,train,329,-90.0
MULT,0,train,330,-98.0
MULT,0,train,331,-82.0
MULT,0,train,332,-96.0
MULT,0,train,333,-113.0
MULT,0,train,334,-113.0
MULT,0,train,335,-151.0
MULT,0,train,336,-128.0
MULT,0,train,337,-95.0
MULT,0,train,338,-108.0
MULT,0,train,339,-82.0
MULT,0,train,340,-111.0
MULT,0,train,341,-80.0
MULT,0,train,342,-94.0
MULT,0,train,343,-74.0
MULT,0,train,344,-83.0
MULT,0,train,345,-100.0
MULT,0,train,346,-99.0
MULT,0,train,347,-86.0
MULT,0,train,348,-87.0
MULT,0,train,349,-117.0
MULT,0,train,350,-187.0
MULT,0,train,351,-90.0
MULT,0,train,352,-113.0
MULT,0,train,353,-84.0
MULT,0,train,354,-97.0
MULT,0,train,355,-94.0
MULT,0,train,356,-72.0
MULT,0,train,357,-96.0
MULT,0,train,358,-97.0
MULT,0,train,359,-69.0
MULT,0,train,360,-86.0
MULT,0,train,361,-102.0
MULT,0,train,362,-80.0
MULT,0,train,363,-73.0
MULT,0,train,364,-94.0
MULT,0,train,365,-91.0
MULT,0,train,366,-70.0
MULT,0,train,367,-84.0
MULT,0,train,368,-125.0
MULT,0,train,369,-109.0
MULT,0,train,370,-78.0
MULT,0,train,371,-99.0
MULT,0,train,372,-68.0
MULT,0,train,373,-85.0
MULT,0,train,374,-112.0
MULT,0,train,375,-132.0
MULT,0,train,376,-109.0
MULT,0,train,377,-83.0
MULT,0,train,378,-87.0
MULT,0,train,379,-94.0
MULT,0,train,380,-84.0
MULT,0,train,381,-93.0
MULT,0,train,382,-85.0
MULT,0,train,383,-93.0
MULT,0,train,384,-83.0
MULT,0,train,385,-108.0
MULT,0,train,386,-107.0
MULT,0,train,387,-96.0
MULT,0,train,388,-98.0
MULT,0,train,389,-96.0
MULT,0,train,390,-90.0
MULT,0,train,391,-88.0
MULT,0,train,392,-114.0
MULT,0,train,393,-78.0
MULT,0,train,394,-100.0
MULT,0,train,395,-107.0
MULT,0,train,396,-79.0
MULT,0,train,397,-109.0
MULT,0,train,398,-94.0
MULT,0,train,399,-132.0
MULT,0,train,400,-72.0
MULT,0,train,401,-84.0
MULT,0,train,402,-122.0
MULT,0,train,403,-85.0
MULT,0,train,404,-104.0
MULT,0,train,405,-84.0
MULT,0,train,406,-121.0
MULT,0,train,407,-101.0
MULT,0,train,408,-98.0
MULT,0,train,409,-82.0
MULT,0,train,410,-85.0
MULT,0,train,411,-104.0
MULT,0,train,412,-234.0
MULT,0,train,413,-126.0
MULT,0,train,414,-91.0
MULT,0,train,415,-80.0
MULT,0,train,416,-79.0
MULT,0,train,417,-100.0
MULT,0,train,418,-97.0
MULT,0,train,419,-88.0
MULT,0,train,420,-88.0
MULT,0,train,421,-84.0
MULT,0,train,422,-73.0
MULT,0,train,423,-68.0
MULT,0,train,424,-88.0
MULT,0,train,425,-101.0
MULT,0,train,426,-127.0
MULT,0,train,427,-93.0
MULT,0,train,428,-100.0
MULT,0,train,429,-70.0
MULT,0,train,430,-103.0
MULT,0,train,431,-90.0
MULT,0,train,432,-70.0
MULT,0,train,433,-103.0
MULT,0,train,434,-110.0
MULT,0,train,435,-75.0
MULT,0,train,436,-110.0
MULT,0,train,437,-91.0
MULT,0,train,438,-86.0
MULT,0,train,439,-111.0
MULT,0,train,440,-101.0
MULT,0,train,441,-76.0
MULT,0,train,442,-92.0
MULT,0,train,443,-90.0
MULT,0,train,444,-101.0
MULT,0,train,445,-94.0
MULT,0,train,446,-122.0
MULT,0,train,447,-106.0
MULT,0,train,448,-91.0
MULT,0,train,449,-97.0
MULT,0,train,450,-115.0
MULT,0,train,451,-151.0
MULT,0,train,452,-80.0
MULT,0,train,453,-97.0
MULT,0,train,454,-98.0
MULT,0,train,455,-128.0
MULT,0,train,456,-85.0
MULT,0,train,457,-97.0
MULT,0,train,458,-85.0
MULT,0,train,459,-70.0
MULT,0,train,460,-87.0
MULT,0,train,461,-115.0
MULT,0,train,462,-86.0
MULT,0,train,463,-72.0
MULT,0,train,464,-62.0
MULT,0,train,465,-94.0
MULT,0,train,466,-91.0
MULT,0,train,467,-69.0
MULT,0,train,468,-80.0
MULT,0,train,469,-100.0
MULT,0,train,470,-84.0
MULT,0,train,471,-98.0
MULT,0,train,472,-77.0
MULT,0,train,473,-99.0
MULT,0,train,474,-90.0
MULT,0,train,475,-122.0
MULT,0,train,476,-145.0
MULT,0,train,477,-93.0
MULT,0,train,478,-124.0
MULT,0,train,479,-77.0
MULT,0,train,480,-78.0
MULT,0,train,481,-107.0
MULT,0,train,482,-91.0
MULT,0,train,483,-74.0
MULT,0,train,484,-87.0
MULT,0,train,485,-76.0
MULT,0,train,486,-96.0
MULT,0,train,487,-87.0
MULT,0,train,488,-82.0
MULT,0,train,489,-88.0
MULT,0,train,490,-105.0
MULT,0,train,491,-78.0
MULT,0,train,492,-105.0
MULT,0,train,493,-95.0
MULT,0,train,494,-87.0
MULT,0,train,495,-108.0
MULT,0,train,496,-105.0
MULT,0,train,497,-76.0
MULT,0,train,498,-152.0
MULT,0,train,499,-76.0
MULT,0,train,500,-110.0
MULT,1,train,1,-500.0
MULT,1,train,2,-500.0
MULT,1,train,3,-500.0
MULT,1,train,4,-500.0
MULT,1,train,5,-500.0
MULT,1,train,6,-500.0
MULT,1,train,7,-500.0
MULT,1,train,8,-500.0
MULT,1,train,9,-500.0
MULT,1,train,10,-349.0
MULT,1,train,11,-418.0
MULT,1,train,12,-500.0
MULT,1,train,13,-295.0
MULT,1,train,14,-330.0
MULT,1,train,15,-205.0
MULT,1,train,16,-500.0
MULT,1,train,17,-304.0
MULT,1,train,18,-226.0
MULT,1,train,19,-243.0
MULT,1,train,20,-276.0
MULT,1,train,21,-281.0
MULT,1,train,22,-319.0
MULT,1,train,23,-500.0
MULT,1,train,24,-456.0
MULT,1,train,25,-328.0
MULT,1,train,26,-327.0
MULT,1,train,27,-303.0
MULT,1,train,28,-148.0
MULT,1,train,29,-359.0
MULT,1,train,30,-231.0
MULT,1,train,31,-446.0
MULT,1,train,32,-500.0
MULT,1,train,33,-500.0
MULT,1,train,34,-500.0
MULT,1,train,35,-500.0
MULT,1,train,36,-500.0
MULT,1,train,37,-263.0
MULT,1,train,38,-210.0
MULT,1,train,39,-190.0
MULT,1,train,40,-146.0
MULT,1,train,41,-158.0
MULT,1,train,42,-134.0
MULT,1,train,43,-214.0
MULT,1,train,44,-172.0
MULT,1,train,45,-228.0
MULT,1,train,46,-326.0
MULT,1,train,47,-402.0
MULT,1,train,48,-219.0
MULT,1,train,49,-219.0
MULT,1,train,50,-246.0
MULT,1,train,51,-116.0
MULT,1,train,52,-129.0
MULT,1,train,53,-195.0
MULT,1,train,54,-164.0
MULT,1,train,55,-228.0
MULT,1,train,56,-139.0
MULT,1,train,57,-211.0
MULT,1,train,58,-185.0
MULT,1,train,59,-118.0
MULT,1,train,60,-120.0
MULT,1,train,61,-121.0
MULT,1,train,62,-140.0
MULT,1,train,63,-140.0
MULT,1,train,64,-84.0
MULT,1,train,65,-94.0
MULT,1,train,66,-128.0
MULT,1,train,67,-500.0
MULT,1,train,68,-175.0
MULT,1,train,69,-107.0
MULT,1,train,70,-101.0
MULT,1,train,71,-119.0
MULT,1,train,72,-232.0
MULT,1,train,73,-206.0
MULT,1,train,74,-147.0
MULT,1,train,75,-119.0
MULT,1,train,76,-102.0
MULT,1,train,77,-170.0
MULT,1,train,78,-172.0
MULT,1,train,79,-200.0
MULT,1,train,80,-210.0
MULT,1,train,81,-131.0
MULT,1,train,82,-102.0
MULT,1,train,83,-143.0
MULT,1,train,84,-126.0
MULT,1,train,85,-500.0
MULT,1,train,86,-93.0
MULT,1,train,87,-201.0
MULT,1,train,88,-178.0
MULT,1,train,89,-160.0
MULT,1,train,90,-118.0
MULT,1,train,91,-163.0
MULT,1,train,92,-114.0
MULT,1,train,93,-302.0
MULT,1,train,94,-139.0
MULT,1,train,95,-150.0
MULT,1,train,96,-137.0
MULT,1,train,97,-104.0
MULT,1,train,98,-152.0
MULT,1,train,99,-500.0
MULT,1,train,100,-85.0
MULT,1,train,101,-72.0
MULT,1,train,102,-172.0
MULT,1,train,103,-121.0
MULT,1,train,104,-91.0
MULT,1,train,105,-132.0
MULT,1,train,106,-205.0
MULT,1,train,107,-500.0
MULT,1,train,108,-118.0
MULT,1,train,109,-115.0
MULT,1,train,110,-108.0
MULT,1,train,111,-134.0
MULT,1,train,112,-112.0
MULT,1,train,113,-100.0
MULT,1,train,114,-187.0
MULT,1,train,115,-84.0
MULT,1,train,116,-125.0
MULT,1,train,117,-89.0
MULT,1,train,118,-127.0
MULT,1,train,119,-96.0
MULT,1,train,120,-114.0
MULT,1,train,121,-130.0
MULT,1,train,122,-108.0
MULT,1,train,123,-98.0
MULT,1,train,124,-98.0
MULT,1,train,125,-97.0
MULT,1,train,126,-130.0
MULT,1,train,127,-104.0
MULT,1,train,128,-78.0
MULT,1,train,129,-183.0
MULT,1,train,130,-109.0
MULT,1,train,131,-117.0
MULT,1,train,132,-94.0
MULT,1,train,133,-149.0
MULT,1,train,134,-152.0
MULT,1,train,135,-209.0
MULT,1,train,136,-135.0
MULT,1,train,137,-106.0
MULT,1,train,138,-73.0
MULT,1,train,139,-94.0
MULT,1,train,140,-152.0
MULT,1,train,141,-116.0
MULT,1,train,142,-92.0
MULT,1,train,143,-78.0
MULT,1,train,144,-84.0
MULT,1,train,145,-89.0
MULT,1,train,146,-78.0
MULT,1,train,147,-97.0
MULT,1,train,148,-85.0
MULT,1,train,149,-102.0
MULT,1,train,150,-100.0
MULT,1,train,151,-90.0
MULT,1,train,152,-100.0
MULT,1,train,153,-92.0
MULT,1,train,154,-96.0
MULT,1,train,155,-171.0
MULT,1,train,156,-92.0
MULT,1,train,157,-109.0
MULT,1,train,158,-84.0
MULT,1,train,159,-140.0
MULT,1,train,160,-94.0
MULT,1,train,161,-86.0
MULT,1,train,162,-80.0
MULT,1,train,163,-126.0
MULT,1,train,164,-94.0
MULT,1,train,165,-114.0
MULT,1,train,166,-88.0
MULT,1,train,167,-116.0
MULT,1,train,168,-89.0
MULT,1,train,169,-128.0
MULT,1,train,170,-125.0
MULT,1,train,171,-112.0
MULT,1,train,172,-91.0
MULT,1,train,173,-84.0
MULT,1,train,174,-86.0
MULT,1,train,175,-77.0
MULT,1,train,176,-109.0
MULT,1,train,177,-95.0
MULT,1,train,178,-76.0
MULT,1,train,179,-97.0
MULT,1,train,180,-125.0
MULT,1,train,181,-118.0
MULT,1,train,182,-78.0
MULT,1,train,183,-86.0
MULT,1,train,184,-102.0
MULT,1,train,185,-96.0
MULT,1,train,186,-118.0
MULT,1,train,187,-115.0
MULT,1,train,188,-84.0
MULT,1,train,189,-88.0
MULT,1,train,190,-167.0
MULT,1,train,191,-98.0
MULT,1,train,192,-86.0
MULT,1,train,193,-73.0
MULT,1,train,194,-103.0
MULT,1,train,195,-80.0
MULT,1,train,196,-95.0
MULT,1,train,197,-81.0
MULT,1,train,198,-92.0
MULT,1,train,199,-92.0
MULT,1,train,200,-86.0
MULT,1,train,201,-84.0
MULT,1,train,202,-93.0
MULT,1,train,203,-82.0
MULT,1,train,204,-79.0
MULT,1,train,205,-108.0
MULT,1,train,206,-91.0
MULT,1,train,207,-95.0
MULT,1,train,208,-119.0
MULT,1,train,209,-97.0
MULT,1,train,210,-85.0
MULT,1,train,211,-108.0
MULT,1,train,212,-116.0
MULT,1,train,213,-109.0
MULT,1,train,214,-117.0
MULT,1,train,215,-102.0
MULT,1,train,216,-79.0
MULT,1,train,217,-100.0
MULT,1,train,218,-107.0
MULT,1,train,219,-79.0
MULT,1,train,220,-83.0
MULT,1,train,221,-102.0
MULT,1,train,222,-87.0
MULT,1,train,223,-95.0
MULT,1,train,224,-127.0
MULT,1,train,225,-93.0
MULT,1,train,226,-125.0
MULT,1,train,227,-79.0
MULT,1,train,228,-97.0
MULT,1,train,229,-86.0
MULT,1,train,230,-102.0
MULT,1,train,231,-100.0
MULT,1,train,232,-112.0
MULT,1,train,233,-92.0
MULT,1,train,234,-168.0
MULT,1,train,235,-96.0
MULT,1,train,236,-77.0
MULT,1,train,237,-83.0
MULT,1,train,238,-82.0
MULT,1,train,239,-225.0
MULT,1,train,240,-102.0
MULT,1,train,241,-64.0
MULT,1,train,242,-140.0
MULT,1,train,243,-102.0
MULT,1,train,244,-105.0
MULT,1,train,245,-71.0
MULT,1,train,246,-90.0
MULT,1,train,247,-206.0
MULT,1,train,248,-87.0
MULT,1,train,249,-98.0
MULT,1,train,250,-76.0
MULT,1,train,251,-108.0
MULT,1,train,252,-114.0
MULT,1,train,253,-98.0
MULT,1,train,254,-68.0
MULT,1,train,255,-89.0
MULT,1,train,256,-90.0
MULT,1,train,257,-104.0
MULT,1,train,258,-92.0
MULT,1,train,259,-78.0
MULT,1,train,260,-96.0
MULT,1,train,261,-99.0
MULT,1,train,262,-102.0
MULT,1,train,263,-93.0
MULT,1,train,264,-89.0
MULT,1,train,265,-177.0
MULT,1,train,266,-84.0
MULT,1,train,267,-86.0
MULT,1,train,268,-201.0
MULT,1,train,269,-115.0
MULT,1,train,270,-94.0
MULT,1,train,271,-76.0
MULT,1,train,272,-86.0
MULT,1,train,273,-84.0
MULT,1,train,274,-103.0
MULT,1,train,275,-92.0
MULT,1,train,276,-83.0
MULT,1,train,277,-97.0
MULT,1,train,278,-82.0
MULT,1,train,279,-96.0
MULT,1,train,280,-105.0
MULT,1,train,281,-92.0
MULT,1,train,282,-99.0
MULT,1,train,283,-88.0
MULT,1,train,284,-70.0
MULT,1,train,285,-95.0
MULT,1,train,286,-109.0
MULT,1,train,287,-89.0
MULT,1,train,288,-109.0
MULT,1,train,289,-85.0
MULT,1,train,290,-83.0
MULT,1,train,291,-94.0
MULT,1,train,292,-127.0
MULT,1,train,293,-80.0
MULT,1,train,294,-63.0
MULT,1,train,295,-132.0
MULT,1,train,296,-101.0
MULT,1,train,297,-87.0
MULT,1,train,298,-89.0
MULT,1,train,299,-99.0
MULT,1,train,300,-86.0
MULT,1,train,301,-105.0
MULT,1,train,302,-82.0
MULT,1,train,303,-95.0
MULT,1,train,304,-84.0
MULT,1,train,305,-77.0
MULT,1,train,306,-77.0
MULT,1,train,307,-86.0
MULT,1,train,308,-100.0
MULT,1,train,309,-89.0
MULT,1,train,310,-109.0
MULT,1,train,311,-100.0
MULT,1,train,312,-107.0
MULT,1,train,313,-91.0
MULT,1,train,314,-118.0
MULT,1,train,315,-85.0
MULT,1,train,316,-85.0
MULT,1,train,317,-211.0
MULT,1,train,318,-89.0
MULT,1,train,319,-84.0
MULT,1,train,320,-89.0
MULT,1,train,321,-85.0
MULT,1,train,322,-90.0
MULT,1,train,323,-104.0
MULT,1,train,324,-78.0
MULT,1,train,325,-111.0
MULT,1,train,326,-103.0
MULT,1,train,327,-78.0
MULT,1,train,328,-98.0
MULT,1,train,329,-79.0
MULT,1,train,330,-98.0
MULT,1,train,331,-91.0
MULT,1,train,332,-84.0
MULT,1,train,333,-62.0
MULT,1,train,334,-85.0
MULT,1,train,335,-93.0
MULT,1,train,336,-85.0
MULT,1,train,337,-82.0
MULT,1,train,338,-82.0
MULT,1,train,339,-98.0
MULT,1,train,340,-138.0
MULT,1,train,341,-97.0
MULT,1,train,342,-85.0
MULT,1,train,343,-111.0
MULT,1,train,344,-101.0
MULT,1,train,345,-105.0
MULT,1,train,346,-99.0
MULT,1,train,347,-82.0
MULT,1,train,348,-93.0
MULT,1,train,349,-83.0
MULT,1,train,350,-77.0
MULT,1,train,351,-93.0
MULT,1,train,352,-92.0
MULT,1,train,353,-101.0
MULT,1,train,354,-190.0
MULT,1,train,355,-84.0
MULT,1,train,356,-104.0
MULT,1,train,357,-154.0
MULT,1,train,358,-75.0
MULT,1,train,359,-92.0
MULT,1,train,360,-93.0
MULT,1,train,361,-91.0
MULT,1,train,362,-99.0
MULT,1,train,363,-103.0
MULT,1,train,364,-106.0
MULT,1,train,365,-87.0
MULT,1,train,366,-95.0
MULT,1,train,367,-148.0
MULT,1,train,368,-99.0
MULT,1,train,369,-94.0
MULT,1,train,370,-109.0
MULT,1,train,371,-107.0
MULT,1,train,372,-125.0
MULT,1,train,373,-82.0
MULT,1,train,374,-97.0
MULT,1,train,375,-86.0
MULT,1,train,376,-80.0
MULT,1,train,377,-111.0
MULT,1,train,378,-91.0
MULT,1,train,379,-87.0
MULT,1,train,380,-79.0
MULT,1,train,381,-97.0
MULT,1,train,382,-85.0
MULT,1,train,383,-96.0
MULT,1,train,384,-110.0
MULT,1,train,385,-100.0
MULT,1,train,386,-91.0
MULT,1,train,387,-103.0
MULT,1,train,388,-80.0
MULT,1,train,389,-69.0
MULT,1,train,390,-91.0
MULT,1,train,391,-87.0
MULT,1,train,392,-87.0
MULT,1,train,393,-93.0
MULT,1,train,394,-168.0
MULT,1,train,395,-82.0
MULT,1,train,396,-85.0
MULT,1,train,397,-93.0
MULT,1,train,398,-95.0
MULT,1,train,399,-90.0
MULT,1,train,400,-85.0
MULT,1,train,401,-84.0
MULT,1,train,402,-84.0
MULT,1,train,403,-93.0
MULT,1,train,404,-102.0
MULT,1,train,405,-89.0
MULT,1,train,406,-84.0
MULT,1,train,407,-83.0
MULT,1,train,408,-93.0
MULT,1,train,409,-108.0
MULT,1,train,410,-155.0
MULT,1,train,411,-101.0
MULT,1,train,412,-72.0
MULT,1,train,413,-90.0
MULT,1,train,414,-78.0
MULT,1,train,415,-72.0
MULT,1,train,416,-114.0
MULT,1,train,417,-97.0
MULT,1,train,418,-103.0
MULT,1,train,419,-71.0
MULT,1,train,420,-74.0
MULT,1,train,421,-65.0
MULT,1,train,422,-102.0
MULT,1,train,423,-92.0
MULT,1,train,424,-76.0
MULT,1,train,425,-82.0
MULT,1,train,426,-104.0
MULT,1,train,427,-81.0
MULT,1,train,428,-83.0
MULT,1,train,429,-121.0
MULT,1,train,430,-106.0
MULT,1,train,431,-96.0
MULT,1,train,432,-177.0
MULT,1,train,433,-83.0
MULT,1,train,434,-62.0
MULT,1,train,435,-136.0
MULT,1,train,436,-80.0
MULT,1,train,437,-93.0
MULT,1,train,438,-107.0
MULT,1,train,439,-98.0
MULT,1,train,440,-82.0
MULT,1,train,441,-103.0
MULT,1,train,442,-94.0
MULT,1,train,443,-86.0
MULT,1,train,444,-82.0
MULT,1,train,445,-76.0
MULT,1,train,446,-94.0
MULT,1,train,447,-115.0
MULT,1,train,448,-90.0
MULT,1,train,449,-106.0
MULT,1,train,450,-63.0
MULT,1,train,451,-94.0
MULT,1,train,452,-93.0
MULT,1,train,453,-70.0
MULT,1,train,454,-99.0
MULT,1,train,455,-82.0
MULT,1,train,456,-99.0
MULT,1,train,457,-280.0
MULT,1,train,458,-82.0
MULT,1,train,459,-90.0
MULT,1,train,460,-94.0
MULT,1,train,461,-63.0
MULT,1,train,462,-119.0
MULT,1,train,463,-80.0
MULT,1,train,464,-500.0
MULT,1,train,465,-98.0
MULT,1,train,466,-92.0
MULT,1,train,467,-96.0
MULT,1,train,468,-87.0
MULT,1,train,469,-70.0
MULT,1,train,470,-70.0
MULT,1,train,471,-95.0
MULT,1,train,472,-133.0
MULT,1,train,473,-91.0
MULT,1,train,474,-75.0
MULT,1,train,475,-85.0
MULT,1,train,476,-89.0
MULT,1,train,477,-92.0
MULT,1,train,478,-84.0
MULT,1,train,479,-68.0
MULT,1,train,480,-101.0
MULT,1,train,481,-69.0
MULT,1,train,482,-109.0
MULT,1,train,483,-68.0
MULT,1,train,484,-132.0
MULT,1,train,485,-117.0
MULT,1,train,486,-82.0
MULT,1,train,487,-80.0
MULT,1,train,488,-76.0
MULT,1,train,489,-77.0
MULT,1,train,490,-77.0
MULT,1,train,491,-88.0
MULT,1,train,492,-108.0
MULT,1,train,493,-100.0
MULT,1,train,494,-78.0
MULT,1,train,495,-183.0
MULT,1,train,496,-95.0
MULT,1,train,497,-92.0
MULT,1,train,498,-78.0
MULT,1,train,499,-62.0
MULT,1,train,500,-63.0
MULT,2,train,1,-500.0
MULT,2,train,2,-500.0
MULT,2,train,3,-500.0
MULT,2,train,4,-500.0
MULT,2,train,5,-500.0
MULT,2,train,6,-500.0
MULT,2,train,7,-500.0
MULT,2,train,8,-500.0
MULT,2,train,9,-500.0
MULT,2,train,10,-500.0
MULT,2,train,11,-340.0
MULT,2,train,12,-134.0
MULT,2,train,13,-124.0
MULT,2,train,14,-139.0
MULT,2,train,15,-145.0
MULT,2,train,16,-101.0
MULT,2,train,17,-166.0
MULT,2,train,18,-271.0
MULT,2,train,19,-186.0
MULT,2,train,20,-126.0
MULT,2,train,21,-117.0
MULT,2,train,22,-207.0
MULT,2,train,23,-243.0
MULT,2,train,24,-192.0
MULT,2,train,25,-182.0
MULT,2,train,26,-217.0
MULT,2,train,27,-105.0
MULT,2,train,28,-188.0
MULT,2,train,29,-153.0
MULT,2,train,30,-123.0
MULT,2,train,31,-160.0
MULT,2,train,32,-135.0
MULT,2,train,33,-167.0
MULT,2,train,34,-119.0
MULT,2,train,35,-213.0
MULT,2,train,36,-142.0
MULT,2,train,37,-192.0
MULT,2,train,38,-131.0
MULT,2,train,39,-137.0
MULT,2,train,40,-122.0
MULT,2,train,41,-129.0
MULT,2,train,42,-123.0
MULT,2,train,43,-168.0
MULT,2,train,44,-127.0
MULT,2,train,45,-167.0
MULT,2,train,46,-160.0
MULT,2,train,47,-161.0
MULT,2,train,48,-147.0
MULT,2,train,49,-161.0
MULT,2,train,50,-99.0
MULT,2,train,51,-96.0
MULT,2,train,52,-98.0
MULT,2,train,53,-82.0
MULT,2,train,54,-159.0
MULT,2,train,55,-136.0
MULT,2,train,56,-104.0
MULT,2,train,57,-150.0
MULT,2,train,58,-124.0
MULT,2,train,59,-149.0
MULT,2,train,60,-199.0
MULT,2,train,61,-113.0
MULT,2,train,62,-171.0
MULT,2,train,63,-154.0
MULT,2,train,64,-201.0
MULT,2,train,65,-143.0
MULT,2,train,66,-153.0
MULT,2,train,67,-146.0
MULT,2,train,68,-148.0
MULT,2,train,69,-131.0
MULT,2,train,70,-156.0
MULT,2,train,71,-176.0
MULT,2,train,72,-130.0
MULT,2,train,73,-130.0
MULT,2,train,74,-141.0
MULT,2,train,75,-156.0
MULT,2,train,76,-97.0
MULT,2,train,77,-132.0
MULT,2,train,78,-124.0
MULT,2,train,79,-128.0
MULT,2,train,80,-133.0
MULT,2,train,81,-90.0
MULT,2,train,82,-185.0
MULT,2,train,83,-94.0
MULT,2,train,84,-202.0
MULT,2,train,85,-105.0
MULT,2,train,86,-185.0
MULT,2,train,87,-136.0
MULT,2,train,88,-137.0
MULT,2,train,89,-136.0
MULT,2,train,90,-113.0
MULT,2,train,91,-115.0
MULT,2,train,92,-136.0
MULT,2,train,93,-103.0
MULT,2,train,94,-121.0
MULT,2,train,95,-155.0
MULT,2,train,96,-82.0
MULT,2,train,97,-132.0
MULT,2,train,98,-142.0
MULT,2,train,99,-83.0
MULT,2,train,100,-175.0
MULT,2,train,101,-168.0
MULT,2,train,102,-110.0
MULT,2,train,103,-147.0
MULT,2,train,104,-103.0
MULT,2,train,105,-123.0
MULT,2,train,106,-129.0
MULT,2,train,107,-133.0
MULT,2,train,108,-89.0
MULT,2,train,109,-133.0
MULT,2,train,110,-184.0
MULT,2,train,111,-134.0
MULT,2,train,112,-78.0
MULT,2,train,113,-110.0
MULT,2,train,114,-88.0
MULT,2,train,115,-117.0
MULT,2,train,116,-150.0
MULT,2,train,117,-149.0
MULT,2,train,118,-95.0
MULT,2,train,119,-106.0
MULT,2,train,120,-163.0
MULT,2,train,121,-114.0
MULT,2,train,122,-103.0
MULT,2,train,123,-137.0
MULT,2,train,124,-106.0
MULT,2,train,125,-116.0
MULT,2,train,126,-103.0
MULT,2,train,127,-138.0
MULT,2,train,128,-142.0
MULT,2,train,129,-91.0
MULT,2,train,130,-118.0
MULT,2,train,131,-104.0
MULT,2,train,132,-147.0
MULT,2,train,133,-130.0
MULT,2,train,134,-127.0
MULT,2,train,135,-116.0
MULT,2,train,136,-181.0
MULT,2,train,137,-103.0
MULT,2,train,138,-101.0
MULT,2,train,139,-87.0
MULT,2,train,140,-115.0
MULT,2,train,141,-134.0
MULT,2,train,142,-85.0
MULT,2,train,143,-92.0
MULT,2,train,144,-122.0
MULT,2,train,145,-137.0
MULT,2,train,146,-101.0
MULT,2,train,147,-83.0
MULT,2,train,148,-126.0
MULT,2,train,149,-153.0
MULT,2,train,150,-92.0
MULT,2,train,151,-100.0
MULT,2,train,152,-106.0
MULT,2,train,153,-202.0
MULT,2,train,154,-87.0
MULT,2,train,155,-97.0
MULT,2,train,156,-73.0
MULT,2,train,157,-79.0
MULT,2,train,158,-97.0
MULT,2,train,159,-122.0
MULT,2,train,160,-103.0
MULT,2,train,161,-154.0
MULT,2,train,162,-88.0
MULT,2,train,163,-108.0
MULT,2,train,164,-126.0
MULT,2,train,165,-90.0
MULT,2,train,166,-118.0
MULT,2,train,167,-80.0
MULT,2,train,168,-129.0
MULT,2,train,169,-109.0
MULT,2,train,170,-71.0
MULT,2,train,171,-142.0
MULT,2,train,172,-134.0
MULT,2,train,173,-115.0
MULT,2,train,174,-93.0
MULT,2,train,175,-128.0
MULT,2,train,176,-167.0
MULT,2,train,177,-119.0
MULT,2,train,178,-90.0
MULT,2,train,179,-85.0
MULT,2,train,180,-79.0
MULT,2,train,181,-123.0
MULT,2,train,182,-98.0
MULT,2,train,183,-98.0
MULT,2,train,184,-90.0
MULT,2,train,185,-99.0
MULT,2,train,186,-97.0
MULT,2,train,187,-103.0
MULT,2,train,188,-238.0
MULT,2,train,189,-98.0
MULT,2,train,190,-94.0
MULT,2,train,191,-103.0
MULT,2,train,192,-500.0
MULT,2,train,193,-69.0
MULT,2,train,194,-101.0
MULT,2,train,195,-99.0
MULT,2,train,196,-104.0
MULT,2,train,197,-96.0
MULT,2,train,198,-96.0
MULT,2,train,199,-87.0
MULT,2,train,200,-96.0
MULT,2,train,201,-93.0
MULT,2,train,202,-82.0
MULT,2,train,203,-154.0
MULT,2,train,204,-94.0
MULT,2,train,205,-130.0
MULT,2,train,206,-105.0
MULT,2,train,207,-101.0
MULT,2,train,208,-109.0
MULT,2,train,209,-92.0
MULT,2,train,210,-96.0
MULT,2,train,211,-98.0
MULT,2,train,212,-156.0
MULT,2,train,213,-84.0
MULT,2,train,214,-107.0
MULT,2,train,215,-125.0
MULT,2,train,216,-77.0
MULT,2,train,217,-118.0
MULT,2,train,218,-135.0
MULT,2,train,219,-110.0
MULT,2,train,220,-318.0
MULT,2,train,221,-134.0
MULT,2,train,222,-111.0
MULT,2,train,223,-105.0
MULT,2,train,224,-105.0
MULT,2,train,225,-103.0
MULT,2,train,226,-153.0
MULT,2,train,227,-91.0
MULT,2,train,228,-74.0
MULT,2,train,229,-83.0
MULT,2,train,230,-103.0
MULT,2,train,231,-128.0
MULT,2,train,232,-318.0
MULT,2,train,233,-76.0
MULT,2,train,234,-97.0
MULT,2,train,235,-82.0
MULT,2,train,236,-131.0
MULT,2,train,237,-158.0
MULT,2,train,238,-79.0
MULT,2,train,239,-99.0
MULT,2,train,240,-65.0
MULT,2,train,241,-149.0
MULT,2,train,242,-78.0
MULT,2,train,243,-92.0
MULT,2,train,244,-84.0
MULT,2,train,245,-79.0
MULT,2,train,246,-70.0
MULT,2,train,247,-90.0
MULT,2,train,248,-80.0
MULT,2,train,249,-104.0
MULT,2,train,250,-63.0
MULT,2,train,251,-69.0
MULT,2,train,252,-102.0
MULT,2,train,253,-85.0
MULT,2,train,254,-92.0
MULT,2,train,255,-97.0
MULT,2,train,256,-85.0
MULT,2,train,257,-70.0
MULT,2,train,258,-106.0
MULT,2,train,259,-103.0
MULT,2,train,260,-103.0
MULT,2,train,261,-91.0
MULT,2,train,262,-78.0
MULT,2,train,263,-100.0
MULT,2,train,264,-94.0
MULT,2,train,265,-84.0
MULT,2,train,266,-64.0
MULT,2,train,267,-84.0
MULT,2,train,268,-137.0
MULT,2,train,269,-85.0
MULT,2,train,270,-78.0
MULT,2,train,271,-91.0
MULT,2,train,272,-85.0
MULT,2,train,273,-77.0
MULT,2,train,274,-88.0
MULT,2,train,275,-83.0
MULT,2,train,276,-94.0
MULT,2,train,277,-114.0
MULT,2,train,278,-120.0
MULT,2,train,279,-86.0
MULT,2,train,280,-82.0
MULT,2,train,281,-98.0
MULT,2,train,282,-97.0
MULT,2,train,283,-147.0
MULT,2,train,284,-87.0
MULT,2,train,285,-84.0
MULT,2,train,286,-93.0
MULT,2,train,287,-78.0
MULT,2,train,288,-76.0
MULT,2,train,289,-76.0
MULT,2,train,290,-86.0
MULT,2,train,291,-81.0
MULT,2,train,292,-137.0
MULT,2,train,293,-130.0
MULT,2,train,294,-62.0
MULT,2,train,295,-98.0
MULT,2,train,296,-83.0
MULT,2,train,297,-102.0
MULT,2,train,298,-168.0
MULT,2,train,299,-82.0
MULT,2,train,300,-80.0
MULT,2,train,301,-81.0
MULT,2,train,302,-79.0
MULT,2,train,303,-101.0
MULT,2,train,304,-81.0
MULT,2,train,305,-195.0
MULT,2,train,306,-85.0
MULT,2,train,307,-87.0
MULT,2,train,308,-79.0
MULT,2,train,309,-87.0
MULT,2,train,310,-101.0
MULT,2,train,311,-135.0
MULT,2,train,312,-140.0
MULT,2,train,313,-101.0
MULT,2,train,314,-99.0
MULT,2,train,315,-132.0
MULT,2,train,316,-81.0
MULT,2,train,317,-111.0
MULT,2,train,318,-107.0
MULT,2,train,319,-92.0
MULT,2,train,320,-88.0
MULT,2,train,321,-97.0
MULT,2,train,322,-79.0
MULT,2,train,323,-87.0
MULT,2,train,324,-92.0
MULT,2,train,325,-84.0
MULT,2,train,326,-100.0
MULT,2,train,327,-107.0
MULT,2,train,328,-104.0
MULT,2,train,329,-78.0
MULT,2,train,330,-106.0
MULT,2,train,331,-77.0
MULT,2,train,332,-80.0
MULT,2,train,333,-87.0
MULT,2,train,334,-70.0
MULT,2,train,335,-78.0
MULT,2,train,336,-167.0
MULT,2,train,337,-99.0
MULT,2,train,338,-96.0
MULT,2,train,339,-88.0
MULT,2,train,340,-97.0
MULT,2,train,341,-132.0
MULT,2,train,342,-85.0
MULT,2,train,343,-90.0
MULT,2,train,344,-117.0
MULT,2,train,345,-108.0
MULT,2,train,346,-86.0
MULT,2,train,347,-100.0
MULT,2,train,348,-97.0
MULT,2,train,349,-69.0
MULT,2,train,350,-77.0
MULT,2,train,351,-102.0
MULT,2,train,352,-89.0
MULT,2,train,353,-90.0
MULT,2,train,354,-127.0
MULT,2,train,355,-96.0
MULT,2,train,356,-84.0
MULT,2,train,357,-86.0
MULT,2,train,358,-93.0
MULT,2,train,359,-137.0
MULT,2,train,360,-83.0
MULT,2,train,361,-97.0
MULT,2,train,362,-87.0
MULT,2,train,363,-78.0
MULT,2,train,364,-92.0
MULT,2,train,365,-94.0
MULT,2,train,366,-110.0
MULT,2,train,367,-91.0
MULT,2,train,368,-90.0
MULT,2,train,369,-78.0
MULT,2,train,370,-101.0
MULT,2,train,371,-86.0
MULT,2,train,372,-103.0
MULT,2,train,373,-70.0
MULT,2,train,374,-130.0
MULT,2,train,375,-90.0
MULT,2,train,376,-85.0
MULT,2,train,377,-69.0
MULT,2,train,378,-76.0
MULT,2,train,379,-109.0
MULT,2,train,380,-82.0
MULT,2,train,381,-113.0
MULT,2,train,382,-82.0
MULT,2,train,383,-137.0
MULT,2,train,384,-86.0
MULT,2,train,385,-111.0
MULT,2,train,386,-143.0
MULT,2,train,387,-94.0
MULT,2,train,388,-99.0
MULT,2,train,389,-82.0
MULT,2,train,390,-88.0
MULT,2,train,391,-124.0
MULT,2,train,392,-161.0
MULT,2,train,393,-95.0
MULT,2,train,394,-101.0
MULT,2,train,395,-70.0
MULT,2,train,396,-117.0
MULT,2,train,397,-72.0
MULT,2,train,398,-92.0
MULT,2,train,399,-78.0
MULT,2,train,400,-80.0
MULT,2,train,401,-94.0
MULT,2,train,402,-86.0
MULT,2,train,403,-89.0
MULT,2,train,404,-127.0
MULT,2,train,405,-184.0
MULT,2,train,406,-101.0
MULT,2,train,407,-107.0
MULT,2,train,408,-151.0
MULT,2,train,409,-87.0
MULT,2,train,410,-72.0
MULT,2,train,411,-125.0
MULT,2,train,412,-112.0
MULT,2,train,413,-118.0
MULT,2,train,414,-93.0
MULT,2,train,415,-98.0
MULT,2,train,416,-100.0
MULT,2,train,417,-119.0
MULT,2,train,418,-113.0
MULT,2,train,419,-89.0
MULT,2,train,420,-102.0
MULT,2,train,421,-98.0
MULT,2,train,422,-96.0
MULT,2,train,423,-84.0
MULT,2,train,424,-102.0
MULT,2,train,425,-91.0
MULT,2,train,426,-107.0
MULT,2,train,427,-98.0
MULT,2,train,428,-104.0
MULT,2,train,429,-85.0
MULT,2,train,430,-83.0
MULT,2,train,431,-101.0
MULT,2,train,432,-101.0
MULT,2,train,433,-114.0
MULT,2,train,434,-94.0
MULT,2,train,435,-140.0
MULT,2,train,436,-76.0
MULT,2,train,437,-101.0
MULT,2,train,438,-99.0
MULT,2,train,439,-76.0
MULT,2,train,440,-84.0
MULT,2,train,441,-63.0
MULT,2,train,442,-72.0
MULT,2,train,443,-90.0
MULT,2,train,444,-80.0
MULT,2,train,445,-89.0
MULT,2,train,446,-94.0
MULT,2,train,447,-88.0
MULT,2,train,448,-103.0
MULT,2,train,449,-112.0
MULT,2,train,450,-84.0
MULT,2,train,451,-104.0
MULT,2,train,452,-110.0
MULT,2,train,453,-93.0
MULT,2,train,454,-112.0
MULT,2,train,455,-106.0
MULT,2,train,456,-71.0
MULT,2,train,457,-106.0
MULT,2,train,458,-76.0
MULT,2,train,459,-78.0
MULT,2,train,460,-212.0
MULT,2,train,461,-96.0
MULT,2,train,462,-103.0
MULT,2,train,463,-76.0
MULT,2,train,464,-68.0
MULT,2,train,465,-95.0
MULT,2,train,466,-96.0
MULT,2,train,467,-78.0
MULT,2,train,468,-84.0
MULT,2,train,469,-70.0
MULT,2,train,470,-77.0
MULT,2,train,471,-103.0
MULT,2,train,472,-104.0
MULT,2,train,473,-77.0
MULT,2,train,474,-72.0
MULT,2,train,475,-105.0
MULT,2,train,476,-86.0
MULT,2,train,477,-85.0
MULT,2,train,478,-94.0
MULT,2,train,479,-80.0
MULT,2,train,480,-92.0
MULT,2,train,481,-84.0
MULT,2,train,482,-77.0
MULT,2,train,483,-88.0
MULT,2,train,484,-104.0
MULT,2,train,485,-75.0
MULT,2,train,486,-104.0
MULT,2,train,487,-97.0
MULT,2,train,488,-62.0
MULT,2,train,489,-76.0
MULT,2,train,490,-79.0
MULT,2,train,491,-70.0
MULT,2,train,492,-68.0
MULT,2,train,493,-96.0
MULT,2,train,494,-83.0
MULT,2,train,495,-105.0
MULT,2,train,496,-132.0
MULT,2,train,497,-89.0
MULT,2,train,498,-93.0
MULT,2,train,499,-94.0
MULT,2,train,500,-113.0
MULT,3,train,1,-387.0
MULT,3,train,2,-343.0
MULT,3,train,3,-316.0
MULT,3,train,4,-358.0
MULT,3,train,5,-229.0
MULT,3,train,6,-153.0
MULT,3,train,7,-84.0
MULT,3,train,8,-147.0
MULT,3,train,9,-183.0
MULT,3,train,10,-160.0
MULT,3,train,11,-177.0
MULT,3,train,12,-301.0
MULT,3,train,13,-307.0
MULT,3,train,14,-500.0
MULT,3,train,15,-500.0
MULT,3,train,16,-323.0
MULT,3,train,17,-500.0
MULT,3,train,18,-313.0
MULT,3,train,19,-500.0
MULT,3,train,20,-500.0
MULT,3,train,21,-231.0
MULT,3,train,22,-334.0
MULT,3,train,23,-160.0
MULT,3,train,24,-249.0
MULT,3,train,25,-240.0
MULT,3,train,26,-272.0
MULT,3,train,27,-315.0
MULT,3,train,28,-274.0
MULT,3,train,29,-249.0
MULT,3,train,30,-367.0
MULT,3,train,31,-500.0
MULT,3,train,32,-472.0
MULT,3,train,33,-256.0
MULT,3,train,34,-186.0
MULT,3,train,35,-181.0
MULT,3,train,36,-156.0
MULT,3,train,37,-315.0
MULT,3,train,38,-295.0
MULT,3,train,39,-293.0
MULT,3,train,40,-235.0
MULT,3,train,41,-244.0
MULT,3,train,42,-227.0
MULT,3,train,43,-262.0
MULT,3,train,44,-149.0
MULT,3,train,45,-209.0
MULT,3,train,46,-500.0
MULT,3,train,47,-225.0
MULT,3,train,48,-267.0
MULT,3,train,49,-500.0
MULT,3,train,50,-321.0
MULT,3,train,51,-485.0
MULT,3,train,52,-500.0
MULT,3,train,53,-295.0
MULT,3,train,54,-500.0
MULT,3,train,55,-213.0
MULT,3,train,56,-500.0
MULT,3,train,57,-405.0
MULT,3,train,58,-287.0
MULT,3,train,59,-396.0
MULT,3,train,60,-500.0
MULT,3,train,61,-202.0
MULT,3,train,62,-162.0
MULT,3,train,63,-129.0
MULT,3,train,64,-167.0
MULT,3,train,65,-500.0
MULT,3,train,66,-301.0
MULT,3,train,67,-329.0
MULT,3,train,68,-200.0
MULT,3,train,69,-492.0
MULT,3,train,70,-185.0
MULT,3,train,71,-484.0
MULT,3,train,72,-295.0
MULT,3,train,73,-500.0
MULT,3,train,74,-190.0
MULT,3,train,75,-323.0
MULT,3,train,76,-500.0
MULT,3,train,77,-142.0
MULT,3,train,78,-404.0
MULT,3,train,79,-460.0
MULT,3,train,80,-138.0
MULT,3,train,81,-116.0
MULT,3,train,82,-178.0
MULT,3,train,83,-190.0
MULT,3,train,84,-284.0
MULT,3,train,85,-154.0
MULT,3,train,86,-239.0
MULT,3,train,87,-336.0
MULT,3,train,88,-162.0
MULT,3,train,89,-144.0
MULT,3,train,90,-154.0
MULT,3,train,91,-205.0
MULT,3,train,92,-140.0
MULT,3,train,93,-77.0
MULT,3,train,94,-151.0
MULT,3,train,95,-105.0
MULT,3,train,96,-110.0
MULT,3,train,97,-200.0
MULT,3,train,98,-500.0
MULT,3,train,99,-344.0
MULT,3,train,100,-111.0
MULT,3,train,101,-163.0
MULT,3,train,102,-123.0
MULT,3,train,103,-226.0
MULT,3,train,104,-111.0
MULT,3,train,105,-206.0
MULT,3,train,106,-137.0
MULT,3,train,107,-161.0
MULT,3,train,108,-120.0
MULT,3,train,109,-116.0
MULT,3,train,110,-140.0
MULT,3,train,111,-110.0
MULT,3,train,112,-155.0
MULT,3,train,113,-92.0
MULT,3,train,114,-106.0
MULT,3,train,115,-91.0
MULT,3,train,116,-230.0
MULT,3,train,117,-142.0
MULT,3,train,118,-86.0
MULT,3,train,119,-104.0
MULT,3,train,120,-83.0
MULT,3,train,121,-106.0
MULT,3,train,122,-123.0
MULT,3,train,123,-100.0
MULT,3,train,124,-85.0
MULT,3,train,125,-117.0
MULT,3,train,126,-76.0
MULT,3,train,127,-100.0
MULT,3,train,128,-128.0
MULT,3,train,129,-83.0
MULT,3,train,130,-114.0
MULT,3,train,131,-70.0
MULT,3,train,132,-139.0
MULT,3,train,133,-132.0
MULT,3,train,134,-106.0
MULT,3,train,135,-111.0
MULT,3,train,136,-119.0
MULT,3,train,137,-140.0
MULT,3,train,138,-124.0
MULT,3,train,139,-190.0
MULT,3,train,140,-184.0
MULT,3,train,141,-97.0
MULT,3,train,142,-106.0
MULT,3,train,143,-163.0
MULT,3,train,144,-84.0
MULT,3,train,145,-108.0
MULT,3,train,146,-105.0
MULT,3,train,147,-96.0
MULT,3,train,148,-86.0
MULT,3,train,149,-86.0
MULT,3,train,150,-80.0
MULT,3,train,151,-89.0
MULT,3,train,152,-89.0
MULT,3,train,153,-97.0
MULT,3,train,154,-122.0
MULT,3,train,155,-117.0
MULT,3,train,156,-81.0
MULT,3,train,157,-130.0
MULT,3,train,158,-105.0
MULT,3,train,159,-101.0
MULT,3,train,160,-93.0
MULT,3,train,161,-89.0
MULT,3,train,162,-102.0
MULT,3,train,163,-101.0
MULT,3,train,164,-165.0
MULT,3,train,165,-123.0
MULT,3,train,166,-111.0
MULT,3,train,167,-110.0
MULT,3,train,168,-73.0
MULT,3,train,169,-110.0
MULT,3,train,170,-123.0
MULT,3,train,171,-104.0
MULT,3,train,172,-108.0
MULT,3,train,173,-128.0
MULT,3,train,174,-94.0
MULT,3,train,175,-77.0
MULT,3,train,176,-87.0
MULT,3,train,177,-139.0
MULT,3,train,178,-234.0
MULT,3,train,179,-93.0
MULT,3,train,180,-94.0
MULT,3,train,181,-97.0
MULT,3,train,182,-98.0
MULT,3,train,183,-131.0
MULT,3,train,184,-152.0
MULT,3,train,185,-101.0
MULT,3,train,186,-115.0
MULT,3,train,187,-123.0
MULT,3,train,188,-135.0
MULT,3,train,189,-80.0
MULT,3,train,190,-119.0
MULT,3,train,191,-79.0
MULT,3,train,192,-110.0
MULT,3,train,193,-85.0
MULT,3,train,194,-113.0
MULT,3,train,195,-101.0
MULT,3,train,196,-118.0
MULT,3,train,197,-84.0
MULT,3,train,198,-94.0
MULT,3,train,199,-98.0
MULT,3,train,200,-103.0
MULT,3,train,201,-83.0
MULT,3,train,202,-98.0
MULT,3,train,203,-106.0
MULT,3,train,204,-84.0
MULT,3,train,205,-109.0
MULT,3,train,206,-121.0
MULT,3,train,207,-90.0
MULT,3,train,208,-83.0
MULT,3,train,209,-151.0
MULT,3,train,210,-81.0
MULT,3,train,211,-85.0
MULT,3,train,212,-106.0
MULT,3,train,213,-123.0
MULT,3,train,214,-85.0
MULT,3,train,215,-85.0
MULT,3,train,216,-119.0
MULT,3,train,217,-138.0
MULT,3,train,218,-104.0
MULT,3,train,219,-113.0
MULT,3,train,220,-113.0
MULT,3,train,221,-134.0
MULT,3,train,222,-92.0
MULT,3,train,223,-94.0
MULT,3,train,224,-227.0
MULT,3,train,225,-83.0
MULT,3,train,226,-84.0
MULT,3,train,227,-76.0
MULT,3,train,228,-101.0
MULT,3,train,229,-127.0
MULT,3,train,230,-103.0
MULT,3,train,231,-84.0
MULT,3,train,232,-81.0
MULT,3,train,233,-100.0
MULT,3,train,234,-114.0
MULT,3,train,235,-121.0
MULT,3,train,236,-102.0
MULT,3,train,237,-88.0
MULT,3,train,238,-93.0
MULT,3,train,239,-73.0
MULT,3,train,240,-87.0
MULT,3,train,241,-147.0
MULT,3,train,242,-91.0
MULT,3,train,243,-80.0
MULT,3,train,244,-102.0
MULT,3,train,245,-102.0
MULT,3,train,246,-81.0
MULT,3,train,247,-109.0
MULT,3,train,248,-83.0
MULT,3,train,249,-89.0
MULT,3,train,250,-89.0
MULT,3,train,251,-83.0
MULT,3,train,252,-117.0
MULT,3,train,253,-111.0
MULT,3,train,254,-80.0
MULT,3,train,255,-82.0
MULT,3,train,256,-116.0
MULT,3,train,257,-83.0
MULT,3,train,258,-110.0
MULT,3,train,259,-83.0
MULT,3,train,260,-128.0
MULT,3,train,261,-85.0
MULT,3,train,262,-109.0
MULT,3,train,263,-81.0
MULT,3,train,264,-102.0
MULT,3,train,265,-88.0
MULT,3,train,266,-78.0
MULT,3,train,267,-105.0
MULT,3,train,268,-99.0
MULT,3,train,269,-93.0
MULT,3,train,270,-101.0
MULT,3,train,271,-100.0
MULT,3,train,272,-100.0
MULT,3,train,273,-86.0
MULT,3,train,274,-74.0
MULT,3,train,275,-125.0
MULT,3,train,276,-97.0
MULT,3,train,277,-75.0
MULT,3,train,278,-103.0
MULT,3,train,279,-84.0
MULT,3,train,280,-117.0
MULT,3,train,281,-124.0
MULT,3,train,282,-181.0
MULT,3,train,283,-90.0
MULT,3,train,284,-82.0
MULT,3,train,285,-78.0
MULT,3,train,286,-98.0
MULT,3,train,287,-107.0
MULT,3,train,288,-92.0
MULT,3,train,289,-132.0
MULT,3,train,290,-107.0
MULT,3,train,291,-122.0
MULT,3,train,292,-79.0
MULT,3,train,293,-83.0
MULT,3,train,294,-95.0
MULT,3,train,295,-100.0
MULT,3,train,296,-213.0
MULT,3,train,297,-89.0
MULT,3,train,298,-88.0
MULT,3,train,299,-101.0
MULT,3,train,300,-86.0
MULT,3,train,301,-75.0
MULT,3,train,302,-125.0
MULT,3,train,303,-141.0
MULT,3,train,304,-84.0
MULT,3,train,305,-92.0
MULT,3,train,306,-83.0
MULT,3,train,307,-123.0
MULT,3,train,308,-112.0
MULT,3,train,309,-90.0
MULT,3,train,310,-130.0
MULT,3,train,311,-85.0
MULT,3,train,312,-118.0
MULT,3,train,313,-112.0
MULT,3,train,314,-177.0
MULT,3,train,315,-98.0
MULT,3,train,316,-98.0
MULT,3,train,317,-107.0
MULT,3,train,318,-98.0
MULT,3,train,319,-234.0
MULT,3,train,320,-92.0
MULT,3,train,321,-95.0
MULT,3,train,322,-109.0
MULT,3,train,323,-104.0
MULT,3,train,324,-106.0
MULT,3,train,325,-100.0
MULT,3,train,326,-106.0
MULT,3,train,327,-76.0
MULT,3,train,328,-90.0
MULT,3,train,329,-107.0
MULT,3,train,330,-88.0
MULT,3,train,331,-76.0
MULT,3,train,332,-92.0
MULT,3,train,333,-101.0
MULT,3,train,334,-500.0
MULT,3,train,335,-77.0
MULT,3,train,336,-112.0
MULT,3,train,337,-81.0
MULT,3,train,338,-91.0
MULT,3,train,339,-98.0
MULT,3,train,340,-83.0
MULT,3,train,341,-113.0
MULT,3,train,342,-115.0
MULT,3,train,343,-95.0
MULT,3,train,344,-104.0
MULT,3,train,345,-108.0
MULT,3,train,346,-119.0
MULT,3,train,347,-90.0
MULT,3,train,348,-82.0
MULT,3,train,349,-86.0
MULT,3,train,350,-121.0
MULT,3,train,351,-81.0
MULT,3,train,352,-83.0
MULT,3,train,353,-174.0
MULT,3,train,354,-152.0
MULT,3,train,355,-109.0
MULT,3,train,356,-103.0
MULT,3,train,357,-121.0
MULT,3,train,358,-88.0
MULT,3,train,359,-120.0
MULT,3,train,360,-71.0
MULT,3,train,361,-105.0
MULT,3,train,362,-63.0
MULT,3,train,363,-75.0
MULT,3,train,364,-130.0
MULT,3,train,365,-76.0
MULT,3,train,366,-88.0
MULT,3,train,367,-399.0
MULT,3,train,368,-83.0
MULT,3,train,369,-84.0
MULT,3,train,370,-77.0
MULT,3,train,371,-103.0
MULT,3,train,372,-90.0
MULT,3,train,373,-105.0
MULT,3,train,374,-71.0
MULT,3,train,375,-93.0
MULT,3,train,376,-90.0
MULT,3,train,377,-77.0
MULT,3,train,378,-93.0
MULT,3,train,379,-98.0
MULT,3,train,380,-86.0
MULT,3,train,381,-119.0
MULT,3,train,382,-121.0
MULT,3,train,383,-82.0
MULT,3,train,384,-84.0
MULT,3,train,385,-138.0
MULT,3,train,386,-76.0
MULT,3,train,387,-99.0
MULT,3,train,388,-63.0
MULT,3,train,389,-124.0
MULT,3,train,390,-98.0
MULT,3,train,391,-93.0
MULT,3,train,392,-188.0
MULT,3,train,393,-87.0
MULT,3,train,394,-93.0
MULT,3,train,395,-84.0
MULT,3,train,396,-153.0
MULT,3,train,397,-128.0
MULT,3,train,398,-99.0
MULT,3,train,399,-88.0
MULT,3,train,400,-78.0
MULT,3,train,401,-126.0
MULT,3,train,402,-116.0
MULT,3,train,403,-97.0
MULT,3,train,404,-99.0
MULT,3,train,405,-143.0
MULT,3,train,406,-127.0
MULT,3,train,407,-97.0
MULT,3,train,408,-109.0
MULT,3,train,409,-102.0
MULT,3,train,410,-93.0
MULT,3,train,411,-97.0
MULT,3,train,412,-103.0
MULT,3,train,413,-102.0
MULT,3,train,414,-88.0
MULT,3,train,415,-89.0
MULT,3,train,416,-132.0
MULT,3,train,417,-94.0
MULT,3,train,418,-78.0
MULT,3,train,419,-94.0
MULT,3,train,420,-133.0
MULT,3,train,421,-88.0
MULT,3,train,422,-111.0
MULT,3,train,423,-193.0
MULT,3,train,424,-91.0
MULT,3,train,425,-78.0
MULT,3,train,426,-139.0
MULT,3,train,427,-76.0
MULT,3,train,428,-104.0
MULT,3,train,429,-107.0
MULT,3,train,430,-85.0
MULT,3,train,431,-189.0
MULT,3,train,432,-112.0
MULT,3,train,433,-87.0
MULT,3,train,434,-94.0
MULT,3,train,435,-341.0
MULT,3,train,436,-109.0
MULT,3,train,437,-113.0
MULT,3,train,438,-106.0
MULT,3,train,439,-75.0
MULT,3,train,440,-101.0
MULT,3,train,441,-81.0
MULT,3,train,442,-78.0
MULT,3,train,443,-85.0
MULT,3,train,444,-116.0
MULT,3,train,445,-105.0
MULT,3,train,446,-95.0
MULT,3,train,447,-113.0
MULT,3,train,448,-90.0
MULT,3,train,449,-97.0
MULT,3,train,450,-97.0
MULT,3,train,451,-104.0
MULT,3,train,452,-119.0
MULT,3,train,453,-100.0
MULT,3,train,454,-272.0
MULT,3,train,455,-77.0
MULT,3,train,456,-74.0
MULT,3,train,457,-94.0
MULT,3,train,458,-76.0
MULT,3,train,459,-117.0
MULT,3,train,460,-100.0
MULT,3,train,461,-77.0
MULT,3,train,462,-80.0
MULT,3,train,463,-93.0
MULT,3,train,464,-98.0
MULT,3,train,465,-77.0
MULT,3,train,466,-86.0
MULT,3,train,467,-97.0
MULT,3,train,468,-82.0
MULT,3,train,469,-95.0
MULT,3,train,470,-90.0
MULT,3,train,471,-79.0
MULT,3,train,472,-75.0
MULT,3,train,473,-119.0
MULT,3,train,474,-76.0
MULT,3,train,475,-84.0
MULT,3,train,476,-121.0
MULT,3,train,477,-105.0
MULT,3,train,478,-132.0
MULT,3,train,479,-119.0
MULT,3,train,480,-82.0
MULT,3,train,481,-102.0
MULT,3,train,482,-82.0
MULT,3,train,483,-93.0
MULT,3,train,484,-102.0
MULT,3,train,485,-86.0
MULT,3,train,486,-92.0
MULT,3,train,487,-99.0
MULT,3,train,488,-76.0
MULT,3,train,489,-112.0
MULT,3,train,490,-91.0
MULT,3,train,491,-96.0
MULT,3,train,492,-75.0
MULT,3,train,493,-87.0
MULT,3,train,494,-86.0
MULT,3,train,495,-118.0
MULT,3,train,496,-106.0
MULT,3,train,497,-165.0
MULT,3,train,498,-86.0
MULT,3,train,499,-94.0
MULT,3,train,500,-79.0
MULT,4,train,1,-500.0
MULT,4,train,2,-360.0
MULT,4,train,3,-374.0
MULT,4,train,4,-264.0
MULT,4,train,5,-131.0
MULT,4,train,6,-180.0
MULT,4,train,7,-165.0
MULT,4,train,8,-274.0
MULT,4,train,9,-240.0
MULT,4,train,10,-181.0
MULT,4,train,11,-108.0
MULT,4,train,12,-207.0
MULT,4,train,13,-251.0
MULT,4,train,14,-500.0
MULT,4,train,15,-266.0
MULT,4,train,16,-241.0
MULT,4,train,17,-132.0
MULT,4,train,18,-194.0
MULT,4,train,19,-489.0
MULT,4,train,20,-273.0
MULT,4,train,21,-213.0
MULT,4,train,22,-500.0
MULT,4,train,23,-307.0
MULT,4,train,24,-137.0
MULT,4,train,25,-167.0
MULT,4,train,26,-269.0
MULT,4,train,27,-330.0
MULT,4,train,28,-500.0
MULT,4,train,29,-327.0
MULT,4,train,30,-162.0
MULT,4,train,31,-179.0
MULT,4,train,32,-277.0
MULT,4,train,33,-272.0
MULT,4,train,34,-500.0
MULT,4,train,35,-245.0
MULT,4,train,36,-249.0
MULT,4,train,37,-500.0
MULT,4,train,38,-237.0
MULT,4,train,39,-500.0
MULT,4,train,40,-374.0
MULT,4,train,41,-344.0
MULT,4,train,42,-270.0
MULT,4,train,43,-194.0
MULT,4,train,44,-500.0
MULT,4,train,45,-291.0
MULT,4,train,46,-336.0
MULT,4,train,47,-236.0
MULT,4,train,48,-273.0
MULT,4,train,49,-218.0
MULT,4,train,50,-236.0
MULT,4,train,51,-240.0
MULT,4,train,52,-216.0
MULT,4,train,53,-144.0
MULT,4,train,54,-116.0
MULT,4,train,55,-155.0
MULT,4,train,56,-93.0
MULT,4,train,57,-162.0
MULT,4,train,58,-106.0
MULT,4,train,59,-121.0
MULT,4,train,60,-130.0
MULT,4,train,61,-137.0
MULT,4,train,62,-179.0
MULT,4,train,63,-157.0
MULT,4,train,64,-126.0
MULT,4,train,65,-248.0
MULT,4,train,66,-309.0
MULT,4,train,67,-154.0
MULT,4,train,68,-247.0
MULT,4,train,69,-161.0
MULT,4,train,70,-207.0
MULT,4,train,71,-173.0
MULT,4,train,72,-160.0
MULT,4,train,73,-182.0
MULT,4,train,74,-110.0
MULT,4,train,75,-144.0
MULT,4,train,76,-106.0
MULT,4,train,77,-113.0
MULT,4,train,78,-128.0
MULT,4,train,79,-134.0
MULT,4,train,80,-116.0
MULT,4,train,81,-132.0
MULT,4,train,82,-339.0
MULT,4,train,83,-187.0
MULT,4,train,84,-209.0
MULT,4,train,85,-105.0
MULT,4,train,86,-106.0
MULT,4,train,87,-163.0
MULT,4,train,88,-113.0
MULT,4,train,89,-88.0
MULT,4,train,90,-113.0
MULT,4,train,91,-96.0
MULT,4,train,92,-351.0
MULT,4,train,93,-122.0
MULT,4,train,94,-129.0
MULT,4,train,95,-105.0
MULT,4,train,96,-121.0
MULT,4,train,97,-142.0
MULT,4,train,98,-90.0
MULT,4,train,99,-152.0
MULT,4,train,100,-85.0
MULT,4,train,101,-119.0
MULT,4,train,102,-97.0
MULT,4,train,103,-116.0
MULT,4,train,104,-111.0
MULT,4,train,105,-96.0
MULT,4,train,106,-98.0
MULT,4,train,107,-87.0
MULT,4,train,108,-71.0
MULT,4,train,109,-500.0
MULT,4,train,110,-83.0
MULT,4,train,111,-87.0
MULT,4,train,112,-94.0
MULT,4,train,113,-173.0
MULT,4,train,114,-93.0
MULT,4,train,115,-96.0
MULT,4,train,116,-79.0
MULT,4,train,117,-88.0
MULT,4,train,118,-117.0
MULT,4,train,119,-112.0
MULT,4,train,120,-134.0
MULT,4,train,121,-101.0
MULT,4,train,122,-132.0
MULT,4,train,123,-86.0
MULT,4,train,124,-116.0
MULT,4,train,125,-88.0
MULT,4,train,126,-104.0
MULT,4,train,127,-92.0
MULT,4,train,128,-105.0
MULT,4,train,129,-131.0
MULT,4,train,130,-98.0
MULT,4,train,131,-97.0
MULT,4,train,132,-102.0
MULT,4,train,133,-101.0
MULT,4,train,134,-90.0
MULT,4,train,135,-91.0
MULT,4,train,136,-137.0
MULT,4,train,137,-114.0
MULT,4,train,138,-137.0
MULT,4,train,139,-107.0
MULT,4,train,140,-70.0
MULT,4,train,141,-168.0
MULT,4,train,142,-101.0
MULT,4,train,143,-98.0
MULT,4,train,144,-133.0
MULT,4,train,145,-121.0
MULT,4,train,146,-84.0
MULT,4,train,147,-64.0
MULT,4,train,148,-139.0
MULT,4,train,149,-117.0
MULT,4,train,150,-120.0
MULT,4,train,151,-102.0
MULT,4,train,152,-88.0
MULT,4,train,153,-85.0
MULT,4,train,154,-81.0
MULT,4,train,155,-128.0
MULT,4,train,156,-83.0
MULT,4,train,157,-119.0
MULT,4,train,158,-104.0
MULT,4,train,159,-172.0
MULT,4,train,160,-73.0
MULT,4,train,161,-156.0
MULT,4,train,162,-137.0
MULT,4,train,163,-99.0
MULT,4,train,164,-83.0
MULT,4,train,165,-106.0
MULT,4,train,166,-80.0
MULT,4,train,167,-78.0
MULT,4,train,168,-89.0
MULT,4,train,169,-72.0
MULT,4,train,170,-139.0
MULT,4,train,171,-97.0
MULT,4,train,172,-113.0
MULT,4,train,173,-112.0
MULT,4,train,174,-100.0
MULT,4,train,175,-77.0
MULT,4,train,176,-85.0
MULT,4,train,177,-95.0
MULT,4,train,178,-86.0
MULT,4,train,179,-95.0
MULT,4,train,180,-63.0
MULT,4,train,181,-120.0
MULT,4,train,182,-96.0
MULT,4,train,183,-93.0
MULT,4,train,184,-94.0
MULT,4,train,185,-97.0
MULT,4,train,186,-113.0
MULT,4,train,187,-168.0
MULT,4,train,188,-100.0
MULT,4,train,189,-137.0
MULT,4,train,190,-80.0
MULT,4,train,191,-102.0
MULT,4,train,192,-204.0
MULT,4,train,193,-110.0
MULT,4,train,194,-85.0
MULT,4,train,195,-111.0
MULT,4,train,196,-98.0
MULT,4,train,197,-88.0
MULT,4,train,198,-88.0
MULT,4,train,199,-82.0
MULT,4,train,200,-78.0
MULT,4,train,201,-79.0
MULT,4,train,202,-122.0
MULT,4,train,203,-103.0
MULT,4,train,204,-94.0
MULT,4,train,205,-77.0
MULT,4,train,206,-122.0
MULT,4,train,207,-91.0
MULT,4,train,208,-78.0
MULT,4,train,209,-117.0
MULT,4,train,210,-82.0
MULT,4,train,211,-232.0
MULT,4,train,212,-88.0
MULT,4,train,213,-80.0
MULT,4,train,214,-105.0
MULT,4,train,215,-137.0
MULT,4,train,216,-68.0
MULT,4,train,217,-82.0
MULT,4,train,218,-69.0
MULT,4,train,219,-99.0
MULT,4,train,220,-99.0
MULT,4,train,221,-156.0
MULT,4,train,222,-113.0
MULT,4,train,223,-101.0
MULT,4,train,224,-149.0
MULT,4,train,225,-74.0
MULT,4,train,226,-117.0
MULT,4,train,227,-165.0
MULT,4,train,228,-98.0
MULT,4,train,229,-92.0
MULT,4,train,230,-97.0
MULT,4,train,231,-102.0
MULT,4,train,232,-120.0
MULT,4,train,233,-115.0
MULT,4,train,234,-111.0
MULT,4,train,235,-114.0
MULT,4,train,236,-85.0
MULT,4,train,237,-500.0
MULT,4,train,238,-70.0
MULT,4,train,239,-82.0
MULT,4,train,240,-88.0
MULT,4,train,241,-99.0
MULT,4,train,242,-120.0
MULT,4,train,243,-78.0
MULT,4,train,244,-82.0
MULT,4,train,245,-119.0
MULT,4,train,246,-90.0
MULT,4,train,247,-122.0
MULT,4,train,248,-153.0
MULT,4,train,249,-95.0
MULT,4,train,250,-93.0
MULT,4,train,251,-100.0
MULT,4,train,252,-73.0
MULT,4,train,253,-94.0
MULT,4,train,254,-83.0
MULT,4,train,255,-112.0
MULT,4,train,256,-149.0
MULT,4,train,257,-89.0
MULT,4,train,258,-101.0
MULT,4,train,259,-73.0
MULT,4,train,260,-121.0
MULT,4,train,261,-97.0
MULT,4,train,262,-73.0
MULT,4,train,263,-128.0
MULT,4,train,264,-90.0
MULT,4,train,265,-92.0
MULT,4,train,266,-98.0
MULT,4,train,267,-92.0
MULT,4,train,268,-129.0
MULT,4,train,269,-88.0
MULT,4,train,270,-98.0
MULT,4,train,271,-119.0
MULT,4,train,272,-87.0
MULT,4,train,273,-85.0
MULT,4,train,274,-86.0
MULT,4,train,275,-108.0
MULT,4,train,276,-166.0
MULT,4,train,277,-78.0
MULT,4,train,278,-102.0
MULT,4,train,279,-78.0
MULT,4,train,280,-108.0
MULT,4,train,281,-64.0
MULT,4,train,282,-161.0
MULT,4,train,283,-131.0
MULT,4,train,284,-91.0
MULT,4,train,285,-86.0
MULT,4,train,286,-108.0
MULT,4,train,287,-79.0
MULT,4,train,288,-123.0
MULT,4,train,289,-78.0
MULT,4,train,290,-78.0
MULT,4,train,291,-103.0
MULT,4,train,292,-173.0
MULT,4,train,293,-89.0
MULT,4,train,294,-77.0
MULT,4,train,295,-125.0
MULT,4,train,296,-85.0
MULT,4,train,297,-112.0
MULT,4,train,298,-101.0
MULT,4,train,299,-500.0
MULT,4,train,300,-292.0
MULT,4,train,301,-99.0
MULT,4,train,302,-110.0
MULT,4,train,303,-95.0
MULT,4,train,304,-95.0
MULT,4,train,305,-83.0
MULT,4,train,306,-122.0
MULT,4,train,307,-141.0
MULT,4,train,308,-121.0
MULT,4,train,309,-78.0
MULT,4,train,310,-104.0
MULT,4,train,311,-102.0
MULT,4,train,312,-91.0
MULT,4,train,313,-79.0
MULT,4,train,314,-99.0
MULT,4,train,315,-85.0
MULT,4,train,316,-71.0
MULT,4,train,317,-107.0
MULT,4,train,318,-79.0
MULT,4,train,319,-102.0
MULT,4,train,320,-96.0
MULT,4,train,321,-103.0
MULT,4,train,322,-110.0
MULT,4,train,323,-93.0
MULT,4,train,324,-98.0
MULT,4,train,325,-70.0
MULT,4,train,326,-84.0
MULT,4,train,327,-86.0
MULT,4,train,328,-149.0
MULT,4,train,329,-124.0
MULT,4,train,330,-108.0
MULT,4,train,331,-95.0
MULT,4,train,332,-144.0
MULT,4,train,333,-88.0
MULT,4,train,334,-112.0
MULT,4,train,335,-102.0
MULT,4,train,336,-135.0
MULT,4,train,337,-109.0
MULT,4,train,338,-81.0
MULT,4,train,339,-79.0
MULT,4,train,340,-80.0
MULT,4,train,341,-90.0
MULT,4,train,342,-101.0
MULT,4,train,343,-104.0
MULT,4,train,344,-124.0
MULT,4,train,345,-82.0
MULT,4,train,346,-97.0
MULT,4,train,347,-79.0
MULT,4,train,348,-85.0
MULT,4,train,349,-76.0
MULT,4,train,350,-145.0
MULT,4,train,351,-96.0
MULT,4,train,352,-168.0
MULT,4,train,353,-80.0
MULT,4,train,354,-94.0
MULT,4,train,355,-98.0
MULT,4,train,356,-94.0
MULT,4,train,357,-77.0
MULT,4,train,358,-86.0
MULT,4,train,359,-121.0
MULT,4,train,360,-122.0
MULT,4,train,361,-102.0
MULT,4,train,362,-79.0
MULT,4,train,363,-93.0
MULT,4,train,364,-85.0
MULT,4,train,365,-75.0
MULT,4,train,366,-85.0
MULT,4,train,367,-87.0
MULT,4,train,368,-88.0
MULT,4,train,369,-109.0
MULT,4,train,370,-105.0
MULT,4,train,371,-106.0
MULT,4,train,372,-102.0
MULT,4,train,373,-89.0
MULT,4,train,374,-154.0
MULT,4,train,375,-133.0
MULT,4,train,376,-87.0
MULT,4,train,377,-105.0
MULT,4,train,378,-107.0
MULT,4,train,379,-84.0
MULT,4,train,380,-136.0
MULT,4,train,381,-79.0
MULT,4,train,382,-104.0
MULT,4,train,383,-123.0
MULT,4,train,384,-78.0
MULT,4,train,385,-64.0
MULT,4,train,386,-111.0
MULT,4,train,387,-129.0
MULT,4,train,388,-88.0
MULT,4,train,389,-85.0
MULT,4,train,390,-84.0
MULT,4,train,391,-85.0
MULT,4,train,392,-81.0
MULT,4,train,393,-126.0
MULT,4,train,394,-88.0
MULT,4,train,395,-97.0
MULT,4,train,396,-96.0
MULT,4,train,397,-101.0
MULT,4,train,398,-94.0
MULT,4,train,399,-100.0
MULT,4,train,400,-104.0
MULT,4,train,401,-96.0
MULT,4,train,402,-123.0
MULT,4,train,403,-125.0
MULT,4,train,404,-86.0
MULT,4,train,405,-101.0
MULT,4,train,406,-146.0
MULT,4,train,407,-114.0
MULT,4,train,408,-111.0
MULT,4,train,409,-100.0
MULT,4,train,410,-83.0
MULT,4,train,411,-108.0
MULT,4,train,412,-149.0
MULT,4,train,413,-92.0
MULT,4,train,414,-500.0
MULT,4,train,415,-75.0
MULT,4,train,416,-95.0
MULT,4,train,417,-82.0
MULT,4,train,418,-99.0
MULT,4,train,419,-104.0
MULT,4,train,420,-123.0
MULT,4,train,421,-113.0
MULT,4,train,422,-115.0
MULT,4,train,423,-84.0
MULT,4,train,424,-80.0
MULT,4,train,425,-87.0
MULT,4,train,426,-79.0
MULT,4,train,427,-100.0
MULT,4,train,428,-88.0
MULT,4,train,429,-77.0
MULT,4,train,430,-89.0
MULT,4,train,431,-114.0
MULT,4,train,432,-153.0
MULT,4,train,433,-77.0
MULT,4,train,434,-65.0
MULT,4,train,435,-79.0
MULT,4,train,436,-84.0
MULT,4,train,437,-186.0
MULT,4,train,438,-84.0
MULT,4,train,439,-86.0
MULT,4,train,440,-90.0
MULT,4,train,441,-112.0
MULT,4,train,442,-116.0
MULT,4,train,443,-116.0
MULT,4,train,444,-76.0
MULT,4,train,445,-119.0
MULT,4,train,446,-100.0
MULT,4,train,447,-84.0
MULT,4,train,448,-73.0
MULT,4,train,449,-78.0
MULT,4,train,450,-80.0
MULT,4,train,451,-113.0
MULT,4,train,452,-115.0
MULT,4,train,453,-102.0
MULT,4,train,454,-104.0
MULT,4,train,455,-80.0
MULT,4,train,456,-88.0
MULT,4,train,457,-500.0
MULT,4,train,458,-118.0
MULT,4,train,459,-91.0
MULT,4,train,460,-133.0
MULT,4,train,461,-84.0
MULT,4,train,462,-90.0
MULT,4,train,463,-77.0
MULT,4,train,464,-104.0
MULT,4,train,465,-500.0
MULT,4,train,466,-122.0
MULT,4,train,467,-100.0
MULT,4,train,468,-69.0
MULT,4,train,469,-95.0
MULT,4,train,470,-118.0
MULT,4,train,471,-73.0
MULT,4,train,472,-68.0
MULT,4,train,473,-154.0
MULT,4,train,474,-104.0
MULT,4,train,475,-100.0
MULT,4,train,476,-99.0
MULT,4,train,477,-90.0
MULT,4,train,478,-88.0
MULT,4,train,479,-99.0
MULT,4,train,480,-109.0
MULT,4,train,481,-95.0
MULT,4,train,482,-81.0
MULT,4,train,483,-76.0
MULT,4,train,484,-80.0
MULT,4,train,485,-96.0
MULT,4,train,486,-91.0
MULT,4,train,487,-86.0
MULT,4,train,488,-99.0
MULT,4,train,489,-103.0
MULT,4,train,490,-83.0
MULT,4,train,491,-81.0
MULT,4,train,492,-100.0
MULT,4,train,493,-107.0
MULT,4,train,494,-102.0
MULT,4,train,495,-102.0
MULT,4,train,496,-118.0
MULT,4,train,497,-126.0
MULT,4,train,498,-83.0
MULT,4,train,499,-94.0
MULT,4,train,500,-95.0
MULT,5,train,1,-500.0
MULT,5,train,2,-500.0
MULT,5,train,3,-500.0
MULT,5,train,4,-500.0
MULT,5,train,5,-500.0
MULT,5,train,6,-500.0
MULT,5,train,7,-283.0
MULT,5,train,8,-117.0
MULT,5,train,9,-180.0
MULT,5,train,10,-219.0
MULT,5,train,11,-128.0
MULT,5,train,12,-172.0
MULT,5,train,13,-159.0
MULT,5,train,14,-151.0
MULT,5,train,15,-129.0
MULT,5,train,16,-158.0
MULT,5,train,17,-121.0
MULT,5,train,18,-137.0
MULT,5,train,19,-94.0
MULT,5,train,20,-87.0
MULT,5,train,21,-86.0
MULT,5,train,22,-86.0
MULT,5,train,23,-92.0
MULT,5,train,24,-86.0
MULT,5,train,25,-176.0
MULT,5,train,26,-130.0
MULT,5,train,27,-133.0
MULT,5,train,28,-145.0
MULT,5,train,29,-108.0
MULT,5,train,30,-245.0
MULT,5,train,31,-170.0
MULT,5,train,32,-117.0
MULT,5,train,33,-181.0
MULT,5,train,34,-157.0
MULT,5,train,35,-212.0
MULT,5,train,36,-172.0
MULT,5,train,37,-202.0
MULT,5,train,38,-140.0
MULT,5,train,39,-212.0
MULT,5,train,40,-117.0
MULT,5,train,41,-168.0
MULT,5,train,42,-174.0
MULT,5,train,43,-228.0
MULT,5,train,44,-219.0
MULT,5,train,45,-223.0
MULT,5,train,46,-178.0
MULT,5,train,47,-196.0
MULT,5,train,48,-93.0
MULT,5,train,49,-164.0
MULT,5,train,50,-110.0
MULT,5,train,51,-148.0
MULT,5,train,52,-161.0
MULT,5,train,53,-306.0
MULT,5,train,54,-239.0
MULT,5,train,55,-193.0
MULT,5,train,56,-184.0
MULT,5,train,57,-359.0
MULT,5,train,58,-236.0
MULT,5,train,59,-373.0
MULT,5,train,60,-324.0
MULT,5,train,61,-171.0
MULT,5,train,62,-440.0
MULT,5,train,63,-439.0
MULT,5,train,64,-215.0
MULT,5,train,65,-257.0
MULT,5,train,66,-200.0
MULT,5,train,67,-220.0
MULT,5,train,68,-186.0
MULT,5,train,69,-317.0
MULT,5,train,70,-341.0
MULT,5,train,71,-500.0
MULT,5,train,72,-225.0
MULT,5,train,73,-323.0
MULT,5,train,74,-219.0
MULT,5,train,75,-121.0
MULT,5,train,76,-327.0
MULT,5,train,77,-174.0
MULT,5,train,78,-105.0
MULT,5,train,79,-500.0
MULT,5,train,80,-259.0
MULT,5,train,81,-159.0
MULT,5,train,82,-133.0
MULT,5,train,83,-163.0
MULT,5,train,84,-117.0
MULT,5,train,85,-204.0
MULT,5,train,86,-169.0
MULT,5,train,87,-92.0
MULT,5,train,88,-288.0
MULT,5,train,89,-132.0
MULT,5,train,90,-83.0
MULT,5,train,91,-191.0
MULT,5,train,92,-92.0
MULT,5,train,93,-250.0
MULT,5,train,94,-245.0
MULT,5,train,95,-174.0
MULT,5,train,96,-143.0
MULT,5,train,97,-141.0
MULT,5,train,98,-86.0
MULT,5,train,99,-108.0
MULT,5,train,100,-117.0
MULT,5,train,101,-150.0
MULT,5,train,102,-114.0
MULT,5,train,103,-104.0
MULT,5,train,104,-109.0
MULT,5,train,105,-204.0
MULT,5,train,106,-120.0
MULT,5,train,107,-94.0
MULT,5,train,108,-154.0
MULT,5,train,109,-116.0
MULT,5,train,110,-129.0
MULT,5,train,111,-100.0
MULT,5,train,112,-131.0
MULT,5,train,113,-145.0
MULT,5,train,114,-168.0
MULT,5,train,115,-138.0
MULT,5,train,116,-126.0
MULT,5,train,117,-132.0
MULT,5,train,118,-124.0
MULT,5,train,119,-116.0
MULT,5,train,120,-151.0
MULT,5,train,121,-102.0
MULT,5,train,122,-126.0
MULT,5,train,123,-104.0
MULT,5,train,124,-149.0
MULT,5,train,125,-146.0
MULT,5,train,126,-126.0
MULT,5,train,127,-162.0
MULT,5,train,128,-151.0
MULT,5,train,129,-112.0
MULT,5,train,130,-135.0
MULT,5,train,131,-92.0
MULT,5,train,132,-147.0
MULT,5,train,133,-150.0
MULT,5,train,134,-140.0
MULT,5,train,135,-132.0
MULT,5,train,136,-117.0
MULT,5,train,137,-179.0
MULT,5,train,138,-148.0
MULT,5,train,139,-126.0
MULT,5,train,140,-132.0
MULT,5,train,141,-100.0
MULT,5,train,142,-146.0
MULT,5,train,143,-94.0
MULT,5,train,144,-116.0
MULT,5,train,145,-165.0
MULT,5,train,146,-107.0
MULT,5,train,147,-281.0
MULT,5,train,148,-100.0
MULT,5,train,149,-107.0
MULT,5,train,150,-106.0
MULT,5,train,151,-305.0
MULT,5,train,152,-265.0
MULT,5,train,153,-151.0
MULT,5,train,154,-326.0
MULT,5,train,155,-123.0
MULT,5,train,156,-79.0
MULT,5,train,157,-72.0
MULT,5,train,158,-132.0
MULT,5,train,159,-338.0
MULT,5,train,160,-124.0
MULT,5,train,161,-155.0
MULT,5,train,162,-85.0
MULT,5,train,163,-129.0
MULT,5,train,164,-101.0
MULT,5,train,165,-100.0
MULT,5,train,166,-76.0
MULT,5,train,167,-165.0
MULT,5,train,168,-99.0
MULT,5,train,169,-93.0
MULT,5,train,170,-86.0
MULT,5,train,171,-96.0
MULT,5,train,172,-84.0
MULT,5,train,173,-101.0
MULT,5,train,174,-91.0
MULT,5,train,175,-144.0
MULT,5,train,176,-136.0
MULT,5,train,177,-77.0
MULT,5,train,178,-149.0
MULT,5,train,179,-222.0
MULT,5,train,180,-98.0
MULT,5,train,181,-107.0
MULT,5,train,182,-75.0
MULT,5,train,183,-87.0
MULT,5,train,184,-85.0
MULT,5,train,185,-127.0
MULT,5,train,186,-138.0
MULT,5,train,187,-118.0
MULT,5,train,188,-94.0
MULT,5,train,189,-86.0
MULT,5,train,190,-100.0
MULT,5,train,191,-108.0
MULT,5,train,192,-92.0
MULT,5,train,193,-87.0
MULT,5,train,194,-123.0
MULT,5,train,195,-115.0
MULT,5,train,196,-89.0
MULT,5,train,197,-178.0
MULT,5,train,198,-103.0
MULT,5,train,199,-154.0
MULT,5,train,200,-81.0
MULT,5,train,201,-78.0
MULT,5,train,202,-105.0
MULT,5,train,203,-100.0
MULT,5,train,204,-112.0
MULT,5,train,205,-111.0
MULT,5,train,206,-112.0
MULT,5,train,207,-108.0
MULT,5,train,208,-79.0
MULT,5,train,209,-63.0
MULT,5,train,210,-82.0
MULT,5,train,211,-129.0
MULT,5,train,212,-76.0
MULT,5,train,213,-88.0
MULT,5,train,214,-107.0
MULT,5,train,215,-117.0
MULT,5,train,216,-96.0
MULT,5,train,217,-70.0
MULT,5,train,218,-101.0
MULT,5,train,219,-95.0
MULT,5,train,220,-117.0
MULT,5,train,221,-75.0
MULT,5,train,222,-96.0
MULT,5,train,223,-103.0
MULT,5,train,224,-116.0
MULT,5,train,225,-101.0
MULT,5,train,226,-84.0
MULT,5,train,227,-114.0
MULT,5,train,228,-89.0
MULT,5,train,229,-112.0
MULT,5,train,230,-111.0
MULT,5,train,231,-63.0
MULT,5,train,232,-103.0
MULT,5,train,233,-133.0
MULT,5,train,234,-91.0
MULT,5,train,235,-76.0
MULT,5,train,236,-102.0
MULT,5,train,237,-103.0
MULT,5,train,238,-145.0
MULT,5,train,239,-111.0
MULT,5,train,240,-101.0
MULT,5,train,241,-104.0
MULT,5,train,242,-86.0
MULT,5,train,243,-92.0
MULT,5,train,244,-82.0
MULT,5,train,245,-72.0
MULT,5,train,246,-132.0
MULT,5,train,247,-148.0
MULT,5,train,248,-113.0
MULT,5,train,249,-94.0
MULT,5,train,250,-139.0
MULT,5,train,251,-95.0
MULT,5,train,252,-80.0
MULT,5,train,253,-93.0
MULT,5,train,254,-115.0
MULT,5,train,255,-92.0
MULT,5,train,256,-71.0
MULT,5,train,257,-82.0
MULT,5,train,258,-92.0
MULT,5,train,259,-190.0
MULT,5,train,260,-122.0
MULT,5,train,261,-106.0
MULT,5,train,262,-78.0
MULT,5,train,263,-125.0
MULT,5,train,264,-100.0
MULT,5,train,265,-109.0
MULT,5,train,266,-112.0
MULT,5,train,267,-162.0
MULT,5,train,268,-102.0
MULT,5,train,269,-86.0
MULT,5,train,270,-113.0
MULT,5,train,271,-89.0
MULT,5,train,272,-147.0
MULT,5,train,273,-136.0
MULT,5,train,274,-92.0
MULT,5,train,275,-80.0
MULT,5,train,276,-175.0
MULT,5,train,277,-75.0
MULT,5,train,278,-112.0
MULT,5,train,279,-82.0
MULT,5,train,280,-95.0
MULT,5,train,281,-97.0
MULT,5,train,282,-76.0
MULT,5,train,283,-156.0
MULT,5,train,284,-116.0
MULT,5,train,285,-110.0
MULT,5,train,286,-82.0
MULT,5,train,287,-104.0
MULT,5,train,288,-84.0
MULT,5,train,289,-136.0
MULT,5,train,290,-79.0
MULT,5,train,291,-83.0
MULT,5,train,292,-125.0
MULT,5,train,293,-93.0
MULT,5,train,294,-93.0
MULT,5,train,295,-83.0
MULT,5,train,296,-107.0
MULT,5,train,297,-88.0
MULT,5,train,298,-75.0
MULT,5,train,299,-107.0
MULT,5,train,300,-244.0
MULT,5,train,301,-84.0
MULT,5,train,302,-111.0
MULT,5,train,303,-89.0
MULT,5,train,304,-109.0
MULT,5,train,305,-113.0
MULT,5,train,306,-104.0
MULT,5,train,307,-86.0
MULT,5,train,308,-148.0
MULT,5,train,309,-117.0
MULT,5,train,310,-102.0
MULT,5,train,311,-124.0
MULT,5,train,312,-108.0
MULT,5,train,313,-95.0
MULT,5,train,314,-90.0
MULT,5,train,315,-112.0
MULT,5,train,316,-106.0
MULT,5,train,317,-104.0
MULT,5,train,318,-106.0
MULT,5,train,319,-110.0
MULT,5,train,320,-106.0
MULT,5,train,321,-110.0
MULT,5,train,322,-92.0
MULT,5,train,323,-163.0
MULT,5,train,324,-103.0
MULT,5,train,325,-99.0
MULT,5,train,326,-77.0
MULT,5,train,327,-87.0
MULT,5,train,328,-87.0
MULT,5,train,329,-105.0
MULT,5,train,330,-152.0
MULT,5,train,331,-154.0
MULT,5,train,332,-145.0
MULT,5,train,333,-103.0
MULT,5,train,334,-93.0
MULT,5,train,335,-71.0
MULT,5,train,336,-70.0
MULT,5,train,337,-87.0
MULT,5,train,338,-500.0
MULT,5,train,339,-77.0
MULT,5,train,340,-91.0
MULT,5,train,341,-86.0
MULT,5,train,342,-111.0
MULT,5,train,343,-145.0
MULT,5,train,344,-92.0
MULT,5,train,345,-91.0
MULT,5,train,346,-102.0
MULT,5,train,347,-107.0
MULT,5,train,348,-74.0
MULT,5,train,349,-105.0
MULT,5,train,350,-105.0
MULT,5,train,351,-169.0
MULT,5,train,352,-100.0
MULT,5,train,353,-133.0
MULT,5,train,354,-144.0
MULT,5,train,355,-88.0
MULT,5,train,356,-88.0
MULT,5,train,357,-98.0
MULT,5,train,358,-150.0
MULT,5,train,359,-74.0
MULT,5,train,360,-76.0
MULT,5,train,361,-76.0
MULT,5,train,362,-106.0
MULT,5,train,363,-141.0
MULT,5,train,364,-114.0
MULT,5,train,365,-90.0
MULT,5,train,366,-64.0
MULT,5,train,367,-90.0
MULT,5,train,368,-67.0
MULT,5,train,369,-129.0
MULT,5,train,370,-98.0
MULT,5,train,371,-83.0
MULT,5,train,372,-63.0
MULT,5,train,373,-97.0
MULT,5,train,374,-106.0
MULT,5,train,375,-91.0
MULT,5,train,376,-83.0
MULT,5,train,377,-100.0
MULT,5,train,378,-103.0
MULT,5,train,379,-98.0
MULT,5,train,380,-102.0
MULT,5,train,381,-97.0
MULT,5,train,382,-98.0
MULT,5,train,383,-65.0
MULT,5,train,384,-83.0
MULT,5,train,385,-77.0
MULT,5,train,386,-82.0
MULT,5,train,387,-82.0
MULT,5,train,388,-142.0
MULT,5,train,389,-92.0
MULT,5,train,390,-100.0
MULT,5,train,391,-103.0
MULT,5,train,392,-98.0
MULT,5,train,393,-104.0
MULT,5,train,394,-83.0
MULT,5,train,395,-113.0
MULT,5,train,396,-71.0
MULT,5,train,397,-112.0
MULT,5,train,398,-92.0
MULT,5,train,399,-93.0
MULT,5,train,400,-100.0
MULT,5,train,401,-81.0
MULT,5,train,402,-121.0
MULT,5,train,403,-94.0
MULT,5,train,404,-99.0
MULT,5,train,405,-103.0
MULT,5,train,406,-121.0
MULT,5,train,407,-78.0
MULT,5,train,408,-89.0
MULT,5,train,409,-107.0
MULT,5,train,410,-90.0
MULT,5,train,411,-77.0
MULT,5,train,412,-184.0
MULT,5,train,413,-89.0
MULT,5,train,414,-77.0
MULT,5,train,415,-90.0
MULT,5,train,416,-94.0
MULT,5,train,417,-83.0
MULT,5,train,418,-100.0
MULT,5,train,419,-105.0
MULT,5,train,420,-125.0
MULT,5,train,421,-147.0
MULT,5,train,422,-91.0
MULT,5,train,423,-84.0
MULT,5,train,424,-83.0
MULT,5,train,425,-83.0
MULT,5,train,426,-107.0
MULT,5,train,427,-90.0
MULT,5,train,428,-107.0
MULT,5,train,429,-80.0
MULT,5,train,430,-133.0
MULT,5,train,431,-84.0
MULT,5,train,432,-93.0
MULT,5,train,433,-124.0
MULT,5,train,434,-84.0
MULT,5,train,435,-96.0
MULT,5,train,436,-93.0
MULT,5,train,437,-116.0
MULT,5,train,438,-77.0
MULT,5,train,439,-109.0
MULT,5,train,440,-95.0
MULT,5,train,441,-131.0
MULT,5,train,442,-95.0
MULT,5,train,443,-122.0
MULT,5,train,444,-107.0
MULT,5,train,445,-96.0
MULT,5,train,446,-94.0
MULT,5,train,447,-71.0
MULT,5,train,448,-102.0
MULT,5,train,449,-150.0
MULT,5,train,450,-108.0
MULT,5,train,451,-103.0
MULT,5,train,452,-117.0
MULT,5,train,453,-89.0
MULT,5,train,454,-86.0
MULT,5,train,455,-77.0
MULT,5,train,456,-108.0
MULT,5,train,457,-111.0
MULT,5,train,458,-105.0
MULT,5,train,459,-110.0
MULT,5,train,460,-72.0
MULT,5,train,461,-84.0
MULT,5,train,462,-88.0
MULT,5,train,463,-81.0
MULT,5,train,464,-76.0
MULT,5,train,465,-63.0
MULT,5,train,466,-141.0
MULT,5,train,467,-74.0
MULT,5,train,468,-76.0
MULT,5,train,469,-115.0
MULT,5,train,470,-76.0
MULT,5,train,471,-76.0
MULT,5,train,472,-93.0
MULT,5,train,473,-101.0
MULT,5,train,474,-87.0
MULT,5,train,475,-91.0
MULT,5,train,476,-148.0
MULT,5,train,477,-114.0
MULT,5,train,478,-77.0
MULT,5,train,479,-82.0
MULT,5,train,480,-96.0
MULT,5,train,481,-110.0
MULT,5,train,482,-93.0
MULT,5,train,483,-103.0
MULT,5,train,484,-91.0
MULT,5,train,485,-62.0
MULT,5,train,486,-97.0
MULT,5,train,487,-87.0
MULT,5,train,488,-100.0
MULT,5,train,489,-92.0
MULT,5,train,490,-101.0
MULT,5,train,491,-113.0
MULT,5,train,492,-100.0
MULT,5,train,493,-95.0
MULT,5,train,494,-91.0
MULT,5,train,495,-86.0
MULT,5,train,496,-108.0
MULT,5,train,497,-101.0
MULT,5,train,498,-100.0
MULT,5,train,499,-80.0
MULT,5,train,500,-106.0
MULT,6,train,1,-324.0
MULT,6,train,2,-467.0
MULT,6,train,3,-500.0
MULT,6,train,4,-500.0
MULT,6,train,5,-500.0
MULT,6,train,6,-500.0
MULT,6,train,7,-168.0
MULT,6,train,8,-111.0
MULT,6,train,9,-134.0
MULT,6,train,10,-132.0
MULT,6,train,11,-98.0
MULT,6,train,12,-500.0
MULT,6,train,13,-202.0
MULT,6,train,14,-295.0
MULT,6,train,15,-500.0
MULT,6,train,16,-500.0
MULT,6,train,17,-500.0
MULT,6,train,18,-500.0
MULT,6,train,19,-437.0
MULT,6,train,20,-500.0
MULT,6,train,21,-500.0
MULT,6,train,22,-500.0
MULT,6,train,23,-500.0
MULT,6,train,24,-328.0
MULT,6,train,25,-500.0
MULT,6,train,26,-500.0
MULT,6,train,27,-500.0
MULT,6,train,28,-500.0
MULT,6,train,29,-500.0
MULT,6,train,30,-500.0
MULT,6,train,31,-500.0
MULT,6,train,32,-500.0
MULT,6,train,33,-500.0
MULT,6,train,34,-500.0
MULT,6,train,35,-500.0
MULT,6,train,36,-500.0
MULT,6,train,37,-376.0
MULT,6,train,38,-474.0
MULT,6,train,39,-243.0
MULT,6,train,40,-458.0
MULT,6,train,41,-500.0
MULT,6,train,42,-216.0
MULT,6,train,43,-147.0
MULT,6,train,44,-171.0
MULT,6,train,45,-500.0
MULT,6,train,46,-207.0
MULT,6,train,47,-500.0
MULT,6,train,48,-311.0
MULT,6,train,49,-349.0
MULT,6,train,50,-500.0
MULT,6,train,51,-218.0
MULT,6,train,52,-500.0
MULT,6,train,53,-410.0
MULT,6,train,54,-500.0
MULT,6,train,55,-248.0
MULT,6,train,56,-235.0
MULT,6,train,57,-262.0
MULT,6,train,58,-497.0
MULT,6,train,59,-331.0
MULT,6,train,60,-193.0
MULT,6,train,61,-117.0
MULT,6,train,62,-220.0
MULT,6,train,63,-167.0
MULT,6,train,64,-390.0
MULT,6,train,65,-500.0
MULT,6,train,66,-135.0
MULT,6,train,67,-73.0
MULT,6,train,68,-236.0
MULT,6,train,69,-390.0
MULT,6,train,70,-126.0
MULT,6,train,71,-83.0
MULT,6,train,72,-122.0
MULT,6,train,73,-96.0
MULT,6,train,74,-366.0
MULT,6,train,75,-500.0
MULT,6,train,76,-161.0
MULT,6,train,77,-175.0
MULT,6,train,78,-279.0
MULT,6,train,79,-108.0
MULT,6,train,80,-433.0
MULT,6,train,81,-177.0
MULT,6,train,82,-132.0
MULT,6,train,83,-327.0
MULT,6,train,84,-102.0
MULT,6,train,85,-150.0
MULT,6,train,86,-122.0
MULT,6,train,87,-129.0
MULT,6,train,88,-356.0
MULT,6,train,89,-132.0
MULT,6,train,90,-233.0
MULT,6,train,91,-144.0
MULT,6,train,92,-300.0
MULT,6,train,93,-149.0
MULT,6,train,94,-157.0
MULT,6,train,95,-332.0
MULT,6,train,96,-218.0
MULT,6,train,97,-78.0
MULT,6,train,98,-127.0
MULT,6,train,99,-102.0
MULT,6,train,100,-112.0
MULT,6,train,101,-105.0
MULT,6,train,102,-87.0
MULT,6,train,103,-103.0
MULT,6,train,104,-101.0
MULT,6,train,105,-108.0
MULT,6,train,106,-101.0
MULT,6,train,107,-118.0
MULT,6,train,108,-127.0
MULT,6,train,109,-93.0
MULT,6,train,110,-113.0
MULT,6,train,111,-119.0
MULT,6,train,112,-111.0
MULT,6,train,113,-205.0
MULT,6,train,114,-101.0
MULT,6,train,115,-127.0
MULT,6,train,116,-169.0
MULT,6,train,117,-105.0
MULT,6,train,118,-116.0
MULT,6,train,119,-95.0
MULT,6,train,120,-129.0
MULT,6,train,121,-94.0
MULT,6,train,122,-113.0
MULT,6,train,123,-72.0
MULT,6,train,124,-196.0
MULT,6,train,125,-106.0
MULT,6,train,126,-262.0
MULT,6,train,127,-101.0
MULT,6,train,128,-151.0
MULT,6,train,129,-88.0
MULT,6,train,130,-79.0
MULT,6,train,131,-101.0
MULT,6,train,132,-85.0
MULT,6,train,133,-147.0
MULT,6,train,134,-100.0
MULT,6,train,135,-116.0
MULT,6,train,136,-131.0
MULT,6,train,137,-109.0
MULT,6,train,138,-83.0
MULT,6,train,139,-183.0
MULT,6,train,140,-76.0
MULT,6,train,141,-90.0
MULT,6,train,142,-99.0
MULT,6,train,143,-165.0
MULT,6,train,144,-141.0
MULT,6,train,145,-89.0
MULT,6,train,146,-98.0
MULT,6,train,147,-135.0
MULT,6,train,148,-143.0
MULT,6,train,149,-107.0
MULT,6,train,150,-100.0
MULT,6,train,151,-82.0
MULT,6,train,152,-84.0
MULT,6,train,153,-130.0
MULT,6,train,154,-105.0
MULT,6,train,155,-96.0
MULT,6,train,156,-87.0
MULT,6,train,157,-85.0
MULT,6,train,158,-100.0
MULT,6,train,159,-121.0
MULT,6,train,160,-114.0
MULT,6,train,161,-118.0
MULT,6,train,162,-85.0
MULT,6,train,163,-112.0
MULT,6,train,164,-137.0
MULT,6,train,165,-81.0
MULT,6,train,166,-86.0
MULT,6,train,167,-114.0
MULT,6,train,168,-70.0
MULT,6,train,169,-83.0
MULT,6,train,170,-86.0
MULT,6,train,171,-79.0
MULT,6,train,172,-183.0
MULT,6,train,173,-95.0
MULT,6,train,174,-132.0
MULT,6,train,175,-123.0
MULT,6,train,176,-87.0
MULT,6,train,177,-108.0
MULT,6,train,178,-123.0
MULT,6,train,179,-91.0
MULT,6,train,180,-119.0
MULT,6,train,181,-97.0
MULT,6,train,182,-101.0
MULT,6,train,183,-103.0
MULT,6,train,184,-101.0
MULT,6,train,185,-109.0
MULT,6,train,186,-75.0
MULT,6,train,187,-112.0
MULT,6,train,188,-93.0
MULT,6,train,189,-177.0
MULT,6,train,190,-99.0
MULT,6,train,191,-92.0
MULT,6,train,192,-135.0
MULT,6,train,193,-97.0
MULT,6,train,194,-85.0
MULT,6,train,195,-135.0
MULT,6,train,196,-71.0
MULT,6,train,197,-84.0
MULT,6,train,198,-111.0
MULT,6,train,199,-97.0
MULT,6,train,200,-97.0
MULT,6,train,201,-128.0
MULT,6,train,202,-89.0
MULT,6,train,203,-68.0
MULT,6,train,204,-115.0
MULT,6,train,205,-105.0
MULT,6,train,206,-76.0
MULT,6,train,207,-75.0
MULT,6,train,208,-95.0
MULT,6,train,209,-100.0
MULT,6,train,210,-124.0
MULT,6,train,211,-88.0
MULT,6,train,212,-92.0
MULT,6,train,213,-88.0
MULT,6,train,214,-94.0
MULT,6,train,215,-103.0
MULT,6,train,216,-79.0
MULT,6,train,217,-85.0
MULT,6,train,218,-86.0
MULT,6,train,219,-85.0
MULT,6,train,220,-76.0
MULT,6,train,221,-76.0
MULT,6,train,222,-75.0
MULT,6,train,223,-98.0
MULT,6,train,224,-91.0
MULT,6,train,225,-83.0
MULT,6,train,226,-87.0
MULT,6,train,227,-101.0
MULT,6,train,228,-84.0
MULT,6,train,229,-100.0
MULT,6,train,230,-116.0
MULT,6,train,231,-71.0
MULT,6,train,232,-82.0
MULT,6,train,233,-77.0
MULT,6,train,234,-77.0
MULT,6,train,235,-83.0
MULT,6,train,236,-69.0
MULT,6,train,237,-105.0
MULT,6,train,238,-69.0
MULT,6,train,239,-91.0
MULT,6,train,240,-102.0
MULT,6,train,241,-77.0
MULT,6,train,242,-108.0
MULT,6,train,243,-88.0
MULT,6,train,244,-75.0
MULT,6,train,245,-86.0
MULT,6,train,246,-82.0
MULT,6,train,247,-82.0
MULT,6,train,248,-90.0
MULT,6,train,249,-82.0
MULT,6,train,250,-116.0
MULT,6,train,251,-111.0
MULT,6,train,252,-106.0
MULT,6,train,253,-78.0
MULT,6,train,254,-80.0
MULT,6,train,255,-100.0
MULT,6,train,256,-100.0
MULT,6,train,257,-92.0
MULT,6,train,258,-98.0
MULT,6,train,259,-75.0
MULT,6,train,260,-74.0
MULT,6,train,261,-94.0
MULT,6,train,262,-90.0
MULT,6,train,263,-78.0
MULT,6,train,264,-97.0
MULT,6,train,265,-91.0
MULT,6,train,266,-76.0
MULT,6,train,267,-82.0
MULT,6,train,268,-92.0
MULT,6,train,269,-85.0
MULT,6,train,270,-107.0
MULT,6,train,271,-121.0
MULT,6,train,272,-100.0
MULT,6,train,273,-107.0
MULT,6,train,274,-100.0
MULT,6,train,275,-114.0
MULT,6,train,276,-84.0
MULT,6,train,277,-83.0
MULT,6,train,278,-84.0
MULT,6,train,279,-137.0
MULT,6,train,280,-89.0
MULT,6,train,281,-95.0
MULT,6,train,282,-87.0
MULT,6,train,283,-118.0
MULT,6,train,284,-77.0
MULT,6,train,285,-93.0
MULT,6,train,286,-85.0
MULT,6,train,287,-128.0
MULT,6,train,288,-114.0
MULT,6,train,289,-105.0
MULT,6,train,290,-105.0
MULT,6,train,291,-116.0
MULT,6,train,292,-90.0
MULT,6,train,293,-106.0
MULT,6,train,294,-89.0
MULT,6,train,295,-100.0
MULT,6,train,296,-95.0
MULT,6,train,297,-107.0
MULT,6,train,298,-92.0
MULT,6,train,299,-85.0
MULT,6,train,300,-83.0
MULT,6,train,301,-95.0
MULT,6,train,302,-86.0
MULT,6,train,303,-174.0
MULT,6,train,304,-94.0
MULT,6,train,305,-84.0
MULT,6,train,306,-85.0
MULT,6,train,307,-76.0
MULT,6,train,308,-86.0
MULT,6,train,309,-74.0
MULT,6,train,310,-93.0
MULT,6,train,311,-63.0
MULT,6,train,312,-103.0
MULT,6,train,313,-84.0
MULT,6,train,314,-129.0
MULT,6,train,315,-116.0
MULT,6,train,316,-94.0
MULT,6,train,317,-65.0
MULT,6,train,318,-116.0
MULT,6,train,319,-99.0
MULT,6,train,320,-98.0
MULT,6,train,321,-85.0
MULT,6,train,322,-100.0
MULT,6,train,323,-98.0
MULT,6,train,324,-112.0
MULT,6,train,325,-127.0
MULT,6,train,326,-85.0
MULT,6,train,327,-134.0
MULT,6,train,328,-149.0
MULT,6,train,329,-69.0
MULT,6,train,330,-173.0
MULT,6,train,331,-96.0
MULT,6,train,332,-85.0
MULT,6,train,333,-98.0
MULT,6,train,334,-81.0
MULT,6,train,335,-97.0
MULT,6,train,336,-128.0
MULT,6,train,337,-83.0
MULT,6,train,338,-97.0
MULT,6,train,339,-92.0
MULT,6,train,340,-76.0
MULT,6,train,341,-76.0
MULT,6,train,342,-129.0
MULT,6,train,343,-79.0
MULT,6,train,344,-98.0
MULT,6,train,345,-82.0
MULT,6,train,346,-90.0
MULT,6,train,347,-93.0
MULT,6,train,348,-100.0
MULT,6,train,349,-75.0
MULT,6,train,350,-89.0
MULT,6,train,351,-105.0
MULT,6,train,352,-98.0
MULT,6,train,353,-86.0
MULT,6,train,354,-75.0
MULT,6,train,355,-109.0
MULT,6,train,356,-76.0
MULT,6,train,357,-116.0
MULT,6,train,358,-83.0
MULT,6,train,359,-84.0
MULT,6,train,360,-134.0
MULT,6,train,361,-123.0
MULT,6,train,362,-89.0
MULT,6,train,363,-83.0
MULT,6,train,364,-76.0
MULT,6,train,365,-78.0
MULT,6,train,366,-111.0
MULT,6,train,367,-103.0
MULT,6,train,368,-82.0
MULT,6,train,369,-114.0
MULT,6,train,370,-104.0
MULT,6,train,371,-69.0
MULT,6,train,372,-66.0
MULT,6,train,373,-79.0
MULT,6,train,374,-100.0
MULT,6,train,375,-115.0
MULT,6,train,376,-99.0
MULT,6,train,377,-88.0
MULT,6,train,378,-268.0
MULT,6,train,379,-85.0
MULT,6,train,380,-97.0
MULT,6,train,381,-75.0
MULT,6,train,382,-89.0
MULT,6,train,383,-112.0
MULT,6,train,384,-75.0
MULT,6,train,385,-103.0
MULT,6,train,386,-100.0
MULT,6,train,387,-98.0
MULT,6,train,388,-158.0
MULT,6,train,389,-75.0
MULT,6,train,390,-92.0
MULT,6,train,391,-82.0
MULT,6,train,392,-82.0
MULT,6,train,393,-92.0
MULT,6,train,394,-69.0
MULT,6,train,395,-74.0
MULT,6,train,396,-77.0
MULT,6,train,397,-94.0
MULT,6,train,398,-84.0
MULT,6,train,399,-93.0
MULT,6,train,400,-118.0
MULT,6,train,401,-113.0
MULT,6,train,402,-91.0
MULT,6,train,403,-109.0
MULT,6,train,404,-93.0
MULT,6,train,405,-98.0
MULT,6,train,406,-83.0
MULT,6,train,407,-95.0
MULT,6,train,408,-100.0
MULT,6,train,409,-87.0
MULT,6,train,410,-79.0
MULT,6,train,411,-117.0
MULT,6,train,412,-70.0
MULT,6,train,413,-105.0
MULT,6,train,414,-87.0
MULT,6,train,415,-94.0
MULT,6,train,416,-77.0
MULT,6,train,417,-119.0
MULT,6,train,418,-141.0
MULT,6,train,419,-99.0
MULT,6,train,420,-71.0
MULT,6,train,421,-93.0
MULT,6,train,422,-213.0
MULT,6,train,423,-99.0
MULT,6,train,424,-105.0
MULT,6,train,425,-104.0
MULT,6,train,426,-135.0
MULT,6,train,427,-85.0
MULT,6,train,428,-81.0
MULT,6,train,429,-74.0
MULT,6,train,430,-78.0
MULT,6,train,431,-90.0
MULT,6,train,432,-89.0
MULT,6,train,433,-125.0
MULT,6,train,434,-121.0
MULT,6,train,435,-89.0
MULT,6,train,436,-181.0
MULT,6,train,437,-90.0
MULT,6,train,438,-77.0
MULT,6,train,439,-103.0
MULT,6,train,440,-121.0
MULT,6,train,441,-101.0
MULT,6,train,442,-87.0
MULT,6,train,443,-103.0
MULT,6,train,444,-77.0
MULT,6,train,445,-78.0
MULT,6,train,446,-112.0
MULT,6,train,447,-88.0
MULT,6,train,448,-99.0
MULT,6,train,449,-117.0
MULT,6,train,450,-85.0
MULT,6,train,451,-82.0
MULT,6,train,452,-158.0
MULT,6,train,453,-91.0
MULT,6,train,454,-86.0
MULT,6,train,455,-188.0
MULT,6,train,456,-74.0
MULT,6,train,457,-63.0
MULT,6,train,458,-78.0
MULT,6,train,459,-69.0
MULT,6,train,460,-94.0
MULT,6,train,461,-92.0
MULT,6,train,462,-84.0
MULT,6,train,463,-116.0
MULT,6,train,464,-71.0
MULT,6,train,465,-88.0
MULT,6,train,466,-148.0
MULT,6,train,467,-70.0
MULT,6,train,468,-107.0
MULT,6,train,469,-86.0
MULT,6,train,470,-77.0
MULT,6,train,471,-67.0
MULT,6,train,472,-74.0
MULT,6,train,473,-102.0
MULT,6,train,474,-104.0
MULT,6,train,475,-84.0
MULT,6,train,476,-99.0
MULT,6,train,477,-103.0
MULT,6,train,478,-89.0
MULT,6,train,479,-100.0
MULT,6,train,480,-103.0
MULT,6,train,481,-74.0
MULT,6,train,482,-62.0
MULT,6,train,483,-103.0
MULT,6,train,484,-75.0
MULT,6,train,485,-76.0
MULT,6,train,486,-75.0
MULT,6,train,487,-94.0
MULT,6,train,488,-95.0
MULT,6,train,489,-107.0
MULT,6,train,490,-119.0
MULT,6,train,491,-77.0
MULT,6,train,492,-138.0
MULT,6,train,493,-91.0
MULT,6,train,494,-95.0
MULT,6,train,495,-106.0
MULT,6,train,496,-107.0
MULT,6,train,497,-92.0
MULT,6,train,498,-106.0
MULT,6,train,499,-92.0
MULT,6,train,500,-100.0
MULT,7,train,1,-500.0
MULT,7,train,2,-500.0
MULT,7,train,3,-500.0
MULT,7,train,4,-500.0
MULT,7,train,5,-500.0
MULT,7,train,6,-500.0
MULT,7,train,7,-500.0
MULT,7,train,8,-332.0
MULT,7,train,9,-375.0
MULT,7,train,10,-115.0
MULT,7,train,11,-129.0
MULT,7,train,12,-182.0
MULT,7,train,13,-222.0
MULT,7,train,14,-134.0
MULT,7,train,15,-202.0
MULT,7,train,16,-111.0
MULT,7,train,17,-174.0
MULT,7,train,18,-163.0
MULT,7,train,19,-146.0
MULT,7,train,20,-150.0
MULT,7,train,21,-157.0
MULT,7,train,22,-124.0
MULT,7,train,23,-350.0
MULT,7,train,24,-129.0
MULT,7,train,25,-117.0
MULT,7,train,26,-278.0
MULT,7,train,27,-192.0
MULT,7,train,28,-500.0
MULT,7,train,29,-277.0
MULT,7,train,30,-246.0
MULT,7,train,31,-500.0
MULT,7,train,32,-186.0
MULT,7,train,33,-130.0
MULT,7,train,34,-500.0
MULT,7,train,35,-500.0
MULT,7,train,36,-486.0
MULT,7,train,37,-451.0
MULT,7,train,38,-234.0
MULT,7,train,39,-187.0
MULT,7,train,40,-263.0
MULT,7,train,41,-189.0
MULT,7,train,42,-500.0
MULT,7,train,43,-285.0
MULT,7,train,44,-500.0
MULT,7,train,45,-259.0
MULT,7,train,46,-500.0
MULT,7,train,47,-500.0
MULT,7,train,48,-500.0
MULT,7,train,49,-500.0
MULT,7,train,50,-259.0
MULT,7,train,51,-500.0
MULT,7,train,52,-461.0
MULT,7,train,53,-193.0
MULT,7,train,54,-211.0
MULT,7,train,55,-138.0
MULT,7,train,56,-222.0
MULT,7,train,57,-230.0
MULT,7,train,58,-193.0
MULT,7,train,59,-500.0
MULT,7,train,60,-319.0
MULT,7,train,61,-410.0
MULT,7,train,62,-186.0
MULT,7,train,63,-500.0
MULT,7,train,64,-500.0
MULT,7,train,65,-500.0
MULT,7,train,66,-500.0
MULT,7,train,67,-471.0
MULT,7,train,68,-229.0
MULT,7,train,69,-378.0
MULT,7,train,70,-500.0
MULT,7,train,71,-500.0
MULT,7,train,72,-475.0
MULT,7,train,73,-187.0
MULT,7,train,74,-144.0
MULT,7,train,75,-226.0
MULT,7,train,76,-96.0
MULT,7,train,77,-291.0
MULT,7,train,78,-135.0
MULT,7,train,79,-500.0
MULT,7,train,80,-276.0
MULT,7,train,81,-280.0
MULT,7,train,82,-171.0
MULT,7,train,83,-96.0
MULT,7,train,84,-323.0
MULT,7,train,85,-500.0
MULT,7,train,86,-323.0
MULT,7,train,87,-500.0
MULT,7,train,88,-184.0
MULT,7,train,89,-175.0
MULT,7,train,90,-221.0
MULT,7,train,91,-152.0
MULT,7,train,92,-500.0
MULT,7,train,93,-224.0
MULT,7,train,94,-309.0
MULT,7,train,95,-125.0
MULT,7,train,96,-118.0
MULT,7,train,97,-117.0
MULT,7,train,98,-156.0
MULT,7,train,99,-500.0
MULT,7,train,100,-500.0
MULT,7,train,101,-202.0
MULT,7,train,102,-500.0
MULT,7,train,103,-121.0
MULT,7,train,104,-167.0
MULT,7,train,105,-237.0
MULT,7,train,106,-500.0
MULT,7,train,107,-249.0
MULT,7,train,108,-411.0
MULT,7,train,109,-227.0
MULT,7,train,110,-145.0
MULT,7,train,111,-149.0
MULT,7,train,112,-122.0
MULT,7,train,113,-140.0
MULT,7,train,114,-119.0
MULT,7,train,115,-155.0
MULT,7,train,116,-163.0
MULT,7,train,117,-118.0
MULT,7,train,118,-153.0
MULT,7,train,119,-272.0
MULT,7,train,120,-129.0
MULT,7,train,121,-118.0
MULT,7,train,122,-138.0
MULT,7,train,123,-500.0
MULT,7,train,124,-129.0
MULT,7,train,125,-131.0
MULT,7,train,126,-126.0
MULT,7,train,127,-187.0
MULT,7,train,128,-148.0
MULT,7,train,129,-187.0
MULT,7,train,130,-211.0
MULT,7,train,131,-95.0
MULT,7,train,132,-205.0
MULT,7,train,133,-354.0
MULT,7,train,134,-119.0
MULT,7,train,135,-163.0
MULT,7,train,136,-289.0
MULT,7,train,137,-213.0
MULT,7,train,138,-128.0
MULT,7,train,139,-109.0
MULT,7,train,140,-158.0
MULT,7,train,141,-159.0
MULT,7,train,142,-210.0
MULT,7,train,143,-167.0
MULT,7,train,144,-176.0
MULT,7,train,145,-200.0
MULT,7,train,146,-100.0
MULT,7,train,147,-127.0
MULT,7,train,148,-85.0
MULT,7,train,149,-97.0
MULT,7,train,150,-156.0
MULT,7,train,151,-131.0
MULT,7,train,152,-154.0
MULT,7,train,153,-167.0
MULT,7,train,154,-170.0
MULT,7,train,155,-124.0
MULT,7,train,156,-92.0
MULT,7,train,157,-111.0
MULT,7,train,158,-207.0
MULT,7,train,159,-141.0
MULT,7,train,160,-128.0
MULT,7,train,161,-96.0
MULT,7,train,162,-144.0
MULT,7,train,163,-208.0
MULT,7,train,164,-113.0
MULT,7,train,165,-85.0
MULT,7,train,166,-159.0
MULT,7,train,167,-143.0
MULT,7,train,168,-128.0
MULT,7,train,169,-158.0
MULT,7,train,170,-78.0
MULT,7,train,171,-155.0
MULT,7,train,172,-166.0
MULT,7,train,173,-87.0
MULT,7,train,174,-109.0
MULT,7,train,175,-93.0
MULT,7,train,176,-157.0
MULT,7,train,177,-90.0
MULT,7,train,178,-109.0
MULT,7,train,179,-147.0
MULT,7,train,180,-134.0
MULT,7,train,181,-163.0
MULT,7,train,182,-76.0
MULT,7,train,183,-91.0
MULT,7,train,184,-181.0
MULT,7,train,185,-99.0
MULT,7,train,186,-87.0
MULT,7,train,187,-159.0
MULT,7,train,188,-103.0
MULT,7,train,189,-116.0
MULT,7,train,190,-114.0
MULT,7,train,191,-104.0
MULT,7,train,192,-89.0
MULT,7,train,193,-86.0
MULT,7,train,194,-109.0
MULT,7,train,195,-119.0
MULT,7,train,196,-121.0
MULT,7,train,197,-97.0
MULT,7,train,198,-165.0
MULT,7,train,199,-190.0
MULT,7,train,200,-258.0
MULT,7,train,201,-113.0
MULT,7,train,202,-106.0
MULT,7,train,203,-120.0
MULT,7,train,204,-103.0
MULT,7,train,205,-97.0
MULT,7,train,206,-158.0
MULT,7,train,207,-92.0
MULT,7,train,208,-126.0
MULT,7,train,209,-87.0
MULT,7,train,210,-64.0
MULT,7,train,211,-205.0
MULT,7,train,212,-124.0
MULT,7,train,213,-106.0
MULT,7,train,214,-121.0
MULT,7,train,215,-91.0
MULT,7,train,216,-207.0
MULT,7,train,217,-85.0
MULT,7,train,218,-127.0
MULT,7,train,219,-125.0
MULT,7,train,220,-126.0
MULT,7,train,221,-124.0
MULT,7,train,222,-84.0
MULT,7,train,223,-106.0
MULT,7,train,224,-179.0
MULT,7,train,225,-153.0
MULT,7,train,226,-139.0
MULT,7,train,227,-114.0
MULT,7,train,228,-102.0
MULT,7,train,229,-144.0
MULT,7,train,230,-85.0
MULT,7,train,231,-86.0
MULT,7,train,232,-147.0
MULT,7,train,233,-93.0
MULT,7,train,234,-105.0
MULT,7,train,235,-108.0
MULT,7,train,236,-117.0
MULT,7,train,237,-114.0
MULT,7,train,238,-235.0
MULT,7,train,239,-87.0
MULT,7,train,240,-151.0
MULT,7,train,241,-290.0
MULT,7,train,242,-199.0
MULT,7,train,243,-115.0
MULT,7,train,244,-100.0
MULT,7,train,245,-125.0
MULT,7,train,246,-92.0
MULT,7,train,247,-92.0
MULT,7,train,248,-142.0
MULT,7,train,249,-153.0
MULT,7,train,250,-96.0
MULT,7,train,251,-120.0
MULT,7,train,252,-82.0
MULT,7,train,253,-88.0
MULT,7,train,254,-111.0
MULT,7,train,255,-95.0
MULT,7,train,256,-130.0
MULT,7,train,257,-128.0
MULT,7,train,258,-151.0
MULT,7,train,259,-110.0
MULT,7,train,260,-100.0
MULT,7,train,261,-104.0
MULT,7,train,262,-165.0
MULT,7,train,263,-125.0
MULT,7,train,264,-86.0
MULT,7,train,265,-251.0
MULT,7,train,266,-99.0
MULT,7,train,267,-255.0
MULT,7,train,268,-91.0
MULT,7,train,269,-81.0
MULT,7,train,270,-123.0
MULT,7,train,271,-101.0
MULT,7,train,272,-86.0
MULT,7,train,273,-63.0
MULT,7,train,274,-139.0
MULT,7,train,275,-94.0
MULT,7,train,276,-79.0
MULT,7,train,277,-78.0
MULT,7,train,278,-111.0
MULT,7,train,279,-92.0
MULT,7,train,280,-122.0
MULT,7,train,281,-103.0
MULT,7,train,282,-90.0
MULT,7,train,283,-86.0
MULT,7,train,284,-126.0
MULT,7,train,285,-150.0
MULT,7,train,286,-84.0
MULT,7,train,287,-122.0
MULT,7,train,288,-81.0
MULT,7,train,289,-146.0
MULT,7,train,290,-103.0
MULT,7,train,291,-101.0
MULT,7,train,292,-97.0
MULT,7,train,293,-91.0
MULT,7,train,294,-123.0
MULT,7,train,295,-80.0
MULT,7,train,296,-104.0
MULT,7,train,297,-76.0
MULT,7,train,298,-165.0
MULT,7,train,299,-134.0
MULT,7,train,300,-134.0
MULT,7,train,301,-116.0
MULT,7,train,302,-100.0
MULT,7,train,303,-154.0
MULT,7,train,304,-145.0
MULT,7,train,305,-116.0
MULT,7,train,306,-94.0
MULT,7,train,307,-105.0
MULT,7,train,308,-105.0
MULT,7,train,309,-90.0
MULT,7,train,310,-121.0
MULT,7,train,311,-64.0
MULT,7,train,312,-500.0
MULT,7,train,313,-129.0
MULT,7,train,314,-74.0
MULT,7,train,315,-105.0
MULT,7,train,316,-155.0
MULT,7,train,317,-88.0
MULT,7,train,318,-84.0
MULT,7,train,319,-307.0
MULT,7,train,320,-116.0
MULT,7,train,321,-88.0
MULT,7,train,322,-86.0
MULT,7,train,323,-96.0
MULT,7,train,324,-94.0
MULT,7,train,325,-90.0
MULT,7,train,326,-105.0
MULT,7,train,327,-103.0
MULT,7,train,328,-133.0
MULT,7,train,329,-84.0
MULT,7,train,330,-87.0
MULT,7,train,331,-84.0
MULT,7,train,332,-75.0
MULT,7,train,333,-75.0
MULT,7,train,334,-103.0
MULT,7,train,335,-171.0
MULT,7,train,336,-90.0
MULT,7,train,337,-104.0
MULT,7,train,338,-96.0
MULT,7,train,339,-71.0
MULT,7,train,340,-86.0
MULT,7,train,341,-102.0
MULT,7,train,342,-106.0
MULT,7,train,343,-84.0
MULT,7,train,344,-87.0
MULT,7,train,345,-104.0
MULT,7,train,346,-80.0
MULT,7,train,347,-98.0
MULT,7,train,348,-84.0
MULT,7,train,349,-88.0
MULT,7,train,350,-96.0
MULT,7,train,351,-107.0
MULT,7,train,352,-86.0
MULT,7,train,353,-237.0
MULT,7,train,354,-86.0
MULT,7,train,355,-107.0
MULT,7,train,356,-96.0
MULT,7,train,357,-176.0
MULT,7,train,358,-115.0
MULT,7,train,359,-107.0
MULT,7,train,360,-77.0
MULT,7,train,361,-79.0
MULT,7,train,362,-83.0
MULT,7,train,363,-141.0
MULT,7,train,364,-87.0
MULT,7,train,365,-95.0
MULT,7,train,366,-92.0
MULT,7,train,367,-93.0
MULT,7,train,368,-90.0
MULT,7,train,369,-85.0
MULT,7,train,370,-104.0
MULT,7,train,371,-91.0
MULT,7,train,372,-141.0
MULT,7,train,373,-93.0
MULT,7,train,374,-93.0
MULT,7,train,375,-96.0
MULT,7,train,376,-76.0
MULT,7,train,377,-101.0
MULT,7,train,378,-114.0
MULT,7,train,379,-141.0
MULT,7,train,380,-105.0
MULT,7,train,381,-116.0
MULT,7,train,382,-87.0
MULT,7,train,383,-113.0
MULT,7,train,384,-113.0
MULT,7,train,385,-190.0
MULT,7,train,386,-116.0
MULT,7,train,387,-79.0
MULT,7,train,388,-63.0
MULT,7,train,389,-88.0
MULT,7,train,390,-134.0
MULT,7,train,391,-211.0
MULT,7,train,392,-101.0
MULT,7,train,393,-71.0
MULT,7,train,394,-134.0
MULT,7,train,395,-110.0
MULT,7,train,396,-90.0
MULT,7,train,397,-78.0
MULT,7,train,398,-91.0
MULT,7,train,399,-137.0
MULT,7,train,400,-248.0
MULT,7,train,401,-90.0
MULT,7,train,402,-118.0
MULT,7,train,403,-92.0
MULT,7,train,404,-92.0
MULT,7,train,405,-124.0
MULT,7,train,406,-103.0
MULT,7,train,407,-125.0
MULT,7,train,408,-88.0
MULT,7,train,409,-93.0
MULT,7,train,410,-77.0
MULT,7,train,411,-93.0
MULT,7,train,412,-130.0
MULT,7,train,413,-125.0
MULT,7,train,414,-104.0
MULT,7,train,415,-97.0
MULT,7,train,416,-104.0
MULT,7,train,417,-94.0
MULT,7,train,418,-110.0
MULT,7,train,419,-86.0
MULT,7,train,420,-111.0
MULT,7,train,421,-92.0
MULT,7,train,422,-111.0
MULT,7,train,423,-85.0
MULT,7,train,424,-114.0
MULT,7,train,425,-100.0
MULT,7,train,426,-95.0
MULT,7,train,427,-119.0
MULT,7,train,428,-97.0
MULT,7,train,429,-129.0
MULT,7,train,430,-84.0
MULT,7,train,431,-94.0
MULT,7,train,432,-112.0
MULT,7,train,433,-83.0
MULT,7,train,434,-99.0
MULT,7,train,435,-83.0
MULT,7,train,436,-96.0
MULT,7,train,437,-80.0
MULT,7,train,438,-89.0
MULT,7,train,439,-118.0
MULT,7,train,440,-99.0
MULT,7,train,441,-104.0
MULT,7,train,442,-113.0
MULT,7,train,443,-79.0
MULT,7,train,444,-103.0
MULT,7,train,445,-95.0
MULT,7,train,446,-85.0
MULT,7,train,447,-82.0
MULT,7,train,448,-92.0
MULT,7,train,449,-127.0
MULT,7,train,450,-84.0
MULT,7,train,451,-128.0
MULT,7,train,452,-91.0
MULT,7,train,453,-73.0
MULT,7,train,454,-91.0
MULT,7,train,455,-87.0
MULT,7,train,456,-84.0
MULT,7,train,457,-104.0
MULT,7,train,458,-90.0
MULT,7,train,459,-142.0
MULT,7,train,460,-92.0
MULT,7,train,461,-222.0
MULT,7,train,462,-96.0
MULT,7,train,463,-85.0
MULT,7,train,464,-94.0
MULT,7,train,465,-155.0
MULT,7,train,466,-119.0
MULT,7,train,467,-111.0
MULT,7,train,468,-86.0
MULT,7,train,469,-101.0
MULT,7,train,470,-78.0
MULT,7,train,471,-103.0
MULT,7,train,472,-127.0
MULT,7,train,473,-102.0
MULT,7,train,474,-107.0
MULT,7,train,475,-95.0
MULT,7,train,476,-84.0
MULT,7,train,477,-84.0
MULT,7,train,478,-106.0
MULT,7,train,479,-98.0
MULT,7,train,480,-91.0
MULT,7,train,481,-123.0
MULT,7,train,482,-116.0
MULT,7,train,483,-116.0
MULT,7,train,484,-124.0
MULT,7,train,485,-85.0
MULT,7,train,486,-96.0
MULT,7,train,487,-94.0
MULT,7,train,488,-402.0
MULT,7,train,489,-110.0
MULT,7,train,490,-101.0
MULT,7,train,491,-241.0
MULT,7,train,492,-62.0
MULT,7,train,493,-84.0
MULT,7,train,494,-101.0
MULT,7,train,495,-72.0
MULT,7,train,496,-84.0
MULT,7,train,497,-97.0
MULT,7,train,498,-87.0
MULT,7,train,499,-89.0
MULT,7,train,500,-98.0
MULT,8,train,1,-494.0
MULT,8,train,2,-500.0
MULT,8,train,3,-500.0
MULT,8,train,4,-500.0
MULT,8,train,5,-500.0
MULT,8,train,6,-500.0
MULT,8,train,7,-500.0
MULT,8,train,8,-500.0
MULT,8,train,9,-328.0
MULT,8,train,10,-262.0
MULT,8,train,11,-410.0
MULT,8,train,12,-118.0
MULT,8,train,13,-280.0
MULT,8,train,14,-313.0
MULT,8,train,15,-132.0
MULT,8,train,16,-163.0
MULT,8,train,17,-181.0
MULT,8,train,18,-223.0
MULT,8,train,19,-267.0
MULT,8,train,20,-158.0
MULT,8,train,21,-230.0
MULT,8,train,22,-149.0
MULT,8,train,23,-150.0
MULT,8,train,24,-180.0
MULT,8,train,25,-142.0
MULT,8,train,26,-255.0
MULT,8,train,27,-174.0
MULT,8,train,28,-253.0
MULT,8,train,29,-170.0
MULT,8,train,30,-293.0
MULT,8,train,31,-222.0
MULT,8,train,32,-500.0
MULT,8,train,33,-379.0
MULT,8,train,34,-500.0
MULT,8,train,35,-259.0
MULT,8,train,36,-405.0
MULT,8,train,37,-194.0
MULT,8,train,38,-420.0
MULT,8,train,39,-151.0
MULT,8,train,40,-183.0
MULT,8,train,41,-129.0
MULT,8,train,42,-254.0
MULT,8,train,43,-135.0
MULT,8,train,44,-307.0
MULT,8,train,45,-165.0
MULT,8,train,46,-101.0
MULT,8,train,47,-160.0
MULT,8,train,48,-162.0
MULT,8,train,49,-209.0
MULT,8,train,50,-108.0
MULT,8,train,51,-105.0
MULT,8,train,52,-142.0
MULT,8,train,53,-173.0
MULT,8,train,54,-300.0
MULT,8,train,55,-161.0
MULT,8,train,56,-148.0
MULT,8,train,57,-98.0
MULT,8,train,58,-99.0
MULT,8,train,59,-122.0
MULT,8,train,60,-138.0
MULT,8,train,61,-141.0
MULT,8,train,62,-92.0
MULT,8,train,63,-127.0
MULT,8,train,64,-142.0
MULT,8,train,65,-138.0
MULT,8,train,66,-112.0
MULT,8,train,67,-112.0
MULT,8,train,68,-375.0
MULT,8,train,69,-115.0
MULT,8,train,70,-113.0
MULT,8,train,71,-119.0
MULT,8,train,72,-82.0
MULT,8,train,73,-154.0
MULT,8,train,74,-121.0
MULT,8,train,75,-109.0
MULT,8,train,76,-176.0
MULT,8,train,77,-92.0
MULT,8,train,78,-300.0
MULT,8,train,79,-121.0
MULT,8,train,80,-129.0
MULT,8,train,81,-121.0
MULT,8,train,82,-123.0
MULT,8,train,83,-149.0
MULT,8,train,84,-172.0
MULT,8,train,85,-101.0
MULT,8,train,86,-117.0
MULT,8,train,87,-107.0
MULT,8,train,88,-121.0
MULT,8,train,89,-88.0
MULT,8,train,90,-102.0
MULT,8,train,91,-83.0
MULT,8,train,92,-167.0
MULT,8,train,93,-222.0
MULT,8,train,94,-78.0
MULT,8,train,95,-93.0
MULT,8,train,96,-115.0
MULT,8,train,97,-103.0
MULT,8,train,98,-90.0
MULT,8,train,99,-105.0
MULT,8,train,100,-89.0
MULT,8,train,101,-87.0
MULT,8,train,102,-111.0
MULT,8,train,103,-87.0
MULT,8,train,104,-121.0
MULT,8,train,105,-92.0
MULT,8,train,106,-71.0
MULT,8,train,107,-122.0
MULT,8,train,108,-98.0
MULT,8,train,109,-122.0
MULT,8,train,110,-124.0
MULT,8,train,111,-111.0
MULT,8,train,112,-81.0
MULT,8,train,113,-88.0
MULT,8,train,114,-102.0
MULT,8,train,115,-132.0
MULT,8,train,116,-101.0
MULT,8,train,117,-118.0
MULT,8,train,118,-93.0
MULT,8,train,119,-84.0
MULT,8,train,120,-118.0
MULT,8,train,121,-109.0
MULT,8,train,122,-92.0
MULT,8,train,123,-92.0
MULT,8,train,124,-172.0
MULT,8,train,125,-95.0
MULT,8,train,126,-98.0
MULT,8,train,127,-92.0
MULT,8,train,128,-120.0
MULT,8,train,129,-124.0
MULT,8,train,130,-108.0
MULT,8,train,131,-103.0
MULT,8,train,132,-115.0
MULT,8,train,133,-102.0
MULT,8,train,134,-136.0
MULT,8,train,135,-89.0
MULT,8,train,136,-99.0
MULT,8,train,137,-97.0
MULT,8,train,138,-86.0
MULT,8,train,139,-92.0
MULT,8,train,140,-309.0
MULT,8,train,141,-93.0
MULT,8,train,142,-101.0
MULT,8,train,143,-116.0
MULT,8,train,144,-91.0
MULT,8,train,145,-134.0
MULT,8,train,146,-105.0
MULT,8,train,147,-130.0
MULT,8,train,148,-92.0
MULT,8,train,149,-130.0
MULT,8,train,150,-84.0
MULT,8,train,151,-93.0
MULT,8,train,152,-126.0
MULT,8,train,153,-168.0
MULT,8,train,154,-83.0
MULT,8,train,155,-99.0
MULT,8,train,156,-101.0
MULT,8,train,157,-92.0
MULT,8,train,158,-89.0
MULT,8,train,159,-93.0
MULT,8,train,160,-108.0
MULT,8,train,161,-85.0
MULT,8,train,162,-101.0
MULT,8,train,163,-91.0
MULT,8,train,164,-83.0
MULT,8,train,165,-119.0
MULT,8,train,166,-113.0
MULT,8,train,167,-91.0
MULT,8,train,168,-90.0
MULT,8,train,169,-104.0
MULT,8,train,170,-85.0
MULT,8,train,171,-93.0
MULT,8,train,172,-133.0
MULT,8,train,173,-82.0
MULT,8,train,174,-121.0
MULT,8,train,175,-364.0
MULT,8,train,176,-102.0
MULT,8,train,177,-96.0
MULT,8,train,178,-102.0
MULT,8,train,179,-136.0
MULT,8,train,180,-90.0
MULT,8,train,181,-101.0
MULT,8,train,182,-83.0
MULT,8,train,183,-120.0
MULT,8,train,184,-146.0
MULT,8,train,185,-101.0
MULT,8,train,186,-70.0
MULT,8,train,187,-92.0
MULT,8,train,188,-99.0
MULT,8,train,189,-165.0
MULT,8,train,190,-85.0
MULT,8,train,191,-160.0
MULT,8,train,192,-106.0
MULT,8,train,193,-100.0
MULT,8,train,194,-92.0
MULT,8,train,195,-116.0
MULT,8,train,196,-115.0
MULT,8,train,197,-92.0
MULT,8,train,198,-124.0
MULT,8,train,199,-101.0
MULT,8,train,200,-77.0
MULT,8,train,201,-81.0
MULT,8,train,202,-102.0
MULT,8,train,203,-86.0
MULT,8,train,204,-105.0
MULT,8,train,205,-84.0
MULT,8,train,206,-102.0
MULT,8,train,207,-116.0
MULT,8,train,208,-97.0
MULT,8,train,209,-81.0
MULT,8,train,210,-104.0
MULT,8,train,211,-95.0
MULT,8,train,212,-85.0
MULT,8,train,213,-78.0
MULT,8,train,214,-115.0
MULT,8,train,215,-83.0
MULT,8,train,216,-96.0
MULT,8,train,217,-112.0
MULT,8,train,218,-103.0
MULT,8,train,219,-111.0
MULT,8,train,220,-94.0
MULT,8,train,221,-91.0
MULT,8,train,222,-87.0
MULT,8,train,223,-125.0
MULT,8,train,224,-93.0
MULT,8,train,225,-88.0
MULT,8,train,226,-77.0
MULT,8,train,227,-121.0
MULT,8,train,228,-86.0
MULT,8,train,229,-85.0
MULT,8,train,230,-97.0
MULT,8,train,231,-102.0
MULT,8,train,232,-139.0
MULT,8,train,233,-102.0
MULT,8,train,234,-103.0
MULT,8,train,235,-90.0
MULT,8,train,236,-95.0
MULT,8,train,237,-87.0
MULT,8,train,238,-85.0
MULT,8,train,239,-83.0
MULT,8,train,240,-111.0
MULT,8,train,241,-101.0
MULT,8,train,242,-107.0
MULT,8,train,243,-107.0
MULT,8,train,244,-116.0
MULT,8,train,245,-119.0
MULT,8,train,246,-105.0
MULT,8,train,247,-86.0
MULT,8,train,248,-126.0
MULT,8,train,249,-500.0
MULT,8,train,250,-186.0
MULT,8,train,251,-101.0
MULT,8,train,252,-72.0
MULT,8,train,253,-88.0
MULT,8,train,254,-98.0
MULT,8,train,255,-86.0
MULT,8,train,256,-115.0
MULT,8,train,257,-129.0
MULT,8,train,258,-82.0
MULT,8,train,259,-137.0
MULT,8,train,260,-500.0
MULT,8,train,261,-87.0
MULT,8,train,262,-122.0
MULT,8,train,263,-96.0
MULT,8,train,264,-63.0
MULT,8,train,265,-109.0
MULT,8,train,266,-142.0
MULT,8,train,267,-85.0
MULT,8,train,268,-81.0
MULT,8,train,269,-104.0
MULT,8,train,270,-123.0
MULT,8,train,271,-102.0
MULT,8,train,272,-113.0
MULT,8,train,273,-111.0
MULT,8,train,274,-100.0
MULT,8,train,275,-119.0
MULT,8,train,276,-93.0
MULT,8,train,277,-109.0
MULT,8,train,278,-117.0
MULT,8,train,279,-93.0
MULT,8,train,280,-187.0
MULT,8,train,281,-78.0
MULT,8,train,282,-70.0
MULT,8,train,283,-81.0
MULT,8,train,284,-81.0
MULT,8,train,285,-98.0
MULT,8,train,286,-108.0
MULT,8,train,287,-124.0
MULT,8,train,288,-130.0
MULT,8,train,289,-97.0
MULT,8,train,290,-134.0
MULT,8,train,291,-81.0
MULT,8,train,292,-432.0
MULT,8,train,293,-115.0
MULT,8,train,294,-113.0
MULT,8,train,295,-117.0
MULT,8,train,296,-118.0
MULT,8,train,297,-94.0
MULT,8,train,298,-112.0
MULT,8,train,299,-88.0
MULT,8,train,300,-85.0
MULT,8,train,301,-112.0
MULT,8,train,302,-83.0
MULT,8,train,303,-109.0
MULT,8,train,304,-85.0
MULT,8,train,305,-100.0
MULT,8,train,306,-85.0
MULT,8,train,307,-80.0
MULT,8,train,308,-70.0
MULT,8,train,309,-77.0
MULT,8,train,310,-93.0
MULT,8,train,311,-123.0
MULT,8,train,312,-106.0
MULT,8,train,313,-90.0
MULT,8,train,314,-115.0
MULT,8,train,315,-113.0
MULT,8,train,316,-109.0
MULT,8,train,317,-104.0
MULT,8,train,318,-103.0
MULT,8,train,319,-85.0
MULT,8,train,320,-112.0
MULT,8,train,321,-88.0
MULT,8,train,322,-93.0
MULT,8,train,323,-117.0
MULT,8,train,324,-79.0
MULT,8,train,325,-92.0
MULT,8,train,326,-136.0
MULT,8,train,327,-128.0
MULT,8,train,328,-87.0
MULT,8,train,329,-121.0
MULT,8,train,330,-104.0
MULT,8,train,331,-77.0
MULT,8,train,332,-102.0
MULT,8,train,333,-84.0
MULT,8,train,334,-93.0
MULT,8,train,335,-114.0
MULT,8,train,336,-164.0
MULT,8,train,337,-96.0
MULT,8,train,338,-91.0
MULT,8,train,339,-112.0
MULT,8,train,340,-84.0
MULT,8,train,341,-114.0
MULT,8,train,342,-104.0
MULT,8,train,343,-93.0
MULT,8,train,344,-121.0
MULT,8,train,345,-131.0
MULT,8,train,346,-104.0
MULT,8,train,347,-83.0
MULT,8,train,348,-92.0
MULT,8,train,349,-80.0
MULT,8,train,350,-101.0
MULT,8,train,351,-76.0
MULT,8,train,352,-110.0
MULT,8,train,353,-136.0
MULT,8,train,354,-107.0
MULT,8,train,355,-137.0
MULT,8,train,356,-93.0
MULT,8,train,357,-97.0
MULT,8,train,358,-93.0
MULT,8,train,359,-117.0
MULT,8,train,360,-83.0
MULT,8,train,361,-104.0
MULT,8,train,362,-98.0
MULT,8,train,363,-101.0
MULT,8,train,364,-116.0
MULT,8,train,365,-84.0
MULT,8,train,366,-106.0
MULT,8,train,367,-71.0
MULT,8,train,368,-94.0
MULT,8,train,369,-86.0
MULT,8,train,370,-154.0
MULT,8,train,371,-86.0
MULT,8,train,372,-102.0
MULT,8,train,373,-74.0
MULT,8,train,374,-104.0
MULT,8,train,375,-99.0
MULT,8,train,376,-198.0
MULT,8,train,377,-71.0
MULT,8,train,378,-92.0
MULT,8,train,379,-112.0
MULT,8,train,380,-83.0
MULT,8,train,381,-88.0
MULT,8,train,382,-131.0
MULT,8,train,383,-80.0
MULT,8,train,384,-119.0
MULT,8,train,385,-93.0
MULT,8,train,386,-120.0
MULT,8,train,387,-93.0
MULT,8,train,388,-96.0
MULT,8,train,389,-92.0
MULT,8,train,390,-98.0
MULT,8,train,391,-70.0
MULT,8,train,392,-81.0
MULT,8,train,393,-89.0
MULT,8,train,394,-102.0
MULT,8,train,395,-187.0
MULT,8,train,396,-132.0
MULT,8,train,397,-92.0
MULT,8,train,398,-114.0
MULT,8,train,399,-70.0
MULT,8,train,400,-82.0
MULT,8,train,401,-110.0
MULT,8,train,402,-103.0
MULT,8,train,403,-157.0
MULT,8,train,404,-97.0
MULT,8,train,405,-500.0
MULT,8,train,406,-86.0
MULT,8,train,407,-500.0
MULT,8,train,408,-500.0
MULT,8,train,409,-108.0
MULT,8,train,410,-500.0
MULT,8,train,411,-112.0
MULT,8,train,412,-93.0
MULT,8,train,413,-145.0
MULT,8,train,414,-95.0
MULT,8,train,415,-95.0
MULT,8,train,416,-178.0
MULT,8,train,417,-134.0
MULT,8,train,418,-67.0
MULT,8,train,419,-101.0
MULT,8,train,420,-99.0
MULT,8,train,421,-109.0
MULT,8,train,422,-74.0
MULT,8,train,423,-106.0
MULT,8,train,424,-81.0
MULT,8,train,425,-95.0
MULT,8,train,426,-109.0
MULT,8,train,427,-100.0
MULT,8,train,428,-500.0
MULT,8,train,429,-63.0
MULT,8,train,430,-75.0
MULT,8,train,431,-85.0
MULT,8,train,432,-81.0
MULT,8,train,433,-113.0
MULT,8,train,434,-94.0
MULT,8,train,435,-500.0
MULT,8,train,436,-104.0
MULT,8,train,437,-100.0
MULT,8,train,438,-102.0
MULT,8,train,439,-130.0
MULT,8,train,440,-87.0
MULT,8,train,441,-109.0
MULT,8,train,442,-109.0
MULT,8,train,443,-85.0
MULT,8,train,444,-113.0
MULT,8,train,445,-93.0
MULT,8,train,446,-93.0
MULT,8,train,447,-100.0
MULT,8,train,448,-117.0
MULT,8,train,449,-82.0
MULT,8,train,450,-83.0
MULT,8,train,451,-128.0
MULT,8,train,452,-88.0
MULT,8,train,453,-100.0
MULT,8,train,454,-117.0
MULT,8,train,455,-120.0
MULT,8,train,456,-125.0
MULT,8,train,457,-77.0
MULT,8,train,458,-118.0
MULT,8,train,459,-85.0
MULT,8,train,460,-91.0
MULT,8,train,461,-82.0
MULT,8,train,462,-77.0
MULT,8,train,463,-95.0
MULT,8,train,464,-109.0
MULT,8,train,465,-85.0
MULT,8,train,466,-104.0
MULT,8,train,467,-107.0
MULT,8,train,468,-94.0
MULT,8,train,469,-82.0
MULT,8,train,470,-72.0
MULT,8,train,471,-64.0
MULT,8,train,472,-92.0
MULT,8,train,473,-97.0
MULT,8,train,474,-147.0
MULT,8,train,475,-104.0
MULT,8,train,476,-104.0
MULT,8,train,477,-198.0
MULT,8,train,478,-110.0
MULT,8,train,479,-68.0
MULT,8,train,480,-76.0
MULT,8,train,481,-206.0
MULT,8,train,482,-108.0
MULT,8,train,483,-500.0
MULT,8,train,484,-184.0
MULT,8,train,485,-181.0
MULT,8,train,486,-116.0
MULT,8,train,487,-112.0
MULT,8,train,488,-157.0
MULT,8,train,489,-104.0
MULT,8,train,490,-113.0
MULT,8,train,491,-87.0
MULT,8,train,492,-108.0
MULT,8,train,493,-101.0
MULT,8,train,494,-127.0
MULT,8,train,495,-80.0
MULT,8,train,496,-71.0
MULT,8,train,497,-158.0
MULT,8,train,498,-79.0
MULT,8,train,499,-105.0
MULT,8,train,500,-155.0
MULT,9,train,1,-500.0
MULT,9,train,2,-500.0
MULT,9,train,3,-500.0
MULT,9,train,4,-500.0
MULT,9,train,5,-500.0
MULT,9,train,6,-165.0
MULT,9,train,7,-160.0
MULT,9,train,8,-152.0
MULT,9,train,9,-93.0
MULT,9,train,10,-167.0
MULT,9,train,11,-97.0
MULT,9,train,12,-268.0
MULT,9,train,13,-155.0
MULT,9,train,14,-195.0
MULT,9,train,15,-103.0
MULT,9,train,16,-109.0
MULT,9,train,17,-124.0
MULT,9,train,18,-144.0
MULT,9,train,19,-186.0
MULT,9,train,20,-122.0
MULT,9,train,21,-110.0
MULT,9,train,22,-132.0
MULT,9,train,23,-135.0
MULT,9,train,24,-125.0
MULT,9,train,25,-101.0
MULT,9,train,26,-223.0
MULT,9,train,27,-153.0
MULT,9,train,28,-160.0
MULT,9,train,29,-150.0
MULT,9,train,30,-182.0
MULT,9,train,31,-151.0
MULT,9,train,32,-223.0
MULT,9,train,33,-135.0
MULT,9,train,34,-264.0
MULT,9,train,35,-160.0
MULT,9,train,36,-251.0
MULT,9,train,37,-322.0
MULT,9,train,38,-221.0
MULT,9,train,39,-136.0
MULT,9,train,40,-141.0
MULT,9,train,41,-122.0
MULT,9,train,42,-154.0
MULT,9,train,43,-187.0
MULT,9,train,44,-342.0
MULT,9,train,45,-240.0
MULT,9,train,46,-198.0
MULT,9,train,47,-164.0
MULT,9,train,48,-234.0
MULT,9,train,49,-342.0
MULT,9,train,50,-167.0
MULT,9,train,51,-148.0
MULT,9,train,52,-155.0
MULT,9,train,53,-184.0
MULT,9,train,54,-211.0
MULT,9,train,55,-147.0
MULT,9,train,56,-198.0
MULT,9,train,57,-253.0
MULT,9,train,58,-150.0
MULT,9,train,59,-163.0
MULT,9,train,60,-334.0
MULT,9,train,61,-500.0
MULT,9,train,62,-203.0
MULT,9,train,63,-144.0
MULT,9,train,64,-160.0
MULT,9,train,65,-153.0
MULT,9,train,66,-183.0
MULT,9,train,67,-177.0
MULT,9,train,68,-162.0
MULT,9,train,69,-258.0
MULT,9,train,70,-179.0
MULT,9,train,71,-301.0
MULT,9,train,72,-179.0
MULT,9,train,73,-189.0
MULT,9,train,74,-163.0
MULT,9,train,75,-301.0
MULT,9,train,76,-174.0
MULT,9,train,77,-164.0
MULT,9,train,78,-151.0
MULT,9,train,79,-198.0
MULT,9,train,80,-292.0
MULT,9,train,81,-246.0
MULT,9,train,82,-193.0
MULT,9,train,83,-114.0
MULT,9,train,84,-181.0
MULT,9,train,85,-137.0
MULT,9,train,86,-186.0
MULT,9,train,87,-171.0
MULT,9,train,88,-200.0
MULT,9,train,89,-118.0
MULT,9,train,90,-170.0
MULT,9,train,91,-119.0
MULT,9,train,92,-142.0
MULT,9,train,93,-114.0
MULT,9,train,94,-178.0
MULT,9,train,95,-84.0
MULT,9,train,96,-102.0
MULT,9,train,97,-199.0
MULT,9,train,98,-325.0
MULT,9,train,99,-153.0
MULT,9,train,100,-120.0
MULT,9,train,101,-163.0
MULT,9,train,102,-134.0
MULT,9,train,103,-196.0
MULT,9,train,104,-193.0
MULT,9,train,105,-98.0
MULT,9,train,106,-352.0
MULT,9,train,107,-94.0
MULT,9,train,108,-98.0
MULT,9,train,109,-242.0
MULT,9,train,110,-162.0
MULT,9,train,111,-105.0
MULT,9,train,112,-127.0
MULT,9,train,113,-105.0
MULT,9,train,114,-207.0
MULT,9,train,115,-343.0
MULT,9,train,116,-144.0
MULT,9,train,117,-118.0
MULT,9,train,118,-178.0
MULT,9,train,119,-106.0
MULT,9,train,120,-124.0
MULT,9,train,121,-158.0
MULT,9,train,122,-109.0
MULT,9,train,123,-110.0
MULT,9,train,124,-163.0
MULT,9,train,125,-166.0
MULT,9,train,126,-161.0
MULT,9,train,127,-144.0
MULT,9,train,128,-110.0
MULT,9,train,129,-185.0
MULT,9,train,130,-223.0
MULT,9,train,131,-123.0
MULT,9,train,132,-112.0
MULT,9,train,133,-105.0
MULT,9,train,134,-84.0
MULT,9,train,135,-143.0
MULT,9,train,136,-111.0
MULT,9,train,137,-122.0
MULT,9,train,138,-111.0
MULT,9,train,139,-102.0
MULT,9,train,140,-98.0
MULT,9,train,141,-167.0
MULT,9,train,142,-92.0
MULT,9,train,143,-118.0
MULT,9,train,144,-75.0
MULT,9,train,145,-112.0
MULT,9,train,146,-187.0
MULT,9,train,147,-135.0
MULT,9,train,148,-124.0
MULT,9,train,149,-135.0
MULT,9,train,150,-113.0
MULT,9,train,151,-132.0
MULT,9,train,152,-144.0
MULT,9,train,153,-94.0
MULT,9,train,154,-144.0
MULT,9,train,155,-145.0
MULT,9,train,156,-109.0
MULT,9,train,157,-100.0
MULT,9,train,158,-77.0
MULT,9,train,159,-118.0
MULT,9,train,160,-89.0
MULT,9,train,161,-120.0
MULT,9,train,162,-160.0
MULT,9,train,163,-76.0
MULT,9,train,164,-83.0
MULT,9,train,165,-144.0
MULT,9,train,166,-109.0
MULT,9,train,167,-139.0
MULT,9,train,168,-86.0
MULT,9,train,169,-94.0
MULT,9,train,170,-90.0
MULT,9,train,171,-99.0
MULT,9,train,172,-73.0
MULT,9,train,173,-108.0
MULT,9,train,174,-212.0
MULT,9,train,175,-117.0
MULT,9,train,176,-87.0
MULT,9,train,177,-86.0
MULT,9,train,178,-140.0
MULT,9,train,179,-79.0
MULT,9,train,180,-122.0
MULT,9,train,181,-75.0
MULT,9,train,182,-105.0
MULT,9,train,183,-112.0
MULT,9,train,184,-88.0
MULT,9,train,185,-110.0
MULT,9,train,186,-141.0
MULT,9,train,187,-93.0
MULT,9,train,188,-120.0
MULT,9,train,189,-138.0
MULT,9,train,190,-87.0
MULT,9,train,191,-209.0
MULT,9,train,192,-152.0
MULT,9,train,193,-108.0
MULT,9,train,194,-104.0
MULT,9,train,195,-103.0
MULT,9,train,196,-97.0
MULT,9,train,197,-87.0
MULT,9,train,198,-90.0
MULT,9,train,199,-96.0
MULT,9,train,200,-100.0
MULT,9,train,201,-110.0
MULT,9,train,202,-84.0
MULT,9,train,203,-83.0
MULT,9,train,204,-245.0
MULT,9,train,205,-128.0
MULT,9,train,206,-89.0
MULT,9,train,207,-97.0
MULT,9,train,208,-95.0
MULT,9,train,209,-148.0
MULT,9,train,210,-104.0
MULT,9,train,211,-87.0
MULT,9,train,212,-81.0
MULT,9,train,213,-111.0
MULT,9,train,214,-94.0
MULT,9,train,215,-101.0
MULT,9,train,216,-76.0
MULT,9,train,217,-63.0
MULT,9,train,218,-95.0
MULT,9,train,219,-131.0
MULT,9,train,220,-144.0
MULT,9,train,221,-129.0
MULT,9,train,222,-84.0
MULT,9,train,223,-78.0
MULT,9,train,224,-71.0
MULT,9,train,225,-83.0
MULT,9,train,226,-114.0
MULT,9,train,227,-86.0
MULT,9,train,228,-85.0
MULT,9,train,229,-94.0
MULT,9,train,230,-137.0
MULT,9,train,231,-119.0
MULT,9,train,232,-100.0
MULT,9,train,233,-94.0
MULT,9,train,234,-165.0
MULT,9,train,235,-81.0
MULT,9,train,236,-97.0
MULT,9,train,237,-108.0
MULT,9,train,238,-93.0
MULT,9,train,239,-85.0
MULT,9,train,240,-87.0
MULT,9,train,241,-112.0
MULT,9,train,242,-93.0
MULT,9,train,243,-101.0
MULT,9,train,244,-109.0
MULT,9,train,245,-90.0
MULT,9,train,246,-84.0
MULT,9,train,247,-85.0
MULT,9,train,248,-75.0
MULT,9,train,249,-85.0
MULT,9,train,250,-97.0
MULT,9,train,251,-88.0
MULT,9,train,252,-220.0
MULT,9,train,253,-98.0
MULT,9,train,254,-64.0
MULT,9,train,255,-116.0
MULT,9,train,256,-76.0
MULT,9,train,257,-133.0
MULT,9,train,258,-133.0
MULT,9,train,259,-91.0
MULT,9,train,260,-85.0
MULT,9,train,261,-78.0
MULT,9,train,262,-70.0
MULT,9,train,263,-110.0
MULT,9,train,264,-86.0
MULT,9,train,265,-125.0
MULT,9,train,266,-92.0
MULT,9,train,267,-65.0
MULT,9,train,268,-102.0
MULT,9,train,269,-123.0
MULT,9,train,270,-95.0
MULT,9,train,271,-87.0
MULT,9,train,272,-127.0
MULT,9,train,273,-107.0
MULT,9,train,274,-100.0
MULT,9,train,275,-94.0
MULT,9,train,276,-109.0
MULT,9,train,277,-102.0
MULT,9,train,278,-93.0
MULT,9,train,279,-86.0
MULT,9,train,280,-105.0
MULT,9,train,281,-95.0
MULT,9,train,282,-94.0
MULT,9,train,283,-86.0
MULT,9,train,284,-80.0
MULT,9,train,285,-107.0
MULT,9,train,286,-113.0
MULT,9,train,287,-92.0
MULT,9,train,288,-93.0
MULT,9,train,289,-92.0
MULT,9,train,290,-108.0
MULT,9,train,291,-175.0
MULT,9,train,292,-99.0
MULT,9,train,293,-97.0
MULT,9,train,294,-114.0
MULT,9,train,295,-109.0
MULT,9,train,296,-105.0
MULT,9,train,297,-83.0
MULT,9,train,298,-122.0
MULT,9,train,299,-80.0
MULT,9,train,300,-93.0
MULT,9,train,301,-82.0
MULT,9,train,302,-87.0
MULT,9,train,303,-122.0
MULT,9,train,304,-84.0
MULT,9,train,305,-63.0
MULT,9,train,306,-258.0
MULT,9,train,307,-108.0
MULT,9,train,308,-95.0
MULT,9,train,309,-120.0
MULT,9,train,310,-229.0
MULT,9,train,311,-87.0
MULT,9,train,312,-89.0
MULT,9,train,313,-109.0
MULT,9,train,314,-83.0
MULT,9,train,315,-109.0
MULT,9,train,316,-77.0
MULT,9,train,317,-109.0
MULT,9,train,318,-119.0
MULT,9,train,319,-104.0
MULT,9,train,320,-89.0
MULT,9,train,321,-103.0
MULT,9,train,322,-84.0
MULT,9,train,323,-99.0
MULT,9,train,324,-96.0
MULT,9,train,325,-88.0
MULT,9,train,326,-86.0
MULT,9,train,327,-91.0
MULT,9,train,328,-105.0
MULT,9,train,329,-103.0
MULT,9,train,330,-96.0
MULT,9,train,331,-111.0
MULT,9,train,332,-97.0
MULT,9,train,333,-125.0
MULT,9,train,334,-119.0
MULT,9,train,335,-81.0
MULT,9,train,336,-110.0
MULT,9,train,337,-93.0
MULT,9,train,338,-89.0
MULT,9,train,339,-114.0
MULT,9,train,340,-88.0
MULT,9,train,341,-90.0
MULT,9,train,342,-111.0
MULT,9,train,343,-110.0
MULT,9,train,344,-94.0
MULT,9,train,345,-88.0
MULT,9,train,346,-105.0
MULT,9,train,347,-86.0
MULT,9,train,348,-110.0
MULT,9,train,349,-71.0
MULT,9,train,350,-106.0
MULT,9,train,351,-91.0
MULT,9,train,352,-102.0
MULT,9,train,353,-173.0
MULT,9,train,354,-111.0
MULT,9,train,355,-136.0
MULT,9,train,356,-99.0
MULT,9,train,357,-154.0
MULT,9,train,358,-184.0
MULT,9,train,359,-122.0
MULT,9,train,360,-101.0
MULT,9,train,361,-78.0
MULT,9,train,362,-102.0
MULT,9,train,363,-112.0
MULT,9,train,364,-86.0
MULT,9,train,365,-89.0
MULT,9,train,366,-78.0
MULT,9,train,367,-125.0
MULT,9,train,368,-80.0
MULT,9,train,369,-90.0
MULT,9,train,370,-103.0
MULT,9,train,371,-76.0
MULT,9,train,372,-146.0
MULT,9,train,373,-86.0
MULT,9,train,374,-93.0
MULT,9,train,375,-76.0
MULT,9,train,376,-71.0
MULT,9,train,377,-111.0
MULT,9,train,378,-148.0
MULT,9,train,379,-99.0
MULT,9,train,380,-86.0
MULT,9,train,381,-100.0
MULT,9,train,382,-102.0
MULT,9,train,383,-92.0
MULT,9,train,384,-120.0
MULT,9,train,385,-103.0
MULT,9,train,386,-90.0
MULT,9,train,387,-102.0
MULT,9,train,388,-94.0
MULT,9,train,389,-98.0
MULT,9,train,390,-81.0
MULT,9,train,391,-119.0
MULT,9,train,392,-97.0
MULT,9,train,393,-74.0
MULT,9,train,394,-75.0
MULT,9,train,395,-80.0
MULT,9,train,396,-85.0
MULT,9,train,397,-84.0
MULT,9,train,398,-102.0
MULT,9,train,399,-96.0
MULT,9,train,400,-207.0
MULT,9,train,401,-93.0
MULT,9,train,402,-114.0
MULT,9,train,403,-101.0
MULT,9,train,404,-107.0
MULT,9,train,405,-76.0
MULT,9,train,406,-79.0
MULT,9,train,407,-105.0
MULT,9,train,408,-64.0
MULT,9,train,409,-77.0
MULT,9,train,410,-426.0
MULT,9,train,411,-78.0
MULT,9,train,412,-100.0
MULT,9,train,413,-90.0
MULT,9,train,414,-93.0
MULT,9,train,415,-86.0
MULT,9,train,416,-145.0
MULT,9,train,417,-102.0
MULT,9,train,418,-109.0
MULT,9,train,419,-94.0
MULT,9,train,420,-99.0
MULT,9,train,421,-115.0
MULT,9,train,422,-101.0
MULT,9,train,423,-136.0
MULT,9,train,424,-108.0
MULT,9,train,425,-105.0
MULT,9,train,426,-93.0
MULT,9,train,427,-87.0
MULT,9,train,428,-129.0
MULT,9,train,429,-88.0
MULT,9,train,430,-97.0
MULT,9,train,431,-99.0
MULT,9,train,432,-131.0
MULT,9,train,433,-94.0
MULT,9,train,434,-103.0
MULT,9,train,435,-88.0
MULT,9,train,436,-84.0
MULT,9,train,437,-140.0
MULT,9,train,438,-97.0
MULT,9,train,439,-94.0
MULT,9,train,440,-119.0
MULT,9,train,441,-82.0
MULT,9,train,442,-76.0
MULT,9,train,443,-100.0
MULT,9,train,444,-108.0
MULT,9,train,445,-85.0
MULT,9,train,446,-117.0
MULT,9,train,447,-94.0
MULT,9,train,448,-160.0
MULT,9,train,449,-101.0
MULT,9,train,450,-103.0
MULT,9,train,451,-80.0
MULT,9,train,452,-86.0
MULT,9,train,453,-137.0
MULT,9,train,454,-115.0
MULT,9,train,455,-86.0
MULT,9,train,456,-122.0
MULT,9,train,457,-92.0
MULT,9,train,458,-90.0
MULT,9,train,459,-101.0
MULT,9,train,460,-77.0
MULT,9,train,461,-78.0
MULT,9,train,462,-93.0
MULT,9,train,463,-101.0
MULT,9,train,464,-104.0
MULT,9,train,465,-104.0
MULT,9,train,466,-100.0
MULT,9,train,467,-111.0
MULT,9,train,468,-81.0
MULT,9,train,469,-93.0
MULT,9,train,470,-90.0
MULT,9,train,471,-111.0
MULT,9,train,472,-71.0
MULT,9,train,473,-123.0
MULT,9,train,474,-95.0
MULT,9,train,475,-116.0
MULT,9,train,476,-98.0
MULT,9,train,477,-97.0
MULT,9,train,478,-78.0
MULT,9,train,479,-86.0
MULT,9,train,480,-82.0
MULT,9,train,481,-99.0
MULT,9,train,482,-88.0
MULT,9,train,483,-104.0
MULT,9,train,484,-98.0
MULT,9,train,485,-76.0
MULT,9,train,486,-106.0
MULT,9,train,487,-77.0
MULT,9,train,488,-87.0
MULT,9,train,489,-143.0
MULT,9,train,490,-105.0
MULT,9,train,491,-92.0
MULT,9,train,492,-85.0
MULT,9,train,493,-80.0
MULT,9,train,494,-122.0
MULT,9,train,495,-89.0
MULT,9,train,496,-69.0
MULT,9,train,497,-122.0
MULT,9,train,498,-91.0
MULT,9,train,499,-75.0
MULT,9,train,500,-84.0
MULT,0,eval,25,-173.0
MULT,0,eval,50,-380.6
MULT,0,eval,75,-281.8
MULT,0,eval,100,-244.8
MULT,0,eval,125,-194.6
MULT,0,eval,150,-116.6
MULT,0,eval,175,-117.2
MULT,0,eval,200,-250.0
MULT,0,eval,225,-332.6
MULT,0,eval,250,-103.6
MULT,0,eval,275,-76.2
MULT,0,eval,300,-83.6
MULT,0,eval,325,-89.6
MULT,0,eval,350,-82.2
MULT,0,eval,375,-176.0
MULT,0,eval,400,-119.8
MULT,0,eval,425,-252.4
MULT,0,eval,450,-86.4
MULT,0,eval,475,-102.2
MULT,0,eval,500,-93.0
MULT,1,eval,25,-316.4
MULT,1,eval,50,-130.4
MULT,1,eval,75,-212.6
MULT,1,eval,100,-194.6
MULT,1,eval,125,-94.2
MULT,1,eval,150,-193.8
MULT,1,eval,175,-92.6
MULT,1,eval,200,-86.8
MULT,1,eval,225,-97.2
MULT,1,eval,250,-84.8
MULT,1,eval,275,-93.4
MULT,1,eval,300,-93.0
MULT,1,eval,325,-88.2
MULT,1,eval,350,-85.2
MULT,1,eval,375,-76.2
MULT,1,eval,400,-189.8
MULT,1,eval,425,-156.6
MULT,1,eval,450,-78.8
MULT,1,eval,475,-76.8
MULT,1,eval,500,-85.0
MULT,2,eval,25,-387.6
MULT,2,eval,50,-276.4
MULT,2,eval,75,-118.6
MULT,2,eval,100,-135.8
MULT,2,eval,125,-93.6
MULT,2,eval,150,-117.6
MULT,2,eval,175,-420.2
MULT,2,eval,200,-83.2
MULT,2,eval,225,-92.0
MULT,2,eval,250,-83.2
MULT,2,eval,275,-85.8
MULT,2,eval,300,-111.4
MULT,2,eval,325,-158.4
MULT,2,eval,350,-90.2
MULT,2,eval,375,-101.2
MULT,2,eval,400,-84.8
MULT,2,eval,425,-83.4
MULT,2,eval,450,-86.4
MULT,2,eval,475,-74.0
MULT,2,eval,500,-81.6
MULT,3,eval,25,-452.8
MULT,3,eval,50,-350.8
MULT,3,eval,75,-303.6
MULT,3,eval,100,-291.6
MULT,3,eval,125,-82.6
MULT,3,eval,150,-109.4
MULT,3,eval,175,-82.8
MULT,3,eval,200,-90.8
MULT,3,eval,225,-94.4
MULT,3,eval,250,-81.4
MULT,3,eval,275,-79.2
MULT,3,eval,300,-113.4
MULT,3,eval,325,-91.0
MULT,3,eval,350,-94.2
MULT,3,eval,375,-80.2
MULT,3,eval,400,-84.2
MULT,3,eval,425,-78.0
MULT,3,eval,450,-82.0
MULT,3,eval,475,-93.4
MULT,3,eval,500,-77.4
MULT,4,eval,25,-370.0
MULT,4,eval,50,-281.0
MULT,4,eval,75,-146.4
MULT,4,eval,100,-104.0
MULT,4,eval,125,-176.0
MULT,4,eval,150,-105.6
MULT,4,eval,175,-126.4
MULT,4,eval,200,-96.0
MULT,4,eval,225,-91.2
MULT,4,eval,250,-261.2
MULT,4,eval,275,-179.2
MULT,4,eval,300,-82.0
MULT,4,eval,325,-77.8
MULT,4,eval,350,-80.6
MULT,4,eval,375,-87.6
MULT,4,eval,400,-92.8
MULT,4,eval,425,-98.8
MULT,4,eval,450,-92.2
MULT,4,eval,475,-143.4
MULT,4,eval,500,-108.8
MULT,5,eval,25,-93.4
MULT,5,eval,50,-184.4
MULT,5,eval,75,-215.2
MULT,5,eval,100,-130.6
MULT,5,eval,125,-117.0
MULT,5,eval,150,-137.2
MULT,5,eval,175,-180.4
MULT,5,eval,200,-87.6
MULT,5,eval,225,-83.0
MULT,5,eval,250,-89.4
MULT,5,eval,275,-84.8
MULT,5,eval,300,-81.0
MULT,5,eval,325,-87.2
MULT,5,eval,350,-90.0
MULT,5,eval,375,-97.0
MULT,5,eval,400,-94.4
MULT,5,eval,425,-90.0
MULT,5,eval,450,-85.2
MULT,5,eval,475,-94.0
MULT,5,eval,500,-83.0
MULT,6,eval,25,-500.0
MULT,6,eval,50,-465.0
MULT,6,eval,75,-136.2
MULT,6,eval,100,-147.2
MULT,6,eval,125,-102.2
MULT,6,eval,150,-97.8
MULT,6,eval,175,-125.0
MULT,6,eval,200,-86.2
MULT,6,eval,225,-91.6
MULT,6,eval,250,-82.6
MULT,6,eval,275,-109.8
MULT,6,eval,300,-82.4
MULT,6,eval,325,-118.2
MULT,6,eval,350,-81.6
MULT,6,eval,375,-161.4
MULT,6,eval,400,-270.6
MULT,6,eval,425,-248.4
MULT,6,eval,450,-74.4
MULT,6,eval,475,-92.8
MULT,6,eval,500,-95.4
MULT,7,eval,25,-212.4
MULT,7,eval,50,-370.8
MULT,7,eval,75,-259.4
MULT,7,eval,100,-329.6
MULT,7,eval,125,-303.8
MULT,7,eval,150,-157.2
MULT,7,eval,175,-398.8
MULT,7,eval,200,-182.8
MULT,7,eval,225,-500.0
MULT,7,eval,250,-108.2
MULT,7,eval,275,-98.6
MULT,7,eval,300,-104.8
MULT,7,eval,325,-136.2
MULT,7,eval,350,-82.8
MULT,7,eval,375,-89.0
MULT,7,eval,400,-77.8
MULT,7,eval,425,-170.8
MULT,7,eval,450,-81.6
MULT,7,eval,475,-82.8
MULT,7,eval,500,-96.2
MULT,8,eval,25,-141.0
MULT,8,eval,50,-371.4
MULT,8,eval,75,-129.2
MULT,8,eval,100,-90.0
MULT,8,eval,125,-109.2
MULT,8,eval,150,-201.0
MULT,8,eval,175,-181.4
MULT,8,eval,200,-81.2
MULT,8,eval,225,-95.4
MULT,8,eval,250,-96.8
MULT,8,eval,275,-251.4
MULT,8,eval,300,-79.6
MULT,8,eval,325,-112.4
MULT,8,eval,350,-90.0
MULT,8,eval,375,-88.0
MULT,8,eval,400,-168.0
MULT,8,eval,425,-93.0
MULT,8,eval,450,-173.6
MULT,8,eval,475,-84.6
MULT,8,eval,500,-94.0
MULT,9,eval,25,-147.2
MULT,9,eval,50,-439.6
MULT,9,eval,75,-144.2
MULT,9,eval,100,-444.4
MULT,9,eval,125,-145.8
MULT,9,eval,150,-94.4
MULT,9,eval,175,-83.0
MULT,9,eval,200,-85.4
MULT,9,eval,225,-76.2
MULT,9,eval,250,-86.6
MULT,9,eval,275,-174.0
MULT,9,eval,300,-86.6
MULT,9,eval,325,-103.6
MULT,9,eval,350,-82.2
MULT,9,eval,375,-79.2
MULT,9,eval,400,-88.4
MULT,9,eval,425,-83.0
MULT,9,eval,450,-82.2
MULT,9,eval,475,-76.6
MULT,9,eval,500,-89.2
GATE,0,train,1,-500.0
GATE,0,train,2,-500.0
GATE,0,train,3,-500.0
GATE,0,train,4,-500.0
GATE,0,train,5,-500.0
GATE,0,train,6,-500.0
GATE,0,train,7,-500.0
GATE,0,train,8,-500.0
GATE,0,train,9,-484.0
GATE,0,train,10,-500.0
GATE,0,train,11,-500.0
GATE,0,train,12,-500.0
GATE,0,train,13,-230.0
GATE,0,train,14,-255.0
GATE,0,train,15,-500.0
GATE,0,train,16,-500.0
GATE,0,train,17,-500.0
GATE,0,train,18,-225.0
GATE,0,train,19,-289.0
GATE,0,train,20,-293.0
GATE,0,train,21,-168.0
GATE,0,train,22,-500.0
GATE,0,train,23,-183.0
GATE,0,train,24,-128.0
GATE,0,train,25,-127.0
GATE,0,train,26,-500.0
GATE,0,train,27,-303.0
GATE,0,train,28,-171.0
GATE,0,train,29,-212.0
GATE,0,train,30,-154.0
GATE,0,train,31,-208.0
GATE,0,train,32,-438.0
GATE,0,train,33,-500.0
GATE,0,train,34,-500.0
GATE,0,train,35,-500.0
GATE,0,train,36,-500.0
GATE,0,train,37,-319.0
GATE,0,train,38,-436.0
GATE,0,train,39,-338.0
GATE,0,train,40,-221.0
GATE,0,train,41,-500.0
GATE,0,train,42,-247.0
GATE,0,train,43,-200.0
GATE,0,train,44,-127.0
GATE,0,train,45,-164.0
GATE,0,train,46,-148.0
GATE,0,train,47,-187.0
GATE,0,train,48,-243.0
GATE,0,train,49,-332.0
GATE,0,train,50,-500.0
GATE,0,train,51,-160.0
GATE,0,train,52,-500.0
GATE,0,train,53,-500.0
GATE,0,train,54,-500.0
GATE,0,train,55,-439.0
GATE,0,train,56,-500.0
GATE,0,train,57,-500.0
GATE,0,train,58,-420.0
GATE,0,train,59,-500.0
GATE,0,train,60,-500.0
GATE,0,train,61,-378.0
GATE,0,train,62,-500.0
GATE,0,train,63,-220.0
GATE,0,train,64,-500.0
GATE,0,train,65,-500.0
GATE,0,train,66,-500.0
GATE,0,train,67,-500.0
GATE,0,train,68,-202.0
GATE,0,train,69,-500.0
GATE,0,train,70,-398.0
GATE,0,train,71,-266.0
GATE,0,train,72,-181.0
GATE,0,train,73,-299.0
GATE,0,train,74,-440.0
GATE,0,train,75,-196.0
GATE,0,train,76,-268.0
GATE,0,train,77,-192.0
GATE,0,train,78,-256.0
GATE,0,train,79,-500.0
GATE,0,train,80,-163.0
GATE,0,train,81,-197.0
GATE,0,train,82,-500.0
GATE,0,train,83,-264.0
GATE,0,train,84,-105.0
GATE,0,train,85,-101.0
GATE,0,train,86,-119.0
GATE,0,train,87,-122.0
GATE,0,train,88,-104.0
GATE,0,train,89,-152.0
GATE,0,train,90,-500.0
GATE,0,train,91,-190.0
GATE,0,train,92,-107.0
GATE,0,train,93,-145.0
GATE,0,train,94,-169.0
GATE,0,train,95,-296.0
GATE,0,train,96,-180.0
GATE,0,train,97,-144.0
GATE,0,train,98,-201.0
GATE,0,train,99,-172.0
GATE,0,train,100,-85.0
GATE,0,train,101,-106.0
GATE,0,train,102,-85.0
GATE,0,train,103,-95.0
GATE,0,train,104,-140.0
GATE,0,train,105,-152.0
GATE,0,train,106,-159.0
GATE,0,train,107,-118.0
GATE,0,train,108,-207.0
GATE,0,train,109,-126.0
GATE,0,train,110,-126.0
GATE,0,train,111,-500.0
GATE,0,train,112,-87.0
GATE,0,train,113,-145.0
GATE,0,train,114,-103.0
GATE,0,train,115,-95.0
GATE,0,train,116,-105.0
GATE,0,train,117,-81.0
GATE,0,train,118,-121.0
GATE,0,train,119,-98.0
GATE,0,train,120,-123.0
GATE,0,train,121,-254.0
GATE,0,train,122,-103.0
GATE,0,train,123,-91.0
GATE,0,train,124,-93.0
GATE,0,train,125,-110.0
GATE,0,train,126,-132.0
GATE,0,train,127,-92.0
GATE,0,train,128,-282.0
GATE,0,train,129,-164.0
GATE,0,train,130,-95.0
GATE,0,train,131,-109.0
GATE,0,train,132,-117.0
GATE,0,train,133,-124.0
GATE,0,train,134,-96.0
GATE,0,train,135,-106.0
GATE,0,train,136,-126.0
GATE,0,train,137,-91.0
GATE,0,train,138,-110.0
GATE,0,train,139,-100.0
GATE,0,train,140,-131.0
GATE,0,train,141,-111.0
GATE,0,train,142,-136.0
GATE,0,train,143,-111.0
GATE,0,train,144,-108.0
GATE,0,train,145,-135.0
GATE,0,train,146,-99.0
GATE,0,train,147,-117.0
GATE,0,train,148,-115.0
GATE,0,train,149,-102.0
GATE,0,train,150,-155.0
GATE,0,train,151,-102.0
GATE,0,train,152,-83.0
GATE,0,train,153,-156.0
GATE,0,train,154,-106.0
GATE,0,train,155,-184.0
GATE,0,train,156,-188.0
GATE,0,train,157,-118.0
GATE,0,train,158,-138.0
GATE,0,train,159,-125.0
GATE,0,train,160,-151.0
GATE,0,train,161,-126.0
GATE,0,train,162,-99.0
GATE,0,train,163,-79.0
GATE,0,train,164,-86.0
GATE,0,train,165,-145.0
GATE,0,train,166,-77.0
GATE,0,train,167,-125.0
GATE,0,train,168,-128.0
GATE,0,train,169,-111.0
GATE,0,train,170,-109.0
GATE,0,train,171,-218.0
GATE,0,train,172,-98.0
GATE,0,train,173,-128.0
GATE,0,train,174,-108.0
GATE,0,train,175,-123.0
GATE,0,train,176,-102.0
GATE,0,train,177,-110.0
GATE,0,train,178,-102.0
GATE,0,train,179,-119.0
GATE,0,train,180,-82.0
GATE,0,train,181,-113.0
GATE,0,train,182,-145.0
GATE,0,train,183,-187.0
GATE,0,train,184,-103.0
GATE,0,train,185,-110.0
GATE,0,train,186,-109.0
GATE,0,train,187,-85.0
GATE,0,train,188,-86.0
GATE,0,train,189,-121.0
GATE,0,train,190,-111.0
GATE,0,train,191,-111.0
GATE,0,train,192,-114.0
GATE,0,train,193,-168.0
GATE,0,train,194,-176.0
GATE,0,train,195,-118.0
GATE,0,train,196,-81.0
GATE,0,train,197,-111.0
GATE,0,train,198,-189.0
GATE,0,train,199,-106.0
GATE,0,train,200,-112.0
GATE,0,train,201,-93.0
GATE,0,train,202,-81.0
GATE,0,train,203,-93.0
GATE,0,train,204,-106.0
GATE,0,train,205,-87.0
GATE,0,train,206,-117.0
GATE,0,train,207,-132.0
GATE,0,train,208,-82.0
GATE,0,train,209,-186.0
GATE,0,train,210,-172.0
GATE,0,train,211,-96.0
GATE,0,train,212,-93.0
GATE,0,train,213,-113.0
GATE,0,train,214,-110.0
GATE,0,train,215,-97.0
GATE,0,train,216,-114.0
GATE,0,train,217,-103.0
GATE,0,train,218,-144.0
GATE,0,train,219,-99.0
GATE,0,train,220,-103.0
GATE,0,train,221,-204.0
GATE,0,train,222,-86.0
GATE,0,train,223,-96.0
GATE,0,train,224,-90.0
GATE,0,train,225,-86.0
GATE,0,train,226,-139.0
GATE,0,train,227,-85.0
GATE,0,train,228,-108.0
GATE,0,train,229,-118.0
GATE,0,train,230,-197.0
GATE,0,train,231,-120.0
GATE,0,train,232,-86.0
GATE,0,train,233,-120.0
GATE,0,train,234,-162.0
GATE,0,train,235,-104.0
GATE,0,train,236,-111.0
GATE,0,train,237,-79.0
GATE,0,train,238,-91.0
GATE,0,train,239,-100.0
GATE,0,train,240,-116.0
GATE,0,train,241,-90.0
GATE,0,train,242,-106.0
GATE,0,train,243,-96.0
GATE,0,train,244,-97.0
GATE,0,train,245,-93.0
GATE,0,train,246,-63.0
GATE,0,train,247,-84.0
GATE,0,train,248,-117.0
GATE,0,train,249,-78.0
GATE,0,train,250,-105.0
GATE,0,train,251,-131.0
GATE,0,train,252,-100.0
GATE,0,train,253,-111.0
GATE,0,train,254,-93.0
GATE,0,train,255,-113.0
GATE,0,train,256,-134.0
GATE,0,train,257,-209.0
GATE,0,train,258,-73.0
GATE,0,train,259,-118.0
GATE,0,train,260,-104.0
GATE,0,train,261,-84.0
GATE,0,train,262,-286.0
GATE,0,train,263,-134.0
GATE,0,train,264,-97.0
GATE,0,train,265,-103.0
GATE,0,train,266,-125.0
GATE,0,train,267,-151.0
GATE,0,train,268,-91.0
GATE,0,train,269,-112.0
GATE,0,train,270,-125.0
GATE,0,train,271,-267.0
GATE,0,train,272,-95.0
GATE,0,train,273,-88.0
GATE,0,train,274,-126.0
GATE,0,train,275,-102.0
GATE,0,train,276,-97.0
GATE,0,train,277,-103.0
GATE,0,train,278,-101.0
GATE,0,train,279,-90.0
GATE,0,train,280,-172.0
GATE,0,train,281,-110.0
GATE,0,train,282,-408.0
GATE,0,train,283,-84.0
GATE,0,train,284,-129.0
GATE,0,train,285,-87.0
GATE,0,train,286,-111.0
GATE,0,train,287,-89.0
GATE,0,train,288,-99.0
GATE,0,train,289,-212.0
GATE,0,train,290,-96.0
GATE,0,train,291,-97.0
GATE,0,train,292,-70.0
GATE,0,train,293,-124.0
GATE,0,train,294,-89.0
GATE,0,train,295,-88.0
GATE,0,train,296,-93.0
GATE,0,train,297,-92.0
GATE,0,train,298,-122.0
GATE,0,train,299,-119.0
GATE,0,train,300,-158.0
GATE,0,train,301,-92.0
GATE,0,train,302,-91.0
GATE,0,train,303,-103.0
GATE,0,train,304,-112.0
GATE,0,train,305,-138.0
GATE,0,train,306,-86.0
GATE,0,train,307,-88.0
GATE,0,train,308,-111.0
GATE,0,train,309,-83.0
GATE,0,train,310,-96.0
GATE,0,train,311,-114.0
GATE,0,train,312,-105.0
GATE,0,train,313,-91.0
GATE,0,train,314,-98.0
GATE,0,train,315,-124.0
GATE,0,train,316,-195.0
GATE,0,train,317,-112.0
GATE,0,train,318,-85.0
GATE,0,train,319,-97.0
GATE,0,train,320,-96.0
GATE,0,train,321,-91.0
GATE,0,train,322,-133.0
GATE,0,train,323,-142.0
GATE,0,train,324,-118.0
GATE,0,train,325,-103.0
GATE,0,train,326,-119.0
GATE,0,train,327,-111.0
GATE,0,train,328,-86.0
GATE,0,train,329,-500.0
GATE,0,train,330,-160.0
GATE,0,train,331,-88.0
GATE,0,train,332,-63.0
GATE,0,train,333,-82.0
GATE,0,train,334,-91.0
GATE,0,train,335,-107.0
GATE,0,train,336,-84.0
GATE,0,train,337,-212.0
GATE,0,train,338,-83.0
GATE,0,train,339,-101.0
GATE,0,train,340,-236.0
GATE,0,train,341,-81.0
GATE,0,train,342,-143.0
GATE,0,train,343,-105.0
GATE,0,train,344,-96.0
GATE,0,train,345,-83.0
GATE,0,train,346,-105.0
GATE,0,train,347,-103.0
GATE,0,train,348,-89.0
GATE,0,train,349,-93.0
GATE,0,train,350,-87.0
GATE,0,train,351,-145.0
GATE,0,train,352,-91.0
GATE,0,train,353,-81.0
GATE,0,train,354,-119.0
GATE,0,train,355,-92.0
GATE,0,train,356,-199.0
GATE,0,train,357,-92.0
GATE,0,train,358,-94.0
GATE,0,train,359,-130.0
GATE,0,train,360,-90.0
GATE,0,train,361,-110.0
GATE,0,train,362,-83.0
GATE,0,train,363,-89.0
GATE,0,train,364,-87.0
GATE,0,train,365,-87.0
GATE,0,train,366,-135.0
GATE,0,train,367,-92.0
GATE,0,train,368,-90.0
GATE,0,train,369,-133.0
GATE,0,train,370,-112.0
GATE,0,train,371,-109.0
GATE,0,train,372,-73.0
GATE,0,train,373,-97.0
GATE,0,train,374,-101.0
GATE,0,train,375,-76.0
GATE,0,train,376,-83.0
GATE,0,train,377,-103.0
GATE,0,train,378,-92.0
GATE,0,train,379,-102.0
GATE,0,train,380,-129.0
GATE,0,train,381,-132.0
GATE,0,train,382,-250.0
GATE,0,train,383,-119.0
GATE,0,train,384,-104.0
GATE,0,train,385,-93.0
GATE,0,train,386,-107.0
GATE,0,train,387,-104.0
GATE,0,train,388,-146.0
GATE,0,train,389,-226.0
GATE,0,train,390,-84.0
GATE,0,train,391,-77.0
GATE,0,train,392,-117.0
GATE,0,train,393,-240.0
GATE,0,train,394,-106.0
GATE,0,train,395,-133.0
GATE,0,train,396,-63.0
GATE,0,train,397,-84.0
GATE,0,train,398,-108.0
GATE,0,train,399,-103.0
GATE,0,train,400,-111.0
GATE,0,train,401,-88.0
GATE,0,train,402,-96.0
GATE,0,train,403,-92.0
GATE,0,train,404,-98.0
GATE,0,train,405,-77.0
GATE,0,train,406,-95.0
GATE,0,train,407,-87.0
GATE,0,train,408,-94.0
GATE,0,train,409,-136.0
GATE,0,train,410,-104.0
GATE,0,train,411,-94.0
GATE,0,train,412,-93.0
GATE,0,train,413,-104.0
GATE,0,train,414,-100.0
GATE,0,train,415,-95.0
GATE,0,train,416,-71.0
GATE,0,train,417,-122.0
GATE,0,train,418,-85.0
GATE,0,train,419,-78.0
GATE,0,train,420,-88.0
GATE,0,train,421,-94.0
GATE,0,train,422,-109.0
GATE,0,train,423,-89.0
GATE,0,train,424,-98.0
GATE,0,train,425,-112.0
GATE,0,train,426,-77.0
GATE,0,train,427,-151.0
GATE,0,train,428,-89.0
GATE,0,train,429,-90.0
GATE,0,train,430,-90.0
GATE,0,train,431,-94.0
GATE,0,train,432,-86.0
GATE,0,train,433,-85.0
GATE,0,train,434,-130.0
GATE,0,train,435,-142.0
GATE,0,train,436,-105.0
GATE,0,train,437,-122.0
GATE,0,train,438,-95.0
GATE,0,train,439,-82.0
GATE,0,train,440,-93.0
GATE,0,train,441,-112.0
GATE,0,train,442,-137.0
GATE,0,train,443,-104.0
GATE,0,train,444,-113.0
GATE,0,train,445,-79.0
GATE,0,train,446,-116.0
GATE,0,train,447,-93.0
GATE,0,train,448,-95.0
GATE,0,train,449,-104.0
GATE,0,train,450,-77.0
GATE,0,train,451,-100.0
GATE,0,train,452,-117.0
GATE,0,train,453,-117.0
GATE,0,train,454,-187.0
GATE,0,train,455,-108.0
GATE,0,train,456,-219.0
GATE,0,train,457,-105.0
GATE,0,train,458,-69.0
GATE,0,train,459,-83.0
GATE,0,train,460,-194.0
GATE,0,train,461,-102.0
GATE,0,train,462,-99.0
GATE,0,train,463,-88.0
GATE,0,train,464,-83.0
GATE,0,train,465,-90.0
GATE,0,train,466,-120.0
GATE,0,train,467,-83.0
GATE,0,train,468,-96.0
GATE,0,train,469,-90.0
GATE,0,train,470,-139.0
GATE,0,train,471,-96.0
GATE,0,train,472,-95.0
GATE,0,train,473,-116.0
GATE,0,train,474,-108.0
GATE,0,train,475,-111.0
GATE,0,train,476,-163.0
GATE,0,train,477,-116.0
GATE,0,train,478,-113.0
GATE,0,train,479,-107.0
GATE,0,train,480,-97.0
GATE,0,train,481,-83.0
GATE,0,train,482,-86.0
GATE,0,train,483,-79.0
GATE,0,train,484,-86.0
GATE,0,train,485,-111.0
GATE,0,train,486,-95.0
GATE,0,train,487,-85.0
GATE,0,train,488,-107.0
GATE,0,train,489,-71.0
GATE,0,train,490,-99.0
GATE,0,train,491,-91.0
GATE,0,train,492,-85.0
GATE,0,train,493,-97.0
GATE,0,train,494,-91.0
GATE,0,train,495,-112.0
GATE,0,train,496,-71.0
GATE,0,train,497,-121.0
GATE,0,train,498,-90.0
GATE,0,train,499,-81.0
GATE,0,train,500,-136.0
GATE,1,train,1,-500.0
GATE,1,train,2,-500.0
GATE,1,train,3,-500.0
GATE,1,train,4,-500.0
GATE,1,train,5,-500.0
GATE,1,train,6,-500.0
GATE,1,train,7,-282.0
GATE,1,train,8,-500.0
GATE,1,train,9,-500.0
GATE,1,train,10,-308.0
GATE,1,train,11,-500.0
GATE,1,train,12,-500.0
GATE,1,train,13,-500.0
GATE,1,train,14,-500.0
GATE,1,train,15,-167.0
GATE,1,train,16,-313.0
GATE,1,train,17,-228.0
GATE,1,train,18,-372.0
GATE,1,train,19,-500.0
GATE,1,train,20,-500.0
GATE,1,train,21,-500.0
GATE,1,train,22,-500.0
GATE,1,train,23,-500.0
GATE,1,train,24,-500.0
GATE,1,train,25,-500.0
GATE,1,train,26,-423.0
GATE,1,train,27,-200.0
GATE,1,train,28,-343.0
GATE,1,train,29,-263.0
GATE,1,train,30,-328.0
GATE,1,train,31,-426.0
GATE,1,train,32,-500.0
GATE,1,train,33,-184.0
GATE,1,train,34,-500.0
GATE,1,train,35,-500.0
GATE,1,train,36,-500.0
GATE,1,train,37,-444.0
GATE,1,train,38,-500.0
GATE,1,train,39,-500.0
GATE,1,train,40,-500.0
GATE,1,train,41,-428.0
GATE,1,train,42,-295.0
GATE,1,train,43,-337.0
GATE,1,train,44,-500.0
GATE,1,train,45,-437.0
GATE,1,train,46,-333.0
GATE,1,train,47,-220.0
GATE,1,train,48,-461.0
GATE,1,train,49,-394.0
GATE,1,train,50,-194.0
GATE,1,train,51,-182.0
GATE,1,train,52,-188.0
GATE,1,train,53,-79.0
GATE,1,train,54,-238.0
GATE,1,train,55,-141.0
GATE,1,train,56,-139.0
GATE,1,train,57,-102.0
GATE,1,train,58,-437.0
GATE,1,train,59,-177.0
GATE,1,train,60,-185.0
GATE,1,train,61,-500.0
GATE,1,train,62,-219.0
GATE,1,train,63,-138.0
GATE,1,train,64,-114.0
GATE,1,train,65,-221.0
GATE,1,train,66,-143.0
GATE,1,train,67,-155.0
GATE,1,train,68,-138.0
GATE,1,train,69,-174.0
GATE,1,train,70,-149.0
GATE,1,train,71,-195.0
GATE,1,train,72,-217.0
GATE,1,train,73,-500.0
GATE,1,train,74,-154.0
GATE,1,train,75,-165.0
GATE,1,train,76,-129.0
GATE,1,train,77,-163.0
GATE,1,train,78,-110.0
GATE,1,train,79,-500.0
GATE,1,train,80,-160.0
GATE,1,train,81,-102.0
GATE,1,train,82,-202.0
GATE,1,train,83,-125.0
GATE,1,train,84,-149.0
GATE,1,train,85,-132.0
GATE,1,train,86,-106.0
GATE,1,train,87,-151.0
GATE,1,train,88,-105.0
GATE,1,train,89,-107.0
GATE,1,train,90,-83.0
GATE,1,train,91,-174.0
GATE,1,train,92,-136.0
GATE,1,train,93,-84.0
GATE,1,train,94,-103.0
GATE,1,train,95,-85.0
GATE,1,train,96,-125.0
GATE,1,train,97,-108.0
GATE,1,train,98,-138.0
GATE,1,train,99,-101.0
GATE,1,train,100,-127.0
GATE,1,train,101,-177.0
GATE,1,train,102,-153.0
GATE,1,train,103,-197.0
GATE,1,train,104,-101.0
GATE,1,train,105,-111.0
GATE,1,train,106,-157.0
GATE,1,train,107,-93.0
GATE,1,train,108,-168.0
GATE,1,train,109,-124.0
GATE,1,train,110,-161.0
GATE,1,train,111,-104.0
GATE,1,train,112,-91.0
GATE,1,train,113,-107.0
GATE,1,train,114,-110.0
GATE,1,train,115,-119.0
GATE,1,train,116,-72.0
GATE,1,train,117,-101.0
GATE,1,train,118,-83.0
GATE,1,train,119,-124.0
GATE,1,train,120,-87.0
GATE,1,train,121,-103.0
GATE,1,train,122,-124.0
GATE,1,train,123,-148.0
GATE,1,train,124,-64.0
GATE,1,train,125,-109.0
GATE,1,train,126,-133.0
GATE,1,train,127,-133.0
GATE,1,train,128,-101.0
GATE,1,train,129,-82.0
GATE,1,train,130,-190.0
GATE,1,train,131,-80.0
GATE,1,train,132,-144.0
GATE,1,train,133,-338.0
GATE,1,train,134,-123.0
GATE,1,train,135,-83.0
GATE,1,train,136,-179.0
GATE,1,train,137,-130.0
GATE,1,train,138,-106.0
GATE,1,train,139,-105.0
GATE,1,train,140,-87.0
GATE,1,train,141,-96.0
GATE,1,train,142,-98.0
GATE,1,train,143,-97.0
GATE,1,train,144,-102.0
GATE,1,train,145,-99.0
GATE,1,train,146,-211.0
GATE,1,train,147,-119.0
GATE,1,train,148,-114.0
GATE,1,train,149,-108.0
GATE,1,train,150,-135.0
GATE,1,train,151,-105.0
GATE,1,train,152,-85.0
GATE,1,train,153,-114.0
GATE,1,train,154,-98.0
GATE,1,train,155,-138.0
GATE,1,train,156,-122.0
GATE,1,train,157,-90.0
GATE,1,train,158,-92.0
GATE,1,train,159,-116.0
GATE,1,train,160,-149.0
GATE,1,train,161,-78.0
GATE,1,train,162,-159.0
GATE,1,train,163,-125.0
GATE,1,train,164,-108.0
GATE,1,train,165,-109.0
GATE,1,train,166,-124.0
GATE,1,train,167,-84.0
GATE,1,train,168,-87.0
GATE,1,train,169,-91.0
GATE,1,train,170,-111.0
GATE,1,train,171,-106.0
GATE,1,train,172,-82.0
GATE,1,train,173,-139.0
GATE,1,train,174,-85.0
GATE,1,train,175,-143.0
GATE,1,train,176,-94.0
GATE,1,train,177,-95.0
GATE,1,train,178,-143.0
GATE,1,train,179,-111.0
GATE,1,train,180,-103.0
GATE,1,train,181,-139.0
GATE,1,train,182,-99.0
GATE,1,train,183,-101.0
GATE,1,train,184,-142.0
GATE,1,train,185,-100.0
GATE,1,train,186,-84.0
GATE,1,train,187,-97.0
GATE,1,train,188,-132.0
GATE,1,train,189,-91.0
GATE,1,train,190,-127.0
GATE,1,train,191,-82.0
GATE,1,train,192,-94.0
GATE,1,train,193,-108.0
GATE,1,train,194,-189.0
GATE,1,train,195,-82.0
GATE,1,train,196,-95.0
GATE,1,train,197,-80.0
GATE,1,train,198,-96.0
GATE,1,train,199,-95.0
GATE,1,train,200,-78.0
GATE,1,train,201,-90.0
GATE,1,train,202,-115.0
GATE,1,train,203,-90.0
GATE,1,train,204,-75.0
GATE,1,train,205,-100.0
GATE,1,train,206,-89.0
GATE,1,train,207,-99.0
GATE,1,train,208,-150.0
GATE,1,train,209,-73.0
GATE,1,train,210,-243.0
GATE,1,train,211,-76.0
GATE,1,train,212,-109.0
GATE,1,train,213,-90.0
GATE,1,train,214,-86.0
GATE,1,train,215,-115.0
GATE,1,train,216,-85.0
GATE,1,train,217,-79.0
GATE,1,train,218,-120.0
GATE,1,train,219,-79.0
GATE,1,train,220,-99.0
GATE,1,train,221,-128.0
GATE,1,train,222,-88.0
GATE,1,train,223,-115.0
GATE,1,train,224,-90.0
GATE,1,train,225,-65.0
GATE,1,train,226,-88.0
GATE,1,train,227,-84.0
GATE,1,train,228,-119.0
GATE,1,train,229,-70.0
GATE,1,train,230,-95.0
GATE,1,train,231,-101.0
GATE,1,train,232,-91.0
GATE,1,train,233,-106.0
GATE,1,train,234,-79.0
GATE,1,train,235,-132.0
GATE,1,train,236,-78.0
GATE,1,train,237,-76.0
GATE,1,train,238,-87.0
GATE,1,train,239,-80.0
GATE,1,train,240,-89.0
GATE,1,train,241,-97.0
GATE,1,train,242,-84.0
GATE,1,train,243,-111.0
GATE,1,train,244,-87.0
GATE,1,train,245,-93.0
GATE,1,train,246,-104.0
GATE,1,train,247,-85.0
GATE,1,train,248,-116.0
GATE,1,train,249,-73.0
GATE,1,train,250,-115.0
GATE,1,train,251,-99.0
GATE,1,train,252,-106.0
GATE,1,train,253,-95.0
GATE,1,train,254,-99.0
GATE,1,train,255,-91.0
GATE,1,train,256,-103.0
GATE,1,train,257,-106.0
GATE,1,train,258,-110.0
GATE,1,train,259,-99.0
GATE,1,train,260,-84.0
GATE,1,train,261,-131.0
GATE,1,train,262,-94.0
GATE,1,train,263,-83.0
GATE,1,train,264,-78.0
GATE,1,train,265,-91.0
GATE,1,train,266,-109.0
GATE,1,train,267,-94.0
GATE,1,train,268,-88.0
GATE,1,train,269,-94.0
GATE,1,train,270,-115.0
GATE,1,train,271,-131.0
GATE,1,train,272,-112.0
GATE,1,train,273,-70.0
GATE,1,train,274,-74.0
GATE,1,train,275,-86.0
GATE,1,train,276,-98.0
GATE,1,train,277,-90.0
GATE,1,train,278,-91.0
GATE,1,train,279,-64.0
GATE,1,train,280,-93.0
GATE,1,train,281,-81.0
GATE,1,train,282,-102.0
GATE,1,train,283,-79.0
GATE,1,train,284,-87.0
GATE,1,train,285,-133.0
GATE,1,train,286,-119.0
GATE,1,train,287,-89.0
GATE,1,train,288,-92.0
GATE,1,train,289,-86.0
GATE,1,train,290,-97.0
GATE,1,train,291,-95.0
GATE,1,train,292,-147.0
GATE,1,train,293,-100.0
GATE,1,train,294,-106.0
GATE,1,train,295,-95.0
GATE,1,train,296,-96.0
GATE,1,train,297,-78.0
GATE,1,train,298,-108.0
GATE,1,train,299,-163.0
GATE,1,train,300,-112.0
GATE,1,train,301,-109.0
GATE,1,train,302,-129.0
GATE,1,train,303,-90.0
GATE,1,train,304,-99.0
GATE,1,train,305,-90.0
GATE,1,train,306,-71.0
GATE,1,train,307,-106.0
GATE,1,train,308,-69.0
GATE,1,train,309,-104.0
GATE,1,train,310,-191.0
GATE,1,train,311,-126.0
GATE,1,train,312,-75.0
GATE,1,train,313,-96.0
GATE,1,train,314,-200.0
GATE,1,train,315,-84.0
GATE,1,train,316,-90.0
GATE,1,train,317,-89.0
GATE,1,train,318,-97.0
GATE,1,train,319,-86.0
GATE,1,train,320,-100.0
GATE,1,train,321,-83.0
GATE,1,train,322,-98.0
GATE,1,train,323,-90.0
GATE,1,train,324,-109.0
GATE,1,train,325,-82.0
GATE,1,train,326,-79.0
GATE,1,train,327,-500.0
GATE,1,train,328,-104.0
GATE,1,train,329,-81.0
GATE,1,train,330,-106.0
GATE,1,train,331,-112.0
GATE,1,train,332,-83.0
GATE,1,train,333,-133.0
GATE,1,train,334,-86.0
GATE,1,train,335,-88.0
GATE,1,train,336,-157.0
GATE,1,train,337,-89.0
GATE,1,train,338,-102.0
GATE,1,train,339,-84.0
GATE,1,train,340,-75.0
GATE,1,train,341,-103.0
GATE,1,train,342,-81.0
GATE,1,train,343,-500.0
GATE,1,train,344,-94.0
GATE,1,train,345,-116.0
GATE,1,train,346,-88.0
GATE,1,train,347,-122.0
GATE,1,train,348,-83.0
GATE,1,train,349,-90.0
GATE,1,train,350,-95.0
GATE,1,train,351,-78.0
GATE,1,train,352,-89.0
GATE,1,train,353,-77.0
GATE,1,train,354,-90.0
GATE,1,train,355,-93.0
GATE,1,train,356,-145.0
GATE,1,train,357,-82.0
GATE,1,train,358,-104.0
GATE,1,train,359,-86.0
GATE,1,train,360,-101.0
GATE,1,train,361,-108.0
GATE,1,train,362,-91.0
GATE,1,train,363,-87.0
GATE,1,train,364,-88.0
GATE,1,train,365,-96.0
GATE,1,train,366,-77.0
GATE,1,train,367,-119.0
GATE,1,train,368,-94.0
GATE,1,train,369,-93.0
GATE,1,train,370,-121.0
GATE,1,train,371,-96.0
GATE,1,train,372,-102.0
GATE,1,train,373,-93.0
GATE,1,train,374,-76.0
GATE,1,train,375,-117.0
GATE,1,train,376,-73.0
GATE,1,train,377,-111.0
GATE,1,train,378,-89.0
GATE,1,train,379,-114.0
GATE,1,train,380,-153.0
GATE,1,train,381,-292.0
GATE,1,train,382,-102.0
GATE,1,train,383,-70.0
GATE,1,train,384,-116.0
GATE,1,train,385,-99.0
GATE,1,train,386,-91.0
GATE,1,train,387,-101.0
GATE,1,train,388,-108.0
GATE,1,train,389,-84.0
GATE,1,train,390,-146.0
GATE,1,train,391,-84.0
GATE,1,train,392,-83.0
GATE,1,train,393,-103.0
GATE,1,train,394,-103.0
GATE,1,train,395,-87.0
GATE,1,train,396,-110.0
GATE,1,train,397,-136.0
GATE,1,train,398,-98.0
GATE,1,train,399,-97.0
GATE,1,train,400,-75.0
GATE,1,train,401,-98.0
GATE,1,train,402,-96.0
GATE,1,train,403,-108.0
GATE,1,train,404,-72.0
GATE,1,train,405,-94.0
GATE,1,train,406,-76.0
GATE,1,train,407,-100.0
GATE,1,train,408,-98.0
GATE,1,train,409,-115.0
GATE,1,train,410,-112.0
GATE,1,train,411,-97.0
GATE,1,train,412,-111.0
GATE,1,train,413,-76.0
GATE,1,train,414,-133.0
GATE,1,train,415,-85.0
GATE,1,train,416,-71.0
GATE,1,train,417,-78.0
GATE,1,train,418,-100.0
GATE,1,train,419,-95.0
GATE,1,train,420,-74.0
GATE,1,train,421,-99.0
GATE,1,train,422,-272.0
GATE,1,train,423,-75.0
GATE,1,train,424,-224.0
GATE,1,train,425,-102.0
GATE,1,train,426,-87.0
GATE,1,train,427,-113.0
GATE,1,train,428,-137.0
GATE,1,train,429,-80.0
GATE,1,train,430,-106.0
GATE,1,train,431,-89.0
GATE,1,train,432,-85.0
GATE,1,train,433,-91.0
GATE,1,train,434,-100.0
GATE,1,train,435,-81.0
GATE,1,train,436,-96.0
GATE,1,train,437,-77.0
GATE,1,train,438,-97.0
GATE,1,train,439,-103.0
GATE,1,train,440,-90.0
GATE,1,train,441,-100.0
GATE,1,train,442,-100.0
GATE,1,train,443,-113.0
GATE,1,train,444,-98.0
GATE,1,train,445,-147.0
GATE,1,train,446,-87.0
GATE,1,train,447,-91.0
GATE,1,train,448,-96.0
GATE,1,train,449,-117.0
GATE,1,train,450,-99.0
GATE,1,train,451,-103.0
GATE,1,train,452,-107.0
GATE,1,train,453,-94.0
GATE,1,train,454,-100.0
GATE,1,train,455,-113.0
GATE,1,train,456,-93.0
GATE,1,train,457,-106.0
GATE,1,train,458,-93.0
GATE,1,train,459,-82.0
GATE,1,train,460,-69.0
GATE,1,train,461,-98.0
GATE,1,train,462,-64.0
GATE,1,train,463,-93.0
GATE,1,train,464,-63.0
GATE,1,train,465,-93.0
GATE,1,train,466,-112.0
GATE,1,train,467,-104.0
GATE,1,train,468,-91.0
GATE,1,train,469,-93.0
GATE,1,train,470,-86.0
GATE,1,train,471,-101.0
GATE,1,train,472,-112.0
GATE,1,train,473,-500.0
GATE,1,train,474,-95.0
GATE,1,train,475,-108.0
GATE,1,train,476,-69.0
GATE,1,train,477,-77.0
GATE,1,train,478,-91.0
GATE,1,train,479,-75.0
GATE,1,train,480,-74.0
GATE,1,train,481,-94.0
GATE,1,train,482,-80.0
GATE,1,train,483,-86.0
GATE,1,train,484,-80.0
GATE,1,train,485,-87.0
GATE,1,train,486,-102.0
GATE,1,train,487,-82.0
GATE,1,train,488,-97.0
GATE,1,train,489,-103.0
GATE,1,train,490,-103.0
GATE,1,train,491,-112.0
GATE,1,train,492,-79.0
GATE,1,train,493,-100.0
GATE,1,train,494,-92.0
GATE,1,train,495,-84.0
GATE,1,train,496,-106.0
GATE,1,train,497,-111.0
GATE,1,train,498,-500.0
GATE,1,train,499,-105.0
GATE,1,train,500,-92.0
GATE,2,train,1,-500.0
GATE,2,train,2,-500.0
GATE,2,train,3,-500.0
GATE,2,train,4,-500.0
GATE,2,train,5,-500.0
GATE,2,train,6,-500.0
GATE,2,train,7,-500.0
GATE,2,train,8,-500.0
GATE,2,train,9,-500.0
GATE,2,train,10,-217.0
GATE,2,train,11,-190.0
GATE,2,train,12,-127.0
GATE,2,train,13,-228.0
GATE,2,train,14,-205.0
GATE,2,train,15,-465.0
GATE,2,train,16,-156.0
GATE,2,train,17,-165.0
GATE,2,train,18,-427.0
GATE,2,train,19,-151.0
GATE,2,train,20,-212.0
GATE,2,train,21,-160.0
GATE,2,train,22,-257.0
GATE,2,train,23,-438.0
GATE,2,train,24,-171.0
GATE,2,train,25,-500.0
GATE,2,train,26,-336.0
GATE,2,train,27,-124.0
GATE,2,train,28,-275.0
GATE,2,train,29,-286.0
GATE,2,train,30,-170.0
GATE,2,train,31,-343.0
GATE,2,train,32,-124.0
GATE,2,train,33,-181.0
GATE,2,train,34,-145.0
GATE,2,train,35,-177.0
GATE,2,train,36,-263.0
GATE,2,train,37,-274.0
GATE,2,train,38,-155.0
GATE,2,train,39,-357.0
GATE,2,train,40,-152.0
GATE,2,train,41,-165.0
GATE,2,train,42,-500.0
GATE,2,train,43,-500.0
GATE,2,train,44,-500.0
GATE,2,train,45,-500.0
GATE,2,train,46,-298.0
GATE,2,train,47,-128.0
GATE,2,train,48,-328.0
GATE,2,train,49,-500.0
GATE,2,train,50,-165.0
GATE,2,train,51,-136.0
GATE,2,train,52,-343.0
GATE,2,train,53,-148.0
GATE,2,train,54,-154.0
GATE,2,train,55,-176.0
GATE,2,train,56,-129.0
GATE,2,train,57,-160.0
GATE,2,train,58,-134.0
GATE,2,train,59,-235.0
GATE,2,train,60,-206.0
GATE,2,train,61,-147.0
GATE,2,train,62,-131.0
GATE,2,train,63,-161.0
GATE,2,train,64,-125.0
GATE,2,train,65,-161.0
GATE,2,train,66,-286.0
GATE,2,train,67,-161.0
GATE,2,train,68,-184.0
GATE,2,train,69,-169.0
GATE,2,train,70,-150.0
GATE,2,train,71,-168.0
GATE,2,train,72,-183.0
GATE,2,train,73,-198.0
GATE,2,train,74,-149.0
GATE,2,train,75,-124.0
GATE,2,train,76,-188.0
GATE,2,train,77,-131.0
GATE,2,train,78,-177.0
GATE,2,train,79,-123.0
GATE,2,train,80,-159.0
GATE,2,train,81,-112.0
GATE,2,train,82,-172.0
GATE,2,train,83,-140.0
GATE,2,train,84,-124.0
GATE,2,train,85,-145.0
GATE,2,train,86,-105.0
GATE,2,train,87,-133.0
GATE,2,train,88,-214.0
GATE,2,train,89,-149.0
GATE,2,train,90,-124.0
GATE,2,train,91,-142.0
GATE,2,train,92,-151.0
GATE,2,train,93,-192.0
GATE,2,train,94,-163.0
GATE,2,train,95,-141.0
GATE,2,train,96,-127.0
GATE,2,train,97,-87.0
GATE,2,train,98,-158.0
GATE,2,train,99,-118.0
GATE,2,train,100,-103.0
GATE,2,train,101,-121.0
GATE,2,train,102,-151.0
GATE,2,train,103,-130.0
GATE,2,train,104,-151.0
GATE,2,train,105,-123.0
GATE,2,train,106,-148.0
GATE,2,train,107,-157.0
GATE,2,train,108,-149.0
GATE,2,train,109,-94.0
GATE,2,train,110,-167.0
GATE,2,train,111,-113.0
GATE,2,train,112,-93.0
GATE,2,train,113,-115.0
GATE,2,train,114,-138.0
GATE,2,train,115,-104.0
GATE,2,train,116,-109.0
GATE,2,train,117,-182.0
GATE,2,train,118,-101.0
GATE,2,train,119,-103.0
GATE,2,train,120,-185.0
GATE,2,train,121,-102.0
GATE,2,train,122,-148.0
GATE,2,train,123,-119.0
GATE,2,train,124,-97.0
GATE,2,train,125,-130.0
GATE,2,train,126,-135.0
GATE,2,train,127,-100.0
GATE,2,train,128,-128.0
GATE,2,train,129,-125.0
GATE,2,train,130,-104.0
GATE,2,train,131,-106.0
GATE,2,train,132,-91.0
GATE,2,train,133,-116.0
GATE,2,train,134,-176.0
GATE,2,train,135,-155.0
GATE,2,train,136,-97.0
GATE,2,train,137,-78.0
GATE,2,train,138,-149.0
GATE,2,train,139,-88.0
GATE,2,train,140,-160.0
GATE,2,train,141,-98.0
GATE,2,train,142,-137.0
GATE,2,train,143,-124.0
GATE,2,train,144,-129.0
GATE,2,train,145,-113.0
GATE,2,train,146,-146.0
GATE,2,train,147,-72.0
GATE,2,train,148,-110.0
GATE,2,train,149,-93.0
GATE,2,train,150,-94.0
GATE,2,train,151,-117.0
GATE,2,train,152,-112.0
GATE,2,train,153,-115.0
GATE,2,train,154,-110.0
GATE,2,train,155,-88.0
GATE,2,train,156,-86.0
GATE,2,train,157,-84.0
GATE,2,train,158,-119.0
GATE,2,train,159,-112.0
GATE,2,train,160,-112.0
GATE,2,train,161,-105.0
GATE,2,train,162,-106.0
GATE,2,train,163,-138.0
GATE,2,train,164,-138.0
GATE,2,train,165,-99.0
GATE,2,train,166,-91.0
GATE,2,train,167,-92.0
GATE,2,train,168,-120.0
GATE,2,train,169,-65.0
GATE,2,train,170,-107.0
GATE,2,train,171,-82.0
GATE,2,train,172,-134.0
GATE,2,train,173,-146.0
GATE,2,train,174,-106.0
GATE,2,train,175,-117.0
GATE,2,train,176,-500.0
GATE,2,train,177,-500.0
GATE,2,train,178,-96.0
GATE,2,train,179,-158.0
GATE,2,train,180,-437.0
GATE,2,train,181,-113.0
GATE,2,train,182,-108.0
GATE,2,train,183,-112.0
GATE,2,train,184,-128.0
GATE,2,train,185,-90.0
GATE,2,train,186,-88.0
GATE,2,train,187,-105.0
GATE,2,train,188,-85.0
GATE,2,train,189,-115.0
GATE,2,train,190,-87.0
GATE,2,train,191,-222.0
GATE,2,train,192,-101.0
GATE,2,train,193,-89.0
GATE,2,train,194,-88.0
GATE,2,train,195,-95.0
GATE,2,train,196,-86.0
GATE,2,train,197,-179.0
GATE,2,train,198,-135.0
GATE,2,train,199,-135.0
GATE,2,train,200,-138.0
GATE,2,train,201,-145.0
GATE,2,train,202,-98.0
GATE,2,train,203,-130.0
GATE,2,train,204,-113.0
GATE,2,train,205,-109.0
GATE,2,train,206,-101.0
GATE,2,train,207,-85.0
GATE,2,train,208,-77.0
GATE,2,train,209,-82.0
GATE,2,train,210,-152.0
GATE,2,train,211,-77.0
GATE,2,train,212,-112.0
GATE,2,train,213,-96.0
GATE,2,train,214,-104.0
GATE,2,train,215,-93.0
GATE,2,train,216,-117.0
GATE,2,train,217,-97.0
GATE,2,train,218,-103.0
GATE,2,train,219,-111.0
GATE,2,train,220,-122.0
GATE,2,train,221,-65.0
GATE,2,train,222,-102.0
GATE,2,train,223,-126.0
GATE,2,train,224,-106.0
GATE,2,train,225,-184.0
GATE,2,train,226,-87.0
GATE,2,train,227,-96.0
GATE,2,train,228,-123.0
GATE,2,train,229,-72.0
GATE,2,train,230,-103.0
GATE,2,train,231,-148.0
GATE,2,train,232,-79.0
GATE,2,train,233,-83.0
GATE,2,train,234,-97.0
GATE,2,train,235,-120.0
GATE,2,train,236,-98.0
GATE,2,train,237,-81.0
GATE,2,train,238,-107.0
GATE,2,train,239,-85.0
GATE,2,train,240,-81.0
GATE,2,train,241,-500.0
GATE,2,train,242,-82.0
GATE,2,train,243,-79.0
GATE,2,train,244,-87.0
GATE,2,train,245,-94.0
GATE,2,train,246,-110.0
GATE,2,train,247,-136.0
GATE,2,train,248,-90.0
GATE,2,train,249,-100.0
GATE,2,train,250,-151.0
GATE,2,train,251,-72.0
GATE,2,train,252,-95.0
GATE,2,train,253,-76.0
GATE,2,train,254,-117.0
GATE,2,train,255,-108.0
GATE,2,train,256,-108.0
GATE,2,train,257,-80.0
GATE,2,train,258,-120.0
GATE,2,train,259,-185.0
GATE,2,train,260,-88.0
GATE,2,train,261,-78.0
GATE,2,train,262,-70.0
GATE,2,train,263,-101.0
GATE,2,train,264,-77.0
GATE,2,train,265,-98.0
GATE,2,train,266,-110.0
GATE,2,train,267,-95.0
GATE,2,train,268,-97.0
GATE,2,train,269,-103.0
GATE,2,train,270,-119.0
GATE,2,train,271,-90.0
GATE,2,train,272,-97.0
GATE,2,train,273,-105.0
GATE,2,train,274,-85.0
GATE,2,train,275,-81.0
GATE,2,train,276,-77.0
GATE,2,train,277,-126.0
GATE,2,train,278,-111.0
GATE,2,train,279,-78.0
GATE,2,train,280,-118.0
GATE,2,train,281,-77.0
GATE,2,train,282,-71.0
GATE,2,train,283,-122.0
GATE,2,train,284,-143.0
GATE,2,train,285,-90.0
GATE,2,train,286,-85.0
GATE,2,train,287,-88.0
GATE,2,train,288,-87.0
GATE,2,train,289,-97.0
GATE,2,train,290,-80.0
GATE,2,train,291,-85.0
GATE,2,train,292,-84.0
GATE,2,train,293,-70.0
GATE,2,train,294,-500.0
GATE,2,train,295,-108.0
GATE,2,train,296,-86.0
GATE,2,train,297,-145.0
GATE,2,train,298,-111.0
GATE,2,train,299,-103.0
GATE,2,train,300,-84.0
GATE,2,train,301,-101.0
GATE,2,train,302,-94.0
GATE,2,train,303,-80.0
GATE,2,train,304,-129.0
GATE,2,train,305,-84.0
GATE,2,train,306,-99.0
GATE,2,train,307,-130.0
GATE,2,train,308,-133.0
GATE,2,train,309,-113.0
GATE,2,train,310,-119.0
GATE,2,train,311,-76.0
GATE,2,train,312,-151.0
GATE,2,train,313,-115.0
GATE,2,train,314,-98.0
GATE,2,train,315,-63.0
GATE,2,train,316,-108.0
GATE,2,train,317,-113.0
GATE,2,train,318,-110.0
GATE,2,train,319,-93.0
GATE,2,train,320,-99.0
GATE,2,train,321,-138.0
GATE,2,train,322,-113.0
GATE,2,train,323,-120.0
GATE,2,train,324,-91.0
GATE,2,train,325,-83.0
GATE,2,train,326,-72.0
GATE,2,train,327,-116.0
GATE,2,train,328,-122.0
GATE,2,train,329,-84.0
GATE,2,train,330,-111.0
GATE,2,train,331,-100.0
GATE,2,train,332,-120.0
GATE,2,train,333,-125.0
GATE,2,train,334,-75.0
GATE,2,train,335,-82.0
GATE,2,train,336,-108.0
GATE,2,train,337,-73.0
GATE,2,train,338,-93.0
GATE,2,train,339,-110.0
GATE,2,train,340,-115.0
GATE,2,train,341,-92.0
GATE,2,train,342,-106.0
GATE,2,train,343,-120.0
GATE,2,train,344,-100.0
GATE,2,train,345,-106.0
GATE,2,train,346,-116.0
GATE,2,train,347,-115.0
GATE,2,train,348,-76.0
GATE,2,train,349,-88.0
GATE,2,train,350,-147.0
GATE,2,train,351,-138.0
GATE,2,train,352,-97.0
GATE,2,train,353,-85.0
GATE,2,train,354,-110.0
GATE,2,train,355,-138.0
GATE,2,train,356,-378.0
GATE,2,train,357,-128.0
GATE,2,train,358,-88.0
GATE,2,train,359,-92.0
GATE,2,train,360,-77.0
GATE,2,train,361,-91.0
GATE,2,train,362,-99.0
GATE,2,train,363,-85.0
GATE,2,train,364,-114.0
GATE,2,train,365,-100.0
GATE,2,train,366,-114.0
GATE,2,train,367,-104.0
GATE,2,train,368,-115.0
GATE,2,train,369,-86.0
GATE,2,train,370,-85.0
GATE,2,train,371,-103.0
GATE,2,train,372,-81.0
GATE,2,train,373,-85.0
GATE,2,train,374,-116.0
GATE,2,train,375,-85.0
GATE,2,train,376,-115.0
GATE,2,train,377,-108.0
GATE,2,train,378,-84.0
GATE,2,train,379,-256.0
GATE,2,train,380,-111.0
GATE,2,train,381,-77.0
GATE,2,train,382,-78.0
GATE,2,train,383,-108.0
GATE,2,train,384,-101.0
GATE,2,train,385,-107.0
GATE,2,train,386,-136.0
GATE,2,train,387,-84.0
GATE,2,train,388,-84.0
GATE,2,train,389,-103.0
GATE,2,train,390,-101.0
GATE,2,train,391,-107.0
GATE,2,train,392,-95.0
GATE,2,train,393,-149.0
GATE,2,train,394,-110.0
GATE,2,train,395,-108.0
GATE,2,train,396,-85.0
GATE,2,train,397,-101.0
GATE,2,train,398,-96.0
GATE,2,train,399,-83.0
GATE,2,train,400,-79.0
GATE,2,train,401,-84.0
GATE,2,train,402,-108.0
GATE,2,train,403,-122.0
GATE,2,train,404,-93.0
GATE,2,train,405,-77.0
GATE,2,train,406,-107.0
GATE,2,train,407,-117.0
GATE,2,train,408,-100.0
GATE,2,train,409,-103.0
GATE,2,train,410,-116.0
GATE,2,train,411,-98.0
GATE,2,train,412,-93.0
GATE,2,train,413,-86.0
GATE,2,train,414,-96.0
GATE,2,train,415,-99.0
GATE,2,train,416,-119.0
GATE,2,train,417,-173.0
GATE,2,train,418,-78.0
GATE,2,train,419,-75.0
GATE,2,train,420,-77.0
GATE,2,train,421,-140.0
GATE,2,train,422,-76.0
GATE,2,train,423,-124.0
GATE,2,train,424,-105.0
GATE,2,train,425,-101.0
GATE,2,train,426,-80.0
GATE,2,train,427,-100.0
GATE,2,train,428,-108.0
GATE,2,train,429,-98.0
GATE,2,train,430,-77.0
GATE,2,train,431,-107.0
GATE,2,train,432,-110.0
GATE,2,train,433,-85.0
GATE,2,train,434,-95.0
GATE,2,train,435,-88.0
GATE,2,train,436,-109.0
GATE,2,train,437,-103.0
GATE,2,train,438,-91.0
GATE,2,train,439,-91.0
GATE,2,train,440,-109.0
GATE,2,train,441,-96.0
GATE,2,train,442,-96.0
GATE,2,train,443,-102.0
GATE,2,train,444,-96.0
GATE,2,train,445,-107.0
GATE,2,train,446,-97.0
GATE,2,train,447,-92.0
GATE,2,train,448,-82.0
GATE,2,train,449,-112.0
GATE,2,train,450,-118.0
GATE,2,train,451,-87.0
GATE,2,train,452,-77.0
GATE,2,train,453,-105.0
GATE,2,train,454,-83.0
GATE,2,train,455,-78.0
GATE,2,train,456,-80.0
GATE,2,train,457,-119.0
GATE,2,train,458,-120.0
GATE,2,train,459,-107.0
GATE,2,train,460,-101.0
GATE,2,train,461,-103.0
GATE,2,train,462,-89.0
GATE,2,train,463,-143.0
GATE,2,train,464,-77.0
GATE,2,train,465,-106.0
GATE,2,train,466,-84.0
GATE,2,train,467,-91.0
GATE,2,train,468,-84.0
GATE,2,train,469,-500.0
GATE,2,train,470,-87.0
GATE,2,train,471,-90.0
GATE,2,train,472,-75.0
GATE,2,train,473,-110.0
GATE,2,train,474,-91.0
GATE,2,train,475,-99.0
GATE,2,train,476,-99.0
GATE,2,train,477,-78.0
GATE,2,train,478,-76.0
GATE,2,train,479,-109.0
GATE,2,train,480,-74.0
GATE,2,train,481,-92.0
GATE,2,train,482,-69.0
GATE,2,train,483,-168.0
GATE,2,train,484,-75.0
GATE,2,train,485,-99.0
GATE,2,train,486,-107.0
GATE,2,train,487,-91.0
GATE,2,train,488,-78.0
GATE,2,train,489,-89.0
GATE,2,train,490,-97.0
GATE,2,train,491,-155.0
GATE,2,train,492,-87.0
GATE,2,train,493,-75.0
GATE,2,train,494,-96.0
GATE,2,train,495,-83.0
GATE,2,train,496,-83.0
GATE,2,train,497,-83.0
GATE,2,train,498,-90.0
GATE,2,train,499,-85.0
GATE,2,train,500,-107.0
GATE,3,train,1,-387.0
GATE,3,train,2,-343.0
GATE,3,train,3,-316.0
GATE,3,train,4,-375.0
GATE,3,train,5,-231.0
GATE,3,train,6,-119.0
GATE,3,train,7,-183.0
GATE,3,train,8,-206.0
GATE,3,train,9,-108.0
GATE,3,train,10,-96.0
GATE,3,train,11,-89.0
GATE,3,train,12,-186.0
GATE,3,train,13,-289.0
GATE,3,train,14,-199.0
GATE,3,train,15,-106.0
GATE,3,train,16,-208.0
GATE,3,train,17,-133.0
GATE,3,train,18,-98.0
GATE,3,train,19,-100.0
GATE,3,train,20,-126.0
GATE,3,train,21,-181.0
GATE,3,train,22,-500.0
GATE,3,train,23,-301.0
GATE,3,train,24,-182.0
GATE,3,train,25,-183.0
GATE,3,train,26,-500.0
GATE,3,train,27,-321.0
GATE,3,train,28,-172.0
GATE,3,train,29,-197.0
GATE,3,train,30,-101.0
GATE,3,train,31,-114.0
GATE,3,train,32,-89.0
GATE,3,train,33,-297.0
GATE,3,train,34,-368.0
GATE,3,train,35,-166.0
GATE,3,train,36,-190.0
GATE,3,train,37,-124.0
GATE,3,train,38,-147.0
GATE,3,train,39,-122.0
GATE,3,train,40,-500.0
GATE,3,train,41,-247.0
GATE,3,train,42,-238.0
GATE,3,train,43,-300.0
GATE,3,train,44,-169.0
GATE,3,train,45,-132.0
GATE,3,train,46,-161.0
GATE,3,train,47,-138.0
GATE,3,train,48,-161.0
GATE,3,train,49,-119.0
GATE,3,train,50,-100.0
GATE,3,train,51,-273.0
GATE,3,train,52,-157.0
GATE,3,train,53,-131.0
GATE,3,train,54,-500.0
GATE,3,train,55,-202.0
GATE,3,train,56,-148.0
GATE,3,train,57,-104.0
GATE,3,train,58,-128.0
GATE,3,train,59,-199.0
GATE,3,train,60,-227.0
GATE,3,train,61,-95.0
GATE,3,train,62,-140.0
GATE,3,train,63,-170.0
GATE,3,train,64,-81.0
GATE,3,train,65,-245.0
GATE,3,train,66,-117.0
GATE,3,train,67,-139.0
GATE,3,train,68,-201.0
GATE,3,train,69,-106.0
GATE,3,train,70,-202.0
GATE,3,train,71,-133.0
GATE,3,train,72,-134.0
GATE,3,train,73,-133.0
GATE,3,train,74,-168.0
GATE,3,train,75,-148.0
GATE,3,train,76,-98.0
GATE,3,train,77,-151.0
GATE,3,train,78,-150.0
GATE,3,train,79,-166.0
GATE,3,train,80,-106.0
GATE,3,train,81,-298.0
GATE,3,train,82,-227.0
GATE,3,train,83,-149.0
GATE,3,train,84,-128.0
GATE,3,train,85,-117.0
GATE,3,train,86,-126.0
GATE,3,train,87,-253.0
GATE,3,train,88,-398.0
GATE,3,train,89,-176.0
GATE,3,train,90,-500.0
GATE,3,train,91,-91.0
GATE,3,train,92,-132.0
GATE,3,train,93,-104.0
GATE,3,train,94,-167.0
GATE,3,train,95,-227.0
GATE,3,train,96,-173.0
GATE,3,train,97,-146.0
GATE,3,train,98,-137.0
GATE,3,train,99,-108.0
GATE,3,train,100,-131.0
GATE,3,train,101,-126.0
GATE,3,train,102,-98.0
GATE,3,train,103,-133.0
GATE,3,train,104,-106.0
GATE,3,train,105,-129.0
GATE,3,train,106,-82.0
GATE,3,train,107,-102.0
GATE,3,train,108,-99.0
GATE,3,train,109,-69.0
GATE,3,train,110,-104.0
GATE,3,train,111,-86.0
GATE,3,train,112,-153.0
GATE,3,train,113,-137.0
GATE,3,train,114,-96.0
GATE,3,train,115,-124.0
GATE,3,train,116,-90.0
GATE,3,train,117,-178.0
GATE,3,train,118,-85.0
GATE,3,train,119,-78.0
GATE,3,train,120,-110.0
GATE,3,train,121,-103.0
GATE,3,train,122,-93.0
GATE,3,train,123,-113.0
GATE,3,train,124,-122.0
GATE,3,train,125,-124.0
GATE,3,train,126,-83.0
GATE,3,train,127,-122.0
GATE,3,train,128,-91.0
GATE,3,train,129,-129.0
GATE,3,train,130,-95.0
GATE,3,train,131,-72.0
GATE,3,train,132,-146.0
GATE,3,train,133,-92.0
GATE,3,train,134,-81.0
GATE,3,train,135,-126.0
GATE,3,train,136,-83.0
GATE,3,train,137,-250.0
GATE,3,train,138,-72.0
GATE,3,train,139,-89.0
GATE,3,train,140,-113.0
GATE,3,train,141,-82.0
GATE,3,train,142,-86.0
GATE,3,train,143,-123.0
GATE,3,train,144,-97.0
GATE,3,train,145,-85.0
GATE,3,train,146,-96.0
GATE,3,train,147,-76.0
GATE,3,train,148,-84.0
GATE,3,train,149,-70.0
GATE,3,train,150,-119.0
GATE,3,train,151,-95.0
GATE,3,train,152,-123.0
GATE,3,train,153,-103.0
GATE,3,train,154,-114.0
GATE,3,train,155,-129.0
GATE,3,train,156,-82.0
GATE,3,train,157,-92.0
GATE,3,train,158,-106.0
GATE,3,train,159,-106.0
GATE,3,train,160,-93.0
GATE,3,train,161,-64.0
GATE,3,train,162,-87.0
GATE,3,train,163,-115.0
GATE,3,train,164,-109.0
GATE,3,train,165,-87.0
GATE,3,train,166,-77.0
GATE,3,train,167,-209.0
GATE,3,train,168,-72.0
GATE,3,train,169,-86.0
GATE,3,train,170,-500.0
GATE,3,train,171,-106.0
GATE,3,train,172,-93.0
GATE,3,train,173,-98.0
GATE,3,train,174,-102.0
GATE,3,train,175,-82.0
GATE,3,train,176,-93.0
GATE,3,train,177,-92.0
GATE,3,train,178,-88.0
GATE,3,train,179,-64.0
GATE,3,train,180,-209.0
GATE,3,train,181,-118.0
GATE,3,train,182,-86.0
GATE,3,train,183,-110.0
GATE,3,train,184,-377.0
GATE,3,train,185,-93.0
GATE,3,train,186,-71.0
GATE,3,train,187,-82.0
GATE,3,train,188,-106.0
GATE,3,train,189,-88.0
GATE,3,train,190,-113.0
GATE,3,train,191,-99.0
GATE,3,train,192,-185.0
GATE,3,train,193,-111.0
GATE,3,train,194,-79.0
GATE,3,train,195,-85.0
GATE,3,train,196,-98.0
GATE,3,train,197,-110.0
GATE,3,train,198,-100.0
GATE,3,train,199,-93.0
GATE,3,train,200,-78.0
GATE,3,train,201,-77.0
GATE,3,train,202,-136.0
GATE,3,train,203,-86.0
GATE,3,train,204,-122.0
GATE,3,train,205,-62.0
GATE,3,train,206,-101.0
GATE,3,train,207,-122.0
GATE,3,train,208,-85.0
GATE,3,train,209,-94.0
GATE,3,train,210,-83.0
GATE,3,train,211,-82.0
GATE,3,train,212,-115.0
GATE,3,train,213,-111.0
GATE,3,train,214,-70.0
GATE,3,train,215,-78.0
GATE,3,train,216,-94.0
GATE,3,train,217,-111.0
GATE,3,train,218,-120.0
GATE,3,train,219,-125.0
GATE,3,train,220,-91.0
GATE,3,train,221,-78.0
GATE,3,train,222,-83.0
GATE,3,train,223,-115.0
GATE,3,train,224,-81.0
GATE,3,train,225,-140.0
GATE,3,train,226,-79.0
GATE,3,train,227,-82.0
GATE,3,train,228,-96.0
GATE,3,train,229,-103.0
GATE,3,train,230,-74.0
GATE,3,train,231,-108.0
GATE,3,train,232,-102.0
GATE,3,train,233,-198.0
GATE,3,train,234,-187.0
GATE,3,train,235,-83.0
GATE,3,train,236,-82.0
GATE,3,train,237,-77.0
GATE,3,train,238,-96.0
GATE,3,train,239,-94.0
GATE,3,train,240,-76.0
GATE,3,train,241,-87.0
GATE,3,train,242,-86.0
GATE,3,train,243,-115.0
GATE,3,train,244,-100.0
GATE,3,train,245,-86.0
GATE,3,train,246,-108.0
GATE,3,train,247,-89.0
GATE,3,train,248,-93.0
GATE,3,train,249,-98.0
GATE,3,train,250,-91.0
GATE,3,train,251,-80.0
GATE,3,train,252,-87.0
GATE,3,train,253,-70.0
GATE,3,train,254,-90.0
GATE,3,train,255,-80.0
GATE,3,train,256,-105.0
GATE,3,train,257,-200.0
GATE,3,train,258,-112.0
GATE,3,train,259,-71.0
GATE,3,train,260,-104.0
GATE,3,train,261,-74.0
GATE,3,train,262,-88.0
GATE,3,train,263,-92.0
GATE,3,train,264,-71.0
GATE,3,train,265,-72.0
GATE,3,train,266,-139.0
GATE,3,train,267,-78.0
GATE,3,train,268,-79.0
GATE,3,train,269,-90.0
GATE,3,train,270,-98.0
GATE,3,train,271,-113.0
GATE,3,train,272,-112.0
GATE,3,train,273,-92.0
GATE,3,train,274,-96.0
GATE,3,train,275,-82.0
GATE,3,train,276,-89.0
GATE,3,train,277,-142.0
GATE,3,train,278,-129.0
GATE,3,train,279,-84.0
GATE,3,train,280,-78.0
GATE,3,train,281,-111.0
GATE,3,train,282,-96.0
GATE,3,train,283,-83.0
GATE,3,train,284,-82.0
GATE,3,train,285,-108.0
GATE,3,train,286,-88.0
GATE,3,train,287,-116.0
GATE,3,train,288,-115.0
GATE,3,train,289,-95.0
GATE,3,train,290,-93.0
GATE,3,train,291,-92.0
GATE,3,train,292,-170.0
GATE,3,train,293,-75.0
GATE,3,train,294,-77.0
GATE,3,train,295,-121.0
GATE,3,train,296,-116.0
GATE,3,train,297,-78.0
GATE,3,train,298,-97.0
GATE,3,train,299,-116.0
GATE,3,train,300,-85.0
GATE,3,train,301,-72.0
GATE,3,train,302,-102.0
GATE,3,train,303,-79.0
GATE,3,train,304,-92.0
GATE,3,train,305,-72.0
GATE,3,train,306,-97.0
GATE,3,train,307,-112.0
GATE,3,train,308,-77.0
GATE,3,train,309,-90.0
GATE,3,train,310,-87.0
GATE,3,train,311,-86.0
GATE,3,train,312,-75.0
GATE,3,train,313,-83.0
GATE,3,train,314,-108.0
GATE,3,train,315,-72.0
GATE,3,train,316,-134.0
GATE,3,train,317,-82.0
GATE,3,train,318,-95.0
GATE,3,train,319,-98.0
GATE,3,train,320,-145.0
GATE,3,train,321,-84.0
GATE,3,train,322,-85.0
GATE,3,train,323,-99.0
GATE,3,train,324,-74.0
GATE,3,train,325,-64.0
GATE,3,train,326,-63.0
GATE,3,train,327,-94.0
GATE,3,train,328,-91.0
GATE,3,train,329,-79.0
GATE,3,train,330,-105.0
GATE,3,train,331,-83.0
GATE,3,train,332,-104.0
GATE,3,train,333,-98.0
GATE,3,train,334,-139.0
GATE,3,train,335,-78.0
GATE,3,train,336,-93.0
GATE,3,train,337,-90.0
GATE,3,train,338,-88.0
GATE,3,train,339,-87.0
GATE,3,train,340,-73.0
GATE,3,train,341,-78.0
GATE,3,train,342,-91.0
GATE,3,train,343,-115.0
GATE,3,train,344,-77.0
GATE,3,train,345,-80.0
GATE,3,train,346,-90.0
GATE,3,train,347,-71.0
GATE,3,train,348,-75.0
GATE,3,train,349,-75.0
GATE,3,train,350,-64.0
GATE,3,train,351,-381.0
GATE,3,train,352,-72.0
GATE,3,train,353,-103.0
GATE,3,train,354,-103.0
GATE,3,train,355,-79.0
GATE,3,train,356,-88.0
GATE,3,train,357,-155.0
GATE,3,train,358,-82.0
GATE,3,train,359,-84.0
GATE,3,train,360,-73.0
GATE,3,train,361,-86.0
GATE,3,train,362,-87.0
GATE,3,train,363,-113.0
GATE,3,train,364,-110.0
GATE,3,train,365,-88.0
GATE,3,train,366,-85.0
GATE,3,train,367,-78.0
GATE,3,train,368,-85.0
GATE,3,train,369,-99.0
GATE,3,train,370,-81.0
GATE,3,train,371,-164.0
GATE,3,train,372,-127.0
GATE,3,train,373,-91.0
GATE,3,train,374,-99.0
GATE,3,train,375,-88.0
GATE,3,train,376,-100.0
GATE,3,train,377,-95.0
GATE,3,train,378,-87.0
GATE,3,train,379,-86.0
GATE,3,train,380,-143.0
GATE,3,train,381,-72.0
GATE,3,train,382,-88.0
GATE,3,train,383,-75.0
GATE,3,train,384,-83.0
GATE,3,train,385,-107.0
GATE,3,train,386,-78.0
GATE,3,train,387,-136.0
GATE,3,train,388,-88.0
GATE,3,train,389,-86.0
GATE,3,train,390,-96.0
GATE,3,train,391,-71.0
GATE,3,train,392,-76.0
GATE,3,train,393,-89.0
GATE,3,train,394,-85.0
GATE,3,train,395,-92.0
GATE,3,train,396,-100.0
GATE,3,train,397,-80.0
GATE,3,train,398,-155.0
GATE,3,train,399,-78.0
GATE,3,train,400,-81.0
GATE,3,train,401,-81.0
GATE,3,train,402,-77.0
GATE,3,train,403,-118.0
GATE,3,train,404,-95.0
GATE,3,train,405,-70.0
GATE,3,train,406,-114.0
GATE,3,train,407,-89.0
GATE,3,train,408,-80.0
GATE,3,train,409,-182.0
GATE,3,train,410,-142.0
GATE,3,train,411,-73.0
GATE,3,train,412,-95.0
GATE,3,train,413,-92.0
GATE,3,train,414,-98.0
GATE,3,train,415,-141.0
GATE,3,train,416,-93.0
GATE,3,train,417,-130.0
GATE,3,train,418,-78.0
GATE,3,train,419,-71.0
GATE,3,train,420,-71.0
GATE,3,train,421,-86.0
GATE,3,train,422,-87.0
GATE,3,train,423,-95.0
GATE,3,train,424,-114.0
GATE,3,train,425,-106.0
GATE,3,train,426,-70.0
GATE,3,train,427,-61.0
GATE,3,train,428,-81.0
GATE,3,train,429,-73.0
GATE,3,train,430,-82.0
GATE,3,train,431,-101.0
GATE,3,train,432,-96.0
GATE,3,train,433,-95.0
GATE,3,train,434,-75.0
GATE,3,train,435,-108.0
GATE,3,train,436,-101.0
GATE,3,train,437,-95.0
GATE,3,train,438,-89.0
GATE,3,train,439,-72.0
GATE,3,train,440,-63.0
GATE,3,train,441,-97.0
GATE,3,train,442,-86.0
GATE,3,train,443,-134.0
GATE,3,train,444,-95.0
GATE,3,train,445,-66.0
GATE,3,train,446,-105.0
GATE,3,train,447,-92.0
GATE,3,train,448,-77.0
GATE,3,train,449,-98.0
GATE,3,train,450,-78.0
GATE,3,train,451,-73.0
GATE,3,train,452,-80.0
GATE,3,train,453,-100.0
GATE,3,train,454,-85.0
GATE,3,train,455,-97.0
GATE,3,train,456,-113.0
GATE,3,train,457,-87.0
GATE,3,train,458,-79.0
GATE,3,train,459,-101.0
GATE,3,train,460,-84.0
GATE,3,train,461,-80.0
GATE,3,train,462,-78.0
GATE,3,train,463,-81.0
GATE,3,train,464,-105.0
GATE,3,train,465,-102.0
GATE,3,train,466,-81.0
GATE,3,train,467,-85.0
GATE,3,train,468,-96.0
GATE,3,train,469,-107.0
GATE,3,train,470,-70.0
GATE,3,train,471,-89.0
GATE,3,train,472,-88.0
GATE,3,train,473,-92.0
GATE,3,train,474,-72.0
GATE,3,train,475,-91.0
GATE,3,train,476,-75.0
GATE,3,train,477,-84.0
GATE,3,train,478,-86.0
GATE,3,train,479,-102.0
GATE,3,train,480,-107.0
GATE,3,train,481,-80.0
GATE,3,train,482,-336.0
GATE,3,train,483,-93.0
GATE,3,train,484,-86.0
GATE,3,train,485,-77.0
GATE,3,train,486,-93.0
GATE,3,train,487,-108.0
GATE,3,train,488,-76.0
GATE,3,train,489,-98.0
GATE,3,train,490,-102.0
GATE,3,train,491,-94.0
GATE,3,train,492,-76.0
GATE,3,train,493,-84.0
GATE,3,train,494,-99.0
GATE,3,train,495,-122.0
GATE,3,train,496,-94.0
GATE,3,train,497,-63.0
GATE,3,train,498,-84.0
GATE,3,train,499,-81.0
GATE,3,train,500,-102.0
GATE,4,train,1,-500.0
GATE,4,train,2,-304.0
GATE,4,train,3,-151.0
GATE,4,train,4,-128.0
GATE,4,train,5,-354.0
GATE,4,train,6,-328.0
GATE,4,train,7,-222.0
GATE,4,train,8,-112.0
GATE,4,train,9,-196.0
GATE,4,train,10,-500.0
GATE,4,train,11,-500.0
GATE,4,train,12,-500.0
GATE,4,train,13,-500.0
GATE,4,train,14,-500.0
GATE,4,train,15,-500.0
GATE,4,train,16,-500.0
GATE,4,train,17,-500.0
GATE,4,train,18,-500.0
GATE,4,train,19,-500.0
GATE,4,train,20,-389.0
GATE,4,train,21,-500.0
GATE,4,train,22,-500.0
GATE,4,train,23,-500.0
GATE,4,train,24,-500.0
GATE,4,train,25,-500.0
GATE,4,train,26,-500.0
GATE,4,train,27,-144.0
GATE,4,train,28,-500.0
GATE,4,train,29,-500.0
GATE,4,train,30,-250.0
GATE,4,train,31,-262.0
GATE,4,train,32,-274.0
GATE,4,train,33,-110.0
GATE,4,train,34,-309.0
GATE,4,train,35,-145.0
GATE,4,train,36,-122.0
GATE,4,train,37,-153.0
GATE,4,train,38,-123.0
GATE,4,train,39,-143.0
GATE,4,train,40,-136.0
GATE,4,train,41,-179.0
GATE,4,train,42,-167.0
GATE,4,train,43,-246.0
GATE,4,train,44,-157.0
GATE,4,train,45,-143.0
GATE,4,train,46,-211.0
GATE,4,train,47,-180.0
GATE,4,train,48,-136.0
GATE,4,train,49,-243.0
GATE,4,train,50,-213.0
GATE,4,train,51,-500.0
GATE,4,train,52,-193.0
GATE,4,train,53,-105.0
GATE,4,train,54,-121.0
GATE,4,train,55,-175.0
GATE,4,train,56,-142.0
GATE,4,train,57,-171.0
GATE,4,train,58,-207.0
GATE,4,train,59,-199.0
GATE,4,train,60,-93.0
GATE,4,train,61,-109.0
GATE,4,train,62,-286.0
GATE,4,train,63,-124.0
GATE,4,train,64,-98.0
GATE,4,train,65,-172.0
GATE,4,train,66,-123.0
GATE,4,train,67,-103.0
GATE,4,train,68,-110.0
GATE,4,train,69,-91.0
GATE,4,train,70,-73.0
GATE,4,train,71,-133.0
GATE,4,train,72,-131.0
GATE,4,train,73,-148.0
GATE,4,train,74,-166.0
GATE,4,train,75,-116.0
GATE,4,train,76,-91.0
GATE,4,train,77,-115.0
GATE,4,train,78,-202.0
GATE,4,train,79,-98.0
GATE,4,train,80,-113.0
GATE,4,train,81,-129.0
GATE,4,train,82,-135.0
GATE,4,train,83,-126.0
GATE,4,train,84,-143.0
GATE,4,train,85,-120.0
GATE,4,train,86,-101.0
GATE,4,train,87,-108.0
GATE,4,train,88,-104.0
GATE,4,train,89,-90.0
GATE,4,train,90,-220.0
GATE,4,train,91,-108.0
GATE,4,train,92,-111.0
GATE,4,train,93,-79.0
GATE,4,train,94,-106.0
GATE,4,train,95,-92.0
GATE,4,train,96,-107.0
GATE,4,train,97,-72.0
GATE,4,train,98,-133.0
GATE,4,train,99,-85.0
GATE,4,train,100,-113.0
GATE,4,train,101,-158.0
GATE,4,train,102,-95.0
GATE,4,train,103,-118.0
GATE,4,train,104,-134.0
GATE,4,train,105,-110.0
GATE,4,train,106,-97.0
GATE,4,train,107,-197.0
GATE,4,train,108,-63.0
GATE,4,train,109,-85.0
GATE,4,train,110,-162.0
GATE,4,train,111,-114.0
GATE,4,train,112,-116.0
GATE,4,train,113,-100.0
GATE,4,train,114,-102.0
GATE,4,train,115,-87.0
GATE,4,train,116,-112.0
GATE,4,train,117,-117.0
GATE,4,train,118,-123.0
GATE,4,train,119,-122.0
GATE,4,train,120,-117.0
GATE,4,train,121,-86.0
GATE,4,train,122,-130.0
GATE,4,train,123,-97.0
GATE,4,train,124,-157.0
GATE,4,train,125,-113.0
GATE,4,train,126,-214.0
GATE,4,train,127,-115.0
GATE,4,train,128,-95.0
GATE,4,train,129,-133.0
GATE,4,train,130,-107.0
GATE,4,train,131,-166.0
GATE,4,train,132,-129.0
GATE,4,train,133,-85.0
GATE,4,train,134,-132.0
GATE,4,train,135,-113.0
GATE,4,train,136,-84.0
GATE,4,train,137,-140.0
GATE,4,train,138,-107.0
GATE,4,train,139,-115.0
GATE,4,train,140,-103.0
GATE,4,train,141,-106.0
GATE,4,train,142,-133.0
GATE,4,train,143,-163.0
GATE,4,train,144,-95.0
GATE,4,train,145,-84.0
GATE,4,train,146,-120.0
GATE,4,train,147,-124.0
GATE,4,train,148,-63.0
GATE,4,train,149,-168.0
GATE,4,train,150,-119.0
GATE,4,train,151,-77.0
GATE,4,train,152,-104.0
GATE,4,train,153,-100.0
GATE,4,train,154,-111.0
GATE,4,train,155,-87.0
GATE,4,train,156,-100.0
GATE,4,train,157,-104.0
GATE,4,train,158,-108.0
GATE,4,train,159,-92.0
GATE,4,train,160,-85.0
GATE,4,train,161,-161.0
GATE,4,train,162,-133.0
GATE,4,train,163,-94.0
GATE,4,train,164,-124.0
GATE,4,train,165,-106.0
GATE,4,train,166,-106.0
GATE,4,train,167,-176.0
GATE,4,train,168,-92.0
GATE,4,train,169,-96.0
GATE,4,train,170,-74.0
GATE,4,train,171,-119.0
GATE,4,train,172,-124.0
GATE,4,train,173,-199.0
GATE,4,train,174,-78.0
GATE,4,train,175,-84.0
GATE,4,train,176,-122.0
GATE,4,train,177,-123.0
GATE,4,train,178,-131.0
GATE,4,train,179,-91.0
GATE,4,train,180,-89.0
GATE,4,train,181,-97.0
GATE,4,train,182,-116.0
GATE,4,train,183,-132.0
GATE,4,train,184,-104.0
GATE,4,train,185,-108.0
GATE,4,train,186,-111.0
GATE,4,train,187,-112.0
GATE,4,train,188,-123.0
GATE,4,train,189,-113.0
GATE,4,train,190,-83.0
GATE,4,train,191,-110.0
GATE,4,train,192,-111.0
GATE,4,train,193,-102.0
GATE,4,train,194,-120.0
GATE,4,train,195,-128.0
GATE,4,train,196,-101.0
GATE,4,train,197,-80.0
GATE,4,train,198,-87.0
GATE,4,train,199,-117.0
GATE,4,train,200,-87.0
GATE,4,train,201,-131.0
GATE,4,train,202,-129.0
GATE,4,train,203,-158.0
GATE,4,train,204,-103.0
GATE,4,train,205,-94.0
GATE,4,train,206,-84.0
GATE,4,train,207,-113.0
GATE,4,train,208,-120.0
GATE,4,train,209,-80.0
GATE,4,train,210,-83.0
GATE,4,train,211,-74.0
GATE,4,train,212,-96.0
GATE,4,train,213,-104.0
GATE,4,train,214,-76.0
GATE,4,train,215,-128.0
GATE,4,train,216,-142.0
GATE,4,train,217,-93.0
GATE,4,train,218,-111.0
GATE,4,train,219,-84.0
GATE,4,train,220,-101.0
GATE,4,train,221,-94.0
GATE,4,train,222,-201.0
GATE,4,train,223,-92.0
GATE,4,train,224,-500.0
GATE,4,train,225,-79.0
GATE,4,train,226,-105.0
GATE,4,train,227,-143.0
GATE,4,train,228,-106.0
GATE,4,train,229,-83.0
GATE,4,train,230,-111.0
GATE,4,train,231,-112.0
GATE,4,train,232,-101.0
GATE,4,train,233,-129.0
GATE,4,train,234,-98.0
GATE,4,train,235,-79.0
GATE,4,train,236,-86.0
GATE,4,train,237,-130.0
GATE,4,train,238,-86.0
GATE,4,train,239,-109.0
GATE,4,train,240,-93.0
GATE,4,train,241,-72.0
GATE,4,train,242,-103.0
GATE,4,train,243,-100.0
GATE,4,train,244,-139.0
GATE,4,train,245,-77.0
GATE,4,train,246,-93.0
GATE,4,train,247,-249.0
GATE,4,train,248,-110.0
GATE,4,train,249,-88.0
GATE,4,train,250,-87.0
GATE,4,train,251,-79.0
GATE,4,train,252,-118.0
GATE,4,train,253,-85.0
GATE,4,train,254,-101.0
GATE,4,train,255,-96.0
GATE,4,train,256,-78.0
GATE,4,train,257,-102.0
GATE,4,train,258,-85.0
GATE,4,train,259,-126.0
GATE,4,train,260,-104.0
GATE,4,train,261,-96.0
GATE,4,train,262,-314.0
GATE,4,train,263,-234.0
GATE,4,train,264,-104.0
GATE,4,train,265,-78.0
GATE,4,train,266,-73.0
GATE,4,train,267,-118.0
GATE,4,train,268,-115.0
GATE,4,train,269,-102.0
GATE,4,train,270,-105.0
GATE,4,train,271,-75.0
GATE,4,train,272,-140.0
GATE,4,train,273,-94.0
GATE,4,train,274,-95.0
GATE,4,train,275,-84.0
GATE,4,train,276,-87.0
GATE,4,train,277,-89.0
GATE,4,train,278,-97.0
GATE,4,train,279,-102.0
GATE,4,train,280,-172.0
GATE,4,train,281,-99.0
GATE,4,train,282,-86.0
GATE,4,train,283,-84.0
GATE,4,train,284,-97.0
GATE,4,train,285,-95.0
GATE,4,train,286,-94.0
GATE,4,train,287,-109.0
GATE,4,train,288,-122.0
GATE,4,train,289,-328.0
GATE,4,train,290,-104.0
GATE,4,train,291,-79.0
GATE,4,train,292,-71.0
GATE,4,train,293,-115.0
GATE,4,train,294,-99.0
GATE,4,train,295,-111.0
GATE,4,train,296,-85.0
GATE,4,train,297,-100.0
GATE,4,train,298,-81.0
GATE,4,train,299,-109.0
GATE,4,train,300,-88.0
GATE,4,train,301,-240.0
GATE,4,train,302,-86.0
GATE,4,train,303,-99.0
GATE,4,train,304,-79.0
GATE,4,train,305,-103.0
GATE,4,train,306,-107.0
GATE,4,train,307,-74.0
GATE,4,train,308,-100.0
GATE,4,train,309,-93.0
GATE,4,train,310,-123.0
GATE,4,train,311,-76.0
GATE,4,train,312,-115.0
GATE,4,train,313,-90.0
GATE,4,train,314,-72.0
GATE,4,train,315,-98.0
GATE,4,train,316,-72.0
GATE,4,train,317,-119.0
GATE,4,train,318,-86.0
GATE,4,train,319,-109.0
GATE,4,train,320,-126.0
GATE,4,train,321,-110.0
GATE,4,train,322,-97.0
GATE,4,train,323,-91.0
GATE,4,train,324,-136.0
GATE,4,train,325,-107.0
GATE,4,train,326,-85.0
GATE,4,train,327,-125.0
GATE,4,train,328,-70.0
GATE,4,train,329,-97.0
GATE,4,train,330,-134.0
GATE,4,train,331,-101.0
GATE,4,train,332,-123.0
GATE,4,train,333,-117.0
GATE,4,train,334,-79.0
GATE,4,train,335,-79.0
GATE,4,train,336,-65.0
GATE,4,train,337,-105.0
GATE,4,train,338,-100.0
GATE,4,train,339,-101.0
GATE,4,train,340,-102.0
GATE,4,train,341,-75.0
GATE,4,train,342,-80.0
GATE,4,train,343,-185.0
GATE,4,train,344,-87.0
GATE,4,train,345,-87.0
GATE,4,train,346,-69.0
GATE,4,train,347,-82.0
GATE,4,train,348,-111.0
GATE,4,train,349,-108.0
GATE,4,train,350,-108.0
GATE,4,train,351,-109.0
GATE,4,train,352,-84.0
GATE,4,train,353,-95.0
GATE,4,train,354,-78.0
GATE,4,train,355,-116.0
GATE,4,train,356,-137.0
GATE,4,train,357,-79.0
GATE,4,train,358,-100.0
GATE,4,train,359,-123.0
GATE,4,train,360,-97.0
GATE,4,train,361,-93.0
GATE,4,train,362,-80.0
GATE,4,train,363,-77.0
GATE,4,train,364,-84.0
GATE,4,train,365,-95.0
GATE,4,train,366,-97.0
GATE,4,train,367,-110.0
GATE,4,train,368,-86.0
GATE,4,train,369,-94.0
GATE,4,train,370,-105.0
GATE,4,train,371,-106.0
GATE,4,train,372,-93.0
GATE,4,train,373,-78.0
GATE,4,train,374,-84.0
GATE,4,train,375,-91.0
GATE,4,train,376,-114.0
GATE,4,train,377,-93.0
GATE,4,train,378,-108.0
GATE,4,train,379,-106.0
GATE,4,train,380,-90.0
GATE,4,train,381,-113.0
GATE,4,train,382,-128.0
GATE,4,train,383,-86.0
GATE,4,train,384,-107.0
GATE,4,train,385,-145.0
GATE,4,train,386,-84.0
GATE,4,train,387,-105.0
GATE,4,train,388,-71.0
GATE,4,train,389,-84.0
GATE,4,train,390,-143.0
GATE,4,train,391,-103.0
GATE,4,train,392,-178.0
GATE,4,train,393,-118.0
GATE,4,train,394,-96.0
GATE,4,train,395,-93.0
GATE,4,train,396,-95.0
GATE,4,train,397,-90.0
GATE,4,train,398,-91.0
GATE,4,train,399,-125.0
GATE,4,train,400,-113.0
GATE,4,train,401,-99.0
GATE,4,train,402,-105.0
GATE,4,train,403,-83.0
GATE,4,train,404,-111.0
GATE,4,train,405,-161.0
GATE,4,train,406,-101.0
GATE,4,train,407,-110.0
GATE,4,train,408,-87.0
GATE,4,train,409,-104.0
GATE,4,train,410,-82.0
GATE,4,train,411,-103.0
GATE,4,train,412,-64.0
GATE,4,train,413,-82.0
GATE,4,train,414,-100.0
GATE,4,train,415,-96.0
GATE,4,train,416,-143.0
GATE,4,train,417,-79.0
GATE,4,train,418,-105.0
GATE,4,train,419,-71.0
GATE,4,train,420,-125.0
GATE,4,train,421,-120.0
GATE,4,train,422,-84.0
GATE,4,train,423,-81.0
GATE,4,train,424,-87.0
GATE,4,train,425,-82.0
GATE,4,train,426,-102.0
GATE,4,train,427,-111.0
GATE,4,train,428,-93.0
GATE,4,train,429,-97.0
GATE,4,train,430,-92.0
GATE,4,train,431,-70.0
GATE,4,train,432,-94.0
GATE,4,train,433,-108.0
GATE,4,train,434,-87.0
GATE,4,train,435,-109.0
GATE,4,train,436,-74.0
GATE,4,train,437,-122.0
GATE,4,train,438,-84.0
GATE,4,train,439,-90.0
GATE,4,train,440,-122.0
GATE,4,train,441,-109.0
GATE,4,train,442,-95.0
GATE,4,train,443,-88.0
GATE,4,train,444,-87.0
GATE,4,train,445,-81.0
GATE,4,train,446,-127.0
GATE,4,train,447,-90.0
GATE,4,train,448,-103.0
GATE,4,train,449,-98.0
GATE,4,train,450,-100.0
GATE,4,train,451,-78.0
GATE,4,train,452,-81.0
GATE,4,train,453,-71.0
GATE,4,train,454,-87.0
GATE,4,train,455,-78.0
GATE,4,train,456,-85.0
GATE,4,train,457,-70.0
GATE,4,train,458,-107.0
GATE,4,train,459,-63.0
GATE,4,train,460,-92.0
GATE,4,train,461,-94.0
GATE,4,train,462,-167.0
GATE,4,train,463,-73.0
GATE,4,train,464,-129.0
GATE,4,train,465,-80.0
GATE,4,train,466,-89.0
GATE,4,train,467,-88.0
GATE,4,train,468,-78.0
GATE,4,train,469,-120.0
GATE,4,train,470,-70.0
GATE,4,train,471,-85.0
GATE,4,train,472,-75.0
GATE,4,train,473,-82.0
GATE,4,train,474,-73.0
GATE,4,train,475,-76.0
GATE,4,train,476,-94.0
GATE,4,train,477,-92.0
GATE,4,train,478,-70.0
GATE,4,train,479,-93.0
GATE,4,train,480,-94.0
GATE,4,train,481,-108.0
GATE,4,train,482,-78.0
GATE,4,train,483,-88.0
GATE,4,train,484,-98.0
GATE,4,train,485,-86.0
GATE,4,train,486,-91.0
GATE,4,train,487,-104.0
GATE,4,train,488,-112.0
GATE,4,train,489,-106.0
GATE,4,train,490,-194.0
GATE,4,train,491,-106.0
GATE,4,train,492,-69.0
GATE,4,train,493,-116.0
GATE,4,train,494,-90.0
GATE,4,train,495,-95.0
GATE,4,train,496,-94.0
GATE,4,train,497,-104.0
GATE,4,train,498,-104.0
GATE,4,train,499,-81.0
GATE,4,train,500,-91.0
GATE,5,train,1,-500.0
GATE,5,train,2,-500.0
GATE,5,train,3,-500.0
GATE,5,train,4,-500.0
GATE,5,train,5,-500.0
GATE,5,train,6,-500.0
GATE,5,train,7,-294.0
GATE,5,train,8,-121.0
GATE,5,train,9,-191.0
GATE,5,train,10,-150.0
GATE,5,train,11,-177.0
GATE,5,train,12,-182.0
GATE,5,train,13,-249.0
GATE,5,train,14,-138.0
GATE,5,train,15,-130.0
GATE,5,train,16,-172.0
GATE,5,train,17,-133.0
GATE,5,train,18,-112.0
GATE,5,train,19,-87.0
GATE,5,train,20,-161.0
GATE,5,train,21,-129.0
GATE,5,train,22,-141.0
GATE,5,train,23,-139.0
GATE,5,train,24,-178.0
GATE,5,train,25,-112.0
GATE,5,train,26,-116.0
GATE,5,train,27,-108.0
GATE,5,train,28,-80.0
GATE,5,train,29,-127.0
GATE,5,train,30,-97.0
GATE,5,train,31,-174.0
GATE,5,train,32,-149.0
GATE,5,train,33,-115.0
GATE,5,train,34,-166.0
GATE,5,train,35,-165.0
GATE,5,train,36,-130.0
GATE,5,train,37,-281.0
GATE,5,train,38,-122.0
GATE,5,train,39,-123.0
GATE,5,train,40,-155.0
GATE,5,train,41,-192.0
GATE,5,train,42,-136.0
GATE,5,train,43,-500.0
GATE,5,train,44,-193.0
GATE,5,train,45,-189.0
GATE,5,train,46,-152.0
GATE,5,train,47,-238.0
GATE,5,train,48,-385.0
GATE,5,train,49,-500.0
GATE,5,train,50,-476.0
GATE,5,train,51,-500.0
GATE,5,train,52,-253.0
GATE,5,train,53,-500.0
GATE,5,train,54,-190.0
GATE,5,train,55,-500.0
GATE,5,train,56,-303.0
GATE,5,train,57,-158.0
GATE,5,train,58,-209.0
GATE,5,train,59,-175.0
GATE,5,train,60,-500.0
GATE,5,train,61,-305.0
GATE,5,train,62,-416.0
GATE,5,train,63,-500.0
GATE,5,train,64,-194.0
GATE,5,train,65,-167.0
GATE,5,train,66,-170.0
GATE,5,train,67,-151.0
GATE,5,train,68,-168.0
GATE,5,train,69,-152.0
GATE,5,train,70,-129.0
GATE,5,train,71,-208.0
GATE,5,train,72,-255.0
GATE,5,train,73,-500.0
GATE,5,train,74,-283.0
GATE,5,train,75,-152.0
GATE,5,train,76,-370.0
GATE,5,train,77,-500.0
GATE,5,train,78,-162.0
GATE,5,train,79,-126.0
GATE,5,train,80,-161.0
GATE,5,train,81,-99.0
GATE,5,train,82,-192.0
GATE,5,train,83,-157.0
GATE,5,train,84,-140.0
GATE,5,train,85,-500.0
GATE,5,train,86,-156.0
GATE,5,train,87,-324.0
GATE,5,train,88,-158.0
GATE,5,train,89,-125.0
GATE,5,train,90,-208.0
GATE,5,train,91,-149.0
GATE,5,train,92,-170.0
GATE,5,train,93,-178.0
GATE,5,train,94,-112.0
GATE,5,train,95,-168.0
GATE,5,train,96,-114.0
GATE,5,train,97,-485.0
GATE,5,train,98,-250.0
GATE,5,train,99,-105.0
GATE,5,train,100,-105.0
GATE,5,train,101,-153.0
GATE,5,train,102,-431.0
GATE,5,train,103,-84.0
GATE,5,train,104,-125.0
GATE,5,train,105,-150.0
GATE,5,train,106,-117.0
GATE,5,train,107,-130.0
GATE,5,train,108,-209.0
GATE,5,train,109,-93.0
GATE,5,train,110,-124.0
GATE,5,train,111,-153.0
GATE,5,train,112,-103.0
GATE,5,train,113,-138.0
GATE,5,train,114,-121.0
GATE,5,train,115,-108.0
GATE,5,train,116,-234.0
GATE,5,train,117,-107.0
GATE,5,train,118,-110.0
GATE,5,train,119,-163.0
GATE,5,train,120,-111.0
GATE,5,train,121,-83.0
GATE,5,train,122,-101.0
GATE,5,train,123,-82.0
GATE,5,train,124,-185.0
GATE,5,train,125,-167.0
GATE,5,train,126,-174.0
GATE,5,train,127,-106.0
GATE,5,train,128,-208.0
GATE,5,train,129,-126.0
GATE,5,train,130,-100.0
GATE,5,train,131,-88.0
GATE,5,train,132,-79.0
GATE,5,train,133,-104.0
GATE,5,train,134,-90.0
GATE,5,train,135,-79.0
GATE,5,train,136,-276.0
GATE,5,train,137,-88.0
GATE,5,train,138,-115.0
GATE,5,train,139,-84.0
GATE,5,train,140,-94.0
GATE,5,train,141,-79.0
GATE,5,train,142,-78.0
GATE,5,train,143,-100.0
GATE,5,train,144,-85.0
GATE,5,train,145,-109.0
GATE,5,train,146,-112.0
GATE,5,train,147,-135.0
GATE,5,train,148,-108.0
GATE,5,train,149,-105.0
GATE,5,train,150,-79.0
GATE,5,train,151,-111.0
GATE,5,train,152,-86.0
GATE,5,train,153,-98.0
GATE,5,train,154,-82.0
GATE,5,train,155,-90.0
GATE,5,train,156,-131.0
GATE,5,train,157,-102.0
GATE,5,train,158,-93.0
GATE,5,train,159,-105.0
GATE,5,train,160,-71.0
GATE,5,train,161,-106.0
GATE,5,train,162,-85.0
GATE,5,train,163,-101.0
GATE,5,train,164,-145.0
GATE,5,train,165,-102.0
GATE,5,train,166,-92.0
GATE,5,train,167,-104.0
GATE,5,train,168,-121.0
GATE,5,train,169,-106.0
GATE,5,train,170,-74.0
GATE,5,train,171,-219.0
GATE,5,train,172,-110.0
GATE,5,train,173,-82.0
GATE,5,train,174,-86.0
GATE,5,train,175,-75.0
GATE,5,train,176,-97.0
GATE,5,train,177,-68.0
GATE,5,train,178,-98.0
GATE,5,train,179,-142.0
GATE,5,train,180,-116.0
GATE,5,train,181,-132.0
GATE,5,train,182,-122.0
GATE,5,train,183,-101.0
GATE,5,train,184,-114.0
GATE,5,train,185,-169.0
GATE,5,train,186,-106.0
GATE,5,train,187,-86.0
GATE,5,train,188,-99.0
GATE,5,train,189,-70.0
GATE,5,train,190,-76.0
GATE,5,train,191,-81.0
GATE,5,train,192,-79.0
GATE,5,train,193,-117.0
GATE,5,train,194,-96.0
GATE,5,train,195,-203.0
GATE,5,train,196,-108.0
GATE,5,train,197,-81.0
GATE,5,train,198,-82.0
GATE,5,train,199,-94.0
GATE,5,train,200,-77.0
GATE,5,train,201,-78.0
GATE,5,train,202,-83.0
GATE,5,train,203,-118.0
GATE,5,train,204,-79.0
GATE,5,train,205,-106.0
GATE,5,train,206,-90.0
GATE,5,train,207,-72.0
GATE,5,train,208,-105.0
GATE,5,train,209,-91.0
GATE,5,train,210,-165.0
GATE,5,train,211,-93.0
GATE,5,train,212,-70.0
GATE,5,train,213,-99.0
GATE,5,train,214,-83.0
GATE,5,train,215,-112.0
GATE,5,train,216,-108.0
GATE,5,train,217,-97.0
GATE,5,train,218,-89.0
GATE,5,train,219,-91.0
GATE,5,train,220,-97.0
GATE,5,train,221,-175.0
GATE,5,train,222,-84.0
GATE,5,train,223,-118.0
GATE,5,train,224,-105.0
GATE,5,train,225,-104.0
GATE,5,train,226,-84.0
GATE,5,train,227,-121.0
GATE,5,train,228,-92.0
GATE,5,train,229,-118.0
GATE,5,train,230,-97.0
GATE,5,train,231,-91.0
GATE,5,train,232,-106.0
GATE,5,train,233,-87.0
GATE,5,train,234,-102.0
GATE,5,train,235,-108.0
GATE,5,train,236,-115.0
GATE,5,train,237,-102.0
GATE,5,train,238,-95.0
GATE,5,train,239,-92.0
GATE,5,train,240,-120.0
GATE,5,train,241,-140.0
GATE,5,train,242,-131.0
GATE,5,train,243,-86.0
GATE,5,train,244,-112.0
GATE,5,train,245,-106.0
GATE,5,train,246,-77.0
GATE,5,train,247,-90.0
GATE,5,train,248,-114.0
GATE,5,train,249,-98.0
GATE,5,train,250,-99.0
GATE,5,train,251,-109.0
GATE,5,train,252,-77.0
GATE,5,train,253,-96.0
GATE,5,train,254,-106.0
GATE,5,train,255,-88.0
GATE,5,train,256,-95.0
GATE,5,train,257,-78.0
GATE,5,train,258,-79.0
GATE,5,train,259,-104.0
GATE,5,train,260,-101.0
GATE,5,train,261,-109.0
GATE,5,train,262,-105.0
GATE,5,train,263,-99.0
GATE,5,train,264,-93.0
GATE,5,train,265,-99.0
GATE,5,train,266,-85.0
GATE,5,train,267,-98.0
GATE,5,train,268,-110.0
GATE,5,train,269,-107.0
GATE,5,train,270,-76.0
GATE,5,train,271,-85.0
GATE,5,train,272,-107.0
GATE,5,train,273,-108.0
GATE,5,train,274,-112.0
GATE,5,train,275,-110.0
GATE,5,train,276,-86.0
GATE,5,train,277,-97.0
GATE,5,train,278,-100.0
GATE,5,train,279,-77.0
GATE,5,train,280,-101.0
GATE,5,train,281,-95.0
GATE,5,train,282,-126.0
GATE,5,train,283,-86.0
GATE,5,train,284,-103.0
GATE,5,train,285,-88.0
GATE,5,train,286,-106.0
GATE,5,train,287,-112.0
GATE,5,train,288,-106.0
GATE,5,train,289,-79.0
GATE,5,train,290,-120.0
GATE,5,train,291,-113.0
GATE,5,train,292,-72.0
GATE,5,train,293,-95.0
GATE,5,train,294,-121.0
GATE,5,train,295,-131.0
GATE,5,train,296,-113.0
GATE,5,train,297,-102.0
GATE,5,train,298,-130.0
GATE,5,train,299,-79.0
GATE,5,train,300,-85.0
GATE,5,train,301,-75.0
GATE,5,train,302,-78.0
GATE,5,train,303,-87.0
GATE,5,train,304,-92.0
GATE,5,train,305,-111.0
GATE,5,train,306,-111.0
GATE,5,train,307,-107.0
GATE,5,train,308,-196.0
GATE,5,train,309,-69.0
GATE,5,train,310,-76.0
GATE,5,train,311,-152.0
GATE,5,train,312,-119.0
GATE,5,train,313,-97.0
GATE,5,train,314,-73.0
GATE,5,train,315,-137.0
GATE,5,train,316,-89.0
GATE,5,train,317,-108.0
GATE,5,train,318,-104.0
GATE,5,train,319,-71.0
GATE,5,train,320,-100.0
GATE,5,train,321,-99.0
GATE,5,train,322,-217.0
GATE,5,train,323,-125.0
GATE,5,train,324,-223.0
GATE,5,train,325,-127.0
GATE,5,train,326,-99.0
GATE,5,train,327,-113.0
GATE,5,train,328,-109.0
GATE,5,train,329,-98.0
GATE,5,train,330,-91.0
GATE,5,train,331,-91.0
GATE,5,train,332,-98.0
GATE,5,train,333,-84.0
GATE,5,train,334,-122.0
GATE,5,train,335,-78.0
GATE,5,train,336,-117.0
GATE,5,train,337,-95.0
GATE,5,train,338,-118.0
GATE,5,train,339,-103.0
GATE,5,train,340,-78.0
GATE,5,train,341,-79.0
GATE,5,train,342,-91.0
GATE,5,train,343,-120.0
GATE,5,train,344,-113.0
GATE,5,train,345,-135.0
GATE,5,train,346,-78.0
GATE,5,train,347,-114.0
GATE,5,train,348,-94.0
GATE,5,train,349,-127.0
GATE,5,train,350,-103.0
GATE,5,train,351,-122.0
GATE,5,train,352,-99.0
GATE,5,train,353,-98.0
GATE,5,train,354,-77.0
GATE,5,train,355,-123.0
GATE,5,train,356,-108.0
GATE,5,train,357,-101.0
GATE,5,train,358,-104.0
GATE,5,train,359,-63.0
GATE,5,train,360,-92.0
GATE,5,train,361,-94.0
GATE,5,train,362,-87.0
GATE,5,train,363,-71.0
GATE,5,train,364,-99.0
GATE,5,train,365,-71.0
GATE,5,train,366,-102.0
GATE,5,train,367,-71.0
GATE,5,train,368,-109.0
GATE,5,train,369,-87.0
GATE,5,train,370,-112.0
GATE,5,train,371,-90.0
GATE,5,train,372,-95.0
GATE,5,train,373,-86.0
GATE,5,train,374,-84.0
GATE,5,train,375,-136.0
GATE,5,train,376,-82.0
GATE,5,train,377,-91.0
GATE,5,train,378,-80.0
GATE,5,train,379,-96.0
GATE,5,train,380,-77.0
GATE,5,train,381,-78.0
GATE,5,train,382,-85.0
GATE,5,train,383,-86.0
GATE,5,train,384,-105.0
GATE,5,train,385,-88.0
GATE,5,train,386,-107.0
GATE,5,train,387,-117.0
GATE,5,train,388,-71.0
GATE,5,train,389,-85.0
GATE,5,train,390,-78.0
GATE,5,train,391,-124.0
GATE,5,train,392,-86.0
GATE,5,train,393,-102.0
GATE,5,train,394,-107.0
GATE,5,train,395,-103.0
GATE,5,train,396,-85.0
GATE,5,train,397,-75.0
GATE,5,train,398,-90.0
GATE,5,train,399,-93.0
GATE,5,train,400,-137.0
GATE,5,train,401,-87.0
GATE,5,train,402,-108.0
GATE,5,train,403,-100.0
GATE,5,train,404,-88.0
GATE,5,train,405,-121.0
GATE,5,train,406,-124.0
GATE,5,train,407,-63.0
GATE,5,train,408,-83.0
GATE,5,train,409,-192.0
GATE,5,train,410,-87.0
GATE,5,train,411,-90.0
GATE,5,train,412,-83.0
GATE,5,train,413,-100.0
GATE,5,train,414,-121.0
GATE,5,train,415,-99.0
GATE,5,train,416,-89.0
GATE,5,train,417,-112.0
GATE,5,train,418,-111.0
GATE,5,train,419,-96.0
GATE,5,train,420,-102.0
GATE,5,train,421,-148.0
GATE,5,train,422,-77.0
GATE,5,train,423,-97.0
GATE,5,train,424,-106.0
GATE,5,train,425,-86.0
GATE,5,train,426,-99.0
GATE,5,train,427,-77.0
GATE,5,train,428,-79.0
GATE,5,train,429,-98.0
GATE,5,train,430,-85.0
GATE,5,train,431,-87.0
GATE,5,train,432,-96.0
GATE,5,train,433,-102.0
GATE,5,train,434,-77.0
GATE,5,train,435,-70.0
GATE,5,train,436,-81.0
GATE,5,train,437,-92.0
GATE,5,train,438,-89.0
GATE,5,train,439,-86.0
GATE,5,train,440,-161.0
GATE,5,train,441,-85.0
GATE,5,train,442,-77.0
GATE,5,train,443,-78.0
GATE,5,train,444,-74.0
GATE,5,train,445,-89.0
GATE,5,train,446,-77.0
GATE,5,train,447,-81.0
GATE,5,train,448,-82.0
GATE,5,train,449,-92.0
GATE,5,train,450,-112.0
GATE,5,train,451,-77.0
GATE,5,train,452,-76.0
GATE,5,train,453,-85.0
GATE,5,train,454,-83.0
GATE,5,train,455,-89.0
GATE,5,train,456,-83.0
GATE,5,train,457,-102.0
GATE,5,train,458,-94.0
GATE,5,train,459,-93.0
GATE,5,train,460,-72.0
GATE,5,train,461,-71.0
GATE,5,train,462,-78.0
GATE,5,train,463,-100.0
GATE,5,train,464,-84.0
GATE,5,train,465,-71.0
GATE,5,train,466,-100.0
GATE,5,train,467,-104.0
GATE,5,train,468,-100.0
GATE,5,train,469,-124.0
GATE,5,train,470,-100.0
GATE,5,train,471,-71.0
GATE,5,train,472,-102.0
GATE,5,train,473,-117.0
GATE,5,train,474,-86.0
GATE,5,train,475,-70.0
GATE,5,train,476,-80.0
GATE,5,train,477,-91.0
GATE,5,train,478,-92.0
GATE,5,train,479,-88.0
GATE,5,train,480,-77.0
GATE,5,train,481,-192.0
GATE,5,train,482,-93.0
GATE,5,train,483,-71.0
GATE,5,train,484,-86.0
GATE,5,train,485,-78.0
GATE,5,train,486,-97.0
GATE,5,train,487,-96.0
GATE,5,train,488,-117.0
GATE,5,train,489,-84.0
GATE,5,train,490,-87.0
GATE,5,train,491,-64.0
GATE,5,train,492,-137.0
GATE,5,train,493,-74.0
GATE,5,train,494,-99.0
GATE,5,train,495,-109.0
GATE,5,train,496,-95.0
GATE,5,train,497,-72.0
GATE,5,train,498,-104.0
GATE,5,train,499,-101.0
GATE,5,train,500,-105.0
GATE,6,train,1,-324.0
GATE,6,train,2,-500.0
GATE,6,train,3,-500.0
GATE,6,train,4,-500.0
GATE,6,train,5,-500.0
GATE,6,train,6,-455.0
GATE,6,train,7,-405.0
GATE,6,train,8,-107.0
GATE,6,train,9,-500.0
GATE,6,train,10,-500.0
GATE,6,train,11,-500.0
GATE,6,train,12,-500.0
GATE,6,train,13,-500.0
GATE,6,train,14,-500.0
GATE,6,train,15,-500.0
GATE,6,train,16,-500.0
GATE,6,train,17,-500.0
GATE,6,train,18,-500.0
GATE,6,train,19,-500.0
GATE,6,train,20,-500.0
GATE,6,train,21,-500.0
GATE,6,train,22,-500.0
GATE,6,train,23,-500.0
GATE,6,train,24,-398.0
GATE,6,train,25,-500.0
GATE,6,train,26,-500.0
GATE,6,train,27,-500.0
GATE,6,train,28,-500.0
GATE,6,train,29,-500.0
GATE,6,train,30,-500.0
GATE,6,train,31,-500.0
GATE,6,train,32,-500.0
GATE,6,train,33,-500.0
GATE,6,train,34,-500.0
GATE,6,train,35,-412.0
GATE,6,train,36,-500.0
GATE,6,train,37,-458.0
GATE,6,train,38,-500.0
GATE,6,train,39,-500.0
GATE,6,train,40,-466.0
GATE,6,train,41,-210.0
GATE,6,train,42,-118.0
GATE,6,train,43,-500.0
GATE,6,train,44,-500.0
GATE,6,train,45,-500.0
GATE,6,train,46,-500.0
GATE,6,train,47,-500.0
GATE,6,train,48,-500.0
GATE,6,train,49,-500.0
GATE,6,train,50,-500.0
GATE,6,train,51,-500.0
GATE,6,train,52,-205.0
GATE,6,train,53,-500.0
GATE,6,train,54,-258.0
GATE,6,train,55,-313.0
GATE,6,train,56,-500.0
GATE,6,train,57,-235.0
GATE,6,train,58,-196.0
GATE,6,train,59,-500.0
GATE,6,train,60,-500.0
GATE,6,train,61,-154.0
GATE,6,train,62,-207.0
GATE,6,train,63,-500.0
GATE,6,train,64,-500.0
GATE,6,train,65,-396.0
GATE,6,train,66,-227.0
GATE,6,train,67,-291.0
GATE,6,train,68,-268.0
GATE,6,train,69,-286.0
GATE,6,train,70,-500.0
GATE,6,train,71,-406.0
GATE,6,train,72,-148.0
GATE,6,train,73,-99.0
GATE,6,train,74,-166.0
GATE,6,train,75,-162.0
GATE,6,train,76,-157.0
GATE,6,train,77,-158.0
GATE,6,train,78,-249.0
GATE,6,train,79,-144.0
GATE,6,train,80,-100.0
GATE,6,train,81,-274.0
GATE,6,train,82,-331.0
GATE,6,train,83,-150.0
GATE,6,train,84,-156.0
GATE,6,train,85,-117.0
GATE,6,train,86,-162.0
GATE,6,train,87,-186.0
GATE,6,train,88,-123.0
GATE,6,train,89,-116.0
GATE,6,train,90,-145.0
GATE,6,train,91,-157.0
GATE,6,train,92,-153.0
GATE,6,train,93,-129.0
GATE,6,train,94,-129.0
GATE,6,train,95,-160.0
GATE,6,train,96,-396.0
GATE,6,train,97,-215.0
GATE,6,train,98,-115.0
GATE,6,train,99,-141.0
GATE,6,train,100,-166.0
GATE,6,train,101,-89.0
GATE,6,train,102,-213.0
GATE,6,train,103,-111.0
GATE,6,train,104,-111.0
GATE,6,train,105,-224.0
GATE,6,train,106,-311.0
GATE,6,train,107,-139.0
GATE,6,train,108,-250.0
GATE,6,train,109,-161.0
GATE,6,train,110,-500.0
GATE,6,train,111,-179.0
GATE,6,train,112,-136.0
GATE,6,train,113,-150.0
GATE,6,train,114,-155.0
GATE,6,train,115,-100.0
GATE,6,train,116,-107.0
GATE,6,train,117,-225.0
GATE,6,train,118,-85.0
GATE,6,train,119,-192.0
GATE,6,train,120,-149.0
GATE,6,train,121,-156.0
GATE,6,train,122,-184.0
GATE,6,train,123,-78.0
GATE,6,train,124,-84.0
GATE,6,train,125,-149.0
GATE,6,train,126,-182.0
GATE,6,train,127,-136.0
GATE,6,train,128,-173.0
GATE,6,train,129,-173.0
GATE,6,train,130,-192.0
GATE,6,train,131,-160.0
GATE,6,train,132,-125.0
GATE,6,train,133,-94.0
GATE,6,train,134,-157.0
GATE,6,train,135,-94.0
GATE,6,train,136,-112.0
GATE,6,train,137,-143.0
GATE,6,train,138,-108.0
GATE,6,train,139,-99.0
GATE,6,train,140,-145.0
GATE,6,train,141,-118.0
GATE,6,train,142,-101.0
GATE,6,train,143,-90.0
GATE,6,train,144,-89.0
GATE,6,train,145,-148.0
GATE,6,train,146,-82.0
GATE,6,train,147,-99.0
GATE,6,train,148,-152.0
GATE,6,train,149,-87.0
GATE,6,train,150,-87.0
GATE,6,train,151,-131.0
GATE,6,train,152,-85.0
GATE,6,train,153,-101.0
GATE,6,train,154,-106.0
GATE,6,train,155,-130.0
GATE,6,train,156,-122.0
GATE,6,train,157,-90.0
GATE,6,train,158,-90.0
GATE,6,train,159,-167.0
GATE,6,train,160,-100.0
GATE,6,train,161,-94.0
GATE,6,train,162,-129.0
GATE,6,train,163,-90.0
GATE,6,train,164,-116.0
GATE,6,train,165,-126.0
GATE,6,train,166,-161.0
GATE,6,train,167,-214.0
GATE,6,train,168,-99.0
GATE,6,train,169,-86.0
GATE,6,train,170,-94.0
GATE,6,train,171,-84.0
GATE,6,train,172,-140.0
GATE,6,train,173,-109.0
GATE,6,train,174,-118.0
GATE,6,train,175,-78.0
GATE,6,train,176,-137.0
GATE,6,train,177,-92.0
GATE,6,train,178,-145.0
GATE,6,train,179,-92.0
GATE,6,train,180,-124.0
GATE,6,train,181,-102.0
GATE,6,train,182,-72.0
GATE,6,train,183,-86.0
GATE,6,train,184,-114.0
GATE,6,train,185,-149.0
GATE,6,train,186,-130.0
GATE,6,train,187,-124.0
GATE,6,train,188,-168.0
GATE,6,train,189,-110.0
GATE,6,train,190,-142.0
GATE,6,train,191,-99.0
GATE,6,train,192,-92.0
GATE,6,train,193,-85.0
GATE,6,train,194,-94.0
GATE,6,train,195,-112.0
GATE,6,train,196,-148.0
GATE,6,train,197,-102.0
GATE,6,train,198,-74.0
GATE,6,train,199,-106.0
GATE,6,train,200,-86.0
GATE,6,train,201,-102.0
GATE,6,train,202,-80.0
GATE,6,train,203,-110.0
GATE,6,train,204,-92.0
GATE,6,train,205,-109.0
GATE,6,train,206,-78.0
GATE,6,train,207,-89.0
GATE,6,train,208,-103.0
GATE,6,train,209,-117.0
GATE,6,train,210,-114.0
GATE,6,train,211,-95.0
GATE,6,train,212,-96.0
GATE,6,train,213,-110.0
GATE,6,train,214,-125.0
GATE,6,train,215,-84.0
GATE,6,train,216,-102.0
GATE,6,train,217,-81.0
GATE,6,train,218,-291.0
GATE,6,train,219,-90.0
GATE,6,train,220,-85.0
GATE,6,train,221,-98.0
GATE,6,train,222,-114.0
GATE,6,train,223,-78.0
GATE,6,train,224,-82.0
GATE,6,train,225,-187.0
GATE,6,train,226,-70.0
GATE,6,train,227,-95.0
GATE,6,train,228,-107.0
GATE,6,train,229,-95.0
GATE,6,train,230,-175.0
GATE,6,train,231,-92.0
GATE,6,train,232,-85.0
GATE,6,train,233,-85.0
GATE,6,train,234,-129.0
GATE,6,train,235,-104.0
GATE,6,train,236,-99.0
GATE,6,train,237,-123.0
GATE,6,train,238,-136.0
GATE,6,train,239,-98.0
GATE,6,train,240,-122.0
GATE,6,train,241,-104.0
GATE,6,train,242,-106.0
GATE,6,train,243,-150.0
GATE,6,train,244,-77.0
GATE,6,train,245,-120.0
GATE,6,train,246,-84.0
GATE,6,train,247,-129.0
GATE,6,train,248,-150.0
GATE,6,train,249,-116.0
GATE,6,train,250,-137.0
GATE,6,train,251,-108.0
GATE,6,train,252,-162.0
GATE,6,train,253,-102.0
GATE,6,train,254,-82.0
GATE,6,train,255,-83.0
GATE,6,train,256,-113.0
GATE,6,train,257,-92.0
GATE,6,train,258,-84.0
GATE,6,train,259,-102.0
GATE,6,train,260,-107.0
GATE,6,train,261,-122.0
GATE,6,train,262,-84.0
GATE,6,train,263,-157.0
GATE,6,train,264,-76.0
GATE,6,train,265,-116.0
GATE,6,train,266,-152.0
GATE,6,train,267,-147.0
GATE,6,train,268,-131.0
GATE,6,train,269,-101.0
GATE,6,train,270,-86.0
GATE,6,train,271,-94.0
GATE,6,train,272,-110.0
GATE,6,train,273,-126.0
GATE,6,train,274,-139.0
GATE,6,train,275,-78.0
GATE,6,train,276,-102.0
GATE,6,train,277,-119.0
GATE,6,train,278,-207.0
GATE,6,train,279,-98.0
GATE,6,train,280,-97.0
GATE,6,train,281,-80.0
GATE,6,train,282,-96.0
GATE,6,train,283,-90.0
GATE,6,train,284,-85.0
GATE,6,train,285,-104.0
GATE,6,train,286,-78.0
GATE,6,train,287,-98.0
GATE,6,train,288,-201.0
GATE,6,train,289,-77.0
GATE,6,train,290,-83.0
GATE,6,train,291,-78.0
GATE,6,train,292,-97.0
GATE,6,train,293,-92.0
GATE,6,train,294,-145.0
GATE,6,train,295,-76.0
GATE,6,train,296,-86.0
GATE,6,train,297,-101.0
GATE,6,train,298,-104.0
GATE,6,train,299,-117.0
GATE,6,train,300,-83.0
GATE,6,train,301,-120.0
GATE,6,train,302,-126.0
GATE,6,train,303,-119.0
GATE,6,train,304,-86.0
GATE,6,train,305,-71.0
GATE,6,train,306,-94.0
GATE,6,train,307,-95.0
GATE,6,train,308,-120.0
GATE,6,train,309,-91.0
GATE,6,train,310,-91.0
GATE,6,train,311,-101.0
GATE,6,train,312,-91.0
GATE,6,train,313,-106.0
GATE,6,train,314,-95.0
GATE,6,train,315,-108.0
GATE,6,train,316,-102.0
GATE,6,train,317,-92.0
GATE,6,train,318,-93.0
GATE,6,train,319,-78.0
GATE,6,train,320,-73.0
GATE,6,train,321,-121.0
GATE,6,train,322,-119.0
GATE,6,train,323,-96.0
GATE,6,train,324,-144.0
GATE,6,train,325,-78.0
GATE,6,train,326,-102.0
GATE,6,train,327,-94.0
GATE,6,train,328,-88.0
GATE,6,train,329,-84.0
GATE,6,train,330,-155.0
GATE,6,train,331,-93.0
GATE,6,train,332,-106.0
GATE,6,train,333,-91.0
GATE,6,train,334,-96.0
GATE,6,train,335,-110.0
GATE,6,train,336,-164.0
GATE,6,train,337,-105.0
GATE,6,train,338,-114.0
GATE,6,train,339,-103.0
GATE,6,train,340,-74.0
GATE,6,train,341,-109.0
GATE,6,train,342,-74.0
GATE,6,train,343,-117.0
GATE,6,train,344,-96.0
GATE,6,train,345,-89.0
GATE,6,train,346,-113.0
GATE,6,train,347,-79.0
GATE,6,train,348,-101.0
GATE,6,train,349,-113.0
GATE,6,train,350,-85.0
GATE,6,train,351,-82.0
GATE,6,train,352,-81.0
GATE,6,train,353,-92.0
GATE,6,train,354,-83.0
GATE,6,train,355,-93.0
GATE,6,train,356,-95.0
GATE,6,train,357,-83.0
GATE,6,train,358,-99.0
GATE,6,train,359,-71.0
GATE,6,train,360,-116.0
GATE,6,train,361,-83.0
GATE,6,train,362,-92.0
GATE,6,train,363,-119.0
GATE,6,train,364,-98.0
GATE,6,train,365,-93.0
GATE,6,train,366,-96.0
GATE,6,train,367,-98.0
GATE,6,train,368,-71.0
GATE,6,train,369,-104.0
GATE,6,train,370,-85.0
GATE,6,train,371,-126.0
GATE,6,train,372,-256.0
GATE,6,train,373,-71.0
GATE,6,train,374,-70.0
GATE,6,train,375,-84.0
GATE,6,train,376,-129.0
GATE,6,train,377,-93.0
GATE,6,train,378,-108.0
GATE,6,train,379,-80.0
GATE,6,train,380,-104.0
GATE,6,train,381,-98.0
GATE,6,train,382,-103.0
GATE,6,train,383,-116.0
GATE,6,train,384,-85.0
GATE,6,train,385,-85.0
GATE,6,train,386,-134.0
GATE,6,train,387,-117.0
GATE,6,train,388,-95.0
GATE,6,train,389,-131.0
GATE,6,train,390,-86.0
GATE,6,train,391,-90.0
GATE,6,train,392,-70.0
GATE,6,train,393,-265.0
GATE,6,train,394,-105.0
GATE,6,train,395,-97.0
GATE,6,train,396,-129.0
GATE,6,train,397,-85.0
GATE,6,train,398,-114.0
GATE,6,train,399,-83.0
GATE,6,train,400,-104.0
GATE,6,train,401,-87.0
GATE,6,train,402,-149.0
GATE,6,train,403,-80.0
GATE,6,train,404,-72.0
GATE,6,train,405,-86.0
GATE,6,train,406,-123.0
GATE,6,train,407,-105.0
GATE,6,train,408,-197.0
GATE,6,train,409,-78.0
GATE,6,train,410,-63.0
GATE,6,train,411,-108.0
GATE,6,train,412,-111.0
GATE,6,train,413,-164.0
GATE,6,train,414,-70.0
GATE,6,train,415,-130.0
GATE,6,train,416,-90.0
GATE,6,train,417,-98.0
GATE,6,train,418,-97.0
GATE,6,train,419,-105.0
GATE,6,train,420,-136.0
GATE,6,train,421,-97.0
GATE,6,train,422,-71.0
GATE,6,train,423,-128.0
GATE,6,train,424,-84.0
GATE,6,train,425,-185.0
GATE,6,train,426,-112.0
GATE,6,train,427,-94.0
GATE,6,train,428,-95.0
GATE,6,train,429,-78.0
GATE,6,train,430,-98.0
GATE,6,train,431,-104.0
GATE,6,train,432,-114.0
GATE,6,train,433,-78.0
GATE,6,train,434,-80.0
GATE,6,train,435,-139.0
GATE,6,train,436,-110.0
GATE,6,train,437,-80.0
GATE,6,train,438,-114.0
GATE,6,train,439,-106.0
GATE,6,train,440,-94.0
GATE,6,train,441,-83.0
GATE,6,train,442,-86.0
GATE,6,train,443,-83.0
GATE,6,train,444,-136.0
GATE,6,train,445,-96.0
GATE,6,train,446,-78.0
GATE,6,train,447,-79.0
GATE,6,train,448,-72.0
GATE,6,train,449,-144.0
GATE,6,train,450,-109.0
GATE,6,train,451,-77.0
GATE,6,train,452,-81.0
GATE,6,train,453,-86.0
GATE,6,train,454,-84.0
GATE,6,train,455,-94.0
GATE,6,train,456,-109.0
GATE,6,train,457,-88.0
GATE,6,train,458,-88.0
GATE,6,train,459,-92.0
GATE,6,train,460,-78.0
GATE,6,train,461,-102.0
GATE,6,train,462,-103.0
GATE,6,train,463,-82.0
GATE,6,train,464,-72.0
GATE,6,train,465,-111.0
GATE,6,train,466,-77.0
GATE,6,train,467,-125.0
GATE,6,train,468,-87.0
GATE,6,train,469,-111.0
GATE,6,train,470,-84.0
GATE,6,train,471,-101.0
GATE,6,train,472,-91.0
GATE,6,train,473,-85.0
GATE,6,train,474,-197.0
GATE,6,train,475,-111.0
GATE,6,train,476,-85.0
GATE,6,train,477,-94.0
GATE,6,train,478,-150.0
GATE,6,train,479,-120.0
GATE,6,train,480,-102.0
GATE,6,train,481,-92.0
GATE,6,train,482,-97.0
GATE,6,train,483,-140.0
GATE,6,train,484,-69.0
GATE,6,train,485,-83.0
GATE,6,train,486,-137.0
GATE,6,train,487,-89.0
GATE,6,train,488,-116.0
GATE,6,train,489,-91.0
GATE,6,train,490,-89.0
GATE,6,train,491,-106.0
GATE,6,train,492,-82.0
GATE,6,train,493,-77.0
GATE,6,train,494,-93.0
GATE,6,train,495,-99.0
GATE,6,train,496,-91.0
GATE,6,train,497,-158.0
GATE,6,train,498,-82.0
GATE,6,train,499,-130.0
GATE,6,train,500,-89.0
GATE,7,train,1,-500.0
GATE,7,train,2,-500.0
GATE,7,train,3,-500.0
GATE,7,train,4,-500.0
GATE,7,train,5,-500.0
GATE,7,train,6,-500.0
GATE,7,train,7,-500.0
GATE,7,train,8,-500.0
GATE,7,train,9,-500.0
GATE,7,train,10,-296.0
GATE,7,train,11,-500.0
GATE,7,train,12,-500.0
GATE,7,train,13,-500.0
GATE,7,train,14,-500.0
GATE,7,train,15,-500.0
GATE,7,train,16,-192.0
GATE,7,train,17,-197.0
GATE,7,train,18,-213.0
GATE,7,train,19,-500.0
GATE,7,train,20,-500.0
GATE,7,train,21,-227.0
GATE,7,train,22,-240.0
GATE,7,train,23,-500.0
GATE,7,train,24,-255.0
GATE,7,train,25,-299.0
GATE,7,train,26,-108.0
GATE,7,train,27,-289.0
GATE,7,train,28,-226.0
GATE,7,train,29,-203.0
GATE,7,train,30,-271.0
GATE,7,train,31,-500.0
GATE,7,train,32,-144.0
GATE,7,train,33,-208.0
GATE,7,train,34,-500.0
GATE,7,train,35,-500.0
GATE,7,train,36,-388.0
GATE,7,train,37,-180.0
GATE,7,train,38,-381.0
GATE,7,train,39,-246.0
GATE,7,train,40,-118.0
GATE,7,train,41,-152.0
GATE,7,train,42,-500.0
GATE,7,train,43,-317.0
GATE,7,train,44,-111.0
GATE,7,train,45,-406.0
GATE,7,train,46,-223.0
GATE,7,train,47,-250.0
GATE,7,train,48,-264.0
GATE,7,train,49,-165.0
GATE,7,train,50,-131.0
GATE,7,train,51,-102.0
GATE,7,train,52,-382.0
GATE,7,train,53,-243.0
GATE,7,train,54,-500.0
GATE,7,train,55,-500.0
GATE,7,train,56,-375.0
GATE,7,train,57,-169.0
GATE,7,train,58,-195.0
GATE,7,train,59,-267.0
GATE,7,train,60,-500.0
GATE,7,train,61,-237.0
GATE,7,train,62,-500.0
GATE,7,train,63,-500.0
GATE,7,train,64,-255.0
GATE,7,train,65,-187.0
GATE,7,train,66,-500.0
GATE,7,train,67,-186.0
GATE,7,train,68,-500.0
GATE,7,train,69,-252.0
GATE,7,train,70,-99.0
GATE,7,train,71,-500.0
GATE,7,train,72,-217.0
GATE,7,train,73,-185.0
GATE,7,train,74,-245.0
GATE,7,train,75,-193.0
GATE,7,train,76,-162.0
GATE,7,train,77,-125.0
GATE,7,train,78,-235.0
GATE,7,train,79,-194.0
GATE,7,train,80,-358.0
GATE,7,train,81,-113.0
GATE,7,train,82,-113.0
GATE,7,train,83,-205.0
GATE,7,train,84,-151.0
GATE,7,train,85,-138.0
GATE,7,train,86,-260.0
GATE,7,train,87,-214.0
GATE,7,train,88,-120.0
GATE,7,train,89,-113.0
GATE,7,train,90,-121.0
GATE,7,train,91,-99.0
GATE,7,train,92,-142.0
GATE,7,train,93,-197.0
GATE,7,train,94,-193.0
GATE,7,train,95,-163.0
GATE,7,train,96,-240.0
GATE,7,train,97,-162.0
GATE,7,train,98,-162.0
GATE,7,train,99,-383.0
GATE,7,train,100,-95.0
GATE,7,train,101,-148.0
GATE,7,train,102,-132.0
GATE,7,train,103,-180.0
GATE,7,train,104,-114.0
GATE,7,train,105,-134.0
GATE,7,train,106,-136.0
GATE,7,train,107,-158.0
GATE,7,train,108,-101.0
GATE,7,train,109,-217.0
GATE,7,train,110,-121.0
GATE,7,train,111,-178.0
GATE,7,train,112,-77.0
GATE,7,train,113,-114.0
GATE,7,train,114,-164.0
GATE,7,train,115,-88.0
GATE,7,train,116,-86.0
GATE,7,train,117,-190.0
GATE,7,train,118,-138.0
GATE,7,train,119,-151.0
GATE,7,train,120,-142.0
GATE,7,train,121,-117.0
GATE,7,train,122,-227.0
GATE,7,train,123,-125.0
GATE,7,train,124,-133.0
GATE,7,train,125,-103.0
GATE,7,train,126,-166.0
GATE,7,train,127,-209.0
GATE,7,train,128,-157.0
GATE,7,train,129,-123.0
GATE,7,train,130,-101.0
GATE,7,train,131,-160.0
GATE,7,train,132,-113.0
GATE,7,train,133,-125.0
GATE,7,train,134,-143.0
GATE,7,train,135,-97.0
GATE,7,train,136,-153.0
GATE,7,train,137,-135.0
GATE,7,train,138,-106.0
GATE,7,train,139,-170.0
GATE,7,train,140,-96.0
GATE,7,train,141,-92.0
GATE,7,train,142,-83.0
GATE,7,train,143,-184.0
GATE,7,train,144,-195.0
GATE,7,train,145,-126.0
GATE,7,train,146,-126.0
GATE,7,train,147,-92.0
GATE,7,train,148,-112.0
GATE,7,train,149,-144.0
GATE,7,train,150,-145.0
GATE,7,train,151,-151.0
GATE,7,train,152,-213.0
GATE,7,train,153,-100.0
GATE,7,train,154,-170.0
GATE,7,train,155,-165.0
GATE,7,train,156,-207.0
GATE,7,train,157,-82.0
GATE,7,train,158,-102.0
GATE,7,train,159,-117.0
GATE,7,train,160,-74.0
GATE,7,train,161,-500.0
GATE,7,train,162,-84.0
GATE,7,train,163,-116.0
GATE,7,train,164,-87.0
GATE,7,train,165,-91.0
GATE,7,train,166,-102.0
GATE,7,train,167,-88.0
GATE,7,train,168,-113.0
GATE,7,train,169,-101.0
GATE,7,train,170,-88.0
GATE,7,train,171,-106.0
GATE,7,train,172,-83.0
GATE,7,train,173,-113.0
GATE,7,train,174,-143.0
GATE,7,train,175,-125.0
GATE,7,train,176,-92.0
GATE,7,train,177,-92.0
GATE,7,train,178,-105.0
GATE,7,train,179,-103.0
GATE,7,train,180,-101.0
GATE,7,train,181,-142.0
GATE,7,train,182,-94.0
GATE,7,train,183,-118.0
GATE,7,train,184,-79.0
GATE,7,train,185,-172.0
GATE,7,train,186,-118.0
GATE,7,train,187,-118.0
GATE,7,train,188,-95.0
GATE,7,train,189,-80.0
GATE,7,train,190,-129.0
GATE,7,train,191,-135.0
GATE,7,train,192,-100.0
GATE,7,train,193,-164.0
GATE,7,train,194,-126.0
GATE,7,train,195,-129.0
GATE,7,train,196,-77.0
GATE,7,train,197,-99.0
GATE,7,train,198,-96.0
GATE,7,train,199,-88.0
GATE,7,train,200,-117.0
GATE,7,train,201,-98.0
GATE,7,train,202,-125.0
GATE,7,train,203,-76.0
GATE,7,train,204,-72.0
GATE,7,train,205,-208.0
GATE,7,train,206,-82.0
GATE,7,train,207,-95.0
GATE,7,train,208,-117.0
GATE,7,train,209,-117.0
GATE,7,train,210,-82.0
GATE,7,train,211,-102.0
GATE,7,train,212,-145.0
GATE,7,train,213,-94.0
GATE,7,train,214,-89.0
GATE,7,train,215,-99.0
GATE,7,train,216,-99.0
GATE,7,train,217,-142.0
GATE,7,train,218,-66.0
GATE,7,train,219,-90.0
GATE,7,train,220,-126.0
GATE,7,train,221,-79.0
GATE,7,train,222,-106.0
GATE,7,train,223,-91.0
GATE,7,train,224,-85.0
GATE,7,train,225,-119.0
GATE,7,train,226,-111.0
GATE,7,train,227,-102.0
GATE,7,train,228,-85.0
GATE,7,train,229,-64.0
GATE,7,train,230,-181.0
GATE,7,train,231,-102.0
GATE,7,train,232,-83.0
GATE,7,train,233,-465.0
GATE,7,train,234,-101.0
GATE,7,train,235,-95.0
GATE,7,train,236,-102.0
GATE,7,train,237,-100.0
GATE,7,train,238,-112.0
GATE,7,train,239,-115.0
GATE,7,train,240,-151.0
GATE,7,train,241,-99.0
GATE,7,train,242,-88.0
GATE,7,train,243,-101.0
GATE,7,train,244,-112.0
GATE,7,train,245,-106.0
GATE,7,train,246,-97.0
GATE,7,train,247,-104.0
GATE,7,train,248,-500.0
GATE,7,train,249,-182.0
GATE,7,train,250,-100.0
GATE,7,train,251,-93.0
GATE,7,train,252,-119.0
GATE,7,train,253,-85.0
GATE,7,train,254,-70.0
GATE,7,train,255,-167.0
GATE,7,train,256,-93.0
GATE,7,train,257,-291.0
GATE,7,train,258,-113.0
GATE,7,train,259,-110.0
GATE,7,train,260,-89.0
GATE,7,train,261,-151.0
GATE,7,train,262,-119.0
GATE,7,train,263,-80.0
GATE,7,train,264,-90.0
GATE,7,train,265,-92.0
GATE,7,train,266,-155.0
GATE,7,train,267,-87.0
GATE,7,train,268,-98.0
GATE,7,train,269,-124.0
GATE,7,train,270,-87.0
GATE,7,train,271,-90.0
GATE,7,train,272,-125.0
GATE,7,train,273,-136.0
GATE,7,train,274,-106.0
GATE,7,train,275,-83.0
GATE,7,train,276,-79.0
GATE,7,train,277,-85.0
GATE,7,train,278,-98.0
GATE,7,train,279,-133.0
GATE,7,train,280,-93.0
GATE,7,train,281,-94.0
GATE,7,train,282,-96.0
GATE,7,train,283,-108.0
GATE,7,train,284,-92.0
GATE,7,train,285,-92.0
GATE,7,train,286,-105.0
GATE,7,train,287,-109.0
GATE,7,train,288,-69.0
GATE,7,train,289,-127.0
GATE,7,train,290,-83.0
GATE,7,train,291,-73.0
GATE,7,train,292,-62.0
GATE,7,train,293,-84.0
GATE,7,train,294,-94.0
GATE,7,train,295,-87.0
GATE,7,train,296,-186.0
GATE,7,train,297,-250.0
GATE,7,train,298,-100.0
GATE,7,train,299,-136.0
GATE,7,train,300,-118.0
GATE,7,train,301,-97.0
GATE,7,train,302,-94.0
GATE,7,train,303,-111.0
GATE,7,train,304,-500.0
GATE,7,train,305,-216.0
GATE,7,train,306,-86.0
GATE,7,train,307,-103.0
GATE,7,train,308,-109.0
GATE,7,train,309,-100.0
GATE,7,train,310,-110.0
GATE,7,train,311,-69.0
GATE,7,train,312,-99.0
GATE,7,train,313,-84.0
GATE,7,train,314,-84.0
GATE,7,train,315,-97.0
GATE,7,train,316,-77.0
GATE,7,train,317,-100.0
GATE,7,train,318,-85.0
GATE,7,train,319,-89.0
GATE,7,train,320,-123.0
GATE,7,train,321,-160.0
GATE,7,train,322,-64.0
GATE,7,train,323,-120.0
GATE,7,train,324,-92.0
GATE,7,train,325,-103.0
GATE,7,train,326,-110.0
GATE,7,train,327,-91.0
GATE,7,train,328,-104.0
GATE,7,train,329,-95.0
GATE,7,train,330,-108.0
GATE,7,train,331,-105.0
GATE,7,train,332,-105.0
GATE,7,train,333,-91.0
GATE,7,train,334,-103.0
GATE,7,train,335,-77.0
GATE,7,train,336,-108.0
GATE,7,train,337,-72.0
GATE,7,train,338,-126.0
GATE,7,train,339,-71.0
GATE,7,train,340,-102.0
GATE,7,train,341,-98.0
GATE,7,train,342,-104.0
GATE,7,train,343,-118.0
GATE,7,train,344,-103.0
GATE,7,train,345,-113.0
GATE,7,train,346,-132.0
GATE,7,train,347,-106.0
GATE,7,train,348,-98.0
GATE,7,train,349,-156.0
GATE,7,train,350,-153.0
GATE,7,train,351,-92.0
GATE,7,train,352,-101.0
GATE,7,train,353,-94.0
GATE,7,train,354,-119.0
GATE,7,train,355,-76.0
GATE,7,train,356,-113.0
GATE,7,train,357,-80.0
GATE,7,train,358,-115.0
GATE,7,train,359,-73.0
GATE,7,train,360,-108.0
GATE,7,train,361,-111.0
GATE,7,train,362,-137.0
GATE,7,train,363,-91.0
GATE,7,train,364,-147.0
GATE,7,train,365,-106.0
GATE,7,train,366,-65.0
GATE,7,train,367,-111.0
GATE,7,train,368,-93.0
GATE,7,train,369,-91.0
GATE,7,train,370,-179.0
GATE,7,train,371,-76.0
GATE,7,train,372,-92.0
GATE,7,train,373,-78.0
GATE,7,train,374,-98.0
GATE,7,train,375,-86.0
GATE,7,train,376,-89.0
GATE,7,train,377,-103.0
GATE,7,train,378,-101.0
GATE,7,train,379,-108.0
GATE,7,train,380,-77.0
GATE,7,train,381,-73.0
GATE,7,train,382,-117.0
GATE,7,train,383,-91.0
GATE,7,train,384,-103.0
GATE,7,train,385,-69.0
GATE,7,train,386,-69.0
GATE,7,train,387,-85.0
GATE,7,train,388,-96.0
GATE,7,train,389,-118.0
GATE,7,train,390,-107.0
GATE,7,train,391,-84.0
GATE,7,train,392,-83.0
GATE,7,train,393,-105.0
GATE,7,train,394,-105.0
GATE,7,train,395,-64.0
GATE,7,train,396,-81.0
GATE,7,train,397,-121.0
GATE,7,train,398,-105.0
GATE,7,train,399,-112.0
GATE,7,train,400,-74.0
GATE,7,train,401,-105.0
GATE,7,train,402,-82.0
GATE,7,train,403,-134.0
GATE,7,train,404,-124.0
GATE,7,train,405,-91.0
GATE,7,train,406,-79.0
GATE,7,train,407,-71.0
GATE,7,train,408,-109.0
GATE,7,train,409,-130.0
GATE,7,train,410,-102.0
GATE,7,train,411,-91.0
GATE,7,train,412,-104.0
GATE,7,train,413,-94.0
GATE,7,train,414,-500.0
GATE,7,train,415,-88.0
GATE,7,train,416,-95.0
GATE,7,train,417,-86.0
GATE,7,train,418,-85.0
GATE,7,train,419,-82.0
GATE,7,train,420,-116.0
GATE,7,train,421,-110.0
GATE,7,train,422,-112.0
GATE,7,train,423,-118.0
GATE,7,train,424,-72.0
GATE,7,train,425,-76.0
GATE,7,train,426,-106.0
GATE,7,train,427,-91.0
GATE,7,train,428,-122.0
GATE,7,train,429,-500.0
GATE,7,train,430,-98.0
GATE,7,train,431,-93.0
GATE,7,train,432,-109.0
GATE,7,train,433,-500.0
GATE,7,train,434,-115.0
GATE,7,train,435,-90.0
GATE,7,train,436,-97.0
GATE,7,train,437,-93.0
GATE,7,train,438,-104.0
GATE,7,train,439,-89.0
GATE,7,train,440,-104.0
GATE,7,train,441,-120.0
GATE,7,train,442,-111.0
GATE,7,train,443,-101.0
GATE,7,train,444,-92.0
GATE,7,train,445,-92.0
GATE,7,train,446,-96.0
GATE,7,train,447,-88.0
GATE,7,train,448,-143.0
GATE,7,train,449,-104.0
GATE,7,train,450,-88.0
GATE,7,train,451,-138.0
GATE,7,train,452,-83.0
GATE,7,train,453,-102.0
GATE,7,train,454,-84.0
GATE,7,train,455,-181.0
GATE,7,train,456,-121.0
GATE,7,train,457,-135.0
GATE,7,train,458,-97.0
GATE,7,train,459,-105.0
GATE,7,train,460,-94.0
GATE,7,train,461,-119.0
GATE,7,train,462,-92.0
GATE,7,train,463,-85.0
GATE,7,train,464,-106.0
GATE,7,train,465,-100.0
GATE,7,train,466,-153.0
GATE,7,train,467,-101.0
GATE,7,train,468,-101.0
GATE,7,train,469,-69.0
GATE,7,train,470,-108.0
GATE,7,train,471,-112.0
GATE,7,train,472,-91.0
GATE,7,train,473,-75.0
GATE,7,train,474,-95.0
GATE,7,train,475,-102.0
GATE,7,train,476,-93.0
GATE,7,train,477,-120.0
GATE,7,train,478,-105.0
GATE,7,train,479,-101.0
GATE,7,train,480,-75.0
GATE,7,train,481,-85.0
GATE,7,train,482,-76.0
GATE,7,train,483,-106.0
GATE,7,train,484,-85.0
GATE,7,train,485,-117.0
GATE,7,train,486,-117.0
GATE,7,train,487,-173.0
GATE,7,train,488,-117.0
GATE,7,train,489,-98.0
GATE,7,train,490,-78.0
GATE,7,train,491,-103.0
GATE,7,train,492,-106.0
GATE,7,train,493,-98.0
GATE,7,train,494,-80.0
GATE,7,train,495,-104.0
GATE,7,train,496,-90.0
GATE,7,train,497,-128.0
GATE,7,train,498,-109.0
GATE,7,train,499,-84.0
GATE,7,train,500,-81.0
GATE,8,train,1,-494.0
GATE,8,train,2,-500.0
GATE,8,train,3,-500.0
GATE,8,train,4,-500.0
GATE,8,train,5,-500.0
GATE,8,train,6,-500.0
GATE,8,train,7,-500.0
GATE,8,train,8,-500.0
GATE,8,train,9,-402.0
GATE,8,train,10,-500.0
GATE,8,train,11,-500.0
GATE,8,train,12,-500.0
GATE,8,train,13,-500.0
GATE,8,train,14,-500.0
GATE,8,train,15,-500.0
GATE,8,train,16,-500.0
GATE,8,train,17,-500.0
GATE,8,train,18,-500.0
GATE,8,train,19,-500.0
GATE,8,train,20,-500.0
GATE,8,train,21,-500.0
GATE,8,train,22,-500.0
GATE,8,train,23,-500.0
GATE,8,train,24,-500.0
GATE,8,train,25,-500.0
GATE,8,train,26,-500.0
GATE,8,train,27,-500.0
GATE,8,train,28,-317.0
GATE,8,train,29,-156.0
GATE,8,train,30,-500.0
GATE,8,train,31,-500.0
GATE,8,train,32,-500.0
GATE,8,train,33,-500.0
GATE,8,train,34,-500.0
GATE,8,train,35,-500.0
GATE,8,train,36,-500.0
GATE,8,train,37,-500.0
GATE,8,train,38,-500.0
GATE,8,train,39,-500.0
GATE,8,train,40,-500.0
GATE,8,train,41,-500.0
GATE,8,train,42,-500.0
GATE,8,train,43,-500.0
GATE,8,train,44,-500.0
GATE,8,train,45,-500.0
GATE,8,train,46,-500.0
GATE,8,train,47,-500.0
GATE,8,train,48,-500.0
GATE,8,train,49,-467.0
GATE,8,train,50,-500.0
GATE,8,train,51,-500.0
GATE,8,train,52,-500.0
GATE,8,train,53,-500.0
GATE,8,train,54,-500.0
GATE,8,train,55,-500.0
GATE,8,train,56,-500.0
GATE,8,train,57,-500.0
GATE,8,train,58,-375.0
GATE,8,train,59,-250.0
GATE,8,train,60,-500.0
GATE,8,train,61,-500.0
GATE,8,train,62,-94.0
GATE,8,train,63,-433.0
GATE,8,train,64,-283.0
GATE,8,train,65,-170.0
GATE,8,train,66,-500.0
GATE,8,train,67,-143.0
GATE,8,train,68,-180.0
GATE,8,train,69,-198.0
GATE,8,train,70,-233.0
GATE,8,train,71,-172.0
GATE,8,train,72,-183.0
GATE,8,train,73,-291.0
GATE,8,train,74,-320.0
GATE,8,train,75,-153.0
GATE,8,train,76,-194.0
GATE,8,train,77,-219.0
GATE,8,train,78,-222.0
GATE,8,train,79,-294.0
GATE,8,train,80,-147.0
GATE,8,train,81,-237.0
GATE,8,train,82,-293.0
GATE,8,train,83,-225.0
GATE,8,train,84,-233.0
GATE,8,train,85,-500.0
GATE,8,train,86,-295.0
GATE,8,train,87,-139.0
GATE,8,train,88,-135.0
GATE,8,train,89,-379.0
GATE,8,train,90,-163.0
GATE,8,train,91,-363.0
GATE,8,train,92,-236.0
GATE,8,train,93,-101.0
GATE,8,train,94,-184.0
GATE,8,train,95,-181.0
GATE,8,train,96,-280.0
GATE,8,train,97,-136.0
GATE,8,train,98,-122.0
GATE,8,train,99,-500.0
GATE,8,train,100,-89.0
GATE,8,train,101,-315.0
GATE,8,train,102,-240.0
GATE,8,train,103,-122.0
GATE,8,train,104,-138.0
GATE,8,train,105,-256.0
GATE,8,train,106,-129.0
GATE,8,train,107,-81.0
GATE,8,train,108,-238.0
GATE,8,train,109,-102.0
GATE,8,train,110,-163.0
GATE,8,train,111,-142.0
GATE,8,train,112,-120.0
GATE,8,train,113,-132.0
GATE,8,train,114,-121.0
GATE,8,train,115,-119.0
GATE,8,train,116,-154.0
GATE,8,train,117,-175.0
GATE,8,train,118,-168.0
GATE,8,train,119,-316.0
GATE,8,train,120,-248.0
GATE,8,train,121,-323.0
GATE,8,train,122,-116.0
GATE,8,train,123,-83.0
GATE,8,train,124,-188.0
GATE,8,train,125,-256.0
GATE,8,train,126,-306.0
GATE,8,train,127,-140.0
GATE,8,train,128,-146.0
GATE,8,train,129,-141.0
GATE,8,train,130,-110.0
GATE,8,train,131,-148.0
GATE,8,train,132,-107.0
GATE,8,train,133,-141.0
GATE,8,train,134,-225.0
GATE,8,train,135,-149.0
GATE,8,train,136,-136.0
GATE,8,train,137,-137.0
GATE,8,train,138,-126.0
GATE,8,train,139,-256.0
GATE,8,train,140,-222.0
GATE,8,train,141,-117.0
GATE,8,train,142,-114.0
GATE,8,train,143,-128.0
GATE,8,train,144,-101.0
GATE,8,train,145,-122.0
GATE,8,train,146,-202.0
GATE,8,train,147,-362.0
GATE,8,train,148,-437.0
GATE,8,train,149,-119.0
GATE,8,train,150,-173.0
GATE,8,train,151,-184.0
GATE,8,train,152,-109.0
GATE,8,train,153,-139.0
GATE,8,train,154,-102.0
GATE,8,train,155,-133.0
GATE,8,train,156,-118.0
GATE,8,train,157,-99.0
GATE,8,train,158,-159.0
GATE,8,train,159,-64.0
GATE,8,train,160,-99.0
GATE,8,train,161,-86.0
GATE,8,train,162,-90.0
GATE,8,train,163,-136.0
GATE,8,train,164,-196.0
GATE,8,train,165,-109.0
GATE,8,train,166,-240.0
GATE,8,train,167,-103.0
GATE,8,train,168,-104.0
GATE,8,train,169,-134.0
GATE,8,train,170,-128.0
GATE,8,train,171,-82.0
GATE,8,train,172,-122.0
GATE,8,train,173,-90.0
GATE,8,train,174,-119.0
GATE,8,train,175,-140.0
GATE,8,train,176,-113.0
GATE,8,train,177,-140.0
GATE,8,train,178,-165.0
GATE,8,train,179,-114.0
GATE,8,train,180,-100.0
GATE,8,train,181,-82.0
GATE,8,train,182,-164.0
GATE,8,train,183,-106.0
GATE,8,train,184,-163.0
GATE,8,train,185,-111.0
GATE,8,train,186,-91.0
GATE,8,train,187,-99.0
GATE,8,train,188,-91.0
GATE,8,train,189,-145.0
GATE,8,train,190,-113.0
GATE,8,train,191,-82.0
GATE,8,train,192,-124.0
GATE,8,train,193,-174.0
GATE,8,train,194,-133.0
GATE,8,train,195,-111.0
GATE,8,train,196,-138.0
GATE,8,train,197,-106.0
GATE,8,train,198,-116.0
GATE,8,train,199,-119.0
GATE,8,train,200,-92.0
GATE,8,train,201,-165.0
GATE,8,train,202,-90.0
GATE,8,train,203,-140.0
GATE,8,train,204,-107.0
GATE,8,train,205,-123.0
GATE,8,train,206,-196.0
GATE,8,train,207,-79.0
GATE,8,train,208,-234.0
GATE,8,train,209,-103.0
GATE,8,train,210,-89.0
GATE,8,train,211,-99.0
GATE,8,train,212,-95.0
GATE,8,train,213,-105.0
GATE,8,train,214,-122.0
GATE,8,train,215,-154.0
GATE,8,train,216,-119.0
GATE,8,train,217,-138.0
GATE,8,train,218,-199.0
GATE,8,train,219,-107.0
GATE,8,train,220,-97.0
GATE,8,train,221,-102.0
GATE,8,train,222,-194.0
GATE,8,train,223,-100.0
GATE,8,train,224,-85.0
GATE,8,train,225,-143.0
GATE,8,train,226,-83.0
GATE,8,train,227,-127.0
GATE,8,train,228,-130.0
GATE,8,train,229,-121.0
GATE,8,train,230,-146.0
GATE,8,train,231,-172.0
GATE,8,train,232,-98.0
GATE,8,train,233,-126.0
GATE,8,train,234,-75.0
GATE,8,train,235,-159.0
GATE,8,train,236,-89.0
GATE,8,train,237,-109.0
GATE,8,train,238,-117.0
GATE,8,train,239,-173.0
GATE,8,train,240,-90.0
GATE,8,train,241,-126.0
GATE,8,train,242,-93.0
GATE,8,train,243,-123.0
GATE,8,train,244,-92.0
GATE,8,train,245,-96.0
GATE,8,train,246,-104.0
GATE,8,train,247,-131.0
GATE,8,train,248,-87.0
GATE,8,train,249,-111.0
GATE,8,train,250,-77.0
GATE,8,train,251,-183.0
GATE,8,train,252,-83.0
GATE,8,train,253,-79.0
GATE,8,train,254,-135.0
GATE,8,train,255,-149.0
GATE,8,train,256,-92.0
GATE,8,train,257,-127.0
GATE,8,train,258,-266.0
GATE,8,train,259,-278.0
GATE,8,train,260,-106.0
GATE,8,train,261,-101.0
GATE,8,train,262,-81.0
GATE,8,train,263,-108.0
GATE,8,train,264,-104.0
GATE,8,train,265,-165.0
GATE,8,train,266,-140.0
GATE,8,train,267,-83.0
GATE,8,train,268,-85.0
GATE,8,train,269,-84.0
GATE,8,train,270,-102.0
GATE,8,train,271,-88.0
GATE,8,train,272,-315.0
GATE,8,train,273,-80.0
GATE,8,train,274,-104.0
GATE,8,train,275,-110.0
GATE,8,train,276,-82.0
GATE,8,train,277,-63.0
GATE,8,train,278,-73.0
GATE,8,train,279,-89.0
GATE,8,train,280,-82.0
GATE,8,train,281,-83.0
GATE,8,train,282,-119.0
GATE,8,train,283,-156.0
GATE,8,train,284,-169.0
GATE,8,train,285,-91.0
GATE,8,train,286,-89.0
GATE,8,train,287,-103.0
GATE,8,train,288,-81.0
GATE,8,train,289,-106.0
GATE,8,train,290,-114.0
GATE,8,train,291,-147.0
GATE,8,train,292,-93.0
GATE,8,train,293,-133.0
GATE,8,train,294,-77.0
GATE,8,train,295,-120.0
GATE,8,train,296,-88.0
GATE,8,train,297,-80.0
GATE,8,train,298,-109.0
GATE,8,train,299,-76.0
GATE,8,train,300,-126.0
GATE,8,train,301,-82.0
GATE,8,train,302,-93.0
GATE,8,train,303,-119.0
GATE,8,train,304,-100.0
GATE,8,train,305,-79.0
GATE,8,train,306,-99.0
GATE,8,train,307,-225.0
GATE,8,train,308,-119.0
GATE,8,train,309,-118.0
GATE,8,train,310,-64.0
GATE,8,train,311,-105.0
GATE,8,train,312,-128.0
GATE,8,train,313,-109.0
GATE,8,train,314,-151.0
GATE,8,train,315,-77.0
GATE,8,train,316,-114.0
GATE,8,train,317,-82.0
GATE,8,train,318,-81.0
GATE,8,train,319,-85.0
GATE,8,train,320,-141.0
GATE,8,train,321,-97.0
GATE,8,train,322,-132.0
GATE,8,train,323,-116.0
GATE,8,train,324,-108.0
GATE,8,train,325,-76.0
GATE,8,train,326,-137.0
GATE,8,train,327,-104.0
GATE,8,train,328,-78.0
GATE,8,train,329,-99.0
GATE,8,train,330,-115.0
GATE,8,train,331,-81.0
GATE,8,train,332,-73.0
GATE,8,train,333,-79.0
GATE,8,train,334,-108.0
GATE,8,train,335,-113.0
GATE,8,train,336,-94.0
GATE,8,train,337,-94.0
GATE,8,train,338,-83.0
GATE,8,train,339,-116.0
GATE,8,train,340,-114.0
GATE,8,train,341,-98.0
GATE,8,train,342,-108.0
GATE,8,train,343,-262.0
GATE,8,train,344,-118.0
GATE,8,train,345,-104.0
GATE,8,train,346,-110.0
GATE,8,train,347,-108.0
GATE,8,train,348,-92.0
GATE,8,train,349,-98.0
GATE,8,train,350,-138.0
GATE,8,train,351,-131.0
GATE,8,train,352,-102.0
GATE,8,train,353,-131.0
GATE,8,train,354,-88.0
GATE,8,train,355,-135.0
GATE,8,train,356,-95.0
GATE,8,train,357,-80.0
GATE,8,train,358,-80.0
GATE,8,train,359,-113.0
GATE,8,train,360,-72.0
GATE,8,train,361,-105.0
GATE,8,train,362,-84.0
GATE,8,train,363,-107.0
GATE,8,train,364,-110.0
GATE,8,train,365,-95.0
GATE,8,train,366,-105.0
GATE,8,train,367,-108.0
GATE,8,train,368,-96.0
GATE,8,train,369,-142.0
GATE,8,train,370,-112.0
GATE,8,train,371,-90.0
GATE,8,train,372,-83.0
GATE,8,train,373,-106.0
GATE,8,train,374,-116.0
GATE,8,train,375,-108.0
GATE,8,train,376,-105.0
GATE,8,train,377,-94.0
GATE,8,train,378,-93.0
GATE,8,train,379,-96.0
GATE,8,train,380,-79.0
GATE,8,train,381,-110.0
GATE,8,train,382,-80.0
GATE,8,train,383,-86.0
GATE,8,train,384,-77.0
GATE,8,train,385,-108.0
GATE,8,train,386,-89.0
GATE,8,train,387,-95.0
GATE,8,train,388,-118.0
GATE,8,train,389,-90.0
GATE,8,train,390,-104.0
GATE,8,train,391,-208.0
GATE,8,train,392,-83.0
GATE,8,train,393,-77.0
GATE,8,train,394,-111.0
GATE,8,train,395,-86.0
GATE,8,train,396,-121.0
GATE,8,train,397,-83.0
GATE,8,train,398,-109.0
GATE,8,train,399,-82.0
GATE,8,train,400,-70.0
GATE,8,train,401,-92.0
GATE,8,train,402,-73.0
GATE,8,train,403,-99.0
GATE,8,train,404,-90.0
GATE,8,train,405,-96.0
GATE,8,train,406,-107.0
GATE,8,train,407,-99.0
GATE,8,train,408,-78.0
GATE,8,train,409,-63.0
GATE,8,train,410,-89.0
GATE,8,train,411,-82.0
GATE,8,train,412,-83.0
GATE,8,train,413,-91.0
GATE,8,train,414,-100.0
GATE,8,train,415,-118.0
GATE,8,train,416,-177.0
GATE,8,train,417,-146.0
GATE,8,train,418,-120.0
GATE,8,train,419,-84.0
GATE,8,train,420,-121.0
GATE,8,train,421,-89.0
GATE,8,train,422,-88.0
GATE,8,train,423,-75.0
GATE,8,train,424,-94.0
GATE,8,train,425,-110.0
GATE,8,train,426,-93.0
GATE,8,train,427,-82.0
GATE,8,train,428,-88.0
GATE,8,train,429,-92.0
GATE,8,train,430,-94.0
GATE,8,train,431,-111.0
GATE,8,train,432,-87.0
GATE,8,train,433,-85.0
GATE,8,train,434,-91.0
GATE,8,train,435,-109.0
GATE,8,train,436,-82.0
GATE,8,train,437,-79.0
GATE,8,train,438,-87.0
GATE,8,train,439,-85.0
GATE,8,train,440,-97.0
GATE,8,train,441,-81.0
GATE,8,train,442,-61.0
GATE,8,train,443,-63.0
GATE,8,train,444,-101.0
GATE,8,train,445,-70.0
GATE,8,train,446,-133.0
GATE,8,train,447,-102.0
GATE,8,train,448,-103.0
GATE,8,train,449,-137.0
GATE,8,train,450,-98.0
GATE,8,train,451,-98.0
GATE,8,train,452,-74.0
GATE,8,train,453,-104.0
GATE,8,train,454,-103.0
GATE,8,train,455,-96.0
GATE,8,train,456,-63.0
GATE,8,train,457,-100.0
GATE,8,train,458,-86.0
GATE,8,train,459,-104.0
GATE,8,train,460,-88.0
GATE,8,train,461,-71.0
GATE,8,train,462,-88.0
GATE,8,train,463,-106.0
GATE,8,train,464,-81.0
GATE,8,train,465,-74.0
GATE,8,train,466,-100.0
GATE,8,train,467,-89.0
GATE,8,train,468,-77.0
GATE,8,train,469,-75.0
GATE,8,train,470,-86.0
GATE,8,train,471,-120.0
GATE,8,train,472,-98.0
GATE,8,train,473,-105.0
GATE,8,train,474,-100.0
GATE,8,train,475,-121.0
GATE,8,train,476,-122.0
GATE,8,train,477,-104.0
GATE,8,train,478,-115.0
GATE,8,train,479,-122.0
GATE,8,train,480,-95.0
GATE,8,train,481,-120.0
GATE,8,train,482,-77.0
GATE,8,train,483,-119.0
GATE,8,train,484,-82.0
GATE,8,train,485,-78.0
GATE,8,train,486,-79.0
GATE,8,train,487,-83.0
GATE,8,train,488,-78.0
GATE,8,train,489,-78.0
GATE,8,train,490,-97.0
GATE,8,train,491,-114.0
GATE,8,train,492,-74.0
GATE,8,train,493,-93.0
GATE,8,train,494,-82.0
GATE,8,train,495,-107.0
GATE,8,train,496,-94.0
GATE,8,train,497,-101.0
GATE,8,train,498,-90.0
GATE,8,train,499,-110.0
GATE,8,train,500,-77.0
GATE,9,train,1,-500.0
GATE,9,train,2,-500.0
GATE,9,train,3,-500.0
GATE,9,train,4,-500.0
GATE,9,train,5,-500.0
GATE,9,train,6,-142.0
GATE,9,train,7,-138.0
GATE,9,train,8,-101.0
GATE,9,train,9,-122.0
GATE,9,train,10,-87.0
GATE,9,train,11,-478.0
GATE,9,train,12,-81.0
GATE,9,train,13,-207.0
GATE,9,train,14,-179.0
GATE,9,train,15,-286.0
GATE,9,train,16,-336.0
GATE,9,train,17,-177.0
GATE,9,train,18,-137.0
GATE,9,train,19,-113.0
GATE,9,train,20,-110.0
GATE,9,train,21,-95.0
GATE,9,train,22,-111.0
GATE,9,train,23,-196.0
GATE,9,train,24,-162.0
GATE,9,train,25,-193.0
GATE,9,train,26,-207.0
GATE,9,train,27,-176.0
GATE,9,train,28,-156.0
GATE,9,train,29,-190.0
GATE,9,train,30,-120.0
GATE,9,train,31,-122.0
GATE,9,train,32,-161.0
GATE,9,train,33,-115.0
GATE,9,train,34,-132.0
GATE,9,train,35,-114.0
GATE,9,train,36,-144.0
GATE,9,train,37,-88.0
GATE,9,train,38,-171.0
GATE,9,train,39,-110.0
GATE,9,train,40,-91.0
GATE,9,train,41,-135.0
GATE,9,train,42,-109.0
GATE,9,train,43,-175.0
GATE,9,train,44,-143.0
GATE,9,train,45,-167.0
GATE,9,train,46,-185.0
GATE,9,train,47,-124.0
GATE,9,train,48,-154.0
GATE,9,train,49,-117.0
GATE,9,train,50,-127.0
GATE,9,train,51,-90.0
GATE,9,train,52,-159.0
GATE,9,train,53,-93.0
GATE,9,train,54,-100.0
GATE,9,train,55,-108.0
GATE,9,train,56,-100.0
GATE,9,train,57,-111.0
GATE,9,train,58,-186.0
GATE,9,train,59,-166.0
GATE,9,train,60,-149.0
GATE,9,train,61,-114.0
GATE,9,train,62,-306.0
GATE,9,train,63,-109.0
GATE,9,train,64,-125.0
GATE,9,train,65,-107.0
GATE,9,train,66,-142.0
GATE,9,train,67,-91.0
GATE,9,train,68,-122.0
GATE,9,train,69,-240.0
GATE,9,train,70,-115.0
GATE,9,train,71,-246.0
GATE,9,train,72,-132.0
GATE,9,train,73,-175.0
GATE,9,train,74,-145.0
GATE,9,train,75,-209.0
GATE,9,train,76,-137.0
GATE,9,train,77,-122.0
GATE,9,train,78,-147.0
GATE,9,train,79,-100.0
GATE,9,train,80,-103.0
GATE,9,train,81,-120.0
GATE,9,train,82,-138.0
GATE,9,train,83,-124.0
GATE,9,train,84,-104.0
GATE,9,train,85,-167.0
GATE,9,train,86,-131.0
GATE,9,train,87,-178.0
GATE,9,train,88,-110.0
GATE,9,train,89,-124.0
GATE,9,train,90,-172.0
GATE,9,train,91,-268.0
GATE,9,train,92,-111.0
GATE,9,train,93,-116.0
GATE,9,train,94,-176.0
GATE,9,train,95,-134.0
GATE,9,train,96,-362.0
GATE,9,train,97,-242.0
GATE,9,train,98,-88.0
GATE,9,train,99,-192.0
GATE,9,train,100,-168.0
GATE,9,train,101,-110.0
GATE,9,train,102,-126.0
GATE,9,train,103,-97.0
GATE,9,train,104,-126.0
GATE,9,train,105,-136.0
GATE,9,train,106,-192.0
GATE,9,train,107,-201.0
GATE,9,train,108,-234.0
GATE,9,train,109,-181.0
GATE,9,train,110,-331.0
GATE,9,train,111,-109.0
GATE,9,train,112,-96.0
GATE,9,train,113,-287.0
GATE,9,train,114,-111.0
GATE,9,train,115,-90.0
GATE,9,train,116,-327.0
GATE,9,train,117,-114.0
GATE,9,train,118,-89.0
GATE,9,train,119,-128.0
GATE,9,train,120,-87.0
GATE,9,train,121,-158.0
GATE,9,train,122,-159.0
GATE,9,train,123,-173.0
GATE,9,train,124,-123.0
GATE,9,train,125,-115.0
GATE,9,train,126,-116.0
GATE,9,train,127,-150.0
GATE,9,train,128,-136.0
GATE,9,train,129,-500.0
GATE,9,train,130,-185.0
GATE,9,train,131,-145.0
GATE,9,train,132,-76.0
GATE,9,train,133,-243.0
GATE,9,train,134,-291.0
GATE,9,train,135,-150.0
GATE,9,train,136,-240.0
GATE,9,train,137,-198.0
GATE,9,train,138,-187.0
GATE,9,train,139,-102.0
GATE,9,train,140,-148.0
GATE,9,train,141,-324.0
GATE,9,train,142,-157.0
GATE,9,train,143,-500.0
GATE,9,train,144,-137.0
GATE,9,train,145,-141.0
GATE,9,train,146,-148.0
GATE,9,train,147,-127.0
GATE,9,train,148,-201.0
GATE,9,train,149,-101.0
GATE,9,train,150,-238.0
GATE,9,train,151,-314.0
GATE,9,train,152,-92.0
GATE,9,train,153,-129.0
GATE,9,train,154,-122.0
GATE,9,train,155,-93.0
GATE,9,train,156,-205.0
GATE,9,train,157,-195.0
GATE,9,train,158,-265.0
GATE,9,train,159,-133.0
GATE,9,train,160,-86.0
GATE,9,train,161,-82.0
GATE,9,train,162,-89.0
GATE,9,train,163,-130.0
GATE,9,train,164,-317.0
GATE,9,train,165,-203.0
GATE,9,train,166,-198.0
GATE,9,train,167,-128.0
GATE,9,train,168,-149.0
GATE,9,train,169,-88.0
GATE,9,train,170,-223.0
GATE,9,train,171,-198.0
GATE,9,train,172,-91.0
GATE,9,train,173,-114.0
GATE,9,train,174,-101.0
GATE,9,train,175,-97.0
GATE,9,train,176,-383.0
GATE,9,train,177,-224.0
GATE,9,train,178,-121.0
GATE,9,train,179,-145.0
GATE,9,train,180,-90.0
GATE,9,train,181,-99.0
GATE,9,train,182,-148.0
GATE,9,train,183,-121.0
GATE,9,train,184,-128.0
GATE,9,train,185,-121.0
GATE,9,train,186,-142.0
GATE,9,train,187,-130.0
GATE,9,train,188,-124.0
GATE,9,train,189,-115.0
GATE,9,train,190,-107.0
GATE,9,train,191,-128.0
GATE,9,train,192,-79.0
GATE,9,train,193,-130.0
GATE,9,train,194,-114.0
GATE,9,train,195,-152.0
GATE,9,train,196,-221.0
GATE,9,train,197,-101.0
GATE,9,train,198,-117.0
GATE,9,train,199,-135.0
GATE,9,train,200,-130.0
GATE,9,train,201,-131.0
GATE,9,train,202,-97.0
GATE,9,train,203,-121.0
GATE,9,train,204,-105.0
GATE,9,train,205,-112.0
GATE,9,train,206,-117.0
GATE,9,train,207,-115.0
GATE,9,train,208,-153.0
GATE,9,train,209,-135.0
GATE,9,train,210,-117.0
GATE,9,train,211,-85.0
GATE,9,train,212,-103.0
GATE,9,train,213,-103.0
GATE,9,train,214,-86.0
GATE,9,train,215,-123.0
GATE,9,train,216,-144.0
GATE,9,train,217,-79.0
GATE,9,train,218,-78.0
GATE,9,train,219,-85.0
GATE,9,train,220,-125.0
GATE,9,train,221,-78.0
GATE,9,train,222,-87.0
GATE,9,train,223,-125.0
GATE,9,train,224,-116.0
GATE,9,train,225,-111.0
GATE,9,train,226,-81.0
GATE,9,train,227,-107.0
GATE,9,train,228,-87.0
GATE,9,train,229,-79.0
GATE,9,train,230,-96.0
GATE,9,train,231,-115.0
GATE,9,train,232,-120.0
GATE,9,train,233,-108.0
GATE,9,train,234,-87.0
GATE,9,train,235,-108.0
GATE,9,train,236,-100.0
GATE,9,train,237,-114.0
GATE,9,train,238,-97.0
GATE,9,train,239,-107.0
GATE,9,train,240,-123.0
GATE,9,train,241,-83.0
GATE,9,train,242,-110.0
GATE,9,train,243,-112.0
GATE,9,train,244,-108.0
GATE,9,train,245,-102.0
GATE,9,train,246,-112.0
GATE,9,train,247,-100.0
GATE,9,train,248,-99.0
GATE,9,train,249,-80.0
GATE,9,train,250,-85.0
GATE,9,train,251,-160.0
GATE,9,train,252,-71.0
GATE,9,train,253,-96.0
GATE,9,train,254,-500.0
GATE,9,train,255,-87.0
GATE,9,train,256,-91.0
GATE,9,train,257,-106.0
GATE,9,train,258,-95.0
GATE,9,train,259,-82.0
GATE,9,train,260,-81.0
GATE,9,train,261,-79.0
GATE,9,train,262,-93.0
GATE,9,train,263,-82.0
GATE,9,train,264,-96.0
GATE,9,train,265,-71.0
GATE,9,train,266,-95.0
GATE,9,train,267,-93.0
GATE,9,train,268,-86.0
GATE,9,train,269,-104.0
GATE,9,train,270,-100.0
GATE,9,train,271,-111.0
GATE,9,train,272,-109.0
GATE,9,train,273,-132.0
GATE,9,train,274,-156.0
GATE,9,train,275,-152.0
GATE,9,train,276,-78.0
GATE,9,train,277,-83.0
GATE,9,train,278,-80.0
GATE,9,train,279,-119.0
GATE,9,train,280,-84.0
GATE,9,train,281,-96.0
GATE,9,train,282,-93.0
GATE,9,train,283,-500.0
GATE,9,train,284,-119.0
GATE,9,train,285,-85.0
GATE,9,train,286,-110.0
GATE,9,train,287,-121.0
GATE,9,train,288,-128.0
GATE,9,train,289,-81.0
GATE,9,train,290,-65.0
GATE,9,train,291,-89.0
GATE,9,train,292,-78.0
GATE,9,train,293,-87.0
GATE,9,train,294,-125.0
GATE,9,train,295,-128.0
GATE,9,train,296,-106.0
GATE,9,train,297,-122.0
GATE,9,train,298,-124.0
GATE,9,train,299,-121.0
GATE,9,train,300,-145.0
GATE,9,train,301,-99.0
GATE,9,train,302,-92.0
GATE,9,train,303,-78.0
GATE,9,train,304,-72.0
GATE,9,train,305,-94.0
GATE,9,train,306,-121.0
GATE,9,train,307,-88.0
GATE,9,train,308,-116.0
GATE,9,train,309,-83.0
GATE,9,train,310,-80.0
GATE,9,train,311,-93.0
GATE,9,train,312,-79.0
GATE,9,train,313,-115.0
GATE,9,train,314,-87.0
GATE,9,train,315,-81.0
GATE,9,train,316,-83.0
GATE,9,train,317,-83.0
GATE,9,train,318,-94.0
GATE,9,train,319,-109.0
GATE,9,train,320,-71.0
GATE,9,train,321,-90.0
GATE,9,train,322,-86.0
GATE,9,train,323,-92.0
GATE,9,train,324,-139.0
GATE,9,train,325,-109.0
GATE,9,train,326,-90.0
GATE,9,train,327,-103.0
GATE,9,train,328,-75.0
GATE,9,train,329,-79.0
GATE,9,train,330,-94.0
GATE,9,train,331,-125.0
GATE,9,train,332,-95.0
GATE,9,train,333,-105.0
GATE,9,train,334,-91.0
GATE,9,train,335,-133.0
GATE,9,train,336,-72.0
GATE,9,train,337,-78.0
GATE,9,train,338,-147.0
GATE,9,train,339,-83.0
GATE,9,train,340,-71.0
GATE,9,train,341,-86.0
GATE,9,train,342,-72.0
GATE,9,train,343,-94.0
GATE,9,train,344,-106.0
GATE,9,train,345,-129.0
GATE,9,train,346,-146.0
GATE,9,train,347,-107.0
GATE,9,train,348,-102.0
GATE,9,train,349,-115.0
GATE,9,train,350,-113.0
GATE,9,train,351,-97.0
GATE,9,train,352,-105.0
GATE,9,train,353,-92.0
GATE,9,train,354,-95.0
GATE,9,train,355,-110.0
GATE,9,train,356,-85.0
GATE,9,train,357,-71.0
GATE,9,train,358,-79.0
GATE,9,train,359,-108.0
GATE,9,train,360,-109.0
GATE,9,train,361,-90.0
GATE,9,train,362,-97.0
GATE,9,train,363,-98.0
GATE,9,train,364,-95.0
GATE,9,train,365,-79.0
GATE,9,train,366,-81.0
GATE,9,train,367,-90.0
GATE,9,train,368,-83.0
GATE,9,train,369,-91.0
GATE,9,train,370,-91.0
GATE,9,train,371,-64.0
GATE,9,train,372,-101.0
GATE,9,train,373,-85.0
GATE,9,train,374,-77.0
GATE,9,train,375,-87.0
GATE,9,train,376,-85.0
GATE,9,train,377,-79.0
GATE,9,train,378,-99.0
GATE,9,train,379,-92.0
GATE,9,train,380,-109.0
GATE,9,train,381,-92.0
GATE,9,train,382,-73.0
GATE,9,train,383,-133.0
GATE,9,train,384,-93.0
GATE,9,train,385,-142.0
GATE,9,train,386,-98.0
GATE,9,train,387,-84.0
GATE,9,train,388,-127.0
GATE,9,train,389,-111.0
GATE,9,train,390,-80.0
GATE,9,train,391,-97.0
GATE,9,train,392,-78.0
GATE,9,train,393,-219.0
GATE,9,train,394,-139.0
GATE,9,train,395,-84.0
GATE,9,train,396,-105.0
GATE,9,train,397,-89.0
GATE,9,train,398,-115.0
GATE,9,train,399,-82.0
GATE,9,train,400,-87.0
GATE,9,train,401,-101.0
GATE,9,train,402,-80.0
GATE,9,train,403,-96.0
GATE,9,train,404,-95.0
GATE,9,train,405,-82.0
GATE,9,train,406,-124.0
GATE,9,train,407,-122.0
GATE,9,train,408,-103.0
GATE,9,train,409,-82.0
GATE,9,train,410,-86.0
GATE,9,train,411,-83.0
GATE,9,train,412,-122.0
GATE,9,train,413,-72.0
GATE,9,train,414,-63.0
GATE,9,train,415,-78.0
GATE,9,train,416,-78.0
GATE,9,train,417,-139.0
GATE,9,train,418,-71.0
GATE,9,train,419,-93.0
GATE,9,train,420,-81.0
GATE,9,train,421,-103.0
GATE,9,train,422,-103.0
GATE,9,train,423,-78.0
GATE,9,train,424,-91.0
GATE,9,train,425,-100.0
GATE,9,train,426,-120.0
GATE,9,train,427,-86.0
GATE,9,train,428,-109.0
GATE,9,train,429,-83.0
GATE,9,train,430,-65.0
GATE,9,train,431,-119.0
GATE,9,train,432,-75.0
GATE,9,train,433,-86.0
GATE,9,train,434,-112.0
GATE,9,train,435,-74.0
GATE,9,train,436,-95.0
GATE,9,train,437,-109.0
GATE,9,train,438,-83.0
GATE,9,train,439,-64.0
GATE,9,train,440,-64.0
GATE,9,train,441,-69.0
GATE,9,train,442,-139.0
GATE,9,train,443,-111.0
GATE,9,train,444,-72.0
GATE,9,train,445,-72.0
GATE,9,train,446,-87.0
GATE,9,train,447,-77.0
GATE,9,train,448,-115.0
GATE,9,train,449,-83.0
GATE,9,train,450,-97.0
GATE,9,train,451,-64.0
GATE,9,train,452,-92.0
GATE,9,train,453,-63.0
GATE,9,train,454,-64.0
GATE,9,train,455,-84.0
GATE,9,train,456,-94.0
GATE,9,train,457,-106.0
GATE,9,train,458,-105.0
GATE,9,train,459,-102.0
GATE,9,train,460,-78.0
GATE,9,train,461,-79.0
GATE,9,train,462,-141.0
GATE,9,train,463,-147.0
GATE,9,train,464,-71.0
GATE,9,train,465,-90.0
GATE,9,train,466,-79.0
GATE,9,train,467,-123.0
GATE,9,train,468,-89.0
GATE,9,train,469,-77.0
GATE,9,train,470,-85.0
GATE,9,train,471,-85.0
GATE,9,train,472,-114.0
GATE,9,train,473,-78.0
GATE,9,train,474,-112.0
GATE,9,train,475,-107.0
GATE,9,train,476,-81.0
GATE,9,train,477,-137.0
GATE,9,train,478,-86.0
GATE,9,train,479,-107.0
GATE,9,train,480,-85.0
GATE,9,train,481,-77.0
GATE,9,train,482,-77.0
GATE,9,train,483,-71.0
GATE,9,train,484,-122.0
GATE,9,train,485,-100.0
GATE,9,train,486,-125.0
GATE,9,train,487,-112.0
GATE,9,train,488,-92.0
GATE,9,train,489,-97.0
GATE,9,train,490,-114.0
GATE,9,train,491,-91.0
GATE,9,train,492,-97.0
GATE,9,train,493,-78.0
GATE,9,train,494,-85.0
GATE,9,train,495,-89.0
GATE,9,train,496,-200.0
GATE,9,train,497,-106.0
GATE,9,train,498,-83.0
GATE,9,train,499,-77.0
GATE,9,train,500,-91.0
GATE,0,eval,25,-294.4
GATE,0,eval,50,-377.4
GATE,0,eval,75,-254.6
GATE,0,eval,100,-194.0
GATE,0,eval,125,-130.4
GATE,0,eval,150,-99.2
GATE,0,eval,175,-97.8
GATE,0,eval,200,-111.6
GATE,0,eval,225,-119.2
GATE,0,eval,250,-106.6
GATE,0,eval,275,-76.8
GATE,0,eval,300,-184.6
GATE,0,eval,325,-82.0
GATE,0,eval,350,-83.0
GATE,0,eval,375,-171.6
GATE,0,eval,400,-78.0
GATE,0,eval,425,-114.4
GATE,0,eval,450,-81.6
GATE,0,eval,475,-185.6
GATE,0,eval,500,-85.4
GATE,1,eval,25,-500.0
GATE,1,eval,50,-500.0
GATE,1,eval,75,-208.2
GATE,1,eval,100,-357.4
GATE,1,eval,125,-260.0
GATE,1,eval,150,-99.0
GATE,1,eval,175,-110.4
GATE,1,eval,200,-109.6
GATE,1,eval,225,-81.4
GATE,1,eval,250,-80.2
GATE,1,eval,275,-86.6
GATE,1,eval,300,-106.0
GATE,1,eval,325,-86.4
GATE,1,eval,350,-85.6
GATE,1,eval,375,-82.6
GATE,1,eval,400,-148.4
GATE,1,eval,425,-91.2
GATE,1,eval,450,-91.6
GATE,1,eval,475,-79.4
GATE,1,eval,500,-87.8
GATE,2,eval,25,-344.2
GATE,2,eval,50,-272.4
GATE,2,eval,75,-302.2
GATE,2,eval,100,-115.2
GATE,2,eval,125,-121.4
GATE,2,eval,150,-96.8
GATE,2,eval,175,-90.8
GATE,2,eval,200,-94.0
GATE,2,eval,225,-95.2
GATE,2,eval,250,-123.6
GATE,2,eval,275,-161.6
GATE,2,eval,300,-92.4
GATE,2,eval,325,-100.2
GATE,2,eval,350,-92.2
GATE,2,eval,375,-92.2
GATE,2,eval,400,-106.4
GATE,2,eval,425,-84.8
GATE,2,eval,450,-92.2
GATE,2,eval,475,-91.6
GATE,2,eval,500,-75.6
GATE,3,eval,25,-463.2
GATE,3,eval,50,-307.2
GATE,3,eval,75,-113.0
GATE,3,eval,100,-105.0
GATE,3,eval,125,-172.4
GATE,3,eval,150,-242.0
GATE,3,eval,175,-79.0
GATE,3,eval,200,-258.0
GATE,3,eval,225,-88.4
GATE,3,eval,250,-86.2
GATE,3,eval,275,-75.4
GATE,3,eval,300,-92.4
GATE,3,eval,325,-84.0
GATE,3,eval,350,-93.2
GATE,3,eval,375,-80.6
GATE,3,eval,400,-87.2
GATE,3,eval,425,-75.2
GATE,3,eval,450,-78.2
GATE,3,eval,475,-83.2
GATE,3,eval,500,-79.0
GATE,4,eval,25,-391.8
GATE,4,eval,50,-225.2
GATE,4,eval,75,-194.2
GATE,4,eval,100,-260.4
GATE,4,eval,125,-172.8
GATE,4,eval,150,-96.8
GATE,4,eval,175,-85.0
GATE,4,eval,200,-85.2
GATE,4,eval,225,-99.8
GATE,4,eval,250,-92.2
GATE,4,eval,275,-92.4
GATE,4,eval,300,-160.0
GATE,4,eval,325,-185.6
GATE,4,eval,350,-79.4
GATE,4,eval,375,-177.8
GATE,4,eval,400,-106.6
GATE,4,eval,425,-82.2
GATE,4,eval,450,-108.0
GATE,4,eval,475,-91.8
GATE,4,eval,500,-96.6
GATE,5,eval,25,-113.2
GATE,5,eval,50,-314.2
GATE,5,eval,75,-202.8
GATE,5,eval,100,-428.0
GATE,5,eval,125,-142.2
GATE,5,eval,150,-116.4
GATE,5,eval,175,-85.8
GATE,5,eval,200,-92.6
GATE,5,eval,225,-88.0
GATE,5,eval,250,-249.4
GATE,5,eval,275,-92.4
GATE,5,eval,300,-91.6
GATE,5,eval,325,-262.0
GATE,5,eval,350,-87.0
GATE,5,eval,375,-79.8
GATE,5,eval,400,-79.2
GATE,5,eval,425,-96.2
GATE,5,eval,450,-77.8
GATE,5,eval,475,-87.6
GATE,5,eval,500,-98.4
GATE,6,eval,25,-500.0
GATE,6,eval,50,-500.0
GATE,6,eval,75,-388.2
GATE,6,eval,100,-169.2
GATE,6,eval,125,-355.6
GATE,6,eval,150,-128.6
GATE,6,eval,175,-171.8
GATE,6,eval,200,-92.2
GATE,6,eval,225,-258.4
GATE,6,eval,250,-343.4
GATE,6,eval,275,-178.0
GATE,6,eval,300,-165.4
GATE,6,eval,325,-89.4
GATE,6,eval,350,-243.2
GATE,6,eval,375,-162.0
GATE,6,eval,400,-178.6
GATE,6,eval,425,-172.6
GATE,6,eval,450,-86.4
GATE,6,eval,475,-93.8
GATE,6,eval,500,-86.2
GATE,7,eval,25,-117.4
GATE,7,eval,50,-306.8
GATE,7,eval,75,-283.6
GATE,7,eval,100,-104.6
GATE,7,eval,125,-182.4
GATE,7,eval,150,-269.4
GATE,7,eval,175,-117.2
GATE,7,eval,200,-80.4
GATE,7,eval,225,-84.2
GATE,7,eval,250,-105.0
GATE,7,eval,275,-70.2
GATE,7,eval,300,-91.2
GATE,7,eval,325,-82.8
GATE,7,eval,350,-122.8
GATE,7,eval,375,-121.6
GATE,7,eval,400,-91.8
GATE,7,eval,425,-95.6
GATE,7,eval,450,-85.8
GATE,7,eval,475,-86.8
GATE,7,eval,500,-74.6
GATE,8,eval,25,-500.0
GATE,8,eval,50,-430.8
GATE,8,eval,75,-313.0
GATE,8,eval,100,-420.2
GATE,8,eval,125,-195.0
GATE,8,eval,150,-424.4
GATE,8,eval,175,-205.8
GATE,8,eval,200,-101.0
GATE,8,eval,225,-90.4
GATE,8,eval,250,-500.0
GATE,8,eval,275,-105.4
GATE,8,eval,300,-164.8
GATE,8,eval,325,-189.6
GATE,8,eval,350,-92.8
GATE,8,eval,375,-172.4
GATE,8,eval,400,-91.0
GATE,8,eval,425,-92.4
GATE,8,eval,450,-85.2
GATE,8,eval,475,-90.6
GATE,8,eval,500,-99.2
GATE,9,eval,25,-271.8
GATE,9,eval,50,-426.8
GATE,9,eval,75,-195.8
GATE,9,eval,100,-190.8
GATE,9,eval,125,-107.4
GATE,9,eval,150,-212.4
GATE,9,eval,175,-282.6
GATE,9,eval,200,-99.0
GATE,9,eval,225,-185.8
GATE,9,eval,250,-77.6
GATE,9,eval,275,-96.4
GATE,9,eval,300,-172.4
GATE,9,eval,325,-84.4
GATE,9,eval,350,-78.4
GATE,9,eval,375,-101.2
GATE,9,eval,400,-256.6
GATE,9,eval,425,-87.6
GATE,9,eval,450,-93.2
GATE,9,eval,475,-90.2
GATE,9,eval,500,-83.8
