X,TD_mean,TD_std,TD+NOV_mean,TD+NOV_std,TD+UNC_mean,TD+UNC_std,FULL_mean,FULL_std,MULT_mean,MULT_std,GATE_mean,GATE_std
1,0.20386317372322083,0.07008859515190125,0.20480012893676758,0.06991668045520782,0.2048559933900833,0.06999964267015457,0.2048599272966385,0.0699947327375412,0.20414340496063232,0.070232093334198,0.20485608279705048,0.06999436020851135
2,0.1461033821105957,0.04751548171043396,0.15319688618183136,0.061790648847818375,0.15309962630271912,0.0619729682803154,0.1531655192375183,0.06186673790216446,0.15054523944854736,0.05118221417069435,0.15297766029834747,0.06199940666556358
3,0.11760503053665161,0.07975301146507263,0.13767081499099731,0.11783726513385773,0.14082176983356476,0.12428320199251175,0.14093522727489471,0.12507006525993347,0.12085435539484024,0.08704163879156113,0.1407531350851059,0.12429925054311752
4,0.08920269459486008,0.06470799446105957,0.10507186502218246,0.10233179479837418,0.11033201217651367,0.1088632196187973,0.11118384450674057,0.11015379428863525,0.09631704539060593,0.07529951632022858,0.11032149940729141,0.10892417281866074
5,0.10135312378406525,0.05042188614606857,0.13175950944423676,0.11256776750087738,0.1402154117822647,0.12089031934738159,0.14507745206356049,0.13309049606323242,0.13495363295078278,0.12386955320835114,0.13907214999198914,0.12102364748716354
6,0.11675547063350677,0.0668398067355156,0.10301768779754639,0.04453177750110626,0.14461396634578705,0.11295141279697418,0.12359444797039032,0.07755190879106522,0.15752458572387695,0.14057622849941254,0.13533885776996613,0.11340857297182083
7,0.1288999319076538,0.08445380628108978,0.12404070049524307,0.05972597002983093,0.1272677779197693,0.09261859953403473,0.15032225847244263,0.08700870722532272,0.16044393181800842,0.12715089321136475,0.12663576006889343,0.08749735355377197
8,0.158798485994339,0.09388022124767303,0.16837191581726074,0.1244388297200203,0.14813607931137085,0.1260073035955429,0.17758581042289734,0.11225774884223938,0.1573271006345749,0.10672364383935928,0.15624532103538513,0.1124918982386589
9,0.13602690398693085,0.06408771127462387,0.19319875538349152,0.10289877653121948,0.1942426711320877,0.11005201190710068,0.1912211924791336,0.1073106974363327,0.17105551064014435,0.07031245529651642,0.1818651258945465,0.10476122796535492
10,0.16867871582508087,0.07592226564884186,0.17317348718643188,0.06673777103424072,0.1752733439207077,0.0722915530204773,0.20289583504199982,0.08941606432199478,0.18124544620513916,0.05985866114497185,0.20087042450904846,0.09625428169965744
11,0.21962162852287292,0.08527074754238129,0.20287266373634338,0.08367757499217987,0.23505835235118866,0.07188466936349869,0.2605096101760864,0.14524692296981812,0.24077121913433075,0.08058962970972061,0.19799235463142395,0.10996788740158081
12,0.24401263892650604,0.08665493875741959,0.2117588073015213,0.11052830517292023,0.22332033514976501,0.03967616334557533,0.2303709089756012,0.0811215341091156,0.25980907678604126,0.10682857781648636,0.1862141340970993,0.05095268785953522
13,0.2631222605705261,0.12717001140117645,0.27564793825149536,0.08937564492225647,0.22248966991901398,0.06524164974689484,0.22499534487724304,0.09758468717336655,0.2611956000328064,0.093814417719841,0.21426157653331757,0.045909032225608826
14,0.21800406277179718,0.07741424441337585,0.25012144446372986,0.08258909732103348,0.2577663064002991,0.0622338242828846,0.23803488910198212,0.08304809778928757,0.25505170226097107,0.0694933757185936,0.2217114269733429,0.08215542137622833
15,0.21739640831947327,0.051944393664598465,0.2719336152076721,0.08048480749130249,0.2983567714691162,0.15002594888210297,0.26410287618637085,0.08051260560750961,0.2699092626571655,0.09360701590776443,0.2654750943183899,0.12815451622009277
16,0.22895686328411102,0.05920255929231644,0.3139965534210205,0.15726439654827118,0.2832365930080414,0.1283136010169983,0.24766282737255096,0.06788689643144608,0.2743263244628906,0.06177619472146034,0.25390586256980896,0.08635029941797256
17,0.2251921147108078,0.06403902173042297,0.3078579008579254,0.10352061688899994,0.3061552941799164,0.09057591110467911,0.29989245533943176,0.1044323667883873,0.3281407654285431,0.08662582188844681,0.26766905188560486,0.1201176866889
18,0.3047856390476227,0.1553896814584732,0.2986180782318115,0.10996685177087784,0.32429951429367065,0.07954725623130798,0.2852398157119751,0.0757453665137291,0.35314416885375977,0.09095540642738342,0.28530535101890564,0.12952393293380737
19,0.2637562155723572,0.11115294694900513,0.30202987790107727,0.12625402212142944,0.3652566075325012,0.1500563621520996,0.2754283547401428,0.1089618131518364,0.4024442732334137,0.17444373667240143,0.2519051730632782,0.09619104117155075
20,0.28038567304611206,0.10860296338796616,0.32786694169044495,0.08110746741294861,0.30187541246414185,0.100011445581913,0.28439849615097046,0.0952821671962738,0.36499491333961487,0.11613494902849197,0.2952059805393219,0.1759282946586609
21,0.285784512758255,0.1276238113641739,0.30116063356399536,0.10233240574598312,0.35077986121177673,0.1517285257577896,0.3158845901489258,0.08178583532571793,0.3674693703651428,0.13546223938465118,0.32688000798225403,0.16708597540855408
22,0.251451313495636,0.08703276515007019,0.28872090578079224,0.0923696756362915,0.30583447217941284,0.1331276148557663,0.32680583000183105,0.11456280201673508,0.37310704588890076,0.09646827727556229,0.3236837387084961,0.10754964500665665
23,0.25061532855033875,0.09372592717409134,0.35359519720077515,0.15850043296813965,0.3054448366165161,0.09669706225395203,0.29764920473098755,0.10044705867767334,0.3170323967933655,0.06359934061765671,0.27948760986328125,0.10842061787843704
24,0.3669489324092865,0.23394080996513367,0.3771006762981415,0.15788634121418,0.32860463857650757,0.13895703852176666,0.28431016206741333,0.08673231303691864,0.368380606174469,0.13179415464401245,0.3398614525794983,0.16483983397483826
25,0.4485049247741699,0.18702584505081177,0.31709185242652893,0.1624259650707245,0.42353057861328125,0.1756841242313385,0.399534672498703,0.1904492974281311,0.39406275749206543,0.128597691655159,0.32224586606025696,0.12384702265262604
26,0.29837244749069214,0.13378974795341492,0.36410248279571533,0.14711351692676544,0.3342043161392212,0.10033141821622849,0.3904758095741272,0.18720409274101257,0.3208840489387512,0.08182302862405777,0.34007468819618225,0.16115541756153107
27,0.3095530569553375,0.11408605426549911,0.4178534150123596,0.13308662176132202,0.389830619096756,0.14451748132705688,0.31996655464172363,0.11832643300294876,0.48817071318626404,0.20333249866962433,0.36414554715156555,0.17063185572624207
28,0.34845271706581116,0.16901157796382904,0.377875417470932,0.13852249085903168,0.3995681405067444,0.1628369688987732,0.4403420090675354,0.13505661487579346,0.3960796892642975,0.1699611246585846,0.2946043014526367,0.12452977895736694
29,0.4758492112159729,0.2175280898809433,0.36178937554359436,0.15433458983898163,0.543804943561554,0.21471059322357178,0.31935781240463257,0.14073511958122253,0.47383540868759155,0.1992407739162445,0.39481356739997864,0.11882414668798447
30,0.3934452533721924,0.17023958265781403,0.41382503509521484,0.1652204692363739,0.5406240224838257,0.4147951602935791,0.39438170194625854,0.1828281432390213,0.5055508017539978,0.17808671295642853,0.5658221244812012,0.221116304397583
31,0.40667468309402466,0.19611357152462006,0.43187689781188965,0.12458913028240204,0.4726982116699219,0.16042737662792206,0.3784444332122803,0.1326914131641388,0.3849116265773773,0.11022628843784332,0.40292519330978394,0.14790093898773193
32,0.44077882170677185,0.27311763167381287,0.4563791751861572,0.22698275744915009,0.49009251594543457,0.19804821908473969,0.40493249893188477,0.1781466156244278,0.46397605538368225,0.15116241574287415,0.3757723271846771,0.2029692679643631
33,0.324262797832489,0.1513252705335617,0.4042645990848541,0.1609153151512146,0.49067458510398865,0.19538052380084991,0.4500288963317871,0.24401070177555084,0.42625027894973755,0.15355660021305084,0.3936723470687866,0.2472957968711853
34,0.3344590961933136,0.17719532549381256,0.4887166917324066,0.23454980552196503,0.4375004172325134,0.16880913078784943,0.4496670663356781,0.37408244609832764,0.3853876292705536,0.11123386025428772,0.38272717595100403,0.1048949584364891
35,0.34010934829711914,0.19463025033473969,0.5102730989456177,0.218340203166008,0.48907798528671265,0.2577088177204132,0.5477966070175171,0.2103760838508606,0.4216439127922058,0.23440079391002655,0.3842742443084717,0.2101341187953949
36,0.3845232427120209,0.23277859389781952,0.4385465085506439,0.17170266807079315,0.5103908777236938,0.2634662687778473,0.38933438062667847,0.14045199751853943,0.4607672691345215,0.18052728474140167,0.44624024629592896,0.3109458386898041
37,0.3612808585166931,0.18383610248565674,0.41581565141677856,0.2096530944108963,0.43600839376449585,0.15558595955371857,0.40715599060058594,0.16816528141498566,0.4631693363189697,0.16609466075897217,0.44618597626686096,0.19440770149230957
38,0.37554869055747986,0.1998704969882965,0.4369654655456543,0.2011299580335617,0.4460078775882721,0.14818891882896423,0.5105627775192261,0.19090059399604797,0.5791102051734924,0.2650597095489502,0.49161553382873535,0.2821427583694458
39,0.48922666907310486,0.2641623616218567,0.4776150584220886,0.22383150458335876,0.4516403079032898,0.21783286333084106,0.5289162993431091,0.25885188579559326,0.5768324732780457,0.2978939116001129,0.388516902923584,0.1577187180519104
40,0.5192034244537354,0.17668956518173218,0.5210024118423462,0.2247137725353241,0.4445928931236267,0.20929592847824097,0.4800940454006195,0.31015825271606445,0.44781294465065,0.20758797228336334,0.43079790472984314,0.2281104028224945
41,0.4186668395996094,0.19929569959640503,0.4663715362548828,0.22670818865299225,0.4591295123100281,0.15201085805892944,0.5163818597793579,0.24836602807044983,0.45722419023513794,0.2777758836746216,0.4297519326210022,0.15093494951725006
42,0.3444536626338959,0.1835859715938568,0.5128929018974304,0.27979740500450134,0.5115550756454468,0.2266339361667633,0.4148160517215729,0.19737125933170319,0.37501969933509827,0.1293485313653946,0.42161592841148376,0.21315284073352814
43,0.464172899723053,0.25228381156921387,0.49428367614746094,0.2570631206035614,0.5400921702384949,0.33441299200057983,0.4353891909122467,0.2098265141248703,0.45444291830062866,0.17814168334007263,0.6069632768630981,0.37052541971206665
44,0.38281065225601196,0.20042218267917633,0.4044174253940582,0.1625295728445053,0.5115573406219482,0.2584153413772583,0.4758825898170471,0.21600031852722168,0.4008696675300598,0.1412682980298996,0.40844598412513733,0.15935710072517395
45,0.4359044134616852,0.19865983724594116,0.4134536683559418,0.18696165084838867,0.4626951813697815,0.2048555314540863,0.4962431490421295,0.19013381004333496,0.42086178064346313,0.1336139589548111,0.5642718076705933,0.41933372616767883
46,0.4372617304325104,0.22239048779010773,0.45900145173072815,0.20410968363285065,0.4534527659416199,0.21179188787937164,0.48463764786720276,0.22849206626415253,0.47982168197631836,0.19402055442333221,0.4535176753997803,0.1960434466600418
47,0.4672859311103821,0.34795841574668884,0.5014265775680542,0.26492658257484436,0.5855766534805298,0.3241766691207886,0.4625668525695801,0.21276071667671204,0.38244038820266724,0.12370923906564713,0.3922722339630127,0.1897440254688263
48,0.4632783830165863,0.27772757411003113,0.5119584798812866,0.27517613768577576,0.48046058416366577,0.19701239466667175,0.42518049478530884,0.17968420684337616,0.40374526381492615,0.17693988978862762,0.452371209859848,0.2849540710449219
49,0.49075835943222046,0.29765230417251587,0.41284817457199097,0.16585533320903778,0.4235936999320984,0.17584854364395142,0.4550565183162689,0.2395942360162735,0.4059528410434723,0.1879018396139145,0.3944737911224365,0.19179481267929077
50,0.3436504006385803,0.11471950262784958,0.41883760690689087,0.19856834411621094,0.4264304041862488,0.17124304175376892,0.4249778687953949,0.18141405284404755,0.4417559504508972,0.18974924087524414,0.4649161398410797,0.3689998388290405
51,0.5515754818916321,0.2726372182369232,0.4283256530761719,0.21573559939861298,0.5113731026649475,0.2785009443759918,0.5132565498352051,0.19069412350654602,0.6204404830932617,0.37077057361602783,0.43824633955955505,0.2546060383319855
52,0.4874071478843689,0.3274441957473755,0.48764103651046753,0.22145861387252808,0.4868372976779938,0.19588932394981384,0.5485366582870483,0.24950005114078522,0.5976206064224243,0.26862993836402893,0.5302016735076904,0.4048255980014801
53,0.41795116662979126,0.22809317708015442,0.5394824743270874,0.17674189805984497,0.4315144121646881,0.16523388028144836,0.5446565747261047,0.2260863482952118,0.4924265444278717,0.21605800092220306,0.5338808298110962,0.3373720049858093
54,0.4186723232269287,0.217648446559906,0.5620086193084717,0.2920179069042206,0.5230568051338196,0.29412898421287537,0.3857484459877014,0.12620313465595245,0.57997727394104,0.3128105401992798,0.541942834854126,0.26012730598449707
55,0.35780662298202515,0.15270474553108215,0.4367266595363617,0.17367812991142273,0.4949343800544739,0.23308643698692322,0.400115966796875,0.1214616671204567,0.4585767388343811,0.26032349467277527,0.43234604597091675,0.3039340376853943
56,0.5206332206726074,0.2933577299118042,0.43582868576049805,0.24538499116897583,0.7091253995895386,0.36106476187705994,0.444225013256073,0.2335265576839447,0.597307562828064,0.2988511025905609,0.4774878919124603,0.22072185575962067
57,0.5524435043334961,0.41715550422668457,0.6182576417922974,0.3797144293785095,0.6277510523796082,0.383131742477417,0.5126323699951172,0.2687303423881531,0.36782869696617126,0.10162501037120819,0.6459234356880188,0.4540768265724182
58,0.4887809753417969,0.2135130614042282,0.5430975556373596,0.34868672490119934,0.4370476305484772,0.19258445501327515,0.4386097490787506,0.16773907840251923,0.39842689037323,0.10602165758609772,0.6011682748794556,0.28847798705101013
59,0.5319049954414368,0.3239690363407135,0.4633358120918274,0.272464394569397,0.40488171577453613,0.13623547554016113,0.4728861451148987,0.31119367480278015,0.5858781337738037,0.2717247009277344,0.5254183411598206,0.27254918217658997
60,0.36945560574531555,0.14904455840587616,0.5468102693557739,0.21482403576374054,0.5531854629516602,0.34834355115890503,0.6595359444618225,0.28136762976646423,0.5205693244934082,0.3561095893383026,0.6175457239151001,0.5371528267860413
61,0.5457659959793091,0.291678786277771,0.4380422532558441,0.15077833831310272,0.37258321046829224,0.11915765702724457,0.5508967638015747,0.1833454817533493,0.48958903551101685,0.22883358597755432,0.5343058705329895,0.3012843132019043
62,0.5279651880264282,0.35464656352996826,0.4287661910057068,0.22733576595783234,0.5036848783493042,0.18348586559295654,0.6221827864646912,0.28329071402549744,0.5862200260162354,0.22771845757961273,0.5528095364570618,0.2441316395998001
63,0.48705750703811646,0.28295978903770447,0.6131399869918823,0.2952323257923126,0.6265382766723633,0.2861312925815582,0.5273479223251343,0.2536493241786957,0.3742886781692505,0.12803080677986145,0.6179566383361816,0.4462629556655884
64,0.4567515254020691,0.20178839564323425,0.44870319962501526,0.15234991908073425,0.5149382948875427,0.2851945161819458,0.6190738677978516,0.5135584473609924,0.4682716429233551,0.16779671609401703,0.5607138276100159,0.33951258659362793
65,0.5865204930305481,0.35967668890953064,0.5800973176956177,0.4051040709018707,0.5189840793609619,0.21900779008865356,0.5413878560066223,0.2790337800979614,0.4441923499107361,0.21513310074806213,0.4663374423980713,0.26713377237319946
66,0.5139433741569519,0.25306248664855957,0.6028587222099304,0.36053475737571716,0.4654873311519623,0.1840902417898178,0.6283735632896423,0.38078638911247253,0.43674731254577637,0.13848303258419037,0.41066426038742065,0.21408572793006897
67,0.47451257705688477,0.28960344195365906,0.6540291905403137,0.23187536001205444,0.5987130999565125,0.3366946578025818,0.5581886768341064,0.2858661413192749,0.5071919560432434,0.21555179357528687,0.5620647668838501,0.3923220634460449
68,0.429859459400177,0.22152584791183472,0.6560829877853394,0.3325737714767456,0.6210108399391174,0.501400351524353,0.5386989116668701,0.3317013084888458,0.4128829538822174,0.09174016118049622,0.5249089002609253,0.2462189793586731
69,0.6062043905258179,0.3071718215942383,0.6263471841812134,0.2507149577140808,0.4219505190849304,0.14064531028270721,0.6913586854934692,0.25651848316192627,0.5018872022628784,0.27065977454185486,0.36718156933784485,0.09439247101545334
70,0.7012053728103638,0.302914559841156,0.5913661122322083,0.31492549180984497,0.41623440384864807,0.10722937434911728,0.6229730844497681,0.26245200634002686,0.5001705884933472,0.20830005407333374,0.4829486906528473,0.280791312456131
71,0.4834974706172943,0.21895737946033478,0.6359584331512451,0.30661705136299133,0.5818144083023071,0.3304595649242401,0.42337217926979065,0.12456753104925156,0.5493296384811401,0.2353527992963791,0.4724539816379547,0.24590934813022614
72,0.39934173226356506,0.14870332181453705,0.5521813631057739,0.2922126054763794,0.7254284620285034,0.3545153737068176,0.571266233921051,0.31343480944633484,0.7026015520095825,0.35093456506729126,0.5198838710784912,0.2418040633201599
73,0.6710361242294312,0.26382505893707275,0.7142181396484375,0.36800751090049744,0.57696932554245,0.38902661204338074,0.47743600606918335,0.22331558167934418,0.5206257104873657,0.21261101961135864,0.5802749395370483,0.3265151381492615
74,0.5323090553283691,0.37450462579727173,0.44321879744529724,0.24013541638851166,0.46960362792015076,0.2272113561630249,0.5437878966331482,0.30148905515670776,0.5103939175605774,0.25115299224853516,0.4601978659629822,0.17557492852210999
75,0.49902957677841187,0.197506383061409,0.7017558813095093,0.35362181067466736,0.6406389474868774,0.3690621852874756,0.43921583890914917,0.14693255722522736,0.5584303140640259,0.27524879574775696,0.6303486824035645,0.5417230725288391
76,0.5228093862533569,0.22634415328502655,0.4578723907470703,0.1764337420463562,0.5618031620979309,0.26444700360298157,0.6342467069625854,0.36502423882484436,0.5925523042678833,0.2305726408958435,0.5459442734718323,0.2776660621166229
77,0.5466082692146301,0.33221012353897095,0.7669603824615479,0.5477975606918335,0.5207513570785522,0.37031516432762146,0.5046194195747375,0.20109643042087555,0.5343018174171448,0.22388195991516113,0.6369545459747314,0.30475205183029175
78,0.4354425370693207,0.18254901468753815,0.6486392021179199,0.3665926456451416,0.624864935874939,0.3279963731765747,0.4236742854118347,0.11118021607398987,0.4897005558013916,0.19495035707950592,0.6106870770454407,0.28889361023902893
79,0.5358419418334961,0.2113901674747467,0.5058305859565735,0.2172657698392868,0.4513719975948334,0.1560734063386917,0.5467692613601685,0.25825202465057373,0.47043848037719727,0.19523872435092926,0.626848578453064,0.3072296380996704
80,0.5221676230430603,0.2507873475551605,0.6379666924476624,0.2836281657218933,0.4667629301548004,0.1703031212091446,0.7319672107696533,0.2918914556503296,0.38310739398002625,0.10099586099386215,0.5987905859947205,0.31180477142333984
81,0.6925080418586731,0.30474722385406494,0.6093661785125732,0.31815770268440247,0.5814294815063477,0.23121079802513123,0.6400138735771179,0.30147671699523926,0.6217211484909058,0.3829132914543152,0.55808025598526,0.29607370495796204
82,0.5626496076583862,0.2694304883480072,0.4903833270072937,0.27580612897872925,0.5773853659629822,0.33670616149902344,0.6139978766441345,0.2755148410797119,0.38966161012649536,0.10099606215953827,0.6256230473518372,0.43165716528892517
83,0.6119735240936279,0.37107011675834656,0.6534579992294312,0.37614744901657104,0.5575311183929443,0.22233794629573822,0.5975855588912964,0.3017549216747284,0.5440864562988281,0.2493235021829605,0.459727942943573,0.16123998165130615
84,0.6741641759872437,0.3182668685913086,0.4950815737247467,0.2518085837364197,0.6743031740188599,0.3131999671459198,0.6430860757827759,0.31129196286201477,0.450006902217865,0.2593477666378021,0.5013318657875061,0.2886561453342438
85,0.7017898559570312,0.4440022110939026,0.7780259847640991,0.611594557762146,0.6233187913894653,0.32509225606918335,0.596143364906311,0.32494425773620605,0.6318572759628296,0.3013303875923157,0.5954582095146179,0.2885357439517975
86,0.8194977641105652,0.3249671757221222,0.6641098856925964,0.31000229716300964,0.7576048374176025,0.32421788573265076,0.6754195690155029,0.2867874205112457,0.7181543111801147,0.4009360373020172,0.598492443561554,0.3043220341205597
87,0.6121070384979248,0.34291183948516846,0.6070403456687927,0.2742525339126587,0.5384212732315063,0.2594456672668457,0.6690694093704224,0.4167741537094116,0.49234509468078613,0.19363105297088623,0.7602558135986328,0.40598008036613464
88,0.550646185874939,0.27716851234436035,0.5826272964477539,0.28789520263671875,0.5787067413330078,0.3155580461025238,0.5806600451469421,0.37065285444259644,0.6136986613273621,0.44024214148521423,0.5039920210838318,0.24581678211688995
89,0.5028430223464966,0.2718912363052368,0.5057999491691589,0.2536482512950897,0.7315145134925842,0.42370182275772095,0.599677562713623,0.24876448512077332,0.6751272082328796,0.33265408873558044,0.5360187888145447,0.25522154569625854
90,0.6622064709663391,0.41099485754966736,0.525131344795227,0.1993812769651413,0.5465558171272278,0.21990764141082764,0.5574022531509399,0.26460450887680054,0.7423016428947449,0.3940819501876831,0.5284738540649414,0.22525939345359802
91,0.6562955975532532,0.39785778522491455,0.604555606842041,0.41759437322616577,0.6236454844474792,0.4090844690799713,0.6190064549446106,0.2505350708961487,0.6305858492851257,0.3385140001773834,0.5392096042633057,0.26274189352989197
92,0.5794353485107422,0.3593824505805969,0.5062609910964966,0.2725604176521301,0.5870126485824585,0.41109639406204224,0.4967048168182373,0.292711466550827,0.6823709011077881,0.3396419584751129,0.6992889642715454,0.2694677412509918
93,0.5868462324142456,0.3085726201534271,0.5839665532112122,0.5759233236312866,0.7072829008102417,0.3636600971221924,0.5859410166740417,0.2551858723163605,0.48354583978652954,0.19241899251937866,1.0122315883636475,0.5971325039863586
94,0.6486396789550781,0.40561607480049133,0.5554197430610657,0.2524988353252411,0.8660011291503906,0.41597360372543335,0.5076342821121216,0.15376344323158264,0.4636639654636383,0.1823706030845642,0.6332975625991821,0.6214455366134644
95,0.46243447065353394,0.1906668096780777,0.7704811096191406,0.36766108870506287,0.4730883538722992,0.19592703878879547,0.6162232160568237,0.34362709522247314,0.5016512870788574,0.19954177737236023,0.6091710329055786,0.32276034355163574
96,0.5571647882461548,0.253812313079834,0.5645766854286194,0.2532183825969696,0.5253616571426392,0.24329613149166107,0.6795145273208618,0.4533056318759918,0.5081644654273987,0.23232173919677734,0.524193286895752,0.22671476006507874
97,0.6745300889015198,0.30567362904548645,0.4211595058441162,0.06796500086784363,0.6553175449371338,0.45344245433807373,0.7367619872093201,0.506554126739502,0.47779932618141174,0.23929579555988312,0.50920170545578,0.31278473138809204
98,0.5405375361442566,0.2529633045196533,0.47775012254714966,0.11151184141635895,0.7067722082138062,0.33826372027397156,0.7819545865058899,0.4251038432121277,0.6837605237960815,0.4719749987125397,0.5163818597793579,0.26394957304000854
99,0.5285356044769287,0.294452428817749,0.7546248435974121,0.44037166237831116,0.6142393350601196,0.2788117825984955,0.6269391179084778,0.33395642042160034,0.41694870591163635,0.12861624360084534,0.7633010149002075,0.656006932258606
100,0.6882598400115967,0.3286173343658447,0.5323218107223511,0.2711382210254669,0.6139570474624634,0.27556312084198,0.754425585269928,0.45998695492744446,0.7290633916854858,0.3014864921569824,0.7573608160018921,0.46914586424827576
101,0.792009711265564,0.4626556932926178,0.48367077112197876,0.1767369508743286,0.6538979411125183,0.38265979290008545,0.5064418315887451,0.29037031531333923,0.49668455123901367,0.17145180702209473,0.6716420650482178,0.3359901010990143
102,0.5971909165382385,0.32902881503105164,0.5012303590774536,0.15860362350940704,0.6673105955123901,0.36796095967292786,0.8145861625671387,0.3063964545726776,0.5988840460777283,0.3389846384525299,0.8765562176704407,0.5676595568656921
103,0.6258087754249573,0.3225824236869812,0.6109882593154907,0.36689049005508423,0.7896274328231812,0.7595685124397278,0.8365764617919922,0.4801887273788452,0.5900310277938843,0.27847006916999817,0.5919686555862427,0.26573172211647034
104,0.5372852087020874,0.19057820737361908,0.5769789814949036,0.25490009784698486,0.7989175915718079,0.45009082555770874,0.8144333958625793,0.4883478879928589,0.49592575430870056,0.20500266551971436,0.7444669008255005,0.47840815782546997
105,1.0223822593688965,0.7193994522094727,0.6363657712936401,0.3380173146724701,0.6074252724647522,0.2730908989906311,0.639399528503418,0.27912962436676025,0.4621317386627197,0.19858291745185852,1.010097861289978,0.7328022718429565
106,0.7308880090713501,0.4446704089641571,0.43432098627090454,0.1070983037352562,0.5911719799041748,0.3375718593597412,0.6347547173500061,0.3397127389907837,0.6084820032119751,0.297311931848526,0.5528773665428162,0.22746266424655914
107,0.5338665246963501,0.20996549725532532,0.6407924890518188,0.28346753120422363,0.5399306416511536,0.23200443387031555,0.6184519529342651,0.25755205750465393,0.73597252368927,0.4439470171928406,0.6404770016670227,0.3483707308769226
108,0.5681246519088745,0.2599095404148102,0.6088438034057617,0.28316161036491394,0.5714836716651917,0.26209259033203125,0.6794976592063904,0.42743346095085144,0.6006562113761902,0.3357366919517517,0.613315999507904,0.3538341522216797
109,0.5706115365028381,0.36703091859817505,0.5957058072090149,0.32994532585144043,0.6303893327713013,0.27973875403404236,0.7519578337669373,0.33932459354400635,0.46799135208129883,0.1709490567445755,0.9218977093696594,0.5964058041572571
110,0.743803083896637,0.47796833515167236,0.5241355895996094,0.2336803674697876,1.0102251768112183,0.6299624443054199,0.6343581080436707,0.3288487493991852,0.5710123777389526,0.2536528408527374,0.6821901202201843,0.4946443736553192
111,0.6262210607528687,0.2776896357536316,0.5966817140579224,0.40577924251556396,0.9264501333236694,0.6038627028465271,0.7870508432388306,0.5145910978317261,0.7219884991645813,0.3681156635284424,0.6974242925643921,0.34935593605041504
112,0.5513467192649841,0.2201482206583023,0.780267596244812,0.45485273003578186,0.6360582113265991,0.2977963984012604,0.7364398241043091,0.3611299395561218,0.6696839332580566,0.2910957634449005,0.6230878233909607,0.40582334995269775
113,0.6385668516159058,0.420989453792572,0.7205507755279541,0.37717199325561523,0.659307062625885,0.4303642809391022,0.8839219808578491,0.5598734617233276,0.5303418040275574,0.19167301058769226,0.7212719917297363,0.46906524896621704
114,0.6447041630744934,0.26618677377700806,0.45170268416404724,0.08859768509864807,0.5894162058830261,0.284867525100708,0.7405992746353149,0.3764612078666687,0.9101892709732056,0.4374934732913971,0.5853129625320435,0.20979171991348267
115,0.6314083337783813,0.2771989107131958,0.6598087549209595,0.3448687195777893,0.7581411600112915,0.40625470876693726,0.9511502385139465,0.43575727939605713,0.6322222352027893,0.3477061986923218,0.6975492835044861,0.4403761923313141
116,0.6674392223358154,0.4234001338481903,0.7299558520317078,0.361380934715271,0.47029075026512146,0.11216701567173004,0.7963659167289734,0.4712054431438446,0.5418621301651001,0.22046643495559692,0.6536863446235657,0.36020782589912415
117,0.5329781770706177,0.254096657037735,0.6331033110618591,0.29243192076683044,0.725589394569397,0.3558049201965332,0.6310430765151978,0.30760765075683594,0.6874433755874634,0.3496644198894501,0.8782340288162231,0.5494551658630371
118,0.6097027063369751,0.29777050018310547,0.7378230690956116,0.3701813519001007,0.6796156167984009,0.3376331329345703,0.9584213495254517,0.4668344557285309,0.5674147605895996,0.32796332240104675,0.6368777751922607,0.2687992453575134
119,0.842552661895752,0.3493387997150421,0.5322067737579346,0.20148925483226776,0.9440726041793823,0.4772476553916931,0.7237281799316406,0.3343779444694519,0.710730254650116,0.35872259736061096,0.681650698184967,0.32501935958862305
120,0.8776307106018066,0.4270775020122528,0.6499786972999573,0.2904207706451416,0.7096399664878845,0.36026284098625183,0.5911773443222046,0.30215761065483093,0.7683912515640259,0.44497084617614746,0.6009979844093323,0.29989099502563477
121,0.6571035385131836,0.2942127287387848,0.5400111675262451,0.2523190677165985,0.7807824611663818,0.6593706607818604,0.7364004254341125,0.39224880933761597,0.666265606880188,0.33378708362579346,0.5368106961250305,0.24816173315048218
122,0.6851586103439331,0.34077122807502747,0.5287452936172485,0.24343624711036682,0.5371850728988647,0.19343669712543488,0.5813189744949341,0.2539188861846924,0.6791244745254517,0.2972226142883301,0.6558915972709656,0.2979905605316162
123,0.5731293559074402,0.2062491774559021,0.5438493490219116,0.22541886568069458,0.7731817960739136,0.37181442975997925,0.772294819355011,0.36816808581352234,0.5322974324226379,0.17595313489437103,0.6902519464492798,0.3628922998905182
124,0.8466058969497681,0.5009366273880005,0.8681963682174683,0.46407651901245117,0.7748183608055115,0.31102901697158813,0.491415411233902,0.1311717927455902,0.4932786822319031,0.2509843707084656,0.849736213684082,0.30401545763015747
125,0.7607585191726685,0.3419303596019745,0.5320741534233093,0.31470999121665955,0.7660922408103943,0.4438748061656952,0.609772801399231,0.3259980082511902,0.6396809220314026,0.3768990933895111,0.698286235332489,0.3111778795719147
126,0.6250510811805725,0.25620877742767334,0.6961439847946167,0.36724087595939636,0.582943320274353,0.16690199077129364,0.6745929718017578,0.4320073127746582,0.559505820274353,0.20879921317100525,0.6904895305633545,0.40090247988700867
127,0.6729063391685486,0.26863163709640503,0.5620668530464172,0.2262415885925293,0.4870080351829529,0.06899095326662064,0.6683091521263123,0.45954811573028564,0.522315502166748,0.2039908915758133,0.815768837928772,0.3027491867542267
128,0.5369635820388794,0.22367876768112183,1.0365403890609741,0.8029652833938599,0.5353421568870544,0.2646375596523285,0.6619065403938293,0.4210950434207916,0.5170372724533081,0.28897517919540405,0.8676725625991821,0.4854094684123993
129,0.7910112142562866,0.4489726126194,0.7112558484077454,0.34153276681900024,0.7512608170509338,0.35656556487083435,0.8197327852249146,0.45977577567100525,0.8452520370483398,0.5529327392578125,0.8745652437210083,0.37429842352867126
130,0.6361500024795532,0.29510384798049927,0.655279815196991,0.4129882752895355,0.5486183166503906,0.2442305088043213,0.9894981384277344,0.4440496861934662,0.8296562433242798,0.36731046438217163,0.696714460849762,0.30446118116378784
131,0.6003528833389282,0.32679033279418945,0.46929603815078735,0.09750263392925262,0.6739562749862671,0.34971749782562256,0.662997841835022,0.28992578387260437,0.7892168760299683,0.343730628490448,0.4924432635307312,0.09963918477296829
132,0.4769771993160248,0.08266474306583405,0.6887511610984802,0.4561624526977539,0.8093609809875488,0.5247331261634827,0.5903717875480652,0.2542663514614105,0.5402492880821228,0.18601784110069275,0.5606959462165833,0.22886990010738373
133,0.6498309969902039,0.23874817788600922,0.6425047516822815,0.2794688642024994,0.7088972330093384,0.42252641916275024,0.725702166557312,0.3701079189777374,0.5341947674751282,0.20763488113880157,0.6415873765945435,0.34928590059280396
134,0.5618877410888672,0.29881203174591064,0.7596701383590698,0.42197149991989136,0.7895208597183228,0.47354236245155334,0.8686162829399109,0.6598244309425354,0.8272773623466492,0.4701482951641083,0.5683919787406921,0.21629567444324493
135,0.8755279779434204,0.3503912687301636,0.6118707656860352,0.295132577419281,0.6407482028007507,0.29593461751937866,0.8474801778793335,0.49444350600242615,0.6215572953224182,0.32583320140838623,0.7850531339645386,0.5069886445999146
136,0.7096806764602661,0.31390759348869324,0.7049757242202759,0.38839125633239746,0.6080056428909302,0.2295299917459488,1.153637170791626,0.41615062952041626,0.6476020812988281,0.3969907760620117,0.5177778601646423,0.18972623348236084
137,0.6688193082809448,0.3605881929397583,0.8806144595146179,0.33895343542099,0.6294223666191101,0.3057192862033844,0.7797393202781677,0.35113856196403503,0.5558038949966431,0.21892033517360687,0.6375213861465454,0.26525071263313293
138,0.6786222457885742,0.2867678105831146,0.701840877532959,0.295521080493927,0.7385022044181824,0.2994435429573059,0.7568732500076294,0.4661717116832733,0.5141993761062622,0.10998208820819855,0.6321505308151245,0.21002908051013947
139,0.8007915616035461,0.3946760892868042,0.7880668640136719,0.362749308347702,0.642547070980072,0.32650819420814514,0.6392093896865845,0.3087286949157715,0.6084521412849426,0.29407796263694763,0.5874773263931274,0.2970617711544037
140,0.7355606555938721,0.2982931137084961,0.7527275085449219,0.31678032875061035,0.7955309152603149,0.30666279792785645,0.6283943057060242,0.2356894463300705,0.8611282110214233,0.342475950717926,0.8240959048271179,0.4011877179145813
141,0.7300236821174622,0.3555279076099396,0.8274243474006653,0.5834739804267883,0.9467336535453796,0.5168986916542053,0.751936674118042,0.47414639592170715,0.7360410690307617,0.31302133202552795,0.6383320689201355,0.26270294189453125
142,0.5684805512428284,0.2072344422340393,0.6140949726104736,0.3075847923755646,0.6651269197463989,0.28880712389945984,0.8839575052261353,0.5381518006324768,0.5354197025299072,0.18147951364517212,0.82734215259552,0.3553967773914337
143,0.5022222995758057,0.11254236102104187,0.8247029185295105,0.46944689750671387,0.7439659237861633,0.43175891041755676,0.6925119161605835,0.3083823025226593,0.6776543855667114,0.25756996870040894,0.8316425085067749,0.4352273941040039
144,0.6588164567947388,0.29026687145233154,0.7482439279556274,0.39523378014564514,0.5959969758987427,0.3664560616016388,0.7625229954719543,0.44585636258125305,0.7235769629478455,0.3199703097343445,0.5807150602340698,0.24228836596012115
145,0.7782554030418396,0.4951816499233246,0.7561546564102173,0.3524371385574341,0.7828330993652344,0.3610919713973999,0.8604960441589355,0.4577977657318115,0.5377624034881592,0.1789109855890274,0.6715227365493774,0.3905332088470459
146,0.5789321064949036,0.24246425926685333,0.6649494171142578,0.284396767616272,0.5333969593048096,0.2147078514099121,0.655366063117981,0.24546562135219574,0.7501503825187683,0.45220640301704407,0.7042274475097656,0.32721731066703796
147,0.6692255735397339,0.33623629808425903,0.6872986555099487,0.3010004758834839,0.672289252281189,0.29731670022010803,0.7229017019271851,0.2967602610588074,0.8380489349365234,0.47842565178871155,0.6167414784431458,0.2827894985675812
148,0.6341462731361389,0.2660839557647705,0.5697059035301208,0.2792893052101135,0.6307923793792725,0.29978153109550476,0.7066088318824768,0.32992348074913025,0.5192381739616394,0.1926315724849701,0.4689981937408447,0.06576619297266006
149,0.5802000761032104,0.22691476345062256,0.6229851841926575,0.2589770257472992,0.6366535425186157,0.2497146725654602,0.9058482050895691,0.44582176208496094,0.6857203245162964,0.3530522584915161,0.666368305683136,0.2959596514701843
150,0.9118596911430359,0.43863987922668457,0.7231273055076599,0.28538408875465393,0.7375372648239136,0.48315131664276123,0.5648565888404846,0.1562475860118866,0.7939090728759766,0.4691358208656311,0.6996064782142639,0.27502337098121643
151,0.7386754751205444,0.6240891218185425,0.7825857400894165,0.3377111554145813,0.9460142254829407,0.43707382678985596,0.6579769849777222,0.4157434105873108,0.6750648021697998,0.3302929997444153,0.5955876111984253,0.24715617299079895
152,0.7847746014595032,0.4138667583465576,1.0741064548492432,0.4233277142047882,0.8588832020759583,0.4898953139781952,0.7903605699539185,0.285422682762146,0.6451676487922668,0.2214578092098236,1.0211684703826904,0.5676845908164978
153,0.8465569615364075,0.3445468246936798,0.6285432577133179,0.2835979759693146,0.7517692446708679,0.3259901702404022,0.7755293846130371,0.4015118479728699,0.7931898832321167,0.3387387692928314,0.852554440498352,0.5001224875450134
154,0.7220314741134644,0.3412376046180725,0.5117833018302917,0.15728099644184113,0.5580701231956482,0.26201868057250977,0.6973844766616821,0.3543475568294525,0.6733784675598145,0.385564386844635,0.6785249710083008,0.3338000774383545
155,0.64632248878479,0.3003842830657959,0.773344874382019,0.46911391615867615,0.790248692035675,0.3184288442134857,0.8178969621658325,0.30984145402908325,0.9430431127548218,0.5879758596420288,0.6390138864517212,0.28838926553726196
156,0.6862265467643738,0.44815680384635925,0.6094070672988892,0.2901794910430908,0.6206586956977844,0.30871421098709106,1.0479304790496826,0.8736920952796936,0.8882591128349304,0.4514600932598114,0.5699136257171631,0.21109774708747864
157,0.5579325556755066,0.22588221728801727,0.8852853775024414,0.6306779384613037,0.7986689805984497,0.3786822259426117,0.7193668484687805,0.31938573718070984,0.6490081548690796,0.3266470432281494,0.8106015920639038,0.4530220627784729
158,0.9454081654548645,0.42738503217697144,0.6550771594047546,0.3003058433532715,0.8374451398849487,0.41420629620552063,0.8736361265182495,0.5463313460350037,0.7943501472473145,0.5079699158668518,0.5790477395057678,0.12713542580604553
159,0.6135460734367371,0.23699218034744263,0.6009063720703125,0.2805883586406708,0.9486681818962097,0.6800590753555298,0.8885364532470703,0.6099917888641357,0.8278903961181641,0.3406170904636383,0.7543610334396362,0.48214948177337646
160,0.7684296369552612,0.3575376272201538,0.6235713362693787,0.27042096853256226,0.8644242286682129,0.49714764952659607,1.0144908428192139,0.34462910890579224,0.7578029632568359,0.320119172334671,0.7335955500602722,0.35249224305152893
161,0.6522526741027832,0.30643659830093384,0.7602515816688538,0.469017893075943,0.9795221090316772,0.48036807775497437,0.6560748815536499,0.31578487157821655,0.8309380412101746,0.5001400709152222,0.8196984529495239,0.4813303053379059
162,0.6873120069503784,0.33674606680870056,1.014022946357727,0.5174918174743652,0.590263307094574,0.19414985179901123,1.0227665901184082,0.4161057472229004,1.0279452800750732,0.5057325959205627,0.8025983572006226,0.4780975580215454
163,0.7681009769439697,0.32451459765434265,0.7996594905853271,0.3972889184951782,0.6692307591438293,0.4332442283630371,0.7866144180297852,0.35307201743125916,0.8004246950149536,0.48446300625801086,0.6936898827552795,0.31720712780952454
164,0.8780007362365723,0.45167872309684753,0.7892972230911255,0.3325084447860718,0.8520018458366394,0.3673816919326782,1.0549687147140503,0.5567944049835205,1.089809536933899,0.5969402194023132,0.7160572409629822,0.3593977689743042
165,0.6329653859138489,0.28783315420150757,0.6864384412765503,0.4309126138687134,0.8337764739990234,0.3716442286968231,0.8686156272888184,0.3624723255634308,0.8606034517288208,0.4681512713432312,0.8731021881103516,0.6597222089767456
166,0.730162501335144,0.47272196412086487,0.9826418161392212,0.5747600197792053,0.8148952722549438,0.4569457769393921,0.8879159688949585,0.4668075442314148,0.6081994771957397,0.25855281949043274,0.8123599290847778,0.35686591267585754
167,0.6963874101638794,0.3584219217300415,0.6050297021865845,0.3319734036922455,0.5616824626922607,0.14889714121818542,0.6165891885757446,0.19911424815654755,0.5923936367034912,0.22129495441913605,0.7311233878135681,0.3389527201652527
168,0.6826740503311157,0.30948901176452637,0.5497977137565613,0.2002793848514557,0.7902342081069946,0.6026183366775513,0.819002628326416,0.34227851033210754,0.6597796678543091,0.2683129608631134,0.7508774399757385,0.3365112245082855
169,0.9360709190368652,0.3899399936199188,0.908044695854187,0.5291427969932556,0.9043406248092651,0.3531094193458557,0.7351616621017456,0.3010835349559784,0.5588874220848083,0.2004319727420807,1.003872036933899,0.49643969535827637
170,1.0010640621185303,0.7557520270347595,0.6153923869132996,0.21702510118484497,0.9596489071846008,0.5021008253097534,0.6288789510726929,0.2152976393699646,0.9465997815132141,0.4060879945755005,0.8098777532577515,0.49394887685775757
171,0.8077572584152222,0.34055015444755554,0.9398567080497742,0.4633338451385498,1.219386339187622,0.4858075678348541,0.8866018056869507,0.4393370449542999,0.6109062433242798,0.24995125830173492,0.8636870384216309,0.3253870904445648
172,0.7516598701477051,0.3120841681957245,0.726885199546814,0.42640221118927,0.8535991907119751,0.30811750888824463,0.8320069313049316,0.46442854404449463,0.7521935105323792,0.45554643869400024,0.8690763711929321,0.574188232421875
173,0.733900249004364,0.32027962803840637,0.788161039352417,0.6164466738700867,0.6333554983139038,0.29372742772102356,0.7158128619194031,0.29451099038124084,0.9338029623031616,0.4293833374977112,0.6284117698669434,0.2359190285205841
174,0.8672558069229126,0.5095731019973755,0.8039283752441406,0.3285679519176483,0.7961953282356262,0.28962355852127075,1.0377684831619263,0.5973849296569824,0.7585275769233704,0.47768527269363403,0.9049291610717773,0.5166856050491333
175,0.9742801785469055,0.2898268401622772,0.7214668393135071,0.3116498589515686,0.9515569806098938,0.7498841881752014,0.7613670229911804,0.27881595492362976,0.6740443110466003,0.2625994086265564,0.7052286267280579,0.30865392088890076
176,0.8142096400260925,0.3021709620952606,0.6207831501960754,0.2794395685195923,0.8251128196716309,0.45895811915397644,0.6443077325820923,0.3022940158843994,0.9429776072502136,0.3441930413246155,0.5834078788757324,0.21274924278259277
177,0.7083538770675659,0.42998233437538147,0.7677673101425171,0.5017911791801453,0.7678596377372742,0.31264519691467285,0.822012722492218,0.40447869896888733,0.8555740118026733,0.493554025888443,0.8674722909927368,0.5356958508491516
178,0.7402202486991882,0.41390034556388855,0.838720440864563,0.31732407212257385,0.7187128663063049,0.4844052791595459,0.7205573916435242,0.2834184169769287,0.7213571667671204,0.33831995725631714,0.6209111213684082,0.476372629404068
179,0.800420880317688,0.31661561131477356,0.7366868257522583,0.37310823798179626,0.606144368648529,0.26863542199134827,0.7706390619277954,0.49547961354255676,0.6740611791610718,0.33881381154060364,0.5631881356239319,0.21588359773159027
180,0.7089164853096008,0.29694780707359314,0.6989838480949402,0.293060302734375,0.8402618169784546,0.3828963339328766,0.9721450805664062,0.42304879426956177,0.9550918340682983,0.3416430950164795,0.6966550946235657,0.3742358982563019
181,0.7071410417556763,0.3028344511985779,1.1714344024658203,0.46865713596343994,1.0561325550079346,0.5160722136497498,0.6305416822433472,0.2419731318950653,0.6861573457717896,0.26136356592178345,0.7096924781799316,0.3368827998638153
182,0.7372803688049316,0.3275628387928009,0.7850887179374695,0.4486643970012665,1.2756621837615967,0.8651401996612549,0.8648527264595032,0.5709640383720398,0.6906181573867798,0.32557153701782227,0.7011868953704834,0.285887748003006
183,0.8153907656669617,0.3876502513885498,1.2211062908172607,0.6067823767662048,0.7368440628051758,0.3326927423477173,0.9569640159606934,0.5909563302993774,0.787367045879364,0.49218276143074036,1.0187199115753174,0.3074345588684082
184,0.6710839867591858,0.2750791907310486,0.8212979435920715,0.35405659675598145,0.6675478219985962,0.2717519998550415,1.0006728172302246,0.3244093060493469,0.7138412594795227,0.3882251977920532,0.8396757245063782,0.4481380581855774
185,0.5964347124099731,0.2846943438053131,0.7548609972000122,0.44034165143966675,0.872562050819397,0.4756307601928711,0.811985969543457,0.3284305930137634,0.6356820464134216,0.2102237343788147,1.1879632472991943,0.8483927249908447
186,0.5919269323348999,0.2096681147813797,0.5912884473800659,0.21295320987701416,0.7531547546386719,0.28835657238960266,0.7713093161582947,0.37408724427223206,1.0639221668243408,0.6936143636703491,1.0563316345214844,0.7999894022941589
187,0.8568296432495117,0.33260127902030945,0.5076974630355835,0.10097263753414154,0.9648486375808716,0.637474775314331,1.0012552738189697,0.31881874799728394,0.7759596109390259,0.4504976272583008,0.7277780771255493,0.3797573447227478
188,0.8686128854751587,0.34046393632888794,0.6549739837646484,0.2769918143749237,0.8341724276542664,0.4396743178367615,0.7752608060836792,0.3902660012245178,0.8430080413818359,0.38585689663887024,0.647515594959259,0.46573665738105774
189,0.7272834181785583,0.24146988987922668,0.8498846292495728,0.47001051902770996,0.718544602394104,0.32504117488861084,0.5436974167823792,0.09197434037923813,0.811639666557312,0.4311659336090088,0.8138847351074219,0.6867543458938599
190,0.6688913106918335,0.3040480315685272,0.7038530111312866,0.22781026363372803,1.1389120817184448,0.6257405877113342,0.9331097602844238,0.2987171709537506,0.8407777547836304,0.3216777741909027,0.7685546875,0.3496597707271576
191,0.7990555763244629,0.4744463562965393,0.8241809606552124,0.4027833938598633,0.7617079019546509,0.4554354250431061,0.8411391377449036,0.36170804500579834,0.7509886026382446,0.48029762506484985,0.6959971189498901,0.3344597816467285
192,0.7407647967338562,0.30043643712997437,0.8665213584899902,0.4297647178173065,0.6971783638000488,0.2910557985305786,0.8734620213508606,0.40953168272972107,0.8305126428604126,0.2891148328781128,1.0075865983963013,0.5597217082977295
193,0.8581042289733887,0.4606234133243561,0.7979956269264221,0.3221920132637024,0.7944615483283997,0.4019176661968231,0.8126755952835083,0.32826435565948486,0.9732316136360168,0.4640007019042969,0.9127861261367798,0.5144222378730774
194,0.6633366346359253,0.27437111735343933,0.7594943046569824,0.32715001702308655,0.7532252669334412,0.48956626653671265,0.6694287061691284,0.2880416810512543,0.6723580360412598,0.2340846061706543,0.9046467542648315,0.36636969447135925
195,0.9210575222969055,0.5407655239105225,0.8678115010261536,0.41455966234207153,0.6566487550735474,0.30353885889053345,1.0144215822219849,0.5286840796470642,0.7189542651176453,0.2534213960170746,0.9359567761421204,0.3711153268814087
196,0.641148567199707,0.23703134059906006,0.6304078102111816,0.20467670261859894,0.7965887188911438,0.4154677987098694,0.7373710870742798,0.33381450176239014,0.6556254029273987,0.3541885018348694,0.8398296236991882,0.3800831735134125
197,0.8624480366706848,0.46140849590301514,1.1336828470230103,0.5681074857711792,1.2872366905212402,0.6283693313598633,0.7874626517295837,0.33288225531578064,0.8588330149650574,0.2589188516139984,0.6821673512458801,0.3429584801197052
198,0.7788662314414978,0.3084375262260437,0.7899032831192017,0.33668896555900574,0.8327044248580933,0.42365604639053345,0.8343590497970581,0.5151277780532837,0.665882408618927,0.28922873735427856,0.6098203063011169,0.18052402138710022
199,0.6477690935134888,0.2762294113636017,0.7463071942329407,0.4449995458126068,0.7980698347091675,0.3453875482082367,0.9326807856559753,0.4262100160121918,0.8880521059036255,0.32699769735336304,0.7137256860733032,0.3623041808605194
200,0.8398664593696594,0.4626440107822418,0.8236983418464661,0.4235720634460449,0.9530478715896606,0.5665208101272583,0.9269688725471497,0.6333335041999817,0.7656500339508057,0.28577104210853577,0.6292158961296082,0.2791081964969635
201,1.0206888914108276,0.44291964173316956,0.7645336389541626,0.44456925988197327,0.9950857162475586,0.47741326689720154,1.1150684356689453,0.29887279868125916,0.9667016863822937,0.4503614008426666,0.6903401613235474,0.26596301794052124
202,0.9791609048843384,0.44476422667503357,1.0217722654342651,0.6165161728858948,0.7769509553909302,0.2898121774196625,0.7076889276504517,0.2778131663799286,0.8092821836471558,0.3847289979457855,0.915189266204834,0.32952097058296204
203,0.7472259402275085,0.4725298285484314,0.8258212804794312,0.3454433083534241,0.8859769701957703,0.3514041304588318,0.9382740259170532,0.3921337127685547,0.6256731748580933,0.26868945360183716,0.8472668528556824,0.32360556721687317
204,1.0937280654907227,0.6656121015548706,0.9011968374252319,0.31441837549209595,0.7402302026748657,0.3594721257686615,1.0498380661010742,0.45925068855285645,0.9418051838874817,0.4125390350818634,0.8079557418823242,0.40961170196533203
205,0.9584892988204956,0.49038413166999817,0.8694502115249634,0.44259682297706604,0.6696938276290894,0.21155227720737457,1.018357515335083,0.5656887292861938,0.9427639245986938,0.48612338304519653,0.9869590997695923,0.5106712579727173
206,0.6539159417152405,0.2575846016407013,0.6485384106636047,0.30386149883270264,0.6178444623947144,0.25518330931663513,0.7537861466407776,0.4102487862110138,0.7966669797897339,0.2920110523700714,1.0618031024932861,0.6197592616081238
207,1.1279696226119995,0.6411740183830261,0.728016197681427,0.44741290807724,0.6148925423622131,0.237565279006958,0.8701604604721069,0.37300384044647217,0.899939239025116,0.4094885289669037,0.7599929571151733,0.49306991696357727
208,0.8943468928337097,0.6223103404045105,0.7685468792915344,0.44801080226898193,0.7166793942451477,0.3526185154914856,1.0803354978561401,0.6903354525566101,0.7610785365104675,0.2714307904243469,0.7689071297645569,0.26093146204948425
209,0.8461061716079712,0.4093399941921234,0.818850040435791,0.3867769241333008,0.7464314699172974,0.25571414828300476,1.2180935144424438,0.5650312900543213,0.7905058264732361,0.3898875415325165,1.1508921384811401,0.5334981083869934
210,0.7977836728096008,0.4373294711112976,0.9226783514022827,0.35720327496528625,0.6042529940605164,0.2027478963136673,0.9015067219734192,0.361946165561676,0.6405429244041443,0.4054703116416931,0.7716993689537048,0.400485634803772
211,0.8822813034057617,0.4248208701610565,0.7700001001358032,0.3849118947982788,0.8099069595336914,0.29266467690467834,0.9195143580436707,0.4683522582054138,0.8951314687728882,0.6142750382423401,0.950462818145752,0.5859705209732056
212,0.9013768434524536,0.38250020146369934,0.9216309785842896,0.3449455499649048,0.7598253488540649,0.40213632583618164,0.9819542765617371,0.7216161489486694,1.0631906986236572,0.40719369053840637,0.9934753179550171,0.5609024167060852
213,0.8545891642570496,0.4461704194545746,0.6320596933364868,0.20988783240318298,0.9585186839103699,0.4616078734397888,0.7698947191238403,0.28229284286499023,0.9342870712280273,0.5082939863204956,0.6498703956604004,0.16231751441955566
214,0.8336511850357056,0.3328697383403778,0.7442254424095154,0.3075390160083771,0.8797012567520142,0.3665435016155243,0.7080621719360352,0.28083592653274536,1.1090892553329468,0.3709663450717926,0.6444489359855652,0.19317594170570374
215,0.6530023217201233,0.3174648582935333,0.757861316204071,0.44048845767974854,1.0080140829086304,0.39991408586502075,0.8035232424736023,0.3693055212497711,0.7473005056381226,0.33056142926216125,0.8847764134407043,0.4482203423976898
216,0.7581697106361389,0.3408251404762268,1.0544002056121826,0.5492018461227417,0.9460598826408386,0.39333778619766235,0.9350219964981079,0.5287182331085205,0.8466278910636902,0.38961052894592285,0.8655029535293579,0.5703550577163696
217,0.872697651386261,0.5328835248947144,0.9048978090286255,0.5034152269363403,1.2054688930511475,0.7026622295379639,0.974005401134491,0.4506726562976837,0.9048894047737122,0.5048350095748901,0.8056595921516418,0.4427512586116791
218,0.8053762316703796,0.31539878249168396,0.8714373707771301,0.7167515158653259,0.748161792755127,0.2948073148727417,0.9297188520431519,0.46157631278038025,1.492231011390686,1.2623406648635864,0.8540951013565063,0.3511642813682556
219,0.7713986039161682,0.33902695775032043,0.8230193853378296,0.3208109736442566,0.66749107837677,0.26174575090408325,1.0737521648406982,0.5015590786933899,0.8432077169418335,0.3905324637889862,0.8987897634506226,0.5923484563827515
220,0.6935285925865173,0.38079240918159485,1.0243654251098633,0.42901501059532166,0.86622554063797,0.4961690604686737,1.0153708457946777,0.46385759115219116,0.7177538275718689,0.29019981622695923,1.0374722480773926,0.4604901671409607
221,1.0606930255889893,0.5782397985458374,0.7221863269805908,0.30127382278442383,1.0021049976348877,0.5434978604316711,0.9855659604072571,0.46886834502220154,0.8067099452018738,0.3029211759567261,1.0485328435897827,0.42016279697418213
222,0.7199301719665527,0.2492567002773285,0.960673987865448,0.47361305356025696,0.901781439781189,0.3759135901927948,0.9801586270332336,0.48521360754966736,0.8893821835517883,0.30061957240104675,0.8803316354751587,0.40419435501098633
223,0.8647792935371399,0.29877951741218567,0.9982752799987793,0.45935484766960144,0.7455533742904663,0.32699060440063477,0.8840999603271484,0.34572815895080566,0.9193047285079956,0.3547295928001404,1.0406084060668945,0.5318374633789062
224,0.8240001797676086,0.3790234625339508,1.1391483545303345,0.5902114510536194,0.9660190343856812,0.42004260420799255,0.8517076373100281,0.26008132100105286,0.971237301826477,0.42324891686439514,0.6931567788124084,0.3043253421783447
225,0.9368559122085571,0.42302054166793823,0.7283444404602051,0.4794245958328247,0.9238865971565247,0.3511745035648346,0.7282596826553345,0.4383039176464081,0.9465683102607727,0.478583961725235,1.069624662399292,0.6211348176002502
226,0.8416875600814819,0.40614837408065796,0.8060764074325562,0.399117112159729,0.8824272155761719,0.30368685722351074,0.8459175229072571,0.3340590000152588,1.2243642807006836,0.7414363026618958,0.7943376302719116,0.4088996946811676
227,0.8735834956169128,0.4786555767059326,0.7543467283248901,0.3436436653137207,0.9537283778190613,0.514439046382904,0.878625750541687,0.4615250825881958,0.7684255242347717,0.31744036078453064,1.0645320415496826,0.4997802972793579
228,0.9630780220031738,0.5801096558570862,0.8985381126403809,0.4400257170200348,0.652307391166687,0.23647300899028778,1.0352264642715454,0.6643266081809998,0.8817673921585083,0.364557683467865,0.7911367416381836,0.371601402759552
229,0.7118862271308899,0.305908739566803,1.0160938501358032,0.45357272028923035,0.6989781856536865,0.3213936984539032,0.7724218368530273,0.29762107133865356,0.9376168251037598,0.497188001871109,0.9325116872787476,0.2852611839771271
230,0.7017881274223328,0.25854843854904175,1.1051146984100342,0.5705653429031372,0.8526992797851562,0.3932190537452698,0.8554939031600952,0.3226003348827362,0.9572311639785767,0.39339369535446167,0.7410162091255188,0.4197937250137329
231,0.9235196113586426,0.7080368399620056,0.9128636121749878,0.5195785760879517,1.1805744171142578,0.8672142028808594,0.8245910406112671,0.3362879455089569,0.8295542001724243,0.30363672971725464,1.0349632501602173,0.5004598498344421
232,0.7236491441726685,0.3266485929489136,0.6355694532394409,0.2146952599287033,0.9831281900405884,0.5341810584068298,0.9699091911315918,0.3555236756801605,0.845394492149353,0.4137866199016571,0.7840339541435242,0.29179975390434265
233,0.7782188653945923,0.399690181016922,0.8858598470687866,0.47429409623146057,0.7150706052780151,0.2198423147201538,0.878735363483429,0.2975305914878845,0.9870050549507141,0.41109606623649597,0.7379840612411499,0.2856558561325073
234,0.822041392326355,0.4476313591003418,0.7458556890487671,0.3225128650665283,0.8477319478988647,0.3161904215812683,0.6873317956924438,0.24327726662158966,0.8209210634231567,0.2723929286003113,0.7518529891967773,0.23155690729618073
235,0.8927595019340515,0.5356810688972473,0.773880660533905,0.36264994740486145,0.8683527708053589,0.48480919003486633,0.947991669178009,0.35238319635391235,0.9186107516288757,0.5686230659484863,0.8861047625541687,0.3834427297115326
236,0.7672251462936401,0.2963324785232544,0.830065131187439,0.33537498116493225,0.9781538248062134,0.2848677337169647,0.6970832347869873,0.2402530014514923,0.9243480563163757,0.3896198570728302,0.76917564868927,0.3184753656387329
237,0.6590303182601929,0.20228084921836853,0.9594358205795288,0.4185768663883209,0.8075011372566223,0.48601529002189636,0.8317053914070129,0.28323060274124146,1.0718615055084229,0.39953935146331787,0.8489081263542175,0.28088393807411194
238,0.9401227235794067,0.32164111733436584,0.7926503419876099,0.3348076641559601,0.9469416737556458,0.3390440344810486,0.7754011154174805,0.2137458622455597,1.1966902017593384,0.5106050968170166,0.7622818350791931,0.33819815516471863
239,0.7438915371894836,0.28312620520591736,0.8423201441764832,0.32876354455947876,0.9263186454772949,0.35319602489471436,0.8584319949150085,0.31256383657455444,0.8386315107345581,0.28932705521583557,0.8859758377075195,0.4318763017654419
240,1.0336576700210571,0.5464723110198975,0.9975248575210571,0.47296470403671265,0.9629365801811218,0.3338095545768738,1.0766443014144897,0.5148946046829224,0.935838520526886,0.4142688810825348,0.706434965133667,0.25080588459968567
241,0.7862077951431274,0.3480197489261627,0.8658879399299622,0.2721930146217346,0.6191189289093018,0.16582702100276947,0.7439186573028564,0.24356620013713837,0.7862914204597473,0.26065728068351746,1.0774141550064087,0.47098487615585327
242,1.1050883531570435,0.7121249437332153,1.07931649684906,0.42967116832733154,0.9082356691360474,0.39890798926353455,0.9892280697822571,0.4145805537700653,0.8432533144950867,0.27291467785835266,0.8882821798324585,0.3544585108757019
243,0.8244853019714355,0.3156038522720337,0.7884808778762817,0.3803173005580902,0.9422992467880249,0.43028536438941956,0.9425309896469116,0.5245918035507202,0.8241649866104126,0.36158666014671326,0.778255045413971,0.3079450726509094
244,0.8852834701538086,0.38033154606819153,0.9869697690010071,0.368299275636673,0.7291736602783203,0.2853206396102905,1.0013172626495361,0.46589136123657227,0.8857595324516296,0.27267518639564514,1.0228184461593628,0.49386394023895264
245,0.7629567980766296,0.2732480764389038,0.9342252612113953,0.47291406989097595,0.7194637060165405,0.23376943171024323,0.9353247880935669,0.43306881189346313,1.1732022762298584,0.7088524699211121,0.9771366119384766,0.41946595907211304
246,0.7372229099273682,0.22955715656280518,1.101538062095642,0.4886247217655182,0.7727043032646179,0.36779090762138367,0.8473866581916809,0.3346383571624756,1.0286144018173218,0.35131698846817017,0.8125823140144348,0.2607753872871399
247,0.8463684916496277,0.5644111037254333,0.7544409036636353,0.42609602212905884,0.7236214280128479,0.2678989768028259,1.229125738143921,0.7471728920936584,0.9193035364151001,0.25362569093704224,1.138293981552124,0.6348753571510315
248,0.6464784145355225,0.22382061183452606,0.8385205268859863,0.4731791317462921,0.7347249984741211,0.28247469663619995,0.8595361709594727,0.3904353976249695,1.057835578918457,0.5371196269989014,1.0704333782196045,0.46055757999420166
249,0.8728928565979004,0.5003153681755066,0.9507854580879211,0.5036731958389282,1.0298645496368408,0.8561658263206482,0.817170262336731,0.41207247972488403,0.901570200920105,0.3373778164386749,0.9422714114189148,0.4403228163719177
250,0.9665433168411255,0.4617414176464081,0.8267816305160522,0.2947618365287781,0.7743467092514038,0.29197731614112854,0.8967406153678894,0.5066226720809937,0.8137025833129883,0.2221439927816391,0.7286690473556519,0.17736601829528809
251,0.6524083018302917,0.2759306728839874,0.8822420239448547,0.45117029547691345,0.7156381607055664,0.26920580863952637,0.9040802717208862,0.3057081401348114,0.9910564422607422,0.37128424644470215,1.0897884368896484,0.48968952894210815
252,0.9588589668273926,0.4765797555446625,0.7548346519470215,0.2538836896419525,0.8581169247627258,0.3482901453971863,0.9214479327201843,0.5001562833786011,1.0824470520019531,0.24287664890289307,0.9578006863594055,0.28573301434516907
253,0.8460789918899536,0.4541650414466858,0.8111870884895325,0.27599257230758667,1.0414072275161743,0.7219048738479614,0.6588584184646606,0.1660463958978653,0.9219945669174194,0.31483522057533264,1.0722094774246216,0.49880754947662354
254,0.9897735714912415,0.5007965564727783,0.9745215177536011,0.39063990116119385,0.6365885138511658,0.19940096139907837,0.8404207229614258,0.2929457724094391,1.1596205234527588,0.4936315417289734,0.9238865971565247,0.29529741406440735
255,0.6993427872657776,0.21736711263656616,0.8228362202644348,0.2871397137641907,0.9291032552719116,0.40518200397491455,0.9257062673568726,0.3727424442768097,0.8857475519180298,0.34189629554748535,0.8357704877853394,0.4522867798805237
256,1.008557915687561,0.38146543502807617,0.8867803812026978,0.2498830109834671,0.794323742389679,0.30809757113456726,0.9157039523124695,0.3510221242904663,0.9236289858818054,0.37913012504577637,1.171708106994629,0.39402419328689575
257,0.9953234791755676,0.6031602621078491,0.9654470682144165,0.5062574148178101,0.8665547370910645,0.30059027671813965,1.161119818687439,0.6470662951469421,0.7590945959091187,0.13767556846141815,1.082335114479065,0.4341318905353546
258,1.0736452341079712,0.49251872301101685,1.0002275705337524,0.4660036861896515,0.8858415484428406,0.277929425239563,1.099962592124939,0.4864014685153961,1.0135482549667358,0.3443642854690552,1.3089147806167603,0.6362606287002563
259,0.934933066368103,0.2586250305175781,0.8951713442802429,0.4661003053188324,0.9224179983139038,0.5342598557472229,1.0951145887374878,0.5287894606590271,0.9936536550521851,0.26890236139297485,0.8970018625259399,0.3044610917568207
260,1.057634949684143,0.4705432057380676,0.752986490726471,0.39196598529815674,1.0525236129760742,0.4564274549484253,0.8404492139816284,0.28966453671455383,0.8667828440666199,0.2817649245262146,1.0272289514541626,0.2641660273075104
261,0.7827960848808289,0.31727927923202515,0.8683750033378601,0.3380166292190552,0.9014601707458496,0.40337851643562317,0.706329345703125,0.19845367968082428,0.9458041191101074,0.369560182094574,0.9400457143783569,0.3185825049877167
262,0.9348689913749695,0.39232033491134644,1.0741217136383057,0.48662179708480835,1.1726315021514893,0.6961607933044434,1.110736608505249,0.3519035577774048,0.9936797022819519,0.6384878754615784,1.0061070919036865,0.43208685517311096
263,0.6428190469741821,0.23130236566066742,0.8896903991699219,0.3205361068248749,1.0502288341522217,0.47276365756988525,0.8137732744216919,0.27262040972709656,1.0064796209335327,0.4073210060596466,0.9470186233520508,0.4142492711544037
264,0.9344413876533508,0.2902619540691376,1.0003913640975952,0.4602632522583008,1.1020967960357666,0.4370286464691162,0.7474470734596252,0.36005663871765137,0.8695046305656433,0.3199423849582672,0.9615465998649597,0.4122801721096039
265,0.9917328953742981,0.2871173918247223,0.872433066368103,0.3109036684036255,0.9658316373825073,0.3775131106376648,0.9634946584701538,0.6211583018302917,0.9795126914978027,0.3522023558616638,0.7262536287307739,0.24808403849601746
266,1.2011144161224365,0.7083256244659424,0.9841898083686829,0.34426963329315186,0.9130867719650269,0.36925947666168213,0.9074287414550781,0.35132497549057007,1.095000147819519,0.5703723430633545,0.8264771699905396,0.2375614196062088
267,0.8146748542785645,0.28637900948524475,0.7896116375923157,0.2268163412809372,0.9738088846206665,0.2640874683856964,0.9421274065971375,0.3116954565048218,1.0397346019744873,0.39215630292892456,1.130775809288025,0.36024320125579834
268,0.7796796560287476,0.27173587679862976,0.831799328327179,0.4420735239982605,0.9661971926689148,0.34046557545661926,1.081018090248108,0.3945430517196655,1.0918620824813843,0.4786781370639801,0.7551245093345642,0.3053536117076874
269,1.0045199394226074,0.5120809078216553,1.1443157196044922,0.5397049188613892,0.8424060940742493,0.4346156120300293,0.8449100255966187,0.2609763443470001,0.9902745485305786,0.31388741731643677,1.0809656381607056,0.3839395344257355
270,1.28508460521698,0.650812029838562,0.9429429769515991,0.3220667243003845,0.7585591077804565,0.2850657105445862,1.0581378936767578,0.3620487451553345,0.7669655084609985,0.26505598425865173,0.7921196222305298,0.26621106266975403
271,0.9690209627151489,0.37644317746162415,1.145555019378662,0.3853647708892822,0.9556142687797546,0.33822426199913025,1.2761844396591187,0.4467431306838989,0.9756353497505188,0.34544336795806885,0.910466194152832,0.24325869977474213
272,0.8398258090019226,0.2870807945728302,0.9172436594963074,0.37273970246315,0.6955023407936096,0.19920513033866882,0.9101346135139465,0.39791080355644226,0.8966501951217651,0.36058852076530457,0.8072007298469543,0.4039868712425232
273,0.975245475769043,0.40006986260414124,1.1976141929626465,0.5838726162910461,0.8694430589675903,0.3997911512851715,0.8522934913635254,0.30145174264907837,0.8434599041938782,0.2882806956768036,1.0905771255493164,0.4251711368560791
274,1.0351399183273315,0.24490167200565338,0.9331587553024292,0.4539943337440491,1.2771140336990356,0.5520961880683899,0.9873119592666626,0.4422011077404022,0.954003632068634,0.36770591139793396,0.9882336854934692,0.5241081714630127
275,0.7894994616508484,0.3681504428386688,0.9801271557807922,0.31538861989974976,0.8276338577270508,0.3588757812976837,1.22507905960083,0.5655487179756165,0.8708443641662598,0.23918475210666656,0.9380868673324585,0.44257667660713196
276,0.8196125030517578,0.41377151012420654,0.7598500847816467,0.19512136280536652,0.9998189806938171,0.3908191919326782,1.0000563859939575,0.2761504650115967,0.8096550107002258,0.2145746350288391,0.8913701176643372,0.2993154227733612
277,0.6906208992004395,0.2645081579685211,0.7299615144729614,0.1774722933769226,0.9271847605705261,0.41342708468437195,0.8383026123046875,0.2867433428764343,1.1185147762298584,0.4240553677082062,1.05294930934906,0.47342997789382935
278,1.004349708557129,0.4003979563713074,0.9773879051208496,0.38318321108818054,1.1017425060272217,0.40752366185188293,0.7820636630058289,0.2798139452934265,0.9385369420051575,0.35901743173599243,0.9886670112609863,0.3667905032634735
279,0.928788959980011,0.3693355321884155,0.913582980632782,0.23879700899124146,0.9662668108940125,0.3123418986797333,0.9240835309028625,0.37288594245910645,0.8892046213150024,0.3621424734592438,0.8696761131286621,0.4226680397987366
280,0.7924579381942749,0.20597310364246368,1.0297085046768188,0.4103164076805115,0.8665107488632202,0.34114375710487366,0.9931250810623169,0.5452672839164734,0.8668587803840637,0.23545412719249725,0.8072174191474915,0.20415250957012177
281,0.7325520515441895,0.2377973347902298,0.806849479675293,0.3170212209224701,0.9331051707267761,0.2743556797504425,1.0228970050811768,0.4250623285770416,0.9216920137405396,0.27796268463134766,0.918505072593689,0.2749117910861969
282,1.0423654317855835,0.49650585651397705,0.9646478891372681,0.40352746844291687,0.867941677570343,0.26715460419654846,0.9167882800102234,0.3637222647666931,1.038001298904419,0.5387310981750488,1.0444543361663818,0.35921943187713623
283,0.981458842754364,0.4266307055950165,0.9559229016304016,0.28652799129486084,1.3245880603790283,0.6104421615600586,1.0470173358917236,0.4801240861415863,1.027930498123169,0.3816463351249695,1.1096136569976807,0.4216122031211853
284,0.9342467188835144,0.49113017320632935,0.8381646275520325,0.27961423993110657,0.7450012564659119,0.24403874576091766,0.9647089242935181,0.4532896876335144,0.9752963781356812,0.1833680123090744,0.9497817158699036,0.33251073956489563
285,1.073430061340332,0.3695104122161865,0.9387747645378113,0.3763963580131531,0.8913211822509766,0.3498137891292572,0.9072637557983398,0.3319500684738159,0.7778827548027039,0.26916614174842834,0.8635862469673157,0.27507832646369934
286,1.016257882118225,0.3970816731452942,1.1293281316757202,0.6219577193260193,1.0273874998092651,0.48825618624687195,0.9194580912590027,0.3730083405971527,0.8906116485595703,0.30643725395202637,0.8666043281555176,0.3015008568763733
287,0.971161961555481,0.3731442093849182,1.1267553567886353,0.29647505283355713,0.980993390083313,0.508036732673645,0.8045891523361206,0.2865118682384491,0.7887181043624878,0.2580479383468628,0.9655777812004089,0.43916943669319153
288,1.0340654850006104,0.4612387418746948,1.1301651000976562,0.5364032983779907,0.9863529205322266,0.39000487327575684,1.0778623819351196,0.34816980361938477,0.8328140377998352,0.28841927647590637,1.1105283498764038,0.4840874969959259
289,0.7682458758354187,0.3116888403892517,1.0459778308868408,0.5779483318328857,0.8943400382995605,0.3233189582824707,0.913379967212677,0.2577701807022095,0.9984233975410461,0.27748215198516846,0.8725190162658691,0.2614825963973999
290,0.8240699768066406,0.4236085116863251,0.7122848629951477,0.16298015415668488,0.9528524279594421,0.2938538193702698,1.0377897024154663,0.36487728357315063,1.1830545663833618,0.5012909173965454,0.8182429075241089,0.3251693546772003
291,0.7604752779006958,0.2712215781211853,0.8868316411972046,0.36941856145858765,0.9458180665969849,0.513841450214386,1.0033279657363892,0.553098738193512,0.8337482213973999,0.21551188826560974,0.7332419157028198,0.13964514434337616
292,0.794632613658905,0.25568240880966187,0.988676905632019,0.48493796586990356,0.8682007789611816,0.46896180510520935,0.98285973072052,0.409587562084198,0.937070369720459,0.20358668267726898,1.1803725957870483,0.6228408813476562
293,0.9077828526496887,0.26941782236099243,1.2113072872161865,0.8374770283699036,0.7955571413040161,0.24243272840976715,0.9931844472885132,0.5699753165245056,1.2887736558914185,0.7030801177024841,0.915763258934021,0.46786513924598694
294,0.8214309811592102,0.26405131816864014,1.322951078414917,0.4282192587852478,0.8837987184524536,0.3395169675350189,0.7830847501754761,0.32907962799072266,0.8855041265487671,0.20397037267684937,0.9069021344184875,0.34618890285491943
295,0.7566484212875366,0.2549765408039093,0.9477861523628235,0.30150124430656433,1.0771281719207764,0.5596241354942322,0.8072861433029175,0.24167978763580322,0.9652515649795532,0.31913307309150696,0.8520175814628601,0.22367088496685028
296,0.8927301168441772,0.2295355498790741,0.8882837295532227,0.42036932706832886,0.7199496030807495,0.2395189255475998,0.9602614641189575,0.3472101390361786,0.9535293579101562,0.26886096596717834,0.897842288017273,0.2430666834115982
297,0.9185439944267273,0.4244891107082367,0.8622762560844421,0.2740020155906677,0.773041844367981,0.24501512944698334,1.1292846202850342,0.47442343831062317,0.8981084823608398,0.27701783180236816,0.8546527624130249,0.27842435240745544
298,0.9212067723274231,0.39763301610946655,0.8385409116744995,0.25582417845726013,0.7455176115036011,0.12313726544380188,0.9316712617874146,0.36439672112464905,1.2316595315933228,0.5294003486633301,1.1349719762802124,0.34376949071884155
299,0.8454185724258423,0.20712608098983765,0.9901410341262817,0.32937851548194885,1.0658318996429443,0.7381786704063416,1.0203821659088135,0.3673715591430664,0.9385455846786499,0.3387909531593323,0.7841264605522156,0.2630482316017151
300,0.9803885221481323,0.24636536836624146,1.0134773254394531,0.39791518449783325,0.7250168323516846,0.1644035428762436,0.8250743746757507,0.25491786003112793,0.7513654232025146,0.16623438894748688,0.7803646326065063,0.32004156708717346
301,0.9635855555534363,0.4267069101333618,0.8290241360664368,0.18527954816818237,0.9202449917793274,0.3055790066719055,0.8518718481063843,0.29867273569107056,0.9502690434455872,0.32380449771881104,0.8824251294136047,0.20547962188720703
302,0.9081656336784363,0.5284264087677002,0.8406230807304382,0.23489819467067719,0.8865340352058411,0.3002472519874573,1.0619841814041138,0.4608815014362335,1.2319390773773193,0.45560163259506226,0.8351287841796875,0.2736073136329651
303,0.7445229291915894,0.21705292165279388,0.883050262928009,0.2668602466583252,0.7714513540267944,0.24131274223327637,0.8914707899093628,0.4113505482673645,1.2019118070602417,0.6172935366630554,0.7686173319816589,0.2253756821155548
304,0.9798466563224792,0.4301956593990326,0.8545912504196167,0.3187743127346039,0.7660917043685913,0.2557355761528015,0.9307979345321655,0.2117869257926941,1.1460835933685303,0.45604175329208374,1.0167272090911865,0.4235134422779083
305,0.8954316973686218,0.4394051730632782,0.87196284532547,0.3137384057044983,0.9843613505363464,0.36956605315208435,0.9580210447311401,0.36140957474708557,0.8228492736816406,0.34947359561920166,0.8276157379150391,0.35582074522972107
306,0.7504493594169617,0.32803505659103394,0.6330069303512573,0.09819141030311584,0.9422814249992371,0.29921823740005493,0.791925311088562,0.2663642466068268,1.1194357872009277,0.473206102848053,0.7937706708908081,0.21055924892425537
307,0.7588613033294678,0.3949074447154999,0.9648362994194031,0.305840402841568,0.835344672203064,0.2535771131515503,1.076782464981079,0.44810786843299866,1.0000219345092773,0.3738692104816437,0.7117999792098999,0.11105898022651672
308,0.7874062657356262,0.29298269748687744,0.9401823282241821,0.3014538884162903,0.7956350445747375,0.24584971368312836,1.029853105545044,0.3584972620010376,0.8461099863052368,0.3559061884880066,0.7881075143814087,0.2754471004009247
309,1.0143048763275146,0.31421536207199097,0.7305223345756531,0.22566953301429749,0.8959048986434937,0.27082350850105286,0.9526241421699524,0.2244866043329239,0.9669667482376099,0.27619263529777527,1.2015012502670288,0.44807013869285583
310,0.748121976852417,0.24511457979679108,0.8565300107002258,0.28398242592811584,1.045009732246399,0.5209243893623352,0.8737059831619263,0.2735149562358856,0.952187716960907,0.27727508544921875,0.8964512944221497,0.30441761016845703
311,0.7664956450462341,0.17061950266361237,1.0498793125152588,0.4534035325050354,0.9448053240776062,0.4365856647491455,0.7308288812637329,0.24841171503067017,0.9334303140640259,0.3218314051628113,1.0380173921585083,0.208583265542984
312,0.8182973861694336,0.3226487338542938,0.9885895848274231,0.3504711091518402,0.8215911984443665,0.3600040078163147,0.8692075610160828,0.2897588312625885,0.9407890439033508,0.1953040063381195,0.9532293081283569,0.3981282114982605
313,0.8598284721374512,0.3055493235588074,0.7718629240989685,0.21633577346801758,1.0174134969711304,0.36809149384498596,0.8891901969909668,0.3747367262840271,0.8743041157722473,0.25352412462234497,0.8254187703132629,0.398687481880188
314,0.8020213842391968,0.26055672764778137,0.7740945219993591,0.30854853987693787,0.7812343239784241,0.40692654252052307,1.0704188346862793,0.44576284289360046,0.8016172647476196,0.23228709399700165,0.9855399131774902,0.3645271062850952
315,0.88664311170578,0.3790324926376343,1.0271103382110596,0.32851171493530273,0.9738856554031372,0.3982231914997101,0.9088147878646851,0.3018379211425781,1.0741231441497803,0.3166562616825104,0.8672595024108887,0.24165739119052887
316,0.7568851709365845,0.265230655670166,1.2064323425292969,0.48731112480163574,1.1356713771820068,0.5611953139305115,0.9859305620193481,0.2671838402748108,0.977489173412323,0.2668791115283966,1.0018205642700195,0.31786251068115234
317,0.8179605603218079,0.2439986914396286,0.6832042336463928,0.21125833690166473,0.935605525970459,0.32744184136390686,0.9974745512008667,0.3558638393878937,1.0022627115249634,0.3942175805568695,0.827160656452179,0.27642977237701416
318,0.9486745595932007,0.3132030963897705,0.8572171926498413,0.31626179814338684,1.1116410493850708,0.46989184617996216,0.7996890544891357,0.25178495049476624,0.925578773021698,0.3482622802257538,0.8876878023147583,0.20593996345996857
319,0.851387619972229,0.33103668689727783,0.8624109029769897,0.2211722880601883,0.863638699054718,0.38105353713035583,0.8886666297912598,0.3063174784183502,1.1127052307128906,0.2370854914188385,0.9311065673828125,0.30032995343208313
320,0.7542040944099426,0.24314020574092865,0.8984084129333496,0.23654203116893768,0.8403202295303345,0.3214404881000519,0.9216777682304382,0.2706330716609955,1.0205940008163452,0.34441348910331726,0.8206326365470886,0.23783358931541443
321,0.89544278383255,0.2522153854370117,0.9713843464851379,0.31444981694221497,0.8169868588447571,0.22775103151798248,0.9981763958930969,0.3640873432159424,1.1971566677093506,0.29985514283180237,0.9636061787605286,0.4127799868583679
322,0.8254863023757935,0.26778438687324524,1.2367188930511475,0.6130180358886719,0.7865760326385498,0.2549789547920227,1.1534059047698975,0.3418112099170685,0.9808071851730347,0.26186779141426086,0.9069713354110718,0.33061254024505615
323,0.9531804323196411,0.40239861607551575,1.0619465112686157,0.3196171820163727,0.9315654635429382,0.34597283601760864,0.8730103373527527,0.40131333470344543,0.8210914731025696,0.23791885375976562,0.8413163423538208,0.31869402527809143
324,0.9772979617118835,0.261877179145813,1.0293346643447876,0.2771937847137451,0.8370252847671509,0.3039540946483612,0.8962172269821167,0.26987791061401367,0.8618186712265015,0.19581080973148346,0.8899173736572266,0.278134286403656
325,0.9772258996963501,0.33379071950912476,1.1244927644729614,0.42463183403015137,1.152182936668396,0.5533134341239929,1.0297340154647827,0.25575411319732666,0.9250874519348145,0.2918868660926819,1.0637314319610596,0.5228680372238159
326,0.9913712739944458,0.3641325533390045,0.7702510356903076,0.15693482756614685,0.8516036868095398,0.35810935497283936,1.0940803289413452,0.568859875202179,0.8326529264450073,0.2300741821527481,0.9566782712936401,0.3563622832298279
327,0.9557526707649231,0.441471666097641,1.1150248050689697,0.5402909517288208,0.8955715894699097,0.26094797253608704,0.8399179577827454,0.28729692101478577,0.7947667241096497,0.1986643373966217,1.0147504806518555,0.21911510825157166
328,0.9354445338249207,0.2953247129917145,1.0266010761260986,0.33453044295310974,0.8630084991455078,0.24092507362365723,1.0537283420562744,0.45939749479293823,0.9214560389518738,0.33141443133354187,1.045708417892456,0.503218948841095
329,0.793548583984375,0.2733883559703827,0.7974033355712891,0.23625002801418304,0.7332437038421631,0.18188324570655823,1.0868628025054932,0.39662081003189087,0.7361627221107483,0.18746690452098846,0.9080196619033813,0.3146207928657532
330,0.9310036897659302,0.31180840730667114,0.7973519563674927,0.27651673555374146,0.8348631858825684,0.3029165267944336,0.9249103665351868,0.2533949315547943,0.9434739351272583,0.3690289258956909,0.9474290609359741,0.4856962263584137
331,1.0633747577667236,0.4165068566799164,0.8963407278060913,0.23437851667404175,0.9466717839241028,0.33023712038993835,0.9185787439346313,0.22646771371364594,0.9007666707038879,0.23566363751888275,1.1072651147842407,0.2706422507762909
332,0.803902804851532,0.29047319293022156,1.0091173648834229,0.49038320779800415,0.9262005090713501,0.31018519401550293,0.9585029482841492,0.3605848252773285,1.0285733938217163,0.4391043484210968,0.8397669792175293,0.23197472095489502
333,1.0564883947372437,0.44399887323379517,0.9477226138114929,0.3372296988964081,0.9599494934082031,0.20099790394306183,0.8866063952445984,0.30044296383857727,0.9131839871406555,0.34079933166503906,1.049729824066162,0.21254870295524597
334,0.8833758234977722,0.3437201678752899,0.9365218281745911,0.24616649746894836,1.1444169282913208,0.3831233084201813,0.7251594662666321,0.18628042936325073,0.9129422903060913,0.3316993713378906,0.9702374339103699,0.3726634383201599
335,0.8885406255722046,0.29145747423171997,0.7870680093765259,0.2099284529685974,0.7350407838821411,0.18768827617168427,0.8667551875114441,0.20584669709205627,0.8188312649726868,0.15763592720031738,0.785903811454773,0.26333367824554443
336,0.8109639286994934,0.24917808175086975,0.8815346956253052,0.32620975375175476,0.9047415852546692,0.2707231044769287,0.8791052103042603,0.27741914987564087,0.8178521990776062,0.16281640529632568,0.7993825078010559,0.35130658745765686
337,0.7484289407730103,0.22438925504684448,0.9067295789718628,0.4502880573272705,0.9117400050163269,0.2299233376979828,0.9233754277229309,0.3676275908946991,1.0162193775177002,0.3389497399330139,1.059005618095398,0.30534255504608154
338,0.8826578855514526,0.4345236122608185,1.0304768085479736,0.3552514612674713,0.9617236256599426,0.3310270607471466,0.8600322604179382,0.2711646258831024,0.9146679639816284,0.34547945857048035,0.8716103434562683,0.270572304725647
339,0.6942819356918335,0.148792564868927,1.0787575244903564,0.2771182358264923,0.9070842862129211,0.40440914034843445,1.0346481800079346,0.3036678731441498,0.8826637268066406,0.3281199336051941,0.8883215188980103,0.308403342962265
340,0.9913007616996765,0.36664801836013794,0.7737824320793152,0.23457959294319153,0.9062772989273071,0.2768736183643341,0.8900226354598999,0.23373004794120789,0.893011748790741,0.2463061660528183,1.0611679553985596,0.580109715461731
341,1.0246589183807373,0.22679157555103302,0.9698028564453125,0.33393505215644836,0.7322989702224731,0.16263872385025024,0.8939465284347534,0.3481830358505249,0.9422785639762878,0.2367337942123413,0.8271737098693848,0.13274019956588745
342,0.8558202981948853,0.26545631885528564,1.0052341222763062,0.3693975806236267,0.8528614044189453,0.20204703509807587,0.9712302088737488,0.3386818766593933,0.8576335906982422,0.167448028922081,1.0585318803787231,0.25145670771598816
343,0.8536609411239624,0.34035804867744446,0.8949469327926636,0.24351485073566437,0.8136630058288574,0.2181057333946228,0.9810269474983215,0.3311006724834442,0.8369612693786621,0.2041121870279312,0.9182115793228149,0.33749920129776
344,0.8619368672370911,0.23568086326122284,0.8925193548202515,0.3094331622123718,0.8933566808700562,0.31559455394744873,0.8190711140632629,0.26094257831573486,0.837541937828064,0.2748071253299713,0.8260682821273804,0.21069198846817017
345,0.8179360628128052,0.2945156395435333,0.913404643535614,0.273632287979126,1.0632442235946655,0.3792003095149994,1.0322779417037964,0.20555880665779114,0.8209714889526367,0.2158239632844925,0.7203075885772705,0.21432775259017944
346,0.8729193806648254,0.34157419204711914,0.9434267282485962,0.30498576164245605,0.9975025057792664,0.3895009160041809,1.2626410722732544,0.2867768406867981,0.8842846751213074,0.23692834377288818,1.0882227420806885,0.3791891932487488
347,1.0329210758209229,0.38216474652290344,0.9506698846817017,0.4578954875469208,0.8713148832321167,0.24481675028800964,0.7922229766845703,0.17349693179130554,0.8047729730606079,0.1939850002527237,0.8558312654495239,0.2244362235069275
348,0.9221745729446411,0.23292812705039978,0.9583252668380737,0.3658418655395508,0.9490965604782104,0.4985620975494385,1.0771539211273193,0.3043097257614136,0.6943609118461609,0.1721726357936859,0.6804786920547485,0.13130511343479156
349,0.9947543144226074,0.3883662223815918,0.9255914688110352,0.35255157947540283,0.9048880338668823,0.24051624536514282,0.9070008993148804,0.2504926025867462,0.941835880279541,0.35340768098831177,0.9244052767753601,0.3010624349117279
350,0.972405731678009,0.3130985498428345,0.9133127331733704,0.2896009683609009,0.8363738059997559,0.2090444713830948,0.886273205280304,0.2927207946777344,0.7703520059585571,0.1751326024532318,0.8570477366447449,0.26612553000450134
351,0.8046889305114746,0.1759059876203537,1.0097925662994385,0.2717449367046356,0.8805772662162781,0.2700898349285126,0.9991300702095032,0.22757194936275482,1.0274748802185059,0.5524500012397766,1.078542709350586,0.4751613736152649
352,0.7669440507888794,0.16205525398254395,1.047151803970337,0.30883464217185974,0.7957838773727417,0.24846777319908142,1.0712103843688965,0.3798917829990387,1.181809663772583,0.4467788338661194,1.095501184463501,0.41596803069114685
353,0.8368544578552246,0.28798621892929077,0.8097610473632812,0.2368532121181488,0.8681772947311401,0.2525313198566437,0.7778545022010803,0.2367582768201828,0.9026067852973938,0.3154178857803345,0.8688820600509644,0.2288389354944229
354,0.9274944067001343,0.3988450765609741,0.9235533475875854,0.345856636762619,0.9896689653396606,0.2012951523065567,0.9267789721488953,0.1578672230243683,0.8905658721923828,0.2576174736022949,0.8319555521011353,0.2864872217178345
355,0.9233468770980835,0.22271095216274261,1.0863533020019531,0.3622816801071167,0.8244331479072571,0.2341080754995346,0.9194328188896179,0.2346513569355011,1.011630892753601,0.30496761202812195,1.0969202518463135,0.4123995900154114
356,0.9888347387313843,0.24892249703407288,0.8736124038696289,0.3764905631542206,0.8514589071273804,0.20075568556785583,0.947596549987793,0.23920144140720367,0.8024873733520508,0.22019077837467194,0.9329694509506226,0.4278271794319153
357,0.801935076713562,0.2969183325767517,1.1518820524215698,0.3569016456604004,0.851413369178772,0.28175610303878784,0.887701690196991,0.28972357511520386,0.9395619630813599,0.43531084060668945,0.8227723836898804,0.17380523681640625
358,0.8763602375984192,0.3599531352519989,1.1842241287231445,0.48574164509773254,0.8467418551445007,0.3082580268383026,0.7989384531974792,0.15435627102851868,0.8945571184158325,0.185080885887146,0.8560347557067871,0.22032669186592102
359,0.9239460825920105,0.40062952041625977,1.018243670463562,0.31761273741722107,0.9999642372131348,0.28189757466316223,0.8447834253311157,0.16747213900089264,0.7597726583480835,0.18665902316570282,0.9606372117996216,0.2775366008281708
360,0.7445972561836243,0.20579835772514343,0.8146439790725708,0.21103253960609436,0.9368596076965332,0.2940868139266968,0.9070203900337219,0.33497875928878784,0.8121245503425598,0.22612585127353668,0.9011954069137573,0.17680829763412476
361,0.8589639663696289,0.23576168715953827,0.9006574749946594,0.3677555322647095,0.9736229777336121,0.40110063552856445,0.9416101574897766,0.2847946286201477,0.9069167971611023,0.24370747804641724,1.015333890914917,0.5414850115776062
362,0.8891693353652954,0.45300576090812683,1.1437101364135742,0.35221436619758606,0.9215376973152161,0.34484583139419556,0.9697410464286804,0.28038424253463745,0.8892925381660461,0.3217252492904663,0.9682415723800659,0.3392299711704254
363,0.95039302110672,0.37677860260009766,0.9895903468132019,0.49015456438064575,1.0093885660171509,0.46111130714416504,0.8958641886711121,0.2694181501865387,0.9126078486442566,0.25086715817451477,0.9197871088981628,0.2578832507133484
364,0.9768813848495483,0.36357417702674866,1.1030519008636475,0.33388394117355347,0.8447843790054321,0.26364126801490784,0.902253270149231,0.2554858326911926,0.9112579226493835,0.2516668736934662,0.849695086479187,0.18399935960769653
365,1.022623062133789,0.24501430988311768,0.8399451375007629,0.2569192349910736,0.9955404996871948,0.32472413778305054,0.9109058380126953,0.2988547682762146,0.8919488787651062,0.2527957856655121,0.8024061322212219,0.2249072939157486
366,1.0727226734161377,0.46363013982772827,0.8527712821960449,0.24953028559684753,1.0438249111175537,0.23438796401023865,0.7659553289413452,0.285006046295166,0.7350738048553467,0.24283340573310852,1.005774736404419,0.35730332136154175
367,0.7981070280075073,0.18846334517002106,0.9491029977798462,0.28649839758872986,1.0005189180374146,0.31967073678970337,0.913441002368927,0.39127394556999207,0.843375563621521,0.23438051342964172,0.9126325845718384,0.20805391669273376
368,0.8174866437911987,0.28449341654777527,0.792665421962738,0.18713024258613586,1.0490295886993408,0.4412766993045807,0.7721785306930542,0.2294943481683731,0.8311756253242493,0.230719655752182,0.9869070053100586,0.4485911726951599
369,0.8991140127182007,0.34944358468055725,0.8083656430244446,0.16741883754730225,1.001206398010254,0.2521020770072937,1.0648025274276733,0.2918200194835663,0.8353124856948853,0.2137877196073532,0.9677335023880005,0.25137531757354736
370,0.8452617526054382,0.286384642124176,0.9309177398681641,0.24392490088939667,0.8520859479904175,0.3255191445350647,0.8770157098770142,0.1842467188835144,0.8885809183120728,0.28068265318870544,0.9994762539863586,0.3366759121417999
371,0.8819435238838196,0.24555690586566925,0.8641258478164673,0.3021145164966583,0.7639997005462646,0.1860610693693161,0.8614856004714966,0.29524093866348267,0.6975803375244141,0.13588276505470276,0.7387993335723877,0.2710273265838623
372,0.830954372882843,0.24846573173999786,0.8015538454055786,0.2632347643375397,0.9722003936767578,0.2027071714401245,0.8642805218696594,0.1815146505832672,0.9308387637138367,0.33091801404953003,0.8660784959793091,0.28556859493255615
373,0.7513687014579773,0.30903372168540955,0.7099536061286926,0.1851302981376648,1.0451762676239014,0.3021999001502991,0.9435162544250488,0.32989293336868286,0.9049390554428101,0.3748086094856262,0.8130168914794922,0.16750487685203552
374,0.896642804145813,0.2711377441883087,0.8973142504692078,0.2784436345100403,0.8657360076904297,0.1989876627922058,0.9563719034194946,0.34026268124580383,0.9764083027839661,0.27223658561706543,0.9056359529495239,0.21803157031536102
375,0.8076731562614441,0.24542619287967682,0.9635980725288391,0.31494563817977905,0.9127210378646851,0.29964107275009155,0.921279788017273,0.356600284576416,0.8755022287368774,0.24909503757953644,0.769782304763794,0.3367048501968384
376,1.033033847808838,0.3586171865463257,0.9460945129394531,0.3935675323009491,0.9426289796829224,0.26792362332344055,0.8211253881454468,0.22781206667423248,0.8104095458984375,0.19946204125881195,0.7833558917045593,0.18113817274570465
377,1.0012578964233398,0.41360169649124146,0.886888325214386,0.34920600056648254,0.89324951171875,0.2760438919067383,0.8531187176704407,0.282118022441864,0.9062212705612183,0.5088949203491211,0.8554689288139343,0.20463614165782928
378,0.9117635488510132,0.3533641993999481,0.9653376340866089,0.46645650267601013,0.9360893964767456,0.2976607084274292,1.0293577909469604,0.4502795338630676,0.8600783348083496,0.23171021044254303,0.8939282298088074,0.3003201186656952
379,0.8886623382568359,0.26100394129753113,0.9267823100090027,0.23956821858882904,0.8589483499526978,0.18760351836681366,1.0120207071304321,0.28243497014045715,0.8512158393859863,0.21929246187210083,0.8027439117431641,0.2568550407886505
380,0.745513379573822,0.20322094857692719,0.9477785229682922,0.3006094694137573,0.9936155080795288,0.2040979415178299,0.869316577911377,0.20336727797985077,0.7839497327804565,0.17119774222373962,0.8370212316513062,0.29647937417030334
381,0.8904415965080261,0.20455840229988098,1.0248712301254272,0.38256317377090454,0.8451163172721863,0.1712009161710739,0.8504948616027832,0.24492207169532776,0.8227138519287109,0.2643711566925049,0.9573154449462891,0.3385424315929413
382,0.8541749715805054,0.14024975895881653,0.9493265151977539,0.4144984185695648,0.8823415637016296,0.29478687047958374,1.2513841390609741,0.39887726306915283,0.9128948450088501,0.25840306282043457,0.9008089303970337,0.28998249769210815
383,0.8577593564987183,0.2918802797794342,0.8381277918815613,0.20894616842269897,1.015470266342163,0.3872774839401245,0.9000948071479797,0.26109710335731506,0.9912906885147095,0.17648597061634064,0.8540088534355164,0.2532773017883301
384,0.8096519708633423,0.18116545677185059,0.9876200556755066,0.277803897857666,0.8877972364425659,0.2568548619747162,0.9851852655410767,0.3438614010810852,0.9475218057632446,0.23631927371025085,0.8489981889724731,0.2993927299976349
385,0.8621013760566711,0.24253131449222565,0.8651130795478821,0.2533985376358032,0.8677557110786438,0.1857319176197052,0.771846354007721,0.18760715425014496,0.7366337776184082,0.14625027775764465,0.8924916386604309,0.30573442578315735
386,0.8650984764099121,0.23186691105365753,0.792608380317688,0.22291229665279388,0.8498842120170593,0.2753206789493561,0.9955991506576538,0.278812438249588,0.7519251108169556,0.2213081419467926,0.8840047717094421,0.31497594714164734
387,1.037780523300171,0.4680279791355133,0.9515652656555176,0.12381920218467712,0.9249916076660156,0.27399128675460815,0.7686341404914856,0.2500301003456116,0.8996572494506836,0.3447916805744171,0.8090683817863464,0.14569896459579468
388,0.8491897583007812,0.2521224915981293,0.9611133337020874,0.3754294514656067,0.9211288690567017,0.288814514875412,0.9971088171005249,0.21739184856414795,0.8534106016159058,0.15594542026519775,0.9793001413345337,0.2933369278907776
389,0.6858722567558289,0.14173771440982819,0.8707871437072754,0.3204615116119385,1.098353624343872,0.4033606946468353,0.926181972026825,0.2504066228866577,0.8579736948013306,0.11764775961637497,0.7874165773391724,0.230355903506279
390,0.8160393834114075,0.23895975947380066,0.9782463908195496,0.2675827741622925,1.085633397102356,0.25862547755241394,0.9325318336486816,0.14896786212921143,0.7844661474227905,0.08806999027729034,0.883917510509491,0.49915918707847595
391,0.7445366382598877,0.22325274348258972,0.9569463729858398,0.32583868503570557,1.0365393161773682,0.28834810853004456,0.8645231127738953,0.330678790807724,0.7775943875312805,0.12278704345226288,0.8769351243972778,0.24199999868869781
392,0.7064284086227417,0.19228234887123108,0.9634371995925903,0.4612298011779785,0.8810890913009644,0.32311633229255676,0.792900562286377,0.2112671136856079,0.8368156552314758,0.1536480188369751,0.8837920427322388,0.24703136086463928
393,0.7410577535629272,0.1798027604818344,0.8885707855224609,0.17902681231498718,0.9521840214729309,0.22890155017375946,0.9133160710334778,0.2522791624069214,0.9558807611465454,0.2673834562301636,1.1800553798675537,0.43194469809532166
394,0.8285515904426575,0.2215529978275299,0.8785982131958008,0.3064458668231964,0.8198980093002319,0.19405204057693481,0.9434129595756531,0.23017363250255585,0.7559103965759277,0.17661111056804657,0.8481157422065735,0.3323556184768677
395,1.004084825515747,0.31845930218696594,0.9439812898635864,0.37476563453674316,1.0159820318222046,0.3983030319213867,0.898626446723938,0.29193171858787537,0.9068441390991211,0.23677970468997955,0.9454715847969055,0.3140288293361664
396,0.7853599786758423,0.25851601362228394,0.8235527873039246,0.20981614291667938,0.8958738446235657,0.31702256202697754,0.9931795001029968,0.2294691652059555,0.8588663339614868,0.12330406904220581,0.8257403373718262,0.2792193293571472
397,0.8162070512771606,0.17591527104377747,0.9867861866950989,0.2848164141178131,0.9035300016403198,0.2523482143878937,0.8062418103218079,0.27845489978790283,0.8145465850830078,0.2538958489894867,0.9440328478813171,0.20309098064899445
398,0.7383100986480713,0.20386344194412231,1.0527381896972656,0.3666008412837982,0.949255645275116,0.3337876796722412,0.7731274366378784,0.1939024180173874,0.7640259861946106,0.1668655276298523,0.87775719165802,0.26693224906921387
399,0.8001770973205566,0.15783873200416565,0.9509809613227844,0.2816937565803528,0.9682123064994812,0.2085341066122055,0.9551273584365845,0.3408578932285309,0.8163412809371948,0.2236030101776123,0.8221696615219116,0.3473746180534363
400,0.825863242149353,0.28986236453056335,0.9336921572685242,0.17756028473377228,0.9564000964164734,0.2339676171541214,0.8787808418273926,0.21938785910606384,0.7601786255836487,0.1313643753528595,0.6898613572120667,0.12885092198848724
401,0.7478439211845398,0.20706354081630707,0.9334836006164551,0.3423331379890442,0.7783417701721191,0.18404796719551086,0.8719925880432129,0.1629655808210373,0.7295836210250854,0.18464289605617523,0.7764010429382324,0.19161993265151978
402,0.6632611155509949,0.139600470662117,0.7855530977249146,0.29250022768974304,0.8541699647903442,0.1894543170928955,0.9592728614807129,0.21041013300418854,0.7282058000564575,0.170608788728714,0.9258943796157837,0.21848681569099426
403,0.729403018951416,0.1801663041114807,0.9416166543960571,0.3229151964187622,0.9452767372131348,0.2552923858165741,0.9182302355766296,0.3209286034107208,0.847770094871521,0.4130975604057312,0.9413612484931946,0.3716229796409607
404,0.7985440492630005,0.26111817359924316,1.0153108835220337,0.2644767165184021,0.9238670468330383,0.30949702858924866,0.9025331735610962,0.23967638611793518,0.9926850199699402,0.18145856261253357,0.9537080526351929,0.24094906449317932
405,0.8066710233688354,0.22548605501651764,0.984228253364563,0.23680379986763,0.7937917709350586,0.2613605856895447,0.750120222568512,0.14372901618480682,0.8853083848953247,0.3042602241039276,0.8721650838851929,0.34106263518333435
406,0.6934428811073303,0.22116170823574066,1.0161465406417847,0.2412814050912857,1.0419858694076538,0.37962913513183594,0.7670231461524963,0.15086917579174042,0.8067008256912231,0.14056506752967834,0.7609943747520447,0.2147790789604187
407,0.8197170495986938,0.24701844155788422,0.8629921674728394,0.24576760828495026,0.8300834894180298,0.18147875368595123,0.8548731803894043,0.2308843433856964,0.9716865420341492,0.34428611397743225,0.9145498275756836,0.3445567190647125
408,0.834926962852478,0.260465532541275,0.8424456715583801,0.24206261336803436,0.9489597082138062,0.21936926245689392,0.7225215435028076,0.18017242848873138,0.8674758076667786,0.21755287051200867,0.9579263925552368,0.25824710726737976
409,1.0170238018035889,0.44192397594451904,0.9611126780509949,0.4017848074436188,0.9313141107559204,0.27173998951911926,0.9717594385147095,0.2731950879096985,0.7658119797706604,0.14572347700595856,0.9023805856704712,0.31396952271461487
410,0.9095767736434937,0.28839629888534546,0.7763710618019104,0.13741184771060944,0.9261966943740845,0.29858794808387756,0.919704258441925,0.23457808792591095,0.8601899147033691,0.32245925068855286,0.6914479732513428,0.21821974217891693
411,0.8207412958145142,0.2177850306034088,0.8622826337814331,0.20294128358364105,0.8965550661087036,0.30921873450279236,1.039750337600708,0.3055849075317383,0.7950044870376587,0.23228870332241058,0.9103564023971558,0.2211093157529831
412,0.8439778089523315,0.2804621756076813,0.914781928062439,0.2168130725622177,0.8861048817634583,0.20236451923847198,0.8336387872695923,0.15246202051639557,0.7814531326293945,0.17066042125225067,0.9074548482894897,0.35821592807769775
413,0.8942844271659851,0.23595812916755676,0.9848828315734863,0.24447621405124664,0.9963037371635437,0.28987860679626465,0.7372620105743408,0.15327441692352295,0.7935330867767334,0.2201782912015915,0.9501506686210632,0.39966854453086853
414,1.0649502277374268,0.49530312418937683,0.8496971130371094,0.2183004468679428,1.0553252696990967,0.21355584263801575,0.8642699122428894,0.275068074464798,0.6958469152450562,0.19832944869995117,0.8479338884353638,0.1927509903907776
415,0.8468753099441528,0.16736453771591187,0.8995075225830078,0.3349977433681488,0.8962429165840149,0.19049572944641113,0.9091313481330872,0.2025405317544937,0.7507885694503784,0.1200203150510788,0.902100682258606,0.22519107162952423
416,0.8330687284469604,0.19851712882518768,0.79944908618927,0.1637515127658844,0.9116324186325073,0.3336625099182129,0.7801926732063293,0.13284294307231903,0.7883728742599487,0.17117094993591309,0.7679269909858704,0.1431821584701538
417,0.6535879373550415,0.17547400295734406,0.7393218278884888,0.15505537390708923,0.8321544528007507,0.15915007889270782,0.9352614283561707,0.36001819372177124,0.803099513053894,0.20878909528255463,0.8483251333236694,0.20471620559692383
418,0.9247228503227234,0.2721612751483917,0.8076330423355103,0.17216432094573975,0.7569040060043335,0.19488529860973358,0.8477171063423157,0.2997492849826813,0.747390627861023,0.16961567103862762,0.7591596245765686,0.18586896359920502
419,0.8143925666809082,0.22138449549674988,0.9170201420783997,0.29557767510414124,0.9115403294563293,0.1951923817396164,0.7938324213027954,0.17285023629665375,0.8413671255111694,0.29282084107398987,0.6758479475975037,0.09972567111253738
420,0.7781186103820801,0.21679142117500305,0.7766987681388855,0.26225385069847107,0.7793542146682739,0.09064637869596481,0.7478918433189392,0.12159878760576248,0.932827353477478,0.31214895844459534,0.9072340726852417,0.29313960671424866
421,0.8137068748474121,0.1854357272386551,0.9194005727767944,0.5405502319335938,0.948675274848938,0.2487829029560089,0.9187959432601929,0.19111044704914093,0.8483672142028809,0.18901899456977844,0.6502466201782227,0.14218896627426147
422,0.9542313814163208,0.4306160807609558,0.9157133102416992,0.24765978753566742,0.7767502069473267,0.16426485776901245,0.8462312817573547,0.2862037420272827,0.912392795085907,0.37291795015335083,1.053680658340454,0.3619016706943512
423,0.8091198205947876,0.20760636031627655,0.9539977312088013,0.24247266352176666,0.9328583478927612,0.2159663736820221,0.8748031854629517,0.25985264778137207,0.8109833598136902,0.36152732372283936,0.6739503741264343,0.18588653206825256
424,0.8970905542373657,0.20575198531150818,1.0031111240386963,0.3076920509338379,0.9520082473754883,0.17917856574058533,0.6925561428070068,0.1518930345773697,0.6958572268486023,0.13810275495052338,0.8955289721488953,0.3150463402271271
425,0.8849979639053345,0.4017883539199829,0.8910527229309082,0.2669130563735962,0.8360881805419922,0.21636196970939636,0.7786260843276978,0.3152104318141937,0.8325321078300476,0.41467708349227905,0.8127524256706238,0.15388917922973633
426,1.0094726085662842,0.33889034390449524,0.8824429512023926,0.27793049812316895,0.8371901512145996,0.18834328651428223,0.7745370864868164,0.2507022023200989,0.7566249966621399,0.1857660561800003,0.9136654138565063,0.26286226511001587
427,0.8225194811820984,0.21480464935302734,0.7267572283744812,0.15028542280197144,0.9993462562561035,0.3245207667350769,0.8728843927383423,0.34006547927856445,0.8592950105667114,0.2063075453042984,0.7708112001419067,0.225086510181427
428,0.8564313054084778,0.25971314311027527,0.8739038705825806,0.170930415391922,0.8149741291999817,0.22444301843643188,0.8192253112792969,0.16237550973892212,0.8090077638626099,0.16359806060791016,0.9018999338150024,0.22939743101596832
429,0.6897673010826111,0.2026435136795044,0.7937220335006714,0.19173619151115417,0.8453658223152161,0.15486468374729156,0.8303801417350769,0.2602219879627228,0.7494067549705505,0.17675639688968658,0.9307941198348999,0.20944413542747498
430,0.7736097574234009,0.20491303503513336,0.879307746887207,0.37877944111824036,0.7475129961967468,0.21675561368465424,0.9232380986213684,0.3129715919494629,0.815987229347229,0.17036432027816772,0.7937517166137695,0.2529521584510803
431,0.8386605381965637,0.2546306848526001,0.8656500577926636,0.32241034507751465,1.1022602319717407,0.22473353147506714,0.989535927772522,0.4232540428638458,0.855609118938446,0.3473831117153168,0.900996208190918,0.31461670994758606
432,0.7097421884536743,0.16598831117153168,0.8454469442367554,0.1798735409975052,0.9131165742874146,0.42856577038764954,0.79680335521698,0.23356257379055023,0.7818943858146667,0.11314473301172256,0.8196911811828613,0.20073442161083221
433,0.6744008660316467,0.11866065114736557,1.0193321704864502,0.27721521258354187,0.7901775240898132,0.21211984753608704,0.9183232188224792,0.18892334401607513,0.7782883644104004,0.10549482703208923,0.9070420265197754,0.2163189798593521
434,0.8045855760574341,0.1517115831375122,0.8965973854064941,0.321140855550766,0.9894282221794128,0.26354867219924927,0.7904605269432068,0.2005632370710373,0.7678298354148865,0.127780482172966,0.9651209712028503,0.33844074606895447
435,0.8978131413459778,0.2716103494167328,0.754474401473999,0.14707273244857788,0.8228432536125183,0.28417614102363586,0.8803651928901672,0.27302661538124084,0.7050820589065552,0.15624244511127472,0.8617059588432312,0.276357501745224
436,0.7877646684646606,0.2322387546300888,0.8472447395324707,0.24155358970165253,0.8132373094558716,0.23683899641036987,0.8858124613761902,0.3310644328594208,0.8502643704414368,0.2626327872276306,0.7858505249023438,0.13210837543010712
437,0.7734206318855286,0.12656371295452118,0.9791108965873718,0.3942581117153168,0.8596908450126648,0.23743051290512085,0.8210330009460449,0.1942584216594696,0.7803023457527161,0.22923590242862701,0.8009099960327148,0.1446077972650528
438,0.794363796710968,0.2598448395729065,0.8411234021186829,0.28567972779273987,0.886755645275116,0.24964046478271484,0.9732014536857605,0.3038088083267212,0.7427313923835754,0.15758845210075378,0.9612231254577637,0.35967737436294556
439,0.8325375318527222,0.2562851309776306,0.9085235595703125,0.38466572761535645,0.9451063275337219,0.24857710301876068,0.7925420999526978,0.19375263154506683,0.7585014700889587,0.15699249505996704,0.8419979810714722,0.23795375227928162
440,0.7052728533744812,0.1801128089427948,0.7812513113021851,0.2826017737388611,0.87745600938797,0.23499047756195068,0.7590764760971069,0.10422728210687637,0.9259045720100403,0.30430173873901367,0.7731665372848511,0.24061402678489685
441,0.7286312580108643,0.24108566343784332,0.7884490489959717,0.1716933250427246,1.0200929641723633,0.44989222288131714,0.7961753606796265,0.16227136552333832,0.802831768989563,0.20621128380298615,0.9037982225418091,0.27993735671043396
442,0.8017948865890503,0.18302924931049347,0.865699291229248,0.26529377698898315,0.9009021520614624,0.333217591047287,0.8626006245613098,0.26705223321914673,0.880610466003418,0.23219110071659088,0.8118036985397339,0.17094837129116058
443,0.9579547643661499,0.43446025252342224,0.7409555315971375,0.17441518604755402,0.8940593600273132,0.33004292845726013,0.8468817472457886,0.22696244716644287,0.676116943359375,0.11898665875196457,0.7660424709320068,0.2196330428123474
444,0.820620059967041,0.15547402203083038,0.9096876382827759,0.30570361018180847,0.7829793691635132,0.1306883692741394,0.8837292790412903,0.22132959961891174,0.8442618250846863,0.23697911202907562,0.9446303248405457,0.24971535801887512
445,0.718753457069397,0.19925454258918762,0.8813344240188599,0.28983551263809204,0.7569157481193542,0.1650199443101883,0.7739619016647339,0.11192552000284195,0.7002038359642029,0.17562326788902283,0.8900521993637085,0.23969106376171112
446,0.7596143484115601,0.1866019070148468,0.8098317384719849,0.29585644602775574,0.828710675239563,0.23731060326099396,0.709786593914032,0.11996375769376755,0.7732172012329102,0.18185093998908997,0.7393099069595337,0.15657630562782288
447,0.85942542552948,0.2280554473400116,0.9233945608139038,0.3826698660850525,0.8156750798225403,0.2571501135826111,0.8567903637886047,0.1880740523338318,0.720024049282074,0.1790570318698883,0.7961919903755188,0.29561787843704224
448,0.9576364755630493,0.2492639124393463,0.8173400163650513,0.24931000173091888,0.7544888257980347,0.13018250465393066,0.7451242804527283,0.19516156613826752,0.7355285286903381,0.30747562646865845,0.7966585159301758,0.1810743361711502
449,0.792604386806488,0.13540959358215332,0.839103102684021,0.10613610595464706,0.8551325798034668,0.17158028483390808,0.9483909606933594,0.29799699783325195,0.6272493600845337,0.13751612603664398,1.0022722482681274,0.37897706031799316
450,0.7476106882095337,0.2602049708366394,0.7580486536026001,0.232314333319664,0.921284019947052,0.26778265833854675,0.7849987149238586,0.25529757142066956,0.8117680549621582,0.24108946323394775,0.7644839286804199,0.2843729853630066
451,1.004836916923523,0.26779937744140625,0.7473921775817871,0.2209601253271103,0.8444378972053528,0.23931510746479034,0.8367061614990234,0.21318084001541138,0.6974858045578003,0.1779365837574005,0.9353488683700562,0.34428784251213074
452,0.7578796148300171,0.267527312040329,0.7044399976730347,0.14563153684139252,0.8603270649909973,0.31870123744010925,0.6808183789253235,0.14392034709453583,0.7736972570419312,0.22879216074943542,0.6980272531509399,0.1849600225687027
453,0.7371376752853394,0.281057208776474,0.852441668510437,0.20204289257526398,0.8610669374465942,0.2864789068698883,0.8684428930282593,0.29475951194763184,0.9794637560844421,0.29370296001434326,0.8191626667976379,0.17674434185028076
454,0.8958446383476257,0.24820677936077118,0.8746004104614258,0.234988734126091,0.7905258536338806,0.23687425255775452,0.9305044412612915,0.13336125016212463,0.8771293759346008,0.24280308187007904,0.9554644823074341,0.2983725070953369
455,0.6812264323234558,0.12405621260404587,0.83714759349823,0.16132889688014984,0.8462966084480286,0.10505622625350952,0.8509764671325684,0.2926684319972992,0.8419805765151978,0.23904195427894592,0.7096580862998962,0.10718273371458054
456,0.9144046902656555,0.35410451889038086,0.9101680517196655,0.17433485388755798,0.8428525924682617,0.275604248046875,0.8462715148925781,0.25828588008880615,0.6832064986228943,0.13518807291984558,0.882048487663269,0.2351492941379547
457,0.9046326875686646,0.3348771631717682,0.7225246429443359,0.13640332221984863,0.8457735776901245,0.1500139683485031,0.7174187302589417,0.15466979146003723,0.8037659525871277,0.22210465371608734,0.7862117886543274,0.23148827254772186
458,0.8107143640518188,0.26760223507881165,0.751254141330719,0.14027361571788788,0.9078658819198608,0.19445574283599854,0.8685234189033508,0.32145020365715027,0.8555499911308289,0.26013243198394775,0.8161738514900208,0.20403268933296204
459,0.725115180015564,0.21302692592144012,0.9709491729736328,0.19142070412635803,0.7958264350891113,0.18706409633159637,0.996254563331604,0.3269664943218231,0.734027087688446,0.19013027846813202,0.7880129814147949,0.27417466044425964
460,0.9028351902961731,0.18923290073871613,0.9619290232658386,0.3825269043445587,0.8154261708259583,0.23834089934825897,0.8431642651557922,0.2099115550518036,0.7831887006759644,0.19071254134178162,0.8471139073371887,0.21305665373802185
461,0.7947839498519897,0.2934173345565796,0.9071340560913086,0.29651811718940735,0.8436485528945923,0.22824925184249878,0.8711937665939331,0.13905014097690582,0.8268173933029175,0.20013387501239777,0.7083809971809387,0.15873706340789795
462,0.9093748331069946,0.2501330077648163,0.7150996923446655,0.20104001462459564,0.9390498995780945,0.43343645334243774,0.7561241388320923,0.128716841340065,0.764867901802063,0.1861051619052887,0.7433980703353882,0.1641511172056198
463,0.7575787305831909,0.1301812380552292,0.8656250834465027,0.24460037052631378,0.8597120046615601,0.21016374230384827,0.8024986386299133,0.3094276785850525,0.8654085993766785,0.22898508608341217,0.7244992256164551,0.11538536846637726
464,0.8283571004867554,0.384200781583786,0.8333562016487122,0.241453617811203,0.7472917437553406,0.25091037154197693,0.705113410949707,0.14880305528640747,0.8196571469306946,0.1611044555902481,0.9430512189865112,0.3967525064945221
465,0.7844371795654297,0.19333723187446594,0.7446150779724121,0.1424112170934677,0.8448354005813599,0.2994714379310608,0.8120430111885071,0.19891875982284546,0.7310358881950378,0.127118319272995,0.9254051446914673,0.3010518550872803
466,0.7503241300582886,0.20081087946891785,0.7648161053657532,0.17491494119167328,0.8146449327468872,0.1997162103652954,0.8645594716072083,0.10918694734573364,0.7962592840194702,0.18959268927574158,0.8969256281852722,0.2915653586387634
467,0.6777264475822449,0.14637106657028198,0.8152311444282532,0.2341262251138687,0.8775307536125183,0.17898201942443848,0.7792147397994995,0.16556639969348907,0.7491172552108765,0.24723628163337708,0.6526623964309692,0.13578927516937256
468,0.786787748336792,0.1734786182641983,0.7374604940414429,0.19649586081504822,0.874510645866394,0.3431285619735718,0.7707604169845581,0.27100062370300293,0.8190625309944153,0.17468778789043427,0.6746991276741028,0.18021748960018158
469,0.9535599946975708,0.3483988046646118,0.8069046139717102,0.2420962005853653,0.7949622273445129,0.14964893460273743,0.8884074091911316,0.3469092547893524,0.7203723192214966,0.1744023710489273,0.7661858201026917,0.23739194869995117
470,0.8355598449707031,0.25549566745758057,0.8258439302444458,0.17478524148464203,0.7954236268997192,0.20416875183582306,0.7725058794021606,0.25662872195243835,0.6979540586471558,0.10163883864879608,0.7561944127082825,0.20533786714076996
471,0.9526163339614868,0.29765036702156067,0.7562570571899414,0.21263809502124786,0.9686328172683716,0.3068103492259979,0.8223237991333008,0.31403848528862,0.8293215036392212,0.2790476679801941,0.8351119756698608,0.3116331994533539
472,0.7297457456588745,0.21151569485664368,0.7716979384422302,0.2895212769508362,0.8795133829116821,0.3326515555381775,0.8323336839675903,0.2454872727394104,0.7670119404792786,0.3413752019405365,0.8593838810920715,0.36471691727638245
473,0.7635723352432251,0.18387290835380554,0.8500644564628601,0.21175183355808258,0.9593343734741211,0.2529037296772003,0.7947672605514526,0.14365226030349731,0.8561776876449585,0.2566547393798828,0.8616951107978821,0.22695794701576233
474,0.7470687627792358,0.24588026106357574,0.7365732192993164,0.1610313355922699,0.7502434849739075,0.19699548184871674,0.809614360332489,0.24528755247592926,0.7921674847602844,0.24752460420131683,0.8376725912094116,0.28051966428756714
475,0.677314043045044,0.11778882890939713,0.8658930063247681,0.2831079959869385,0.8020917177200317,0.15409885346889496,0.872334361076355,0.2933299243450165,0.7953424453735352,0.19344216585159302,0.81806480884552,0.19304189085960388
476,0.8534210324287415,0.21250882744789124,0.8647398948669434,0.3103978633880615,0.7398194670677185,0.16854006052017212,0.7746565937995911,0.17865855991840363,0.7259370684623718,0.17468135058879852,0.7548856735229492,0.16801810264587402
477,0.7812032103538513,0.24128901958465576,0.8358723521232605,0.2165122926235199,0.8434690237045288,0.32718440890312195,0.6715079545974731,0.1261111944913864,0.6854788064956665,0.13021494448184967,0.686836302280426,0.17331142723560333
478,0.8860613703727722,0.3298110067844391,0.8023546934127808,0.23927898705005646,0.8081663846969604,0.2511557936668396,0.8101530075073242,0.19462817907333374,0.7971369028091431,0.16267994046211243,0.8321770429611206,0.2496429681777954
479,0.797359824180603,0.15601348876953125,0.7333647012710571,0.17635545134544373,0.7889600992202759,0.2127985656261444,0.8934906125068665,0.3022853136062622,0.7508586645126343,0.134738951921463,0.8296090364456177,0.2081242948770523
480,0.9175211787223816,0.36811336874961853,0.7509269714355469,0.24722489714622498,0.8337163925170898,0.17250262200832367,0.7337000370025635,0.16941680014133453,0.8855639696121216,0.26648038625717163,0.7220712900161743,0.19408005475997925
481,0.8003990054130554,0.24075065553188324,0.8886350393295288,0.16676412522792816,0.8965626955032349,0.2766145169734955,0.8567982912063599,0.16798269748687744,0.7493292093276978,0.23435522615909576,0.7542547583580017,0.21287594735622406
482,0.6419402360916138,0.1143704280257225,0.8160635828971863,0.22978442907333374,0.8465733528137207,0.23330429196357727,0.7245985269546509,0.13913077116012573,0.9274425506591797,0.25587961077690125,0.8300377726554871,0.17596302926540375
483,0.7955979704856873,0.1730564385652542,0.8140980005264282,0.32814037799835205,0.8621336221694946,0.17743167281150818,0.6763545274734497,0.19226062297821045,0.6616491675376892,0.14442583918571472,0.8201044201850891,0.12428674101829529
484,0.711071789264679,0.1445125937461853,0.8124245405197144,0.20794780552387238,0.8795412182807922,0.19563493132591248,0.864533543586731,0.2700621485710144,0.7671533823013306,0.23767325282096863,0.7662114500999451,0.12370500713586807
485,0.6748024821281433,0.21227312088012695,0.7492797374725342,0.1691296547651291,0.9202326536178589,0.35059094429016113,0.7190341949462891,0.18880631029605865,0.8010240793228149,0.19834677875041962,0.8867923617362976,0.2860950529575348
486,0.7911273837089539,0.21480384469032288,0.8027308583259583,0.20831386744976044,0.7767109870910645,0.13507390022277832,0.7455829381942749,0.17799073457717896,0.7723166942596436,0.1431838572025299,0.7924932837486267,0.20783449709415436
487,0.8467075228691101,0.2961845099925995,0.7405201196670532,0.13481712341308594,0.7148761749267578,0.23671098053455353,0.6647635698318481,0.11591348797082901,0.7773935198783875,0.21266965568065643,0.8361827731132507,0.29573962092399597
488,0.8967887759208679,0.33666497468948364,0.8373544812202454,0.17361822724342346,0.8387397527694702,0.23883795738220215,0.719115138053894,0.10844732075929642,0.7800766229629517,0.18547430634498596,0.7573979496955872,0.14811433851718903
489,0.7958148121833801,0.2195025533437729,0.6640492677688599,0.17503739893436432,0.8520218729972839,0.18952696025371552,0.9018575549125671,0.26880207657814026,0.7283512353897095,0.22268041968345642,0.8378437757492065,0.20306481420993805
490,0.8435053825378418,0.3073126971721649,0.8079977035522461,0.16929160058498383,0.8816784024238586,0.2731224298477173,0.7692273855209351,0.14539645612239838,0.7247049808502197,0.1960461139678955,0.8285037875175476,0.142818883061409
491,0.7406717538833618,0.1643075793981552,0.7341001629829407,0.12453621625900269,0.7324902415275574,0.3092937767505646,0.7515789270401001,0.2679453492164612,0.694519579410553,0.16633479297161102,0.8650403022766113,0.17157121002674103
492,0.7535151243209839,0.19644908607006073,0.8656527400016785,0.2032729536294937,0.8208332061767578,0.20167116820812225,0.794998049736023,0.20270977914333344,0.7359396815299988,0.18380799889564514,0.8381320238113403,0.2918156385421753
493,0.7602236270904541,0.31873562932014465,0.7767198085784912,0.1807917356491089,0.7651729583740234,0.1356579065322876,0.7097249627113342,0.19183804094791412,0.6459985971450806,0.1287500411272049,0.7246254682540894,0.24366839230060577
494,0.7244875431060791,0.19368545711040497,0.7897720336914062,0.24802635610103607,0.803393542766571,0.13935938477516174,0.8686909675598145,0.1631782203912735,0.7473534345626831,0.29640084505081177,0.6938279271125793,0.15704168379306793
495,0.8066543340682983,0.32308509945869446,0.807948887348175,0.17999151349067688,0.831673264503479,0.28766942024230957,0.8847575187683105,0.2736262083053589,0.7285727262496948,0.19312432408332825,0.7492538094520569,0.1678604781627655
496,0.6395105123519897,0.1557444930076599,0.7509515285491943,0.21042343974113464,0.8429632186889648,0.1785028874874115,0.7288904190063477,0.19269001483917236,0.7529337406158447,0.16032639145851135,0.7073990106582642,0.16527926921844482
497,0.7053573727607727,0.13805942237377167,0.7418655753135681,0.16269944608211517,0.9037913084030151,0.2938235402107239,0.7012252807617188,0.19536754488945007,0.8370895385742188,0.268565833568573,0.7587538957595825,0.2578706443309784
498,0.7815015316009521,0.2754138708114624,0.8877415657043457,0.37313950061798096,1.0119960308074951,0.44006288051605225,0.8342617750167847,0.2116275131702423,0.8609310388565063,0.21584303677082062,0.784164547920227,0.2420930564403534
499,0.8591551780700684,0.21938742697238922,0.8213785886764526,0.2287008911371231,0.8575187921524048,0.23162786662578583,0.7701162099838257,0.31479397416114807,0.7348175048828125,0.20197799801826477,0.8186324834823608,0.2404853105545044
500,0.8138554692268372,0.24313879013061523,0.7483688592910767,0.20310476422309875,0.7260262370109558,0.13852252066135406,0.7257653474807739,0.1288248896598816,0.8710277676582336,0.3319512605667114,0.7338132262229919,0.22338084876537323
