X,TD_mean,TD_std,TD+NOV_mean,TD+NOV_std,TD+UNC_mean,TD+UNC_std,FULL_mean,FULL_std,MULT_mean,MULT_std,GATE_mean,GATE_std
1,0.20386317372322083,0.07008859515190125,0.20480474829673767,0.06992171704769135,0.2047194242477417,0.06993015855550766,0.20472809672355652,0.06993022561073303,0.20388181507587433,0.07007712125778198,0.20472073554992676,0.06993035972118378
2,0.1461033821105957,0.04751548171043396,0.15319745242595673,0.061791595071554184,0.1530541479587555,0.061953265219926834,0.1531207114458084,0.06184769421815872,0.1503857970237732,0.051081616431474686,0.15292873978614807,0.061973970383405685
3,0.11760503053665161,0.07975301146507263,0.13767072558403015,0.11783676594495773,0.14078357815742493,0.12416008859872818,0.14089643955230713,0.12494689971208572,0.12075197696685791,0.08690661936998367,0.14071060717105865,0.1241782158613205
4,0.08920269459486008,0.06470799446105957,0.10507214069366455,0.1023324728012085,0.11037391424179077,0.10895015299320221,0.11120835691690445,0.11022469401359558,0.09622866660356522,0.07518434524536133,0.11035232245922089,0.1089794859290123
5,0.10135312378406525,0.05042188614606857,0.13175973296165466,0.1125682145357132,0.14022193849086761,0.12088093161582947,0.14505866169929504,0.1330348402261734,0.1348043531179428,0.12362899631261826,0.13905934989452362,0.12100251019001007
6,0.11675547063350677,0.0668398067355156,0.10301761329174042,0.04453171044588089,0.14466901123523712,0.11297804117202759,0.12363366037607193,0.07755865901708603,0.15731115639209747,0.140244722366333,0.13535498082637787,0.11341588199138641
7,0.1288999319076538,0.08445380628108978,0.12404072284698486,0.05972594767808914,0.12734834849834442,0.09268100559711456,0.1503785252571106,0.08703798800706863,0.160206601023674,0.12680433690547943,0.12670862674713135,0.08754933625459671
8,0.158798485994339,0.09388022124767303,0.1683720499277115,0.12443901598453522,0.14816704392433167,0.1260863095521927,0.17759864032268524,0.11222073435783386,0.15711884200572968,0.10647659003734589,0.1562945395708084,0.11258357018232346
9,0.13602690398693085,0.06408771127462387,0.19319894909858704,0.10289888083934784,0.19434630870819092,0.11013250797986984,0.19117234647274017,0.1072554960846901,0.17084792256355286,0.07011821866035461,0.18195760250091553,0.10485942661762238
10,0.16867871582508087,0.07592226564884186,0.1731736958026886,0.06673798710107803,0.17530548572540283,0.07219380140304565,0.20292964577674866,0.08940136432647705,0.18098993599414825,0.05972849577665329,0.20088715851306915,0.09623192250728607
11,0.21962162852287292,0.08527074754238129,0.20287278294563293,0.08367768675088882,0.23509946465492249,0.07193946093320847,0.26046332716941833,0.1452079862356186,0.2403976172208786,0.08030091226100922,0.198004812002182,0.10997679829597473
12,0.24401263892650604,0.08665493875741959,0.2117590606212616,0.11052867770195007,0.22342655062675476,0.03965599462389946,0.230438232421875,0.08113379776477814,0.25943124294281006,0.10657058656215668,0.1862470805644989,0.050988830626010895
13,0.2631222605705261,0.12717001140117645,0.275648295879364,0.08937587589025497,0.22249236702919006,0.0652918666601181,0.22503462433815002,0.09762276709079742,0.26070213317871094,0.09366678446531296,0.21434620022773743,0.0459127314388752
14,0.21800406277179718,0.07741424441337585,0.2501215636730194,0.08258915692567825,0.2578257620334625,0.062216367572546005,0.2380886971950531,0.08307810872793198,0.25460535287857056,0.06931526213884354,0.22172005474567413,0.08216993510723114
15,0.21739640831947327,0.051944393664598465,0.2719336152076721,0.08048474788665771,0.29837438464164734,0.14997854828834534,0.26414433121681213,0.08048071712255478,0.26945921778678894,0.09345434606075287,0.2655593454837799,0.12812964618206024
16,0.22895686328411102,0.05920255929231644,0.3139965832233429,0.15726445615291595,0.2832980751991272,0.12819744646549225,0.2476685345172882,0.06788762658834457,0.2738422751426697,0.061719849705696106,0.25394195318222046,0.08632037788629532
17,0.2251921147108078,0.06403902173042297,0.3078579902648926,0.10352074354887009,0.30618348717689514,0.09049168229103088,0.29993751645088196,0.10437842458486557,0.3274899125099182,0.08637148886919022,0.2677285075187683,0.12018635123968124
18,0.3047856390476227,0.1553896814584732,0.298618346452713,0.10996689647436142,0.3242168426513672,0.07941054552793503,0.2854304909706116,0.07576517015695572,0.3523934483528137,0.09066830575466156,0.28536665439605713,0.12955521047115326
19,0.2637562155723572,0.11115294694900513,0.30203017592430115,0.1262543797492981,0.3653770387172699,0.15005287528038025,0.27544689178466797,0.10899132490158081,0.4015083312988281,0.173995703458786,0.25201576948165894,0.09624790400266647
20,0.28038567304611206,0.10860296338796616,0.3278670608997345,0.08110745996236801,0.30194535851478577,0.10009302943944931,0.2845766842365265,0.09529055655002594,0.36405107378959656,0.11564910411834717,0.29525429010391235,0.17597560584545135
21,0.285784512758255,0.1276238113641739,0.3011605441570282,0.10233238339424133,0.3510205149650574,0.15173785388469696,0.31596606969833374,0.08181916177272797,0.3665267825126648,0.13505098223686218,0.3269976079463959,0.16715902090072632
22,0.251451313495636,0.08703276515007019,0.2887209951877594,0.09236966073513031,0.30589619278907776,0.1331825852394104,0.32685548067092896,0.1145140677690506,0.3721715211868286,0.09633313864469528,0.3237515091896057,0.10751821100711823
23,0.25061532855033875,0.09372592717409134,0.35359546542167664,0.15850059688091278,0.30561086535453796,0.09676416218280792,0.29765287041664124,0.10047897696495056,0.31625181436538696,0.06327103823423386,0.279491126537323,0.10837507247924805
24,0.3669489324092865,0.23394080996513367,0.3771008551120758,0.1578863114118576,0.3287428319454193,0.13895390927791595,0.28451043367385864,0.08684061467647552,0.3673119843006134,0.13128156960010529,0.3399299085140228,0.1647273451089859
25,0.4485049247741699,0.18702584505081177,0.3170917332172394,0.1624257117509842,0.42355284094810486,0.17561255395412445,0.3995796740055084,0.19028423726558685,0.3929693102836609,0.12819646298885345,0.3224371373653412,0.12396395951509476
26,0.29837244749069214,0.13378974795341492,0.3641025722026825,0.1471136510372162,0.33427509665489197,0.10028455406427383,0.39046788215637207,0.18709300458431244,0.3200969696044922,0.0815448984503746,0.3401959240436554,0.16110177338123322
27,0.3095530569553375,0.11408605426549911,0.41785353422164917,0.13308672606945038,0.38989678025245667,0.14448298513889313,0.32009583711624146,0.11845585703849792,0.486537367105484,0.2018553912639618,0.3641755282878876,0.17063753306865692
28,0.34845271706581116,0.16901157796382904,0.37787550687789917,0.13852261006832123,0.3998187482357025,0.1629389524459839,0.4404936730861664,0.13511204719543457,0.3948369026184082,0.1693747192621231,0.29476863145828247,0.12459271401166916
29,0.4758492112159729,0.2175280898809433,0.36178940534591675,0.15433451533317566,0.5437219142913818,0.21462741494178772,0.3194583058357239,0.14060495793819427,0.47251763939857483,0.19878041744232178,0.3949948251247406,0.1188143864274025
30,0.3934452533721924,0.17023958265781403,0.41382527351379395,0.16522066295146942,0.5406599044799805,0.41471409797668457,0.3945189416408539,0.18294301629066467,0.5041588544845581,0.17745830118656158,0.5657263994216919,0.22105719149112701
31,0.40667468309402466,0.19611357152462006,0.4318769872188568,0.12458916008472443,0.4727100431919098,0.16043497622013092,0.3784257173538208,0.13278278708457947,0.3837243914604187,0.10965901613235474,0.40301933884620667,0.14803528785705566
32,0.44077882170677185,0.27311763167381287,0.45637932419776917,0.2269829660654068,0.4901236891746521,0.19792285561561584,0.4050418436527252,0.17803893983364105,0.46230968832969666,0.1501312106847763,0.37578195333480835,0.20296715199947357
33,0.324262797832489,0.1513252705335617,0.4042648375034332,0.16091547906398773,0.49083948135375977,0.19534753262996674,0.45005831122398376,0.24400244653224945,0.42474165558815,0.15271064639091492,0.39372533559799194,0.24732260406017303
34,0.3344590961933136,0.17719532549381256,0.4887166917324066,0.23454974591732025,0.43755730986595154,0.16886058449745178,0.4497191309928894,0.3739103078842163,0.384380578994751,0.11089803278446198,0.3826959729194641,0.1048087626695633
35,0.34010934829711914,0.19463025033473969,0.5102730393409729,0.2183401733636856,0.48915809392929077,0.2577684819698334,0.5478683710098267,0.21031039953231812,0.42053231596946716,0.23345518112182617,0.38425058126449585,0.2100575566291809
36,0.3845232427120209,0.23277859389781952,0.43854665756225586,0.171702578663826,0.5105085372924805,0.2635570764541626,0.38958483934402466,0.14040443301200867,0.45955801010131836,0.17999885976314545,0.4462450444698334,0.3109012842178345
37,0.3612808585166931,0.18383610248565674,0.4158157706260681,0.20965324342250824,0.4360795021057129,0.15567457675933838,0.4071911871433258,0.16813582181930542,0.46172207593917847,0.1655249446630478,0.44619613885879517,0.19438843429088593
38,0.37554869055747986,0.1998704969882965,0.43696555495262146,0.20113001763820648,0.4462200999259949,0.1483771800994873,0.510701060295105,0.19102743268013,0.5775854587554932,0.26449424028396606,0.4917207658290863,0.2820088267326355
39,0.48922666907310486,0.2641623616218567,0.4776153564453125,0.22383175790309906,0.4516128599643707,0.21794311702251434,0.5289422869682312,0.25888070464134216,0.5745302438735962,0.29638686776161194,0.388754278421402,0.15779705345630646
40,0.5192034244537354,0.17668956518173218,0.5210024118423462,0.2247137874364853,0.4446749687194824,0.20934604108333588,0.4802948534488678,0.3101796507835388,0.4465023875236511,0.20703411102294922,0.4306289553642273,0.22799748182296753
41,0.4186668395996094,0.19929569959640503,0.4663718342781067,0.22670835256576538,0.45929303765296936,0.15204046666622162,0.5164632201194763,0.24826502799987793,0.4557346701622009,0.2769218385219574,0.42970404028892517,0.15095923840999603
42,0.3444536626338959,0.1835859715938568,0.5128930807113647,0.27979743480682373,0.511789083480835,0.2266203612089157,0.4148760437965393,0.19738084077835083,0.37355223298072815,0.1283722072839737,0.42169398069381714,0.21317148208618164
43,0.464172899723053,0.25228381156921387,0.49428391456604004,0.2570631206035614,0.5399966835975647,0.33444032073020935,0.43546247482299805,0.2099880427122116,0.4529062807559967,0.1772293597459793,0.6070525646209717,0.3704676926136017
44,0.38281065225601196,0.20042218267917633,0.4044175148010254,0.16252943873405457,0.5117273926734924,0.2584399878978729,0.4760887026786804,0.21611288189888,0.3994913697242737,0.1406949907541275,0.40853777527809143,0.15931397676467896
45,0.4359044134616852,0.19865983724594116,0.41345375776290894,0.18696177005767822,0.46278753876686096,0.20494341850280762,0.4962618350982666,0.1901853084564209,0.41954097151756287,0.1329495757818222,0.5644102096557617,0.41929176449775696
46,0.4372617304325104,0.22239048779010773,0.4590016007423401,0.20410974323749542,0.453437864780426,0.21161627769470215,0.4846809506416321,0.22851170599460602,0.4783550798892975,0.1931493878364563,0.45352110266685486,0.19607718288898468
47,0.4672859311103821,0.34795841574668884,0.501426637172699,0.264926552772522,0.5857085585594177,0.32406389713287354,0.46255525946617126,0.21271535754203796,0.38121163845062256,0.12291025370359421,0.39221373200416565,0.1897922307252884
48,0.4632783830165863,0.27772757411003113,0.5119585990905762,0.2751762270927429,0.4805845320224762,0.1969418227672577,0.4252891540527344,0.17979349195957184,0.402104914188385,0.17529428005218506,0.4522635340690613,0.2848476767539978
49,0.49075835943222046,0.29765230417251587,0.4128482937812805,0.16585545241832733,0.4237384796142578,0.17604468762874603,0.45516008138656616,0.23957231640815735,0.40462809801101685,0.18672098219394684,0.3944961428642273,0.19171804189682007
50,0.3436504006385803,0.11471950262784958,0.41883787512779236,0.19856853783130646,0.42653417587280273,0.17117111384868622,0.424987256526947,0.181391179561615,0.44016727805137634,0.18939238786697388,0.4650198519229889,0.3690527081489563
51,0.5515754818916321,0.2726372182369232,0.42832574248313904,0.21573565900325775,0.511587381362915,0.2785283923149109,0.5133421421051025,0.19072864949703217,0.6187433004379272,0.3698045611381531,0.43831396102905273,0.25467029213905334
52,0.4874071478843689,0.3274441957473755,0.48764124512672424,0.22145871818065643,0.4867781698703766,0.1958773136138916,0.5485917329788208,0.24943234026432037,0.595074474811554,0.2666594684123993,0.5301311612129211,0.404805064201355
53,0.41795116662979126,0.22809317708015442,0.5394824743270874,0.17674188315868378,0.4316515326499939,0.16538716852664948,0.5448039770126343,0.22622351348400116,0.49097615480422974,0.21520091593265533,0.5339237451553345,0.33739644289016724
54,0.4186723232269287,0.217648446559906,0.5620087385177612,0.29201796650886536,0.5229896306991577,0.2942378520965576,0.3856833577156067,0.12624435126781464,0.5782485008239746,0.3118443489074707,0.5419026613235474,0.2602596580982208
55,0.35780662298202515,0.15270474553108215,0.4367268979549408,0.17367811501026154,0.49530285596847534,0.23312631249427795,0.4003151059150696,0.12155725061893463,0.45623868703842163,0.25781938433647156,0.4324297308921814,0.3039802610874176
56,0.5206332206726074,0.2933577299118042,0.4358287751674652,0.24538512527942657,0.7088767290115356,0.3607198894023895,0.4443857669830322,0.23346199095249176,0.5954769849777222,0.29768285155296326,0.477611243724823,0.22091998159885406
57,0.5524435043334961,0.41715550422668457,0.6182577013969421,0.3797144293785095,0.6277216672897339,0.38296470046043396,0.5127517580986023,0.2687998116016388,0.36614927649497986,0.10108311474323273,0.645914614200592,0.4539497196674347
58,0.4887809753417969,0.2135130614042282,0.5430976152420044,0.34868666529655457,0.4371051788330078,0.19262869656085968,0.4387076795101166,0.16779932379722595,0.3973918557167053,0.1054951474070549,0.6010852456092834,0.288449227809906
59,0.5319049954414368,0.3239690363407135,0.4633358418941498,0.272464394569397,0.40490931272506714,0.1362367868423462,0.47306957840919495,0.3111560344696045,0.5833980441093445,0.27071118354797363,0.5254315137863159,0.2725118100643158
60,0.36945560574531555,0.14904455840587616,0.5468103885650635,0.21482403576374054,0.5532556772232056,0.348489373922348,0.6595677137374878,0.28135544061660767,0.5192051529884338,0.35531938076019287,0.6175023317337036,0.5370806455612183
61,0.5571250915527344,0.31264764070510864,0.4380422532558441,0.15077847242355347,0.3726233243942261,0.11926049739122391,0.551170289516449,0.18347415328025818,0.4880082607269287,0.22770744562149048,0.5344499349594116,0.30133768916130066
62,0.5279651880264282,0.35464656352996826,0.4287663996219635,0.22733578085899353,0.5037487745285034,0.18342533707618713,0.622341513633728,0.28324589133262634,0.584441602230072,0.22702407836914062,0.5528346300125122,0.24409106373786926
63,0.48705750703811646,0.28295978903770447,0.6131401062011719,0.29523229598999023,0.6265832185745239,0.286438912153244,0.52740478515625,0.2536691427230835,0.3728350102901459,0.12701091170310974,0.6178487539291382,0.4462611675262451
64,0.4567515254020691,0.20178839564323425,0.44870343804359436,0.15235009789466858,0.5150178074836731,0.28511032462120056,0.6191016435623169,0.5135284066200256,0.4661773145198822,0.16604745388031006,0.5609609484672546,0.33971717953681946
65,0.5865204930305481,0.35967668890953064,0.580097496509552,0.4051041901111603,0.5190727114677429,0.21888487040996552,0.5414248704910278,0.2790851294994354,0.4429405629634857,0.21430489420890808,0.4663622975349426,0.26720425486564636
66,0.5139433741569519,0.25306248664855957,0.60285884141922,0.36053475737571716,0.4657193720340729,0.1839473396539688,0.628393292427063,0.380718857049942,0.4347650110721588,0.13652199506759644,0.41065913438796997,0.21411985158920288
67,0.47451257705688477,0.28960344195365906,0.6540293097496033,0.23187536001205444,0.5985630750656128,0.33668646216392517,0.558368980884552,0.28613418340682983,0.5053189992904663,0.21541209518909454,0.5621526837348938,0.39218997955322266
68,0.429859459400177,0.22152584791183472,0.6560829877853394,0.3325737416744232,0.6209410429000854,0.5013039708137512,0.5386589765548706,0.33159908652305603,0.4113815426826477,0.09133926779031754,0.5248163938522339,0.24622637033462524
69,0.6062043905258179,0.3071718215942383,0.6263472437858582,0.2507149279117584,0.42199864983558655,0.1406904011964798,0.6913949847221375,0.25647664070129395,0.5002369284629822,0.27042534947395325,0.3673457205295563,0.09450376033782959
70,0.7140050530433655,0.32196587324142456,0.5913661122322083,0.3149256110191345,0.4163801074028015,0.107455775141716,0.6230689883232117,0.26249682903289795,0.498279869556427,0.20744819939136505,0.48297032713890076,0.28072959184646606
71,0.4834974706172943,0.21895737946033478,0.635958731174469,0.30661723017692566,0.5817809104919434,0.3303212523460388,0.42350906133651733,0.1246129646897316,0.5464739799499512,0.23367911577224731,0.47255271673202515,0.24586765468120575
72,0.39934173226356506,0.14870332181453705,0.5521813035011292,0.2922126352787018,0.7255293130874634,0.35467788577079773,0.5714401006698608,0.3135415017604828,0.7003069519996643,0.34990477561950684,0.5198346376419067,0.24185925722122192
73,0.6710361242294312,0.26382505893707275,0.714218020439148,0.3680076003074646,0.5768536329269409,0.3887684643268585,0.4774532914161682,0.22335492074489594,0.5178812146186829,0.21089886128902435,0.5804373025894165,0.3265926241874695
74,0.5323090553283691,0.37450462579727173,0.44321879744529724,0.24013522267341614,0.46994081139564514,0.22731338441371918,0.543824315071106,0.3016027510166168,0.5084654688835144,0.24996449053287506,0.4604353904724121,0.17553257942199707
75,0.49902957677841187,0.197506383061409,0.7017560005187988,0.3536216616630554,0.6406377553939819,0.3687199354171753,0.43917208909988403,0.14678998291492462,0.5565310716629028,0.2742753028869629,0.6304688453674316,0.5416945815086365
76,0.5228093862533569,0.22634415328502655,0.4578723907470703,0.17643383145332336,0.5619768500328064,0.26441648602485657,0.6343849897384644,0.3649843633174896,0.5903318524360657,0.22964464128017426,0.5461927056312561,0.27772489190101624
77,0.5466082692146301,0.33221012353897095,0.7669605016708374,0.5477977395057678,0.5207339525222778,0.36998820304870605,0.5046886205673218,0.20111149549484253,0.532623827457428,0.22340118885040283,0.6371200680732727,0.3049566447734833
78,0.4354425370693207,0.18254901468753815,0.6486392617225647,0.36659252643585205,0.6251494884490967,0.32797014713287354,0.4238337576389313,0.11121144145727158,0.48803243041038513,0.19357725977897644,0.6106054782867432,0.288920134305954
79,0.5358419418334961,0.2113901674747467,0.5058306455612183,0.21726572513580322,0.45127230882644653,0.15643122792243958,0.5466799139976501,0.25819021463394165,0.4691813588142395,0.1948455572128296,0.6267684698104858,0.3072352111339569
80,0.5221676230430603,0.2507873475551605,0.6379668712615967,0.28362810611724854,0.4666275084018707,0.17029988765716553,0.7318620681762695,0.2920234799385071,0.3818435072898865,0.10037989169359207,0.5990222692489624,0.31192636489868164
81,0.6925080418586731,0.30474722385406494,0.6093663573265076,0.31815770268440247,0.5814337134361267,0.2311767190694809,0.6400430202484131,0.3015027642250061,0.6191961169242859,0.38027364015579224,0.5581484436988831,0.29587188363075256
82,0.5626496076583862,0.2694304883480072,0.4903833270072937,0.2758059501647949,0.5774357318878174,0.3366568982601166,0.6139742732048035,0.27546757459640503,0.38853463530540466,0.10062219202518463,0.6256431341171265,0.43169012665748596
83,0.6119735240936279,0.37107011675834656,0.6534582376480103,0.37614721059799194,0.5575676560401917,0.22237280011177063,0.5974090695381165,0.30173447728157043,0.542266845703125,0.2479943186044693,0.45978179574012756,0.16118229925632477
84,0.6741641759872437,0.3182668685913086,0.4950818121433258,0.25180867314338684,0.6742562651634216,0.3132065236568451,0.6431688070297241,0.3112837076187134,0.44865140318870544,0.2583918571472168,0.501175045967102,0.28864559531211853
85,0.7017898559570312,0.4440022110939026,0.7788417935371399,0.6134947538375854,0.6233035326004028,0.3252468407154083,0.5963724851608276,0.3250260353088379,0.6288684606552124,0.29885807633399963,0.5958777666091919,0.28883910179138184
86,0.8194977641105652,0.3249671757221222,0.6700264811515808,0.320515900850296,0.7600526213645935,0.3264380693435669,0.6757564544677734,0.28698089718818665,0.7161232829093933,0.3997408449649811,0.5985169410705566,0.3042415678501129
87,0.6121070384979248,0.34291183948516846,0.6070404648780823,0.274252712726593,0.5383723378181458,0.25932589173316956,0.669582724571228,0.417994886636734,0.4904150068759918,0.19245178997516632,0.7601546049118042,0.406060129404068
88,0.550646185874939,0.27716851234436035,0.5826274156570435,0.2878952920436859,0.5787320137023926,0.3155624568462372,0.5806227922439575,0.3703964352607727,0.61118084192276,0.4384683072566986,0.5041900873184204,0.24607829749584198
89,0.5028430223464966,0.2718912363052368,0.5058001279830933,0.2536483108997345,0.7315877079963684,0.4237004220485687,0.599696159362793,0.24877077341079712,0.6728063225746155,0.331591933965683,0.5359387397766113,0.255149245262146
90,0.6622064709663391,0.41099485754966736,0.5251314043998718,0.1993812471628189,0.5465317964553833,0.21984930336475372,0.5575734972953796,0.26459985971450806,0.7386429905891418,0.3905733823776245,0.5286683440208435,0.22521139681339264
91,0.65706467628479,0.3988097310066223,0.6045557260513306,0.41759419441223145,0.6236575245857239,0.40911707282066345,0.6190105676651001,0.2504948675632477,0.6283661127090454,0.33736273646354675,0.5392268896102905,0.26289430260658264
92,0.5794353485107422,0.3593824505805969,0.5062611103057861,0.2725604772567749,0.5872248411178589,0.4111388623714447,0.49666571617126465,0.2927142381668091,0.6794172525405884,0.3373695909976959,0.6991766691207886,0.2694035470485687
93,0.5868462324142456,0.3085726201534271,0.5839666128158569,0.575923502445221,0.7075325846672058,0.3636583089828491,0.5878151059150696,0.259310781955719,0.48182836174964905,0.1914830207824707,1.0185577869415283,0.5990567207336426
94,0.6486396789550781,0.40561607480049133,0.555419921875,0.25249895453453064,0.8659548759460449,0.4159488379955292,0.5076372027397156,0.15371696650981903,0.46220239996910095,0.18241117894649506,0.633846640586853,0.6232431530952454
95,0.46243447065353394,0.1906668096780777,0.7721501588821411,0.3689064681529999,0.4730776250362396,0.19593313336372375,0.6163047552108765,0.34373944997787476,0.5001176595687866,0.19906511902809143,0.6117953062057495,0.32691553235054016
96,0.5571647882461548,0.253812313079834,0.5645768642425537,0.2532184422016144,0.5254020690917969,0.24315255880355835,0.6872339248657227,0.47260186076164246,0.5064452290534973,0.23159825801849365,0.5242387056350708,0.22665244340896606
97,0.6844815611839294,0.32358255982398987,0.42115968465805054,0.06796519458293915,0.6564426422119141,0.4545423984527588,0.7368404269218445,0.5063930153846741,0.4758071005344391,0.23750688135623932,0.5092753171920776,0.31263288855552673
98,0.5405375361442566,0.2529633045196533,0.4777502119541168,0.11151182651519775,0.7108472585678101,0.34385716915130615,0.7888033986091614,0.43888548016548157,0.6805503368377686,0.4693452715873718,0.5165717005729675,0.2638951539993286
99,0.5285356044769287,0.294452428817749,0.7551463842391968,0.4415772259235382,0.6144555807113647,0.27889227867126465,0.6268271803855896,0.33361750841140747,0.41552501916885376,0.1279323846101761,0.7664006948471069,0.6642341613769531
100,0.6882598400115967,0.3286173343658447,0.533483624458313,0.2742365598678589,0.6139341592788696,0.27546173334121704,0.7568414211273193,0.46641722321510315,0.7263008952140808,0.3000217378139496,0.7614165544509888,0.4727604389190674
101,0.7972411513328552,0.467875212430954,0.4836706519126892,0.1767369657754898,0.6610482931137085,0.3945140540599823,0.5064754486083984,0.2904328405857086,0.4951227605342865,0.17079931497573853,0.673962414264679,0.3391561806201935
102,0.6096317172050476,0.3604675829410553,0.5012305974960327,0.15860363841056824,0.6672898530960083,0.36784788966178894,0.8317691087722778,0.33356693387031555,0.6044371724128723,0.3544456958770752,0.8804047703742981,0.5750696659088135
103,0.6258087754249573,0.3225824236869812,0.6109886169433594,0.36689069867134094,0.7896181344985962,0.7597020268440247,0.8365110158920288,0.48012804985046387,0.5869605541229248,0.2757725417613983,0.599597692489624,0.27966126799583435
104,0.5372852087020874,0.19057820737361908,0.5772641897201538,0.25547918677330017,0.7988188862800598,0.4498502314090729,0.8217501640319824,0.500041127204895,0.49398112297058105,0.203946053981781,0.7499460577964783,0.48235243558883667
105,1.030418038368225,0.7288805842399597,0.6363659501075745,0.33801722526550293,0.6075730323791504,0.27311164140701294,0.639501690864563,0.27898353338241577,0.4605411887168884,0.19756661355495453,1.0212867259979248,0.7419643402099609
106,0.7427006959915161,0.4598444700241089,0.4343210756778717,0.10709841549396515,0.5913849472999573,0.3376590311527252,0.6349393129348755,0.33977073431015015,0.6064661145210266,0.29582464694976807,0.5530282855033875,0.22728237509727478
107,0.5338665246963501,0.20996549725532532,0.6407926678657532,0.28346744179725647,0.540117084980011,0.23213189840316772,0.6184481382369995,0.2575937509536743,0.7331300973892212,0.44251611828804016,0.6482219696044922,0.36063089966773987
108,0.5743064284324646,0.2739701271057129,0.6088439226150513,0.28316155076026917,0.5715185403823853,0.26217809319496155,0.679620623588562,0.42731860280036926,0.6022541522979736,0.3427871763706207,0.6132727861404419,0.3539208173751831
109,0.5746142864227295,0.37723714113235474,0.5957058668136597,0.32994526624679565,0.6453214883804321,0.30841541290283203,0.7601135969161987,0.34970664978027344,0.46663862466812134,0.17041446268558502,0.9217336773872375,0.5964449048042297
110,0.7446460127830505,0.4800904393196106,0.5241357088088989,0.23368047177791595,1.0122787952423096,0.6308563947677612,0.6389501094818115,0.3390887975692749,0.5737063884735107,0.26333796977996826,0.6823115944862366,0.4944360554218292
111,0.6262210607528687,0.2776896357536316,0.5966819524765015,0.4057793915271759,0.94854336977005,0.6425865292549133,0.7987409830093384,0.5285853743553162,0.7193292379379272,0.36673977971076965,0.6975289583206177,0.3492741584777832
112,0.5513467192649841,0.2201482206583023,0.7802678942680359,0.4548527002334595,0.636091411113739,0.29768964648246765,0.7364537119865417,0.3611051142215729,0.669933021068573,0.29483577609062195,0.6231256723403931,0.40539807081222534
113,0.6387168765068054,0.4214151203632355,0.7354847192764282,0.3923835754394531,0.6592569947242737,0.4303000271320343,0.9043065309524536,0.5890527963638306,0.5283914804458618,0.19153721630573273,0.7363865971565247,0.505450427532196
114,0.6447041630744934,0.26618677377700806,0.4517028331756592,0.08859781175851822,0.5895811915397644,0.28502392768859863,0.7407876253128052,0.37662720680236816,0.9117949604988098,0.43868786096572876,0.5853354334831238,0.20981982350349426
115,0.6314083337783813,0.2771989107131958,0.6598089337348938,0.34486860036849976,0.7583836317062378,0.40607431530952454,0.961142361164093,0.44560274481773376,0.6297151446342468,0.3467221260070801,0.6974921226501465,0.44034478068351746
116,0.6729460954666138,0.4294666647911072,0.7303993701934814,0.361850768327713,0.4700886309146881,0.11212271451950073,0.8077618479728699,0.4954729974269867,0.5393110513687134,0.21910256147384644,0.654127836227417,0.36005184054374695
117,0.5329781770706177,0.254096657037735,0.6331034898757935,0.2924319803714752,0.7312571406364441,0.3639931082725525,0.6313353776931763,0.3077141344547272,0.689044713973999,0.35371431708335876,0.8786346316337585,0.5494994521141052
118,0.6097027063369751,0.29777050018310547,0.7378233075141907,0.37018147110939026,0.6860388517379761,0.3442842364311218,0.9679291844367981,0.47608423233032227,0.5652140974998474,0.32632431387901306,0.6459456086158752,0.28479743003845215
119,0.842552661895752,0.3493387997150421,0.5334583520889282,0.20499245822429657,0.9683598279953003,0.5317330360412598,0.7359033823013306,0.35170063376426697,0.7075837850570679,0.3566548824310303,0.6911553144454956,0.3395054340362549
120,0.8922219276428223,0.45032814145088196,0.6499786972999573,0.2904207110404968,0.7176883220672607,0.36991801857948303,0.5912977457046509,0.3020022511482239,0.7682269811630249,0.44531428813934326,0.6039440035820007,0.3064112365245819
121,0.6673645973205566,0.31345272064208984,0.5400112867355347,0.2523190677165985,0.7822875380516052,0.6616746783256531,0.7366027235984802,0.3921172022819519,0.6619895100593567,0.3300202190876007,0.5370524525642395,0.24802860617637634
122,0.6894330978393555,0.3485744297504425,0.5287454128265381,0.24343633651733398,0.5372518301010132,0.19340990483760834,0.5812509059906006,0.25392064452171326,0.6759740114212036,0.2964906692504883,0.6559951305389404,0.2980406582355499
123,0.5731293559074402,0.2062491774559021,0.5438494086265564,0.2254188507795334,0.7821704745292664,0.3799407184123993,0.7759186625480652,0.3719160556793213,0.5303151607513428,0.1753000169992447,0.6905245780944824,0.36318159103393555
124,0.8466058969497681,0.5009366273880005,0.897925853729248,0.5001410841941833,0.7900189161300659,0.3292999565601349,0.4914242625236511,0.13110655546188354,0.49367237091064453,0.25652042031288147,0.871397852897644,0.328657865524292
125,0.7851082682609558,0.37446561455726624,0.5320742726325989,0.3147098422050476,0.7662355303764343,0.44414007663726807,0.6100202798843384,0.325870156288147,0.6405187845230103,0.3806157410144806,0.7132033109664917,0.33275970816612244
126,0.6328055262565613,0.27249768376350403,0.6961441040039062,0.3672407865524292,0.5829421281814575,0.1667674332857132,0.6782370805740356,0.4408430755138397,0.5566757321357727,0.20776739716529846,0.6905391812324524,0.4006771147251129
127,0.6737874746322632,0.2702667713165283,0.5620673298835754,0.22624167799949646,0.4872095584869385,0.06899037212133408,0.6725520491600037,0.4683964252471924,0.5202479362487793,0.20352861285209656,0.8360233306884766,0.3304138779640198
128,0.5369635820388794,0.22367876768112183,1.0365405082702637,0.8029651641845703,0.5356923341751099,0.26453277468681335,0.6619894504547119,0.4211512506008148,0.5246314406394958,0.31524816155433655,0.8941420316696167,0.5217415690422058
129,0.7910112142562866,0.4489726126194,0.7112559080123901,0.3415328860282898,0.7559604048728943,0.3624783456325531,0.8259304165840149,0.4729406535625458,0.8503414988517761,0.5671638250350952,0.9091395139694214,0.40980735421180725
130,0.6381058692932129,0.2989082336425781,0.6552799940109253,0.4129883944988251,0.5487747192382812,0.2441847324371338,0.9971534013748169,0.446853905916214,0.8320184946060181,0.37250009179115295,0.7074543237686157,0.31937792897224426
131,0.602350115776062,0.33050796389579773,0.46929606795310974,0.0975026935338974,0.6742559671401978,0.3497923016548157,0.6631004810333252,0.28987860679626465,0.784270167350769,0.3411213457584381,0.4925157129764557,0.09949013590812683
132,0.4769771993160248,0.08266474306583405,0.6933048963546753,0.4605334401130676,0.8294289708137512,0.559977114200592,0.5993971228599548,0.2741089165210724,0.53800368309021,0.18456204235553741,0.5630328059196472,0.23560898005962372
133,0.6498309969902039,0.23874817788600922,0.642504870891571,0.2794688940048218,0.7093113660812378,0.4225165545940399,0.7258431911468506,0.3700956106185913,0.5321692228317261,0.20678608119487762,0.6419898271560669,0.349258154630661
134,0.5618877410888672,0.29881203174591064,0.7647793292999268,0.4265193045139313,0.8188058733940125,0.5473127961158752,0.8869821429252625,0.6971103549003601,0.8392184376716614,0.48026394844055176,0.5818396806716919,0.25070470571517944
135,0.8803920745849609,0.355438232421875,0.6118707060813904,0.295132577419281,0.6409751176834106,0.2958683371543884,0.8646163940429688,0.5204716920852661,0.6197634935379028,0.3252657651901245,0.7993953227996826,0.5211256146430969
136,0.7126290798187256,0.3189936876296997,0.7049759030342102,0.38839131593704224,0.6080062389373779,0.2294081300497055,1.1642476320266724,0.4193064272403717,0.6440250277519226,0.394284188747406,0.5178676843643188,0.18965938687324524
137,0.6688193082809448,0.3605881929397583,0.8953596353530884,0.35163646936416626,0.6375988125801086,0.3192436993122101,0.779922366142273,0.35116565227508545,0.5536584258079529,0.21790289878845215,0.6394118070602417,0.2685858905315399
138,0.6786222457885742,0.2867678105831146,0.7056753635406494,0.3022060692310333,0.7462509870529175,0.3113546073436737,0.7626208066940308,0.48015061020851135,0.5114842653274536,0.10852140933275223,0.6333110332489014,0.2130146324634552
139,0.8042155504226685,0.40056413412094116,0.8019967079162598,0.37736085057258606,0.6498014330863953,0.34139326214790344,0.6395226120948792,0.3088320195674896,0.6055647134780884,0.29191988706588745,0.5880149602890015,0.29731452465057373
140,0.7388413548469543,0.30243003368377686,0.7738959789276123,0.3448786437511444,0.8036105036735535,0.3169899582862854,0.6283062696456909,0.23577682673931122,0.8701580166816711,0.35669460892677307,0.8243187665939331,0.40101349353790283
141,0.7388699650764465,0.3654825985431671,0.8402661085128784,0.5900189876556396,0.9726139307022095,0.5576329231262207,0.752103328704834,0.474166601896286,0.7391941547393799,0.3215903341770172,0.6450254321098328,0.27806714177131653
142,0.5684805512428284,0.2072344422340393,0.614095151424408,0.3075847029685974,0.6749252080917358,0.30671200156211853,0.9093977212905884,0.5875845551490784,0.5328658819198608,0.18102829158306122,0.8453044891357422,0.3765217065811157
143,0.5022222995758057,0.11254236102104187,0.8345876932144165,0.4791467785835266,0.7670650482177734,0.49287334084510803,0.6960769891738892,0.3123592138290405,0.6745819449424744,0.25685396790504456,0.8365785479545593,0.4398998022079468
144,0.6671922206878662,0.3067571222782135,0.7516077160835266,0.39931520819664,0.59614497423172,0.3661736249923706,0.7662786245346069,0.44985541701316833,0.7319976091384888,0.33516940474510193,0.5807340145111084,0.24223695695400238
145,0.8046059608459473,0.535925567150116,0.7652314305305481,0.36750009655952454,0.7914100885391235,0.37133708596229553,0.8661227226257324,0.470157265663147,0.5358834266662598,0.17864617705345154,0.6886793375015259,0.41089197993278503
146,0.5789321064949036,0.24246425926685333,0.6649497747421265,0.28439685702323914,0.5332958102226257,0.2146814912557602,0.6617013216018677,0.25831112265586853,0.7482004761695862,0.4512404799461365,0.7110311985015869,0.33613476157188416
147,0.6692255735397339,0.33623629808425903,0.6872987747192383,0.3010004162788391,0.6773725152015686,0.30677470564842224,0.7283076047897339,0.3065962791442871,0.8385633230209351,0.480177104473114,0.6169533133506775,0.282554566860199
148,0.6429539322853088,0.28464391827583313,0.5697060823440552,0.27928927540779114,0.6309405565261841,0.2996840178966522,0.7151355743408203,0.3418934941291809,0.5166767239570618,0.1904282569885254,0.46905988454818726,0.06594327092170715
149,0.5802000761032104,0.22691476345062256,0.6361667513847351,0.2863229513168335,0.636821448802948,0.24948854744434357,0.9092098474502563,0.4481039345264435,0.6861031651496887,0.35859882831573486,0.6904022693634033,0.3384612798690796
150,0.9299894571304321,0.45244354009628296,0.7302079200744629,0.29626673460006714,0.7648836374282837,0.5343624353408813,0.5651147365570068,0.15609097480773926,0.8131108283996582,0.5246630311012268,0.7136190533638,0.2971148192882538
151,0.7386754751205444,0.6240891218185425,0.7985851168632507,0.3568355143070221,0.9679604768753052,0.4514589011669159,0.6612924337387085,0.4212437570095062,0.6714030504226685,0.326582133769989,0.5967715978622437,0.2487999051809311
152,0.8005996942520142,0.4375218451023102,1.0946050882339478,0.4556814432144165,0.8798924684524536,0.507637619972229,0.7904109954833984,0.28534671664237976,0.6423653364181519,0.22047360241413116,1.086268424987793,0.6709054708480835
153,0.8465569615364075,0.3445468246936798,0.6387359499931335,0.30191293358802795,0.7533722519874573,0.32775557041168213,0.7757007479667664,0.4013229310512543,0.8058568835258484,0.3566935956478119,0.8528820276260376,0.5002390146255493
154,0.7230459451675415,0.3426302969455719,0.5117834806442261,0.15728087723255157,0.5584274530410767,0.262182354927063,0.6977805495262146,0.3540913164615631,0.6707825660705566,0.38455724716186523,0.7080414891242981,0.38553452491760254
155,0.6753162145614624,0.3580384850502014,0.7843475341796875,0.4789208471775055,0.8031347393989563,0.33732327818870544,0.8273771405220032,0.32408496737480164,0.938118577003479,0.5852013230323792,0.6391759514808655,0.28830310702323914
156,0.7082011699676514,0.512965202331543,0.6094070672988892,0.2901795208454132,0.6243454813957214,0.3182787299156189,1.061148762702942,0.8751092553138733,0.8927751779556274,0.45606112480163574,0.5698710680007935,0.21073505282402039
157,0.5579325556755066,0.22588221728801727,0.9441347122192383,0.7291876673698425,0.8048666715621948,0.39004501700401306,0.7194729447364807,0.3191794157028198,0.646926760673523,0.3264729976654053,0.8142209053039551,0.4593508243560791
158,0.9556018710136414,0.4337727725505829,0.6613062620162964,0.3098311126232147,0.8613595962524414,0.43655136227607727,0.8737495541572571,0.54680997133255,0.7939401865005493,0.5134305357933044,0.5792064666748047,0.12711705267429352
159,0.6135460734367371,0.23699218034744263,0.6105486154556274,0.29929953813552856,0.989958643913269,0.7678353190422058,0.9022207260131836,0.6184191703796387,0.8342936635017395,0.35571762919425964,0.7753704786300659,0.5015627145767212
160,0.7684296369552612,0.3575376272201538,0.6235713958740234,0.27042099833488464,0.8765805959701538,0.5103530883789062,1.0482913255691528,0.3698200583457947,0.7527464628219604,0.31861236691474915,0.7452813386917114,0.3719274401664734
161,0.6522526741027832,0.30643659830093384,0.7676425576210022,0.47701120376586914,1.0183125734329224,0.5305551290512085,0.6561647057533264,0.31545621156692505,0.8264199495315552,0.4964630603790283,0.8530265092849731,0.5579838156700134
162,0.6873120069503784,0.33674606680870056,1.0335261821746826,0.527956485748291,0.5906615257263184,0.19397857785224915,1.0396885871887207,0.4229829013347626,1.0437482595443726,0.5142268538475037,0.8061494827270508,0.4810991585254669
163,0.7776014804840088,0.33564984798431396,0.8087105751037598,0.4060503840446472,0.674281120300293,0.4404061436653137,0.7869281768798828,0.3529391586780548,0.815119743347168,0.5306575298309326,0.6938288807868958,0.31721076369285583
164,0.8882937431335449,0.45864346623420715,0.8097168207168579,0.3566953241825104,0.8517557382583618,0.3678712248802185,1.0760090351104736,0.5933482646942139,1.093246340751648,0.5957067012786865,0.7276490926742554,0.37617775797843933
165,0.6329653859138489,0.28783315420150757,0.6979678869247437,0.44517725706100464,0.8400519490242004,0.37790340185165405,0.8689476251602173,0.36241230368614197,0.8983525037765503,0.5356673002243042,0.8729847073554993,0.6595906019210815
166,0.7517913579940796,0.5274345278739929,0.9898731112480164,0.5770375728607178,0.8234369158744812,0.46408361196517944,0.8914434313774109,0.47483721375465393,0.6052863001823425,0.25763165950775146,0.8135431408882141,0.3578808307647705
167,0.6967710256576538,0.35913416743278503,0.6161807775497437,0.357818603515625,0.5618339776992798,0.14898033440113068,0.616829514503479,0.19923269748687744,0.6053498983383179,0.264604777097702,0.7315024137496948,0.3396613895893097
168,0.6914867162704468,0.32458844780921936,0.563389778137207,0.2381470501422882,0.7903575897216797,0.6024100184440613,0.8301156163215637,0.3519285023212433,0.6631656885147095,0.2788163721561432,0.7674599885940552,0.35913458466529846
169,0.9545621871948242,0.39990052580833435,0.9211020469665527,0.5583222508430481,0.9094764590263367,0.35788029432296753,0.7355005145072937,0.3010047376155853,0.555802583694458,0.19832530617713928,1.0296409130096436,0.5209158658981323
170,1.0077824592590332,0.7578942179679871,0.6153925657272339,0.21702511608600616,0.9619041681289673,0.506783664226532,0.6288570165634155,0.21517829596996307,0.9560877084732056,0.4180378317832947,0.8118827939033508,0.4957410991191864
171,0.8077572584152222,0.34055015444755554,0.9588302373886108,0.48099491000175476,1.2603566646575928,0.5219023823738098,0.886627197265625,0.4393051862716675,0.618996262550354,0.27769747376441956,0.8637884259223938,0.32553917169570923
172,0.7516598701477051,0.3120841681957245,0.743843138217926,0.4448082447052002,0.8772217035293579,0.3339855670928955,0.8319886326789856,0.4642699360847473,0.747884213924408,0.4512390196323395,0.8794700503349304,0.5812373757362366
173,0.733900249004364,0.32027962803840637,0.7881609797477722,0.6164467334747314,0.6334987878799438,0.29368019104003906,0.7379262447357178,0.3314233422279358,0.9424074292182922,0.43819957971572876,0.6283358335494995,0.23581761121749878
174,0.8751381039619446,0.5150766968727112,0.819534182548523,0.34936946630477905,0.8119498491287231,0.3112252652645111,1.0412075519561768,0.6022074222564697,0.7634631395339966,0.4816785156726837,0.9094557762145996,0.5196641683578491
175,0.9981380701065063,0.31211331486701965,0.7359867095947266,0.3320983946323395,0.9550415277481079,0.7528197169303894,0.7732570171356201,0.29815638065338135,0.6705560684204102,0.26063668727874756,0.7229126691818237,0.3357141613960266
176,0.8293752670288086,0.32163476943969727,0.6207832098007202,0.27943962812423706,0.8507043719291687,0.523979902267456,0.6443682312965393,0.3024297058582306,0.9516612887382507,0.3556469976902008,0.5835996866226196,0.21264486014842987
177,0.7473287582397461,0.5444384217262268,0.7677673101425171,0.50179123878479,0.7822133302688599,0.3363412916660309,0.8380078077316284,0.422028511762619,0.8497679829597473,0.4883987009525299,0.8915441632270813,0.5508903861045837
178,0.7508423924446106,0.4260540008544922,0.8599427342414856,0.3412363529205322,0.7187996506690979,0.4843849241733551,0.733665406703949,0.31071901321411133,0.7179859280586243,0.33642712235450745,0.6210578680038452,0.4762454628944397
179,0.8306699991226196,0.3583487570285797,0.7366868853569031,0.3731081783771515,0.6062948107719421,0.2685402035713196,0.7719532251358032,0.4966764450073242,0.6839211583137512,0.35687634348869324,0.5634655952453613,0.21579675376415253
180,0.7089164853096008,0.29694780707359314,0.7016087770462036,0.29859939217567444,0.8507579565048218,0.3976564407348633,0.9723369479179382,0.422769695520401,0.9751184582710266,0.3655689060688019,0.6968940496444702,0.37429648637771606
181,0.7071410417556763,0.3028344511985779,1.2156672477722168,0.538394570350647,1.1046125888824463,0.5724026560783386,0.6305748224258423,0.24183031916618347,0.6833829879760742,0.2605224549770355,0.7097495794296265,0.3368472456932068
182,0.7372803688049316,0.3275628387928009,0.7850888967514038,0.4486643075942993,1.3349478244781494,0.9878050684928894,0.8680304288864136,0.5771210789680481,0.686863362789154,0.32179388403892517,0.7014567255973816,0.2858828604221344
183,0.826073944568634,0.39768773317337036,1.2494304180145264,0.6517856121063232,0.7468240261077881,0.346736878156662,0.9604694247245789,0.5976216197013855,0.8072468638420105,0.5500509142875671,1.0414066314697266,0.32311567664146423
184,0.6810635924339294,0.2916675806045532,0.8212980031967163,0.3540564477443695,0.6767374277114868,0.29164373874664307,1.0052095651626587,0.3278144299983978,0.7202336192131042,0.3982847034931183,0.8800185322761536,0.5103430151939392
185,0.5967091917991638,0.28545618057250977,0.7548611164093018,0.44034162163734436,0.9001763463020325,0.5232012867927551,0.8190876245498657,0.33672866225242615,0.6408623456954956,0.2332748919725418,1.1883100271224976,0.8479582667350769
186,0.6074830293655396,0.25121453404426575,0.591288685798645,0.2129531055688858,0.7635363340377808,0.30502942204475403,0.7717788219451904,0.37445804476737976,1.071826696395874,0.7251663208007812,1.0739456415176392,0.8109838366508484
187,0.8669254183769226,0.3439783453941345,0.5076977610588074,0.10097268968820572,0.9650995135307312,0.6372473239898682,1.006540298461914,0.3222590684890747,0.8056502342224121,0.5186567902565002,0.7297396063804626,0.38239240646362305
188,0.8982098698616028,0.3835750222206116,0.6678839921951294,0.30430468916893005,0.834058940410614,0.4393446147441864,0.7875189781188965,0.40665125846862793,0.8514724969863892,0.40293362736701965,0.6679829359054565,0.526065468788147
189,0.747393012046814,0.2769544720649719,0.8498846292495728,0.47001051902770996,0.7240064144134521,0.3354659080505371,0.543957531452179,0.09204922616481781,0.8141667246818542,0.4492957890033722,0.8140853047370911,0.6866276860237122
190,0.6688913106918335,0.3040480315685272,0.7237929701805115,0.2790244221687317,1.1569169759750366,0.6539607048034668,0.9494016766548157,0.3202480673789978,0.84345543384552,0.33174461126327515,0.7795720100402832,0.3718935251235962
191,0.8067389726638794,0.4853932559490204,0.8421841859817505,0.41785377264022827,0.7697846293449402,0.46321067214012146,0.8416033983230591,0.36196327209472656,0.7674471139907837,0.5359629392623901,0.6966675519943237,0.33417001366615295
192,0.7407647967338562,0.30043643712997437,0.8721173405647278,0.4428960382938385,0.7023804187774658,0.30115270614624023,0.8735264539718628,0.40942713618278503,0.8547991514205933,0.3336683511734009,1.0333974361419678,0.5776510834693909
193,0.8704465627670288,0.47544151544570923,0.8026647567749023,0.32744646072387695,0.8072951436042786,0.4145754873752594,0.8140808939933777,0.32973232865333557,0.9656237363815308,0.4609065651893616,0.9238587617874146,0.5288692712783813
194,0.6633366346359253,0.27437111735343933,0.777865469455719,0.3561142683029175,0.7536090612411499,0.4897298514842987,0.6693028211593628,0.28798869252204895,0.6689869165420532,0.23363348841667175,0.9048190116882324,0.3663458824157715
195,0.9224397540092468,0.5432361364364624,0.8915714025497437,0.4365270137786865,0.6566790342330933,0.30325648188591003,1.0144964456558228,0.5287263989448547,0.7297671437263489,0.2845245897769928,0.9363805651664734,0.3709702491760254
196,0.641148567199707,0.23703134059906006,0.630407989025116,0.20467662811279297,0.8114736676216125,0.4336306154727936,0.7383273839950562,0.33456385135650635,0.6523130536079407,0.352591872215271,0.8609310984611511,0.40383481979370117
197,0.8624480366706848,0.46140849590301514,1.1616114377975464,0.6155979633331299,1.3253172636032104,0.686951220035553,0.8035866618156433,0.3533681333065033,0.8765617609024048,0.29253000020980835,0.6822792291641235,0.3427591025829315
198,0.7879980206489563,0.324361115694046,0.7943350076675415,0.3418038487434387,0.8646554946899414,0.45539790391921997,0.8345378637313843,0.5150082111358643,0.6734674572944641,0.31402871012687683,0.6100913286209106,0.18042869865894318
199,0.6499400734901428,0.28189611434936523,0.7586792707443237,0.45732754468917847,0.8077829480171204,0.3590831160545349,0.9329611659049988,0.4260123372077942,0.8973886370658875,0.3416007161140442,0.7141094207763672,0.3621034622192383
200,0.841593861579895,0.4643365442752838,0.8236985206604004,0.42357194423675537,0.9785717129707336,0.6161096096038818,0.9269307851791382,0.6332114934921265,0.7622203826904297,0.28434762358665466,0.6295278072357178,0.27914735674858093
201,1.036469578742981,0.4502469003200531,0.7818624377250671,0.4635470509529114,1.0452096462249756,0.5138813853263855,1.12828528881073,0.3039452135562897,0.9876205325126648,0.4706743359565735,0.7139111757278442,0.32068419456481934
202,0.9902911186218262,0.45294880867004395,1.0446724891662598,0.6531105637550354,0.7815794944763184,0.2960962951183319,0.7079930305480957,0.277780681848526,0.8035174608230591,0.3801432251930237,0.9381722211837769,0.3552462160587311
203,0.7580951452255249,0.5006052851676941,0.8374845385551453,0.3596806824207306,0.9009916186332703,0.37127673625946045,0.938311755657196,0.39223676919937134,0.6225883960723877,0.2670568823814392,0.8693796396255493,0.34808775782585144
204,1.1304737329483032,0.7024009823799133,0.9283521771430969,0.34364020824432373,0.7424577474594116,0.3624691665172577,1.0519745349884033,0.4597937762737274,0.9382072687149048,0.41042569279670715,0.8082174062728882,0.40947774052619934
205,0.959191620349884,0.49179157614707947,0.8819600343704224,0.45398277044296265,0.6697528958320618,0.21149331331253052,1.0349280834197998,0.5731448531150818,0.9443970918655396,0.4902207851409912,0.9870101809501648,0.5105732679367065
206,0.6539159417152405,0.2575846016407013,0.6485385894775391,0.30386143922805786,0.6219146847724915,0.26579058170318604,0.7539075613021851,0.4101956784725189,0.8033201098442078,0.3087591528892517,1.077760100364685,0.6260817646980286
207,1.1279696226119995,0.6411740183830261,0.7280162572860718,0.44741320610046387,0.6151577234268188,0.2375374138355255,0.8720253109931946,0.37485235929489136,0.9089112281799316,0.4239642024040222,0.7609261274337769,0.4953715205192566
208,0.9101711511611938,0.6502420902252197,0.7685468792915344,0.44801077246665955,0.717031717300415,0.3529055118560791,1.0805323123931885,0.6901265382766724,0.7576833367347717,0.2708548903465271,0.7689687013626099,0.26093924045562744
209,0.8468570709228516,0.4102150797843933,0.8240359425544739,0.39459991455078125,0.7730699777603149,0.3032746911048889,1.2301820516586304,0.5817879438400269,0.7868431806564331,0.38833990693092346,1.151720643043518,0.534729540348053
210,0.8325874209403992,0.52860426902771,0.9386317133903503,0.3728356957435608,0.6196974515914917,0.2467084527015686,0.9015032052993774,0.3617895245552063,0.6377149820327759,0.4031887948513031,0.7721531987190247,0.4003699719905853
211,0.8940390348434448,0.4324580729007721,0.7700003385543823,0.38491183519363403,0.8101564645767212,0.29246869683265686,0.919585108757019,0.4682616591453552,0.8902206420898438,0.6121510863304138,0.9680086374282837,0.6018351912498474
212,0.9014230966567993,0.38255414366722107,0.9448570013046265,0.3746029734611511,0.7603133916854858,0.4021134376525879,0.9830093383789062,0.7238729000091553,1.0855708122253418,0.42276591062545776,1.0149009227752686,0.574851930141449
213,0.874204158782959,0.49727264046669006,0.6406441926956177,0.23383329808712006,0.9745912551879883,0.4979558289051056,0.7701442241668701,0.28230956196784973,0.9282237887382507,0.5050963163375854,0.6498478651046753,0.16257761418819427
214,0.8467694520950317,0.34799280762672424,0.7442256212234497,0.3075390160083771,0.8976941108703613,0.3869370222091675,0.7079755663871765,0.2806558907032013,1.1258490085601807,0.3811030089855194,0.6446687579154968,0.19311413168907166
215,0.6530023217201233,0.3174648582935333,0.7578614950180054,0.44048839807510376,1.0110805034637451,0.40149474143981934,0.8039164543151855,0.3693416118621826,0.7450356483459473,0.33116963505744934,0.8901023864746094,0.45406636595726013
216,0.7632185220718384,0.34836989641189575,1.0965211391448975,0.615902304649353,0.9553259611129761,0.3981264531612396,0.9589274525642395,0.579508364200592,0.8405202031135559,0.38597309589385986,0.8829900026321411,0.5823343396186829
217,0.872697651386261,0.5328835248947144,0.9070886373519897,0.5057617425918579,1.237187147140503,0.746785581111908,0.9829483032226562,0.4709188640117645,0.9088598489761353,0.5271336436271667,0.8060389757156372,0.44277724623680115
218,0.8143159747123718,0.3281992971897125,0.8729336857795715,0.7207996249198914,0.7603057622909546,0.31634223461151123,0.9299179911613464,0.4613330662250519,1.5119342803955078,1.2490663528442383,0.8718458414077759,0.3694533407688141
219,0.7829423546791077,0.359048992395401,0.8230195045471191,0.320811003446579,0.6758061647415161,0.2826140820980072,1.0913219451904297,0.5289393663406372,0.8463079333305359,0.39835211634635925,0.8992059826850891,0.5927869081497192
220,0.6935285925865173,0.38079240918159485,1.0387308597564697,0.4335719645023346,0.8667682409286499,0.4961846172809601,1.032865285873413,0.5027695298194885,0.71601402759552,0.29472678899765015,1.0379552841186523,0.4606921672821045
221,1.061593770980835,0.57853764295578,0.7313849329948425,0.31673747301101685,1.0389869213104248,0.5759894251823425,0.9856559038162231,0.46875789761543274,0.7998252511024475,0.2975541651248932,1.0858111381530762,0.5145134329795837
222,0.7301949262619019,0.2684994041919708,0.9680556058883667,0.4794127941131592,0.9095406532287598,0.38493555784225464,0.9803501963615417,0.484995037317276,0.8958507776260376,0.31942516565322876,0.8802658915519714,0.4042529761791229
223,0.8742631077766418,0.30855056643486023,1.0022284984588623,0.4619235694408417,0.7502948045730591,0.3339959979057312,0.8841678500175476,0.3457523286342621,0.9182125926017761,0.3603285849094391,1.061730146408081,0.5493015050888062
224,0.8240001797676086,0.3790234625339508,1.1773662567138672,0.6606765985488892,0.9770916700363159,0.42939937114715576,0.8519963026046753,0.25993648171424866,0.9665751457214355,0.42062705755233765,0.6931319236755371,0.30436137318611145
225,0.9634090662002563,0.44675567746162415,0.7384793162345886,0.5069057941436768,0.9332229495048523,0.3626183569431305,0.7282935976982117,0.4383883774280548,0.9399703741073608,0.47390133142471313,1.0698322057724,0.6209017038345337
226,0.8416875600814819,0.40614837408065796,0.8252261281013489,0.4221689999103546,0.9038360714912415,0.33700165152549744,0.8570736050605774,0.3532131314277649,1.2440928220748901,0.7984745502471924,0.7944167852401733,0.4087597727775574
227,0.8751503229141235,0.48193109035491943,0.7543467879295349,0.34364357590675354,0.9718273878097534,0.5317233204841614,0.8789528012275696,0.4614156186580658,0.7646257281303406,0.31632012128829956,1.0863386392593384,0.5188548564910889
228,0.978309154510498,0.6098973155021667,0.9072870016098022,0.44634759426116943,0.652319073677063,0.23643383383750916,1.0349217653274536,0.6645451188087463,0.8862181901931763,0.3741615116596222,0.7914711236953735,0.3715636134147644
229,0.7128405570983887,0.3076549768447876,1.0371099710464478,0.4750930964946747,0.6992415189743042,0.32119321823120117,0.7723792791366577,0.2977766990661621,0.9289873242378235,0.489178329706192,0.9585899114608765,0.32031381130218506
230,0.7017881274223328,0.25854843854904175,1.1451780796051025,0.6218645572662354,0.8528439402580261,0.3932799994945526,0.85578453540802,0.32237914204597473,0.9605187177658081,0.39880281686782837,0.7411290407180786,0.4198250472545624
231,0.9663092494010925,0.8249634504318237,0.9128637313842773,0.5195783972740173,1.1831198930740356,0.8736259937286377,0.824489951133728,0.336443692445755,0.8241733312606812,0.302152156829834,1.0645086765289307,0.562245786190033
232,0.7236491441726685,0.3266485929489136,0.6355695724487305,0.2146952599287033,1.0051252841949463,0.5714624524116516,0.9703548550605774,0.355633407831192,0.8457567095756531,0.41890206933021545,0.7840738296508789,0.2917487621307373
233,0.7782188653945923,0.399690181016922,0.8858600854873657,0.4742944538593292,0.7149710059165955,0.21978741884231567,0.8797371983528137,0.2987528443336487,0.9795964360237122,0.4061543941497803,0.7504177093505859,0.3074440062046051
234,0.8353735208511353,0.4588155150413513,0.7476605176925659,0.32657119631767273,0.8666436076164246,0.34332966804504395,0.6873692870140076,0.24353229999542236,0.8157938122749329,0.2700265049934387,0.7537029385566711,0.23617419600486755
235,0.8927595019340515,0.5356810688972473,0.7839655876159668,0.39011266827583313,0.8686744570732117,0.484833687543869,0.9644966125488281,0.3723883330821991,0.9115989804267883,0.5604424476623535,0.886151909828186,0.38349461555480957
236,0.769086480140686,0.29899394512176514,0.8392274975776672,0.34874796867370605,0.9883431196212769,0.2963123619556427,0.6972895860671997,0.24001631140708923,0.9290000796318054,0.3959977626800537,0.76969975233078,0.31952667236328125
237,0.6590303182601929,0.20228084921836853,0.9642836451530457,0.42239123582839966,0.8116676211357117,0.49709150195121765,0.8315750360488892,0.28328055143356323,1.0689995288848877,0.39895185828208923,0.8723199963569641,0.31917843222618103
238,0.9484869241714478,0.330564945936203,0.7952871918678284,0.33778223395347595,0.9636999368667603,0.3545061945915222,0.7752907872200012,0.21357928216457367,1.2034337520599365,0.5103636980056763,0.7619903683662415,0.33805206418037415
239,0.7438915371894836,0.28312620520591736,0.8457679748535156,0.3351174294948578,0.9285299181938171,0.3555818498134613,0.8609808087348938,0.31599998474121094,0.8337391018867493,0.28687700629234314,0.8863175511360168,0.4318571090698242
240,1.0396554470062256,0.5507176518440247,1.0024491548538208,0.4827302396297455,0.9662637710571289,0.3365554213523865,1.0850635766983032,0.5194157958030701,0.9286541938781738,0.4084026515483856,0.7068091034889221,0.25061050057411194
241,0.7999270558357239,0.37130847573280334,0.8709926605224609,0.28184205293655396,0.6196020841598511,0.16603708267211914,0.7440729141235352,0.24348002672195435,0.7815711498260498,0.25843581557273865,1.1034998893737793,0.49474847316741943
242,1.1155139207839966,0.7234166264533997,1.0793167352676392,0.42967119812965393,0.9081376194953918,0.39890608191490173,0.9898120164871216,0.4144805073738098,0.8374085426330566,0.2705797255039215,0.8884567022323608,0.3543679416179657
243,0.8389002680778503,0.3370334804058075,0.7955443263053894,0.39110004901885986,0.9466530680656433,0.4334232807159424,0.9426363706588745,0.5247088670730591,0.8229630589485168,0.3659134805202484,0.7782921195030212,0.30774593353271484
244,0.890738844871521,0.3866272270679474,0.9869696497917175,0.368299275636673,0.736347496509552,0.3019208312034607,1.0021190643310547,0.4663785398006439,0.8868524432182312,0.28547748923301697,1.0396783351898193,0.5044416189193726
245,0.7629567980766296,0.2732480764389038,0.93841552734375,0.4761088490486145,0.7196249961853027,0.23397547006607056,0.9356932640075684,0.4330672025680542,1.1925147771835327,0.768668532371521,0.9773548245429993,0.419275164604187
246,0.7372229099273682,0.22955715656280518,1.1191332340240479,0.5225715041160583,0.7726786136627197,0.3677738606929779,0.8474992513656616,0.334543377161026,1.0374128818511963,0.37083563208580017,0.8126509785652161,0.26097384095191956
247,0.8463684916496277,0.5644111037254333,0.773277997970581,0.477378249168396,0.7262998819351196,0.2719804048538208,1.2402722835540771,0.7574923038482666,0.9227763414382935,0.2627415955066681,1.1383728981018066,0.6347907185554504
248,0.6464784145355225,0.22382061183452606,0.8478261232376099,0.4970255196094513,0.7348302006721497,0.28224465250968933,0.8599058389663696,0.39037197828292847,1.0555226802825928,0.5337023138999939,1.0787473917007446,0.46526476740837097
249,0.8728928565979004,0.5003153681755066,0.9507856369018555,0.5036730766296387,1.0301437377929688,0.8559654355049133,0.8174788355827332,0.41195592284202576,0.8970121145248413,0.33546727895736694,0.9424585103988647,0.44026535749435425
250,0.9729941487312317,0.4665660560131073,0.8289645910263062,0.2981492280960083,0.7749130725860596,0.29226425290107727,0.9006856679916382,0.5149048566818237,0.8158038258552551,0.23469187319278717,0.728965163230896,0.17713354527950287
251,0.6524083018302917,0.2759306728839874,0.8822420835494995,0.45117059350013733,0.7158873677253723,0.2693064212799072,0.9042105674743652,0.305808424949646,0.984546959400177,0.3681718707084656,1.0900729894638062,0.48927560448646545
252,0.9591618776321411,0.4771864712238312,0.7583677172660828,0.26202231645584106,0.8681367635726929,0.35966429114341736,0.9216189384460449,0.5001615881919861,1.0865378379821777,0.2533431351184845,0.9581689834594727,0.28567588329315186
253,0.8460789918899536,0.4541650414466858,0.8111874461174011,0.275992751121521,1.0691535472869873,0.7979341745376587,0.6589434146881104,0.16570061445236206,0.9191118478775024,0.31553512811660767,1.0724378824234009,0.4989979863166809
254,1.0020860433578491,0.5274085998535156,0.9786995649337769,0.4015469551086426,0.6371675133705139,0.19963879883289337,0.8405076265335083,0.29281917214393616,1.1612844467163086,0.5119726657867432,0.9379099607467651,0.3155822455883026
255,0.6993427872657776,0.21736711263656616,0.8228361010551453,0.28713977336883545,0.9292904138565063,0.4050631821155548,0.9258273839950562,0.37297797203063965,0.8949472308158875,0.3629767596721649,0.8359290361404419,0.4522843360900879
256,1.0225414037704468,0.3955841660499573,0.8867805600166321,0.24988307058811188,0.7959701418876648,0.31115391850471497,0.938027024269104,0.3938768804073334,0.9181942939758301,0.3774818181991577,1.1858885288238525,0.3979604244232178
257,0.9970170855522156,0.6078600287437439,0.965446949005127,0.5062575340270996,0.8667237162590027,0.30088844895362854,1.1610524654388428,0.6469690203666687,0.7538877725601196,0.13547930121421814,1.0826160907745361,0.43422558903694153
258,1.0736452341079712,0.49251872301101685,1.012581467628479,0.49679723381996155,0.8884528875350952,0.2816551923751831,1.0999171733856201,0.4864075183868408,1.007163166999817,0.3406374156475067,1.309085488319397,0.6363775134086609
259,0.934933066368103,0.2586250305175781,0.9060115814208984,0.49080994725227356,0.9227895736694336,0.5345056056976318,1.0952554941177368,0.5289357900619507,0.9920648336410522,0.2718345820903778,0.8970232009887695,0.3044254779815674
260,1.0833332538604736,0.5126410722732544,0.7529865503311157,0.39196592569351196,1.052566409111023,0.45654138922691345,0.8403249979019165,0.2899719476699829,0.8616989850997925,0.27982476353645325,1.0357863903045654,0.27256596088409424
261,0.7827960848808289,0.31727927923202515,0.8683751821517944,0.33801645040512085,0.9013392329216003,0.40327873826026917,0.7069600820541382,0.19841083884239197,0.9392980337142944,0.3681042194366455,0.9403337240219116,0.31858745217323303
262,0.9348689913749695,0.39232033491134644,1.0917012691497803,0.5168682336807251,1.1742912530899048,0.6997271180152893,1.1166274547576904,0.3552680015563965,1.007322072982788,0.6927562355995178,1.0066372156143188,0.43207645416259766
263,0.6428190469741821,0.23130236566066742,0.8896905779838562,0.3205361068248749,1.050500750541687,0.47301095724105835,0.8141332864761353,0.27277645468711853,0.9998981356620789,0.4030325412750244,0.9471503496170044,0.41409412026405334
264,0.9439296722412109,0.30481091141700745,1.017966628074646,0.5005216598510742,1.1033204793930054,0.43748530745506287,0.7478972673416138,0.36019253730773926,0.8649544715881348,0.3194112777709961,0.9618443250656128,0.4121609926223755
265,1.0000252723693848,0.29330551624298096,0.8724333047866821,0.31090354919433594,0.9675779342651367,0.37877053022384644,0.9636333584785461,0.6211356520652771,0.9749048948287964,0.3522132337093353,0.7263072729110718,0.2481122761964798
266,1.220825433731079,0.7500728964805603,0.9841899871826172,0.34426963329315186,0.9134212732315063,0.36890000104904175,0.9075958132743835,0.35131993889808655,1.0873801708221436,0.5659621953964233,0.8418399095535278,0.26744693517684937
267,0.825001060962677,0.30394065380096436,0.7896118760108948,0.22681640088558197,0.9748350381851196,0.2654159963130951,0.942352294921875,0.3115541636943817,1.0314363241195679,0.3859096169471741,1.130892038345337,0.3600362539291382
268,0.7796796560287476,0.27173587679862976,0.831799328327179,0.44207343459129333,0.9664818644523621,0.3404158353805542,1.081204891204834,0.3945237994194031,1.0836429595947266,0.4731651842594147,0.755251944065094,0.3053859770298004
269,1.0045199394226074,0.5120809078216553,1.1524062156677246,0.5533989667892456,0.8426902890205383,0.4347676634788513,0.8451509475708008,0.2609032392501831,0.9846724271774292,0.3131754398345947,1.0812745094299316,0.3836544156074524
270,1.291276216506958,0.6643233895301819,0.947611927986145,0.32735422253608704,0.7588049173355103,0.28508803248405457,1.058392882347107,0.3615012764930725,0.7616850137710571,0.26241371035575867,0.7923391461372375,0.2659628987312317
271,0.9707962870597839,0.3777000606060028,1.1474946737289429,0.38631153106689453,0.9574282765388489,0.339469850063324,1.2762916088104248,0.44624045491218567,0.9698655009269714,0.3432352840900421,0.9230939745903015,0.26876693964004517
272,0.8514361381530762,0.30411311984062195,0.9172436594963074,0.3727397620677948,0.6956056356430054,0.199334517121315,0.9101740121841431,0.3981170058250427,0.8961156010627747,0.3664523661136627,0.8073803186416626,0.4041517376899719
273,0.9835034608840942,0.40964850783348083,1.197614312171936,0.5838724374771118,0.8693572282791138,0.39889177680015564,0.8525675535202026,0.30130597949028015,0.8383274078369141,0.2862381637096405,1.09525465965271,0.42791086435317993
274,1.0396456718444824,0.24670767784118652,0.9331588745117188,0.4539943337440491,1.277108907699585,0.5517466068267822,0.9874016642570496,0.44203272461891174,0.9472179412841797,0.364787220954895,0.9945975542068481,0.53626549243927
275,0.7894994616508484,0.3681504428386688,0.9801271557807922,0.3153884708881378,0.8278794288635254,0.35886794328689575,1.224985122680664,0.5654947757720947,0.8633845448493958,0.23564760386943817,0.9382075071334839,0.4423695206642151
276,0.8196125030517578,0.41377151012420654,0.7598501443862915,0.19512145221233368,0.9999173879623413,0.39079341292381287,1.0001369714736938,0.27605631947517395,0.8050149083137512,0.21419434249401093,0.9057854413986206,0.3191171884536743
277,0.6906208992004395,0.2645081579685211,0.7299616932868958,0.1774722933769226,0.927688717842102,0.41379061341285706,0.8383893966674805,0.28670626878738403,1.1126292943954468,0.4218853712081909,1.058707356452942,0.47795966267585754
278,1.004349708557129,0.4003979563713074,0.9796675443649292,0.3856200873851776,1.1019996404647827,0.4074026644229889,0.782520055770874,0.2802886962890625,0.932721734046936,0.35693228244781494,0.9975382089614868,0.37734663486480713
279,0.934587836265564,0.3829139471054077,0.9135830998420715,0.23879700899124146,0.9661949276924133,0.31225764751434326,0.924212634563446,0.37303876876831055,0.881960391998291,0.35551711916923523,0.8697773218154907,0.4228457510471344
280,0.7924579381942749,0.20597310364246368,1.0355523824691772,0.4249991774559021,0.8667888641357422,0.34122970700263977,0.9931735992431641,0.5452247858047485,0.859552264213562,0.23362897336483002,0.8074353933334351,0.20413798093795776
281,0.7349249124526978,0.241896852850914,0.8068496584892273,0.3170212507247925,0.9334546327590942,0.274453341960907,1.0228129625320435,0.42499053478240967,0.9162708520889282,0.2764938473701477,0.918864905834198,0.2747591435909271
282,1.0609824657440186,0.537244439125061,0.9646478891372681,0.40352731943130493,0.8683139681816101,0.26697203516960144,0.9170762300491333,0.3638312518596649,1.0309343338012695,0.5326998829841614,1.053229570388794,0.3673362135887146
283,0.9905542135238647,0.43230658769607544,0.9598479270935059,0.2918318510055542,1.3248012065887451,0.6104546189308167,1.047019600868225,0.4799961745738983,1.0210211277008057,0.3793147802352905,1.1096785068511963,0.4216710329055786
284,0.9342467188835144,0.49113017320632935,0.8381648063659668,0.2796142101287842,0.7449634671211243,0.2445300817489624,0.9777790904045105,0.4730486273765564,0.9684070348739624,0.17939622700214386,0.9499192237854004,0.3323292136192322
285,1.0778018236160278,0.3714248538017273,0.9387747645378113,0.3763962388038635,0.8916313052177429,0.34974440932273865,0.9073804020881653,0.3320004940032959,0.7738281488418579,0.26830580830574036,0.8638092279434204,0.27494338154792786
286,1.016257882118225,0.3970816731452942,1.1293278932571411,0.6219576597213745,1.027693271636963,0.4881371855735779,0.9194509387016296,0.37312570214271545,0.8835017085075378,0.30194348096847534,0.8669203519821167,0.3013969659805298
287,0.9744372367858887,0.3749047815799713,1.137963056564331,0.30639898777008057,0.9809415936470032,0.5076583623886108,0.8049113154411316,0.2863751947879791,0.7836726903915405,0.256917804479599,0.9656322598457336,0.43926888704299927
288,1.0470333099365234,0.46994152665138245,1.1301649808883667,0.5364033579826355,0.9866752624511719,0.38985830545425415,1.0781505107879639,0.3480597138404846,0.8278810381889343,0.2876322567462921,1.1112725734710693,0.48509517312049866
289,0.7752065658569336,0.32488468289375305,1.0459778308868408,0.5779483318328857,0.8945276141166687,0.3233163058757782,0.9135505557060242,0.2579673230648041,0.9901500940322876,0.2741064727306366,0.8728446960449219,0.2615610659122467
290,0.8261297345161438,0.4295470714569092,0.7122848629951477,0.16298021376132965,0.9529822468757629,0.29374104738235474,1.037811040878296,0.364624947309494,1.1750565767288208,0.49613288044929504,0.8183595538139343,0.32496681809425354
291,0.7604752779006958,0.2712215781211853,0.8868318796157837,0.3694186508655548,0.945766806602478,0.5139416456222534,1.0062875747680664,0.5602830648422241,0.8288589715957642,0.21370083093643188,0.7333428859710693,0.13963143527507782
292,0.794632613658905,0.25568240880966187,0.9886768460273743,0.4849379360675812,0.868529200553894,0.46918654441833496,0.9829117655754089,0.4100450277328491,0.9305446743965149,0.20179302990436554,1.1878656148910522,0.6425251364707947
293,0.9077828526496887,0.26941782236099243,1.218453049659729,0.8569862842559814,0.7960439920425415,0.24249765276908875,0.9929988980293274,0.5695980787277222,1.2798045873641968,0.6971116065979004,0.9157177805900574,0.4676664471626282
294,0.8214309811592102,0.26405131816864014,1.322951078414917,0.428219199180603,0.8840993046760559,0.33951595425605774,0.783420205116272,0.32902437448501587,0.8805876970291138,0.20284785330295563,0.9070795774459839,0.3462947607040405
295,0.7566484212875366,0.2549765408039093,0.9477862119674683,0.3015012741088867,1.0772613286972046,0.5596300959587097,0.8073223233222961,0.24174077808856964,0.9591862559318542,0.31879115104675293,0.8521549105644226,0.2237195074558258
296,0.8951404690742493,0.23359550535678864,0.8882838487625122,0.42036929726600647,0.7198911309242249,0.23935216665267944,0.9605299234390259,0.34683147072792053,0.9474204182624817,0.266775906085968,0.8977971076965332,0.24318934977054596
297,0.9185439944267273,0.4244891107082367,0.8622761964797974,0.2740020453929901,0.7732113003730774,0.24470075964927673,1.1294186115264893,0.4743400812149048,0.8925491571426392,0.2739550769329071,0.8548544645309448,0.27868765592575073
298,0.9260846376419067,0.4029697775840759,0.8385412096977234,0.25582414865493774,0.74555504322052,0.12314871698617935,0.9317742586135864,0.36437714099884033,1.2241027355194092,0.5258213877677917,1.1358698606491089,0.344046026468277
299,0.8529059290885925,0.22247515618801117,0.9936500787734985,0.3360603153705597,1.0657628774642944,0.7381144762039185,1.0206749439239502,0.3673389256000519,0.93235844373703,0.33663174510002136,0.7841374278068542,0.2630196511745453
300,0.9803885221481323,0.24636536836624146,1.0134773254394531,0.3979152739048004,0.7252887487411499,0.1643459051847458,0.8250547647476196,0.2552315890789032,0.7461363077163696,0.16450566053390503,0.7808408141136169,0.31998157501220703
301,0.9644112586975098,0.42727524042129517,0.8290241360664368,0.1852794587612152,0.9204862713813782,0.3057492971420288,0.8519020080566406,0.2985420525074005,0.944880485534668,0.32177311182022095,0.8829077482223511,0.2052627056837082
302,0.9081656336784363,0.5284264087677002,0.8406231999397278,0.23489823937416077,0.8867212533950806,0.30010440945625305,1.0621438026428223,0.4609234929084778,1.2227367162704468,0.45150697231292725,0.8359748125076294,0.2742202877998352
303,0.7445229291915894,0.21705292165279388,0.883050262928009,0.2668601870536804,0.7715339660644531,0.24135930836200714,0.891375720500946,0.4110865294933319,1.194543719291687,0.6145831942558289,0.7688499689102173,0.2252385914325714
304,0.9798466563224792,0.4301956593990326,0.8545913696289062,0.3187742829322815,0.7666624784469604,0.25610098242759705,0.9310701489448547,0.21170660853385925,1.138820767402649,0.4529585838317871,1.017153024673462,0.42329391837120056
305,0.8954316973686218,0.4394051730632782,0.87196284532547,0.3137383759021759,0.9842867851257324,0.36966580152511597,0.9581078290939331,0.3615230321884155,0.8164068460464478,0.3444474935531616,0.8278436660766602,0.3557778000831604
306,0.7504493594169617,0.32803505659103394,0.6330069899559021,0.09819142520427704,0.9422710537910461,0.2991122901439667,0.7921236157417297,0.2664066255092621,1.1122745275497437,0.4712699055671692,0.7936590909957886,0.21045780181884766
307,0.7588613033294678,0.3949074447154999,0.9696289300918579,0.31463706493377686,0.8355720639228821,0.2533341944217682,1.0770713090896606,0.44766825437545776,0.9937330484390259,0.36950698494911194,0.7121793031692505,0.11110090464353561
308,0.7874062657356262,0.29298269748687744,0.9401823878288269,0.30145394802093506,0.7959672808647156,0.24606077373027802,1.0298068523406982,0.3587518036365509,0.8408893346786499,0.35284826159477234,0.7886155247688293,0.2752959430217743
309,1.019919514656067,0.31822672486305237,0.7305222749710083,0.22566932439804077,0.8961784243583679,0.2706114649772644,0.9526713490486145,0.2245323210954666,0.9601444005966187,0.2752801477909088,1.2015366554260254,0.44795429706573486
310,0.748121976852417,0.24511457979679108,0.8565298318862915,0.2839823365211487,1.0448538064956665,0.5202906131744385,0.8736809492111206,0.2736738324165344,0.9445644617080688,0.27361831068992615,0.8964830636978149,0.3043448328971863
311,0.7664956450462341,0.17061950266361237,1.0683953762054443,0.49285227060317993,0.9449976086616516,0.43658512830734253,0.7309873104095459,0.24828605353832245,0.9269129633903503,0.3174884021282196,1.038909673690796,0.20919309556484222
312,0.8182973861694336,0.3226487338542938,0.9925299882888794,0.3592989146709442,0.8218113780021667,0.3599052131175995,0.869554340839386,0.2898159921169281,0.9349525570869446,0.19377148151397705,0.9538578987121582,0.39796391129493713
313,0.8598284721374512,0.3055493235588074,0.7718631029129028,0.21633599698543549,1.0175440311431885,0.368053674697876,0.8892567753791809,0.3746612071990967,0.8672515749931335,0.25171327590942383,0.8252197504043579,0.39876046776771545
314,0.8020213842391968,0.26055672764778137,0.7740947008132935,0.30854853987693787,0.7815253734588623,0.4065316319465637,1.070443868637085,0.4454255998134613,0.7964690923690796,0.2322724461555481,0.9858059883117676,0.36433544754981995
315,0.88664311170578,0.3790324926376343,1.02711021900177,0.32851165533065796,0.9742239713668823,0.39821526408195496,0.9089528322219849,0.30169326066970825,1.0677934885025024,0.3156042993068695,0.8715370297431946,0.24763673543930054
316,0.7568851709365845,0.265230655670166,1.2289245128631592,0.5364765524864197,1.1361148357391357,0.5609522461891174,0.9863227605819702,0.2670571208000183,0.9714545011520386,0.2649914622306824,1.0019222497940063,0.31800898909568787
317,0.8179605603218079,0.2439986914396286,0.6832043528556824,0.21125838160514832,0.9357635378837585,0.3271510601043701,0.9973157644271851,0.3556685745716095,0.9960368275642395,0.39048540592193604,0.8275175094604492,0.2766018211841583
318,0.9486745595932007,0.3132030963897705,0.8572171926498413,0.3162618577480316,1.1119678020477295,0.4698184132575989,0.8000168800354004,0.25174713134765625,0.9205424189567566,0.3469102382659912,0.8932226300239563,0.21653060615062714
319,0.8561114072799683,0.3364159166812897,0.8624109029769897,0.22117222845554352,0.8639227747917175,0.3808943033218384,0.8888112306594849,0.3062018156051636,1.1060750484466553,0.23547916114330292,0.9396011233329773,0.3135444223880768
320,0.7542040944099426,0.24314020574092865,0.8984085321426392,0.23654207587242126,0.8405271768569946,0.32150977849960327,0.9219251871109009,0.27007541060447693,1.012845754623413,0.33937427401542664,0.8209401965141296,0.23788192868232727
321,0.89544278383255,0.2522153854370117,0.9713843464851379,0.31444981694221497,0.8171299695968628,0.22779181599617004,0.9983369708061218,0.3638758659362793,1.1894958019256592,0.2983202636241913,0.964063823223114,0.41282400488853455
322,0.8254863023757935,0.26778438687324524,1.2367188930511475,0.6130178570747375,0.7864599227905273,0.2551744282245636,1.153438687324524,0.3416525721549988,0.9732265472412109,0.258851021528244,0.9072995185852051,0.33083364367485046
323,0.9531804323196411,0.40239861607551575,1.0619465112686157,0.3196171224117279,0.9317847490310669,0.3460792005062103,0.8728898167610168,0.40168967843055725,0.8163354992866516,0.23561511933803558,0.8415459394454956,0.31849655508995056
324,0.9772979617118835,0.261877179145813,1.0293347835540771,0.27719366550445557,0.8369989395141602,0.30390113592147827,0.896017849445343,0.27011463046073914,0.8566875457763672,0.19378367066383362,0.8936130404472351,0.2845165729522705
325,0.9772258996963501,0.33379071950912476,1.124492883682251,0.42463183403015137,1.1524693965911865,0.5532960891723633,1.029929757118225,0.2560504674911499,0.9199296832084656,0.28991493582725525,1.0638892650604248,0.5228659510612488
326,0.9913712739944458,0.3641325533390045,0.7702510356903076,0.15693481266498566,0.8517929315567017,0.35806894302368164,1.0942062139511108,0.5687786340713501,0.8281345367431641,0.22940291464328766,0.9585767984390259,0.3574293255805969
327,0.9557526707649231,0.441471666097641,1.1150248050689697,0.5402909517288208,0.8955411911010742,0.2611019015312195,0.8399931192398071,0.2872205674648285,0.7908302545547485,0.1975797414779663,1.0148816108703613,0.21947355568408966
328,0.9354445338249207,0.2953247129917145,1.0266013145446777,0.3345305025577545,0.8629754781723022,0.2408808469772339,1.0536328554153442,0.4595596492290497,0.9159477353096008,0.32870063185691833,1.0458357334136963,0.5029548406600952
329,0.793548583984375,0.2733883559703827,0.7974033355712891,0.2362498939037323,0.7332292199134827,0.1819208711385727,1.087005853652954,0.39661461114883423,0.7322333455085754,0.18687571585178375,0.9080225825309753,0.3148166835308075
330,0.9311927556991577,0.3120231628417969,0.7973519563674927,0.27651673555374146,0.8351689577102661,0.302600234746933,0.9251128435134888,0.2531869411468506,0.9375524520874023,0.36626678705215454,0.948698878288269,0.4877280592918396
331,1.0633747577667236,0.4165068566799164,0.8963408470153809,0.2343786060810089,0.9467918276786804,0.3301376402378082,0.9187349081039429,0.22642135620117188,0.892711341381073,0.23072615265846252,1.107418179512024,0.2704342305660248
332,0.803902804851532,0.29047319293022156,1.0091173648834229,0.49038317799568176,0.9263631105422974,0.3100348711013794,0.958670973777771,0.3602713644504547,1.0230562686920166,0.4363612234592438,0.8397954106330872,0.23207630217075348
333,1.05769944190979,0.44704270362854004,0.9477225542068481,0.33722978830337524,0.9599676132202148,0.20081262290477753,0.8865585327148438,0.30031073093414307,0.906909167766571,0.3352159559726715,1.049964427947998,0.21295380592346191
334,0.8833758234977722,0.3437201678752899,0.9365218281745911,0.24616648256778717,1.144514799118042,0.3824477791786194,0.7252147793769836,0.18640510737895966,0.9079353213310242,0.3298906683921814,0.9707554578781128,0.37321221828460693
335,0.8885406255722046,0.29145747423171997,0.7870681285858154,0.20992830395698547,0.7348551750183105,0.18758629262447357,0.8668748736381531,0.2058899700641632,0.8146449327468872,0.15709316730499268,0.7860780954360962,0.2632417380809784
336,0.8109639286994934,0.24917808175086975,0.8815346956253052,0.3262096643447876,0.9046745300292969,0.2707919180393219,0.8795062303543091,0.27757832407951355,0.8123900294303894,0.16165709495544434,0.7997366189956665,0.35123133659362793
337,0.7484289407730103,0.22438925504684448,0.906729519367218,0.45028820633888245,0.912110447883606,0.22981049120426178,0.9236735105514526,0.3674546480178833,1.0096890926361084,0.33521950244903564,1.0589103698730469,0.3052383065223694
338,0.8826578855514526,0.4345236122608185,1.0304769277572632,0.3552514314651489,0.9616595506668091,0.33113810420036316,0.8600248098373413,0.2711992859840393,0.9087949991226196,0.3422265350818634,0.8717907667160034,0.27047353982925415
339,0.6942819356918335,0.148792564868927,1.0787575244903564,0.2771182060241699,0.9070096015930176,0.4042874276638031,1.034999966621399,0.30369046330451965,0.8775612115859985,0.32611626386642456,0.8885993957519531,0.3085857927799225
340,0.9913007616996765,0.36664801836013794,0.7737826108932495,0.23457974195480347,0.9062511324882507,0.27703070640563965,0.8899986147880554,0.23372644186019897,0.888947606086731,0.24534760415554047,1.0611602067947388,0.580330491065979
341,1.0246589183807373,0.22679157555103302,0.9698030352592468,0.33393508195877075,0.7325488328933716,0.1627470850944519,0.8940547704696655,0.3482116460800171,0.9360916018486023,0.23378269374370575,0.8273552656173706,0.1328665167093277
342,0.8558202981948853,0.26545631885528564,1.0052343606948853,0.3693975508213043,0.8533240556716919,0.20199215412139893,0.9713988304138184,0.338877409696579,0.8517078161239624,0.16638611257076263,1.0586060285568237,0.2514817714691162
343,0.8536609411239624,0.34035804867744446,0.8949469327926636,0.24351483583450317,0.8137593269348145,0.21816891431808472,0.981092095375061,0.3310607075691223,0.83179771900177,0.2018250823020935,0.9185453653335571,0.33738771080970764
344,0.8619368672370911,0.23568086326122284,0.892519474029541,0.3094331622123718,0.8935228586196899,0.31561964750289917,0.8188198208808899,0.26057836413383484,0.8335406184196472,0.2729022800922394,0.8259870409965515,0.21040333807468414
345,0.8179360628128052,0.2945156395435333,0.9134048223495483,0.27363213896751404,1.0636539459228516,0.37914595007896423,1.0323669910430908,0.20575501024723053,0.8159691691398621,0.21347147226333618,0.7203267216682434,0.21431978046894073
346,0.8729193806648254,0.34157419204711914,0.9434267282485962,0.30498573184013367,0.9974800944328308,0.3894384503364563,1.263061761856079,0.2864738404750824,0.8796983957290649,0.2354721873998642,1.0931419134140015,0.38925591111183167
347,1.0329210758209229,0.38216474652290344,0.9506697654724121,0.4578954875469208,0.8713920712471008,0.24483241140842438,0.7923567891120911,0.17347443103790283,0.7997015118598938,0.19262577593326569,0.8560959100723267,0.2243591547012329
348,0.9221745729446411,0.23292812705039978,0.9583252668380737,0.36584189534187317,0.9491715431213379,0.498407781124115,1.077182412147522,0.3042190670967102,0.6909506320953369,0.17085552215576172,0.6807509660720825,0.13101962208747864
349,0.9947543144226074,0.3883662223815918,0.9255915880203247,0.35255157947540283,0.9050771594047546,0.2409048080444336,0.9072052836418152,0.25064000487327576,0.9362676739692688,0.35142138600349426,0.9250606298446655,0.3012494742870331
350,0.972405731678009,0.3130985498428345,0.9133130311965942,0.2896009385585785,0.8363482356071472,0.20901897549629211,0.8862183690071106,0.2928595542907715,0.7660291194915771,0.17269815504550934,0.8571600914001465,0.2658752202987671
351,0.8046889305114746,0.1759059876203537,1.009792447090149,0.2717449367046356,0.8808185458183289,0.27014753222465515,0.9990862607955933,0.22755947709083557,1.0206964015960693,0.5471763014793396,1.07882821559906,0.47511693835258484
352,0.7669440507888794,0.16205525398254395,1.047151803970337,0.30883467197418213,0.7961586713790894,0.24872422218322754,1.0713860988616943,0.3801608979701996,1.1755821704864502,0.4445507824420929,1.0956051349639893,0.41561150550842285
353,0.8368544578552246,0.28798621892929077,0.8097609281539917,0.2368531972169876,0.8684313893318176,0.25231388211250305,0.777906060218811,0.23666660487651825,0.8980799913406372,0.3132737874984741,0.8688586354255676,0.2286873459815979
354,0.9274944067001343,0.3988450765609741,0.9235532879829407,0.34585651755332947,0.9900071024894714,0.2012241780757904,0.9266242980957031,0.15784700214862823,0.8845268487930298,0.2543528079986572,0.8321426510810852,0.2864197790622711
355,0.9233468770980835,0.22271095216274261,1.0863534212112427,0.3622816205024719,0.8245711326599121,0.23397862911224365,0.9195976257324219,0.23453539609909058,1.0061230659484863,0.301960825920105,1.0971145629882812,0.41243794560432434
356,0.9888347387313843,0.24892249703407288,0.8736125230789185,0.37649062275886536,0.85169517993927,0.20059484243392944,0.9479560852050781,0.2389807552099228,0.7978073954582214,0.21947160363197327,0.9329940676689148,0.4276984632015228
357,0.801935076713562,0.2969183325767517,1.1518820524215698,0.3569016456604004,0.8513607978820801,0.28163546323776245,0.8879085779190063,0.2894550561904907,0.9337676763534546,0.43116042017936707,0.8229343295097351,0.17359577119350433
358,0.8763602375984192,0.3599531352519989,1.1842238903045654,0.48574164509773254,0.8466750383377075,0.30826887488365173,0.7989640831947327,0.15416781604290009,0.8897700309753418,0.1834481805562973,0.8560994863510132,0.22038720548152924
359,0.9239460825920105,0.40062952041625977,1.018243670463562,0.3176127076148987,1.000133752822876,0.28180721402168274,0.8452402949333191,0.16722682118415833,0.7552487850189209,0.18513606488704681,0.9608252644538879,0.27776196599006653
360,0.7445972561836243,0.20579835772514343,0.8146439790725708,0.21103256940841675,0.9366723895072937,0.29380470514297485,0.9072479009628296,0.33467018604278564,0.8078618049621582,0.2244253009557724,0.9013427495956421,0.17688728868961334
361,0.8589639663696289,0.23576168715953827,0.9006575345993042,0.36775562167167664,0.9736564755439758,0.4011811912059784,0.9419552087783813,0.2846467196941376,0.9019791483879089,0.24231985211372375,1.0153898000717163,0.541503369808197
362,0.8919650912284851,0.46088314056396484,1.1437103748321533,0.35221433639526367,0.9216426610946655,0.34453248977661133,0.9698664546012878,0.2802309989929199,0.8834112882614136,0.3172048032283783,0.968253493309021,0.3390616476535797
363,0.95039302110672,0.37677860260009766,0.9895901679992676,0.4901547133922577,1.0094867944717407,0.4612012207508087,0.8961899876594543,0.2691517472267151,0.9070835113525391,0.2489311695098877,0.920042872428894,0.2579922676086426
364,0.9768813848495483,0.36357417702674866,1.1030519008636475,0.33388400077819824,0.8448569178581238,0.26361528038978577,0.9024726748466492,0.2555653750896454,0.9056132435798645,0.24918366968631744,0.8500011563301086,0.18387740850448608
365,1.022623062133789,0.24501430988311768,0.8399451375007629,0.2569192051887512,0.9956596493721008,0.3246203064918518,0.9111810922622681,0.2989114820957184,0.8874144554138184,0.250777930021286,0.802717387676239,0.22498494386672974
366,1.0727226734161377,0.46363013982772827,0.8527714014053345,0.24953024089336395,1.0439441204071045,0.23408645391464233,0.7660030126571655,0.28512951731681824,0.7300991415977478,0.24040459096431732,1.0059728622436523,0.3575776517391205
367,0.7981070280075073,0.18846334517002106,0.9491031765937805,0.28649839758872986,1.0008089542388916,0.32004645466804504,0.9134896397590637,0.3914406895637512,0.8387826681137085,0.2318473756313324,0.9129070043563843,0.2079586684703827
368,0.8174866437911987,0.28449341654777527,0.7926654815673828,0.18713010847568512,1.049138069152832,0.4412318468093872,0.7722604870796204,0.2296152114868164,0.826623260974884,0.22957433760166168,0.9871910810470581,0.448498398065567
369,0.8991140127182007,0.34944358468055725,0.808365523815155,0.16741879284381866,1.001204252243042,0.2519589960575104,1.0647143125534058,0.29179200530052185,0.8309376835823059,0.21279150247573853,0.9679536819458008,0.25142186880111694
370,0.8452617526054382,0.286384642124176,0.9309177398681641,0.24392490088939667,0.8519412875175476,0.32546931505203247,0.8768008351325989,0.1839389055967331,0.8834721446037292,0.2792539894580841,0.9997421503067017,0.3370710611343384
371,0.8819435238838196,0.24555690586566925,0.8641259074211121,0.30211445689201355,0.7644777894020081,0.1862042248249054,0.8613950610160828,0.2951925992965698,0.6932960748672485,0.13431045413017273,0.7389617562294006,0.27121448516845703
372,0.830954372882843,0.24846573173999786,0.8015538454055786,0.2632346451282501,0.9722785949707031,0.20293115079402924,0.8646680116653442,0.18158431351184845,0.9239972233772278,0.3284572958946228,0.865949809551239,0.28544676303863525
373,0.7513687014579773,0.30903372168540955,0.7099535465240479,0.18513032793998718,1.0451834201812744,0.3018561899662018,0.9433306455612183,0.3296011686325073,0.8992870450019836,0.3715616464614868,0.8130950927734375,0.1674225628376007
374,0.896642804145813,0.2711377441883087,0.8973144292831421,0.2784436047077179,0.8658103942871094,0.19904141128063202,0.9562376141548157,0.34030595421791077,0.9710901975631714,0.27039673924446106,0.9057618975639343,0.21811379492282867
375,0.8076731562614441,0.24542619287967682,0.9635980725288391,0.3149455189704895,0.9131354093551636,0.2997308373451233,0.9213768243789673,0.3564857244491577,0.8709185719490051,0.2480280101299286,0.7697581052780151,0.3364333510398865
376,1.033033847808838,0.3586171865463257,0.9460945129394531,0.3935675323009491,0.9427808523178101,0.2677479684352875,0.8214346170425415,0.22772783041000366,0.8055983781814575,0.19697381556034088,0.7834258675575256,0.181252121925354
377,1.0012578964233398,0.41360169649124146,0.886888325214386,0.3492058515548706,0.8932669758796692,0.2763614058494568,0.8532126545906067,0.28233882784843445,0.9006985425949097,0.5047162175178528,0.8557602763175964,0.20450519025325775
378,0.9117635488510132,0.3533641993999481,0.9653376340866089,0.4664563238620758,0.9358996152877808,0.29770800471305847,1.0293653011322021,0.4502720832824707,0.8541487455368042,0.2286825180053711,0.893927276134491,0.3001455068588257
379,0.8886623382568359,0.26100394129753113,0.9267823100090027,0.23956821858882904,0.8588163256645203,0.1876903474330902,1.0119876861572266,0.2824586033821106,0.8467292785644531,0.21731668710708618,0.8027335405349731,0.2567565143108368
380,0.745513379573822,0.20322094857692719,0.947778582572937,0.30060943961143494,0.9936076998710632,0.20400895178318024,0.869472861289978,0.20321564376354218,0.7801687717437744,0.16990366578102112,0.8370456695556641,0.29649704694747925
381,0.8904415965080261,0.20455840229988098,1.0248714685440063,0.38256320357322693,0.8449368476867676,0.17075857520103455,0.8507803082466125,0.2449866533279419,0.8182738423347473,0.2632841467857361,0.9574769735336304,0.3384614884853363
382,0.8541749715805054,0.14024975895881653,0.9493263959884644,0.41449838876724243,0.8824437856674194,0.29485175013542175,1.251240849494934,0.3989875912666321,0.9079921841621399,0.2568137049674988,0.9007821083068848,0.2900179624557495
383,0.8577593564987183,0.2918802797794342,0.8381277918815613,0.20894621312618256,1.0155584812164307,0.38711705803871155,0.9002622365951538,0.261053204536438,0.9862836003303528,0.17471228539943695,0.8543099164962769,0.25312328338623047
384,0.8096519708633423,0.18116545677185059,0.9876199960708618,0.277803897857666,0.8874874114990234,0.2569699287414551,0.985054612159729,0.34358176589012146,0.9418014287948608,0.23355203866958618,0.8492938876152039,0.2990000545978546
385,0.8621013760566711,0.24253131449222565,0.8651130795478821,0.253398597240448,0.8675966262817383,0.18579350411891937,0.7718130946159363,0.18761210143566132,0.7331105470657349,0.14562125504016876,0.8929334878921509,0.30571770668029785
386,0.8650984764099121,0.23186691105365753,0.7926084399223328,0.22291238605976105,0.8498098254203796,0.275263249874115,0.9957736134529114,0.27866223454475403,0.7472387552261353,0.21839812397956848,0.8837787508964539,0.3147028386592865
387,1.037780523300171,0.4680279791355133,0.951565146446228,0.12381920218467712,0.9252306222915649,0.2739066183567047,0.7687565088272095,0.2501213550567627,0.8951376676559448,0.3434114456176758,0.8090472221374512,0.14575248956680298
388,0.8491897583007812,0.2521224915981293,0.9611133337020874,0.37542933225631714,0.9214404225349426,0.2886570692062378,0.9974896311759949,0.21737951040267944,0.8489747047424316,0.15462501347064972,0.9794465899467468,0.29346543550491333
389,0.6858722567558289,0.14173771440982819,0.8707870244979858,0.3204614222049713,1.0984599590301514,0.40327033400535583,0.9263743162155151,0.25038522481918335,0.8534194231033325,0.11693589389324188,0.7874840497970581,0.23024630546569824
390,0.8160393834114075,0.23895975947380066,0.9782465100288391,0.2675827741622925,1.085513949394226,0.2585308253765106,0.9325515627861023,0.14891943335533142,0.7798318266868591,0.08777713030576706,0.8840850591659546,0.49911895394325256
391,0.7445366382598877,0.22325274348258972,0.9798070192337036,0.37829139828681946,1.0364017486572266,0.28821906447410583,0.8646068572998047,0.3306981027126312,0.7723145484924316,0.12214174121618271,0.8769773244857788,0.24196210503578186
392,0.7064284086227417,0.19228234887123108,0.9634371995925903,0.4612296223640442,0.8810337781906128,0.32318082451820374,0.7930673360824585,0.21122421324253082,0.8319219350814819,0.15234486758708954,0.8840439915657043,0.24700185656547546
393,0.7410577535629272,0.1798027604818344,0.8885710835456848,0.1790267527103424,0.9521209001541138,0.22901859879493713,0.9134813547134399,0.25240543484687805,0.948755145072937,0.26374879479408264,1.180207371711731,0.4319615960121155
394,0.8285515904426575,0.2215529978275299,0.8785983324050903,0.3064459562301636,0.8201581835746765,0.1943969428539276,0.9434432983398438,0.23001353442668915,0.7513408660888672,0.17512264847755432,0.8481218218803406,0.3323166072368622
395,1.004084825515747,0.31845930218696594,0.9439811706542969,0.3747656047344208,1.0158793926239014,0.3982539176940918,0.8983336687088013,0.29185402393341064,0.9023727178573608,0.23550930619239807,0.9453603029251099,0.31394919753074646
396,0.7853599786758423,0.25851601362228394,0.8235527873039246,0.2098160982131958,0.8957725763320923,0.31691786646842957,0.9931524991989136,0.2295222282409668,0.8544171452522278,0.1218242421746254,0.825893223285675,0.2791939377784729
397,0.8162070512771606,0.17591527104377747,0.9867863655090332,0.2848164737224579,0.903277575969696,0.2525022029876709,0.8063879013061523,0.27861687541007996,0.8093945384025574,0.2515053451061249,0.9440680742263794,0.20300745964050293
398,0.7383100986480713,0.20386344194412231,1.0527381896972656,0.36660096049308777,0.9492188692092896,0.33379220962524414,0.7731891870498657,0.19387567043304443,0.7592281699180603,0.1650093048810959,0.8780682682991028,0.26708292961120605
399,0.8001770973205566,0.15783873200416565,0.9509808421134949,0.281693696975708,0.9682868123054504,0.2084885835647583,0.955255389213562,0.3406978249549866,0.8120859265327454,0.22213511168956757,0.8223333358764648,0.3470792770385742
400,0.825863242149353,0.28986236453056335,0.9336920976638794,0.17756019532680511,0.9565486907958984,0.23401328921318054,0.8787556886672974,0.2195972502231598,0.7555407285690308,0.1308274120092392,0.6901769042015076,0.12861543893814087
401,0.7478439211845398,0.20706354081630707,0.9334834814071655,0.3423331379890442,0.7783466577529907,0.18381549417972565,0.8722938299179077,0.16305413842201233,0.7251514196395874,0.18278096616268158,0.7767086029052734,0.19169974327087402
402,0.6632611155509949,0.139600470662117,0.7855530381202698,0.2925003170967102,0.8541426658630371,0.18927156925201416,0.9593439102172852,0.21038758754730225,0.7248923778533936,0.17007894814014435,0.9258708953857422,0.21836954355239868
403,0.729403018951416,0.1801663041114807,0.9416167140007019,0.3229152262210846,0.9455849528312683,0.2552220821380615,0.9183613061904907,0.3208853006362915,0.8424167633056641,0.4091428816318512,0.9416161775588989,0.37179428339004517
404,0.7985440492630005,0.26111817359924316,1.0153108835220337,0.2644767463207245,0.9238958358764648,0.3092952072620392,0.9024605751037598,0.23971787095069885,0.9879196882247925,0.18082155287265778,0.9535686373710632,0.24071435630321503
405,0.8066710233688354,0.22548605501651764,0.984228253364563,0.23680377006530762,0.7938703298568726,0.2612675130367279,0.7502687573432922,0.14364102482795715,0.8808914422988892,0.3024003505706787,0.8723281621932983,0.3412948250770569
406,0.6934428811073303,0.22116170823574066,1.0161465406417847,0.2412814497947693,1.0419747829437256,0.3797042667865753,0.7669936418533325,0.1509188413619995,0.8021944761276245,0.13985006511211395,0.7613285183906555,0.21472398936748505
407,0.8197170495986938,0.24701844155788422,0.8629921078681946,0.24576766788959503,0.8298300504684448,0.18120066821575165,0.8549381494522095,0.230998232960701,0.9656667709350586,0.341737300157547,0.9146476984024048,0.34447938203811646
408,0.834926962852478,0.260465532541275,0.8424457311630249,0.24206267297267914,0.9490054845809937,0.21931490302085876,0.7224664688110352,0.17999771237373352,0.8625816106796265,0.21578021347522736,0.9579623937606812,0.25831758975982666
409,1.0170238018035889,0.44192397594451904,0.9611126184463501,0.4017847180366516,0.9312289953231812,0.271424800157547,0.9719260931015015,0.27320265769958496,0.7620642185211182,0.14478139579296112,0.9024021029472351,0.31406429409980774
410,0.9095767736434937,0.28839629888534546,0.7763709425926208,0.13741189241409302,0.9263216257095337,0.2986808121204376,0.9199084043502808,0.2346077263355255,0.8557518124580383,0.32059580087661743,0.691480815410614,0.2179424911737442
411,0.8207412958145142,0.2177850306034088,0.8622826337814331,0.20294131338596344,0.8966091275215149,0.3092758059501648,1.0399367809295654,0.3056480884552002,0.7908990979194641,0.23029698431491852,0.91034996509552,0.22090184688568115
412,0.8439778089523315,0.2804621756076813,0.9147820472717285,0.2168130725622177,0.8860079050064087,0.20247694849967957,0.8335591554641724,0.1524922251701355,0.7773999571800232,0.16896003484725952,0.9073401689529419,0.35808706283569336
413,0.8942844271659851,0.23595812916755676,0.9848828315734863,0.24447615444660187,0.9965465664863586,0.2900729775428772,0.7374986410140991,0.15350256860256195,0.7897337675094604,0.21880923211574554,0.9500501751899719,0.399650901556015
414,1.0649502277374268,0.49530312418937683,0.8496971130371094,0.21830037236213684,1.0553927421569824,0.21356195211410522,0.8640634417533875,0.2751212418079376,0.6917195320129395,0.19655443727970123,0.8480062484741211,0.19245971739292145
415,0.8468753099441528,0.16736453771591187,0.9215957522392273,0.39296755194664,0.8963412046432495,0.1902725100517273,0.908969521522522,0.20247063040733337,0.746857762336731,0.11948269605636597,0.9025273323059082,0.2248445451259613
416,0.8330687284469604,0.19851712882518768,0.79944908618927,0.1637515276670456,0.911598801612854,0.33378297090530396,0.7803486585617065,0.13296978175640106,0.7843068242073059,0.17060327529907227,0.7679091691970825,0.1432066708803177
417,0.6535879373550415,0.17547400295734406,0.7393218278884888,0.15505549311637878,0.8321603536605835,0.15888966619968414,0.9356900453567505,0.35991233587265015,0.7984994649887085,0.2077575922012329,0.8485726118087769,0.20479658246040344
418,0.9247228503227234,0.2721612751483917,0.8076329231262207,0.17216427624225616,0.7569227814674377,0.19484597444534302,0.8479622006416321,0.29989737272262573,0.7436686754226685,0.16798706352710724,0.7594850063323975,0.18585506081581116
419,0.8143925666809082,0.22138449549674988,0.9170202016830444,0.2955777049064636,0.9114091992378235,0.19518281519412994,0.7939736843109131,0.17297576367855072,0.8373337984085083,0.29120609164237976,0.6760514974594116,0.0996493324637413
420,0.7781186103820801,0.21679142117500305,0.7766987085342407,0.2622537612915039,0.7793192863464355,0.09077126532793045,0.7480882406234741,0.12160077691078186,0.9277240037918091,0.3102145493030548,0.9072517156600952,0.2930420935153961
421,0.8137068748474121,0.1854357272386551,0.9194005727767944,0.540550172328949,0.9487074017524719,0.24882863461971283,0.91875159740448,0.19113558530807495,0.8444299697875977,0.18779848515987396,0.6505156755447388,0.1418733149766922
422,0.9542313814163208,0.4306160807609558,0.9157134294509888,0.24765993654727936,0.777113139629364,0.16426679491996765,0.8461815118789673,0.2860991656780243,0.9066504240036011,0.36728188395500183,1.0535775423049927,0.3617956042289734
423,0.8091198205947876,0.20760636031627655,0.953997790813446,0.2424725890159607,0.9329501390457153,0.21594847738742828,0.8747669458389282,0.25977304577827454,0.8071592450141907,0.35987144708633423,0.6741321682929993,0.18568113446235657
424,0.8970905542373657,0.20575198531150818,1.0031111240386963,0.3076920509338379,0.952076256275177,0.17908582091331482,0.6927157640457153,0.15182620286941528,0.6920725703239441,0.13698887825012207,0.8956705331802368,0.314748615026474
425,0.8849979639053345,0.4017883539199829,0.8910528421401978,0.2669130861759186,0.8358989953994751,0.21612773835659027,0.7783560156822205,0.31523698568344116,0.8274506330490112,0.4102556109428406,0.8126913905143738,0.1538342833518982
426,1.0094726085662842,0.33889034390449524,0.8824430704116821,0.27793046832084656,0.8370517492294312,0.18820253014564514,0.7745011448860168,0.2507841885089874,0.7527252435684204,0.18344876170158386,0.9137951135635376,0.26270627975463867
427,0.8225194811820984,0.21480464935302734,0.7267572283744812,0.15028546750545502,0.9995320439338684,0.3246380090713501,0.8728525042533875,0.3399592638015747,0.8544999957084656,0.20466409623622894,0.7709897756576538,0.22509823739528656
428,0.8564313054084778,0.25971314311027527,0.8739039301872253,0.17093034088611603,0.8148590326309204,0.22442872822284698,0.8192459344863892,0.16247029602527618,0.8044878840446472,0.16215720772743225,0.9021948575973511,0.22941026091575623
429,0.6897673010826111,0.2026435136795044,0.7937220335006714,0.1917361468076706,0.8454424738883972,0.1548703908920288,0.8306900262832642,0.25984716415405273,0.7459793090820312,0.17579050362110138,0.9309104084968567,0.20944638550281525
430,0.7736097574234009,0.20491303503513336,0.8982976078987122,0.42576342821121216,0.7473923563957214,0.2165212631225586,0.9232044219970703,0.313105046749115,0.8118273615837097,0.1693475991487503,0.7939706444740295,0.25302425026893616
431,0.8386605381965637,0.2546306848526001,0.8656500577926636,0.32241034507751465,1.1022485494613647,0.22469083964824677,0.9899366497993469,0.4231301546096802,0.8494914770126343,0.3432742953300476,0.9009935259819031,0.3147672116756439
432,0.7097421884536743,0.16598831117153168,0.8454470634460449,0.1798735111951828,0.9132105112075806,0.42850667238235474,0.7969220876693726,0.2335679978132248,0.7776153683662415,0.11192979663610458,0.8197558522224426,0.20063601434230804
433,0.6744008660316467,0.11866065114736557,1.0193320512771606,0.27721521258354187,0.7903892397880554,0.21219366788864136,0.9183220863342285,0.1888733208179474,0.7740718126296997,0.10405991971492767,0.9070521593093872,0.21589429676532745
434,0.8045855760574341,0.1517115831375122,0.9081004858016968,0.351794958114624,0.9896101951599121,0.26371464133262634,0.7907134294509888,0.2005496472120285,0.7639824151992798,0.12681059539318085,0.9652099609375,0.3384513258934021
435,0.8978131413459778,0.2716103494167328,0.7544743418693542,0.14707274734973907,0.8228638768196106,0.28410905599594116,0.8804991841316223,0.2730686068534851,0.7015992403030396,0.15471237897872925,0.861955463886261,0.2764050364494324
436,0.7877646684646606,0.2322387546300888,0.8472448587417603,0.2415536642074585,0.8131960034370422,0.23685552179813385,0.8859131932258606,0.3310632109642029,0.8453906178474426,0.26075130701065063,0.7857979536056519,0.13200640678405762
437,0.7734206318855286,0.12656371295452118,0.9791110157966614,0.3942581117153168,0.8595657348632812,0.2373104840517044,0.8213173151016235,0.1940692514181137,0.7762709856033325,0.22755713760852814,0.8011220097541809,0.14467136561870575
438,0.794363796710968,0.2598448395729065,0.8411234021186829,0.2856796681880951,0.8865959048271179,0.24968942999839783,0.9732686877250671,0.3038017749786377,0.738927960395813,0.15602321922779083,0.9611841440200806,0.35967886447906494
439,0.8325375318527222,0.2562851309776306,0.9085235595703125,0.38466575741767883,0.9453715085983276,0.2486027479171753,0.7925145030021667,0.19356472790241241,0.7535998225212097,0.1543402522802353,0.8419084548950195,0.23800501227378845
440,0.7052728533744812,0.1801128089427948,0.7812513709068298,0.2826017737388611,0.8775003552436829,0.23481214046478271,0.7590063810348511,0.10446897894144058,0.9201078414916992,0.3005586266517639,0.7729670405387878,0.24047330021858215
441,0.7286312580108643,0.24108566343784332,0.788449227809906,0.17169341444969177,1.020280122756958,0.4496375024318695,0.796428918838501,0.1622607409954071,0.7976056337356567,0.20375575125217438,0.9038063287734985,0.27993255853652954
442,0.8017948865890503,0.18302924931049347,0.8656991720199585,0.265293687582016,0.9006720781326294,0.3332337439060211,0.8624671101570129,0.2671118378639221,0.8760356903076172,0.23101453483104706,0.8121379017829895,0.1712057888507843
443,0.9579547643661499,0.43446025252342224,0.740955650806427,0.17441509664058685,0.894469141960144,0.3302322030067444,0.846996009349823,0.22692802548408508,0.6725015044212341,0.11779524385929108,0.7659468054771423,0.21969008445739746
444,0.820620059967041,0.15547402203083038,0.9096876978874207,0.3057035803794861,0.7831872701644897,0.13074332475662231,0.8839284181594849,0.22157660126686096,0.8397610783576965,0.23460248112678528,0.9447016716003418,0.24983151257038116
445,0.718753457069397,0.19925454258918762,0.8813344240188599,0.2898354232311249,0.7569425702095032,0.1647675484418869,0.7742645144462585,0.11214350163936615,0.6968254446983337,0.1740526407957077,0.8901127576828003,0.23977605998516083
446,0.7596143484115601,0.1866019070148468,0.8098319172859192,0.2958564758300781,0.8285347819328308,0.23704557120800018,0.7099718451499939,0.11993281543254852,0.7695905566215515,0.18060258030891418,0.7392886877059937,0.1565917432308197
447,0.85942542552948,0.2280554473400116,0.9233946800231934,0.38266998529434204,0.8156408071517944,0.25736889243125916,0.8569558262825012,0.1881493180990219,0.7164772748947144,0.17777693271636963,0.7960876226425171,0.29567551612854004
448,0.9576364755630493,0.2492639124393463,0.817340075969696,0.24931000173091888,0.754259467124939,0.13024984300136566,0.7452765703201294,0.1951248198747635,0.7311619520187378,0.3035722076892853,0.7966922521591187,0.1811065375804901
449,0.792604386806488,0.13540959358215332,0.8391032218933105,0.10613607615232468,0.8550149202346802,0.1715434193611145,0.9484326243400574,0.2980896830558777,0.6241938471794128,0.13655811548233032,1.0021789073944092,0.378657728433609
450,0.7476106882095337,0.2602049708366394,0.7580486536026001,0.2323143482208252,0.9214028120040894,0.26798248291015625,0.7851232290267944,0.25530436635017395,0.8073838353157043,0.23913097381591797,0.7644926905632019,0.28424781560897827
451,1.004836916923523,0.26779937744140625,0.7473924160003662,0.2209601104259491,0.8441228866577148,0.2392619550228119,0.8367857933044434,0.21308545768260956,0.6937011480331421,0.17729775607585907,0.9353466033935547,0.34423330426216125
452,0.7578796148300171,0.267527312040329,0.7044400572776794,0.1456315815448761,0.8603639602661133,0.3187811076641083,0.680806040763855,0.14383164048194885,0.7699192762374878,0.2273244708776474,0.6982021927833557,0.18508315086364746
453,0.7371376752853394,0.281057208776474,0.8524417877197266,0.20204293727874756,0.8612459301948547,0.28645017743110657,0.8684648275375366,0.2947356402873993,0.9736987948417664,0.29080796241760254,0.819022536277771,0.17661438882350922
454,0.8958446383476257,0.24820677936077118,0.8746002912521362,0.23498883843421936,0.790652334690094,0.23714180290699005,0.9305523633956909,0.13346053659915924,0.8722583055496216,0.24108582735061646,0.9556387066841125,0.29822927713394165
455,0.6812264323234558,0.12405621260404587,0.8371478915214539,0.16132885217666626,0.8463279008865356,0.1052977442741394,0.8509503602981567,0.29265376925468445,0.8356828689575195,0.2353796511888504,0.7096477150917053,0.10726118087768555
456,0.9144046902656555,0.35410451889038086,0.9101682901382446,0.17433492839336395,0.8429321050643921,0.27542296051979065,0.8463341593742371,0.25825273990631104,0.6792711019515991,0.13470448553562164,0.881950855255127,0.23506790399551392
457,0.9046326875686646,0.3348771631717682,0.7225245833396912,0.13640335202217102,0.8458223342895508,0.15016905963420868,0.7176731824874878,0.15471003949642181,0.7996363639831543,0.22030115127563477,0.7864197492599487,0.2314373254776001
458,0.8107143640518188,0.26760223507881165,0.7512543201446533,0.14027364552021027,0.9078301191329956,0.19491207599639893,0.8684817552566528,0.32144895195961,0.851854145526886,0.25848445296287537,0.8161386251449585,0.20388878881931305
459,0.725115180015564,0.21302692592144012,0.9709491729736328,0.19142070412635803,0.7957519888877869,0.1871495395898819,0.9963212013244629,0.3267706334590912,0.7308462858200073,0.18953582644462585,0.7879962921142578,0.2742067277431488
460,0.9028351902961731,0.18923290073871613,0.9619291424751282,0.38252687454223633,0.815268874168396,0.23822548985481262,0.8432340621948242,0.2099117785692215,0.7790168523788452,0.18915605545043945,0.8471536636352539,0.2131904512643814
461,0.7947839498519897,0.2934173345565796,0.907133936882019,0.29651808738708496,0.8438703417778015,0.22829687595367432,0.87144535779953,0.13894908130168915,0.8220637440681458,0.19906054437160492,0.7086994647979736,0.15882648527622223
462,0.9093748331069946,0.2501330077648163,0.7150996923446655,0.20104001462459564,0.9389485120773315,0.43333783745765686,0.7561736702919006,0.12871359288692474,0.7613470554351807,0.18489544093608856,0.743831992149353,0.164153054356575
463,0.7575787305831909,0.1301812380552292,0.8656252026557922,0.24460040032863617,0.8597390055656433,0.21001142263412476,0.8025574684143066,0.3091244399547577,0.8602558970451355,0.22672203183174133,0.7246043086051941,0.11557973921298981
464,0.8283571004867554,0.384200781583786,0.8333562016487122,0.2414536029100418,0.7475147843360901,0.25100916624069214,0.7052992582321167,0.1488649845123291,0.8149832487106323,0.15948301553726196,0.943250298500061,0.3968009352684021
465,0.7844371795654297,0.19333723187446594,0.7446150779724121,0.1424112468957901,0.8448082208633423,0.2997548580169678,0.8121007680892944,0.1990734487771988,0.7272222638130188,0.12642990052700043,0.9254218935966492,0.3010845482349396
466,0.7503241300582886,0.20081087946891785,0.7648162245750427,0.17491494119167328,0.8144534826278687,0.19959436357021332,0.8646132349967957,0.10921642929315567,0.7927475571632385,0.18883611261844635,0.8971120119094849,0.29157912731170654
467,0.6777264475822449,0.14637106657028198,0.815231204032898,0.2341262549161911,0.8776532411575317,0.1790524125099182,0.7788350582122803,0.165625661611557,0.7456218004226685,0.24625806510448456,0.6525515913963318,0.13606348633766174
468,0.786787748336792,0.1734786182641983,0.7374604940414429,0.1964958906173706,0.874444842338562,0.3429657816886902,0.7707499265670776,0.2710563838481903,0.8144203424453735,0.17331524193286896,0.6746995449066162,0.1801009476184845
469,0.9535599946975708,0.3483988046646118,0.8069046139717102,0.2420961707830429,0.7947673797607422,0.1495445817708969,0.8882520794868469,0.34684279561042786,0.7168861627578735,0.1731620579957962,0.7659002542495728,0.2372862696647644
470,0.8355598449707031,0.25549566745758057,0.8258439898490906,0.17478539049625397,0.7958291172981262,0.20406728982925415,0.7722259163856506,0.2564854025840759,0.6943883895874023,0.10113970935344696,0.7562010884284973,0.20548132061958313
471,0.9526163339614868,0.29765036702156067,0.7562571167945862,0.21263805031776428,0.9685324430465698,0.3067944645881653,0.8225960731506348,0.3137460947036743,0.8252421617507935,0.27770230174064636,0.8353582620620728,0.3117203414440155
472,0.7297457456588745,0.21151569485664368,0.7716980576515198,0.2895212769508362,0.8795928955078125,0.33273011445999146,0.8325225710868835,0.24527032673358917,0.7632566094398499,0.3399675190448761,0.859586238861084,0.36483699083328247
473,0.7635723352432251,0.18387290835380554,0.8500644564628601,0.21175184845924377,0.9597550630569458,0.2531978487968445,0.7950302958488464,0.14355488121509552,0.8510133624076843,0.253863126039505,0.8615204691886902,0.22689560055732727
474,0.7470687627792358,0.24588026106357574,0.736573338508606,0.1610313504934311,0.7501804828643799,0.19685035943984985,0.8098306655883789,0.2452833205461502,0.7880226969718933,0.24585387110710144,0.8377369046211243,0.28057023882865906
475,0.677314043045044,0.11778882890939713,0.8658930063247681,0.28310802578926086,0.8022729158401489,0.15408557653427124,0.8721719980239868,0.29312336444854736,0.7915616631507874,0.1922217309474945,0.8180786371231079,0.192818745970726
476,0.8534210324287415,0.21250882744789124,0.8647400140762329,0.3103979229927063,0.740044116973877,0.16841134428977966,0.7748082876205444,0.1788719892501831,0.7227557897567749,0.17367830872535706,0.7546858787536621,0.1680753231048584
477,0.7812032103538513,0.24128901958465576,0.83587247133255,0.21651232242584229,0.8436659574508667,0.32720616459846497,0.6713520288467407,0.12594880163669586,0.681770384311676,0.128227099776268,0.6870618462562561,0.17337842285633087
478,0.8860613703727722,0.3298110067844391,0.8023548126220703,0.2392789125442505,0.8082886934280396,0.25119131803512573,0.8101357221603394,0.19444546103477478,0.7924472093582153,0.16105018556118011,0.8321527242660522,0.24947939813137054
479,0.797359824180603,0.15601348876953125,0.7333647608757019,0.17635543644428253,0.7886790037155151,0.2126944661140442,0.8933718800544739,0.30219408869743347,0.7465985417366028,0.13363268971443176,0.8296629190444946,0.207977756857872
480,0.9175211787223816,0.36811336874961853,0.7509268522262573,0.24722492694854736,0.8338035345077515,0.17231544852256775,0.7340887784957886,0.16952893137931824,0.8813208341598511,0.2651304006576538,0.7222729325294495,0.19406597316265106
481,0.8003990054130554,0.24075065553188324,0.888634979724884,0.16676408052444458,0.8966771960258484,0.27668553590774536,0.8567684292793274,0.167892724275589,0.7452837228775024,0.23169834911823273,0.7543045878410339,0.21261729300022125
482,0.6419402360916138,0.1143704280257225,0.8160635828971863,0.22978447377681732,0.8467761278152466,0.23357179760932922,0.7247154712677002,0.13918310403823853,0.9227821230888367,0.2541114389896393,0.8299515843391418,0.17578905820846558
483,0.7955979704856873,0.1730564385652542,0.814098060131073,0.32814040780067444,0.8620713949203491,0.17738817632198334,0.6765180826187134,0.1922227442264557,0.6581020355224609,0.1429356187582016,0.820153534412384,0.1242213025689125
484,0.711071789264679,0.1445125937461853,0.8124245405197144,0.20794790983200073,0.8796180486679077,0.19565263390541077,0.8643239140510559,0.269984632730484,0.7637991905212402,0.23676298558712006,0.7660508155822754,0.12359558045864105
485,0.6748024821281433,0.21227312088012695,0.749279797077179,0.16912958025932312,0.9202243685722351,0.3505048155784607,0.7192327976226807,0.18861563503742218,0.7962335348129272,0.19666309654712677,0.8865857124328613,0.2862105369567871
486,0.7911273837089539,0.21480384469032288,0.802730917930603,0.2083139568567276,0.7770472764968872,0.1349940448999405,0.7453390955924988,0.1780659556388855,0.7677739262580872,0.141884908080101,0.7925411462783813,0.20802399516105652
487,0.8467075228691101,0.2961845099925995,0.7405200004577637,0.13481709361076355,0.7150225043296814,0.23659595847129822,0.6649208664894104,0.11585445702075958,0.7730347514152527,0.21009419858455658,0.8362157940864563,0.2955978810787201
488,0.8967887759208679,0.33666497468948364,0.8373545408248901,0.17361822724342346,0.8386951684951782,0.23899506032466888,0.7192937135696411,0.10833901911973953,0.7758793830871582,0.1838659644126892,0.7573937177658081,0.1480088233947754
489,0.7958148121833801,0.2195025533437729,0.6640493273735046,0.17503736913204193,0.8519245386123657,0.18957172334194183,0.9019762277603149,0.26863718032836914,0.7246073484420776,0.22102850675582886,0.8379470109939575,0.20325328409671783
490,0.8435053825378418,0.3073126971721649,0.8079975843429565,0.16929157078266144,0.8819231986999512,0.2727964222431183,0.7693455219268799,0.14545698463916779,0.7205919027328491,0.193831667304039,0.828707218170166,0.1426253765821457
491,0.7406717538833618,0.1643075793981552,0.7341002225875854,0.12453620135784149,0.7324891686439514,0.30929145216941833,0.7515296936035156,0.26784688234329224,0.6911066770553589,0.1657400131225586,0.8653027415275574,0.1716899573802948
492,0.7535151243209839,0.19644908607006073,0.8656527400016785,0.2032729983329773,0.8211277723312378,0.20166949927806854,0.7950934171676636,0.2027958780527115,0.7319735288619995,0.18210959434509277,0.8381430506706238,0.2917470633983612
493,0.7602236270904541,0.31873562932014465,0.7767197489738464,0.1807916909456253,0.7650782465934753,0.13556259870529175,0.7099502682685852,0.19195449352264404,0.6431171298027039,0.12812110781669617,0.724593997001648,0.24360156059265137
494,0.7244875431060791,0.19368545711040497,0.7897719740867615,0.24802632629871368,0.803413987159729,0.13941089808940887,0.8687103986740112,0.16288885474205017,0.7430509924888611,0.29390180110931396,0.6936207413673401,0.1571533977985382
495,0.8066543340682983,0.32308509945869446,0.8079490661621094,0.17999155819416046,0.8318691253662109,0.28784701228141785,0.8847814798355103,0.27358731627464294,0.724733829498291,0.19128209352493286,0.7491282820701599,0.16804365813732147
496,0.6395105123519897,0.1557444930076599,0.7509515881538391,0.21042335033416748,0.842843234539032,0.1781126707792282,0.7289983034133911,0.1926378458738327,0.7491523623466492,0.15906234085559845,0.7074471712112427,0.16507096588611603
497,0.7053573727607727,0.13805942237377167,0.7418655157089233,0.16269947588443756,0.9036930799484253,0.2936578094959259,0.7014721035957336,0.1953812837600708,0.8331457376480103,0.2667770981788635,0.7587805986404419,0.2576841711997986
498,0.7815015316009521,0.2754138708114624,0.8877415657043457,0.37313956022262573,1.0120757818222046,0.4399052858352661,0.8344327211380005,0.2114880234003067,0.8558715581893921,0.2134402096271515,0.7843854427337646,0.24206598103046417
499,0.8591551780700684,0.21938742697238922,0.8213785290718079,0.2287008911371231,0.8573890924453735,0.23155663907527924,0.7701998353004456,0.31476685404777527,0.7312543988227844,0.20054343342781067,0.8185284733772278,0.2404046654701233
500,0.8138554692268372,0.24313879013061523,0.7483689188957214,0.20310479402542114,0.7259840965270996,0.13833582401275635,0.7258182764053345,0.12866270542144775,0.8670246005058289,0.33024659752845764,0.7336705923080444,0.22344782948493958
