X,TD_mean,TD_std,TD+NOV_mean,TD+NOV_std,TD+UNC_mean,TD+UNC_std,FULL_mean,FULL_std,MULT_mean,MULT_std,GATE_mean,GATE_std
1,0.3923700749874115,0.06130633130669594,0.39236631989479065,0.061304859817028046,0.3923434317111969,0.06130351126194,0.392338365316391,0.06130262464284897,0.392455518245697,0.06131945922970772,0.39234453439712524,0.061302464455366135
2,0.14778967201709747,0.033994704484939575,0.14992496371269226,0.03620767220854759,0.14992596209049225,0.036198683083057404,0.14992479979991913,0.036197710782289505,0.14921116828918457,0.03576858341693878,0.14992830157279968,0.03619837760925293
3,0.06770586967468262,0.02271329052746296,0.07420393079519272,0.03410463035106659,0.07457750290632248,0.034662190824747086,0.0745777040719986,0.034661855548620224,0.0689401850104332,0.024251360446214676,0.07457638531923294,0.034664884209632874
4,0.038642920553684235,0.010469994507730007,0.046321578323841095,0.029520737007260323,0.04785816743969917,0.030780505388975143,0.04804809391498566,0.030985988676548004,0.041924506425857544,0.01679936796426773,0.047857917845249176,0.0307823047041893
5,0.02942277491092682,0.007395438849925995,0.03494158014655113,0.022201690822839737,0.03628258779644966,0.021544568240642548,0.03657722473144531,0.022227859124541283,0.03385194391012192,0.016414379701018333,0.03627739101648331,0.02154580131173134
6,0.027613461017608643,0.006453452166169882,0.029333656653761864,0.011910349130630493,0.033419884741306305,0.017908168956637383,0.03190977871417999,0.015208614058792591,0.032010674476623535,0.015911635011434555,0.03329898789525032,0.01791817508637905
7,0.027676204219460487,0.006823549047112465,0.029007887467741966,0.008682440966367722,0.03288980573415756,0.016429178416728973,0.031790658831596375,0.012683480978012085,0.03279399499297142,0.01569918915629387,0.03356374800205231,0.01613437756896019
8,0.029016908258199692,0.007446890231221914,0.03040236234664917,0.009371168911457062,0.03285288065671921,0.015849223360419273,0.03225976228713989,0.012128486298024654,0.03349524736404419,0.013941132463514805,0.03454335033893585,0.015623346902430058
9,0.029969241470098495,0.0071095614694058895,0.03170241042971611,0.009058451279997826,0.03531937301158905,0.014253372326493263,0.03379270061850548,0.011100802570581436,0.03498140722513199,0.012814516201615334,0.03545662760734558,0.014789973385632038
10,0.031203944236040115,0.005785532761365175,0.03323911875486374,0.00926250871270895,0.03632732108235359,0.010706346482038498,0.03546823561191559,0.009852920658886433,0.037403009831905365,0.011740690097212791,0.03632449358701706,0.011904806829988956
11,0.032859597355127335,0.005466139409691095,0.03529304638504982,0.009978140704333782,0.037233009934425354,0.009294159710407257,0.035781409591436386,0.009179586544632912,0.03975467011332512,0.010988294146955013,0.03537479788064957,0.01011674664914608
12,0.03457416221499443,0.004446481354534626,0.037103645503520966,0.009710080921649933,0.03907205909490585,0.007073087617754936,0.03645135089755058,0.0074432240799069405,0.039508379995822906,0.00939392764121294,0.03604321554303169,0.008529871702194214
13,0.03590794652700424,0.005407468415796757,0.039183489978313446,0.009505613707005978,0.03935689479112625,0.005877509713172913,0.037625886499881744,0.0068892017006874084,0.04069744050502777,0.007887530140578747,0.03588584065437317,0.006972256116569042
14,0.03742774948477745,0.005518588237464428,0.04014984518289566,0.008678296580910683,0.04065270721912384,0.006942483130842447,0.03877349942922592,0.006310910917818546,0.041091274470090866,0.00544555252417922,0.03687058016657829,0.007584852632135153
15,0.03834270313382149,0.005212431773543358,0.04027751088142395,0.00874938815832138,0.04145475849509239,0.006481933873146772,0.039727844297885895,0.006196584552526474,0.04238530248403549,0.004062369465827942,0.037293847650289536,0.007995734922587872
16,0.038875795900821686,0.005703955888748169,0.04165399819612503,0.006812511943280697,0.04194657877087593,0.006254487205296755,0.040908750146627426,0.006163429003208876,0.04411550983786583,0.004677068442106247,0.038261763751506805,0.008317675441503525
17,0.03992965444922447,0.006398475728929043,0.042775847017765045,0.007384428754448891,0.04230084642767906,0.006901121232658625,0.04179000109434128,0.0063358452171087265,0.04556306079030037,0.005312901455909014,0.039672091603279114,0.009196978993713856
18,0.04055698961019516,0.007301291450858116,0.043269477784633636,0.00732400082051754,0.0445101335644722,0.0065194396302104,0.0427304282784462,0.007373823318630457,0.04673793911933899,0.005266325548291206,0.04080924764275551,0.009602926671504974
19,0.041063498705625534,0.008215706795454025,0.044031739234924316,0.007278505712747574,0.04481794685125351,0.007391244173049927,0.043396808207035065,0.008325702510774136,0.04760218411684036,0.004725606180727482,0.04186255484819412,0.010186835192143917
20,0.04128575697541237,0.008173631504178047,0.04522867500782013,0.007856100797653198,0.0453454852104187,0.0072956448420882225,0.04427800327539444,0.008951205760240555,0.048201240599155426,0.005721502471715212,0.04306378215551376,0.0111240204423666
21,0.042751606553792953,0.008325343020260334,0.04633934423327446,0.00820014625787735,0.04674043506383896,0.007669265381991863,0.045652203261852264,0.008758952841162682,0.04924992471933365,0.006780394818633795,0.043974582105875015,0.011645839549601078
22,0.04331095144152641,0.008670624345541,0.04723639786243439,0.007871805690228939,0.0475032702088356,0.007956788875162601,0.04636378213763237,0.00959419459104538,0.050472140312194824,0.007365659344941378,0.044146571308374405,0.011112525127828121
23,0.0436951145529747,0.008758125826716423,0.048051867634058,0.008775466121733189,0.0488855242729187,0.007939825765788555,0.046568769961595535,0.009568818844854832,0.05095485597848892,0.007859339937567711,0.04483591765165329,0.011034632101655006
24,0.04502842202782631,0.00882739294320345,0.048717670142650604,0.009399657137691975,0.04968102648854256,0.008708089590072632,0.047456398606300354,0.009808831848204136,0.05232445150613785,0.008438304997980595,0.046417515724897385,0.011192336678504944
25,0.04633656516671181,0.008791320957243443,0.04964827746152878,0.009359273128211498,0.05042768269777298,0.009041099809110165,0.04902234300971031,0.010125619359314442,0.05307372286915779,0.008766326121985912,0.04712639003992081,0.011199799366295338
26,0.04599956050515175,0.009132212027907372,0.04974634572863579,0.010021432302892208,0.05106883496046066,0.00896434299647808,0.04918627813458443,0.01066376082599163,0.05415581911802292,0.008670910261571407,0.04669304937124252,0.011112481355667114
27,0.04676491394639015,0.009864874184131622,0.0504101887345314,0.010758526623249054,0.051425106823444366,0.009399487636983395,0.04894137382507324,0.01113189198076725,0.05516578629612923,0.009304909966886044,0.047606851905584335,0.01141274906694889
28,0.04793163016438484,0.00999928917735815,0.05125429108738899,0.011517634615302086,0.052571725100278854,0.009320019744336605,0.049954790621995926,0.011835270561277866,0.05591977760195732,0.008528001606464386,0.0484541691839695,0.011325049214065075
29,0.04741824045777321,0.010937371291220188,0.051613397896289825,0.011610121466219425,0.05352935194969177,0.010037927888333797,0.05086510255932808,0.011817106045782566,0.05683812499046326,0.009430437348783016,0.04973481968045235,0.011789311654865742
30,0.04821700602769852,0.0117958914488554,0.052448153495788574,0.01176268421113491,0.05441734939813614,0.010017718188464642,0.0513557605445385,0.012983858585357666,0.05766405910253525,0.010037933476269245,0.05062780901789665,0.012310593388974667
31,0.048918139189481735,0.012178696691989899,0.05225025489926338,0.012398513965308666,0.05551408976316452,0.009523052722215652,0.05195530131459236,0.012653876096010208,0.057399533689022064,0.010262172669172287,0.05134247988462448,0.012456728145480156
32,0.04926283657550812,0.01306549645960331,0.053912319242954254,0.012663177214562893,0.055887024849653244,0.009962319396436214,0.053397469222545624,0.013820365071296692,0.057011473923921585,0.010637698695063591,0.052244581282138824,0.012187452055513859
33,0.04934771731495857,0.012673305347561836,0.05434759333729744,0.012601383961737156,0.055384743958711624,0.010253319516777992,0.05422462895512581,0.01408296823501587,0.05766008049249649,0.011167291551828384,0.0524105429649353,0.012780009768903255
34,0.05011944845318794,0.013083430007100105,0.05518143251538277,0.013594113290309906,0.05586047098040581,0.01181743759661913,0.0554007962346077,0.01403031125664711,0.05709713697433472,0.011484723538160324,0.05242404341697693,0.013835339806973934
35,0.04979797080159187,0.014100022614002228,0.055860597640275955,0.013365184888243675,0.056778401136398315,0.011645566672086716,0.0563802532851696,0.01395433023571968,0.057135242968797684,0.011683148331940174,0.0526331290602684,0.013164189644157887
36,0.051104895770549774,0.014637220650911331,0.05575276538729668,0.013797064311802387,0.058318354189395905,0.012071591801941395,0.055952854454517365,0.013516252860426903,0.05764136463403702,0.012057816609740257,0.05304545909166336,0.013814061880111694
37,0.05120648071169853,0.014359800145030022,0.05622420459985733,0.013512466102838516,0.058241404592990875,0.011444865725934505,0.05591065436601639,0.01366925798356533,0.057968299835920334,0.011928806081414223,0.05370735377073288,0.013213352300226688
38,0.051998019218444824,0.013885886408388615,0.05642617866396904,0.013905957341194153,0.058270763605833054,0.011734099127352238,0.05653483420610428,0.013062612153589725,0.05800437927246094,0.012442081235349178,0.053832076489925385,0.014491742476820946
39,0.05252619460225105,0.013617945834994316,0.0572601743042469,0.014200655743479729,0.057862747460603714,0.012478848919272423,0.05746783688664436,0.013356712646782398,0.059709351509809494,0.011076522059738636,0.053939081728458405,0.015196551568806171
40,0.05362095683813095,0.013901344500482082,0.05732885003089905,0.01444697193801403,0.05817141383886337,0.012172747403383255,0.05803142115473747,0.012759284116327763,0.05929543823003769,0.012226244434714317,0.054582737386226654,0.015081358142197132
41,0.05387383699417114,0.015225866809487343,0.0585111565887928,0.015283823944628239,0.058584123849868774,0.012807054445147514,0.05794742703437805,0.012899418361485004,0.06003761291503906,0.012620309367775917,0.05511599779129028,0.01508256420493126
42,0.05409485846757889,0.015223726630210876,0.05887393280863762,0.015780461952090263,0.05864119529724121,0.012683253735303879,0.058245427906513214,0.012481146492064,0.060564059764146805,0.012661739252507687,0.0553269162774086,0.014592909254133701
43,0.05395042151212692,0.015630774199962616,0.059317462146282196,0.015582133084535599,0.05908585339784622,0.013500413857400417,0.05922536179423332,0.012651116587221622,0.060854069888591766,0.011902755126357079,0.055154185742139816,0.014884121716022491
44,0.053827445954084396,0.015179037116467953,0.059658657759428024,0.015118418261408806,0.05925349146127701,0.013598195277154446,0.05970959737896919,0.0126956757158041,0.06115690618753433,0.01125397253781557,0.0560586154460907,0.01507396250963211
45,0.053904853761196136,0.014719470404088497,0.05888707563281059,0.014629296958446503,0.05973784998059273,0.014228766784071922,0.059794049710035324,0.012234258465468884,0.06102626770734787,0.011290304362773895,0.05675481632351875,0.015255534090101719
46,0.05514121055603027,0.015082788653671741,0.05894140154123306,0.014879067428410053,0.06010429933667183,0.014043906703591347,0.06012595817446709,0.012262764386832714,0.05987458676099777,0.012448927387595177,0.05719117447733879,0.015572517178952694
47,0.05496373027563095,0.015115766786038876,0.05978693440556526,0.014844696037471294,0.060329824686050415,0.015072014182806015,0.06001044064760208,0.011673555709421635,0.060452330857515335,0.013147585093975067,0.05780668929219246,0.015281986445188522
48,0.05554024130105972,0.015394910238683224,0.06067360192537308,0.014335702173411846,0.06056411191821098,0.014539464376866817,0.05984576791524887,0.012035069055855274,0.06120194122195244,0.012357172556221485,0.057542331516742706,0.015799904242157936
49,0.05629666522145271,0.015618622303009033,0.060583919286727905,0.014592045918107033,0.060730330646038055,0.015086936764419079,0.05991528183221817,0.012311168946325779,0.06102084368467331,0.013481584377586842,0.05713338777422905,0.01509929820895195
50,0.0552968867123127,0.015726851299405098,0.06076586991548538,0.014178641140460968,0.060026705265045166,0.015851793810725212,0.06074867770075798,0.012289131991565228,0.06118340417742729,0.013654873706400394,0.057108622044324875,0.016179008409380913
51,0.05629291385412216,0.01590821146965027,0.059841375797986984,0.014921310357749462,0.060969382524490356,0.015321288257837296,0.061461031436920166,0.012824095785617828,0.062472205609083176,0.013999596238136292,0.0580422505736351,0.016341378912329674
52,0.057281024754047394,0.015613293275237083,0.06110278517007828,0.014458947815001011,0.06019001081585884,0.015225952491164207,0.06162840873003006,0.013267774134874344,0.06355888396501541,0.014536344446241856,0.05856422334909439,0.016509519889950752
53,0.0583142414689064,0.015384584665298462,0.06099671870470047,0.014507709071040154,0.0609554648399353,0.01519144605845213,0.06117257475852966,0.013984440825879574,0.06318672746419907,0.013743345625698566,0.05850710719823837,0.017489608377218246
54,0.05904974415898323,0.015557435341179371,0.06172008067369461,0.014661313034594059,0.0616789348423481,0.01580672897398472,0.06144833564758301,0.013623416423797607,0.062166422605514526,0.01264110952615738,0.058808766305446625,0.016011467203497887
55,0.058178313076496124,0.016786497086286545,0.062497057020664215,0.01484324038028717,0.06132451817393303,0.015493344515562057,0.06108086183667183,0.014151123352348804,0.06320405006408691,0.012341970577836037,0.05905110761523247,0.015540442429482937
56,0.05894375964999199,0.01618356630206108,0.06217808276414871,0.014333992265164852,0.06215054541826248,0.014687011949717999,0.061641424894332886,0.014197960495948792,0.06289282441139221,0.012190522626042366,0.05991039425134659,0.016748543828725815
57,0.059201158583164215,0.01685177907347679,0.06248879432678223,0.013794612139463425,0.06309753656387329,0.015829136595129967,0.06235601380467415,0.014931457117199898,0.06219785287976265,0.01156216487288475,0.05957380682229996,0.01685660146176815
58,0.05856353044509888,0.01579361967742443,0.06190435215830803,0.014122867956757545,0.0642208680510521,0.01660740002989769,0.06340531259775162,0.014124451205134392,0.061462126672267914,0.012325297109782696,0.06071615219116211,0.017270268872380257
59,0.0597207173705101,0.01577237993478775,0.06238183379173279,0.013847109861671925,0.06415894627571106,0.01616884581744671,0.06382706016302109,0.014330267906188965,0.06362839043140411,0.012645562179386616,0.06078042834997177,0.017537493258714676
60,0.05988018587231636,0.01585932821035385,0.0629241093993187,0.013536731712520123,0.06461937725543976,0.015766335651278496,0.06484024226665497,0.01404289435595274,0.06298817694187164,0.011999026872217655,0.060061365365982056,0.017756538465619087
61,0.05993868038058281,0.015702582895755768,0.06259580701589584,0.013341701589524746,0.06437338143587112,0.015897883102297783,0.06495429575443268,0.013924469240009785,0.06379805505275726,0.012746655382215977,0.060589469969272614,0.017674369737505913
62,0.06013353541493416,0.015655668452382088,0.06391903758049011,0.013649100437760353,0.06519679725170135,0.015955038368701935,0.06519578397274017,0.014193406328558922,0.06421612948179245,0.011859357357025146,0.06059063598513603,0.017402691766619682
63,0.06067470833659172,0.015608370304107666,0.06395231932401657,0.013769984245300293,0.06626520305871964,0.016237812116742134,0.06490282714366913,0.014942063950002193,0.06390821933746338,0.012337806634604931,0.06174426153302193,0.01729126088321209
64,0.061194635927677155,0.014169231057167053,0.06437158584594727,0.0141743840649724,0.06575489789247513,0.015673842281103134,0.0661328062415123,0.015013829804956913,0.06434673070907593,0.012552297674119473,0.062190182507038116,0.017558787018060684
65,0.061312563717365265,0.014447484165430069,0.0649697333574295,0.013487464748322964,0.06520116329193115,0.015015283599495888,0.06585995852947235,0.013924816623330116,0.06597518175840378,0.011967337690293789,0.06198420375585556,0.017703421413898468
66,0.06167401745915413,0.014687389135360718,0.0648016482591629,0.013115889392793179,0.06540621072053909,0.014606010168790817,0.06686382740736008,0.013305563479661942,0.06593844294548035,0.011014501564204693,0.06209747865796089,0.01740996725857258
67,0.06285767257213593,0.014444473199546337,0.06478631496429443,0.013048097491264343,0.06581974774599075,0.01506109070032835,0.06604912877082825,0.013702106662094593,0.06516210734844208,0.011172618716955185,0.06193672865629196,0.016809165477752686
68,0.06227709725499153,0.015446861274540424,0.06516116112470627,0.01363857090473175,0.06574507057666779,0.014991492964327335,0.0647655501961708,0.01364004984498024,0.06459184736013412,0.011236565187573433,0.06272153556346893,0.016780966892838478
69,0.06238437816500664,0.01458777580410242,0.0655982494354248,0.013667781837284565,0.06586454808712006,0.014253871515393257,0.06547103077173233,0.013857911340892315,0.06439787894487381,0.01157179195433855,0.06341010332107544,0.016703695058822632
70,0.062214434146881104,0.014629650861024857,0.06556262075901031,0.013455253094434738,0.06631901860237122,0.013949253596365452,0.06604717671871185,0.014304076321423054,0.06495256721973419,0.011243277229368687,0.06355278939008713,0.01594306342303753
71,0.0627819374203682,0.013536101207137108,0.06690095365047455,0.014094091020524502,0.0672183483839035,0.014056915417313576,0.06653036177158356,0.013551008887588978,0.06545211374759674,0.011119283735752106,0.06402580440044403,0.015356377698481083
72,0.06386755406856537,0.01341702975332737,0.06651454418897629,0.013816870748996735,0.06894160062074661,0.014281725510954857,0.06609590351581573,0.01365625113248825,0.06549923121929169,0.010601668618619442,0.06506980210542679,0.015327549539506435
73,0.06559645384550095,0.012292847968637943,0.0663253515958786,0.01303642988204956,0.06855690479278564,0.014954818412661552,0.06507285684347153,0.013759832829236984,0.06530480086803436,0.011511444114148617,0.06551120430231094,0.01515952032059431
74,0.06583784520626068,0.01310998946428299,0.06535802036523819,0.012834451161324978,0.06814269721508026,0.01564723812043667,0.06639213114976883,0.0134551040828228,0.06517775356769562,0.011921187862753868,0.066088005900383,0.015131170861423016
75,0.06569980084896088,0.01275266520678997,0.06594198942184448,0.013219098560512066,0.06862635910511017,0.014369479380548,0.06643464416265488,0.013453230261802673,0.06485854834318161,0.01139860413968563,0.06602371484041214,0.0153255145996809
76,0.06559854745864868,0.010922267101705074,0.06586627662181854,0.012244763784110546,0.06911157071590424,0.014972533099353313,0.06699515879154205,0.013468984514474869,0.06523333489894867,0.01047393400222063,0.06671644002199173,0.015486755408346653
77,0.0652373805642128,0.009652679786086082,0.06630787998437881,0.012045624665915966,0.06897090375423431,0.015524743124842644,0.0674990564584732,0.013623355887830257,0.0649692565202713,0.00978037342429161,0.06672731786966324,0.015277299098670483
78,0.06551320850849152,0.010138992220163345,0.06720156967639923,0.012752952985465527,0.069655641913414,0.01588541269302368,0.06836125999689102,0.012825910933315754,0.06608565896749496,0.009570753201842308,0.06613657623529434,0.01515959482640028
79,0.06653141975402832,0.010253098793327808,0.06712126731872559,0.01201507169753313,0.06959594041109085,0.015460871160030365,0.06858474016189575,0.013158056885004044,0.06581773608922958,0.010068693198263645,0.06622865796089172,0.015913035720586777
80,0.06677084416151047,0.009918492287397385,0.0678020566701889,0.011955393478274345,0.06968074291944504,0.01563045009970665,0.06849534809589386,0.013272031210362911,0.06621452420949936,0.009106151759624481,0.06729374825954437,0.017098406329751015
81,0.0674041211605072,0.009803802706301212,0.06790417432785034,0.011517390608787537,0.06920138001441956,0.01521382387727499,0.06846442073583603,0.014385955408215523,0.06606540828943253,0.009097072295844555,0.06706123054027557,0.016149690374732018
82,0.06774687021970749,0.010106919333338737,0.06726302951574326,0.011643869802355766,0.06934074312448502,0.015027385205030441,0.06891566514968872,0.014026700519025326,0.06547602266073227,0.00958162546157837,0.0669487863779068,0.015571510419249535
83,0.06854259222745895,0.010680381208658218,0.0684744268655777,0.010513922199606895,0.07057639211416245,0.014113828539848328,0.06931430846452713,0.015238101594150066,0.06612251698970795,0.00992920994758606,0.06815725564956665,0.015359196811914444
84,0.06891997158527374,0.010053652338683605,0.06829755753278732,0.010860324837267399,0.07045697420835495,0.014013748615980148,0.07007603347301483,0.014559480361640453,0.06639529019594193,0.009458706714212894,0.06891436874866486,0.01484543364495039
85,0.06977763772010803,0.010537541471421719,0.06836920231580734,0.011244469322264194,0.07000581175088882,0.01380972657352686,0.07022680342197418,0.015559963881969452,0.06635817885398865,0.009436088614165783,0.06843344122171402,0.014915588311851025
86,0.07014986872673035,0.01028018444776535,0.06862464547157288,0.011404412798583508,0.07074917107820511,0.013280916959047318,0.07086561620235443,0.014649021439254284,0.06723056733608246,0.009833432734012604,0.06886877119541168,0.014473190531134605
87,0.06955970078706741,0.010686897672712803,0.06837087869644165,0.01162754651159048,0.07160070538520813,0.012824629433453083,0.07173354923725128,0.012879700399935246,0.06674040853977203,0.009444956667721272,0.07028833031654358,0.015134708024561405
88,0.06942568719387054,0.010564246214926243,0.06882350146770477,0.01165815256536007,0.07107973843812943,0.013366574421525002,0.07096286863088608,0.01318720355629921,0.06728783994913101,0.01027409452944994,0.07048526406288147,0.014675120823085308
89,0.06968064606189728,0.012235160917043686,0.0694047212600708,0.010928274132311344,0.07087772339582443,0.013149723410606384,0.07072009891271591,0.013530286960303783,0.06733660399913788,0.009874518029391766,0.0708211362361908,0.014366974122822285
90,0.07033409178256989,0.011789091862738132,0.06946821510791779,0.011435942724347115,0.0713118463754654,0.01261824555695057,0.07097451388835907,0.013149559497833252,0.06679018586874008,0.00986146368086338,0.07057011872529984,0.01505948044359684
91,0.07087651640176773,0.01138066966086626,0.06968691945075989,0.010908161289989948,0.07114441692829132,0.01123830396682024,0.07156099379062653,0.012280836701393127,0.06803911924362183,0.00995936244726181,0.07052821666002274,0.014832448214292526
92,0.07181525230407715,0.011257066391408443,0.06976525485515594,0.011061216704547405,0.07188373059034348,0.011971686035394669,0.07075557857751846,0.012173134833574295,0.06894388794898987,0.010109271854162216,0.07122600078582764,0.014188849367201328
93,0.07115844637155533,0.01046536210924387,0.0705212950706482,0.00993334036320448,0.07301731407642365,0.01083256583660841,0.07215870916843414,0.012837277725338936,0.06894291937351227,0.009302663616836071,0.07149894535541534,0.012864508666098118
94,0.07080111652612686,0.009722400456666946,0.0704883486032486,0.009741276502609253,0.0730409026145935,0.011177048087120056,0.07237822562456131,0.01277383603155613,0.0693991556763649,0.009156028740108013,0.07056304067373276,0.013232460245490074
95,0.07168520987033844,0.008841775357723236,0.07129163295030594,0.009314557537436485,0.07287045568227768,0.01208823174238205,0.0719548687338829,0.012335062958300114,0.06909355521202087,0.008691899478435516,0.07121472805738449,0.01361667737364769
96,0.07117269188165665,0.00929554458707571,0.07173708826303482,0.009914006106555462,0.0731145367026329,0.012451885268092155,0.07207916676998138,0.011741637252271175,0.06925972551107407,0.008539227768778801,0.07115916162729263,0.01308488193899393
97,0.07192768156528473,0.010156692005693913,0.07194529473781586,0.009321575984358788,0.07394355535507202,0.013062109239399433,0.07223258912563324,0.012582644820213318,0.07003481686115265,0.008494275622069836,0.0710548609495163,0.011359096504747868
98,0.07194096595048904,0.01030468475073576,0.07217174023389816,0.01015033945441246,0.07408134639263153,0.011333185248076916,0.07216611504554749,0.01251640822738409,0.07077030092477798,0.009277262724936008,0.07120820134878159,0.011504216119647026
99,0.07134323567152023,0.00932006910443306,0.0721551775932312,0.010316913016140461,0.07422858476638794,0.011066539213061333,0.07226410508155823,0.012994904071092606,0.07103940099477768,0.009251747280359268,0.07159259170293808,0.011717290617525578
100,0.0713391974568367,0.008274086751043797,0.0726356953382492,0.00997423566877842,0.0745532438158989,0.011755741201341152,0.07266084104776382,0.012639543041586876,0.0708930641412735,0.009087436832487583,0.07250841706991196,0.012082568369805813
101,0.07146486639976501,0.009226103313267231,0.07302958518266678,0.009193356148898602,0.07505142688751221,0.011986617930233479,0.07388824224472046,0.01234416849911213,0.07065335661172867,0.007834783755242825,0.07308126240968704,0.011844090186059475
102,0.07191963493824005,0.008992142975330353,0.07278796285390854,0.009328005835413933,0.07477885484695435,0.011851398274302483,0.07342568039894104,0.01218619104474783,0.07156341522932053,0.006377375219017267,0.07356304675340652,0.010916879400610924
103,0.07283065468072891,0.008891799487173557,0.07334928959608078,0.00976978987455368,0.07534493505954742,0.011911224573850632,0.07378311455249786,0.01230490580201149,0.07195620238780975,0.007009747438132763,0.0735587626695633,0.010933278128504753
104,0.07401157170534134,0.008818288333714008,0.07324842363595963,0.009927941486239433,0.07591943442821503,0.010666413232684135,0.07419555634260178,0.012910566292703152,0.07125617563724518,0.006781183648854494,0.07350091636180878,0.011711903847754002
105,0.07374567538499832,0.009592738002538681,0.07226462662220001,0.009046142920851707,0.07546386867761612,0.011118332855403423,0.07371831685304642,0.011995549313724041,0.07206780463457108,0.007233717478811741,0.07511776685714722,0.010578676126897335
106,0.07421918213367462,0.00963963195681572,0.07172474265098572,0.00845425296574831,0.07513751089572906,0.011423222720623016,0.07380125671625137,0.012219785712659359,0.07175567746162415,0.007370555307716131,0.07527749240398407,0.011996209621429443
107,0.07326111197471619,0.009535175748169422,0.07229319214820862,0.009502413682639599,0.07521092891693115,0.010708527639508247,0.07450880110263824,0.012221990153193474,0.07291702926158905,0.007449292577803135,0.07444937527179718,0.01118987612426281
108,0.0732751190662384,0.010032202117145061,0.07320837676525116,0.009431969374418259,0.07558892667293549,0.010928544215857983,0.07514648139476776,0.01219218410551548,0.07308895885944366,0.008509722538292408,0.07503081113100052,0.011620155535638332
109,0.07411845028400421,0.01027907244861126,0.07388000190258026,0.010751579888164997,0.07574962079524994,0.010003185831010342,0.07488064467906952,0.012249047867953777,0.07405836135149002,0.007241427432745695,0.07466481626033783,0.011420651338994503
110,0.07388929277658463,0.010732618160545826,0.07340347766876221,0.010132409632205963,0.07604967057704926,0.011029831133782864,0.07526374608278275,0.013244641944766045,0.07403047382831573,0.0064535499550402164,0.07489264756441116,0.011176279745995998
111,0.074753537774086,0.010370858013629913,0.07379095256328583,0.010233771987259388,0.0783340185880661,0.009254454635083675,0.07603347301483154,0.012971166521310806,0.07358210533857346,0.005432432983070612,0.07397417724132538,0.011591183952987194
112,0.07509562373161316,0.010037418454885483,0.07485675811767578,0.009349377825856209,0.07746593654155731,0.011003215797245502,0.0773274153470993,0.013186940923333168,0.07269375771284103,0.006057111546397209,0.0741896778345108,0.010996310971677303
113,0.0753655880689621,0.009645052254199982,0.07523883879184723,0.009511332958936691,0.07704035937786102,0.01149455551058054,0.07763826847076416,0.014683105051517487,0.07352522760629654,0.007919357158243656,0.07539398223161697,0.009597334079444408
114,0.07588179409503937,0.010070648044347763,0.07502348721027374,0.009742223657667637,0.07777797430753708,0.01094637531787157,0.07687534391880035,0.0147197050973773,0.07429923862218857,0.008873365819454193,0.07633951306343079,0.009891869500279427
115,0.07617342472076416,0.010130051523447037,0.07572124153375626,0.009244848974049091,0.07751300185918808,0.012029006145894527,0.07669249922037125,0.014339065179228783,0.07452500611543655,0.008812511339783669,0.07590340822935104,0.010037318803369999
116,0.0759434849023819,0.009530659765005112,0.07502082735300064,0.008988785557448864,0.07736986875534058,0.011612658388912678,0.07743420451879501,0.014504089951515198,0.07518937438726425,0.008157899603247643,0.07657791674137115,0.01002302672713995
117,0.07648197561502457,0.009173293597996235,0.07560360431671143,0.009478087536990643,0.07804835587739944,0.011068199761211872,0.07799243181943893,0.014626311138272285,0.075882188975811,0.007455205079168081,0.0776231437921524,0.009430625475943089
118,0.077983058989048,0.008789077401161194,0.07539801299571991,0.00927555188536644,0.07771332561969757,0.011255068704485893,0.07864991575479507,0.013214368373155594,0.0760575532913208,0.007287904620170593,0.0773700475692749,0.009680033661425114
119,0.07672945410013199,0.007953455671668053,0.0762249007821083,0.007753383833914995,0.07824328541755676,0.011334537528455257,0.0784008726477623,0.012435076758265495,0.07471918314695358,0.00856810249388218,0.07719458639621735,0.010902156122028828
120,0.07832515239715576,0.007974893786013126,0.0766652300953865,0.007265140768140554,0.07953231036663055,0.010959644801914692,0.07847459614276886,0.012278333306312561,0.07501615583896637,0.008947638794779778,0.07758773118257523,0.010277793742716312
121,0.07821322977542877,0.007602967321872711,0.07636097073554993,0.008129964582622051,0.07940207421779633,0.00997836422175169,0.07878024131059647,0.011532089672982693,0.07559871673583984,0.008911795914173126,0.07935082167387009,0.01108003780245781
122,0.07800943404436111,0.007793451193720102,0.07678911089897156,0.009631980210542679,0.07852859795093536,0.008803825825452805,0.07840181887149811,0.01098624337464571,0.07565480470657349,0.008525455370545387,0.07944021373987198,0.011542277410626411
123,0.0785365104675293,0.008189271204173565,0.07704123854637146,0.011076577939093113,0.07996473461389542,0.009169839322566986,0.07893440127372742,0.011291278526186943,0.07567022740840912,0.007872134447097778,0.08096669614315033,0.011504975147545338
124,0.07855164259672165,0.00879834033548832,0.07858850061893463,0.00786854699254036,0.08045245707035065,0.009576213546097279,0.07880692929029465,0.010641609318554401,0.07633231580257416,0.008066394366323948,0.08116431534290314,0.011204292997717857
125,0.07697290182113647,0.008863864466547966,0.07863987982273102,0.007320735603570938,0.08081310987472534,0.009410420432686806,0.07827279716730118,0.010712779127061367,0.07694291323423386,0.007985277101397514,0.08035214245319366,0.010982136242091656
126,0.07797348499298096,0.00834332499653101,0.07872176170349121,0.00824106577783823,0.08091839402914047,0.008870239369571209,0.07872215658426285,0.010587901808321476,0.07868178188800812,0.008207128383219242,0.08161364495754242,0.010581817477941513
127,0.07828281819820404,0.007674211636185646,0.0796002522110939,0.00954529270529747,0.08017072081565857,0.008971260860562325,0.07844914495944977,0.010132748633623123,0.0783420205116272,0.007233711425215006,0.08357590436935425,0.010187553241848946
128,0.07760699838399887,0.008534319698810577,0.07934808731079102,0.010501156561076641,0.07936161756515503,0.007930205203592777,0.07827775180339813,0.009646766819059849,0.07872042804956436,0.007821256294846535,0.08377136290073395,0.009212267585098743
129,0.07848455011844635,0.008382142521440983,0.08001174032688141,0.010010411031544209,0.08116419613361359,0.007338161114603281,0.07818585634231567,0.00996351707726717,0.07908517122268677,0.007741705980151892,0.08271797001361847,0.007247799541801214
130,0.07833317667245865,0.00899950135499239,0.07940614223480225,0.009850283153355122,0.0817207470536232,0.007427140139043331,0.07986751198768616,0.009183758869767189,0.0798841267824173,0.007637518458068371,0.08152209222316742,0.0073225172236561775
131,0.07860947400331497,0.0089648412540555,0.0785302072763443,0.009412557817995548,0.08045365661382675,0.008071133866906166,0.08032163232564926,0.009865443222224712,0.08008236438035965,0.008506386540830135,0.08101534843444824,0.007448893040418625
132,0.07853761315345764,0.009436430409550667,0.0785275474190712,0.010050470940768719,0.080539770424366,0.00820707157254219,0.08072888851165771,0.009699100628495216,0.07955999672412872,0.008330478332936764,0.08117825537919998,0.00884170737117529
133,0.0795975774526596,0.008475036360323429,0.07882354408502579,0.00963089894503355,0.08222107589244843,0.008021803572773933,0.081264927983284,0.009315639734268188,0.08102913945913315,0.006985310465097427,0.08151009678840637,0.009222682565450668
134,0.08029593527317047,0.008123445324599743,0.07894094288349152,0.009738042019307613,0.08130185306072235,0.0074217976070940495,0.0815969929099083,0.008674699813127518,0.08190525323152542,0.00743164261803031,0.08251367509365082,0.009658626280725002
135,0.08116946369409561,0.0077939722687006,0.07926121354103088,0.01081281341612339,0.08153246343135834,0.007622470147907734,0.08246459811925888,0.007673362269997597,0.08106734603643417,0.006833262741565704,0.08242987096309662,0.009353204630315304
136,0.08164132386445999,0.007450578734278679,0.0790138989686966,0.00989612564444542,0.08266115188598633,0.0066006118431687355,0.08336514979600906,0.007683119736611843,0.08097346127033234,0.006014436017721891,0.08277265727519989,0.008381851948797703
137,0.08031179010868073,0.00703494343906641,0.0793057531118393,0.009841907769441605,0.08343122154474258,0.006396043114364147,0.08305900543928146,0.0077903298661112785,0.08208739757537842,0.005478110630065203,0.08134821057319641,0.008188864216208458
138,0.08140533417463303,0.006935911253094673,0.07989029586315155,0.008901756256818771,0.08414175361394882,0.007089764345437288,0.08405730873346329,0.008516074158251286,0.08251474052667618,0.007230902090668678,0.08194629848003387,0.008753861300647259
139,0.08140663802623749,0.007341471966356039,0.08020564913749695,0.00943590048700571,0.0838429406285286,0.006602446082979441,0.08324811607599258,0.0084463432431221,0.08212383091449738,0.00824478454887867,0.08310176432132721,0.008541802875697613
140,0.08212877064943314,0.007273831404745579,0.08069444447755814,0.008645394816994667,0.0847017914056778,0.006119315512478352,0.08210055530071259,0.009221858344972134,0.0826394110918045,0.008174820803105831,0.08287741243839264,0.008721970953047276
141,0.08139289915561676,0.007585474755614996,0.08023019134998322,0.00897082220762968,0.08433834463357925,0.006177648436278105,0.08161310851573944,0.00960097648203373,0.08284111320972443,0.007517271675169468,0.08350867033004761,0.008616403676569462
142,0.08193136006593704,0.0070417774841189384,0.0792759358882904,0.00841018371284008,0.08450589329004288,0.00530862296000123,0.08384102582931519,0.00924383383244276,0.08289437741041183,0.007023060228675604,0.08284192532300949,0.007607063744217157
143,0.0806557759642601,0.0065093575976789,0.08084063231945038,0.007752344943583012,0.08395998179912567,0.0052954345010221004,0.08407191932201385,0.008619741536676884,0.08396624773740768,0.00797682348638773,0.08314241468906403,0.007794671226292849
144,0.0806741937994957,0.007439145352691412,0.08131824433803558,0.008136137388646603,0.08400891721248627,0.004825833719223738,0.08347351849079132,0.009100115858018398,0.08387909084558487,0.006572962272912264,0.0829770416021347,0.007602326106280088
145,0.08102422952651978,0.006760894320905209,0.08180030435323715,0.008756338618695736,0.08367332071065903,0.004777588881552219,0.08389819413423538,0.009055261500179768,0.08418627083301544,0.004710106179118156,0.08323954045772552,0.008277103304862976
146,0.08170491456985474,0.006732077803462744,0.08285927027463913,0.008742771111428738,0.08452829718589783,0.005336085334420204,0.08416569232940674,0.008962327614426613,0.08463718742132187,0.003817240009084344,0.08243508636951447,0.008413758128881454
147,0.08259245753288269,0.006089063361287117,0.08205156773328781,0.010095538571476936,0.08427853882312775,0.004776161164045334,0.08372826874256134,0.00903463177382946,0.08440845459699631,0.00468498794361949,0.08332517743110657,0.007742286194115877
148,0.08197633922100067,0.006092133466154337,0.0834009125828743,0.008619331754744053,0.08389097452163696,0.005124073009938002,0.08460183441638947,0.008655578829348087,0.08385387808084488,0.005520220845937729,0.0830419510602951,0.008231235668063164
149,0.08250533044338226,0.005240434315055609,0.08259822428226471,0.008002602495253086,0.08367656171321869,0.006822074763476849,0.08494286239147186,0.007953531108796597,0.08449650555849075,0.005194764584302902,0.08441412448883057,0.008706941269338131
150,0.08371574431657791,0.0055066985078155994,0.08251450955867767,0.007483410183340311,0.08394694328308105,0.007098612375557423,0.08565858751535416,0.007349818479269743,0.08527086675167084,0.005371429026126862,0.08557967841625214,0.009651854634284973
151,0.08524902909994125,0.005190463736653328,0.08366989344358444,0.006874013692140579,0.08492041379213333,0.006750014610588551,0.08503711968660355,0.008111989125609398,0.08414654433727264,0.006497952621430159,0.0860271081328392,0.009201867505908012
152,0.0848831906914711,0.006734985858201981,0.08388856798410416,0.006421298254281282,0.0846044272184372,0.006258845329284668,0.08529998362064362,0.007493137381970882,0.0837821364402771,0.005848033353686333,0.0852050930261612,0.00787845067679882
153,0.08505620807409286,0.006346666719764471,0.0846027061343193,0.006435096263885498,0.08436441421508789,0.006624369416385889,0.08579381555318832,0.007638650014996529,0.08473730832338333,0.00662861205637455,0.08726681023836136,0.0065064262598752975
154,0.08428569883108139,0.006494713947176933,0.0853012427687645,0.006432121619582176,0.08559370040893555,0.005757293663918972,0.08602230250835419,0.008080205880105495,0.08493050932884216,0.005346063524484634,0.08687420189380646,0.006623005494475365
155,0.08353053033351898,0.0065568555146455765,0.08411659300327301,0.006735825911164284,0.08560804277658463,0.006231674924492836,0.08800320327281952,0.008181219920516014,0.08573136478662491,0.004204139579087496,0.0866265743970871,0.007386538665741682
156,0.08404536545276642,0.006601732224225998,0.08502034842967987,0.006461568642407656,0.08627045154571533,0.005818742327392101,0.08775791525840759,0.00834539532661438,0.08628308027982712,0.003635532222688198,0.08763886988162994,0.006960763130337
157,0.08355555683374405,0.0076834941282868385,0.08459343761205673,0.006190636195242405,0.0861298218369484,0.006661736406385899,0.08823736757040024,0.007183395326137543,0.08590750396251678,0.004341961815953255,0.08738181740045547,0.007315630558878183
158,0.08401574939489365,0.00867237988859415,0.0845644474029541,0.005281443707644939,0.08784247934818268,0.0068419454619288445,0.0887729600071907,0.007113334257155657,0.0850878655910492,0.003113608807325363,0.08749288320541382,0.007413070183247328
159,0.08445906639099121,0.007705786731094122,0.0847906619310379,0.005256230011582375,0.08833380788564682,0.00725361704826355,0.08919679373502731,0.006972816307097673,0.08628679811954498,0.0026177542749792337,0.08805352449417114,0.008670561015605927
160,0.0840500071644783,0.008170673623681068,0.08453912287950516,0.006104982458055019,0.08795356750488281,0.008116792887449265,0.08899698406457901,0.007840224541723728,0.08648565411567688,0.002719133161008358,0.08845994621515274,0.007862198166549206
161,0.08501411229372025,0.006859167478978634,0.08492662757635117,0.006941135507076979,0.08873758465051651,0.006297591142356396,0.08750871568918228,0.008727268315851688,0.08632393181324005,0.0032991019543260336,0.08975791931152344,0.007564149796962738
162,0.08483776450157166,0.0071367076598107815,0.08607394248247147,0.006159321870654821,0.08863147348165512,0.006312028970569372,0.08767006546258926,0.00752988550812006,0.08611378818750381,0.003196784295141697,0.08853951096534729,0.007258397527039051
163,0.08542242646217346,0.007146969437599182,0.08645684272050858,0.005498260725289583,0.08877978473901749,0.006542145274579525,0.0880056768655777,0.00822952575981617,0.08662424236536026,0.0038313877303153276,0.08802063018083572,0.006408593617379665
164,0.08533916622400284,0.007373393047600985,0.08801766484975815,0.00584821542724967,0.08964747190475464,0.006451872643083334,0.08780069649219513,0.008498858660459518,0.08699820935726166,0.004066942725330591,0.08939175307750702,0.006218436639755964
165,0.0853838324546814,0.007446886971592903,0.08833933621644974,0.00600277166813612,0.0902080088853836,0.005633348133414984,0.088828906416893,0.007499570492655039,0.08806891739368439,0.003460946958512068,0.08862415701150894,0.007632857654243708
166,0.08562321960926056,0.008074786514043808,0.08799117058515549,0.00598866818472743,0.09018287807703018,0.006952052470296621,0.0895070880651474,0.007693874184042215,0.08725886791944504,0.0026082689873874187,0.08897048234939575,0.005405803676694632
167,0.08573247492313385,0.00712254922837019,0.08699184656143188,0.005227791145443916,0.09099040180444717,0.005970459897071123,0.0885784924030304,0.008101669140160084,0.08677049726247787,0.002626931294798851,0.08722469955682755,0.0049653672613203526
168,0.08664310723543167,0.007893536239862442,0.08552053570747375,0.005772064905613661,0.09080933034420013,0.005802706815302372,0.08957330882549286,0.005979841109365225,0.08649897575378418,0.0021720624063163996,0.0879264771938324,0.00630419934168458
169,0.08833000808954239,0.007794780191034079,0.08723960071802139,0.006250751670449972,0.08995111286640167,0.005080919712781906,0.08899694681167603,0.005710789933800697,0.08641217648983002,0.0031380397267639637,0.08820538222789764,0.007625985890626907
170,0.08872027695178986,0.008899143896996975,0.08737482130527496,0.006069930270314217,0.09013829380273819,0.004834439139813185,0.0897514745593071,0.005320464260876179,0.08673379570245743,0.0026576537638902664,0.08783546835184097,0.007791948039084673
171,0.08824028074741364,0.007864284329116344,0.08833099156618118,0.006522981449961662,0.0914972722530365,0.0040867021307349205,0.09071280062198639,0.006499520502984524,0.08731124550104141,0.0029665562324225903,0.08907756954431534,0.00814742036163807
172,0.08734370768070221,0.00822080671787262,0.0884438082575798,0.005779810715466738,0.0906897634267807,0.004672682844102383,0.09062972664833069,0.0057711610570549965,0.08775663375854492,0.004039413295686245,0.08816330134868622,0.00859637837857008
173,0.08824809640645981,0.007239620201289654,0.08809126913547516,0.006368494126945734,0.0903041660785675,0.004607689566910267,0.09065461158752441,0.0063392529264092445,0.08893446624279022,0.004443325102329254,0.08902391046285629,0.00840167049318552
174,0.08833970129489899,0.007099485956132412,0.08769221603870392,0.004889484960585833,0.09071622788906097,0.005201098974794149,0.09061755239963531,0.00561481574550271,0.08954993635416031,0.004724028520286083,0.08886308968067169,0.007347848266363144
175,0.08898361027240753,0.0076843430288136005,0.08809508383274078,0.005910047795623541,0.09094399213790894,0.005350374151021242,0.09121273458003998,0.006175249349325895,0.08962645381689072,0.004213790409266949,0.08985017240047455,0.007210524287074804
176,0.09006957709789276,0.008216774091124535,0.08809798955917358,0.005641274619847536,0.09132274240255356,0.005370133090764284,0.09109941869974136,0.00519826402887702,0.08963791280984879,0.0045307595282793045,0.09111075848340988,0.006430597975850105
177,0.09032019972801208,0.008545849472284317,0.08662442862987518,0.006318672094494104,0.09101082384586334,0.005951389204710722,0.09234683960676193,0.00587848387658596,0.09005165845155716,0.004629618022590876,0.089077889919281,0.006761463824659586
178,0.09049849212169647,0.009053241461515427,0.0875326544046402,0.0055703334510326385,0.09089548140764236,0.005398469045758247,0.09324945509433746,0.005849661771208048,0.088438980281353,0.004905348643660545,0.08907699584960938,0.007719955872744322
179,0.08973809331655502,0.007899857126176357,0.08764318376779556,0.005564417690038681,0.09057356417179108,0.005264486651867628,0.09358827769756317,0.006206261459738016,0.08986268937587738,0.003486833069473505,0.08970360457897186,0.007653116714209318
180,0.08929775655269623,0.007108239457011223,0.08997111022472382,0.004909393843263388,0.09235836565494537,0.005239731632173061,0.09337417781352997,0.00599750317633152,0.09027621895074844,0.0028250140603631735,0.09073479473590851,0.008531761355698109
181,0.08999840915203094,0.005821299739181995,0.09049136936664581,0.00388521421700716,0.09202215820550919,0.004498922266066074,0.09421084821224213,0.006762262433767319,0.09061488509178162,0.0030887871980667114,0.09066439419984818,0.008765709586441517
182,0.0897611528635025,0.005348825361579657,0.08923979103565216,0.004332777112722397,0.09228067100048065,0.004201744217425585,0.09401922672986984,0.007414637133479118,0.09130772203207016,0.0042172204703092575,0.09073356539011002,0.009115321561694145
183,0.08912931382656097,0.0053169201128184795,0.08943507820367813,0.004635712131857872,0.09279032796621323,0.0037226337008178234,0.09355732798576355,0.006498356349766254,0.09183870255947113,0.004315994679927826,0.09113527834415436,0.00840139389038086
184,0.08908261358737946,0.005773489363491535,0.0897427424788475,0.003698154352605343,0.0935780480504036,0.006039430387318134,0.09303618967533112,0.006920963525772095,0.09065618366003036,0.0045297169126570225,0.0907653421163559,0.007802898064255714
185,0.089630126953125,0.00661691976711154,0.09074825048446655,0.004960992373526096,0.09353293478488922,0.004496763925999403,0.09271746873855591,0.007230810821056366,0.0902208462357521,0.004224689211696386,0.09168340265750885,0.007725948002189398
186,0.08868887275457382,0.006902005523443222,0.09103099256753922,0.005349482409656048,0.0932050570845604,0.004456918686628342,0.09385685622692108,0.0080970274284482,0.09048055112361908,0.004710022360086441,0.09210763871669769,0.0065412363037467
187,0.08879606425762177,0.007373519241809845,0.09225256741046906,0.003808356123045087,0.09401509910821915,0.0037451484240591526,0.09372404962778091,0.0074336645193398,0.08988167345523834,0.004156845156103373,0.09221892058849335,0.0066167861223220825
188,0.09064818173646927,0.006490735802799463,0.09240451455116272,0.004304079804569483,0.09478193521499634,0.0035662015434354544,0.09411370754241943,0.00731249712407589,0.09122546017169952,0.004878983832895756,0.09219665080308914,0.006962187588214874
189,0.09085337817668915,0.005707177799195051,0.09205712378025055,0.0030655742157250643,0.09437379240989685,0.004528858233243227,0.09229471534490585,0.005881059914827347,0.09227810055017471,0.0045975144021213055,0.09217407554388046,0.005839962046593428
190,0.09121952205896378,0.00535660982131958,0.09259473532438278,0.004008140414953232,0.09403107315301895,0.004516649059951305,0.09193351864814758,0.005536900833249092,0.09317426383495331,0.0036465974990278482,0.09266259521245956,0.005319393239915371
191,0.0908617377281189,0.004478687420487404,0.09194479882717133,0.004954877309501171,0.09475506842136383,0.004673742689192295,0.09286357462406158,0.005484980531036854,0.09358420222997665,0.004284318536520004,0.09288562834262848,0.006642382126301527
192,0.09130001068115234,0.005240858998149633,0.09232576936483383,0.006201484240591526,0.09319169074296951,0.004994275979697704,0.09347330033779144,0.005598628893494606,0.09367100894451141,0.003560743061825633,0.09258183091878891,0.0064253718592226505
193,0.09121048450469971,0.006474469788372517,0.09255120158195496,0.0050003426149487495,0.09486961364746094,0.004304623231291771,0.09356633573770523,0.0061848824843764305,0.09611470997333527,0.004424900282174349,0.09329577535390854,0.005074388813227415
194,0.09242068231105804,0.007236804813146591,0.09128129482269287,0.005498397629708052,0.0930062085390091,0.004865194670855999,0.09394369274377823,0.007054497022181749,0.09482106566429138,0.0032735082786530256,0.09490080177783966,0.00560626108199358
195,0.09294990450143814,0.007240047212690115,0.09166234731674194,0.005865549668669701,0.09392676502466202,0.005336502101272345,0.09421724081039429,0.006474463734775782,0.09550352394580841,0.005102972965687513,0.09429413080215454,0.0066683473996818066
196,0.0919022411108017,0.006955762393772602,0.09148310124874115,0.007373749278485775,0.09448219835758209,0.006001799833029509,0.09468194097280502,0.006123198661953211,0.09453997761011124,0.005671659018844366,0.09488357603549957,0.007581217680126429
197,0.09246602654457092,0.008359141647815704,0.09135273098945618,0.007068221922963858,0.09427408874034882,0.006766606587916613,0.09495259076356888,0.004740483593195677,0.09392201155424118,0.004806430544704199,0.09453795850276947,0.00676434300839901
198,0.09363637864589691,0.007359523791819811,0.09121546894311905,0.006345630623400211,0.09328757226467133,0.006206864025443792,0.09465273469686508,0.005153384525328875,0.0936059057712555,0.005453743506222963,0.09361793845891953,0.00653847074136138
199,0.0921686515212059,0.007557350676506758,0.09114255756139755,0.004768074490129948,0.09258877485990524,0.004610343370586634,0.09585128724575043,0.004141136538237333,0.09363921731710434,0.0051512583158910275,0.09250843524932861,0.005792493931949139
200,0.09160546958446503,0.007134939543902874,0.09104283154010773,0.004961059894412756,0.09378689527511597,0.002982185920700431,0.09585826098918915,0.005634337197989225,0.09345081448554993,0.004413386341184378,0.09164928644895554,0.005386131349951029
201,0.09260453283786774,0.006916387472301722,0.09149019420146942,0.005087984725832939,0.09465748816728592,0.004562256392091513,0.09583485871553421,0.00535188103094697,0.095510333776474,0.004556164611130953,0.09309016168117523,0.005114620551466942
202,0.09200859069824219,0.0069719115272164345,0.0926097184419632,0.006547195836901665,0.09512409567832947,0.005513436160981655,0.09659218788146973,0.005873676855117083,0.0967867523431778,0.00468427175655961,0.09341992437839508,0.004997709300369024
203,0.09243928641080856,0.006680381949990988,0.09216931462287903,0.0057230377569794655,0.09543009102344513,0.005999241955578327,0.09670539200305939,0.005125817842781544,0.09577638655900955,0.0051961857825517654,0.09397917240858078,0.00395847437903285
204,0.09254331886768341,0.006524722091853619,0.0926693007349968,0.004955403506755829,0.09643805027008057,0.00442542415112257,0.09701045602560043,0.00556874368339777,0.095804862678051,0.004579374101012945,0.0933694988489151,0.005221162457019091
205,0.09192813187837601,0.0066748084500432014,0.09276961535215378,0.004125854466110468,0.09567288309335709,0.003102821996435523,0.09615131467580795,0.006508559454232454,0.09617457538843155,0.005117359105497599,0.0936567559838295,0.005634839180856943
206,0.09310942143201828,0.006908210925757885,0.09319741278886795,0.0037795042153447866,0.09523145854473114,0.004078958183526993,0.09642039984464645,0.0068486775271594524,0.09515532851219177,0.004556226544082165,0.09420443326234818,0.005188849288970232
207,0.09390388429164886,0.006079741753637791,0.09261208772659302,0.00469085481017828,0.09536218643188477,0.00336164771579206,0.09698791801929474,0.007301210425794125,0.09525321424007416,0.004060959909111261,0.09397484362125397,0.005964632146060467
208,0.0928492397069931,0.006391830742359161,0.09243781864643097,0.005434755235910416,0.09522831439971924,0.0035925297997891903,0.09760843217372894,0.008008915930986404,0.09395577758550644,0.004365770146250725,0.09530336409807205,0.007557361852377653
209,0.0930352658033371,0.007250259630382061,0.09283480793237686,0.005109293386340141,0.09498567134141922,0.00425315136089921,0.0970492884516716,0.007435853127390146,0.09513845294713974,0.0039566634222865105,0.0955161303281784,0.008124602027237415
210,0.09291420131921768,0.007460140623152256,0.09393329918384552,0.005240768194198608,0.09371241182088852,0.0039037007372826338,0.09692428261041641,0.008041740395128727,0.0944187194108963,0.003620401257649064,0.09529028087854385,0.007969530299305916
211,0.09317943453788757,0.008406098932027817,0.09376954287290573,0.004827238619327545,0.09323332458734512,0.004440171644091606,0.09692074358463287,0.0077878860756754875,0.09515434503555298,0.0034753819927573204,0.0961550697684288,0.008089297451078892
212,0.09427651762962341,0.007980517111718655,0.09339611232280731,0.005876475945115089,0.0934680849313736,0.003926440142095089,0.09695592522621155,0.007295523304492235,0.0963825136423111,0.0028218692168593407,0.0954027995467186,0.006998452357947826
213,0.09394164383411407,0.008497966453433037,0.09390950947999954,0.005777156911790371,0.09473148733377457,0.004275401588529348,0.09653089195489883,0.00765202147886157,0.09748393297195435,0.0029752289410680532,0.0953373908996582,0.007477321662008762
214,0.09440445154905319,0.008104025386273861,0.09389162063598633,0.0067548505030572414,0.09524641185998917,0.005603627301752567,0.09550000727176666,0.007896407507359982,0.09762337803840637,0.0025054095312952995,0.09624730050563812,0.006404334679245949
215,0.09319371730089188,0.0068225134164094925,0.09392211586236954,0.007977128960192204,0.09521360695362091,0.004718616139143705,0.09568651020526886,0.007416059263050556,0.09755665808916092,0.0026725956704467535,0.09821669012308121,0.00675282534211874
216,0.09314914792776108,0.006456210743635893,0.09358107298612595,0.0069645727053284645,0.09592269361019135,0.004787653684616089,0.09623724222183228,0.00787141639739275,0.09778478741645813,0.003574459347873926,0.0990486666560173,0.007172843441367149
217,0.09312985837459564,0.006767435930669308,0.0936739444732666,0.005921013653278351,0.09631232917308807,0.004434969276189804,0.09604160487651825,0.0062361229211091995,0.09880376607179642,0.004103902727365494,0.09892734885215759,0.0062994142062962055
218,0.09325127303600311,0.006763205863535404,0.09414736926555634,0.00604904955253005,0.096665158867836,0.004195940215140581,0.09495612233877182,0.0050291502848267555,0.09998341649770737,0.0029535277280956507,0.09797785431146622,0.006923363544046879
219,0.09290632605552673,0.007322416640818119,0.09515082091093063,0.005673110485076904,0.09752064198255539,0.002996668918058276,0.09647490829229355,0.004516924731433392,0.09942156821489334,0.003793494775891304,0.09814177453517914,0.0074209594167768955
220,0.0941387489438057,0.008242877200245857,0.0946764275431633,0.0038755128625780344,0.09861966967582703,0.002863505855202675,0.09722939878702164,0.0041440934874117374,0.0983208492398262,0.005392756778746843,0.09925352036952972,0.007753387093544006
221,0.09376166760921478,0.008752662688493729,0.09408165514469147,0.0044883908703923225,0.09899577498435974,0.00320205045863986,0.09765682369470596,0.005125245079398155,0.09956028312444687,0.004547922406345606,0.09930486977100372,0.006026427261531353
222,0.09353304654359818,0.00804105494171381,0.09524871408939362,0.004613557830452919,0.09832944720983505,0.00436546141281724,0.09841393679380417,0.005534956231713295,0.09965018928050995,0.003731922712177038,0.09936026483774185,0.007043052464723587
223,0.0941603034734726,0.0078104417771101,0.09574446827173233,0.00473386375233531,0.0974394828081131,0.004045745357871056,0.09793951362371445,0.005226636305451393,0.09927442669868469,0.0032977524679154158,0.10044218599796295,0.006547086406499147
224,0.09342203289270401,0.005349093582481146,0.09636777639389038,0.005309928674250841,0.09689967334270477,0.0034152446314692497,0.09852452576160431,0.006337848957628012,0.09925197064876556,0.0038307919166982174,0.10017911344766617,0.006009693723171949
225,0.09353722631931305,0.00593995675444603,0.0948038324713707,0.006798331625759602,0.09779693186283112,0.003246232634410262,0.09782432019710541,0.006899536587297916,0.09903821349143982,0.004869863856583834,0.10014013200998306,0.006097092758864164
226,0.09525136649608612,0.006264766678214073,0.09363289922475815,0.005608902778476477,0.09848620742559433,0.002566176000982523,0.09741862118244171,0.00628242501989007,0.09981604665517807,0.0040383897721767426,0.10076916217803955,0.005923091899603605
227,0.09495395421981812,0.005455764476209879,0.09556425362825394,0.005072413478046656,0.09884577244520187,0.003011964727193117,0.09812997281551361,0.006675457116216421,0.10070481151342392,0.0042725526727736,0.10010041296482086,0.005434684921056032
228,0.09569944441318512,0.006295053754001856,0.09535423666238785,0.004076122771948576,0.09826863557100296,0.002601616084575653,0.10002553462982178,0.007189423777163029,0.10249441862106323,0.006659241858869791,0.10042738914489746,0.005385108757764101
229,0.09493547677993774,0.0060278018936514854,0.09751281142234802,0.003941426984965801,0.09853460639715195,0.0025158708449453115,0.09928283840417862,0.0062278821133077145,0.1026701107621193,0.005696144420653582,0.09954872727394104,0.005353426095098257
230,0.09460446238517761,0.006589256692677736,0.09887510538101196,0.005402682349085808,0.09710472077131271,0.0031942285131663084,0.09888626635074615,0.006385706830769777,0.10136622190475464,0.004648437257856131,0.10105518996715546,0.005361021496355534
231,0.09497890621423721,0.007013766560703516,0.09933625906705856,0.005798636935651302,0.09769953787326813,0.0026086948346346617,0.09924974292516708,0.006681495811790228,0.10179036855697632,0.005189075134694576,0.10121180862188339,0.005900324787944555
232,0.09418567270040512,0.00644149212166667,0.09794493764638901,0.0053255027160048485,0.09701519459486008,0.002032799879088998,0.09954644739627838,0.006449985783547163,0.10078088194131851,0.004871804267168045,0.09920287877321243,0.0058049955405294895
233,0.09615485370159149,0.007851021364331245,0.09819300472736359,0.006187898106873035,0.09662710130214691,0.003287756582722068,0.10042160749435425,0.005402428098022938,0.10066809505224228,0.005273699760437012,0.09980785846710205,0.005656173452734947
234,0.09548979997634888,0.007134480867534876,0.09819938242435455,0.0055513628758490086,0.09677339345216751,0.002700144425034523,0.10086925327777863,0.005332475528120995,0.1007559671998024,0.004912721924483776,0.09969089180231094,0.005153803154826164
235,0.0971430093050003,0.006490940693765879,0.1004432886838913,0.0057732583954930305,0.09792380034923553,0.0027869443874806166,0.09960995614528656,0.006164846010506153,0.0999491959810257,0.004643854219466448,0.10030509531497955,0.006001210305839777
236,0.09769654273986816,0.004464477300643921,0.1001921147108078,0.005665695760399103,0.09873077273368835,0.003774048062041402,0.09800484031438828,0.005645752418786287,0.09949183464050293,0.003370648017153144,0.10090906918048859,0.006070369388908148
237,0.09817326068878174,0.005545623134821653,0.0998123288154602,0.004647898022085428,0.09906426817178726,0.004335414618253708,0.09899671375751495,0.006273436825722456,0.09847909957170486,0.0027915677055716515,0.10063555091619492,0.0055442433804273605
238,0.09687555581331253,0.005367259029299021,0.09919069707393646,0.005445206072181463,0.09908494353294373,0.004094816278666258,0.09938645362854004,0.0057905688881874084,0.0985741838812828,0.0032577812671661377,0.10091674327850342,0.005950549617409706
239,0.09716557711362839,0.006856700871139765,0.09842943400144577,0.005746170412749052,0.09910927712917328,0.003663658397272229,0.0985402762889862,0.005967980716377497,0.0993274673819542,0.0036302111111581326,0.10252422094345093,0.005754960235208273
240,0.09731140732765198,0.004918408580124378,0.09743323177099228,0.005678156390786171,0.09970317035913467,0.004333014599978924,0.09874320775270462,0.006885705981403589,0.10035695880651474,0.0036917654797434807,0.10120705515146255,0.004577941726893187
241,0.09904193133115768,0.004520709160715342,0.09794270992279053,0.005370243918150663,0.10096627473831177,0.00547442864626646,0.09898059070110321,0.006023520138114691,0.10031459480524063,0.0030749686993658543,0.10177616029977798,0.005158697720617056
242,0.09933749586343765,0.00439507607370615,0.09809304028749466,0.005182319786399603,0.10078171640634537,0.005061415955424309,0.0997917577624321,0.00511092459782958,0.10118243843317032,0.0035059929359704256,0.10121259838342667,0.006029864307492971
243,0.09871651232242584,0.004510958679020405,0.09849207103252411,0.004044938832521439,0.10094205290079117,0.005233291070908308,0.10008213669061661,0.006342942826449871,0.10182689130306244,0.004239414352923632,0.10083991289138794,0.0060685016214847565
244,0.09877187758684158,0.0026261440943926573,0.09806239604949951,0.00462116114795208,0.10174158960580826,0.0067757368087768555,0.1015264019370079,0.006522228941321373,0.10179519653320312,0.005082763731479645,0.10048972070217133,0.006352062337100506
245,0.09844309091567993,0.002896849298849702,0.09754681587219238,0.0053711384534835815,0.10150805860757828,0.006299428176134825,0.10090921074151993,0.006279160268604755,0.10260845720767975,0.005274036433547735,0.10126034915447235,0.007430350873619318
246,0.09858015924692154,0.004965941421687603,0.09766091406345367,0.005562442820519209,0.10014460235834122,0.006065757479518652,0.10112668573856354,0.005531424656510353,0.10314233601093292,0.005449529737234116,0.10134657472372055,0.006728142965584993
247,0.09696202725172043,0.004456199239939451,0.0996912270784378,0.005497387610375881,0.10025129467248917,0.005974278785288334,0.10201515257358551,0.006303927395492792,0.10382793843746185,0.005206121131777763,0.10265189409255981,0.006122633349150419
248,0.09717133641242981,0.00465112179517746,0.0993405133485794,0.005851765628904104,0.09871561080217361,0.005258653778582811,0.10173994302749634,0.007537946105003357,0.10401059687137604,0.005475763231515884,0.1033310666680336,0.006675845943391323
249,0.0980122834444046,0.00413497956469655,0.10120316594839096,0.005281043238937855,0.09848394244909286,0.004835043102502823,0.10151942074298859,0.006983526516705751,0.1033092513680458,0.005682874005287886,0.10325197875499725,0.00619723554700613
250,0.09925882518291473,0.003743079025298357,0.10087104886770248,0.006101775448769331,0.09911631792783737,0.0055404119193553925,0.10175683349370956,0.00531259598210454,0.10260844230651855,0.004767912905663252,0.10406341403722763,0.006158076226711273
251,0.09896966069936752,0.0032105939462780952,0.10056477785110474,0.006712440401315689,0.09776157885789871,0.005793091841042042,0.10075321048498154,0.004821270704269409,0.10302551090717316,0.004436980467289686,0.10400356352329254,0.00631361547857523
252,0.09818539768457413,0.003905302146449685,0.10041692107915878,0.006575555540621281,0.09869782626628876,0.005680781789124012,0.10094134509563446,0.005933384411036968,0.10269568860530853,0.003390583209693432,0.10384853184223175,0.005968988873064518
253,0.09860000759363174,0.0031205019913613796,0.10225456953048706,0.008091221563518047,0.09745572507381439,0.005043142009526491,0.10098366439342499,0.005699560511857271,0.10260705649852753,0.0037774648517370224,0.10290898382663727,0.006099604535847902
254,0.0989808738231659,0.0027449217159301043,0.10285613685846329,0.0072511001490056515,0.09756248444318771,0.0054706702940166,0.10100656747817993,0.006162657402455807,0.10394912958145142,0.0049677202478051186,0.10311746597290039,0.006560146808624268
255,0.09880845248699188,0.0031936662271618843,0.10236608982086182,0.006188361905515194,0.09706059843301773,0.005656803492456675,0.10150828212499619,0.005561099853366613,0.10289615392684937,0.004998691380023956,0.10247538238763809,0.006681888829916716
256,0.09856192022562027,0.003747223410755396,0.10220365226268768,0.008015841245651245,0.09658799320459366,0.004306654911488295,0.10235442966222763,0.0057973191142082214,0.10253901779651642,0.005020717158913612,0.10294036567211151,0.006075388751924038
257,0.09910571575164795,0.004457665141671896,0.10131470859050751,0.007602228317409754,0.09691356122493744,0.0060895225033164024,0.10257506370544434,0.0053650750778615475,0.10165226459503174,0.004723606165498495,0.10292116552591324,0.005959977395832539
258,0.09977038949728012,0.0041763149201869965,0.10038992017507553,0.007825919426977634,0.09772451967000961,0.006962782237678766,0.10281753540039062,0.00547803333029151,0.10306094586849213,0.0053652492351830006,0.1036854237318039,0.0053621260449290276
259,0.10068611055612564,0.004863212816417217,0.10122710466384888,0.007803973741829395,0.09745675325393677,0.005570858716964722,0.10254939645528793,0.006377893034368753,0.1031029224395752,0.004613370168954134,0.10373848676681519,0.0060279169119894505
260,0.10102900117635727,0.003980722744017839,0.10231705754995346,0.008068948984146118,0.09824825823307037,0.006183135788887739,0.10108210891485214,0.00529429130256176,0.10309745371341705,0.00459915678948164,0.10307447612285614,0.006239274051040411
261,0.10064326226711273,0.003615754656493664,0.10227546840906143,0.005999681074172258,0.09948672354221344,0.006395867094397545,0.10151831060647964,0.00510236993432045,0.10249622911214828,0.00401923106983304,0.10313640534877777,0.006035312544554472
262,0.10035262256860733,0.004367572721093893,0.10152842104434967,0.005650399252772331,0.10069616138935089,0.005412643775343895,0.10218332707881927,0.0064417095854878426,0.1024777740240097,0.004484415519982576,0.10357499122619629,0.005952875595539808
263,0.10001126676797867,0.004062690772116184,0.10080734640359879,0.005570630077272654,0.10092387348413467,0.006554450839757919,0.1025049239397049,0.006175506394356489,0.10230698436498642,0.004336857702583075,0.10434861481189728,0.005935765337198973
264,0.1007213145494461,0.004598722327500582,0.10076238960027695,0.0054994067177176476,0.10035760700702667,0.005986490286886692,0.10149333626031876,0.006554075982421637,0.1025787815451622,0.004370636306703091,0.10384724289178848,0.006645849905908108
265,0.10127466917037964,0.004439286421984434,0.10120030492544174,0.005783092230558395,0.10010983794927597,0.005523531697690487,0.1019025668501854,0.0057692318223416805,0.10395385324954987,0.006304800044745207,0.10414621978998184,0.0073644970543682575
266,0.10135197639465332,0.004659595433622599,0.10051298141479492,0.006347483489662409,0.10121487081050873,0.0070500303991138935,0.10215888172388077,0.004938642028719187,0.10410793125629425,0.005936787463724613,0.10293636471033096,0.0067053684033453465
267,0.10064014047384262,0.00484932167455554,0.10125157982110977,0.006166528444737196,0.10036543756723404,0.00599350081756711,0.10183610022068024,0.005804306361824274,0.10344159603118896,0.0056102643720805645,0.10291182994842529,0.006458883639425039
268,0.10161308944225311,0.004792867694050074,0.10128490626811981,0.004890517331659794,0.10052542388439178,0.005109947174787521,0.10243202745914459,0.0060066464357078075,0.1048143282532692,0.005430732388049364,0.1025523766875267,0.006653781980276108
269,0.10052206367254257,0.004326912108808756,0.10239223390817642,0.005328300874680281,0.1005609780550003,0.004788162652403116,0.10276080667972565,0.00667528947815299,0.10409374535083771,0.005227648187428713,0.1018432155251503,0.007067729253321886
270,0.1003618985414505,0.0044321333989501,0.10215713083744049,0.005805271677672863,0.10153700411319733,0.005443512927740812,0.10304222255945206,0.006345289293676615,0.10363612323999405,0.005014863330870867,0.10201442241668701,0.005675711669027805
271,0.10037831962108612,0.00475678313523531,0.10159654915332794,0.006663873791694641,0.10161423683166504,0.005237079691141844,0.1045408844947815,0.005629794206470251,0.10311856120824814,0.004056437406688929,0.1016329675912857,0.004948754329234362
272,0.09864433109760284,0.005112804938107729,0.10248029232025146,0.005399683024734259,0.1004098504781723,0.005161790177226067,0.10418905317783356,0.006132056005299091,0.10208600759506226,0.003821509424597025,0.10203064978122711,0.005495736375451088
273,0.09804840385913849,0.005187456961721182,0.10187969356775284,0.0057429964654147625,0.10069652646780014,0.00455310707911849,0.1035563200712204,0.006151204463094473,0.10160640627145767,0.0033104701433330774,0.10147230327129364,0.004532711114734411
274,0.09907513111829758,0.005293150898069143,0.10280556976795197,0.006353282369673252,0.10167916864156723,0.005212684161961079,0.10381366312503815,0.0056633111089468,0.10082034766674042,0.003063324373215437,0.1011217013001442,0.005624992307275534
275,0.09831343591213226,0.0056756106205284595,0.10279160737991333,0.007652934640645981,0.10165169090032578,0.006432348862290382,0.10358957201242447,0.0048640999011695385,0.10122327506542206,0.002933796029537916,0.10112366825342178,0.006352188065648079
276,0.0986589565873146,0.0058225602842867374,0.10275132954120636,0.007723773829638958,0.10178752988576889,0.006081844680011272,0.10324172675609589,0.005980389192700386,0.10097209364175797,0.0034851336386054754,0.10164763778448105,0.006756251212209463
277,0.09868812561035156,0.0062536755576729774,0.10356738418340683,0.006168474443256855,0.10187419503927231,0.005957620684057474,0.10236316919326782,0.0061903782188892365,0.1015980988740921,0.004040468018501997,0.10273700952529907,0.006651857402175665
278,0.09910191595554352,0.006465374957770109,0.10249896347522736,0.006630893796682358,0.10215768963098526,0.0061163282953202724,0.10176029056310654,0.006011417601257563,0.10283474624156952,0.005772638600319624,0.10256369411945343,0.00674933148548007
279,0.09836770594120026,0.006294148042798042,0.10370244830846786,0.006909762509167194,0.10246479511260986,0.006147047970443964,0.10252074897289276,0.0058868820779025555,0.10348379611968994,0.006670017726719379,0.10307445377111435,0.007887771353125572
280,0.09874691069126129,0.006018290761858225,0.1043081134557724,0.0069024283438920975,0.10086531937122345,0.007189794909209013,0.10266464948654175,0.0067186118103563786,0.1041964739561081,0.005974709056317806,0.10269317775964737,0.007457071915268898
281,0.09865859150886536,0.005241380538791418,0.10307429730892181,0.005899107549339533,0.10288169234991074,0.007552285213023424,0.10246243327856064,0.006372525356709957,0.10336561501026154,0.004675918724387884,0.103009894490242,0.007571819704025984
282,0.09935964643955231,0.005835150368511677,0.10276565700769424,0.006681573577225208,0.10173626244068146,0.007556079421192408,0.10155864804983139,0.0067808725871145725,0.10306254774332047,0.005998759530484676,0.10332286357879639,0.006516369059681892
283,0.09870828688144684,0.004971022717654705,0.1035582572221756,0.005158113315701485,0.1015840545296669,0.007258454337716103,0.1011233702301979,0.007256147917360067,0.10334847867488861,0.004555565770715475,0.10365651547908783,0.00653688283637166
284,0.09790439903736115,0.004950641188770533,0.10307816416025162,0.005163765512406826,0.10128577798604965,0.006525111850351095,0.10156502574682236,0.007074890658259392,0.103061243891716,0.004420438781380653,0.10261654853820801,0.006312735378742218
285,0.09830821305513382,0.005234216805547476,0.10304658114910126,0.005728901829570532,0.1015729084610939,0.007167938631027937,0.10069762170314789,0.00832882896065712,0.10386375337839127,0.005356226582080126,0.10203588008880615,0.006029753480106592
286,0.0995432585477829,0.004447706509381533,0.10210363566875458,0.005326453130692244,0.10126540809869766,0.007306377869099379,0.10014545917510986,0.007794378325343132,0.10300644487142563,0.005733033642172813,0.10301218926906586,0.0061340490356087685
287,0.10031162202358246,0.004436017945408821,0.10219675302505493,0.0060605076141655445,0.10078318417072296,0.007826372049748898,0.10064568370580673,0.006947776768356562,0.1027667373418808,0.005376552697271109,0.1029941588640213,0.005886150989681482
288,0.10127343982458115,0.005080129019916058,0.10230091959238052,0.006431800778955221,0.10149411857128143,0.0069785644300282,0.10073206573724747,0.00652015395462513,0.10259441286325455,0.00514608109369874,0.10234389454126358,0.006163895130157471
289,0.10041148960590363,0.0052775247022509575,0.10303294658660889,0.006017778534442186,0.10265360027551651,0.006908053532242775,0.10007169097661972,0.006709360983222723,0.10206998884677887,0.005316421389579773,0.10225069522857666,0.006637152284383774
290,0.10008801519870758,0.006491954438388348,0.10275453329086304,0.005876603536307812,0.10253439098596573,0.007053417153656483,0.10052093118429184,0.006707329768687487,0.1033753976225853,0.006167913321405649,0.1018035039305687,0.007017615716904402
291,0.10008702427148819,0.006329183932393789,0.10426727682352066,0.00575178861618042,0.10226704925298691,0.007343349978327751,0.10151991993188858,0.006516628433018923,0.10342435538768768,0.006262396462261677,0.10238586366176605,0.006268019322305918
292,0.10005637258291245,0.005943720228970051,0.10415282100439072,0.0054229567758738995,0.1025567427277565,0.006892664358019829,0.10185153782367706,0.006779184564948082,0.1022535189986229,0.005530994851142168,0.10214091837406158,0.005650806240737438
293,0.10019614547491074,0.006757988594472408,0.10479553043842316,0.0051194289699196815,0.1026037335395813,0.007325890939682722,0.10180387645959854,0.007025609258562326,0.10257484763860703,0.005777244921773672,0.10319624841213226,0.004373636096715927
294,0.09906376153230667,0.006096044089645147,0.10577450692653656,0.005732926074415445,0.1026836484670639,0.007259997073560953,0.10245038568973541,0.006942472420632839,0.10320480912923813,0.006302468478679657,0.1041254997253418,0.0042616804130375385
295,0.09931901842355728,0.0071007488295435905,0.10518226772546768,0.0063164327293634415,0.10294602811336517,0.006296831648796797,0.10307681560516357,0.006912218872457743,0.10295913368463516,0.005802310071885586,0.10370787233114243,0.005149324890226126
296,0.09935899078845978,0.006808340549468994,0.1047092080116272,0.006692820694297552,0.1028202548623085,0.006666581612080336,0.10332991182804108,0.006680328864604235,0.10322089493274689,0.005338757764548063,0.10313259065151215,0.005350348073989153
297,0.09911830723285675,0.006006419658660889,0.1037246435880661,0.0073380861431360245,0.10288640111684799,0.006518573500216007,0.10422907769680023,0.007202571257948875,0.10243232548236847,0.0052777547389268875,0.10345230996608734,0.004708264023065567
298,0.09916689246892929,0.006654989905655384,0.10386230796575546,0.007513014599680901,0.10350745916366577,0.006288491189479828,0.1045522540807724,0.0075917611829936504,0.10339154303073883,0.005368375685065985,0.1030566468834877,0.0037952575366944075
299,0.09932894259691238,0.005175406113266945,0.10258336365222931,0.006644752342253923,0.10365736484527588,0.007446086034178734,0.104056715965271,0.007448510732501745,0.10328991711139679,0.0051301950588822365,0.10351363569498062,0.004987613297998905
300,0.10012014210224152,0.0062008388340473175,0.10196584463119507,0.006704575382173061,0.10242754220962524,0.008093745447695255,0.10278888046741486,0.005968084093183279,0.10123815387487411,0.004214149434119463,0.1033255085349083,0.004738473333418369
301,0.10006074607372284,0.006220228970050812,0.10278979688882828,0.005518068093806505,0.10282523930072784,0.008981183171272278,0.10287479311227798,0.006605094764381647,0.10167163610458374,0.0045451633632183075,0.10376232862472534,0.004320831969380379
302,0.10141532123088837,0.007348319515585899,0.1022927388548851,0.005669837351888418,0.10165419429540634,0.00892664398998022,0.10299570858478546,0.0056829629465937614,0.10240112245082855,0.005212999880313873,0.10293147712945938,0.005443179048597813
303,0.10030903667211533,0.006682131439447403,0.10282180458307266,0.006038311868906021,0.10135171562433243,0.00852116011083126,0.10259596258401871,0.0064256503246724606,0.10237403959035873,0.005865601822733879,0.10216967761516571,0.006272967904806137
304,0.09985937178134918,0.005941922776401043,0.10305492579936981,0.006715227849781513,0.10152266174554825,0.008446292951703072,0.10251714289188385,0.007128017954528332,0.10235096514225006,0.005816753022372723,0.10244621336460114,0.006956921424716711
305,0.10043289512395859,0.005237210541963577,0.10256130993366241,0.00598750589415431,0.10160602629184723,0.008973883464932442,0.10176114737987518,0.007003194186836481,0.10247137397527695,0.005745095666497946,0.10118365287780762,0.006873148027807474
306,0.10035073757171631,0.005502390209585428,0.101263128221035,0.005617684684693813,0.10181014239788055,0.008481789380311966,0.1024777889251709,0.006703226827085018,0.10232362896203995,0.005512821953743696,0.10145316272974014,0.007883499376475811
307,0.09950539469718933,0.006398200988769531,0.10160641372203827,0.005391623824834824,0.10160549730062485,0.008408338762819767,0.10249362885951996,0.005969940684735775,0.10291824489831924,0.006046179216355085,0.10170761495828629,0.006244830787181854
308,0.099539615213871,0.006509358994662762,0.10129181295633316,0.005258230958133936,0.10142701864242554,0.007972966879606247,0.10350978374481201,0.0064651845023036,0.10278959572315216,0.005604540463536978,0.10315735638141632,0.006958978250622749
309,0.10008920729160309,0.00650112796574831,0.10172204673290253,0.005989316385239363,0.10201587527990341,0.007228499744087458,0.10385260730981827,0.004920937120914459,0.1028195396065712,0.005448034033179283,0.1031825914978981,0.0065051596611738205
310,0.09939010441303253,0.006473637651652098,0.10266151279211044,0.004867986775934696,0.10173126310110092,0.006990113295614719,0.10341466963291168,0.006037095095962286,0.10302527248859406,0.00705971522256732,0.1036912202835083,0.006816741079092026
311,0.0991317480802536,0.005700935143977404,0.10306131839752197,0.0032175257802009583,0.10227081924676895,0.006330045405775309,0.10276877880096436,0.0058428263291716576,0.10321418195962906,0.0076551251113414764,0.10375255346298218,0.006688366178423166
312,0.098752461373806,0.006037122569978237,0.10323717445135117,0.0035997137892991304,0.10218161344528198,0.005920385476201773,0.10324931144714355,0.006338088307529688,0.10325338691473007,0.007120605558156967,0.10298969596624374,0.007180619053542614
313,0.09766305983066559,0.005905573256313801,0.1033487543463707,0.004264559131115675,0.10220152139663696,0.006716128438711166,0.10206136852502823,0.005901591386646032,0.10338455438613892,0.007790727540850639,0.10226625204086304,0.007454493083059788
314,0.09869560599327087,0.0059815663844347,0.10317371040582657,0.004507382400333881,0.1029689759016037,0.007386092562228441,0.10149747133255005,0.005557558964937925,0.10251067578792572,0.0074714734219014645,0.10215326398611069,0.007365469820797443
315,0.0982101783156395,0.007275578565895557,0.10398421436548233,0.004635246470570564,0.1025945395231247,0.007548351772129536,0.10220211744308472,0.005208651535212994,0.10365597158670425,0.008078306913375854,0.10174546390771866,0.006477853283286095
316,0.0980408638715744,0.005994612351059914,0.10354765504598618,0.0049523781053721905,0.10287640988826752,0.007869813591241837,0.10235568135976791,0.005353179294615984,0.10336592048406601,0.0071866936050355434,0.10277634859085083,0.006009520497173071
317,0.09854620695114136,0.005501947365701199,0.102907195687294,0.0050392053090035915,0.10306473076343536,0.007542224135249853,0.10246871411800385,0.0065691652707755566,0.10299600660800934,0.007205572444945574,0.10255491733551025,0.006109972484409809
318,0.09916559606790543,0.004986161831766367,0.10194490849971771,0.005820476450026035,0.10224030911922455,0.007800765335559845,0.10236518085002899,0.006376542616635561,0.10254538059234619,0.005306586157530546,0.10248883813619614,0.006711855996400118
319,0.09836414456367493,0.004251907113939524,0.10200197994709015,0.006375874392688274,0.10208989679813385,0.0075762453489005566,0.10145771503448486,0.006527307443320751,0.10226628929376602,0.004877747967839241,0.10344421863555908,0.007495875936001539
320,0.09872208535671234,0.004131603986024857,0.10346657037734985,0.005071390885859728,0.10222645103931427,0.007669773884117603,0.10163472592830658,0.00608067587018013,0.10200099647045135,0.0046970052644610405,0.10250749439001083,0.007072006352245808
321,0.09857018291950226,0.00392854493111372,0.10300356149673462,0.00564476428553462,0.10151992738246918,0.007238256745040417,0.10187113285064697,0.006181945092976093,0.1021810919046402,0.006015405524522066,0.10224451124668121,0.006185884587466717
322,0.09874258190393448,0.0046031419187784195,0.10397972166538239,0.005533917341381311,0.10103373229503632,0.0076423948630690575,0.10131615400314331,0.005675841588526964,0.10218904912471771,0.005931132473051548,0.10266260802745819,0.005619409494102001
323,0.09847081452608109,0.004899913445115089,0.10380023717880249,0.005410878919064999,0.10206474363803864,0.007880733348429203,0.10067573934793472,0.005404097028076649,0.10276325792074203,0.00694741727784276,0.10115392506122589,0.005409253761172295
324,0.09835222363471985,0.004505522083491087,0.10420520603656769,0.004978266544640064,0.10191742330789566,0.007290894631296396,0.10178457200527191,0.0047337026335299015,0.1032039076089859,0.006826602388173342,0.10195577144622803,0.005262541119009256
325,0.09857667237520218,0.004463457968086004,0.10417664051055908,0.005401452537626028,0.10264754295349121,0.007149685639888048,0.1025768294930458,0.005821628030389547,0.10241769254207611,0.006694486830383539,0.10196386277675629,0.00597977451980114
326,0.09913194179534912,0.00485931895673275,0.10383772850036621,0.004738971590995789,0.10211572796106339,0.006853281985968351,0.10243993997573853,0.006342250853776932,0.10157662630081177,0.00639767711982131,0.10140101611614227,0.006451597437262535
327,0.09878557175397873,0.004653347190469503,0.10408841073513031,0.005340718198567629,0.10178351402282715,0.006833030842244625,0.1024448499083519,0.006089299451559782,0.10031572729349136,0.006512142717838287,0.10062514245510101,0.007111863698810339
328,0.09954795241355896,0.004403433762490749,0.10461026430130005,0.0066183777526021,0.10167574882507324,0.006807570345699787,0.10238851606845856,0.005230311304330826,0.09955911338329315,0.007162355352193117,0.10146643221378326,0.006855102721601725
329,0.09895303100347519,0.0049141775816679,0.10458439588546753,0.006543206516653299,0.10148228704929352,0.0069528925232589245,0.10382051765918732,0.005470980424433947,0.09912703931331635,0.0069218166172504425,0.10131952911615372,0.007362437900155783
330,0.09859936684370041,0.004568101372569799,0.10329277813434601,0.005986287258565426,0.10099852085113525,0.007448780816048384,0.10329313576221466,0.006278126500546932,0.09963754564523697,0.00710161030292511,0.1018805056810379,0.008050625212490559
331,0.0982172042131424,0.004875050392001867,0.10369305312633514,0.006199486553668976,0.10123312473297119,0.007728477939963341,0.10362352430820465,0.005438289605081081,0.10001061111688614,0.00731980986893177,0.10221199691295624,0.00837879627943039
332,0.0975048616528511,0.0045252349227666855,0.10274331271648407,0.006169665604829788,0.10213172435760498,0.007464367896318436,0.10362106561660767,0.005058286711573601,0.10026156902313232,0.0075795273296535015,0.10144113004207611,0.008094671182334423
333,0.09768512099981308,0.004844454117119312,0.10309223085641861,0.006516140885651112,0.10227403789758682,0.007898913696408272,0.10162059962749481,0.004744532518088818,0.10025747120380402,0.007548005785793066,0.10152553021907806,0.008426699787378311
334,0.09821533411741257,0.004416452255100012,0.10297270119190216,0.006552351173013449,0.10306476056575775,0.007736498489975929,0.10170161724090576,0.004548922646790743,0.10005742311477661,0.006559733301401138,0.10192607343196869,0.008440547622740269
335,0.09728363901376724,0.004221191629767418,0.10302350670099258,0.006413030903786421,0.10300865024328232,0.008181264623999596,0.1021159291267395,0.004820114467293024,0.10054055601358414,0.007107266690582037,0.10229609161615372,0.007650990039110184
336,0.09775923192501068,0.004623395390808582,0.10350078344345093,0.00633731996640563,0.10261794179677963,0.008167090825736523,0.10153820365667343,0.004225484095513821,0.10028690099716187,0.006890668533742428,0.10088200867176056,0.006944591179490089
337,0.09837772697210312,0.006445274688303471,0.10403233766555786,0.006307091098278761,0.10318765789270401,0.008358955383300781,0.10173674672842026,0.005252605304121971,0.10027404129505157,0.006517529487609863,0.10046283155679703,0.007045135833323002
338,0.0978488102555275,0.006662457715719938,0.10382987558841705,0.006292860954999924,0.10287083685398102,0.008278732188045979,0.10215785354375839,0.0060072471387684345,0.09999389946460724,0.007072301581501961,0.10031436383724213,0.006352519150823355
339,0.0977138876914978,0.006276533007621765,0.10364337265491486,0.006297946907579899,0.10245490074157715,0.0075084976851940155,0.1031067818403244,0.005533135496079922,0.09952957928180695,0.006904831156134605,0.1007179468870163,0.005648150108754635
340,0.09723438322544098,0.005429306533187628,0.1026601791381836,0.0065922788344323635,0.10272186994552612,0.0075479294173419476,0.10220138728618622,0.004690201953053474,0.09826336801052094,0.007056578062474728,0.1009918674826622,0.005938037298619747
341,0.09659933298826218,0.005395195912569761,0.10313306003808975,0.006271522957831621,0.10183974355459213,0.007743699476122856,0.10235484689474106,0.004518314730376005,0.09866194427013397,0.00767101626843214,0.10065864026546478,0.006192707922309637
342,0.09617344290018082,0.005153350997716188,0.10306034982204437,0.0066160582937300205,0.10211881250143051,0.008117604069411755,0.10206995159387589,0.00470782071352005,0.09885330498218536,0.0070871831849217415,0.10070855915546417,0.006556986831128597
343,0.09595954418182373,0.005268459673970938,0.10299470275640488,0.0069883172400295734,0.10177643597126007,0.0076253581792116165,0.102007195353508,0.0048986924812197685,0.09880907833576202,0.007225633133202791,0.10044628381729126,0.007333212997764349
344,0.09707745909690857,0.0050088572315871716,0.10302060842514038,0.006981811486184597,0.1012120470404625,0.006988159380853176,0.10116580873727798,0.00453810952603817,0.09785373508930206,0.007220604922622442,0.10039697587490082,0.007257380988448858
345,0.09725470840930939,0.005437033716589212,0.1025128960609436,0.007290176581591368,0.10144367069005966,0.006951642222702503,0.10102058947086334,0.004640587605535984,0.09770198911428452,0.0064308904111385345,0.10085500776767731,0.007068699691444635
346,0.0958605483174324,0.0053833103738725185,0.10231433063745499,0.006928397808223963,0.10121852159500122,0.006684782914817333,0.10138579457998276,0.004670766182243824,0.09765218943357468,0.006999413948506117,0.10051039606332779,0.007325949613004923
347,0.09647472202777863,0.005007540807127953,0.10193800926208496,0.007294930517673492,0.10052909702062607,0.006720197852700949,0.10064302384853363,0.004698127042502165,0.09711325168609619,0.006528417579829693,0.0998145341873169,0.00759938033297658
348,0.09684713184833527,0.005706447176635265,0.1017475351691246,0.007150592282414436,0.10079076141119003,0.006349863018840551,0.1008821353316307,0.004780265036970377,0.09747598320245743,0.007284140679985285,0.09945809841156006,0.007397516630589962
349,0.09667836129665375,0.005796666722744703,0.10197538137435913,0.00794635433703661,0.10151666402816772,0.006527014542371035,0.10130353271961212,0.004747914150357246,0.09691455960273743,0.006988488137722015,0.0998421311378479,0.00685557397082448
350,0.09666778892278671,0.005872147623449564,0.10232912003993988,0.008749697357416153,0.10028092563152313,0.006537208333611488,0.10111276060342789,0.00392500963062048,0.09673557430505753,0.0069205076433718204,0.0997702032327652,0.006548140197992325
351,0.0969146266579628,0.005889322143048048,0.10272283852100372,0.00824778527021408,0.10056351125240326,0.006924498360604048,0.10067605972290039,0.003467602888122201,0.0966358333826065,0.006781617645174265,0.0995868369936943,0.006895755883306265
352,0.09667788445949554,0.0053475964814424515,0.10259763151407242,0.008135374635457993,0.10029729455709457,0.007802822161465883,0.09984488785266876,0.003419446526095271,0.09689639508724213,0.006658964790403843,0.1002698540687561,0.007049118634313345
353,0.09628982096910477,0.005601090379059315,0.102030910551548,0.008335594087839127,0.1010880246758461,0.00822903960943222,0.09959714114665985,0.0038800740148872137,0.09713457524776459,0.006380597595125437,0.09989088028669357,0.007892352528870106
354,0.09625637531280518,0.005775577388703823,0.10160543024539948,0.008278055116534233,0.10146649926900864,0.00785440020263195,0.10018440335988998,0.00411260686814785,0.09686437994241714,0.006146950647234917,0.09984591603279114,0.008052405901253223
355,0.09578680247068405,0.006283363793045282,0.10241218656301498,0.008367560803890228,0.10154008865356445,0.00761810876429081,0.10052144527435303,0.004639907740056515,0.09693218022584915,0.006393679417669773,0.10012678056955338,0.008499969728291035
356,0.09561953693628311,0.006459374446421862,0.10249204933643341,0.008292068727314472,0.10138986259698868,0.007399396970868111,0.10062764585018158,0.00503613380715251,0.09648750722408295,0.006333092227578163,0.09977444261312485,0.00811854749917984
357,0.09637506306171417,0.006070569157600403,0.10185834020376205,0.0074096983298659325,0.10120890289545059,0.007421321235597134,0.09968843311071396,0.0041634757071733475,0.09732384979724884,0.0067046694457530975,0.09929440170526505,0.00859670527279377
358,0.09657686948776245,0.006049192976206541,0.10216933488845825,0.007309488020837307,0.10049083083868027,0.007820849306881428,0.09972621500492096,0.005058827344328165,0.09782663732767105,0.0067270598374307156,0.09899482876062393,0.007907221093773842
359,0.09636230021715164,0.0062088556587696075,0.1019965410232544,0.006945374421775341,0.10017488151788712,0.007604548241943121,0.10023566335439682,0.004941949620842934,0.09790460020303726,0.0074456240981817245,0.09969279915094376,0.007951495237648487
360,0.0966227576136589,0.006162628997117281,0.102876678109169,0.006618165411055088,0.10029218345880508,0.008058474399149418,0.09952731430530548,0.005218705628067255,0.09711302071809769,0.007026786915957928,0.09945577383041382,0.00775357848033309
361,0.09641055762767792,0.00623090798035264,0.10263222455978394,0.007658536545932293,0.10052194446325302,0.008036473765969276,0.09970627725124359,0.004971054382622242,0.09761331975460052,0.007064708508551121,0.1000981330871582,0.007821914739906788
362,0.09584662318229675,0.006146315019577742,0.10229642689228058,0.007119379471987486,0.10093174129724503,0.007941585034132004,0.09966029226779938,0.004575857426971197,0.09688417613506317,0.007102536968886852,0.09966154396533966,0.007517191581428051
363,0.09553515911102295,0.00580294756218791,0.10264464467763901,0.007412542589008808,0.10027922689914703,0.0076340846717357635,0.09942849725484848,0.004827544093132019,0.09684916585683823,0.0071252137422561646,0.09940259158611298,0.007125998847186565
364,0.0947837084531784,0.0057203336618840694,0.10195614397525787,0.00735516007989645,0.10032358020544052,0.007990950718522072,0.09945458173751831,0.00494269747287035,0.09660182893276215,0.00693290401250124,0.09966301918029785,0.007638344541192055
365,0.09484615176916122,0.005242637358605862,0.10167936980724335,0.008200581185519695,0.09981904923915863,0.008255837485194206,0.09918525815010071,0.005054450128227472,0.09605064243078232,0.006939669139683247,0.0989169105887413,0.007696192245930433
366,0.09536533802747726,0.005198950879275799,0.10123399645090103,0.008100880309939384,0.10085131227970123,0.007698001805692911,0.09833940118551254,0.004731387365609407,0.09588740766048431,0.007038182113319635,0.09902624785900116,0.007850805297493935
367,0.09532131999731064,0.005002918187528849,0.10082890093326569,0.007995592430233955,0.10088392347097397,0.00803452730178833,0.09839026629924774,0.005061436910182238,0.09523547440767288,0.007092962507158518,0.09882579743862152,0.007863577455282211
368,0.09461549669504166,0.004752632696181536,0.10030533373355865,0.007561754435300827,0.1007591038942337,0.007823560386896133,0.09896034002304077,0.004731633234769106,0.09519022703170776,0.006956929806619883,0.09845361858606339,0.0074553107842803
369,0.09402788430452347,0.00497462460771203,0.09986560791730881,0.007690863683819771,0.10056328773498535,0.007962165400385857,0.09875384718179703,0.004221092443913221,0.09480138123035431,0.006714727263897657,0.09779991954565048,0.007995451800525188
370,0.09501680731773376,0.00531049957498908,0.10037741810083389,0.007549182046204805,0.10106341540813446,0.008334239013493061,0.09815914183855057,0.003944735508412123,0.09513622522354126,0.006857684813439846,0.09822354465723038,0.00849971454590559
371,0.09484630078077316,0.004996676463633776,0.10023029148578644,0.0078100645914673805,0.10059364140033722,0.007728132884949446,0.09780719876289368,0.004352421499788761,0.094729945063591,0.006841666530817747,0.09824247658252716,0.008885791525244713
372,0.09425071626901627,0.005604306701570749,0.1006552204489708,0.007636768743395805,0.10051102936267853,0.008106348104774952,0.09827093780040741,0.004555577877908945,0.09542183578014374,0.007033251691609621,0.09755440056324005,0.008414664305746555
373,0.09426397830247879,0.005830844398587942,0.09989287704229355,0.007148550823330879,0.10023345798254013,0.008337564766407013,0.0983191505074501,0.0037543759681284428,0.09543182700872421,0.007202622015029192,0.09748439490795135,0.008790760301053524
374,0.09404753148555756,0.005969406105577946,0.09943457692861557,0.007622001226991415,0.09991820156574249,0.008631208911538124,0.09889255464076996,0.0036176324356347322,0.09593455493450165,0.007453733589500189,0.09755755960941315,0.009185132570564747
375,0.09336875379085541,0.005942673422396183,0.09941848367452621,0.007381288800388575,0.10027319192886353,0.008773482404649258,0.09881361573934555,0.004001341760158539,0.0960661917924881,0.00788380578160286,0.09790052473545074,0.00961347483098507
376,0.09368375688791275,0.005875668954104185,0.0990249291062355,0.006955898832529783,0.10035668313503265,0.008353278040885925,0.09783249348402023,0.003765570232644677,0.09587888419628143,0.008299552835524082,0.09768368303775787,0.01022961176931858
377,0.09424497187137604,0.006451345048844814,0.09884916990995407,0.007797124329954386,0.10009177029132843,0.008522361516952515,0.09808067977428436,0.004023290704935789,0.09623818099498749,0.007873651571571827,0.09718547016382217,0.009638206101953983
378,0.09423555433750153,0.006350389216095209,0.0989035815000534,0.007819448597729206,0.10011132061481476,0.008545889519155025,0.0978429764509201,0.003555973991751671,0.09667094051837921,0.007648432161659002,0.09759591519832611,0.008948324248194695
379,0.09441716969013214,0.00704107154160738,0.0992136225104332,0.007531378883868456,0.09995272755622864,0.008826679550111294,0.09791018068790436,0.0035278003197163343,0.09610342979431152,0.006938388105481863,0.097235307097435,0.008433946408331394
380,0.09459441155195236,0.006587168201804161,0.09956459701061249,0.007854701951146126,0.10023816674947739,0.008532331325113773,0.09906498342752457,0.0043238988146185875,0.09603376686573029,0.007098184432834387,0.09695963561534882,0.007606086786836386
381,0.09506798535585403,0.006404159124940634,0.09924690425395966,0.007727380376309156,0.09991822391748428,0.00858322810381651,0.09888757020235062,0.004324403591454029,0.0957370400428772,0.006756506394594908,0.09676093608140945,0.007828881964087486
382,0.09576715528964996,0.006545471493154764,0.09863374382257462,0.007753563113510609,0.09993654489517212,0.008060886524617672,0.09917189925909042,0.004819064401090145,0.09531319886445999,0.006660981569439173,0.09653935581445694,0.008083179593086243
383,0.09490428864955902,0.00632411427795887,0.09951727837324142,0.007893230766057968,0.10029186308383942,0.00833662785589695,0.09820107370615005,0.005121062509715557,0.0947841927409172,0.00628961157053709,0.09628826379776001,0.00822369009256363
384,0.09506377577781677,0.006160430610179901,0.09934403002262115,0.007696773856878281,0.09997513890266418,0.008805811405181885,0.09873132407665253,0.005515006836503744,0.0952812135219574,0.007262114901095629,0.09552623331546783,0.008144901134073734
385,0.094910629093647,0.005821423139423132,0.09954245388507843,0.007782583124935627,0.09940996766090393,0.008280027657747269,0.09828425198793411,0.004886417184025049,0.09453719854354858,0.006958337035030127,0.09599501639604568,0.008362374268472195
386,0.09546320885419846,0.006392976734787226,0.09922449290752411,0.00770431337878108,0.09991645067930222,0.008811897598206997,0.09894184023141861,0.004134818445891142,0.09447265416383743,0.007517638150602579,0.09537164121866226,0.008200784213840961
387,0.09534838795661926,0.0063259052112698555,0.09881332516670227,0.0071783727034926414,0.10052075237035751,0.008712396956980228,0.09919686615467072,0.004271744284778833,0.09436927735805511,0.007596679963171482,0.0951477587223053,0.007924150675535202
388,0.09483079612255096,0.0066328635439276695,0.09895117580890656,0.00638895109295845,0.10030547529459,0.00912561360746622,0.09946072846651077,0.004323156084865332,0.09388066828250885,0.008162761107087135,0.0954868346452713,0.0077115814201533794
389,0.09455780684947968,0.006015326362103224,0.09882621467113495,0.0063008274883031845,0.10005021095275879,0.009181286208331585,0.09928838908672333,0.0038920457009226084,0.09393377602100372,0.007877915166318417,0.09541629254817963,0.007363601587712765
390,0.09518410265445709,0.006094867363572121,0.09889577329158783,0.006511444225907326,0.10027764737606049,0.009421953931450844,0.09914498776197433,0.00418930733576417,0.0940689668059349,0.006898252293467522,0.09594888985157013,0.007369174621999264
391,0.0951167419552803,0.006491666194051504,0.09895269572734833,0.0065742661245167255,0.1002923995256424,0.009699187241494656,0.09918314218521118,0.004304056987166405,0.09325607866048813,0.006497904658317566,0.09540807455778122,0.007755216211080551
392,0.09459979832172394,0.005758149549365044,0.09880425781011581,0.007080113515257835,0.09997733682394028,0.010499436408281326,0.09892845898866653,0.004541420843452215,0.09292546659708023,0.006220359355211258,0.09602810442447662,0.00781147601082921
393,0.09418926388025284,0.005993482656776905,0.0986938551068306,0.006801787763834,0.0997558981180191,0.010301418602466583,0.09808365255594254,0.004400189034640789,0.09270842373371124,0.0062183802947402,0.09573956578969955,0.009219369851052761
394,0.0931580513715744,0.005580124445259571,0.09820493310689926,0.007282636594027281,0.09999580681324005,0.010166184045374393,0.0972529724240303,0.004225425887852907,0.09321720898151398,0.006520729511976242,0.09579846262931824,0.00925119873136282
395,0.0925370454788208,0.005368586163967848,0.09842444211244583,0.008185976184904575,0.10000663995742798,0.010100182145833969,0.09713215380907059,0.0046656145714223385,0.09393510967493057,0.006436089053750038,0.09556200355291367,0.008975520730018616
396,0.09301894903182983,0.005627925973385572,0.09878475964069366,0.007506685797125101,0.09917806088924408,0.009518441744148731,0.09674332290887833,0.004798957146704197,0.09387670457363129,0.007037495728582144,0.09536854922771454,0.009207471273839474
397,0.09344355762004852,0.006439954042434692,0.09922343492507935,0.007087235804647207,0.09914590418338776,0.009337815456092358,0.09654144197702408,0.005080173723399639,0.09380052983760834,0.007143415044993162,0.09539877623319626,0.009122240357100964
398,0.09278660267591476,0.0068284389562904835,0.09829121828079224,0.007246765773743391,0.09877076745033264,0.00892055593430996,0.09645833820104599,0.005262133665382862,0.09324654936790466,0.007218846119940281,0.09492211788892746,0.009374184533953667
399,0.09234263002872467,0.00615347595885396,0.09809008985757828,0.008199871517717838,0.09858043491840363,0.00873792264610529,0.09615009278059006,0.004531163722276688,0.09266636520624161,0.006817172281444073,0.09471084177494049,0.009528487920761108
400,0.09220504760742188,0.006429868284612894,0.09796278178691864,0.008031146600842476,0.09870067238807678,0.00798120629042387,0.09633385390043259,0.004841906018555164,0.09298592060804367,0.0070753684267401695,0.09460165351629257,0.010074947029352188
401,0.09186063706874847,0.0065338402055203915,0.09865802526473999,0.007730069570243359,0.09927813708782196,0.008592348545789719,0.09697941690683365,0.004957937635481358,0.09336046874523163,0.0075529650785028934,0.09520243108272552,0.009806640446186066
402,0.0917586237192154,0.006636643782258034,0.09843115508556366,0.006899736821651459,0.09965182095766068,0.009890446439385414,0.09682340919971466,0.0051421853713691235,0.09286118298768997,0.007750550750643015,0.09547893702983856,0.008590469136834145
403,0.09190259873867035,0.006653067655861378,0.09832412004470825,0.006556421052664518,0.09988321363925934,0.010158916935324669,0.09632916748523712,0.005349243059754372,0.09247197955846786,0.007349621504545212,0.09599019587039948,0.00896644126623869
404,0.09211836755275726,0.006682173348963261,0.09778371453285217,0.006770655047148466,0.09970591962337494,0.010186830535531044,0.09609629213809967,0.004812695551663637,0.09258756786584854,0.007635448593646288,0.09617223590612411,0.00859842635691166
405,0.09228651225566864,0.006461672950536013,0.09791750460863113,0.006944049149751663,0.09908721596002579,0.010058079846203327,0.09613507241010666,0.004334109369665384,0.09187720715999603,0.008103110827505589,0.0960349291563034,0.008800086565315723
406,0.09219710528850555,0.006274279672652483,0.09835024923086166,0.007635501213371754,0.09887850284576416,0.010358150117099285,0.09616462141275406,0.004141815472394228,0.09190830588340759,0.008329439908266068,0.09581071883440018,0.008938517421483994
407,0.09215843677520752,0.006466334220021963,0.09793112426996231,0.008100229315459728,0.09836464375257492,0.010316720232367516,0.09579349309206009,0.004123270511627197,0.09240446984767914,0.008666712790727615,0.09620197117328644,0.009256758727133274
408,0.09281673282384872,0.007853221148252487,0.09800079464912415,0.008381378836929798,0.09838639199733734,0.010357679799199104,0.09567797929048538,0.004676934331655502,0.09223391115665436,0.008964458480477333,0.09588870406150818,0.009931751526892185
409,0.09276250749826431,0.007639904040843248,0.09820523113012314,0.007981868460774422,0.0988052487373352,0.010008588433265686,0.09523031115531921,0.004861392546445131,0.09204806387424469,0.008738637901842594,0.09573293477296829,0.010848604142665863
410,0.09175638109445572,0.00681472010910511,0.09824807941913605,0.007803331129252911,0.09879475831985474,0.010233770124614239,0.09558646380901337,0.004907351452857256,0.09252433478832245,0.008753838017582893,0.09477721154689789,0.011183671653270721
411,0.09254695475101471,0.00742837181314826,0.09789840877056122,0.008194876834750175,0.09883161634206772,0.010705734603106976,0.09543342888355255,0.0047837826423347,0.09262680262327194,0.008359665051102638,0.09408529102802277,0.010604863986372948
412,0.09336189925670624,0.007400456815958023,0.09749975055456161,0.008809491991996765,0.09794502705335617,0.010351615957915783,0.09541608393192291,0.004969028756022453,0.0915980115532875,0.008384800516068935,0.09417848289012909,0.01003007497638464
413,0.0927029401063919,0.007246667984873056,0.09666746109724045,0.008765936829149723,0.0984945222735405,0.009979797527194023,0.09469623118638992,0.004686338361352682,0.09188354015350342,0.008817395195364952,0.09421790391206741,0.010094798170030117
414,0.09263822436332703,0.0077115437015891075,0.09638895094394684,0.008767618797719479,0.09812140464782715,0.009529130533337593,0.09454439580440521,0.004915003664791584,0.09177365154027939,0.008895417675375938,0.09383732825517654,0.00941847637295723
415,0.0929923802614212,0.007608207408338785,0.09578821808099747,0.008601165376603603,0.09837333112955093,0.009625189937651157,0.09445223957300186,0.004922554828226566,0.09117186814546585,0.008545064367353916,0.09436338394880295,0.009884419851005077
416,0.09271560609340668,0.0077138361521065235,0.09580852091312408,0.008513770997524261,0.09856174141168594,0.010333575308322906,0.09463761746883392,0.003993738442659378,0.09131964296102524,0.009131105616688728,0.09390970319509506,0.009578733704984188
417,0.09280931204557419,0.007790629751980305,0.09582275152206421,0.008981645107269287,0.09858693927526474,0.010118765756487846,0.09441753476858139,0.003812932875007391,0.09114406257867813,0.008507376536726952,0.09439613670110703,0.010287526063621044
418,0.09270444512367249,0.008220367133617401,0.09600196033716202,0.008823154494166374,0.09804917126893997,0.010519896633923054,0.09431126713752747,0.004603215027600527,0.09096197783946991,0.008579352870583534,0.09494592249393463,0.009860861115157604
419,0.09198854863643646,0.008181438781321049,0.09514423459768295,0.007767864037305117,0.09806407243013382,0.0107737360522151,0.09417752921581268,0.005133386235684156,0.09113026410341263,0.008987142704427242,0.09521624445915222,0.009725771844387054
420,0.09122127294540405,0.008704934269189835,0.09471111744642258,0.007795171812176704,0.09737709164619446,0.010094178840517998,0.09297381341457367,0.00479253102093935,0.09115460515022278,0.00912681594491005,0.0946933776140213,0.010250451043248177
421,0.0911678597331047,0.008558724075555801,0.0943465307354927,0.008519189432263374,0.09773682057857513,0.010278046131134033,0.09340308606624603,0.005406176671385765,0.09144873172044754,0.009388000704348087,0.09412448108196259,0.010183610953390598
422,0.09093889594078064,0.007792548276484013,0.0940401554107666,0.008517146110534668,0.09777062386274338,0.009882643818855286,0.09347210824489594,0.0057441918179392815,0.09140469878911972,0.009189280681312084,0.09478005021810532,0.010625761933624744
423,0.0908956304192543,0.007310319691896439,0.09461567550897598,0.008648739196360111,0.09760387986898422,0.009904473088681698,0.09357969462871552,0.005033131688833237,0.09098009765148163,0.009474729187786579,0.09454580396413803,0.010389065369963646
424,0.09090639650821686,0.007364545948803425,0.09512434899806976,0.008677723817527294,0.0972798615694046,0.010204717516899109,0.09383641183376312,0.004578739870339632,0.09112422168254852,0.009263398125767708,0.09420821070671082,0.009587271139025688
425,0.09080632030963898,0.008016344159841537,0.09540421515703201,0.008784477598965168,0.09668537229299545,0.00998532585799694,0.09388666599988937,0.005043143406510353,0.09067871421575546,0.009117727167904377,0.09361682087182999,0.009740572422742844
426,0.09036047011613846,0.007816947996616364,0.09533281624317169,0.009192829951643944,0.09619005024433136,0.010000597685575485,0.09403692185878754,0.005596557632088661,0.09070373326539993,0.00865881610661745,0.09358875453472137,0.009147824719548225
427,0.09077148884534836,0.008053409866988659,0.095302052795887,0.008509218692779541,0.09689842909574509,0.010990760289132595,0.09386414289474487,0.005709887482225895,0.09111980348825455,0.009042443707585335,0.09337026625871658,0.008759776130318642
428,0.0907784029841423,0.007682072464376688,0.0954989343881607,0.008328787982463837,0.09671644121408463,0.01063635665923357,0.09291262179613113,0.005524992011487484,0.09061342477798462,0.008583317510783672,0.09341438114643097,0.009139787405729294
429,0.09105270355939865,0.008174634538590908,0.09566030651330948,0.008212512359023094,0.09627139568328857,0.01087275892496109,0.09314457327127457,0.005427348893135786,0.0900711789727211,0.0080961799249053,0.0933389961719513,0.009130877442657948
430,0.09085191041231155,0.008347790688276291,0.0952182337641716,0.008520223200321198,0.0965041071176529,0.010971110314130783,0.09329251199960709,0.0055769276805222034,0.09009724110364914,0.007991020567715168,0.09271396696567535,0.009166891686618328
431,0.09087145328521729,0.008666085079312325,0.09441693872213364,0.008986417204141617,0.09655757248401642,0.010450652800500393,0.09344254434108734,0.005572415888309479,0.09050551056861877,0.008432822301983833,0.09271912276744843,0.009139242582023144
432,0.09046187996864319,0.008386537432670593,0.09442103654146194,0.009459544904530048,0.09626510739326477,0.009965155273675919,0.09228044003248215,0.00564527465030551,0.08991046249866486,0.008666976355016232,0.09306608140468597,0.009759420529007912
433,0.08988907188177109,0.008460589684545994,0.09508431702852249,0.00970187596976757,0.09574630856513977,0.00945352204144001,0.09183245897293091,0.004973540548235178,0.0897795632481575,0.008714944124221802,0.09304124861955643,0.010661785490810871
434,0.09042735397815704,0.0088069261983037,0.09441044181585312,0.009610345587134361,0.09574748575687408,0.009545051492750645,0.09173911809921265,0.004564016126096249,0.08990050852298737,0.008145367726683617,0.0938306525349617,0.010242088697850704
435,0.09074478596448898,0.009527614340186119,0.09431493282318115,0.009735874831676483,0.09538544714450836,0.009392643347382545,0.0926746129989624,0.00452825240790844,0.09032674133777618,0.007895728573203087,0.09337807446718216,0.009835068136453629
436,0.08984428644180298,0.00903230533003807,0.09487069398164749,0.009670404717326164,0.09531929343938828,0.009586828760802746,0.09210231900215149,0.004296588245779276,0.09032462537288666,0.00781335961073637,0.09268618375062943,0.008833781816065311
437,0.0903947502374649,0.008883710019290447,0.09472068399190903,0.010020707733929157,0.0952741727232933,0.009802273474633694,0.09224268794059753,0.004644118249416351,0.09075474739074707,0.0075955381616950035,0.09265780448913574,0.009017152711749077
438,0.09099879115819931,0.00959053449332714,0.09412679821252823,0.010145368985831738,0.09562956541776657,0.009936870075762272,0.09197841584682465,0.004817092325538397,0.09056193381547928,0.007961764931678772,0.09260547161102295,0.009248324669897556
439,0.091447614133358,0.008952620439231396,0.0937618836760521,0.009489066898822784,0.09504957497119904,0.010181772522628307,0.09183633327484131,0.003982406109571457,0.09056961536407471,0.008100375533103943,0.09178240597248077,0.009220963343977928
440,0.09074310213327408,0.008831006474792957,0.09379686415195465,0.009891350753605366,0.09483963251113892,0.01070699654519558,0.09199278056621552,0.0043650539591908455,0.09058509767055511,0.008324517868459225,0.09244272112846375,0.00901431031525135
441,0.09071072936058044,0.00897178240120411,0.09396924078464508,0.009183492511510849,0.09486722946166992,0.010912592522799969,0.09184017777442932,0.004136270377784967,0.09042607992887497,0.008426638320088387,0.09284581243991852,0.00916216615587473
442,0.08984020352363586,0.008377140387892723,0.0938723236322403,0.010058645159006119,0.09493321180343628,0.010474931448698044,0.09193889796733856,0.0048632388934493065,0.08980022370815277,0.008527240715920925,0.09226281940937042,0.008433477021753788
443,0.08982032537460327,0.008769015781581402,0.09415148943662643,0.010143524967133999,0.09473785758018494,0.010198192670941353,0.09206968545913696,0.005080048926174641,0.08940861374139786,0.008377119898796082,0.0921458899974823,0.008350957185029984
444,0.08988969773054123,0.008631325326859951,0.0936756432056427,0.010600063018500805,0.0950193852186203,0.009890271350741386,0.09301324188709259,0.005556427873671055,0.09004652500152588,0.009332279674708843,0.09204261004924774,0.008304164744913578
445,0.08985281735658646,0.008231949992477894,0.09359177201986313,0.009782749228179455,0.09525114297866821,0.009371819905936718,0.09285224974155426,0.005027319770306349,0.08990950882434845,0.009243069216609001,0.09224439412355423,0.00835377722978592
446,0.08980396389961243,0.008383122272789478,0.09377094358205795,0.009442945942282677,0.09544487297534943,0.009036700241267681,0.09234372526407242,0.004718916490674019,0.08979110419750214,0.008528174832463264,0.09194009751081467,0.008060868829488754
447,0.09022416174411774,0.008113755844533443,0.09438851475715637,0.009657785296440125,0.09477996826171875,0.009574486874043941,0.09254544228315353,0.0049523781053721905,0.08931227028369904,0.00874814111739397,0.09177564829587936,0.008264045231044292
448,0.08992420881986618,0.008075110614299774,0.09357495605945587,0.010161866433918476,0.09452935308218002,0.009731749072670937,0.09186086803674698,0.004965954460203648,0.08904179185628891,0.008519916795194149,0.09146483242511749,0.008118410594761372
449,0.08985291421413422,0.008014858700335026,0.09362410008907318,0.010417924262583256,0.09438962489366531,0.009797664359211922,0.09158200025558472,0.004983146674931049,0.08863174170255661,0.008485210128128529,0.0917215421795845,0.008385075256228447
450,0.08950243890285492,0.008115996606647968,0.0936661809682846,0.010338282212615013,0.09381204843521118,0.009808318689465523,0.09070499241352081,0.00501339603215456,0.08851559460163116,0.008686019107699394,0.09204793721437454,0.008742671459913254
451,0.08989714086055756,0.008489479310810566,0.09329886734485626,0.01015887688845396,0.09341655671596527,0.009714431129395962,0.09088519215583801,0.004565541632473469,0.08902876824140549,0.008264459669589996,0.09220905601978302,0.008870255202054977
452,0.08959946781396866,0.008949462324380875,0.09293201565742493,0.009948300197720528,0.0934654027223587,0.009240370243787766,0.09050346910953522,0.004459594842046499,0.08913832902908325,0.008130287751555443,0.09205830097198486,0.008602890186011791
453,0.08889596164226532,0.009049932472407818,0.09314312040805817,0.009890109300613403,0.09351025521755219,0.008708295412361622,0.09004098922014236,0.0047752996906638145,0.08945922553539276,0.008564838208258152,0.0919634997844696,0.008800645358860493
454,0.08877455443143845,0.00965028628706932,0.0934053584933281,0.00999540463089943,0.09309635311365128,0.00827492494136095,0.09045443683862686,0.0039444719441235065,0.08924379199743271,0.008452176116406918,0.0916813388466835,0.008614517748355865
455,0.08859726786613464,0.010107371024787426,0.09299148619174957,0.00996558740735054,0.09271993488073349,0.008309945464134216,0.09029719233512878,0.0042698257602751255,0.08953162282705307,0.008820769377052784,0.09166668355464935,0.008466959930956364
456,0.0897664874792099,0.010858246125280857,0.09276455640792847,0.009831015951931477,0.09312127530574799,0.00873351376503706,0.0902395024895668,0.0034123780205845833,0.08949686586856842,0.009560632519423962,0.09193864464759827,0.008611039258539677
457,0.08964255452156067,0.010782511904835701,0.09291543066501617,0.008796791546046734,0.09361566603183746,0.009167325682938099,0.08988741040229797,0.0031146083492785692,0.08920828998088837,0.00969767663627863,0.09163182973861694,0.008598211221396923
458,0.08956941217184067,0.010950622148811817,0.09329324215650558,0.008482406847178936,0.09338905662298203,0.009441313333809376,0.08951542526483536,0.003316499525681138,0.08893829584121704,0.00950134452432394,0.0923694297671318,0.008559011854231358
459,0.08960245549678802,0.010916225612163544,0.09284859895706177,0.008498615585267544,0.09270761162042618,0.009136403910815716,0.09048543125391006,0.003911617677658796,0.0890686959028244,0.010220736265182495,0.09184826910495758,0.008369502611458302
460,0.08954942226409912,0.011161924339830875,0.09281899034976959,0.009386404417455196,0.09244266897439957,0.009047267027199268,0.0903981551527977,0.0034746364690363407,0.08912987262010574,0.009913849644362926,0.09183869510889053,0.00820721872150898
461,0.0890960767865181,0.010346591472625732,0.09256298840045929,0.00924744363874197,0.0922466367483139,0.009235186502337456,0.09041211754083633,0.003948282916098833,0.08838817477226257,0.009343888610601425,0.0914541706442833,0.008230725303292274
462,0.08940718322992325,0.009979574009776115,0.09263291209936142,0.00971023179590702,0.09304486215114594,0.009853958152234554,0.09027273952960968,0.003704989794641733,0.08832161873579025,0.009619751013815403,0.09148561954498291,0.008797493763267994
463,0.08866344392299652,0.010257805697619915,0.0921972393989563,0.009199746884405613,0.09303253144025803,0.009826301597058773,0.09055012464523315,0.003693476552143693,0.08841545879840851,0.009096996858716011,0.09075728803873062,0.008060779422521591
464,0.08868668973445892,0.010918191634118557,0.09210256487131119,0.008647536858916283,0.09279574453830719,0.009410415776073933,0.08961281925439835,0.0040346006862819195,0.08845478296279907,0.008839890360832214,0.0908917784690857,0.008228178136050701
465,0.08831607550382614,0.010579713620245457,0.09177826344966888,0.008822903968393803,0.0933845043182373,0.009569076821208,0.08966251462697983,0.0039947861805558205,0.08774881809949875,0.009100300259888172,0.09026781469583511,0.00791962444782257
466,0.08790796995162964,0.010275145061314106,0.09207127243280411,0.00868035014718771,0.09283415973186493,0.009830915369093418,0.0895657166838646,0.0038598172832280397,0.08764439821243286,0.009107043035328388,0.09055034816265106,0.008062402717769146
467,0.08786293864250183,0.010538515634834766,0.0917101800441742,0.009649708867073059,0.09319290518760681,0.00997198186814785,0.08887040615081787,0.0039075324311852455,0.08749749511480331,0.009454217739403248,0.0905945748090744,0.0073013706132769585
468,0.08796770870685577,0.010325570590794086,0.09094885736703873,0.009141703136265278,0.09330897033214569,0.00990993157029152,0.08824421465396881,0.0037075623404234648,0.08754335343837738,0.009714215062558651,0.09064199030399323,0.007704365532845259
469,0.08804389834403992,0.01011350005865097,0.09117283672094345,0.009556368924677372,0.0933648943901062,0.009608765132725239,0.08827672898769379,0.003807149361819029,0.08785606920719147,0.00924069806933403,0.09015543013811111,0.0069387080147862434
470,0.08813897520303726,0.01032564789056778,0.09119779616594315,0.00992960948497057,0.09277234226465225,0.009842454455792904,0.0881134495139122,0.00415910966694355,0.0876559168100357,0.009263493120670319,0.09039883315563202,0.0074210865423083305
471,0.0878848060965538,0.010122250765562057,0.09110472351312637,0.00970347411930561,0.09241469204425812,0.00931614637374878,0.08843152225017548,0.004545880015939474,0.0875013917684555,0.00923340767621994,0.09043463319540024,0.007624913938343525
472,0.08773019909858704,0.01036076806485653,0.09156045317649841,0.009098421782255173,0.09282088279724121,0.009623397141695023,0.08852853626012802,0.004298071842640638,0.08755384385585785,0.008533328771591187,0.09042690694332123,0.007923570461571217
473,0.08773825317621231,0.009591343812644482,0.09171797335147858,0.008832724764943123,0.09244107455015182,0.009210007265210152,0.08864684402942657,0.00461004301905632,0.08784321695566177,0.009179974906146526,0.08956651389598846,0.007882939651608467
474,0.08713619410991669,0.009715109132230282,0.09233727306127548,0.009678859263658524,0.09246491640806198,0.009300483390688896,0.08839260041713715,0.004533297847956419,0.08767619729042053,0.009332624264061451,0.08955134451389313,0.007989428006112576
475,0.08694293349981308,0.008919436484575272,0.09155508875846863,0.009615386836230755,0.09252570569515228,0.009209460578858852,0.08779027312994003,0.004566518124192953,0.08777367323637009,0.009391297586262226,0.08938363939523697,0.008743843995034695
476,0.0871584415435791,0.009165851399302483,0.09157846122980118,0.009329991415143013,0.09223910421133041,0.009459479711949825,0.08822429925203323,0.004496235400438309,0.08727049827575684,0.009468249045312405,0.08955571055412292,0.008683016523718834
477,0.08742694556713104,0.009561826474964619,0.09153679758310318,0.008976195007562637,0.09248814731836319,0.009274887852370739,0.08785451203584671,0.00423293886706233,0.08719781786203384,0.009501472115516663,0.08875881880521774,0.008533361367881298
478,0.08769931644201279,0.010301214642822742,0.09098600596189499,0.009175118990242481,0.09260763227939606,0.009302860125899315,0.08819834887981415,0.004228018224239349,0.08731527626514435,0.00961508508771658,0.0888606607913971,0.008568170480430126
479,0.08760557323694229,0.011081187054514885,0.09101622551679611,0.009395914152264595,0.09234144538640976,0.00923995953053236,0.08823608607053757,0.004264666698873043,0.0878678634762764,0.009480778127908707,0.08833523839712143,0.008134957402944565
480,0.08759898692369461,0.010166235268115997,0.09117670357227325,0.01002726424485445,0.09234394133090973,0.00952533446252346,0.08822477608919144,0.0040194131433963776,0.08758129924535751,0.009621934033930302,0.08779878914356232,0.007765909191220999
481,0.08773723244667053,0.011199853383004665,0.09132616221904755,0.010290506295859814,0.09208129346370697,0.00939098745584488,0.08785415440797806,0.003960613161325455,0.0878564864397049,0.009196040220558643,0.08755581080913544,0.007710235193371773
482,0.08704632520675659,0.010439354926347733,0.09175659716129303,0.010190154425799847,0.09210647642612457,0.009388738311827183,0.0873987227678299,0.0034763538278639317,0.08749224245548248,0.009393692947924137,0.08729981631040573,0.00780102564021945
483,0.08720652759075165,0.009577909484505653,0.09138868004083633,0.010293367318809032,0.09228670597076416,0.009058133698999882,0.08736797422170639,0.003804784035310149,0.08722156286239624,0.00920854602009058,0.0877210944890976,0.008294828236103058
484,0.08737131953239441,0.010332628153264523,0.09165103733539581,0.010539975017309189,0.09218106418848038,0.008779829367995262,0.08750578761100769,0.004152011126279831,0.08698762953281403,0.008765840902924538,0.08770035207271576,0.008575971238315105
485,0.08760030567646027,0.010760189034044743,0.09162940084934235,0.01078109722584486,0.09198413044214249,0.008692584000527859,0.08754537999629974,0.004033143166452646,0.08694078028202057,0.008767013438045979,0.08714678138494492,0.008471770212054253
486,0.08717584609985352,0.010668403469026089,0.09100973606109619,0.011030288413167,0.09213359653949738,0.008446340449154377,0.0867713913321495,0.004139709286391735,0.08687596023082733,0.008862363174557686,0.08732219785451889,0.00880354642868042
487,0.08769591152667999,0.010645234026014805,0.09003511816263199,0.009930710308253765,0.0918751209974289,0.008465929888188839,0.08612803369760513,0.004013827536255121,0.08671694993972778,0.00841920729726553,0.08698219060897827,0.008787402883172035
488,0.087591752409935,0.01051371730864048,0.09001478552818298,0.009903975762426853,0.0918063074350357,0.008702380582690239,0.08634640276432037,0.003594057634472847,0.08682823181152344,0.008346114307641983,0.08658228069543839,0.008166993968188763
489,0.0873429924249649,0.010829160921275616,0.08988639712333679,0.009899661876261234,0.09152166545391083,0.008197802118957043,0.08699632436037064,0.00371656846255064,0.08649680018424988,0.008757074363529682,0.08679784834384918,0.007986205630004406
490,0.08724896609783173,0.01078018732368946,0.08955620229244232,0.009739936329424381,0.09125958383083344,0.00843243207782507,0.08700289577245712,0.004126228857785463,0.08656123280525208,0.008428777568042278,0.0862874910235405,0.007872411981225014
491,0.08698068559169769,0.011253263801336288,0.08925982564687729,0.010092191398143768,0.09121976047754288,0.009457740932703018,0.08738116919994354,0.004730007145553827,0.08638318628072739,0.0078300004824996,0.08669991791248322,0.007718418724834919
492,0.08644811809062958,0.010754477232694626,0.08963914960622787,0.009704223833978176,0.09146948158740997,0.00939625408500433,0.08723288029432297,0.004433481954038143,0.08612222224473953,0.007718734443187714,0.0866096094250679,0.007758655585348606
493,0.08669351786375046,0.010662795975804329,0.09011394530534744,0.01002153754234314,0.09099806100130081,0.009653709828853607,0.08621643483638763,0.004449400585144758,0.08582985401153564,0.00849556177854538,0.086665078997612,0.007568449713289738
494,0.08634195476770401,0.010516290552914143,0.08981156349182129,0.010365109890699387,0.09083934128284454,0.00931880995631218,0.08591603487730026,0.003897127229720354,0.08603300154209137,0.009199563413858414,0.08702801913022995,0.007316871080547571
495,0.08674408495426178,0.010416300036013126,0.09021977335214615,0.010158018209040165,0.09064368903636932,0.009910057298839092,0.08554818481206894,0.004059133119881153,0.0861515924334526,0.009526235051453114,0.08667971938848495,0.006639978848397732
496,0.08629842847585678,0.009746796451508999,0.09028619527816772,0.010346815921366215,0.09035100042819977,0.00942744966596365,0.0850771889090538,0.004365645349025726,0.08593600988388062,0.009616978466510773,0.08745304495096207,0.00673234136775136
497,0.08625610172748566,0.010122731328010559,0.09010783582925797,0.009854628704488277,0.09039880335330963,0.00952989049255848,0.08499889075756073,0.004255457781255245,0.08617538958787918,0.009945100173354149,0.08787692338228226,0.006771575193852186
498,0.08637160062789917,0.010423146188259125,0.09007970988750458,0.010686258785426617,0.0904574766755104,0.009766027331352234,0.08531767874956131,0.00473377900198102,0.0864160805940628,0.009536881931126118,0.08754552900791168,0.006804559845477343
499,0.08703329414129257,0.011120337061583996,0.08992624282836914,0.011193430982530117,0.0900014191865921,0.00939601007848978,0.08550529181957245,0.005742050241678953,0.08623950928449631,0.009416843764483929,0.08719490468502045,0.006755004171282053
500,0.08667166531085968,0.011095015332102776,0.08946650475263596,0.010158941149711609,0.08981478959321976,0.009800199419260025,0.08558502048254013,0.005401585251092911,0.08612379431724548,0.00954290572553873,0.0865403562784195,0.006322849076241255
