X,TD_mean,TD_std,TD+NOV_mean,TD+NOV_std,TD+UNC_mean,TD+UNC_std,FULL_mean,FULL_std,MULT_mean,MULT_std,GATE_mean,GATE_std
1,0.0,0.0,0.012560856528580189,0.0017505803843960166,0.0,0.0,0.012560856528580189,0.0017505803843960166,0.012560856528580189,0.0017505803843960166,0.012560856528580189,0.0017505803843960166
2,0.0,0.0,0.000989939784631133,0.000307406357023865,0.0,0.0,0.000989939784631133,0.000307406357023865,0.000989939784631133,0.000307406357023865,0.000989939784631133,0.000307406357023865
3,0.0,0.0,0.00022474059369415045,8.299619366880506e-05,0.0,0.0,0.00022474059369415045,8.299619366880506e-05,0.00022474059369415045,8.299619366880506e-05,0.00022474059369415045,8.299619366880506e-05
4,0.0,0.0,0.00013693075743503869,4.13021698477678e-05,0.0,0.0,0.00013693075743503869,4.13021698477678e-05,0.00013668337487615645,4.11861328757368e-05,0.00013693075743503869,4.13021698477678e-05
5,0.0,0.0,8.47769042593427e-05,4.354814882390201e-05,0.0,0.0,8.47769042593427e-05,4.354814882390201e-05,8.667626389069483e-05,4.71029597974848e-05,8.47769042593427e-05,4.354814882390201e-05
6,0.0,0.0,5.2972281991969794e-05,3.6231962440069765e-05,0.0,0.0,5.2972281991969794e-05,3.6231962440069765e-05,5.069253529654816e-05,3.728049705387093e-05,5.2972281991969794e-05,3.6231962440069765e-05
7,0.0,0.0,2.672321534191724e-05,1.4080791515880264e-05,0.0,0.0,2.6653975510271266e-05,1.4120298146735877e-05,2.6754714781418443e-05,1.422047171217855e-05,2.665377178345807e-05,1.4120533705863636e-05
8,0.0,0.0,2.3619411877007224e-05,1.5627610991941765e-05,0.0,0.0,2.3663975298404694e-05,1.5632633221684955e-05,2.0255371055100113e-05,9.859904821496457e-06,2.3574868464493193e-05,1.562907527841162e-05
9,0.0,0.0,1.3137541827745736e-05,4.836773314309539e-06,0.0,0.0,1.3151274288247805e-05,4.881292170466622e-06,1.7999078409047797e-05,1.8586575606605038e-05,1.3157137800590135e-05,4.884237569058314e-06
10,0.0,0.0,1.1442477443779353e-05,2.8375268357194727e-06,0.0,0.0,1.1614038157858886e-05,2.81240181720932e-06,1.1846915185742546e-05,3.499731064948719e-06,1.160949523182353e-05,2.865472652047174e-06
11,0.0,0.0,9.25848689803388e-06,2.5724596071086125e-06,0.0,0.0,9.388551916345023e-06,2.555323362685158e-06,8.891102879715618e-06,2.364037527513574e-06,9.397563189850189e-06,2.4995222247525817e-06
12,0.0,0.0,7.808068403392099e-06,3.2731252304074587e-06,0.0,0.0,8.121843166009057e-06,3.613103444877197e-06,8.870370038494002e-06,4.512834948400268e-06,8.065042493399233e-06,3.5147500057064462e-06
13,0.0,0.0,8.37640072859358e-06,3.4299996514164377e-06,0.0,0.0,8.508376595273148e-06,3.6069436646357644e-06,8.357228580280207e-06,3.076603888985119e-06,8.42896679387195e-06,3.6996600556449266e-06
14,0.0,0.0,9.935356501955539e-06,7.843974344723392e-06,0.0,0.0,9.176754247164354e-06,7.631561857124325e-06,9.01135899766814e-06,5.163459263712866e-06,9.635017704567872e-06,7.539195848949021e-06
15,0.0,0.0,7.461255336238537e-06,3.507764404275804e-06,0.0,0.0,7.33773913452751e-06,3.4520494409662206e-06,7.142304639273789e-06,3.0286944365798263e-06,7.221469331852859e-06,3.285756292825681e-06
16,0.0,0.0,7.017885764071252e-06,2.947198709080112e-06,0.0,0.0,7.30380497770966e-06,3.2279169772664318e-06,6.5508365878486075e-06,2.4732130441407207e-06,6.2740846260567196e-06,2.150383807020262e-06
17,0.0,0.0,5.482438155013369e-06,2.0150687305431347e-06,0.0,0.0,6.043954272172414e-06,2.8933820885868045e-06,5.895102276554098e-06,2.0917559595545754e-06,5.871298526471946e-06,2.5106212433456676e-06
18,0.0,0.0,4.05161654271069e-06,1.2182509863123414e-06,0.0,0.0,4.01253691961756e-06,1.1976858331763651e-06,4.714658643933944e-06,1.6870677654878818e-06,4.283346697775414e-06,1.1614062032094807e-06
19,0.0,0.0,4.280295797798317e-06,1.4866806168356561e-06,0.0,0.0,4.574830199999269e-06,1.8551259017840493e-06,4.807877303392161e-06,1.3412635553322616e-06,4.480771167436615e-06,1.8214075225841952e-06
20,0.0,0.0,3.4250247153977398e-06,1.1304765621389379e-06,0.0,0.0,3.340584498801036e-06,1.1159111181768822e-06,3.867943632940296e-06,1.0976660860251286e-06,3.436082351981895e-06,1.2386078651616117e-06
21,0.0,0.0,3.598986495489953e-06,1.8510013433115091e-06,0.0,0.0,3.650871803984046e-06,1.9089598026766907e-06,4.058885224367259e-06,1.674864051892655e-06,3.841504621959757e-06,1.9849426280416083e-06
22,0.0,0.0,3.0682774649903877e-06,1.1351211242072168e-06,0.0,0.0,3.2773655220807996e-06,1.4800880308030173e-06,3.1927324926073197e-06,9.410288726030558e-07,3.590806272768532e-06,1.983141373784747e-06
23,0.0,0.0,2.6185311980952974e-06,1.0932461691481876e-06,0.0,0.0,2.8387280508468393e-06,1.1810825526481494e-06,2.7983749077975517e-06,9.718161209093523e-07,3.208243924746057e-06,2.2023314159014262e-06
24,0.0,0.0,3.1953168218024075e-06,1.7598432577869971e-06,0.0,0.0,3.2039818051998736e-06,1.8771920622384641e-06,3.319542202007142e-06,1.8240614281239687e-06,3.497473471725243e-06,1.8829100554285105e-06
25,0.0,0.0,2.198447873524856e-06,9.617652949600597e-07,0.0,0.0,2.2624230950896163e-06,9.988024203266832e-07,2.5016115614562295e-06,8.826144153317728e-07,2.37498284150206e-06,9.02835324723128e-07
26,0.0,0.0,2.4435537397948792e-06,1.7871128648039303e-06,0.0,0.0,2.617191967146937e-06,1.9843193967972184e-06,2.6338389034208376e-06,1.7591879668543697e-06,2.9094801448081853e-06,2.121667193932808e-06
27,0.0,0.0,2.4206838133977726e-06,1.4061965885048267e-06,0.0,0.0,2.260598193970509e-06,1.3351790357774007e-06,2.6057855393446516e-06,1.626106154617446e-06,2.4888181542337406e-06,1.32655918605451e-06
28,0.0,0.0,1.7429099443688756e-06,7.434338158418541e-07,0.0,0.0,1.953534138010582e-06,9.093469088838901e-07,1.8213429484603694e-06,4.727618829747371e-07,2.1620992356474744e-06,1.2026544027321506e-06
29,0.0,0.0,2.1979747089062585e-06,1.5652594811399467e-06,0.0,0.0,2.117415078828344e-06,1.564527565278695e-06,2.271378662044299e-06,1.7828114096118952e-06,2.1793034647998866e-06,1.4947103181839339e-06
30,0.0,0.0,1.5496655123570235e-06,4.811381586478092e-07,0.0,0.0,1.6285223409795435e-06,6.462772148552176e-07,1.6011750858524465e-06,4.10774532610958e-07,1.6112095408971072e-06,4.428634667874576e-07
31,0.0,0.0,1.3422367146631586e-06,4.140882481351582e-07,0.0,0.0,1.3564209666583338e-06,4.480662028072402e-07,1.5801035715412581e-06,5.742352300330822e-07,1.4246016917240922e-06,4.586923978422419e-07
32,0.0,0.0,1.3573900332630728e-06,3.40748755434106e-07,0.0,0.0,1.6179908470803639e-06,7.939200372675259e-07,1.475848307563865e-06,4.807193363376427e-07,1.4551376352756051e-06,3.2715379916226084e-07
33,0.0,0.0,1.3908007758800522e-06,5.457729912450304e-07,0.0,0.0,1.3184314866521163e-06,4.7159036853372527e-07,1.3031632306592655e-06,4.454595341485401e-07,1.546740918456635e-06,7.218442874545872e-07
34,0.0,0.0,1.1224799436604371e-06,3.8767453247601225e-07,0.0,0.0,1.0767921594379004e-06,3.544920446074684e-07,1.2241205240570707e-06,4.174942773715884e-07,1.1868758065247675e-06,3.527281648985081e-07
35,0.0,0.0,1.2410994258971186e-06,6.763356168448809e-07,0.0,0.0,1.1753912758649676e-06,4.37826940924424e-07,1.4266736343415687e-06,7.737513101346849e-07,1.4593808828067267e-06,9.003741752167116e-07
36,0.0,0.0,1.1551085208338918e-06,4.870785232924391e-07,0.0,0.0,1.2082660987289273e-06,5.22480718245788e-07,1.1747675898732268e-06,5.395357334236905e-07,1.482042307543452e-06,7.758004585411982e-07
37,0.0,0.0,1.178182401417871e-06,4.456740612113208e-07,0.0,0.0,1.1871322840306675e-06,4.008414293821261e-07,1.2934478945680894e-06,5.005568937122007e-07,1.0797407412610482e-06,2.860006134142168e-07
38,0.0,0.0,1.1233425993850688e-06,4.4711325131174817e-07,0.0,0.0,1.0991930139425676e-06,3.62605533155147e-07,1.192156787510612e-06,3.622423889737547e-07,1.1916646371901152e-06,3.6966829952689295e-07
39,0.0,0.0,9.754143093232415e-07,2.9125024525455956e-07,0.0,0.0,9.213435987476259e-07,2.3507179491844e-07,1.0923519084826694e-06,3.121758140878228e-07,1.0812080972755211e-06,3.4870706144829455e-07
40,0.0,0.0,1.0964802186208544e-06,5.96073903125216e-07,0.0,0.0,9.145645094577048e-07,2.6179392875747e-07,1.1904184020750108e-06,6.165016657178057e-07,1.5032089777378133e-06,1.6675999177095946e-06
41,0.0,0.0,9.085881060855172e-07,2.6024099497590214e-07,0.0,0.0,8.832126923152828e-07,1.946881127423694e-07,9.59750991569308e-07,2.3525291226178524e-07,9.806120715438738e-07,2.8260845397198864e-07
42,0.0,0.0,1.1694339718815172e-06,1.0677456430130405e-06,0.0,0.0,1.2001762570434948e-06,1.2972229797014734e-06,1.1541917501745047e-06,1.0112963764186134e-06,1.3274292314235936e-06,1.2596411806953256e-06
43,0.0,0.0,9.707239314593608e-07,4.216472291318496e-07,0.0,0.0,8.853718327372917e-07,3.277154974057339e-07,1.0952361435556668e-06,4.4057222226001613e-07,1.0109519053003169e-06,5.93044148899935e-07
44,0.0,0.0,8.726336773179355e-07,3.327732258640026e-07,0.0,0.0,8.231282890847069e-07,3.1456343663194275e-07,1.027433313538495e-06,4.51129750445034e-07,7.965948611854401e-07,2.875165137083968e-07
45,0.0,0.0,1.045255885401275e-06,5.710569439543178e-07,0.0,0.0,7.582859211652249e-07,2.4703831513761543e-07,1.1335815770507907e-06,8.875771300154156e-07,9.096573876377079e-07,3.184472916473169e-07
46,0.0,0.0,8.862650133778516e-07,2.579650981715531e-07,0.0,0.0,8.04259798314888e-07,2.524638773593324e-07,1.3117712569510331e-06,8.883174018592399e-07,9.921719765770831e-07,3.7603072655656433e-07
47,0.0,0.0,9.015117257149541e-07,3.052622048471676e-07,0.0,0.0,8.729969636078749e-07,2.705064616748132e-07,9.677277148512076e-07,3.845730986995477e-07,8.975315495263203e-07,2.920733663813735e-07
48,0.0,0.0,7.962068480082962e-07,3.559181607215578e-07,0.0,0.0,6.951160003154655e-07,2.0157308711077349e-07,7.740553087387525e-07,2.5162393058053567e-07,7.9887570336723e-07,2.542954575801559e-07
49,0.0,0.0,6.932949645488407e-07,2.072596743118993e-07,0.0,0.0,7.13248766714969e-07,2.2239923680444917e-07,7.747831887172651e-07,2.470687832101248e-07,7.990238373167813e-07,3.138565887184086e-07
50,0.0,0.0,7.48340539757919e-07,3.4432125062267005e-07,0.0,0.0,6.6328084358247e-07,1.8560672288003843e-07,1.390763713970955e-06,2.0651041268138215e-06,7.606598728671088e-07,2.650126589287538e-07
51,0.0,0.0,7.808596933500667e-07,4.4133699361736944e-07,0.0,0.0,6.636459488618129e-07,2.736841508976795e-07,9.50260641729983e-07,5.788666044281854e-07,8.021596045182378e-07,3.8913404409868235e-07
52,0.0,0.0,8.137638474181585e-07,5.666059905706788e-07,0.0,0.0,8.444142736152571e-07,8.108812039608893e-07,8.534992730346858e-07,3.4564294537631213e-07,9.218362038154737e-07,7.677452344978519e-07
53,0.0,0.0,7.036384204184287e-07,2.616918663989054e-07,0.0,0.0,6.017310738570814e-07,1.5667977493194485e-07,7.162165616136917e-07,2.5324587227260054e-07,7.571849209853099e-07,3.9495233750130865e-07
54,0.0,0.0,6.130271685833577e-07,2.410793058515992e-07,0.0,0.0,6.11678160566953e-07,2.1803312222345994e-07,6.774841949663823e-07,2.1105462622017512e-07,6.96348706696881e-07,3.4045322649944865e-07
55,0.0,0.0,6.882701200083829e-07,3.263196219904785e-07,0.0,0.0,6.017882014930365e-07,2.662224005689495e-07,6.30197860118642e-07,2.617084930989222e-07,6.931746270311123e-07,2.3833918305626867e-07
56,0.0,0.0,6.832872827544634e-07,2.724950718402397e-07,0.0,0.0,6.019994316375232e-07,1.8511995847347862e-07,6.836822308287083e-07,2.4702197265469295e-07,6.555936806762475e-07,2.385111201874679e-07
57,0.0,0.0,6.049726835044567e-07,1.8894210995767935e-07,0.0,0.0,6.373439873641473e-07,2.6709619760367787e-07,6.26903045031213e-07,2.459497068230121e-07,6.531388976327435e-07,2.827487151080277e-07
58,0.0,0.0,7.14275813606946e-07,5.292690161695646e-07,0.0,0.0,7.943847890601319e-07,8.047565529523126e-07,7.340873935390846e-07,3.33793821027939e-07,8.844895091897342e-07,7.681020406380412e-07
59,0.0,0.0,6.001549195389089e-07,1.7627593251745566e-07,0.0,0.0,5.879152240595431e-07,1.4598192876746907e-07,6.412970492419845e-07,1.6162381655249192e-07,6.495612865364819e-07,1.904273716490934e-07
60,0.0,0.0,6.07729532475787e-07,2.5347293330924003e-07,0.0,0.0,6.252536763895478e-07,2.491420616479445e-07,7.718657002442342e-07,2.5731833375175484e-07,7.005347697486286e-07,2.4774888629508496e-07
61,0.0,0.0,5.701497229892993e-07,1.8965113213198492e-07,0.0,0.0,6.292066814239661e-07,3.384464548616961e-07,5.5874500048958e-07,1.821635464693827e-07,7.362723408732563e-07,4.5054602537675237e-07
62,0.0,0.0,6.818040105827095e-07,4.978081733497675e-07,0.0,0.0,4.927678673993796e-07,1.4283143912052765e-07,7.111389095371123e-07,4.3467252908158116e-07,5.369209361560934e-07,1.9851280796956416e-07
63,0.0,0.0,5.409050345406285e-07,1.3866278436580615e-07,0.0,0.0,5.890292413823772e-07,3.1022165103422594e-07,5.84763370170549e-07,2.445904101477936e-07,6.027931362950767e-07,2.6581960810290184e-07
64,0.0,0.0,5.07932156779134e-07,1.3111227303852502e-07,0.0,0.0,2.8379765808494994e-06,7.154501417971915e-06,5.683263566425012e-07,2.569657056028518e-07,3.078087047470035e-06,6.996742285991786e-06
65,0.0,0.0,5.072282647233806e-07,1.2956181194567762e-07,0.0,0.0,5.171233397049946e-07,1.6859634399679635e-07,5.26787914623128e-07,1.5623619731286453e-07,6.084471237954858e-07,2.379573373900712e-07
66,0.0,0.0,5.489922614287934e-07,1.9668057404942374e-07,0.0,0.0,4.81956647035986e-07,1.6672404967721377e-07,5.628756980513572e-07,2.1317536891274358e-07,5.46349781416211e-07,3.1102072739486175e-07
67,0.0,0.0,5.584583959716838e-07,2.08482489938433e-07,0.0,0.0,4.7485514187428635e-07,1.6739372199481295e-07,6.317334850791667e-07,3.045410039703711e-07,5.820396040689957e-07,2.6355553472967586e-07
68,0.0,0.0,5.366006234908127e-07,2.018368121525782e-07,0.0,0.0,5.316384772413585e-07,2.0018197233184765e-07,5.406230911830789e-07,1.939605454026605e-07,5.365201332097058e-07,2.5516391133351135e-07
69,0.0,0.0,5.353083452064311e-07,2.5837684347607137e-07,0.0,0.0,4.5368159362624283e-07,1.6522345447356201e-07,5.181698270462221e-07,1.7148654762877413e-07,5.964932370261522e-07,3.606127449984342e-07
70,0.0,0.0,5.281228823150741e-07,2.2372194052877603e-07,0.0,0.0,6.251278819036088e-07,3.48394877391911e-07,6.740668823113083e-07,4.711319547823223e-07,5.341028099792311e-07,2.2900374574419402e-07
71,0.0,0.0,4.7147349846454745e-07,1.4238257506349328e-07,0.0,0.0,5.187098963688186e-07,2.9298465165084053e-07,5.318547664501239e-07,2.2401377464120742e-07,6.103639407228911e-07,3.8883482034179906e-07
72,0.0,0.0,4.888388502877206e-07,1.88513354260067e-07,0.0,0.0,4.7227081267919857e-07,1.4225244626686617e-07,4.915764861834759e-07,1.7494217274816037e-07,5.71783800751291e-07,3.156742991450301e-07
73,0.0,0.0,5.10573158862826e-07,2.394572504726966e-07,0.0,0.0,7.363658482972824e-07,6.065651518838422e-07,5.182303652873088e-07,2.0784911214377644e-07,5.117687464917253e-07,2.1280858675254422e-07
74,0.0,0.0,4.6776503381806833e-07,1.4014979399235017e-07,0.0,0.0,4.804948048331426e-07,1.3278538801841933e-07,5.015303941036109e-07,1.7797800921925955e-07,4.821196739612787e-07,1.9038944287785853e-07
75,0.0,0.0,4.6738551873204415e-07,1.291097220246229e-07,0.0,0.0,4.839615712626255e-07,1.654846357723727e-07,5.009786718801479e-07,2.0097925812478934e-07,4.91774926558719e-07,1.7671469265678752e-07
76,0.0,0.0,4.026507554044656e-07,1.294515925565065e-07,0.0,0.0,5.536380172088684e-07,1.6539065939014108e-07,4.436739686752844e-07,1.5051111290631525e-07,5.545747399082757e-07,2.6770200634018693e-07
77,0.0,0.0,4.49263865220928e-07,1.3471921533891873e-07,0.0,0.0,4.680605911744351e-07,1.3042951252373314e-07,4.3767323631982435e-07,1.534056792706906e-07,4.973261411578278e-07,2.060379102886145e-07
78,0.0,0.0,4.385743466173153e-07,1.736896564352719e-07,0.0,0.0,4.013036232208833e-07,1.321728007042111e-07,5.364818775888125e-07,2.400642244992923e-07,4.832791091757827e-07,2.1772054026314436e-07
79,0.0,0.0,4.518416005794279e-07,1.7358095760755532e-07,0.0,0.0,4.448991148819914e-07,1.9229280212584854e-07,4.6271392761809693e-07,1.7181778844133078e-07,4.490817104851885e-07,1.8464488960034942e-07
80,0.0,0.0,5.053708491686848e-07,1.696583211696634e-07,0.0,0.0,4.4225936335351435e-07,1.4169245332595892e-07,4.69866506591643e-07,1.7577814048763685e-07,4.6004714704395155e-07,1.3903822093652707e-07
81,0.0,0.0,4.7361146471303073e-07,1.628803545372648e-07,0.0,0.0,4.865179334956338e-07,1.766143782333529e-07,4.958504860042012e-07,1.739309283266266e-07,4.767788084336644e-07,1.9895497871402767e-07
82,0.0,0.0,4.1205572642866173e-07,1.35893202468651e-07,0.0,0.0,3.80512034325875e-07,1.0601001321219883e-07,4.09609413054568e-07,1.528123618754762e-07,5.060067564954807e-07,2.6022286192528554e-07
83,0.0,0.0,3.929625620457955e-07,1.6324460716532485e-07,0.0,0.0,4.0601429418529733e-07,1.422545210516546e-07,4.5935817638564913e-07,1.574231731638065e-07,5.08303344304295e-07,1.7318072309535637e-07
84,0.0,0.0,4.078892743564211e-07,1.2397154591781145e-07,0.0,0.0,4.393129131585738e-07,1.7226774673417822e-07,3.883236274759838e-07,1.8937181778255763e-07,4.882266466665897e-07,1.5689590782130836e-07
85,0.0,0.0,4.5120924596631085e-07,1.6594373164480203e-07,0.0,0.0,4.4318238678897615e-07,1.848473516474769e-07,4.429822126894578e-07,1.5208269132926944e-07,4.7560587290718104e-07,2.0586153937074414e-07
86,0.0,0.0,4.5847096430406964e-07,1.6481843090332404e-07,0.0,0.0,5.23675225849729e-07,2.3834824958157697e-07,4.425825750331569e-07,1.4756481903077656e-07,4.3610765487756e-07,1.9155400821091462e-07
87,0.0,0.0,6.59689931126195e-07,3.784236071169289e-07,0.0,0.0,5.053725544712506e-07,3.8737707086511364e-07,5.134397724759765e-07,2.4702609380256035e-07,4.5696191364186234e-07,1.3004365939650597e-07
88,0.0,0.0,4.063159053657728e-07,1.5545340659173235e-07,0.0,0.0,4.939644782098185e-07,1.587142293146826e-07,4.668023336762417e-07,1.2325847364991205e-07,4.413313376971928e-07,1.4879630327868654e-07
89,0.0,0.0,5.278988624013436e-07,3.327905346850457e-07,0.0,0.0,4.114669422961015e-07,1.5782124762608873e-07,4.701816465058073e-07,1.69116148640569e-07,4.172239584931958e-07,1.4566201400612044e-07
90,0.0,0.0,5.225736572356254e-07,3.2353042911381635e-07,0.0,0.0,4.567204427985416e-07,2.306359760950727e-07,4.832543254451593e-07,1.8619152797327843e-07,5.704178533960658e-07,4.4358071704664326e-07
91,0.0,0.0,4.3734297605624306e-07,1.706012540125812e-07,0.0,0.0,3.507827557314158e-07,7.061552054210551e-08,4.376255162696907e-07,1.8092096354394016e-07,3.7400221231109754e-07,1.6075877340426814e-07
92,0.0,0.0,4.0589389982415014e-07,1.6372983679957542e-07,0.0,0.0,4.0830991565599106e-07,2.2844795921628247e-07,4.443751606686419e-07,2.639951333094359e-07,4.279129939277482e-07,1.8566392157026712e-07
93,0.0,0.0,5.051361995356274e-07,3.2336177469005634e-07,0.0,0.0,4.007142138107156e-07,1.827240510010597e-07,3.961503409755096e-07,1.6422710302776977e-07,4.158629565154115e-07,1.0814974871209415e-07
94,0.0,0.0,4.024100235255901e-07,1.8035841264918417e-07,0.0,0.0,3.8814613390059094e-07,1.5500533834256203e-07,3.8812314073766174e-07,1.4830645511665352e-07,5.634574335999787e-07,4.86835574520228e-07
95,0.0,0.0,4.2186451310044504e-07,2.495660851309367e-07,0.0,0.0,4.2033835256916063e-07,1.8009252755746274e-07,4.1290780927738524e-07,1.335005777036713e-07,3.777512915803527e-07,1.1658185883334227e-07
96,0.0,0.0,3.84934594421793e-07,1.846445059072721e-07,0.0,0.0,3.7523736295952403e-07,1.3996316283737542e-07,3.9262263840100786e-07,1.206560398259171e-07,3.9080723013285024e-07,1.3295178291627963e-07
97,0.0,0.0,4.2769994479385787e-07,1.4756889754607982e-07,0.0,0.0,3.8681946534779854e-07,1.42714910111863e-07,4.125236614527239e-07,1.1923886233944359e-07,4.1186953581018315e-07,1.3546942057018896e-07
98,0.0,0.0,4.647739046959032e-07,2.2887493855705543e-07,0.0,0.0,4.7229144684024504e-07,3.249163853524806e-07,3.82061216441798e-07,1.4059456532322656e-07,3.434290078985214e-07,1.49607771504634e-07
99,0.0,0.0,3.940832016269269e-07,1.2247060965364653e-07,0.0,0.0,4.293611368666461e-07,1.9344950885624712e-07,4.125236614527239e-07,1.6419471648987383e-07,5.531320539375884e-07,3.002384687533777e-07
100,0.0,0.0,4.4395900999916194e-07,2.880104261748784e-07,0.0,0.0,3.956857597131602e-07,1.3413396970918257e-07,4.338648125212785e-07,1.8939201140710793e-07,4.327014266891638e-07,1.2634998824978538e-07
101,0.0,0.0,4.2968116531483247e-07,1.8950660773953132e-07,0.0,0.0,4.1832208808045834e-07,1.9593805689055444e-07,4.138892109040171e-07,2.0285166613120964e-07,5.410581138676207e-07,4.17888941228739e-07
102,0.0,0.0,3.8222054854486487e-07,1.2916980551835877e-07,0.0,0.0,3.971709645611554e-07,1.9068045276071643e-07,4.103279138689686e-07,1.7090309256673208e-07,4.1879388845700305e-07,2.3570510165882297e-07
103,0.0,0.0,3.9772908166924026e-07,1.666724784854523e-07,0.0,0.0,4.068567136528145e-07,1.8948392721540586e-07,4.0807958612276707e-07,2.0492126395765808e-07,4.087977174549451e-07,1.857167148955341e-07
104,0.0,0.0,3.5595962799561676e-07,1.0595724120321393e-07,0.0,0.0,3.507400379021419e-07,7.39585388487285e-08,3.5164711675861327e-07,1.0908011915944371e-07,3.9094857129384764e-07,1.2253586589849874e-07
105,0.0,0.0,3.670155876989156e-07,1.2069179433638055e-07,0.0,0.0,4.223960843319219e-07,2.4301178314090066e-07,3.689892196234723e-07,1.1009622369329009e-07,3.874260414704622e-07,1.7697134069294407e-07
106,0.0,0.0,4.1014942553374567e-07,1.3526073416869622e-07,0.0,0.0,3.8149082115523925e-07,1.7670970464678248e-07,3.792764289300976e-07,1.1862217519365004e-07,3.9878494817457977e-07,1.2505101665283291e-07
107,0.0,0.0,3.903005563188344e-07,1.4126435132766346e-07,0.0,0.0,3.476385472822585e-07,1.0009055984028237e-07,3.2754240919530275e-07,9.405723488953299e-08,3.9585302147315815e-07,2.0567657088577107e-07
108,0.0,0.0,4.0574678905613837e-07,1.241595697365483e-07,0.0,0.0,4.1241173676098697e-07,1.871603387826326e-07,4.68570902967258e-07,2.1689302798222343e-07,3.636768042269978e-07,1.1996779392120516e-07
109,0.0,0.0,3.539222745985171e-07,1.0564463792661627e-07,0.0,0.0,3.4582458852128184e-07,1.3344943283755129e-07,3.4884195088125125e-07,1.0561819152599128e-07,4.148406844706187e-07,1.6814266246001353e-07
110,0.0,0.0,3.89821707358351e-07,1.315977868898699e-07,0.0,0.0,3.68667940620071e-07,1.1724787185585228e-07,3.5783503449238196e-07,9.460539729388984e-08,3.7495152582778246e-07,1.1297227331397153e-07
111,0.0,0.0,5.031517389397777e-07,4.502326191868633e-07,0.0,0.0,3.385961804269755e-07,1.5094479977051378e-07,3.7649880368917366e-07,1.1005995759205689e-07,5.283588961901842e-07,4.880135975326994e-07
112,0.0,0.0,3.770185799112369e-07,1.1004198796626952e-07,0.0,0.0,3.5274547371955123e-07,1.0416910356525477e-07,4.085249543095415e-07,1.4796557934459997e-07,3.629969285157131e-07,9.793742350439061e-08
113,0.0,0.0,3.801569903316704e-07,1.4350992216805025e-07,0.0,0.0,4.1688539909046085e-07,2.1144940376416343e-07,4.4577001290235785e-07,1.9920595661915286e-07,4.105766606699035e-07,1.752384264364082e-07
114,0.0,0.0,3.4210631838504924e-07,1.4092157130107807e-07,0.0,0.0,4.147826189182524e-07,1.6735410213186697e-07,4.0816007640387397e-07,1.905455206951956e-07,4.329652369960968e-07,1.687967312591354e-07
115,0.0,0.0,3.509286727876315e-07,1.2022890416574228e-07,0.0,0.0,3.992063852820138e-07,1.8496371012588497e-07,3.5707316214939055e-07,9.952424306902685e-08,4.1906929482138366e-07,2.2477370009710285e-07
116,0.0,0.0,3.348936274960579e-07,1.363546147103989e-07,0.0,0.0,4.0709542759032047e-07,2.1724866883232608e-07,4.0510258259018883e-07,1.2843904073633894e-07,3.45264027146186e-07,1.073115143412906e-07
117,0.0,0.0,3.6125229030403716e-07,1.2022590567539737e-07,0.0,0.0,3.588700963064184e-07,1.6534578151095047e-07,3.840250997200201e-07,1.5103654504855513e-07,3.807633390806586e-07,1.6140256775543094e-07
118,0.0,0.0,3.6356038890517084e-07,1.270008027631775e-07,0.0,0.0,3.788325955156324e-07,1.904219573134469e-07,4.90662500851613e-07,2.2817984302037075e-07,4.185985744697973e-07,1.656062522670254e-07
119,0.0,0.0,3.375151891304995e-07,1.2236219504302426e-07,0.0,0.0,3.549765210664191e-07,2.056364962754742e-07,3.66121895467586e-07,1.1338840266716943e-07,3.7332384295041265e-07,1.4048636387542501e-07
120,0.0,0.0,3.479783572402084e-07,1.4488054489447677e-07,0.0,0.0,3.846263609830203e-07,1.8896554365710472e-07,4.5475880483536457e-07,2.1703196750877396e-07,3.540390025591478e-07,1.5496105731926946e-07
121,0.0,0.0,3.604524181355373e-07,1.532617233124256e-07,0.0,0.0,3.5999852343593375e-07,1.2612797206656978e-07,3.939867383451201e-07,5.860187357598079e-08,3.687036382871156e-07,1.816242445329408e-07
122,0.0,0.0,3.7902228200437094e-07,1.848522970249178e-07,0.0,0.0,3.4065385534631787e-07,1.2507061342148518e-07,4.63281963902773e-07,2.56379394159012e-07,3.9042816979417694e-07,1.4478300158771162e-07
123,0.0,0.0,3.6359057276058593e-07,1.6563292604132585e-07,0.0,0.0,3.592415680486738e-07,1.0913296222270219e-07,3.354566899815836e-07,8.1231199544618e-08,3.863429469674884e-07,1.3791651554129203e-07
124,0.0,0.0,3.2941613881121157e-07,1.4545535975685198e-07,0.0,0.0,3.5444011814433907e-07,1.2935905147060112e-07,3.612954913023714e-07,1.0241642200981005e-07,3.9812888985579775e-07,1.638065612041828e-07
125,0.0,0.0,4.849576384913235e-07,2.438646333757788e-07,0.0,0.0,3.831684693977877e-07,1.4476309218025563e-07,3.763993845495861e-07,9.363108688376087e-08,3.423098746679898e-07,1.1231711027903657e-07
126,0.0,0.0,3.4280725458302186e-07,1.5738137904008909e-07,0.0,0.0,3.4999391118617496e-07,1.5003857356532535e-07,4.0569116777078307e-07,1.6102639222026482e-07,3.468279601293034e-07,1.0061933863880768e-07
127,0.0,0.0,4.1905937564479245e-07,1.4845335272184457e-07,0.0,0.0,3.410721092222957e-07,1.276248866588503e-07,4.389617913602706e-07,1.9410455820434436e-07,4.0264779954668484e-07,1.684235400034595e-07
128,0.0,0.0,3.9432853782273014e-07,2.2153884060571727e-07,0.0,0.0,3.4660055803215073e-07,1.96174894995238e-07,3.54186539652801e-07,9.983067883467811e-08,3.644418598014454e-07,1.1479180272999656e-07
129,0.0,0.0,3.5209347970521776e-07,1.254166903663645e-07,0.0,0.0,3.4439904084138107e-07,1.3182443581172265e-07,3.708671556523768e-07,1.0890193635759715e-07,3.67444442872511e-07,8.99856260616616e-08
130,0.0,0.0,3.2564997809458873e-07,1.1909473585092201e-07,0.0,0.0,3.766073746191978e-07,1.863697747239712e-07,3.287364904736023e-07,8.604472867546065e-08,3.5328861258676625e-07,1.2683102568189497e-07
131,0.0,0.0,7.1186104833032e-07,8.917533591557003e-07,0.0,0.0,3.9319175471064227e-07,1.6080777243132616e-07,3.770638272726501e-07,8.886276958719463e-08,3.5514315754880954e-07,1.6006806902169046e-07
132,0.0,0.0,4.120182950373419e-07,2.4267282583423366e-07,0.0,0.0,3.4109368129975337e-07,1.3728909209476114e-07,3.8001496704964666e-07,8.692547481814472e-08,3.9348384461845853e-07,1.1612474537514572e-07
133,0.0,0.0,3.7605335023727093e-07,1.3898502970732807e-07,0.0,0.0,3.654838849342923e-07,1.9002214912688942e-07,4.2554052015475463e-07,1.6495043553277355e-07,4.050174027270259e-07,2.1348192547065992e-07
134,0.0,0.0,3.8801618984507513e-07,1.5598513414261106e-07,0.0,0.0,3.378360986516782e-07,1.3732238812735886e-07,4.3933681581620476e-07,1.5715860968157358e-07,3.633290077686979e-07,1.1071443850596552e-07
135,0.0,0.0,3.533574499670067e-07,1.365793593777198e-07,0.0,0.0,3.415298124309629e-07,1.5452241086677532e-07,4.061376444042253e-07,9.37907245202041e-08,4.529065336100757e-07,2.401367567017587e-07
136,0.0,0.0,3.8808792623967747e-07,1.9922046590181708e-07,0.0,0.0,4.1052081201087276e-07,1.687464248334436e-07,4.6760305849602446e-07,2.350870289546947e-07,3.5819761023958563e-07,9.788213617412111e-08
137,0.0,0.0,3.793495011450432e-07,9.695265390519126e-08,0.0,0.0,3.019201244569558e-07,1.1999668458884116e-07,3.281385829723149e-07,1.2915704417082452e-07,3.857010995034216e-07,1.2608852273388038e-07
138,0.0,0.0,4.0854425265024474e-07,2.131156549012303e-07,0.0,0.0,3.859232151626202e-07,1.4058635144920117e-07,4.406770983678143e-07,1.913039398004912e-07,3.569309967588197e-07,9.838507253334683e-08
139,0.0,0.0,3.5113856711177505e-07,2.1536045835546247e-07,0.0,0.0,3.4331688425481843e-07,1.4704700390666403e-07,4.3188316567466245e-07,3.4218831501675595e-07,3.8752122577534465e-07,2.0785863341643562e-07
140,0.0,0.0,3.9968148257685243e-07,1.454097713349256e-07,0.0,0.0,3.7152838672227517e-07,1.8411648738947406e-07,3.915411070920527e-07,1.3330966908142727e-07,3.6608957998396363e-07,1.6940204261572944e-07
141,0.0,0.0,3.409260784792423e-07,1.5350872217823053e-07,0.0,0.0,3.3542400501573866e-07,1.40847475904593e-07,4.5463380615728965e-07,8.991445099582052e-08,3.946573485791305e-07,1.4256420399760827e-07
142,0.0,0.0,3.55342876900977e-07,1.1974280766935408e-07,0.0,0.0,3.841823286165891e-07,1.3880868721116713e-07,4.514681677392218e-07,2.842834021521412e-07,3.84254235541448e-07,1.3320223501978035e-07
143,0.0,0.0,3.3360470297338907e-07,1.1110290643046028e-07,0.0,0.0,3.5913058127334807e-07,1.346425335668755e-07,4.6654832885906217e-07,2.0529256516965688e-07,3.9342657487395627e-07,1.411959544839192e-07
144,0.0,0.0,3.476582719486032e-07,1.4736571074536187e-07,0.0,0.0,4.121386041333608e-07,1.9754099866986508e-07,4.0840527049113007e-07,1.9367547565707355e-07,3.6130043667981226e-07,1.152195565623515e-07
145,0.0,0.0,3.8191370776985423e-07,2.6645005846148706e-07,0.0,0.0,3.7532458918576594e-07,1.5854504908929812e-07,3.4980826058017556e-07,6.813188946352966e-08,3.276490190273762e-07,1.0172065856295376e-07
146,0.0,0.0,4.223343239573296e-07,2.2070912564231548e-07,0.0,0.0,3.8137872593324573e-07,1.4860520991533122e-07,4.322275231061212e-07,1.3465398751577595e-07,3.772663887957606e-07,1.3847595425886539e-07
147,0.0,0.0,3.788940148297115e-07,1.4042593932117597e-07,0.0,0.0,3.7849235923204105e-07,1.945103917933011e-07,3.8636918020529265e-07,1.391493924529641e-07,3.7760233340122795e-07,7.375057720082623e-08
148,0.0,0.0,3.831263200027024e-07,1.410522685318938e-07,0.0,0.0,3.6821148796661873e-07,1.5963513533279183e-07,4.5199300302556367e-07,2.0495842534273834e-07,3.8538615854122327e-07,1.3780606877844548e-07
149,0.0,0.0,3.3411041044928425e-07,1.485402236767186e-07,0.0,0.0,3.85940040814603e-07,1.6755059562001406e-07,3.603768732318713e-07,1.2646701463836507e-07,3.435198721035704e-07,9.885111040830452e-08
150,0.0,0.0,3.4162275142080034e-07,1.3490159744833363e-07,0.0,0.0,4.128720831886312e-07,1.5794238095168112e-07,4.1094614289249876e-07,1.3734796766584623e-07,3.7543594544331427e-07,1.2060449705586507e-07
151,0.0,0.0,3.614566708165512e-07,1.5548695841971494e-07,0.0,0.0,3.4734654263957054e-07,1.9292686204153142e-07,4.2620189333320013e-07,1.430777132327421e-07,3.4254745173711854e-07,1.430665861335001e-07
152,0.0,0.0,3.199156992650387e-07,9.73796190351095e-08,0.0,0.0,4.020559458695061e-07,1.4824954064351914e-07,3.877848939737305e-07,1.566626224303036e-07,3.6293107541496283e-07,1.18740160814923e-07
153,0.0,0.0,4.0292843550560065e-07,1.533200588710315e-07,0.0,0.0,3.7443632550093753e-07,1.5727138702459342e-07,4.2400193933644914e-07,1.5237587547289877e-07,4.279374934412772e-07,2.0305670034304057e-07
154,0.0,0.0,3.4362406609034224e-07,1.7878032565477042e-07,0.0,0.0,3.606010636758583e-07,2.19538492274296e-07,4.3494210899552854e-07,2.1939503369594604e-07,3.3971949164879334e-07,8.370635384835623e-08
155,0.0,0.0,3.9043538890837226e-07,1.3101785611979722e-07,0.0,0.0,4.224430085741915e-07,2.080463161746593e-07,4.3784552872239146e-07,2.3351877587174386e-07,3.892953372996999e-07,1.7588695300219115e-07
156,0.0,0.0,4.2345021711298614e-07,1.8339555651891715e-07,0.0,0.0,3.8334201235556975e-07,1.5268119568645488e-07,4.51681671620463e-07,2.1444499509470916e-07,3.8699960214216844e-07,1.1101521124601277e-07
157,0.0,0.0,3.808861492871074e-07,1.3785897579055018e-07,0.0,0.0,3.466345503966295e-07,1.6385762080517452e-07,4.195169935883314e-07,2.0145664336723712e-07,3.794273766288825e-07,1.5489773375065852e-07
158,0.0,0.0,3.7739442859674455e-07,1.734394174945919e-07,0.0,0.0,3.830929529158311e-07,1.485240517240527e-07,3.810993689512543e-07,1.5878927683843358e-07,4.152273902491288e-07,1.658198414133949e-07
159,0.0,0.0,4.3601693278105813e-07,1.6121532553370344e-07,0.0,0.0,3.745970786894759e-07,1.7497534088306566e-07,4.25351288413367e-07,2.0564671388001443e-07,4.345795332483249e-07,2.2508042718527577e-07
160,0.0,0.0,3.5115232321913936e-07,1.17923654840979e-07,0.0,0.0,3.5631438777272706e-07,1.5206326509087376e-07,4.599206135935674e-07,3.405767472486332e-07,3.6540291148412507e-07,9.929723177037886e-08
161,0.0,0.0,3.7610993786074687e-07,1.4829217320766475e-07,0.0,0.0,3.765822498280613e-07,1.1494730500771766e-07,4.0608611584502796e-07,1.7452970269005164e-07,3.7452178958119475e-07,6.767908899973918e-08
162,0.0,0.0,4.117864023100992e-07,1.4314747431853903e-07,0.0,0.0,3.994647670424456e-07,2.2827704526662274e-07,4.01766243385282e-07,1.4405085835278442e-07,3.5914393947678036e-07,9.489657060157697e-08
163,0.0,0.0,4.861378783971304e-07,3.3705100577208214e-07,0.0,0.0,4.2117062548641115e-07,2.047203082611304e-07,4.2841625713663234e-07,1.5887930260305438e-07,3.4692692452154006e-07,1.2534371762740193e-07
164,0.0,0.0,3.8541242020073696e-07,1.4238349876904977e-07,0.0,0.0,3.4791881375895173e-07,1.407672698405804e-07,4.228939758377237e-07,1.9010539631381107e-07,3.6774878253709176e-07,1.0441600295507669e-07
165,0.0,0.0,3.693869530252414e-07,1.0435663000407658e-07,0.0,0.0,3.5323307656653924e-07,1.4100164946739824e-07,4.1646427462183055e-07,1.715340971486512e-07,3.976983862230554e-07,1.9630114422852785e-07
166,0.0,0.0,3.661440644009417e-07,1.3602975457160937e-07,0.0,0.0,3.5519869356903655e-07,1.6957142179307994e-07,3.9321213307630387e-07,1.7115806372203224e-07,3.91115861475555e-07,2.093938320513189e-07
167,0.0,0.0,3.899548630670324e-07,1.0631742952682544e-07,0.0,0.0,3.8693761439390073e-07,1.6870150432168884e-07,5.092261403660814e-07,4.504252615333826e-07,3.5983848079013114e-07,1.0938392591697266e-07
168,0.0,0.0,4.0411572399534634e-07,1.438563117517333e-07,0.0,0.0,3.598670446081087e-07,1.0872243905168943e-07,4.852474262406758e-07,2.895851025641605e-07,3.9907314430820406e-07,1.5198635594515508e-07
169,0.0,0.0,3.677161828363751e-07,1.0110370851634798e-07,0.0,0.0,3.666337704544276e-07,1.2646378877434472e-07,4.0213302554548136e-07,1.7007603503316204e-07,4.003419746823056e-07,1.9216878399674897e-07
170,0.0,0.0,3.92369798873915e-07,1.0338631994954994e-07,0.0,0.0,3.432341202369571e-07,1.3258309650154843e-07,4.1520351601320726e-07,1.8380544020146772e-07,4.184921635896899e-07,1.8524667666497407e-07
171,0.0,0.0,3.7217310477899446e-07,1.1164814139874579e-07,0.0,0.0,3.753157784558425e-07,1.3924817210408946e-07,4.176778531927994e-07,2.210711897987494e-07,4.103929711618548e-07,1.683791452933292e-07
172,0.0,0.0,3.6554601479110715e-07,1.495704822218613e-07,0.0,0.0,3.616008257267822e-07,1.5771756523008662e-07,4.4578328584066185e-07,2.531385234760819e-07,3.5209467341701384e-07,1.02517617506237e-07
173,0.0,0.0,4.362765935184143e-07,2.220090635773886e-07,0.0,0.0,3.8806828683846106e-07,1.2336718668848334e-07,4.0025116732067545e-07,1.9391666228329996e-07,3.721476389273448e-07,1.0807904970988602e-07
174,0.0,0.0,3.57717823362691e-07,1.1347457729016242e-07,0.0,0.0,3.5122465646963974e-07,1.2641817193070892e-07,4.774834678755724e-07,2.3723329434233165e-07,3.513723356718401e-07,1.1332787153151003e-07
175,0.0,0.0,3.7321211721064174e-07,1.2039119212658989e-07,0.0,0.0,4.044503327804705e-07,1.7409229258191772e-07,4.7579592887814215e-07,3.0068557066442736e-07,3.571787203782151e-07,1.0082126067345598e-07
176,0.0,0.0,3.8037063632145873e-07,1.415373560575972e-07,0.0,0.0,3.72713572005523e-07,1.3370943463542062e-07,4.1447023590990284e-07,1.8199381202066434e-07,3.7635297189808625e-07,1.3176656921132235e-07
177,0.0,0.0,3.6157376825940446e-07,1.3290552658418164e-07,0.0,0.0,3.9854526789895317e-07,1.0043554254934861e-07,4.5545988314188435e-07,2.813389698985702e-07,3.920502820164984e-07,1.2463620180369617e-07
178,0.0,0.0,4.5445889895745495e-07,2.5588127527953475e-07,0.0,0.0,3.99041113041676e-07,1.4080630705848307e-07,4.180315045232419e-07,2.1410716044556466e-07,3.3612894867474097e-07,9.583659732470551e-08
179,0.0,0.0,4.014688670395117e-07,1.6232887389833195e-07,0.0,0.0,4.0588616911918507e-07,1.1274360645074921e-07,4.2006294620478e-07,1.841919754497212e-07,3.648166284619947e-07,1.2148423422786436e-07
180,0.0,0.0,4.213598572277988e-07,2.50993053896309e-07,0.0,0.0,3.6028356475981127e-07,1.1793385823466451e-07,4.124864574350795e-07,2.010009012565206e-07,3.700936588302284e-07,1.596181817831166e-07
181,0.0,0.0,3.6645798218160053e-07,1.2566351870191284e-07,0.0,0.0,3.9629293269172194e-07,1.690690254463334e-07,4.6922090746193135e-07,2.0191443184103264e-07,3.815322031641699e-07,1.4525686253819003e-07
182,0.0,0.0,3.651731788067991e-07,1.1230839902509615e-07,0.0,0.0,3.6455361396292574e-07,1.452857105732619e-07,3.9149207964328525e-07,1.5709844092270941e-07,3.880001600009564e-07,1.414755672612955e-07
183,0.0,0.0,3.744182492937398e-07,1.5506951456245588e-07,0.0,0.0,3.66325878076168e-07,1.2325574516580673e-07,3.788354661082849e-07,1.3678386778792628e-07,3.899413059116341e-07,1.486258582872324e-07
184,0.0,0.0,3.750182315798156e-07,1.6343882691671752e-07,0.0,0.0,3.9122659245549585e-07,1.787878716186242e-07,4.4865174686492537e-07,1.883075100295173e-07,4.221001290716231e-07,1.5336442515945237e-07
185,0.0,0.0,4.052327824410895e-07,1.1153439771760532e-07,0.0,0.0,4.2172450775979087e-07,1.9261035788531444e-07,4.2017336454591714e-07,1.781605192263669e-07,4.137441464990843e-07,7.948430891246971e-08
186,0.0,0.0,4.356853366971336e-07,1.4692155048123823e-07,0.0,0.0,4.4029647483512235e-07,2.3406154525673628e-07,3.938092163480178e-07,1.4820663807313394e-07,4.114441765068477e-07,1.6537354952106398e-07
187,0.0,0.0,3.76940931801073e-07,9.541872003637764e-08,0.0,0.0,3.9580777411174495e-07,1.215105385199422e-07,3.818598486304836e-07,1.7033991639436863e-07,4.4180956138006877e-07,2.351919334842023e-07
188,0.0,0.0,4.14534497394925e-07,1.6863963026025885e-07,0.0,0.0,4.467244707484497e-07,2.581331841611245e-07,3.946580022784474e-07,1.330839296542763e-07,3.771323804357962e-07,1.0543206485635892e-07
189,0.0,0.0,4.5337432652559073e-07,2.2988845671534364e-07,0.0,0.0,3.928888929749519e-07,1.8413989266719e-07,4.175305434728216e-07,1.4757804933651641e-07,3.689122820560442e-07,1.3861723857644392e-07
190,0.0,0.0,4.3548521944103413e-07,2.0646049847528047e-07,0.0,0.0,4.115532306059322e-07,1.8261752643411455e-07,3.935490440198919e-07,1.727331664369558e-07,3.6476347986535984e-07,1.6730942320464237e-07
191,0.0,0.0,3.498444698379899e-07,1.7327187151749968e-07,0.0,0.0,4.184196313872235e-07,1.6208976205689396e-07,4.234010191339621e-07,1.8229381737455697e-07,4.349168136741355e-07,2.2413473743654322e-07
192,0.0,0.0,3.769721388380276e-07,1.8613954466673022e-07,0.0,0.0,4.026074691410031e-07,2.0419538770966028e-07,4.481834423586406e-07,2.246970893793332e-07,3.709841678301018e-07,1.9128759731756872e-07
193,0.0,0.0,3.653879616649647e-07,7.692339920595259e-08,0.0,0.0,3.4506462043282227e-07,8.828341435673792e-08,4.6540336029465834e-07,2.3765487355831283e-07,3.988022854173323e-07,1.7138077623712888e-07
194,0.0,0.0,3.6893877108923334e-07,1.1895463813971219e-07,0.0,0.0,4.2224087337672245e-07,1.694068600954779e-07,4.2790912857526564e-07,2.1781548298349662e-07,3.487469371066254e-07,8.415509000769816e-08
195,0.0,0.0,3.811418878285622e-07,1.25878571566318e-07,0.0,0.0,4.1844606357699377e-07,1.1777092367992736e-07,4.0554419911131845e-07,1.6645776668156032e-07,4.3263594307063613e-07,1.9079047319792153e-07
196,0.0,0.0,3.7196986113485764e-07,1.3360576645027322e-07,0.0,0.0,4.081971951563901e-07,1.692795450480844e-07,4.183735313745274e-07,1.618931264601997e-07,3.7576413092210714e-07,1.4744952636647213e-07
197,0.0,0.0,4.3950845451945497e-07,2.7015175874112174e-07,0.0,0.0,4.154377961640421e-07,1.7129504215063207e-07,3.861551363115723e-07,1.695094198339575e-07,3.96379903122579e-07,1.5844344147808442e-07
198,0.0,0.0,3.554783631898317e-07,1.3432790524348093e-07,0.0,0.0,4.403779314543499e-07,2.3495202583490027e-07,3.8477637076539395e-07,1.5995800595192122e-07,4.1017398189069354e-07,1.4414898430459289e-07
199,0.0,0.0,3.8190847817531903e-07,2.0726004379412188e-07,0.0,0.0,4.524423786733678e-07,2.3297751283735124e-07,4.1048210164262855e-07,1.7757425041509123e-07,3.807502082509018e-07,1.5420111765251932e-07
200,0.0,0.0,3.6014333204548166e-07,1.0014866802521283e-07,0.0,0.0,4.135329731980164e-07,1.9495801950597524e-07,4.916100238006038e-07,3.141810793749755e-07,4.4638233021032647e-07,2.784983621495485e-07
201,0.0,0.0,3.641204671112064e-07,8.563097964042754e-08,0.0,0.0,3.846870697543636e-07,1.5785155937919626e-07,4.271422824331239e-07,1.775124331970801e-07,3.647029700459825e-07,1.3527228759357968e-07
202,0.0,0.0,3.9606447899132036e-07,1.0707135089660369e-07,0.0,0.0,3.800639944984141e-07,1.4370220924320165e-07,4.151067969360156e-07,1.9807887952083547e-07,3.7821874343535455e-07,1.3674710430677806e-07
203,0.0,0.0,3.589277639548527e-07,8.948201468683692e-08,0.0,0.0,3.783037527682609e-07,1.4493019762085169e-07,4.062780476488115e-07,1.6899117838420352e-07,4.1624198843237536e-07,1.667202411681501e-07
204,0.0,0.0,4.1439525944042543e-07,1.7133585572537413e-07,0.0,0.0,4.143935257161502e-07,1.6706646022157656e-07,4.433350682120363e-07,2.2701020441218134e-07,4.3256537196612044e-07,2.1368283853462344e-07
205,0.0,0.0,4.0900485487327387e-07,1.3211986527039699e-07,0.0,0.0,4.4988013314650743e-07,3.1285117074730806e-07,4.3976373831355886e-07,1.7363564097649942e-07,3.5922320762438176e-07,1.1284891598961622e-07
206,0.0,0.0,3.8755987930017e-07,9.019814939392745e-08,0.0,0.0,3.994519772732019e-07,1.3086176409160544e-07,4.1738448430805875e-07,1.7322382461770758e-07,3.679421638480562e-07,1.5588905455388158e-07
207,0.0,0.0,3.832757613508875e-07,1.291632827360445e-07,0.0,0.0,4.0785715782476473e-07,2.23112039066109e-07,4.335561243351549e-07,1.9909377613203105e-07,3.5019189681406715e-07,1.1001929323128934e-07
208,0.0,0.0,4.1389870375496685e-07,1.7406297558864026e-07,0.0,0.0,4.20836215653253e-07,2.7556126269701053e-07,4.335421124324057e-07,1.7555763065502106e-07,3.633442133832432e-07,1.2397590865020902e-07
209,0.0,0.0,3.8376782640625606e-07,1.58902025759744e-07,0.0,0.0,4.0812264501255413e-07,1.5860746316320729e-07,4.202547643217258e-07,2.02520524794636e-07,3.761947482416872e-07,1.5568306821478473e-07
210,0.0,0.0,3.839072633127216e-07,9.432000780407179e-08,0.0,0.0,4.191397238173522e-07,2.254858912920099e-07,4.072915089636808e-07,1.616757714373307e-07,4.3674180005837115e-07,2.673793915164424e-07
211,0.0,0.0,3.850239522762422e-07,9.129900035986793e-08,0.0,0.0,4.1499401959299576e-07,1.7630023307901865e-07,4.3728499576900504e-07,1.659557540278911e-07,4.0491357822247664e-07,1.6430936966571608e-07
212,0.0,0.0,3.8969378124420473e-07,1.2340750288331037e-07,0.0,0.0,3.917281503618142e-07,1.693246929335146e-07,4.2851488046835584e-07,1.704966621218773e-07,3.817820584117726e-07,1.4629975453317456e-07
213,0.0,0.0,3.868084945679584e-07,1.6820885662127694e-07,0.0,0.0,4.295861231184972e-07,1.6008928582778026e-07,4.79137156617071e-07,2.606714133435162e-07,3.7721036960647325e-07,1.567464664731233e-07
214,0.0,0.0,4.3390019754951936e-07,2.1862682331175165e-07,0.0,0.0,3.677009488001204e-07,1.5468943104224309e-07,4.02951570777077e-07,1.7594919654584373e-07,3.660017000584048e-07,1.798468076685822e-07
215,0.0,0.0,4.2078727346961387e-07,1.4390553815246676e-07,0.0,0.0,4.2361034502391703e-07,1.994865215237951e-07,4.1375315618097375e-07,1.918199501460549e-07,3.2345957379220636e-07,1.161841751695647e-07
216,0.0,0.0,4.2054617210851575e-07,2.0257525079614425e-07,0.0,0.0,4.0124785982698086e-07,1.8156109149458644e-07,4.0306923665411887e-07,1.7194598456171661e-07,4.1736066691555607e-07,2.1370800595832407e-07
217,0.0,0.0,3.9227589354595693e-07,1.113958916221236e-07,0.0,0.0,4.1053630184251233e-07,1.8072537955049484e-07,3.970394004682021e-07,1.622595675598859e-07,3.7967663502058713e-07,1.3633561479764467e-07
218,0.0,0.0,3.98181867922176e-07,1.4961213423703157e-07,0.0,0.0,3.6310103723735665e-07,1.4255719804623368e-07,3.4621899658304756e-07,1.530880382460964e-07,3.726186719177349e-07,1.848961375117142e-07
219,0.0,0.0,3.8301490690173523e-07,1.1917464348698559e-07,0.0,0.0,4.2321897808506037e-07,2.0370876541164762e-07,3.9815796526454506e-07,1.6592888130162464e-07,3.5750036886383896e-07,1.543161687322936e-07
220,0.0,0.0,4.312550174745411e-07,1.7164175858397357e-07,0.0,0.0,4.1509125026095717e-07,2.3605747401234112e-07,3.983264775797579e-07,1.5997861169125827e-07,3.5282101862321724e-07,1.2287493689200346e-07
221,0.0,0.0,4.269940347967349e-07,1.9864312150730257e-07,0.0,0.0,4.145452692227991e-07,2.0938743716669705e-07,4.57845175105831e-07,2.0259479072137765e-07,4.0526646216676454e-07,2.68199784159151e-07
222,0.0,0.0,4.203476748898538e-07,1.653024384040691e-07,0.0,0.0,3.9603401091881096e-07,1.6513494927039574e-07,3.9936452367328457e-07,2.1649165660164726e-07,3.6508055245576543e-07,1.3478111782205815e-07
223,0.0,0.0,3.6901900557495537e-07,8.111415183975623e-08,0.0,0.0,3.929627325760521e-07,2.156244676143615e-07,4.375140747470141e-07,2.0375648546178127e-07,3.8452452599813114e-07,1.7399395346728852e-07
224,0.0,0.0,3.7357202131715894e-07,1.249204046871455e-07,0.0,0.0,4.2120831267311587e-07,2.249239798857161e-07,4.1551433582753816e-07,1.938420979286093e-07,3.73031923572853e-07,1.587519875556609e-07
225,0.0,0.0,4.264201436399162e-07,1.8225895814794058e-07,0.0,0.0,3.8800516222181614e-07,2.1031324592968303e-07,3.622772339895164e-07,1.6492057852701691e-07,4.316963497785764e-07,2.3644953728307883e-07
226,0.0,0.0,3.8574603422603104e-07,1.4858278518659063e-07,0.0,0.0,4.4710031943395734e-07,1.9198785139451502e-07,4.084231477463618e-07,1.631525634593345e-07,3.5024666544813954e-07,1.1616580053441794e-07
227,0.0,0.0,4.0687490354684996e-07,1.5597251490362396e-07,0.0,0.0,3.667321379907662e-07,1.5927400909276912e-07,4.040541625727201e-07,2.1028063201811165e-07,3.806088670899044e-07,1.295998401928955e-07
228,0.0,0.0,4.0514851207262836e-07,1.670695723987592e-07,0.0,0.0,4.490443075155781e-07,2.645171832682536e-07,3.5579040513766813e-07,1.8958944281166623e-07,3.8776033761678264e-07,1.886655383032121e-07
229,0.0,0.0,3.939182988688117e-07,1.9409849016938097e-07,0.0,0.0,4.4835792323283385e-07,1.904781328221361e-07,4.377294828827871e-07,2.0786629306712712e-07,4.5486825683838106e-07,2.9608278850901115e-07
230,0.0,0.0,3.6100931311011664e-07,1.1405808919562332e-07,0.0,0.0,3.8140620972626493e-07,1.7609578151223104e-07,4.220448772684904e-07,2.1394966154275608e-07,4.042375962853839e-07,2.315637743777188e-07
231,0.0,0.0,4.080774544945598e-07,1.6368566946312058e-07,0.0,0.0,3.5900410466638277e-07,1.583957498496602e-07,4.23816175043612e-07,1.8436459470194677e-07,4.1885090240612044e-07,2.55304939855705e-07
232,0.0,0.0,4.1073084844356345e-07,1.8247339994559297e-07,0.0,0.0,4.521604637375276e-07,3.033415509889892e-07,4.20847243276512e-07,1.8879750030009745e-07,3.397490786483104e-07,1.5309773004901217e-07
233,0.0,0.0,4.026217652608466e-07,2.325563457361568e-07,0.0,0.0,4.1923220805983874e-07,2.2075452932313055e-07,3.9366960891129565e-07,1.5945093423397338e-07,3.6740038922289386e-07,1.802686142582388e-07
234,0.0,0.0,3.7728301549577736e-07,1.282390513779319e-07,0.0,0.0,4.5285779037840257e-07,2.7796099288934784e-07,3.4321948305660044e-07,1.2000086258012743e-07,3.7723083323726314e-07,2.028980787827095e-07
235,0.0,0.0,3.7452326751008513e-07,1.2478780320179794e-07,0.0,0.0,4.7531011659884825e-07,2.730230335146189e-07,4.0412069779449666e-07,1.9433701936577563e-07,3.8001459756742406e-07,1.9788545557730686e-07
236,0.0,0.0,3.8002048086127616e-07,2.415028461655311e-07,0.0,0.0,4.119297614124662e-07,1.821580184468985e-07,4.12607136013321e-07,1.9867228218117816e-07,3.4240096624671423e-07,1.4829140582151012e-07
237,0.0,0.0,4.174737000539608e-07,1.941469349731051e-07,0.0,0.0,4.121143888369261e-07,1.9657251471016934e-07,4.299397460272303e-07,2.4123198727465933e-07,3.8325029549923784e-07,2.7807803348878224e-07
238,0.0,0.0,4.5577331775348284e-07,3.162950008572807e-07,0.0,0.0,3.6752879850610043e-07,1.8631052967066353e-07,4.0383173427471775e-07,1.9496548020470073e-07,3.5451310509415634e-07,1.2796495241218508e-07
239,0.0,0.0,3.6437350559026527e-07,1.3044466129485954e-07,0.0,0.0,4.692685138252273e-07,2.4202191184485855e-07,4.491872402923036e-07,2.4590019620518433e-07,3.9450429767384776e-07,1.7726860335187666e-07
240,0.0,0.0,4.079452082805801e-07,2.5422480121051194e-07,0.0,0.0,4.307883614274033e-07,2.1429694641028618e-07,3.9923588701640256e-07,1.8565111759016872e-07,3.4960643802151026e-07,1.0089870983165383e-07
241,0.0,0.0,3.7261574448166357e-07,1.4503578427138564e-07,0.0,0.0,3.911278270152252e-07,1.7290996368046763e-07,4.027659201710776e-07,1.8149344782614207e-07,3.4441146112840215e-07,1.1952910483614687e-07
242,0.0,0.0,4.058773868109711e-07,2.0621281748844922e-07,0.0,0.0,3.488075890345499e-07,1.511379394969481e-07,3.9338897295237985e-07,2.0697292768545594e-07,3.5491797234499245e-07,1.290030695599853e-07
243,0.0,0.0,3.9578171140419727e-07,2.2375046171418944e-07,0.0,0.0,4.134893174523313e-07,1.786635550615756e-07,3.9204800827974395e-07,1.5905129657767247e-07,3.503769221424591e-07,1.8758100850391202e-07
244,0.0,0.0,3.901802188011061e-07,2.5440905915274925e-07,0.0,0.0,3.924425584500568e-07,1.8129135526123719e-07,3.6596600239136023e-07,1.6982978934265702e-07,3.26806400607893e-07,1.3846940305484168e-07
245,0.0,0.0,4.124911470171355e-07,1.6192261398373375e-07,0.0,0.0,3.9531522588731605e-07,1.5407061937366962e-07,4.0984551219480636e-07,1.6893353915747866e-07,3.7909390471213555e-07,2.2226980433970311e-07
246,0.0,0.0,3.782762973969511e-07,1.2801989157651406e-07,0.0,0.0,4.1602135070206714e-07,3.2580675224380684e-07,3.974357696279185e-07,1.8433215132063197e-07,3.6234786193745094e-07,2.2386197429113963e-07
247,0.0,0.0,4.14062611753252e-07,1.57306786263689e-07,0.0,0.0,3.8023546267140773e-07,2.1711755948672362e-07,3.9704724486000487e-07,1.3420520872386987e-07,3.5465586734062526e-07,1.5858776691857202e-07
248,0.0,0.0,3.6675152159659774e-07,1.1813564526619302e-07,0.0,0.0,3.691412189255061e-07,1.7108067140725325e-07,4.26463714120473e-07,1.8068278961891338e-07,4.0239419263343734e-07,2.1533557514885615e-07
249,0.0,0.0,3.7524887375184335e-07,1.860840086465032e-07,0.0,0.0,3.934781886982819e-07,2.08945493795909e-07,3.9158857134680147e-07,2.3034402829580358e-07,3.194279258877941e-07,1.1603607674715022e-07
250,0.0,0.0,4.1322414290334564e-07,2.1293854501891474e-07,0.0,0.0,3.781542829983664e-07,2.0410796253145236e-07,4.0717787896937807e-07,1.8718478145274275e-07,3.647299706699414e-07,1.596243635049177e-07
251,0.0,0.0,4.256844476913102e-07,2.503533949038683e-07,0.0,0.0,4.1442854126216844e-07,2.571952109065023e-07,3.749061079361127e-07,1.8953492997297872e-07,3.2583864140178775e-07,1.3749595950685034e-07
252,0.0,0.0,3.79765708657942e-07,1.5102375527931144e-07,0.0,0.0,3.4963409234478604e-07,1.2432496987457853e-07,4.324006965816807e-07,2.5034137252077926e-07,3.9994247913455183e-07,2.8510206107057456e-07
253,0.0,0.0,3.7304354805201e-07,1.395249995539416e-07,0.0,0.0,4.144493743751809e-07,3.389805840470217e-07,4.061806464505935e-07,2.251256034924154e-07,3.8907347743588616e-07,1.7681924191492726e-07
254,0.0,0.0,3.818562959168048e-07,1.1704405977752685e-07,0.0,0.0,3.6811061931985023e-07,1.935649436290987e-07,3.8572278526771697e-07,2.0199166783640976e-07,3.634777385741472e-07,1.842803953877592e-07
255,0.0,0.0,4.040560668272519e-07,1.982245407816663e-07,0.0,0.0,3.9959803643796477e-07,2.4083908556349343e-07,4.232196602060867e-07,2.1375566916503885e-07,3.4479137411835836e-07,1.6984665762720397e-07
256,0.0,0.0,4.1793964555836283e-07,2.2640392671746667e-07,0.0,0.0,3.66846762744899e-07,2.1423417706500913e-07,4.3811155592266005e-07,3.000590140800341e-07,3.4906761925412866e-07,1.6145696690728073e-07
257,0.0,0.0,4.2240054654030246e-07,1.650130059260846e-07,0.0,0.0,3.619102244556416e-07,1.5018788701581798e-07,4.125004977595381e-07,2.2111257180768007e-07,3.5578312918005395e-07,2.098814206874522e-07
258,0.0,0.0,4.233013441989897e-07,2.7251118694948673e-07,0.0,0.0,4.379632514428522e-07,3.5789062735602784e-07,3.9099964510569407e-07,2.1153670104467892e-07,3.646730704076617e-07,1.6965951488145947e-07
259,0.0,0.0,3.5400188380663167e-07,1.0190299803980452e-07,0.0,0.0,3.4636445889191236e-07,1.6155208015788958e-07,4.1113008819593233e-07,1.7493628945430828e-07,3.6006949244438147e-07,1.3113988472923666e-07
260,0.0,0.0,4.046918888889195e-07,3.0139665341266664e-07,0.0,0.0,3.6847700357611757e-07,1.9769565540173062e-07,3.283452656432928e-07,1.2864897769304662e-07,3.2925066761890776e-07,9.872783124365014e-08
261,0.0,0.0,3.687953267217381e-07,1.9565521824915777e-07,0.0,0.0,3.713174123731733e-07,1.7883149894259986e-07,3.3387706821486063e-07,1.7908629956764344e-07,3.34432513682259e-07,1.4089964395225252e-07
262,0.0,0.0,3.702637343394599e-07,2.3115093483738747e-07,0.0,0.0,3.650946496236429e-07,1.485043412685627e-07,3.7151806964175194e-07,1.7519781181363214e-07,3.457923014593689e-07,1.096404247391547e-07
263,0.0,0.0,3.4782109992193e-07,1.3841626866906154e-07,0.0,0.0,3.9897039982861315e-07,2.482751995103172e-07,3.4373840662738075e-07,1.4470228393292928e-07,3.3331573945361015e-07,1.6665993030073878e-07
264,0.0,0.0,3.37713657927452e-07,1.269979179596703e-07,0.0,0.0,4.1528295469106524e-07,2.976589996706025e-07,3.568276270016213e-07,1.7096448345910176e-07,3.16583594894837e-07,1.0222487389910384e-07
265,0.0,0.0,3.373215804458596e-07,1.3163868572974025e-07,0.0,0.0,3.6471917042035784e-07,1.764506976087432e-07,3.8185743278518203e-07,1.9808659601494583e-07,3.383823070635117e-07,1.6085746779026522e-07
266,0.0,0.0,3.6310643736214843e-07,1.7811214547691634e-07,0.0,0.0,3.2487955081705877e-07,1.1602982397107553e-07,3.9406410223818966e-07,1.818320640722959e-07,3.462534152731678e-07,1.6421184056980564e-07
267,0.0,0.0,3.2331973898180877e-07,1.1549528977639056e-07,0.0,0.0,3.7864987234570435e-07,2.3839029950067925e-07,3.7094923754921183e-07,1.9597418088324048e-07,3.216734114630526e-07,1.6669189051299327e-07
268,0.0,0.0,3.6401030456545413e-07,1.368673565593781e-07,0.0,0.0,3.688944048008125e-07,1.6927354806739459e-07,3.62818497023909e-07,1.5300564371045766e-07,3.5908223594560695e-07,1.6915601008804515e-07
269,0.0,0.0,3.568584645563533e-07,1.9836987519283866e-07,0.0,0.0,4.0873541706787364e-07,2.3790721570549067e-07,3.343228343055671e-07,1.2717273989437672e-07,3.1852670190346544e-07,1.318593376709032e-07
270,0.0,0.0,3.490884807888506e-07,1.1505954944368568e-07,0.0,0.0,3.747137498066877e-07,1.5635428951554786e-07,3.707990003931627e-07,2.0534508848868427e-07,3.690849439408339e-07,1.2877708854830416e-07
271,0.0,0.0,3.3145559541480907e-07,1.2356674972124893e-07,0.0,0.0,3.7042110534457606e-07,2.104533507463202e-07,3.839264195448777e-07,1.8760384534743935e-07,3.1815449119676487e-07,1.1980333169958612e-07
272,0.0,0.0,3.597363615881477e-07,1.4987654139986262e-07,0.0,0.0,3.811369424511213e-07,2.399770835381787e-07,3.890393998062791e-07,1.6771537048043683e-07,2.9758669484181155e-07,1.0126606753146916e-07
273,0.0,0.0,3.5403917308940436e-07,2.1283132412008854e-07,0.0,0.0,4.0771004705675296e-07,2.2807532218394044e-07,3.394603425022069e-07,1.8140235624741763e-07,3.03028599546451e-07,1.4636215439622902e-07
274,0.0,0.0,3.3659662790341827e-07,1.155509394834553e-07,0.0,0.0,3.7394465834950097e-07,1.8534180412643764e-07,3.6571537975760293e-07,1.8350129948885296e-07,3.0588745403292705e-07,1.1171118075026243e-07
275,0.0,0.0,3.851902761198289e-07,2.3051319431033335e-07,0.0,0.0,3.5892958294425625e-07,1.6041980188674643e-07,4.0344153262594773e-07,2.1273757511153235e-07,3.5908334439227474e-07,2.199776503175599e-07
276,0.0,0.0,3.925875375898613e-07,2.1959449725272862e-07,0.0,0.0,3.616151218466257e-07,1.9401198869672953e-07,3.588160666367912e-07,1.6154690740677324e-07,3.2256937743113667e-07,1.3887955674363184e-07
277,0.0,0.0,3.4487462130528e-07,1.2691027961864165e-07,0.0,0.0,3.914306034857873e-07,2.127569729282186e-07,3.7713317624366027e-07,1.3344482852062356e-07,3.033337350188958e-07,1.4212791654699686e-07
278,0.0,0.0,3.9257065509445965e-07,1.759755150487763e-07,0.0,0.0,3.4795601777659613e-07,1.791917156879208e-07,3.60345552508079e-07,1.351084506495681e-07,3.3408113608857093e-07,1.1452753057028531e-07
279,0.0,0.0,3.5366861084185075e-07,1.4111662949289894e-07,0.0,0.0,3.6449733897825354e-07,2.0145078849509446e-07,3.404306312404515e-07,1.5190198610071093e-07,2.8693230547105486e-07,1.004928407155603e-07
280,0.0,0.0,3.624691657932999e-07,1.6402714209107216e-07,0.0,0.0,3.9282295460907335e-07,2.1004936456847645e-07,3.554058878307842e-07,1.280017869476069e-07,3.3499799201308633e-07,1.481882776488419e-07
281,0.0,0.0,3.9363743553622044e-07,2.648136501193221e-07,0.0,0.0,3.287377126071078e-07,1.478580173852606e-07,3.700575916809612e-07,1.2684915873251157e-07,2.8434325827220164e-07,8.135218365623587e-08
282,0.0,0.0,3.3764257523216656e-07,1.6016370807392377e-07,0.0,0.0,3.883403678628383e-07,2.3025827999845205e-07,3.741717478078499e-07,1.4842196094377869e-07,3.308556699721521e-07,1.0283627460694333e-07
283,0.0,0.0,3.6494472510639753e-07,1.7982857514198258e-07,0.0,0.0,3.089388656007941e-07,1.2970232887710154e-07,3.2377442948927637e-07,1.7294242127263715e-07,3.396647798581398e-07,1.53877095954158e-07
284,0.0,0.0,3.5965723554909346e-07,1.2894535927898687e-07,0.0,0.0,3.633373069078516e-07,1.9296903985832614e-07,3.54046676420694e-07,1.7715092326398008e-07,2.9127221523594926e-07,7.981796557032794e-08
285,0.0,0.0,3.3180293712575804e-07,1.2116258574224048e-07,0.0,0.0,3.4317059771638014e-07,1.8593533468447276e-07,3.48324022070301e-07,1.9093302228156972e-07,3.379007296189229e-07,1.57047566062829e-07
286,0.0,0.0,3.290103620656737e-07,1.4872261999698821e-07,0.0,0.0,3.633278424786113e-07,1.6658154322612972e-07,3.07739071558899e-07,1.508065565758443e-07,3.1059977345648804e-07,1.0991004018023887e-07
287,0.0,0.0,3.208718908354058e-07,1.346175650951409e-07,0.0,0.0,3.1557948432237026e-07,1.4049702201646141e-07,3.3586346148695156e-07,1.074292441671787e-07,3.260980179220496e-07,1.831062803603345e-07
288,0.0,0.0,3.463340192411124e-07,1.433142244877672e-07,0.0,0.0,3.6597322150555556e-07,1.716428101872225e-07,3.600192144403991e-07,1.427423939048822e-07,2.871486799449485e-07,1.2613027422503365e-07
289,0.0,0.0,3.464942324171716e-07,1.2629202217340207e-07,0.0,0.0,3.3453574133091024e-07,1.3126040698807628e-07,3.437969553488074e-07,1.4843031692635122e-07,3.144936613352911e-07,1.2007878069653088e-07
290,0.0,0.0,3.3719160796863434e-07,1.1688445766822042e-07,0.0,0.0,3.4412587979204545e-07,1.3517617958314077e-07,3.3105484931184037e-07,1.5373906592230924e-07,3.058993911508878e-07,8.615404567535734e-08
291,0.0,0.0,3.4661010772651935e-07,1.1627089691046422e-07,0.0,0.0,3.1568174563290086e-07,1.4967407935273513e-07,3.302365598756296e-07,1.1194534721425953e-07,3.229100684620789e-07,1.0782864023894945e-07
292,0.0,0.0,3.5278111454317695e-07,1.444992676624679e-07,0.0,0.0,3.5247450114184176e-07,1.9235500303693698e-07,3.3245038366658264e-07,1.5714057610694e-07,3.341701244607975e-07,1.46920115184912e-07
293,0.0,0.0,3.219454924874299e-07,1.6854239959229744e-07,0.0,0.0,3.388327058928553e-07,1.6771558364325756e-07,3.3398859500266553e-07,1.1440928915362747e-07,3.0536844519701845e-07,1.3254299346954213e-07
294,0.0,0.0,3.3302893598374794e-07,1.104475799706961e-07,0.0,0.0,3.3294236345682293e-07,1.4738945708359097e-07,2.974838082536735e-07,1.1547773226538993e-07,3.0154996011333424e-07,1.0265677019560826e-07
295,0.0,0.0,3.041796219349635e-07,9.474143780607847e-08,0.0,0.0,3.4313515584472043e-07,1.5352208038166282e-07,3.204842471404845e-07,1.4741900145054387e-07,2.9618814778586966e-07,7.986111683067065e-08
296,0.0,0.0,3.255120759604324e-07,1.1355532336665419e-07,0.0,0.0,3.484489923266665e-07,1.5968582545156096e-07,3.537581392265565e-07,1.480819804555722e-07,2.9026597303527524e-07,1.1915186348687712e-07
297,0.0,0.0,3.0893679081600567e-07,1.037558519101367e-07,0.0,0.0,3.6801088754145894e-07,1.6368483102269238e-07,3.095117335760733e-07,1.2112684544263175e-07,3.5339070336704026e-07,1.8815637758962112e-07
298,0.0,0.0,3.5101575690532627e-07,1.6749942233218462e-07,0.0,0.0,3.172916933635861e-07,1.4902954603712715e-07,3.1597667771166016e-07,8.804619966440441e-08,3.012945342106832e-07,1.1300308244699409e-07
299,0.0,0.0,3.511702857394994e-07,1.6139844660756353e-07,0.0,0.0,3.9239677107616444e-07,2.0285935420361056e-07,3.601033427003131e-07,1.3388405761816102e-07,3.023859278528107e-07,1.2568523288791766e-07
300,0.0,0.0,3.093761620220903e-07,8.411567620214555e-08,0.0,0.0,3.092826261763548e-07,1.6019984627746453e-07,2.938691068266053e-07,1.1019881895890649e-07,2.9447727456499706e-07,1.0510498782423383e-07
301,0.0,0.0,3.5022611655222136e-07,1.8084102748616715e-07,0.0,0.0,3.464612632342323e-07,1.7921892947470042e-07,3.688109586619248e-07,1.8675083879315935e-07,3.33623518145032e-07,1.4775112333609286e-07
302,0.0,0.0,3.4445193364263105e-07,1.0402416705801443e-07,0.0,0.0,3.361934943768574e-07,1.5736668501631357e-07,3.269959449880844e-07,1.4269208747919038e-07,2.811615331665962e-07,7.73105526263862e-08
303,0.0,0.0,3.58250133558613e-07,1.268243181584694e-07,0.0,0.0,3.1028184821479954e-07,1.256547932371177e-07,3.454993589002697e-07,1.7883978387089883e-07,2.9462077577591117e-07,1.1717516912312931e-07
304,0.0,0.0,3.252042404255917e-07,8.976731180609931e-08,0.0,0.0,3.24584391364624e-07,1.3129981368820154e-07,3.2768718938314123e-07,1.7707600363792153e-07,2.921453585713607e-07,1.1343863093316031e-07
305,0.0,0.0,3.165693556184124e-07,9.629128072674575e-08,0.0,0.0,3.0455106525550946e-07,1.2231230073211918e-07,3.1992507842915074e-07,1.5378178375158313e-07,3.0157775654515717e-07,9.365061970356692e-08
306,0.0,0.0,3.315179810670088e-07,1.203156756446333e-07,0.0,0.0,3.3606610827519035e-07,1.5963198052304506e-07,3.055336605939374e-07,1.2959225159647758e-07,2.8868720391983516e-07,1.33413919911618e-07
307,0.0,0.0,3.538704618222255e-07,1.8071163765398524e-07,0.0,0.0,3.6317956642051286e-07,1.9535983142304758e-07,2.858367622593505e-07,9.771949294190563e-08,2.8315997724348563e-07,9.670998935007447e-08
308,0.0,0.0,3.473944616416702e-07,1.0560434304807131e-07,0.0,0.0,2.9870042794755136e-07,1.1294623902813328e-07,3.5585574664764863e-07,1.3238435769835633e-07,2.997267074533738e-07,9.234436504357291e-08
309,0.0,0.0,3.192589019818115e-07,1.372301454694025e-07,0.0,0.0,3.7602259794766724e-07,1.7239325700302288e-07,2.9149373403924983e-07,8.613460522610694e-08,3.125499290490552e-07,1.1001834110402342e-07
310,0.0,0.0,3.385030709068815e-07,1.2263768667253316e-07,0.0,0.0,3.904011407485086e-07,1.8515264343932358e-07,3.21289178373263e-07,1.1895957641172572e-07,2.59279119063649e-07,8.0675285119014e-08
311,0.0,0.0,3.340516627758916e-07,9.919389754031727e-08,0.0,0.0,3.4853627539632726e-07,1.8684302460769686e-07,3.2226444091065787e-07,1.4947131887765863e-07,3.251828388783906e-07,1.323942342423834e-07
312,0.0,0.0,3.490787037208065e-07,2.2859364889882272e-07,0.0,0.0,2.8308232913332176e-07,1.1560970847313001e-07,3.432537312164641e-07,1.8225527753656934e-07,2.908248575295147e-07,8.612433077814785e-08
313,0.0,0.0,3.5478646509545797e-07,1.8146567981602857e-07,0.0,0.0,3.1982207815417496e-07,1.2903738877412252e-07,2.839491060058208e-07,1.0311152465192208e-07,3.0278951612672245e-07,1.2115776826249203e-07
314,0.0,0.0,3.2550732953495753e-07,1.433452609944652e-07,0.0,0.0,3.2365522883992526e-07,1.0247313042555106e-07,3.1453436122319545e-07,1.27724447906985e-07,2.7330571583661367e-07,8.459782208092292e-08
315,0.0,0.0,3.427629735597293e-07,1.7448425637667242e-07,0.0,0.0,3.3892266060320253e-07,1.4716154339566856e-07,2.9868499495933065e-07,9.328774552841423e-08,3.315171284157259e-07,1.8594879236388806e-07
316,0.0,0.0,3.2425077733932994e-07,1.1900530694219924e-07,0.0,0.0,3.558709806839033e-07,1.4829929284587706e-07,3.2082820666801126e-07,1.325957015296808e-07,2.602658923933632e-07,5.45996954315342e-08
317,0.0,0.0,3.362985694366216e-07,1.3231527873358573e-07,0.0,0.0,3.104283905486227e-07,1.4280050208981265e-07,3.023126282641897e-07,9.981341264619914e-08,2.4670768539181154e-07,9.15571192194875e-08
318,0.0,0.0,3.2280036066367757e-07,8.742640034142823e-08,0.0,0.0,3.291029031515791e-07,1.3877645699267305e-07,3.226886633456161e-07,1.3616893568269006e-07,2.7783696054939355e-07,1.3790673847324797e-07
319,0.0,0.0,2.865514829863969e-07,8.924789796083132e-08,0.0,0.0,2.962228791147936e-07,1.2143138405917853e-07,3.1461840421798115e-07,1.0542805028990188e-07,2.5203468112522387e-07,8.852484256749449e-08
320,0.0,0.0,3.0920301696824026e-07,9.662178257485721e-08,0.0,0.0,3.1364248798126937e-07,1.2143050298618618e-07,2.9870358275729814e-07,1.0936892635982076e-07,2.717907818805543e-07,9.971599013169907e-08
321,0.0,0.0,3.4815599292414845e-07,1.4431496708766645e-07,0.0,0.0,3.377597295184387e-07,1.787673937769796e-07,3.334873213134415e-07,1.6817996595364093e-07,2.774220604351285e-07,1.0755412915841589e-07
322,0.0,0.0,3.0707687415088003e-07,1.0468087907611334e-07,0.0,0.0,3.4814027571883344e-07,1.6980663986032596e-07,2.6466523195267655e-07,8.562652453747432e-08,2.7968852123194665e-07,9.719708771172009e-08
323,0.0,0.0,3.223846931632579e-07,1.165563290328464e-07,0.0,0.0,3.146786298202642e-07,1.2847571895235887e-07,3.320877226542507e-07,1.3641485452353663e-07,2.700073196137964e-07,8.62149178715299e-08
324,0.0,0.0,2.978475492909638e-07,1.0930451566082411e-07,0.0,0.0,3.497299587706948e-07,1.677911427577783e-07,2.8902215376547247e-07,1.2482847466799285e-07,2.9305419957381673e-07,1.7055361922757584e-07
325,0.0,0.0,2.9765502063128224e-07,7.421914460792323e-08,0.0,0.0,3.120122187283414e-07,1.1977584790656692e-07,3.22181904266472e-07,1.305135270968094e-07,2.7903763566428097e-07,7.763092924051307e-08
326,0.0,0.0,3.0666586781080696e-07,1.5652874196803168e-07,0.0,0.0,3.0914091553313483e-07,1.14323363220592e-07,3.0043997867323924e-07,1.1074693873069918e-07,2.8761704129465215e-07,1.3972730528166721e-07
327,0.0,0.0,2.924190880548849e-07,6.729335666477709e-08,0.0,0.0,3.167658064739953e-07,1.4120223568170331e-07,2.8241009886187385e-07,1.1640374708576928e-07,2.5313761398138013e-07,7.642438504262827e-08
328,0.0,0.0,3.087100139964605e-07,1.377711384975555e-07,0.0,0.0,3.0641169246337085e-07,1.006627883270994e-07,2.959682490200066e-07,1.1243541564454063e-07,2.704830990296614e-07,8.39429219468002e-08
329,0.0,0.0,3.1774607123224996e-07,1.4025400218997675e-07,0.0,0.0,2.9881130103603937e-07,9.980095683204127e-08,2.941795571587136e-07,1.2923281644816598e-07,2.4221230887633283e-07,6.88479389054919e-08
330,0.0,0.0,2.9056849371045246e-07,1.2126452020311262e-07,0.0,0.0,3.147843585793453e-07,1.1681488132353479e-07,2.8533060003610444e-07,1.1350304163215696e-07,2.723648435676296e-07,7.374462995812792e-08
331,0.0,0.0,3.256067770962545e-07,1.2687976891356811e-07,0.0,0.0,2.923289343925717e-07,1.3229382034296577e-07,3.2153724305317155e-07,1.7473642799359368e-07,2.6751618520393095e-07,1.1403626132278077e-07
332,0.0,0.0,3.2399790939052764e-07,1.6232755228884344e-07,0.0,0.0,3.1589806326337566e-07,1.793438855202112e-07,2.9189590122769005e-07,1.3808697474360088e-07,2.646966663633066e-07,8.043910781907471e-08
333,0.0,0.0,2.985077003359038e-07,9.996437455583873e-08,0.0,0.0,3.305958102828299e-07,1.3538320331463183e-07,3.273659388014494e-07,1.2282819739084516e-07,2.5753092813829426e-07,9.629844299752222e-08
334,0.0,0.0,3.034844837657147e-07,1.1428416257786012e-07,0.0,0.0,2.880761655887909e-07,1.0088758273241183e-07,2.917453514328372e-07,9.545652090992007e-08,2.4761669692452415e-07,5.457073015691094e-08
335,0.0,0.0,3.21681227433146e-07,1.1228225815784754e-07,0.0,0.0,2.95916237291749e-07,1.388283976666571e-07,2.384655886089604e-07,8.373624638124966e-08,2.6624979909684043e-07,6.494063597983768e-08
336,0.0,0.0,3.1346476703220105e-07,8.805608331385884e-08,0.0,0.0,2.954178910385963e-07,1.1046475378861942e-07,2.824427554060094e-07,8.316025201793309e-08,2.3530769510671234e-07,7.200264917628374e-08
337,0.0,0.0,3.3362471185682807e-07,1.705498533510763e-07,0.0,0.0,3.0323590749503637e-07,1.1236415531357125e-07,3.067860063765693e-07,8.910029691833188e-08,2.8497444759523205e-07,8.52329549161368e-08
338,0.0,0.0,3.18471336413495e-07,1.3648497088070144e-07,0.0,0.0,3.0975857612247637e-07,1.2251382486283546e-07,3.039818352590373e-07,1.449212305715264e-07,2.8756235792570806e-07,1.1272285860286502e-07
339,0.0,0.0,3.0505913173328736e-07,1.0008361783775399e-07,0.0,0.0,3.096853049555648e-07,1.2981841734927002e-07,3.2198053645515756e-07,8.239023685518987e-08,2.6401909281048574e-07,7.355378528473011e-08
340,0.0,0.0,2.83261101685639e-07,1.1183616521748263e-07,0.0,0.0,2.887505274884461e-07,9.76837526422969e-08,2.6593284019327257e-07,1.0379588388786942e-07,2.96053855208811e-07,1.0472504641256819e-07
341,0.0,0.0,2.908886074237671e-07,9.564077885215738e-08,0.0,0.0,3.2274471095661283e-07,1.2695524276296055e-07,2.783663717309537e-07,9.487867203006317e-08,2.5005400061672844e-07,6.002618846423502e-08
342,0.0,0.0,3.0495985470224696e-07,1.419663249180303e-07,0.0,0.0,2.8317992928350577e-07,1.0182041876305448e-07,2.899217292906542e-07,1.1409247235860676e-07,2.736003068548598e-07,1.22293897675263e-07
343,0.0,0.0,2.8280214792175684e-07,8.921184502241886e-08,0.0,0.0,3.069967249302863e-07,1.7028823151576944e-07,2.625908450681891e-07,7.244977950904286e-08,2.701140431327076e-07,8.778507520901258e-08
344,0.0,0.0,2.931652147708519e-07,6.785379724760787e-08,0.0,0.0,3.015375114046037e-07,1.1091594132039972e-07,2.84920361082186e-07,8.491424807743897e-08,2.443613880132034e-07,5.7062301550558914e-08
345,0.0,0.0,3.258955416640674e-07,1.5305072054161428e-07,0.0,0.0,3.0321410804390325e-07,1.333193324626336e-07,2.777321981284331e-07,8.989416500071457e-08,2.410791353213426e-07,8.098032822090317e-08
346,0.0,0.0,2.704669270769955e-07,9.532219280572463e-08,0.0,0.0,2.754899810497591e-07,8.34154647577634e-08,2.876984126487514e-07,1.2244306901720847e-07,2.451785121593275e-07,7.675488689073973e-08
347,0.0,0.0,3.512993203003134e-07,1.4812381721185375e-07,0.0,0.0,2.8524848971756e-07,9.331718331395678e-08,2.789286668303248e-07,9.081752239126217e-08,2.7663872970151715e-07,1.0667000793773695e-07
348,0.0,0.0,2.970594152884587e-07,9.392194755264427e-08,0.0,0.0,2.7965401727669814e-07,9.222824104426763e-08,2.549521411765454e-07,8.536014206583786e-08,2.444056974582054e-07,1.0285878460081221e-07
349,0.0,0.0,2.9417205382742395e-07,1.2007492955490306e-07,0.0,0.0,2.7922607159780455e-07,9.329885841680152e-08,2.3027924100915698e-07,7.08641678670574e-08,2.3978117269507493e-07,6.881655423285338e-08
350,0.0,0.0,2.8328955181677884e-07,1.0525628368895923e-07,0.0,0.0,3.095621821103123e-07,1.0738072120375364e-07,2.7982068218079803e-07,8.193642742071461e-08,2.611451748180116e-07,6.310510514140333e-08
351,0.0,0.0,2.869026332064095e-07,6.825204934557405e-08,0.0,0.0,3.23431549986708e-07,1.2204333188492456e-07,2.939247281119606e-07,8.401809026281626e-08,2.6444772061040567e-07,7.656267797528926e-08
352,0.0,0.0,2.646960410856991e-07,6.929464291260956e-08,0.0,0.0,2.7471492103359196e-07,1.143969825534441e-07,2.7080218956143653e-07,8.084941782726673e-08,2.512543346711027e-07,1.000127269890072e-07
353,0.0,0.0,2.95105792247341e-07,1.1074764927343494e-07,0.0,0.0,2.788282529309072e-07,1.1238149966175115e-07,2.8614229563572735e-07,8.89284521576883e-08,2.644223116021749e-07,8.544233054408323e-08
354,0.0,0.0,3.0157841024447407e-07,8.817610819278343e-08,0.0,0.0,3.272038497925678e-07,1.5826059041046392e-07,2.8908308991049125e-07,1.0574245834504836e-07,2.659446352026862e-07,9.436831049924876e-08
355,0.0,0.0,2.5799204195209313e-07,7.297985149534725e-08,0.0,0.0,2.871940694149089e-07,7.806026758316875e-08,2.7721250717149815e-07,8.635169734816373e-08,2.409590820207086e-07,6.235609362192918e-08
356,0.0,0.0,2.877662836908712e-07,9.180911320072482e-08,0.0,0.0,2.7539692837308394e-07,9.657763655468443e-08,2.8118128625465033e-07,8.025460829230724e-08,2.626288164719881e-07,6.976875965847285e-08
357,0.0,0.0,3.071960463785217e-07,9.369307463202858e-08,0.0,0.0,2.584184812803869e-07,8.529799089274093e-08,2.6228485694446135e-07,1.0308622933052902e-07,2.388067912306724e-07,5.053852802916481e-08
358,0.0,0.0,2.7452290396468015e-07,8.4112684817228e-08,0.0,0.0,2.9119527766852116e-07,9.484262619707806e-08,2.970984098737972e-07,9.098958031472648e-08,2.704222481497709e-07,6.162428434208778e-08
359,0.0,0.0,2.9924268574177404e-07,1.3012774502385582e-07,0.0,0.0,2.821474538450275e-07,1.0571263686642851e-07,2.542431047913851e-07,7.424242198794673e-08,2.6072149239553255e-07,8.059662803816536e-08
360,0.0,0.0,3.0061301004025154e-07,8.47728003350312e-08,0.0,0.0,2.90840262096026e-07,8.182707489368113e-08,2.624753108193545e-07,8.789243821638593e-08,2.649520638442482e-07,1.0095496350004396e-07
361,0.0,0.0,2.7942809310843586e-07,7.342258356857201e-08,0.0,0.0,2.6237907491122314e-07,9.869864925349248e-08,2.801885727876652e-07,9.946803203320087e-08,2.6131610297852603e-07,8.96468534961059e-08
362,0.0,0.0,2.84484201529267e-07,7.240964094989977e-08,0.0,0.0,2.9627892672579037e-07,1.2486276546042063e-07,2.5237622480744903e-07,6.548634701175615e-08,2.981606144203397e-07,1.0847129772173503e-07
363,0.0,0.0,2.7352928100299323e-07,8.17400191976958e-08,0.0,0.0,3.023222348019772e-07,1.3159466050183255e-07,2.720905172282073e-07,9.533956557561396e-08,2.417571351998049e-07,6.736694757591977e-08
364,0.0,0.0,2.7048790229855513e-07,1.0301557296088504e-07,0.0,0.0,2.9353515174079803e-07,1.2430534468421683e-07,2.7931346835430304e-07,8.923307603936337e-08,2.5331766551062174e-07,9.275824197629845e-08
365,0.0,0.0,3.022414034603571e-07,1.1467624005945254e-07,0.0,0.0,2.977577366891637e-07,9.689390623179861e-08,2.856756111668801e-07,8.482716395974421e-08,2.479597185356397e-07,7.73213457705424e-08
366,0.0,0.0,2.900248716741771e-07,9.19859033388093e-08,0.0,0.0,2.881074578908738e-07,8.738465595570233e-08,2.469254525294673e-07,9.132419620527799e-08,2.727448418227141e-07,9.84193988529114e-08
367,0.0,0.0,2.739221258707403e-07,8.893203329307653e-08,0.0,0.0,2.8335006163615617e-07,1.2820684958114725e-07,2.628081006150751e-07,8.192148470698157e-08,2.7027721216654754e-07,1.1068003402670001e-07
368,0.0,0.0,2.7018111836696335e-07,8.940044438077166e-08,0.0,0.0,2.752160241925594e-07,1.0886727608294677e-07,2.864042869532568e-07,9.27438037479078e-08,3.071042442570615e-07,1.0263024563528234e-07
369,0.0,0.0,2.842060666807811e-07,4.900681105368676e-08,0.0,0.0,2.714111815294018e-07,1.0049706133941072e-07,2.778132568437286e-07,1.053867535460995e-07,2.698508865250915e-07,1.0942891037757363e-07
370,0.0,0.0,3.1053406246428494e-07,1.0557234020325268e-07,0.0,0.0,2.7888830800293363e-07,9.537829726014024e-08,2.6705214395406074e-07,7.972089832719575e-08,2.5630100708440295e-07,8.162173514847382e-08
371,0.0,0.0,2.904111227053363e-07,1.540326621807253e-07,0.0,0.0,2.829931133874197e-07,1.0301300790160894e-07,2.754117360836972e-07,9.197606232191902e-08,2.5045744678209303e-07,8.647373306303052e-08
372,0.0,0.0,2.6405416519992286e-07,6.984296874179563e-08,0.0,0.0,3.061151971905929e-07,1.403856657589131e-07,2.885550713926932e-07,7.137495572351327e-08,2.6610848635755247e-07,7.990040984395819e-08
373,0.0,0.0,3.125744001408748e-07,1.2014547223770933e-07,0.0,0.0,2.6504571337682137e-07,1.009467283097365e-07,2.755691923539416e-07,9.190629413069473e-08,2.407954013960989e-07,6.525748830199518e-08
374,0.0,0.0,2.7970273208666185e-07,1.0398439087566658e-07,0.0,0.0,2.807699388540641e-07,9.29589845100054e-08,3.0835755637781403e-07,1.20749703569345e-07,2.415177107195632e-07,6.43535500444159e-08
375,0.0,0.0,2.9379879151747446e-07,1.1010035905201221e-07,0.0,0.0,2.957949902793189e-07,1.0581256759678581e-07,2.5767602096493647e-07,6.997157697696821e-08,2.2562531398762076e-07,6.503923088985175e-08
376,0.0,0.0,2.940717820365535e-07,7.705704518912171e-08,0.0,0.0,3.0514493687405775e-07,1.0562100527522489e-07,2.4109149876494484e-07,9.640696418955486e-08,2.85226633423008e-07,9.510827680969669e-08
377,0.0,0.0,2.694706040529127e-07,7.741100915836796e-08,0.0,0.0,2.733286237344146e-07,8.868734369116282e-08,2.6514422302170715e-07,9.776741904943265e-08,2.5659480229478504e-07,6.941876762311949e-08
378,0.0,0.0,2.955814863980777e-07,9.62366897283573e-08,0.0,0.0,2.6226848603982944e-07,1.02133277835037e-07,2.780969907689723e-07,9.270833345453866e-08,2.568147010606481e-07,8.396771988827822e-08
379,0.0,0.0,2.8346286740088544e-07,8.831062103809018e-08,0.0,0.0,2.7424684390098264e-07,6.768691918068725e-08,2.972495565245481e-07,1.1874582384052701e-07,2.4121621322592546e-07,7.607380325680424e-08
380,0.0,0.0,3.141523734484508e-07,8.614910029791645e-08,0.0,0.0,2.6029249511339003e-07,1.0618383328164782e-07,2.4429570544270973e-07,6.155388376782867e-08,2.4657484232193383e-07,6.706889621455048e-08
381,0.0,0.0,2.8954553954463336e-07,9.271057876958366e-08,0.0,0.0,2.6765238203552144e-07,8.79936479236676e-08,2.695485079584614e-07,9.446814885905042e-08,2.9644621690749773e-07,1.0259616090024792e-07
382,0.0,0.0,2.8045002409271547e-07,7.556219827620225e-08,0.0,0.0,2.6766829819280247e-07,1.0106612791105363e-07,2.641565401972912e-07,1.0214375834038947e-07,2.678657438082155e-07,1.0186818855117963e-07
383,0.0,0.0,2.7049784989685577e-07,8.037372367653006e-08,0.0,0.0,2.657302218267432e-07,9.6575462293913e-08,2.689478151296498e-07,7.145192881807816e-08,2.4107637841552787e-07,8.44186445192463e-08
384,0.0,0.0,3.014462777173321e-07,1.6112046807847946e-07,0.0,0.0,2.530128710986901e-07,1.0772014036319888e-07,2.688470885914285e-07,7.201530394240763e-08,2.6436936195750604e-07,1.2509421765116713e-07
385,0.0,0.0,2.81204904695187e-07,6.55025118589947e-08,0.0,0.0,2.546157134020177e-07,8.384360228319565e-08,3.0032595077500446e-07,8.536383688806382e-08,2.4364629780393443e-07,7.525060397028938e-08
386,0.0,0.0,2.664129112872615e-07,7.829673620562971e-08,0.0,0.0,2.7338421659806045e-07,1.308260237919967e-07,2.6537276198723703e-07,9.877425100057735e-08,2.443347284497577e-07,8.074231061527826e-08
387,0.0,0.0,2.7430161253505503e-07,8.354699332357995e-08,0.0,0.0,2.6038850364784594e-07,8.194814427042729e-08,2.6659324703359744e-07,8.328473910523826e-08,2.6781805217979127e-07,9.842621295774734e-08
388,0.0,0.0,2.8944651830897783e-07,9.362402408896742e-08,0.0,0.0,2.6731191837825463e-07,9.535572331742515e-08,2.6348590154157137e-07,9.070848250303243e-08,2.672259995506465e-07,8.41021616793114e-08
389,0.0,0.0,2.66635481693811e-07,8.01468402755745e-08,0.0,0.0,2.7802531121778884e-07,1.1031256974547432e-07,2.757311960976949e-07,9.428755021190227e-08,2.780662384793686e-07,1.250069772140705e-07
390,0.0,0.0,2.457500443142635e-07,5.4870717747235176e-08,0.0,0.0,2.659208178101835e-07,8.771086612568979e-08,2.671077083959972e-07,8.740924073435963e-08,2.6344568482272734e-07,8.334266254905742e-08
391,0.0,0.0,3.0501922765324707e-07,1.6460458596156968e-07,0.0,0.0,2.6289509946764156e-07,1.0890232715610182e-07,2.719610279200424e-07,1.0396648519872542e-07,2.3032876583783946e-07,5.567294891761776e-08
392,0.0,0.0,2.5241243406526337e-07,6.276858499631999e-08,0.0,0.0,2.74245678610896e-07,1.3104062190905097e-07,2.8818251962547947e-07,7.875708973870132e-08,2.6717347623161913e-07,8.385774918906463e-08
393,0.0,0.0,2.831944243553153e-07,9.540067225088933e-08,0.0,0.0,2.696000080959493e-07,9.496540798181741e-08,2.6184261514572427e-07,7.393144585421396e-08,2.669777927621908e-07,8.133174134172805e-08
394,0.0,0.0,3.212917931705306e-07,1.749633184999766e-07,0.0,0.0,2.7879428898813785e-07,9.055704452975988e-08,2.6908747940979083e-07,8.529848827265596e-08,2.3950150307427975e-07,6.837331767428623e-08
395,0.0,0.0,2.7667584845403326e-07,9.875968487449427e-08,0.0,0.0,2.5155455318781605e-07,8.156443698226212e-08,2.740005697887682e-07,1.0293095442648337e-07,2.6228926230942307e-07,6.840156174803269e-08
396,0.0,0.0,2.9867490525248286e-07,8.722592070853352e-08,0.0,0.0,2.595837713670335e-07,9.067229456150017e-08,2.6834862865143805e-07,7.351863473559206e-08,2.3241625513037434e-07,7.115500011423137e-08
397,0.0,0.0,3.034567441773106e-07,1.1323681547992237e-07,0.0,0.0,2.8788250006073213e-07,1.0906174452429696e-07,2.746173493051174e-07,8.715969102013332e-08,2.480456089415384e-07,6.030106902699117e-08
398,0.0,0.0,2.8792152306778007e-07,7.795156165002481e-08,0.0,0.0,2.472756364113593e-07,8.189467592956134e-08,2.9866845352444216e-07,1.3676563526132668e-07,2.5802927439144696e-07,8.06411648568428e-08
399,0.0,0.0,3.1582524684381497e-07,9.42738864750936e-08,0.0,0.0,2.6767875738187286e-07,9.043885285109354e-08,2.935982479357335e-07,1.1317018078216279e-07,2.3613115729403944e-07,5.5769167062180713e-08
400,0.0,0.0,3.0038887643968337e-07,7.778520938472866e-08,0.0,0.0,2.701063692711614e-07,1.0664665950343988e-07,2.7440370331532904e-07,1.0604767197719411e-07,2.5937134751075064e-07,9.188166671947329e-08
401,0.0,0.0,3.02669633356345e-07,9.156487124073465e-08,0.0,0.0,2.614775098663813e-07,1.1990559301011672e-07,2.4231403017438424e-07,8.780151716791806e-08,2.964561076623795e-07,1.372568050328482e-07
402,0.0,0.0,2.9950743396511825e-07,1.5011735854386643e-07,0.0,0.0,2.692896430289693e-07,1.2026671925013943e-07,2.757738855052594e-07,8.016543517896935e-08,2.4782889340713155e-07,7.47210648910368e-08
403,0.0,0.0,2.8243749738976476e-07,8.322092526213964e-08,0.0,0.0,2.6992898938260623e-07,9.820608681820886e-08,2.6186029344899e-07,9.697698999389104e-08,2.707948851821129e-07,1.048255953151056e-07
404,0.0,0.0,2.7501712906996545e-07,7.434928761540505e-08,0.0,0.0,2.745139511262096e-07,8.866101808280291e-08,2.7728953000405454e-07,1.2642841795695858e-07,2.618158418954408e-07,7.871697249584031e-08
405,0.0,0.0,2.784821049317543e-07,8.8704474876522e-08,0.0,0.0,2.9189925498940283e-07,1.491708445655604e-07,2.6202647518402955e-07,7.93590260173005e-08,2.3977230512173264e-07,7.5170561331106e-08
406,0.0,0.0,2.9255448907861137e-07,6.202173352676255e-08,0.0,0.0,2.9612493790409644e-07,1.0397877048262671e-07,2.487185213340126e-07,1.314455175815965e-07,2.4038928359004785e-07,7.587781425399953e-08
407,0.0,0.0,2.833812402514013e-07,9.521399846335044e-08,0.0,0.0,2.5610759735172905e-07,9.16550391139026e-08,2.8170515520287154e-07,1.0522397531076422e-07,2.4206835291806783e-07,7.299279047856544e-08
408,0.0,0.0,3.018367067397776e-07,1.354519696405987e-07,0.0,0.0,2.5523317503939325e-07,1.2411324235017673e-07,3.0237811188271735e-07,1.298952270190057e-07,2.4013044708226516e-07,8.266136575230121e-08
409,0.0,0.0,2.7990154194412753e-07,7.401054347155878e-08,0.0,0.0,2.53315306508739e-07,8.517140059893791e-08,2.6369079364485515e-07,7.766013254695281e-08,2.565006127497327e-07,7.295805914964149e-08
410,0.0,0.0,2.798820730731677e-07,7.228244669477135e-08,0.0,0.0,2.421877809410944e-07,9.849687643281868e-08,2.441630329030886e-07,6.735731972185022e-08,2.538292278586596e-07,8.934576101182756e-08
411,0.0,0.0,3.005150119861355e-07,7.910846022696205e-08,0.0,0.0,2.8549729336191376e-07,1.160865394922439e-07,2.806739587413176e-07,1.2679072369792266e-07,2.592906298559683e-07,8.392727579575876e-08
412,0.0,0.0,2.7656420797939063e-07,1.0975637820820339e-07,0.0,0.0,2.758821437964798e-07,7.668482027156642e-08,2.57229658018332e-07,9.2217220526436e-08,2.439662409869925e-07,6.199699953413074e-08
413,0.0,0.0,2.566909529377881e-07,6.339571712032921e-08,0.0,0.0,2.50698803938576e-07,6.285966946961707e-08,2.6843184741665027e-07,1.1195329108204533e-07,2.3848639330026344e-07,6.937849406085661e-08
414,0.0,0.0,2.5593129748813226e-07,4.6605819647993485e-08,0.0,0.0,2.7058871410190477e-07,9.028350689277431e-08,2.8092452453165606e-07,9.555390789728335e-08,2.573749497969402e-07,9.626537433859994e-08
415,0.0,0.0,2.8336035029497e-07,8.085848435257503e-08,0.0,0.0,2.2800099941377994e-07,7.061105122829758e-08,2.8227651682755095e-07,7.646314514886399e-08,2.586127152426343e-07,9.542796419736987e-08
416,0.0,0.0,3.068587375310017e-07,7.469022733630482e-08,0.0,0.0,2.732316204401286e-07,7.648468880461223e-08,2.8328881285233365e-07,1.254898052138742e-07,2.3183667963166954e-07,6.014261799691667e-08
417,0.0,0.0,2.8626598691516847e-07,7.406255519981642e-08,0.0,0.0,2.8688376119134773e-07,9.586715776777055e-08,2.854722538359056e-07,1.466808186023627e-07,2.6331483127250976e-07,7.117263578493294e-08
418,0.0,0.0,3.182904322329705e-07,1.3227266038029484e-07,0.0,0.0,2.5461525865466683e-07,9.100052267285719e-08,2.71371902726969e-07,1.0501814529106923e-07,2.4963043188108713e-07,8.952113716986787e-08
419,0.0,0.0,3.0715833077010757e-07,9.95873463693897e-08,0.0,0.0,2.593371846160153e-07,1.0149455675900754e-07,2.629653579333535e-07,9.469602701983604e-08,2.4209305138356285e-07,5.11623809984485e-08
420,0.0,0.0,2.9148486646590754e-07,1.0677263162506279e-07,0.0,0.0,2.4994014324875025e-07,7.694910664213239e-08,2.68795417923684e-07,1.1179277237260976e-07,2.3603756460488512e-07,6.432505728071192e-08
421,0.0,0.0,2.6475592562746897e-07,7.502087129296342e-08,0.0,0.0,2.437404873489868e-07,7.967942394770944e-08,2.775172163183015e-07,8.592687805730748e-08,2.698582761695434e-07,6.122422746557277e-08
422,0.0,0.0,2.655522166605806e-07,7.439809479592441e-08,0.0,0.0,2.767775981737941e-07,1.0047857301742624e-07,3.1394955612995545e-07,1.5232302530421293e-07,2.2836100299628015e-07,6.187703860405236e-08
423,0.0,0.0,2.7010455028175784e-07,7.436611326738785e-08,0.0,0.0,2.7151108383804967e-07,1.1621109052839529e-07,2.537627779020113e-07,8.57873772019957e-08,2.560367988735379e-07,8.275160467974274e-08
424,0.0,0.0,2.7021906134905294e-07,1.1371249541980433e-07,0.0,0.0,2.6967083499584987e-07,9.54462109348242e-08,2.606979592201242e-07,7.776107224799489e-08,2.7950079584115883e-07,1.087326850779391e-07
425,0.0,0.0,3.018691643319471e-07,9.382996069007277e-08,0.0,0.0,2.6469905378689873e-07,7.210817187797147e-08,2.6733212621365965e-07,1.0953630180665641e-07,2.502348479538341e-07,1.0772790659530074e-07
426,0.0,0.0,2.9114769972693466e-07,1.0052237797708585e-07,0.0,0.0,2.6509559347687173e-07,6.330523660835752e-08,2.9585845595647697e-07,1.1833844126840631e-07,2.604115820759034e-07,7.943944524413382e-08
427,0.0,0.0,2.9747499752375006e-07,6.493842619192947e-08,0.0,0.0,2.439480226712476e-07,7.823539505125154e-08,2.685260938051215e-07,9.260350708473197e-08,2.417716871150333e-07,6.995892221084432e-08
428,0.0,0.0,3.1845436865296506e-07,1.21974949252035e-07,0.0,0.0,2.7367175903236785e-07,9.608184825538046e-08,2.5555476668159827e-07,1.3223474581991468e-07,2.551329032485228e-07,9.402741341091314e-08
429,0.0,0.0,2.989152108057169e-07,1.0890822466080863e-07,0.0,0.0,2.51670769557677e-07,7.558152503861493e-08,2.6186222612523125e-07,9.672723422227136e-08,2.5516334289932274e-07,7.917046218608448e-08
430,0.0,0.0,3.0276595452960464e-07,1.0529682015203434e-07,0.0,0.0,2.6361851723777363e-07,1.0412918527435977e-07,2.4534384124308417e-07,7.328036133458227e-08,2.608989859709254e-07,9.485090401994967e-08
431,0.0,0.0,2.483274670339597e-07,7.877467567141139e-08,0.0,0.0,2.884023047045048e-07,1.287121449422557e-07,2.6470766556485614e-07,8.501753256950906e-08,2.399665959273989e-07,7.600911544614064e-08
432,0.0,0.0,2.730203618739324e-07,8.467272749612675e-08,0.0,0.0,2.67295632738751e-07,1.0624905399936324e-07,2.538262720008788e-07,1.3346915750389599e-07,2.6203545644420956e-07,9.735672534816331e-08
433,0.0,0.0,2.886894776565896e-07,1.0393589633395095e-07,0.0,0.0,2.4999530978675466e-07,6.659551132770503e-08,2.855589400496683e-07,1.1120919651830263e-07,2.5892509825098387e-07,9.401188805213678e-08
434,0.0,0.0,2.680079660422052e-07,4.613967163891175e-08,0.0,0.0,2.5386856350451126e-07,7.247845701385813e-08,2.898570414799906e-07,1.3809318488711142e-07,2.563431849011977e-07,8.02259236820646e-08
435,0.0,0.0,2.704846906453895e-07,8.72782948135864e-08,0.0,0.0,2.4784264951449586e-07,8.210743374092999e-08,2.6804789854395494e-07,7.333746054882795e-08,2.4032394208006735e-07,8.032741050101322e-08
436,0.0,0.0,2.848907456609595e-07,6.720437539797786e-08,0.0,0.0,2.674772474620113e-07,9.115610311027922e-08,2.3543466909359267e-07,5.959950755141108e-08,2.618848213842284e-07,9.102199527433186e-08
437,0.0,0.0,2.8514543259916536e-07,6.786377326761794e-08,0.0,0.0,2.5117154223153193e-07,9.146587842678855e-08,2.8098537541154656e-07,1.0926894589147196e-07,2.886585264150199e-07,1.0344724898914137e-07
438,0.0,0.0,3.155765284645895e-07,8.341515922438703e-08,0.0,0.0,2.5028535333149193e-07,1.1300718227857942e-07,2.6587596835270233e-07,8.482263069709006e-08,2.3501866053265985e-07,7.148916836285935e-08
439,0.0,0.0,2.8677601449089707e-07,7.52362723233091e-08,0.0,0.0,2.8004112095914024e-07,1.0933239025234798e-07,2.880387626191805e-07,1.579322770339786e-07,2.480755370015686e-07,8.904091686190441e-08
440,0.0,0.0,2.6770297267830756e-07,7.309943583777567e-08,0.0,0.0,2.436196098187793e-07,1.225812553684591e-07,2.8814761776629894e-07,1.5927827234918368e-07,2.6388971718915855e-07,5.909865308240114e-08
441,0.0,0.0,3.059693938212149e-07,8.663626971383565e-08,0.0,0.0,2.7881094410986407e-07,1.1283901102387972e-07,2.7676080094352074e-07,1.1175105640859329e-07,2.656801143530174e-07,8.519140948237691e-08
442,0.0,0.0,3.021772556621727e-07,7.77038238197747e-08,0.0,0.0,2.651011925536295e-07,1.2009398631107615e-07,2.654232389431854e-07,1.4869495146285772e-07,2.445624716074235e-07,7.416532810111676e-08
443,0.0,0.0,2.7155732595929294e-07,1.0115212489836267e-07,0.0,0.0,2.608247484658932e-07,1.4037320283932786e-07,2.493271722414647e-07,1.004231435786096e-07,2.601871926799504e-07,9.343857243493403e-08
444,0.0,0.0,2.810048442825064e-07,1.0412836815021365e-07,0.0,0.0,2.3817287342353666e-07,7.691945569376912e-08,2.560171594723215e-07,9.457846772420453e-08,2.3885004907242546e-07,7.284427994136422e-08
445,0.0,0.0,2.8132396323599096e-07,7.022305936743578e-08,0.0,0.0,2.405952841399994e-07,8.315325317198585e-08,2.5851153395706206e-07,9.700929837208605e-08,2.719673091178265e-07,7.467873786026757e-08
446,0.0,0.0,3.108449391220347e-07,1.0233389247105151e-07,0.0,0.0,2.4883874516490323e-07,1.1311752246001561e-07,2.1860962817754626e-07,5.940425751305156e-08,2.6994320023732143e-07,1.0056790955559336e-07
447,0.0,0.0,2.829856953212584e-07,8.386400907056668e-08,0.0,0.0,2.257982032460859e-07,8.480790114617776e-08,2.864275643332803e-07,1.256379533742802e-07,2.593584156329598e-07,1.0969817765271728e-07
448,0.0,0.0,2.7956389203609433e-07,1.075271640615938e-07,0.0,0.0,2.859199526028533e-07,9.558845448509601e-08,2.544223605127627e-07,1.1344867800744396e-07,2.704869643821439e-07,9.152795854561191e-08
449,0.0,0.0,2.9674566803805646e-07,1.1740930005998962e-07,0.0,0.0,2.631289248711255e-07,8.92134295327196e-08,2.6343931835981493e-07,1.0950518003483012e-07,2.4082387994894816e-07,7.371419030732795e-08
450,0.0,0.0,2.868152932933299e-07,7.476280927676271e-08,0.0,0.0,2.613039953303087e-07,1.1513581910094217e-07,2.973932282657188e-07,1.7019786469063547e-07,2.64818396544797e-07,1.498673611877166e-07
451,0.0,0.0,3.1881742756922904e-07,1.471317574441855e-07,0.0,0.0,2.3776651403295546e-07,9.175261794780454e-08,2.708567592435429e-07,1.2638612645332614e-07,2.6137462327824323e-07,5.397323477041027e-08
452,0.0,0.0,3.0128111916383205e-07,7.181632355468537e-08,0.0,0.0,2.621471821839805e-07,1.0405783257283474e-07,2.2917716080428363e-07,8.406222917756168e-08,2.336598754482111e-07,4.9114696309970896e-08
453,0.0,0.0,2.632415032621793e-07,6.147893572006069e-08,0.0,0.0,2.3672195936796925e-07,9.243490950439082e-08,2.668755030299508e-07,9.165174930103603e-08,2.723405430060666e-07,1.0823137586157827e-07
454,0.0,0.0,2.80252550055593e-07,8.313022448191987e-08,0.0,0.0,2.2288531908998266e-07,5.8711091099894475e-08,2.283109523659732e-07,6.22685263351741e-08,2.450406952902995e-07,8.24444796876378e-08
455,0.0,0.0,2.9872995810364955e-07,9.633264852482171e-08,0.0,0.0,2.4614820404167403e-07,9.9902088379622e-08,2.60276181052177e-07,1.0033777897433538e-07,2.616907295305282e-07,1.0706202857591052e-07
456,0.0,0.0,2.77819822258607e-07,1.2891517542357178e-07,0.0,0.0,2.7976085448244703e-07,1.4274868931352103e-07,2.817168933688663e-07,9.595011363217054e-08,2.6299426281184424e-07,9.888604779462185e-08
457,0.0,0.0,2.698398589018325e-07,6.61030341575497e-08,0.0,0.0,2.887285575070564e-07,9.482815244155063e-08,2.5677158532744215e-07,1.130190341314119e-07,2.644999028689199e-07,6.012856346160333e-08
458,0.0,0.0,2.7002613478543935e-07,6.269695518312801e-08,0.0,0.0,2.5540637693666213e-07,8.756587277503058e-08,2.9071617291265284e-07,1.5481317916510307e-07,2.3767640300320636e-07,7.964697346096727e-08
459,0.0,0.0,2.8622744707718084e-07,1.1803828670053917e-07,0.0,0.0,2.708153488129028e-07,9.124780575575642e-08,2.576647375462926e-07,8.29426909376707e-08,2.423008140794991e-07,7.384365119378344e-08
460,0.0,0.0,2.7911144684367173e-07,8.730865630468543e-08,0.0,0.0,2.3973939278221224e-07,8.052494848698188e-08,2.552985733927926e-07,1.0773597125535161e-07,2.460231769418897e-07,6.797731799679241e-08
461,0.0,0.0,2.798088019062561e-07,8.268829532198652e-08,0.0,0.0,2.4235583850895637e-07,6.962362419926649e-08,2.4301260737047414e-07,7.959629755305286e-08,2.4803512133075856e-07,7.15633987624642e-08
462,0.0,0.0,2.9143450319679687e-07,8.684610008913296e-08,0.0,0.0,2.485875256752479e-07,9.9011508325475e-08,2.681457260678144e-07,1.0504758307661177e-07,2.522490660794574e-07,9.381846410860817e-08
463,0.0,0.0,2.952038471448759e-07,8.75167174285707e-08,0.0,0.0,2.661741405063367e-07,9.094161157463532e-08,2.722700571666792e-07,1.1525766296927031e-07,2.432955454878538e-07,9.30098948970226e-08
464,0.0,0.0,3.233869847463211e-07,1.2136612781432632e-07,0.0,0.0,2.653259230100957e-07,1.2582243869019294e-07,2.755269008503092e-07,1.139059762067518e-07,2.3661837644795014e-07,8.326840372774313e-08
465,0.0,0.0,2.815898483277124e-07,9.764196562400684e-08,0.0,0.0,2.2360481466421334e-07,7.716295158388675e-08,2.633725557643629e-07,7.028202020364915e-08,2.5064190367629635e-07,8.56379571700927e-08
466,0.0,0.0,2.757157631094742e-07,8.096025538861795e-08,0.0,0.0,2.7048724859923823e-07,8.979086629778976e-08,2.3596143705617578e-07,7.433902737830067e-08,2.5915477408489096e-07,9.211039042611446e-08
467,0.0,0.0,2.3702079943177523e-07,9.694000624449473e-08,0.0,0.0,2.461859480717976e-07,9.314910442981272e-08,2.6290109644833137e-07,1.1826760726307839e-07,2.4992445446514466e-07,8.833331577307035e-08
468,0.0,0.0,2.915879235843022e-07,9.521578903104455e-08,0.0,0.0,2.475916858202254e-07,8.865095679766455e-08,2.671307299806358e-07,9.931985545108546e-08,2.2126350529561023e-07,6.823977116710012e-08
469,0.0,0.0,2.95461916266504e-07,9.060946837280426e-08,0.0,0.0,2.5504809286758245e-07,9.580484316984439e-08,2.7552331971492094e-07,1.1911142649978501e-07,2.5361390498801484e-07,6.900197746517733e-08
470,0.0,0.0,2.87262025722157e-07,1.1754249129580785e-07,0.0,0.0,2.508863303773978e-07,6.892666704061412e-08,2.5901363187585957e-07,1.129071875993759e-07,2.1419296558633505e-07,5.993373974888527e-08
471,0.0,0.0,2.786935624499165e-07,9.520501009774307e-08,0.0,0.0,2.2991980586084537e-07,5.7516402307555836e-08,2.8070286361980834e-07,1.4106655044088257e-07,2.44164311880013e-07,6.236682281723915e-08
472,0.0,0.0,2.806591510307044e-07,8.877920976146925e-08,0.0,0.0,2.2677848221519525e-07,7.398825374593798e-08,2.4639498974465823e-07,1.0335731559507622e-07,2.96443658953649e-07,1.6220208465256292e-07
473,0.0,0.0,2.7607586616795743e-07,8.893155012401621e-08,0.0,0.0,2.3260153625415114e-07,9.128702060934302e-08,2.7702247962224646e-07,1.1447335879211096e-07,2.5127889102805057e-07,6.558308029980253e-08
474,0.0,0.0,2.808852173075138e-07,8.875165491417647e-08,0.0,0.0,2.353204564542466e-07,5.3664695798261164e-08,2.508710679194337e-07,1.037878760712374e-07,2.2208055838746077e-07,5.012101667034585e-08
475,0.0,0.0,2.785271533412015e-07,8.945403351390269e-08,0.0,0.0,2.3487504563490802e-07,4.66510314822699e-08,2.4271420784316433e-07,9.81564411972613e-08,2.573081872014882e-07,7.605149221490137e-08
476,0.0,0.0,2.947448649592843e-07,1.1934595534057735e-07,0.0,0.0,2.3786165570527373e-07,8.652803984432467e-08,2.762621420515643e-07,1.3581845337284904e-07,2.647980181791354e-07,9.90881616758088e-08
477,0.0,0.0,2.5665443104117003e-07,7.646865896049349e-08,0.0,0.0,2.3733386456115113e-07,7.854499273207693e-08,2.7101589239464374e-07,1.2859163689427078e-07,2.7405297942095785e-07,9.161148994962787e-08
478,0.0,0.0,2.6827476062862843e-07,9.361693997789189e-08,0.0,0.0,2.475023279657762e-07,1.209201201390897e-07,2.3304376384203351e-07,1.1210612882450732e-07,2.6388653395770234e-07,1.324499692145764e-07
479,0.0,0.0,2.786726156500663e-07,1.0120023574700099e-07,0.0,0.0,2.620186592139362e-07,1.0217515011845535e-07,2.603320012894983e-07,9.192029892801656e-08,2.3727181996946456e-07,4.368858697034739e-08
480,0.0,0.0,2.4744349502725527e-07,8.521295313812516e-08,0.0,0.0,2.3688562578172423e-07,6.872034674643146e-08,2.440721402763302e-07,7.052891248804372e-08,2.4994409386636107e-07,8.093158498923003e-08
481,0.0,0.0,3.0168214948389505e-07,6.926398299356151e-08,0.0,0.0,2.479442287040001e-07,9.874740669602033e-08,2.346223482163623e-07,8.108037974352555e-08,2.6045546519526397e-07,9.533388833915524e-08
482,0.0,0.0,2.653606827607291e-07,6.397493734766613e-08,0.0,0.0,2.2326605630951235e-07,9.626505459436885e-08,2.582189608801855e-07,1.1418023859732784e-07,2.4078059368548566e-07,8.346359692268379e-08
483,0.0,0.0,2.9228448283902253e-07,7.614105612674393e-08,0.0,0.0,2.2771428120904602e-07,6.913740691061321e-08,2.492469661774521e-07,9.915739695998127e-08,2.717303004828864e-07,1.523829240568375e-07
484,0.0,0.0,2.8139061214460526e-07,8.54211208434208e-08,0.0,0.0,2.5340733600387466e-07,1.0326607480237726e-07,2.5670979653114046e-07,9.156521940667517e-08,2.706356667658838e-07,9.720218230313549e-08
485,0.0,0.0,2.761225061931327e-07,1.0003515882317515e-07,0.0,0.0,2.4915752305787464e-07,1.032403105227786e-07,2.441832123167842e-07,1.1537444777331984e-07,2.5522646751596767e-07,1.0292508534348599e-07
486,0.0,0.0,2.6442060629960906e-07,6.264372842679222e-08,0.0,0.0,2.298425272329041e-07,7.621027720006168e-08,2.6873422598328034e-07,1.1763930274355516e-07,2.4911713580877404e-07,6.50668070534266e-08
487,0.0,0.0,3.163989674703771e-07,9.983441628946821e-08,0.0,0.0,2.389456312812399e-07,8.503878490273564e-08,2.7601819851952314e-07,1.1325148818741582e-07,2.2516255171467492e-07,5.323633445186715e-08
488,0.0,0.0,3.063256315272156e-07,9.544898205149366e-08,0.0,0.0,2.268313465947358e-07,9.505524900532691e-08,2.5370675871272397e-07,9.050300775470532e-08,2.4471327719766123e-07,7.396316448193829e-08
489,0.0,0.0,2.6055025159621437e-07,7.659415501848343e-08,0.0,0.0,2.4685138555469166e-07,7.642839960908532e-08,2.488307870862627e-07,1.2623570455616573e-07,2.7131417823511583e-07,7.766321630242601e-08
490,0.0,0.0,2.600436914690363e-07,9.028606484662305e-08,0.0,0.0,2.3811362837022898e-07,7.599053475360051e-08,2.4769605033725384e-07,1.0775637804272264e-07,2.2754610995434632e-07,9.739192563529286e-08
491,0.0,0.0,3.209139833870722e-07,8.982957666603397e-08,0.0,0.0,2.2969747703882604e-07,9.742643669596873e-08,2.612290472825407e-07,1.008866661322827e-07,2.734002464421792e-07,7.872996121705e-08
492,0.0,0.0,2.7298759164295916e-07,8.141073948308986e-08,0.0,0.0,2.6771016337079345e-07,1.1769151342377882e-07,2.415526694221626e-07,1.1555032841670254e-07,2.459414076838584e-07,8.09732014772635e-08
493,0.0,0.0,2.555549087901454e-07,7.428631931816199e-08,0.0,0.0,2.4041142410169414e-07,8.962557984659725e-08,2.704900339267624e-07,8.007703655721343e-08,2.437458022086503e-07,6.927631091002695e-08
494,0.0,0.0,3.052556678539986e-07,9.912400145140055e-08,0.0,0.0,2.385887967193412e-07,7.801643420179971e-08,2.580949285402312e-07,1.0272144379541714e-07,2.4975011569949856e-07,7.941686419599137e-08
495,0.0,0.0,2.6816130116458226e-07,8.546682295218488e-08,0.0,0.0,2.207032423484634e-07,6.438306598965937e-08,2.862733197162015e-07,1.1339989924863403e-07,2.4138427079378744e-07,5.967221738956141e-08
496,0.0,0.0,2.744285438893712e-07,7.939662083344956e-08,0.0,0.0,2.711377362629719e-07,1.0561294061517401e-07,2.7278539960207127e-07,1.3298594581101497e-07,2.414059281363734e-07,8.229230985534741e-08
497,0.0,0.0,2.5982473061958444e-07,6.128973240038249e-08,0.0,0.0,2.2389824039237283e-07,8.455500477566602e-08,2.6364247673882346e-07,9.326624450523013e-08,2.449244220770197e-07,5.099663624719142e-08
498,0.0,0.0,2.9161424208723474e-07,1.0667106664641324e-07,0.0,0.0,2.3456502162844117e-07,8.820165220413401e-08,2.645064398620889e-07,1.1351510664781017e-07,2.608194904496486e-07,1.127632671682477e-07
499,0.0,0.0,2.651161139510805e-07,7.566841730977103e-08,0.0,0.0,2.2008866551459505e-07,8.641413984378232e-08,2.611846525724104e-07,8.388666827841007e-08,2.6479301595827565e-07,9.567875736138376e-08
500,0.0,0.0,2.904071152443066e-07,7.882930930236398e-08,0.0,0.0,2.3353941003279033e-07,8.522527394916324e-08,2.651117370078282e-07,1.141430416851108e-07,2.878726377275598e-07,1.6448764483811829e-07
501,0.0,0.0,2.8737193247252435e-07,1.1044478753774456e-07,0.0,0.0,2.186081644595106e-07,8.98290863915463e-08,2.8828597464780614e-07,1.4509747359170433e-07,2.9271180324030865e-07,9.000599732189585e-08
502,0.0,0.0,2.767733064956701e-07,6.31721448485223e-08,0.0,0.0,2.3811912797100376e-07,6.863184864869254e-08,2.8769062510036747e-07,1.2775184643487592e-07,2.4888623784136144e-07,1.0046454690382234e-07
503,0.0,0.0,2.787762980460684e-07,1.0793444005230413e-07,0.0,0.0,2.3446804675586463e-07,9.488258712053721e-08,2.469816422490112e-07,9.061447059366401e-08,2.6927671115117846e-07,9.561514247025116e-08
504,0.0,0.0,2.61295895143121e-07,8.553475794315091e-08,0.0,0.0,2.1832200047811057e-07,7.345965258309661e-08,2.452496516980318e-07,9.859100202902482e-08,2.7093258836430323e-07,9.716020343830678e-08
505,0.0,0.0,2.7046033324040764e-07,6.787790596263221e-08,0.0,0.0,2.638786611441901e-07,1.2614346189820935e-07,2.314341998044256e-07,8.972269682772094e-08,2.6609632186591625e-07,9.069830042562899e-08
506,0.0,0.0,2.598575008505577e-07,7.283980352212893e-08,0.0,0.0,2.426920104880992e-07,1.0302791508820519e-07,2.586897664969001e-07,9.849501481085099e-08,2.3824972572583647e-07,5.6301132644875906e-08
507,0.0,0.0,2.5906305722855905e-07,9.234193498741661e-08,0.0,0.0,2.3543732652342442e-07,8.094114889445336e-08,2.749467853391252e-07,1.2463117116112699e-07,2.587250946817221e-07,1.451821276532428e-07
508,0.0,0.0,2.626472053179896e-07,1.0499540081809755e-07,0.0,0.0,2.17478103081703e-07,8.0203200525375e-08,3.004919051363686e-07,1.475398079264778e-07,2.5686392746138154e-07,1.2325679676905565e-07
509,0.0,0.0,2.60901401816227e-07,9.658693755909553e-08,0.0,0.0,2.3941271365401917e-07,9.653261656694667e-08,2.4844831614245777e-07,9.794354838277286e-08,2.7435390848040697e-07,1.1975643587902596e-07
510,0.0,0.0,2.5958394189729006e-07,9.528278610559937e-08,0.0,0.0,2.4719071234358125e-07,1.2111844682749506e-07,2.5100376888076426e-07,1.1434173785573876e-07,2.4606987381048384e-07,7.985259031784153e-08
511,0.0,0.0,2.9055726713522745e-07,1.0655114124347165e-07,0.0,0.0,2.5593539021429024e-07,1.0754648371857911e-07,2.638805085553031e-07,1.1687413348226983e-07,2.725162175920559e-07,9.956696800372811e-08
512,0.0,0.0,2.7742544261855073e-07,1.0238236569648507e-07,0.0,0.0,2.3429109319295094e-07,1.0450632004221916e-07,2.270763559408806e-07,9.492603680882894e-08,2.725386423207965e-07,8.764396852711798e-08
513,0.0,0.0,2.9573786264336377e-07,9.124330802023906e-08,0.0,0.0,2.284047013745294e-07,9.612622164922868e-08,2.449151850214548e-07,1.1136307165315884e-07,2.638618923356262e-07,7.688050374099475e-08
514,0.0,0.0,2.7490665388540947e-07,6.913681716014253e-08,0.0,0.0,2.1771998603981046e-07,7.773400767518979e-08,2.3988823727449926e-07,7.88935068385399e-08,2.1858363652427215e-07,7.653006406371787e-08
515,0.0,0.0,2.6271430897395476e-07,8.539984008848478e-08,0.0,0.0,2.722831595747266e-07,9.977429016316819e-08,2.5490246002846106e-07,1.141330869813828e-07,2.6062494384859747e-07,8.718419053366233e-08
516,0.0,0.0,2.3552290429051936e-07,7.613286356900062e-08,0.0,0.0,2.2757009787710558e-07,7.878500696278934e-08,2.4864272063496173e-07,8.861390909942202e-08,2.3863111664468306e-07,7.252140221680747e-08
517,0.0,0.0,2.48093130039706e-07,9.631260411424591e-08,0.0,0.0,2.1728696708578354e-07,7.30020985884039e-08,2.6313580292480765e-07,9.452836025047873e-08,2.851120086688752e-07,9.889973995313994e-08
518,0.0,0.0,2.70301939053752e-07,8.673429618966111e-08,0.0,0.0,2.452764533700247e-07,9.810271706101048e-08,2.3158186479577125e-07,8.033043741306756e-08,2.2341161809436016e-07,6.590899914726833e-08
519,0.0,0.0,2.8085702297175885e-07,1.0489273449820757e-07,0.0,0.0,2.7584405870584305e-07,1.2451680220237904e-07,2.5963112193494453e-07,1.002982585873724e-07,2.238053866676637e-07,6.760168247410547e-08
520,0.0,0.0,2.611055549550656e-07,9.803525813367742e-08,0.0,0.0,2.2605074434522976e-07,9.61178727720835e-08,2.3808874516362266e-07,8.276864349454627e-08,2.670151957318012e-07,1.0307125819508656e-07
521,0.0,0.0,2.652145667525474e-07,6.235576677227073e-08,0.0,0.0,2.407945771665254e-07,9.66275308655895e-08,2.4883902938199753e-07,1.0042988662917196e-07,2.3588036413002555e-07,1.2199940613299987e-07
522,0.0,0.0,2.6158068067161366e-07,7.207633245798206e-08,0.0,0.0,2.1846892650501104e-07,7.181004235690125e-08,2.6921549078906537e-07,9.583006743696387e-08,2.684064384084195e-07,5.925054580302458e-08
523,0.0,0.0,2.662548297394096e-07,7.634748300233696e-08,0.0,0.0,2.6262316055181145e-07,6.781664296795498e-08,2.376515766400189e-07,6.620464887419075e-08,2.5161307348753326e-07,8.53824246860313e-08
524,0.0,0.0,2.6154665988542547e-07,8.397357476042089e-08,0.0,0.0,2.3949982619342336e-07,9.358995356478772e-08,2.45188317649081e-07,8.514705740481077e-08,2.454709999710758e-07,7.627674847299204e-08
525,0.0,0.0,2.9129259360161086e-07,1.076886988471415e-07,0.0,0.0,2.4070010340437875e-07,7.375535204801054e-08,2.2100198293628637e-07,8.730633282993949e-08,2.7664273716254684e-07,1.3279307609082025e-07
526,0.0,0.0,2.5388351332367165e-07,1.1942552191612776e-07,0.0,0.0,2.2381505004887003e-07,6.900569360368536e-08,2.2712838187999296e-07,6.380901851343879e-08,2.448318809911143e-07,7.132554458166851e-08
527,0.0,0.0,2.516073323022283e-07,7.300067039750502e-08,0.0,0.0,2.1943375827504497e-07,7.016478065224874e-08,2.7639492827802314e-07,1.1247118436585879e-07,2.6069363912029075e-07,1.1824769075019503e-07
528,0.0,0.0,2.4759032157817273e-07,7.084456399297778e-08,0.0,0.0,2.3459547549009585e-07,8.498520998045933e-08,2.565064392001659e-07,1.1397953159075769e-07,2.4465279579999333e-07,7.859195250148332e-08
529,0.0,0.0,2.662229405814287e-07,7.935916102042029e-08,0.0,0.0,2.451311900131259e-07,8.739190349160708e-08,2.455286960412195e-07,7.247867728210622e-08,2.5545145376781875e-07,7.215224684387067e-08
530,0.0,0.0,2.620636223582551e-07,1.0175221376584886e-07,0.0,0.0,2.5331581809950876e-07,1.0273450357090042e-07,2.451657792335027e-07,1.1808837996341026e-07,2.4177725777008163e-07,6.836799570919538e-08
531,0.0,0.0,2.4513846597074007e-07,8.127310735517312e-08,0.0,0.0,2.4623179228910885e-07,8.722809496930495e-08,2.57341127962718e-07,5.7726101232447036e-08,2.409501007605286e-07,9.929825495191835e-08
532,0.0,0.0,2.391342661667295e-07,7.630675469272319e-08,0.0,0.0,2.390428619492013e-07,8.227092962442839e-08,2.5153241267616977e-07,7.112092248462432e-08,2.3183369535217935e-07,8.737914924950019e-08
533,0.0,0.0,2.53438855679633e-07,8.019028285843888e-08,0.0,0.0,2.2127885301870265e-07,6.344032499328023e-08,2.3488617273415002e-07,9.416623214519859e-08,2.596736408122524e-07,6.816952691224287e-08
534,0.0,0.0,2.6645426487448276e-07,8.376061089165887e-08,0.0,0.0,2.4268655351988855e-07,8.441989507446124e-08,2.4238303808488126e-07,7.611249230876638e-08,2.341801774718988e-07,6.296830434848744e-08
535,0.0,0.0,2.488156098934269e-07,8.535727147318539e-08,0.0,0.0,2.1137148564775998e-07,8.013766006342848e-08,2.3792217973550578e-07,7.157625958598146e-08,2.706754003156675e-07,9.09481840949411e-08
536,0.0,0.0,2.5789634605644096e-07,8.406971119256923e-08,0.0,0.0,2.3462223452952458e-07,9.915800092130667e-08,2.4656185360072413e-07,1.0372029635163926e-07,2.4958995936685824e-07,7.945659774577507e-08
537,0.0,0.0,2.3857904807300656e-07,6.406369834621728e-08,0.0,0.0,2.4204865667343256e-07,8.889651326171588e-08,2.4415820121248544e-07,1.0229757663182681e-07,2.424353056085238e-07,8.547103647060794e-08
538,0.0,0.0,2.789383017898217e-07,1.1207544048374984e-07,0.0,0.0,2.2286182854713843e-07,7.62654934760576e-08,2.282720572566177e-07,7.812338509438632e-08,2.4685419930392527e-07,9.477211904140859e-08
539,0.0,0.0,2.701573293961701e-07,7.17109571723995e-08,0.0,0.0,2.410816648534819e-07,1.0797214144986356e-07,2.406915484698402e-07,6.32885317486398e-08,2.634808993207116e-07,1.1181163728224419e-07
540,0.0,0.0,2.650918418112269e-07,7.133182577945263e-08,0.0,0.0,2.6863699531531893e-07,1.209131141877151e-07,2.4137466425599996e-07,7.546803004743197e-08,2.4319825797647354e-07,6.17282509551842e-08
541,0.0,0.0,2.699750325518835e-07,1.0157979346558932e-07,0.0,0.0,2.2756537987334013e-07,6.548486197743841e-08,2.6154572196901427e-07,1.2403741322941642e-07,2.2392994480924244e-07,4.590125257664113e-08
542,0.0,0.0,2.4305953161274374e-07,7.899367915342737e-08,0.0,0.0,2.2784463737934857e-07,5.936936986472574e-08,2.3534070692221576e-07,1.0363454805428773e-07,2.485145387254306e-07,6.852831546666494e-08
543,0.0,0.0,2.474629638982151e-07,6.148894016178019e-08,0.0,0.0,2.3314653674333385e-07,1.1114951092849878e-07,2.3003363480711414e-07,7.837670779053951e-08,2.5605999098843313e-07,9.481855300919051e-08
544,0.0,0.0,2.602519657557423e-07,7.782702482472814e-08,0.0,0.0,2.1091673829687352e-07,8.09570792625891e-08,2.319660126204326e-07,8.92502143301499e-08,2.475156009040802e-07,6.345861436329869e-08
545,0.0,0.0,2.2103840535692143e-07,7.980264626894495e-08,0.0,0.0,2.2710078440013604e-07,5.968724536842274e-08,2.635674718476366e-07,1.0549414497518228e-07,2.6028288857560256e-07,8.354084712891563e-08
546,0.0,0.0,2.598683295218507e-07,8.52616466318068e-08,0.0,0.0,2.279846995634216e-07,7.763326692611372e-08,2.1624346402404626e-07,7.455384576360302e-08,2.4915033236538875e-07,1.0093619806639254e-07
547,0.0,0.0,2.3640197355234704e-07,6.903735538799083e-08,0.0,0.0,2.3142315797031188e-07,7.210400099211256e-08,2.4567268042119395e-07,8.359601366692004e-08,2.6104942207894055e-07,1.1413550993211175e-07
548,0.0,0.0,2.3808863147678494e-07,1.0809434769498694e-07,0.0,0.0,2.442594961848954e-07,1.000944251927649e-07,2.53966078389567e-07,8.3150077045957e-08,2.4212107518906123e-07,1.011034029829716e-07
549,0.0,0.0,2.4879267357391655e-07,7.31169933487763e-08,0.0,0.0,2.2657636122858094e-07,7.28337425925929e-08,2.4203910697906394e-07,9.435667180923701e-08,2.460930375036696e-07,6.368750860019645e-08
550,0.0,0.0,2.535527130476112e-07,8.357064729125341e-08,0.0,0.0,2.3155980954925326e-07,8.973241705234614e-08,2.787306812024326e-07,9.239410303507611e-08,2.964077623346384e-07,1.40100652856745e-07
551,0.0,0.0,2.535096541578241e-07,9.657481570002346e-08,0.0,0.0,2.2842547764412302e-07,1.1321348125648001e-07,2.5118541202573397e-07,7.617043706886761e-08,2.7680192715706653e-07,1.4099232714670507e-07
552,0.0,0.0,2.6489379933991586e-07,6.760998161325915e-08,0.0,0.0,2.3584598807246948e-07,8.117867622559061e-08,2.565199679338548e-07,9.408287837686657e-08,2.421790270545898e-07,6.700336996345868e-08
553,0.0,0.0,2.359896882353496e-07,6.743118774465984e-08,0.0,0.0,2.472256426244712e-07,8.322547273564851e-08,2.17304958027853e-07,8.061628875566385e-08,2.3609450749972893e-07,7.204913998748452e-08
554,0.0,0.0,2.5407692305634555e-07,7.037276361643308e-08,0.0,0.0,2.026192333914878e-07,9.450503313246372e-08,2.3191755360585375e-07,5.5257295628052816e-08,2.2890965567512467e-07,9.396128319849595e-08
555,0.0,0.0,2.2774513297463272e-07,6.247785222512903e-08,0.0,0.0,2.358937791768767e-07,8.473691792687532e-08,2.453657259593456e-07,7.617193631404007e-08,2.4062822490122926e-07,7.25108577626088e-08
556,0.0,0.0,2.533931819925783e-07,7.364264575926427e-08,0.0,0.0,2.5171010520352866e-07,9.182154769860063e-08,2.52249634513646e-07,7.697904180758997e-08,2.5709204010126996e-07,1.0459207544499804e-07
557,0.0,0.0,2.592065300177637e-07,9.481507134978528e-08,0.0,0.0,2.3353632627731713e-07,5.546671388856339e-08,2.3480254185415106e-07,9.284029545142403e-08,2.8138077823314234e-07,1.0196517052918352e-07
558,0.0,0.0,2.484248966538871e-07,9.645288656656703e-08,0.0,0.0,2.2778843344894995e-07,5.815995862690215e-08,2.5361055122630205e-07,8.230065873249259e-08,2.525652860185801e-07,9.320102378751471e-08
559,0.0,0.0,2.3904925683382316e-07,6.925983342398467e-08,0.0,0.0,2.2098679153259582e-07,7.685595448947424e-08,2.52703358682993e-07,9.320341831653423e-08,2.4976588974823244e-07,6.791025697339137e-08
560,0.0,0.0,2.4097624873320456e-07,7.870805518450652e-08,0.0,0.0,2.269875523097653e-07,1.0562680330394869e-07,2.5680952830953174e-07,9.432385894569961e-08,2.6744589831650956e-07,1.0775493564096905e-07
561,0.0,0.0,2.475059659445833e-07,6.345350556102858e-08,0.0,0.0,2.313301621370556e-07,9.054004124209314e-08,2.3001587123872014e-07,5.9021783016532936e-08,2.4433106204924115e-07,5.8307566774828956e-08
562,0.0,0.0,2.432560108900361e-07,8.644799009971393e-08,0.0,0.0,2.4640490892124944e-07,9.545112789055565e-08,2.420856901608204e-07,7.579679817126816e-08,2.524935212022683e-07,9.159508351785917e-08
563,0.0,0.0,2.470949311828008e-07,1.0501083380631826e-07,0.0,0.0,2.3673196380968875e-07,6.689581510954667e-08,2.3866428477958834e-07,8.429066866710855e-08,2.8346849489935266e-07,1.0229135938288891e-07
564,0.0,0.0,2.537379373279691e-07,5.894520782590007e-08,0.0,0.0,2.2306457481136022e-07,7.439708582523963e-08,2.4667565412528347e-07,9.462011973937479e-08,2.807673240567965e-07,7.533519408298162e-08
565,0.0,0.0,2.462485895193822e-07,7.16042904969072e-08,0.0,0.0,2.2730610282906127e-07,7.834812265627988e-08,2.2875971694702457e-07,6.384167505757432e-08,2.3391979198095214e-07,6.291060827834372e-08
566,0.0,0.0,2.510170986624871e-07,7.826350412187821e-08,0.0,0.0,2.590986127870565e-07,1.0995451305007009e-07,2.4529370534764894e-07,1.0115933690713064e-07,2.4642372409289237e-07,8.758769354244578e-08
567,0.0,0.0,2.340825915325695e-07,8.229156378547486e-08,0.0,0.0,2.3989690589587553e-07,8.086033886911537e-08,2.3970378038029594e-07,7.137444413274352e-08,2.2945432931464893e-07,5.013908577211623e-08
568,0.0,0.0,2.5053842023226025e-07,8.1770721749308e-08,0.0,0.0,2.4092005901366065e-07,7.837769544494222e-08,2.679227577573329e-07,9.076353535419912e-08,2.6073391268255364e-07,7.070498497796507e-08
569,0.0,0.0,2.468656532528257e-07,7.842017879511332e-08,0.0,0.0,2.337173725663888e-07,8.445022103842348e-08,2.4637012074890663e-07,9.979012816074828e-08,2.562250358550955e-07,5.9117308381928524e-08
570,0.0,0.0,2.3674310511978547e-07,7.651470212977074e-08,0.0,0.0,2.6046711809613043e-07,1.0190720445280022e-07,2.2724925941020047e-07,5.730517926849643e-08,2.520270641070965e-07,7.13926979756252e-08
571,0.0,0.0,2.4209978732869786e-07,9.004546086543996e-08,0.0,0.0,2.393968259184476e-07,1.1337917982245926e-07,2.2577901859222038e-07,5.811675407585426e-08,2.41406695522528e-07,5.0881286739468123e-08
572,0.0,0.0,2.3073820898389386e-07,4.9769646182085125e-08,0.0,0.0,2.435938313283259e-07,8.356411740351177e-08,2.2464648452569236e-07,5.864810148636934e-08,2.351536068090354e-07,8.342534130179047e-08
573,0.0,0.0,2.569595949353243e-07,6.2444172499454e-08,0.0,0.0,2.1417390883016196e-07,7.039654548179897e-08,2.424921490273846e-07,7.583007288758381e-08,2.189188990087132e-07,5.969786798232235e-08
574,0.0,0.0,2.552797013777308e-07,9.62919273206353e-08,0.0,0.0,2.43927246401654e-07,1.065579695591623e-07,2.436212866996357e-07,9.632191222408437e-08,2.3043830310598423e-07,6.741016989053605e-08
575,0.0,0.0,2.570074002505862e-07,6.347930536776403e-08,0.0,0.0,2.5374714596182457e-07,1.1073184680299164e-07,2.3439274343672878e-07,6.96432636004829e-08,2.666661487182864e-07,5.266485558763634e-08
576,0.0,0.0,2.4587205871284823e-07,6.818390829721466e-08,0.0,0.0,2.4601791892564506e-07,1.2196537113595696e-07,2.435404553580156e-07,8.341921642340822e-08,2.6458579327481857e-07,7.256517875475765e-08
577,0.0,0.0,2.4139211518559023e-07,6.373333150122562e-08,0.0,0.0,2.4890982786018867e-07,8.535098316997392e-08,2.3795169568074925e-07,5.7117951257623645e-08,3.088162543463113e-07,1.5978005762917746e-07
578,0.0,0.0,2.2223363771445293e-07,5.482986864535633e-08,0.0,0.0,2.515087942356331e-07,1.0799877259159985e-07,2.4552610966566135e-07,8.187213751398303e-08,2.57426904681779e-07,8.751697322395557e-08
579,0.0,0.0,2.336504394406802e-07,7.608099394929013e-08,0.0,0.0,2.3184256292552163e-07,8.527657513468512e-08,2.433184249639453e-07,6.057406665149756e-08,2.447771123570419e-07,6.922794426600376e-08
580,0.0,0.0,2.4613325422251364e-07,7.158239867521843e-08,0.0,0.0,2.44437302399092e-07,1.0104181313863592e-07,2.4480658566972124e-07,6.611673342149516e-08,2.627221249440481e-07,1.0787880455609411e-07
581,0.0,0.0,2.299092756175014e-07,7.618202602088786e-08,0.0,0.0,2.2930400689347152e-07,7.477828489754756e-08,2.2895335405337391e-07,5.542143810544076e-08,2.4102195084196865e-07,7.862335138497656e-08
582,0.0,0.0,2.755741093096731e-07,1.0104243841624339e-07,0.0,0.0,2.56215031413376e-07,8.121578787267936e-08,2.5476990117567766e-07,4.696730115938408e-08,2.402055372385803e-07,6.468276581017562e-08
583,0.0,0.0,2.845974051979283e-07,1.0238883874080784e-07,0.0,0.0,2.520733914934681e-07,9.173759707437057e-08,2.433139343338553e-07,7.089642650726091e-08,2.5464424879828584e-07,8.422216524195392e-08
584,0.0,0.0,2.3719458397408744e-07,8.10027813713532e-08,0.0,0.0,2.5341003606627055e-07,9.556505631280743e-08,2.3786765268596355e-07,8.278728103050526e-08,2.4298194034599874e-07,8.212499835735798e-08
585,0.0,0.0,2.45554019784322e-07,8.002633222758959e-08,0.0,0.0,2.665821625669196e-07,1.235693360968071e-07,2.0978129100512888e-07,7.081945341269602e-08,2.455244612065144e-07,8.207324242448522e-08
586,0.0,0.0,2.512664991627389e-07,7.304230820182056e-08,0.0,0.0,2.4566605816289666e-07,9.743045836785313e-08,2.5217383381459513e-07,1.0313240039749871e-07,2.729885864027892e-07,8.783869986928039e-08
587,0.0,0.0,2.6248545736962114e-07,7.828707992985073e-08,0.0,0.0,2.5428670369365136e-07,1.1854702108848869e-07,2.5510166778985877e-07,8.419567620876478e-08,2.3242503743858833e-07,8.305392640295395e-08
588,0.0,0.0,2.4358666905754944e-07,6.307821820428217e-08,0.0,0.0,2.3272062321666453e-07,1.0119168081246244e-07,2.2363046525697428e-07,7.930718481929944e-08,2.84036616449157e-07,8.684586561003016e-08
589,0.0,0.0,2.5019704708029167e-07,5.665716074076954e-08,0.0,0.0,2.381830910280769e-07,1.0367023861590496e-07,2.551309421505721e-07,6.315300993264827e-08,2.303604134112902e-07,5.604356800859023e-08
590,0.0,0.0,2.4585227720308467e-07,7.358660525369487e-08,0.0,0.0,2.489094867996755e-07,1.0377496550972864e-07,2.3975593421710073e-07,6.991002976519667e-08,2.9706021109632275e-07,1.0020746543659698e-07
591,0.0,0.0,2.3351609002020268e-07,7.986507455370884e-08,0.0,0.0,2.360339124152233e-07,8.875600343571932e-08,2.2975272884195874e-07,6.437301891537572e-08,2.289775409280992e-07,7.858061223942059e-08
592,0.0,0.0,2.528071263441234e-07,5.734831276527075e-08,0.0,0.0,2.519616941754066e-07,1.330191565784844e-07,2.3750894229124242e-07,5.237811961933403e-08,2.5662342295618146e-07,8.933687922763056e-08
593,0.0,0.0,2.208167444450737e-07,7.03704472471145e-08,0.0,0.0,2.4071795223790105e-07,8.674846441181217e-08,2.3034792206999555e-07,7.668476342814756e-08,2.676601127404865e-07,9.945440382352899e-08
594,0.0,0.0,2.4034261514316313e-07,6.862416057629162e-08,0.0,0.0,2.379175185751592e-07,8.653921668155817e-08,2.387379822721414e-07,6.572268063109732e-08,2.580490274795011e-07,7.072091534610081e-08
595,0.0,0.0,2.303496557942708e-07,6.594534340820246e-08,0.0,0.0,2.2724904624737974e-07,7.305185079076182e-08,2.2906024810254166e-07,5.502996813788741e-08,2.679368833469198e-07,9.539729006746711e-08
596,0.0,0.0,2.61605862306169e-07,9.971365244609842e-08,0.0,0.0,2.4541699872315803e-07,9.844223569643873e-08,2.497961304470664e-07,7.324969431010686e-08,2.703119434954715e-07,5.342288034171361e-08
597,0.0,0.0,2.2380299924407154e-07,6.667470842103285e-08,0.0,0.0,2.656003630363557e-07,1.0149220486255217e-07,2.3753595712605602e-07,6.071538649621289e-08,2.767127114111645e-07,1.5037358025438152e-07
598,0.0,0.0,2.3671896087762434e-07,7.152174674729395e-08,0.0,0.0,2.5006241344271984e-07,9.945204482164627e-08,2.2966719370742794e-07,9.216256557920133e-08,2.453739682550804e-07,4.230791716963722e-08
599,0.0,0.0,2.411175614724925e-07,6.857898426915199e-08,0.0,0.0,2.3503551460635208e-07,7.957547865089509e-08,2.2921479114756949e-07,4.98524208580875e-08,2.6947748210659483e-07,7.537482815678231e-08
600,0.0,0.0,2.347535001945289e-07,6.964498311390344e-08,0.0,0.0,2.292920271429466e-07,1.0970858710379616e-07,2.5786951596273866e-07,8.43010994344695e-08,2.5597026365176134e-07,7.826637471453068e-08
601,0.0,0.0,2.7602112595559447e-07,9.246585364053317e-08,0.0,0.0,2.4678089971530426e-07,9.238547704626399e-08,2.4961951794466586e-07,5.88184754235499e-08,2.6205151471003774e-07,7.635621557255945e-08
602,0.0,0.0,2.3582988717407716e-07,5.967346794477635e-08,0.0,0.0,2.2950602840410284e-07,8.47045598106888e-08,2.2255824205785757e-07,5.604163888506264e-08,2.519235806630604e-07,7.683928515689331e-08
603,0.0,0.0,2.534203531467938e-07,7.595949824690251e-08,0.0,0.0,2.5744921572368185e-07,1.1247585973706009e-07,2.5398753678018693e-07,8.882659585651709e-08,2.2905014418483916e-07,4.771024819660852e-08
604,0.0,0.0,2.297867212064375e-07,7.737833129795035e-08,0.0,0.0,2.3366348500530876e-07,7.573629545731819e-08,2.2486865702830983e-07,5.280690018594214e-08,2.505618397208309e-07,6.039532962631711e-08
605,0.0,0.0,2.5887266019708477e-07,6.008190212014597e-08,0.0,0.0,2.2556321255251532e-07,8.64595079974606e-08,2.2001572119734192e-07,6.226208171256076e-08,2.532578946556896e-07,4.267060660367861e-08
606,0.0,0.0,2.4296193146255973e-07,7.322906014906039e-08,0.0,0.0,2.468931938892638e-07,8.09747433550001e-08,2.6673788511288876e-07,8.234415105334847e-08,2.4015258759391145e-07,6.59179022477474e-08
607,0.0,0.0,2.417606026483554e-07,6.115262607409022e-08,0.0,0.0,2.648371832947305e-07,8.436175846782135e-08,2.418433382445073e-07,6.395062968067577e-08,2.6143632680941664e-07,7.541959945456256e-08
608,0.0,0.0,2.5167196326947305e-07,7.961134684819626e-08,0.0,0.0,2.331932194010733e-07,9.927401833920158e-08,2.502617633126647e-07,1.0007711637172179e-07,2.396701006546209e-07,6.194328960873463e-08
609,0.0,0.0,2.2073841421388352e-07,5.699980931694881e-08,0.0,0.0,2.3652255265460553e-07,5.938610314615289e-08,2.6867309088629554e-07,8.788829575223644e-08,2.4954397304099984e-07,6.411178077314617e-08
610,0.0,0.0,2.295279699637831e-07,6.423382359344032e-08,0.0,0.0,2.431494010579627e-07,9.296535807834516e-08,2.5676840209598595e-07,8.584535748923372e-08,2.711695401558245e-07,7.491520648272854e-08
611,0.0,0.0,2.4165623813132697e-07,7.50687547679263e-08,0.0,0.0,2.526834634863917e-07,1.1497433405338597e-07,2.3942587290548545e-07,9.61745669769698e-08,2.4964921863102063e-07,4.547368348539749e-08
612,0.0,0.0,2.1753589862782974e-07,4.636441985894635e-08,0.0,0.0,2.592495036424225e-07,9.961605940134177e-08,2.2154839030008588e-07,6.198339974616829e-08,2.3588204101088195e-07,6.863385948463474e-08
613,0.0,0.0,2.454068521728914e-07,6.312815514775139e-08,0.0,0.0,2.6846379341805005e-07,1.0811385209308355e-07,2.618867824821791e-07,8.129995165973014e-08,2.4404079113082844e-07,5.1367614162245445e-08
614,0.0,0.0,2.4643762230880384e-07,7.850940164644271e-08,0.0,0.0,2.2864185211801669e-07,8.444141741392741e-08,2.404767371899652e-07,8.06542885811723e-08,2.2505818719764648e-07,5.388103119230436e-08
615,0.0,0.0,2.2639446228822635e-07,5.466216279614855e-08,0.0,0.0,2.434041448395874e-07,1.0737982591990658e-07,2.4115459495988034e-07,8.519023708686291e-08,2.4208932813962747e-07,4.021908495133175e-08
616,0.0,0.0,2.2837014057586202e-07,5.5811394616966936e-08,0.0,0.0,2.3822315142751904e-07,7.637466836740714e-08,2.419396878394764e-07,7.729046558324626e-08,2.6584842771626427e-07,9.843527237762828e-08
617,0.0,0.0,2.4801209974611993e-07,8.624697045434004e-08,0.0,0.0,2.604611211154406e-07,8.27455792773435e-08,2.3612351185420266e-07,7.770338328327853e-08,2.3511188373959158e-07,7.678076485717611e-08
618,0.0,0.0,2.735513078278018e-07,8.861925948622229e-08,0.0,0.0,2.608319391583791e-07,1.0278778006522771e-07,2.538576779897994e-07,8.749073998615131e-08,2.7703032401404926e-07,8.30509847560279e-08
619,0.0,0.0,2.440289961214148e-07,5.209746234413615e-08,0.0,0.0,2.4507608031854033e-07,8.36159301798034e-08,2.3932565795803384e-07,5.6344347854064836e-08,2.5677624648778874e-07,5.8915251344160424e-08
620,0.0,0.0,2.3444628993729566e-07,6.011766373603677e-08,0.0,0.0,2.757032291356154e-07,8.05165498718452e-08,2.3878459387560724e-07,4.6957033816852345e-08,2.3790319403360627e-07,4.300910561028104e-08
621,0.0,0.0,2.330903896563541e-07,4.0329844352982036e-08,0.0,0.0,2.5940511250155396e-07,1.2010984562493832e-07,2.529550044982898e-07,3.776354873252785e-08,2.7758969167734904e-07,5.5757521266741605e-08
622,0.0,0.0,2.685445394945418e-07,1.2540928651105787e-07,0.0,0.0,2.8661139594987617e-07,1.3933615150563128e-07,2.6482902626412397e-07,7.113403910352645e-08,2.632039013406029e-07,6.469500135608541e-08
623,0.0,0.0,2.595228636437241e-07,8.168503740080268e-08,0.0,0.0,2.767473858966696e-07,9.858047178568086e-08,2.4633033035570406e-07,7.983640415432092e-08,2.6361450977674394e-07,7.812050029087914e-08
624,0.0,0.0,2.709929560751334e-07,7.254590173033648e-08,0.0,0.0,2.7522716550265613e-07,9.411540702330967e-08,2.681427417883242e-07,5.734836960868961e-08,2.551393549765635e-07,8.938212658904376e-08
625,0.0,0.0,2.459361780893232e-07,5.969634031544047e-08,0.0,0.0,2.666792227046244e-07,8.695248254753096e-08,2.3916160785120155e-07,5.021841076313649e-08,2.373263470190068e-07,4.2380648324069625e-08
626,0.0,0.0,2.489066730504419e-07,5.8954015003109816e-08,0.0,0.0,2.44772166979601e-07,6.766843085870278e-08,2.4233798967543407e-07,4.797236741183042e-08,2.423127511974599e-07,5.06253883258978e-08
627,0.0,0.0,2.2484080375306803e-07,4.628918759408407e-08,0.0,0.0,2.4053846914284804e-07,8.590718891809956e-08,2.4408714693890943e-07,6.660754081622144e-08,2.321590528708839e-07,4.60982860772674e-08
628,0.0,0.0,2.321831686913356e-07,4.598045322268263e-08,0.0,0.0,2.635827627273102e-07,8.684085628374305e-08,2.5628875732763845e-07,5.819287451913624e-08,2.648725967446808e-07,6.67060717773893e-08
629,0.0,0.0,2.584512799330696e-07,6.368591698446835e-08,0.0,0.0,2.5452013119320327e-07,9.141968604353679e-08,2.3367985590994067e-07,7.114186928447452e-08,2.588907079825731e-07,5.0544340268743326e-08
630,0.0,0.0,2.4820974431349896e-07,7.055714235093546e-08,0.0,0.0,2.2897377505159966e-07,6.309940658866253e-08,2.3768492951603548e-07,5.996455598733519e-08,2.824336320372822e-07,7.337936835938308e-08
631,0.0,0.0,2.644622441039246e-07,3.8160102633355564e-08,0.0,0.0,2.4730118752813723e-07,1.0628253477307226e-07,2.5717477569742186e-07,8.019296160455269e-08,2.3556617634312715e-07,3.68857655530519e-08
632,0.0,0.0,2.275429977771637e-07,4.677032805489034e-08,0.0,0.0,2.55331286780347e-07,9.623522601032164e-08,2.3436390961251163e-07,6.623880466349874e-08,2.621687258397287e-07,5.1024247937903056e-08
633,0.0,0.0,2.585104539321037e-07,6.633301552483317e-08,0.0,0.0,2.713929347919475e-07,1.2465788756799157e-07,2.1648470749369153e-07,6.684683739877073e-08,2.508492684683006e-07,4.021838861945071e-08
634,0.0,0.0,2.5647293000474747e-07,6.654882156453823e-08,0.0,0.0,2.440423543248471e-07,6.660565787797168e-08,2.569014725395391e-07,7.802618284813434e-08,2.479339968886052e-07,6.734601498692427e-08
635,0.0,0.0,2.548007955738285e-07,6.973532151732798e-08,0.0,0.0,2.350611367774036e-07,5.515648737741685e-08,2.393307454440219e-07,4.848525492207045e-08,2.632829705362383e-07,7.27419902091242e-08
636,0.0,0.0,2.5139496528936434e-07,6.954488895871691e-08,0.0,0.0,2.490927215603733e-07,7.593445872089433e-08,2.747239307154814e-07,7.367758314558159e-08,2.3358759904112958e-07,6.471461944101975e-08
637,0.0,0.0,2.415497988295101e-07,8.616179059117712e-08,0.0,0.0,2.562661904903507e-07,9.165533754185162e-08,2.466069020101713e-07,5.9570492538796316e-08,2.435205317397049e-07,5.119212076465374e-08
638,0.0,0.0,2.571333084233629e-07,4.242696149958647e-08,0.0,0.0,2.6506634753786784e-07,8.304945708914602e-08,2.63610814954518e-07,8.423810271551702e-08,2.546849771078996e-07,5.1910340914673725e-08
639,0.0,0.0,2.5489396193734137e-07,5.39723252757085e-08,0.0,0.0,2.36006783893572e-07,5.7802992614597315e-08,2.277794237670605e-07,6.4507005959058e-08,2.429316054985975e-07,4.953549037622906e-08
640,0.0,0.0,2.782242063403828e-07,1.0233548408677962e-07,0.0,0.0,2.346013161513838e-07,8.725328370928764e-08,2.6847885692404816e-07,5.3708820502151866e-08,2.4693943601050705e-07,5.2658439386732425e-08
641,0.0,0.0,2.4170614665308676e-07,6.07956067710802e-08,0.0,0.0,2.597728325781645e-07,1.0598383681781343e-07,2.4324126002284174e-07,6.997344570436326e-08,2.8105509386477934e-07,7.413390079591409e-08
642,0.0,0.0,2.626746891110088e-07,9.583369831034361e-08,0.0,0.0,2.7186584361516e-07,1.206867779046661e-07,2.6014726017820067e-07,7.144308256101795e-08,2.431223151688755e-07,4.4494658624216754e-08
643,0.0,0.0,2.491919985914137e-07,4.5617014166055014e-08,0.0,0.0,2.6792076823767275e-07,9.45652658401741e-08,2.4141775156749645e-07,6.436737010062643e-08,2.5437398676331213e-07,5.463046193199261e-08
644,0.0,0.0,3.078281451962539e-07,6.463692159286438e-08,0.0,0.0,2.5069411435652e-07,8.087627634267847e-08,2.728473305069201e-07,7.785163802509487e-08,2.6677304276745417e-07,8.806063789279506e-08
645,0.0,0.0,2.3388972181237477e-07,5.407951064739791e-08,0.0,0.0,2.769006073322089e-07,1.4565350170414604e-07,2.472757216764876e-07,8.066503198733699e-08,2.520384612125781e-07,5.169123440396106e-08
646,0.0,0.0,2.666129432782327e-07,6.334879998348697e-08,0.0,0.0,2.1994995336171996e-07,7.65976295724613e-08,2.3196783160983614e-07,4.1298957142998916e-08,2.588929532976181e-07,5.9327234680495167e-08
647,0.0,0.0,2.733534074650379e-07,6.813790065507419e-08,0.0,0.0,2.4729109782128944e-07,1.0927283966566392e-07,2.6045387357953587e-07,8.60781028677593e-08,2.747079292930721e-07,6.648559036648294e-08
648,0.0,0.0,2.587883614069142e-07,8.103950932536463e-08,0.0,0.0,2.60710692145949e-07,8.733132972338353e-08,2.7004145408682234e-07,6.208057357071084e-08,2.558085157033929e-07,6.350760628492935e-08
649,0.0,0.0,2.7277070557829575e-07,7.31941156573157e-08,0.0,0.0,2.3224791334541806e-07,8.35185289815854e-08,2.7240284339313803e-07,7.015420777634063e-08,2.531297127461585e-07,6.198502688903318e-08
650,0.0,0.0,2.7320297135702276e-07,6.427088550253757e-08,0.0,0.0,2.618392613840115e-07,1.0174360909331881e-07,2.450834131195734e-07,6.302391142298802e-08,2.8188560463604517e-07,6.749587555532344e-08
651,0.0,0.0,2.4545263954678376e-07,7.17399331051638e-08,0.0,0.0,2.6436086386638635e-07,9.934581868265013e-08,2.605974884772877e-07,8.837670151251587e-08,2.6739309078038787e-07,5.955087445386198e-08
652,0.0,0.0,2.685481774733489e-07,6.816893005634483e-08,0.0,0.0,2.835432155734452e-07,1.0936683025875027e-07,2.5740865794432466e-07,6.241273808882397e-08,2.8499204063336947e-07,6.064234270297675e-08
653,0.0,0.0,2.580941043106577e-07,6.3988565557338e-08,0.0,0.0,2.7086463205705513e-07,1.0121978277766175e-07,2.3814509120256844e-07,5.714068862516797e-08,2.5507154077786254e-07,4.052122193343166e-08
654,0.0,0.0,2.4730243808335217e-07,6.496219384644064e-08,0.0,0.0,2.933919915903971e-07,1.2699680951300252e-07,2.589363248262089e-07,9.53446033236105e-08,2.6343121817262727e-07,4.564949662722029e-08
655,0.0,0.0,2.4235413320639054e-07,4.6807457465547486e-08,0.0,0.0,2.580022169240692e-07,1.0081543422302275e-07,2.5575246809239616e-07,7.230073606478982e-08,2.6581477641229867e-07,5.3022120027890196e-08
656,0.0,0.0,2.392013982444041e-07,5.454752027844734e-08,0.0,0.0,2.655452249200607e-07,1.009364893889142e-07,2.5151985028060153e-07,7.893465436836777e-08,2.528290110603848e-07,3.538022497195925e-08
657,0.0,0.0,2.54449389558431e-07,7.63299468076184e-08,0.0,0.0,2.6006003395195876e-07,1.0489770119193054e-07,2.497426692116278e-07,6.95868536126909e-08,2.6467486691217346e-07,6.299263333175986e-08
658,0.0,0.0,2.665811678070895e-07,6.018959908260513e-08,0.0,0.0,2.5884168053380563e-07,8.406929197235513e-08,2.5241757839467027e-07,5.991923046622105e-08,2.707391502099199e-07,4.0329698691721205e-08
659,0.0,0.0,2.3977653995643777e-07,4.0829181813251125e-08,0.0,0.0,2.874284632525814e-07,8.437809384531647e-08,2.6234411620862375e-07,6.22412272832662e-08,2.8026732934449683e-07,6.676718555809202e-08
660,0.0,0.0,2.525005413644976e-07,5.058957697201549e-08,0.0,0.0,2.710028468300152e-07,7.463442841526557e-08,2.466868807005085e-07,5.0149473906913045e-08,2.526238063182973e-07,5.199342822947983e-08
661,0.0,0.0,2.79011885595537e-07,6.161426568951356e-08,0.0,0.0,2.7769479515882267e-07,1.1007009703689619e-07,2.7882543918167357e-07,9.577599513477253e-08,2.637570446495374e-07,6.07617209880118e-08
662,0.0,0.0,2.3454421693713812e-07,6.854434531078368e-08,0.0,0.0,2.4060221903710044e-07,7.543706459500754e-08,2.3261529236151546e-07,7.78850335336756e-08,2.7508210109772335e-07,5.218293708253441e-08
663,0.0,0.0,2.6882293013841263e-07,6.681036524014416e-08,0.0,0.0,2.553037177221995e-07,1.0080074019924723e-07,2.5971547756853397e-07,5.819384440997055e-08,2.540077730373014e-07,6.215989145630374e-08
664,0.0,0.0,2.654757622622128e-07,7.136559077025595e-08,0.0,0.0,3.093830969191913e-07,1.4551304161614098e-07,2.3960396333677636e-07,6.254434481434146e-08,2.787621724564815e-07,5.108903167183598e-08
665,0.0,0.0,2.3410794369738142e-07,6.749395708993688e-08,0.0,0.0,2.6485787429919583e-07,6.582884282124724e-08,2.438630701817601e-07,7.38371568331786e-08,2.846328186478786e-07,8.532256146054351e-08
666,0.0,0.0,2.6441685463396425e-07,6.028572130389875e-08,0.0,0.0,2.5350911414534494e-07,6.494688165048501e-08,2.3416309602453111e-07,7.337560958831091e-08,2.6244936179864453e-07,5.7432469446894174e-08
667,0.0,0.0,2.58410693732003e-07,6.374035876888229e-08,0.0,0.0,2.635601390466036e-07,7.882761110522551e-08,2.610132128211262e-07,7.835048876358996e-08,2.2901754448412248e-07,6.588950185459908e-08
668,0.0,0.0,2.367189182450602e-07,4.063915781671312e-08,0.0,0.0,2.7988042461402074e-07,1.0318117915630864e-07,2.6975493483405444e-07,7.252555178638431e-08,2.8847358635175624e-07,7.104270594027184e-08
669,0.0,0.0,2.347690326587326e-07,4.8468489666220194e-08,0.0,0.0,2.671756647032453e-07,8.625264769079877e-08,2.590566339222278e-07,9.070773643315988e-08,2.8291452736084466e-07,7.339188101695981e-08
670,0.0,0.0,2.6468197233953106e-07,5.4220983258801425e-08,0.0,0.0,2.4974718826342723e-07,1.0611271505922559e-07,2.6468410396773834e-07,5.993314999841459e-08,2.9852674288122216e-07,6.1526947092716e-08
671,0.0,0.0,2.465178852162353e-07,5.658305823885712e-08,0.0,0.0,2.548793816004036e-07,1.1386099174615083e-07,2.2889953754656744e-07,6.155530485330019e-08,2.7384487566450844e-07,5.679433101590803e-08
672,0.0,0.0,2.526722369111667e-07,5.8492926058306693e-08,0.0,0.0,2.4219494321187085e-07,6.923210094100796e-08,2.4753660454734927e-07,8.217337921223589e-08,2.7756897225117427e-07,6.833290200347619e-08
673,0.0,0.0,2.7142451131112466e-07,8.347694091526137e-08,0.0,0.0,2.632609437114297e-07,1.0484883716799231e-07,2.3543709914974897e-07,6.577629108051042e-08,2.7666254709401983e-07,4.701871603174368e-08
674,0.0,0.0,2.6474384640096105e-07,5.810063896660722e-08,0.0,0.0,2.7082575115855434e-07,8.985801258631909e-08,2.1962591745250393e-07,5.3414680678542936e-08,2.5936697056749836e-07,5.0379576066461595e-08
675,0.0,0.0,2.773605274342117e-07,6.881106884293331e-08,0.0,0.0,2.615349217194307e-07,7.881228469841517e-08,2.398789433755155e-07,5.96319154055891e-08,2.703505685985874e-07,5.405688696669131e-08
676,0.0,0.0,2.53957495033319e-07,5.290658933176928e-08,0.0,0.0,2.502227971490356e-07,7.793808265432745e-08,2.4071431425909395e-07,6.397021934390068e-08,2.82758179537268e-07,4.5282977367833155e-08
677,0.0,0.0,2.579199360752682e-07,6.982789813037016e-08,0.0,0.0,2.5221694954780105e-07,8.45397423177019e-08,2.3794504500074254e-07,7.279829361550583e-08,2.8193625212225015e-07,5.1242754040004e-08
678,0.0,0.0,2.5509763190711965e-07,6.424486542755403e-08,0.0,0.0,2.6151514020966715e-07,8.477876889401159e-08,2.454669640883367e-07,5.3423985235667715e-08,2.7641661404231854e-07,7.108420163604023e-08
679,0.0,0.0,2.7863268314831657e-07,7.846790595067432e-08,0.0,0.0,2.9209155627540895e-07,7.68540857620792e-08,2.4692849365237635e-07,7.03609117636006e-08,2.6275355935467815e-07,5.0977128296381125e-08
680,0.0,0.0,2.496403226359689e-07,7.457895634388478e-08,0.0,0.0,2.5757699972928094e-07,6.440261302032013e-08,2.511875720756507e-07,6.715144706959109e-08,2.6860044499699143e-07,6.518794037901898e-08
681,0.0,0.0,2.5599561581657326e-07,7.82387701292464e-08,0.0,0.0,2.5891489485729835e-07,1.1690230650174271e-07,2.3812762606212345e-07,5.193670915559778e-08,2.9021344971624785e-07,7.552360159479576e-08
682,0.0,0.0,2.668859906407306e-07,6.939244912018694e-08,0.0,0.0,2.4485686367370363e-07,6.590809675799392e-08,2.7378629852137237e-07,1.0222125013115146e-07,2.8916517180732626e-07,5.962169069562151e-08
683,0.0,0.0,2.741171272191423e-07,6.609974434468313e-08,0.0,0.0,2.4456466007904964e-07,5.558730009624924e-08,2.5724628471834876e-07,7.720128536448101e-08,2.765976319096808e-07,6.639134397801172e-08
684,0.0,0.0,2.6375585093774134e-07,7.208279129145012e-08,0.0,0.0,2.575990265540895e-07,7.457455808435043e-08,2.831361030075641e-07,7.47113801935484e-08,2.640022387367935e-07,4.320760282894298e-08
685,0.0,0.0,2.422050897621375e-07,6.712811995157608e-08,0.0,0.0,2.584436913366517e-07,8.757291425354197e-08,2.419511702100863e-07,6.256649953684246e-08,2.625259014621406e-07,4.585634272302741e-08
686,0.0,0.0,2.430707866096782e-07,7.454969619402618e-08,0.0,0.0,2.7038146299673826e-07,9.528214661713719e-08,2.604320457066933e-07,9.578702275803153e-08,2.8296750542722293e-07,5.791964241552705e-08
687,0.0,0.0,2.426335754535103e-07,3.3156176471038634e-08,0.0,0.0,2.3682200378516427e-07,7.700927540099656e-08,2.637289640006202e-07,1.3329180603705026e-07,2.5627400646044407e-07,3.5292007538600956e-08
688,0.0,0.0,2.7060232810072193e-07,4.436935441276546e-08,0.0,0.0,2.867512876036926e-07,9.465071570957662e-08,2.758314678885654e-07,7.411782121380384e-08,2.9564793635472597e-07,6.274181174603655e-08
689,0.0,0.0,2.6465278324394603e-07,5.1212442286896476e-08,0.0,0.0,2.691989493541769e-07,8.853898236793611e-08,2.719595215694426e-07,8.944887497364107e-08,2.508950842639024e-07,5.156937987749188e-08
690,0.0,0.0,2.420951545900607e-07,6.252511042248443e-08,0.0,0.0,2.3094443690752087e-07,7.540778312886687e-08,2.4688418420737435e-07,7.757392239682304e-08,2.523415219002345e-07,4.820460475229993e-08
691,0.0,0.0,2.7596743734648044e-07,8.967793974079541e-08,0.0,0.0,2.5093814315368945e-07,5.9470774971259743e-08,2.424408478418627e-07,1.0379531545368081e-07,2.5574814799256274e-07,4.957073684863644e-08
692,0.0,0.0,2.3919665181892924e-07,6.35260164472129e-08,0.0,0.0,2.923127624399058e-07,1.1720911885504393e-07,2.774310416953085e-07,7.182595851418228e-08,2.82988310118526e-07,4.156423116796759e-08
693,0.0,0.0,2.516814561204228e-07,8.133768858442636e-08,0.0,0.0,2.6496195459912997e-07,7.51723874259369e-08,2.3658203929244337e-07,5.093523114396703e-08,2.966689294225944e-07,5.7476544412793373e-08
694,0.0,0.0,2.402479708507599e-07,4.519615970366431e-08,0.0,0.0,2.831826861893205e-07,8.924529737441844e-08,2.6263708718943235e-07,4.7171496930786816e-08,2.5523542035443825e-07,5.328840302354365e-08
695,0.0,0.0,2.3105565105652204e-07,5.405990322060461e-08,0.0,0.0,2.6932062269224843e-07,6.24186498043855e-08,2.623053774186701e-07,6.907118432764037e-08,2.7187374485038163e-07,4.8344297454150365e-08
696,0.0,0.0,2.453662091284059e-07,6.080264114416423e-08,0.0,0.0,2.679622070900223e-07,1.048977580353494e-07,2.836719659171649e-07,1.1088815199400415e-07,2.6549946596787777e-07,5.0561734354914734e-08
697,0.0,0.0,2.6846595346796676e-07,7.206826069250383e-08,0.0,0.0,2.6181996304330823e-07,8.612612845126932e-08,2.5631530320424645e-07,6.051486423075403e-08,2.75036512675797e-07,5.688267279424508e-08
698,0.0,0.0,2.6878535663854564e-07,7.528220891117599e-08,0.0,0.0,2.709580826376623e-07,9.881222240437637e-08,2.3730675025035453e-07,5.96126099594585e-08,2.67286850430537e-07,5.4737885335498504e-08
699,0.0,0.0,2.788235065054323e-07,7.914265864883419e-08,0.0,0.0,3.008206022059312e-07,7.611347285774173e-08,2.5803515768529905e-07,7.081882813508855e-08,2.9192477768447134e-07,6.899487914324709e-08
700,0.0,0.0,2.6989948764821747e-07,5.533702207571878e-08,0.0,0.0,2.633436793075816e-07,9.68173878845846e-08,2.503036569123651e-07,6.16524857832701e-08,2.5642037826401065e-07,6.316862766198028e-08
