X,TD_mean,TD_std,TD+NOV_mean,TD+NOV_std,TD+UNC_mean,TD+UNC_std,FULL_mean,FULL_std,MULT_mean,MULT_std,GATE_mean,GATE_std
1,0.6756908297538757,0.0315994955599308,0.6756540536880493,0.031597480177879333,0.6743419766426086,0.03156046196818352,0.6743050813674927,0.03155847266316414,0.6787081956863403,0.0318448469042778,0.6744951009750366,0.03154958039522171
2,0.5071114897727966,0.034824833273887634,0.5071127414703369,0.034823328256607056,0.5061627626419067,0.034750137478113174,0.5061632394790649,0.03475023806095123,0.5085398554801941,0.035125985741615295,0.5062857270240784,0.03478504344820976
3,0.29062387347221375,0.06156979128718376,0.29073530435562134,0.06141014024615288,0.2902868390083313,0.06132456660270691,0.2902888059616089,0.061325784772634506,0.29081493616104126,0.06174618750810623,0.2903558611869812,0.06134248524904251
4,0.10484062135219574,0.044680800288915634,0.10488501936197281,0.04462803155183792,0.10482259094715118,0.04449085518717766,0.10483632981777191,0.04448458179831505,0.10470795631408691,0.04469074681401253,0.10483777523040771,0.04450202360749245
5,0.05287223309278488,0.019882356747984886,0.05295296758413315,0.01993253082036972,0.05303984880447388,0.019992034882307053,0.05304000899195671,0.01999274455010891,0.05288528650999069,0.01972176320850849,0.05300650745630264,0.019975049421191216
6,0.07081986218690872,0.022052085027098656,0.07082078605890274,0.021922698244452477,0.07087268680334091,0.022070087492465973,0.0708695575594902,0.022070245817303658,0.06962689757347107,0.020052723586559296,0.07092387974262238,0.021991632878780365
7,0.05303352326154709,0.007373470813035965,0.05304408073425293,0.007360154762864113,0.05299597978591919,0.007204720284789801,0.05300832539796829,0.0072120982222259045,0.05323456972837448,0.00801929272711277,0.05296113342046738,0.007261522579938173
8,0.10270416736602783,0.051667239516973495,0.10272349417209625,0.051667168736457825,0.1027190089225769,0.05207985267043114,0.10264094173908234,0.05212190002202988,0.10286493599414825,0.051084697246551514,0.10267679393291473,0.05212195962667465
9,0.05372227355837822,0.009567143395543098,0.05384873226284981,0.009641225449740887,0.053660131990909576,0.009453107602894306,0.05359051749110222,0.009423383511602879,0.053136058151721954,0.010113499127328396,0.053598593920469284,0.009419618174433708
10,0.07420271635055542,0.03884420543909073,0.07469044625759125,0.038483574986457825,0.07466746866703033,0.03803374245762825,0.07425796985626221,0.03843787685036659,0.07413725554943085,0.03877338394522667,0.07474328577518463,0.03800263628363609
11,0.09380047768354416,0.05674266442656517,0.0940714105963707,0.056557632982730865,0.09436365216970444,0.05623546615242958,0.09513747692108154,0.05577503517270088,0.09383387863636017,0.05153977870941162,0.09455808252096176,0.056093621999025345
12,0.10399998724460602,0.06583888828754425,0.10435964912176132,0.06568723917007446,0.10478530079126358,0.06713774055242538,0.10501492023468018,0.06631390005350113,0.10652871429920197,0.06803605705499649,0.1044023409485817,0.06735914945602417
13,0.10640059411525726,0.05329540744423866,0.10680137574672699,0.05325953662395477,0.10677490383386612,0.0517444834113121,0.10486117750406265,0.04764581471681595,0.09331326186656952,0.027559954673051834,0.1054672971367836,0.05187954008579254
14,0.15250316262245178,0.07721270620822906,0.1522645503282547,0.07713835686445236,0.15259192883968353,0.0777403935790062,0.15039758384227753,0.07823669910430908,0.18299655616283417,0.10253915935754776,0.15310338139533997,0.07845671474933624
15,0.2356622964143753,0.11938954144716263,0.2351137399673462,0.1201603040099144,0.23446059226989746,0.11997566372156143,0.23586711287498474,0.12063537538051605,0.2194109410047531,0.12741650640964508,0.2343536615371704,0.12012283504009247
16,0.15022939443588257,0.12754738330841064,0.1527060568332672,0.12617127597332,0.15306739509105682,0.12523002922534943,0.15492509305477142,0.12482712417840958,0.15407678484916687,0.12435932457447052,0.1503065675497055,0.1265527904033661
17,0.23656705021858215,0.12296619266271591,0.23679408431053162,0.12341465055942535,0.23493604362010956,0.12260112911462784,0.23368282616138458,0.12346586585044861,0.23255571722984314,0.10670161247253418,0.2351829707622528,0.12199794501066208
18,0.18984976410865784,0.09509138017892838,0.1920638531446457,0.09192728996276855,0.1933070719242096,0.09333525598049164,0.19205302000045776,0.09166999906301498,0.1972746104001999,0.09383179247379303,0.189217671751976,0.09832791984081268
19,0.23594161868095398,0.18763424456119537,0.23824651539325714,0.18783822655677795,0.23862536251544952,0.18574146926403046,0.24014532566070557,0.18285690248012543,0.2426588535308838,0.1841953843832016,0.23591768741607666,0.18484096229076385
20,0.2088683843612671,0.1147753968834877,0.21112065017223358,0.11661043018102646,0.2129306048154831,0.11396261304616928,0.21409472823143005,0.11251901090145111,0.21283498406410217,0.11621792614459991,0.209307461977005,0.11027977615594864
21,0.15023502707481384,0.06626037508249283,0.15446937084197998,0.0646127462387085,0.14881806075572968,0.06712985783815384,0.14965365827083588,0.06716731190681458,0.14922040700912476,0.06792059540748596,0.14479537308216095,0.06895492970943451
22,0.19354744255542755,0.1674404889345169,0.19439271092414856,0.16956380009651184,0.19284407794475555,0.17106257379055023,0.20063748955726624,0.16917067766189575,0.1926552653312683,0.16379258036613464,0.1917179673910141,0.16461604833602905
23,0.284929096698761,0.2592296898365021,0.2820107340812683,0.2615283131599426,0.2843901515007019,0.25878289341926575,0.2838219106197357,0.2594238817691803,0.2870030701160431,0.2691068947315216,0.28386765718460083,0.2585377097129822
24,0.15491056442260742,0.10641545057296753,0.16111181676387787,0.10619204491376877,0.15931402146816254,0.10735663026571274,0.15582187473773956,0.10614533722400665,0.13192369043827057,0.08431050181388855,0.15572258830070496,0.10952762514352798
25,0.256252259016037,0.24424432218074799,0.2606249451637268,0.24214136600494385,0.25669336318969727,0.24034886062145233,0.2548891603946686,0.23632842302322388,0.25751081109046936,0.23962046205997467,0.25400832295417786,0.2446291297674179
26,0.14130926132202148,0.10883168131113052,0.14699387550354004,0.10703683644533157,0.1469404101371765,0.10352836549282074,0.14501002430915833,0.10461032390594482,0.1320340484380722,0.10573116689920425,0.14484167098999023,0.1038137674331665
27,0.1837334781885147,0.16323378682136536,0.18113704025745392,0.1623631864786148,0.18014156818389893,0.1595204770565033,0.1795903742313385,0.16031379997730255,0.22492194175720215,0.17893148958683014,0.18255561590194702,0.15878933668136597
28,0.36312609910964966,0.2570357024669647,0.3667874038219452,0.2646094858646393,0.3735259473323822,0.2644319236278534,0.36916583776474,0.26005983352661133,0.33003994822502136,0.2710990607738495,0.37252989411354065,0.26492446660995483
29,0.26914408802986145,0.27664101123809814,0.26699376106262207,0.27740001678466797,0.26059234142303467,0.2724694609642029,0.264302521944046,0.2769125998020172,0.30284732580184937,0.28282850980758667,0.2616841495037079,0.2663087844848633
30,0.30354875326156616,0.23268195986747742,0.29821547865867615,0.23731327056884766,0.29462605714797974,0.24242612719535828,0.2940846383571625,0.2386326789855957,0.31286123394966125,0.2240060567855835,0.29765784740448,0.23705662786960602
31,0.16252373158931732,0.13932549953460693,0.15952882170677185,0.1349680870771408,0.15917092561721802,0.13411615788936615,0.1573159396648407,0.13446226716041565,0.1655697226524353,0.13447338342666626,0.16280153393745422,0.13588808476924896
32,0.27136266231536865,0.31106263399124146,0.27170366048812866,0.3113192319869995,0.26922422647476196,0.31492435932159424,0.2667587101459503,0.3116675019264221,0.27264130115509033,0.3181464970111847,0.2680862843990326,0.31261736154556274
33,0.1610252559185028,0.14621932804584503,0.15802274644374847,0.14921331405639648,0.16649025678634644,0.14455607533454895,0.1650206595659256,0.1458127349615097,0.1694677323102951,0.1482291966676712,0.20664863288402557,0.1792677342891693
34,0.21079345047473907,0.23658734560012817,0.1708875596523285,0.22353067994117737,0.17110975086688995,0.22331978380680084,0.17137253284454346,0.22311685979366302,0.16957081854343414,0.22846591472625732,0.16974231600761414,0.22258499264717102
35,0.12730073928833008,0.1264658272266388,0.16510014235973358,0.16029879450798035,0.16436097025871277,0.15015524625778198,0.12726962566375732,0.11434374749660492,0.13501426577568054,0.11829932034015656,0.1663995385169983,0.15680642426013947
36,0.16384558379650116,0.2356458455324173,0.20875608921051025,0.2506546974182129,0.16267409920692444,0.23462849855422974,0.1669449359178543,0.23303258419036865,0.16907751560211182,0.23815284669399261,0.16692188382148743,0.2369941920042038
37,0.11892546713352203,0.11876800656318665,0.12489242851734161,0.1191742941737175,0.17957855761051178,0.17688550055027008,0.12917396426200867,0.11950986832380295,0.13663052022457123,0.12032639235258102,0.17235329747200012,0.17189426720142365
38,0.1330501139163971,0.12702573835849762,0.13748207688331604,0.12811170518398285,0.13607528805732727,0.1262207180261612,0.13272415101528168,0.1289229691028595,0.09612960368394852,0.021075664088129997,0.13931772112846375,0.1259709596633911
39,0.17688126862049103,0.16999348998069763,0.21868284046649933,0.20339056849479675,0.21481895446777344,0.20694714784622192,0.21594540774822235,0.20786963403224945,0.2115902602672577,0.20040416717529297,0.21358609199523926,0.19725394248962402
40,0.17992857098579407,0.1758878529071808,0.22291751205921173,0.20451761782169342,0.2791683077812195,0.32438725233078003,0.2713519036769867,0.3164975941181183,0.28312188386917114,0.313009649515152,0.3276837468147278,0.3286871314048767
41,0.24137763679027557,0.23166820406913757,0.20444829761981964,0.20550766587257385,0.18731188774108887,0.1929117888212204,0.239139124751091,0.2346864640712738,0.250704824924469,0.2294199913740158,0.14581583440303802,0.1556822955608368
42,0.42894020676612854,0.2885059714317322,0.38120681047439575,0.30438804626464844,0.3383166790008545,0.31097525358200073,0.384702205657959,0.30398717522621155,0.3366451859474182,0.30817434191703796,0.3362278342247009,0.312455952167511
43,0.32905587553977966,0.39852720499038696,0.32990342378616333,0.4016673266887665,0.3361624777317047,0.4060881733894348,0.3291102349758148,0.4037785530090332,0.3292357325553894,0.3814617097377777,0.38682323694229126,0.40713411569595337
44,0.3961971700191498,0.31561577320098877,0.34658893942832947,0.3284657597541809,0.34034043550491333,0.32319456338882446,0.34518593549728394,0.32457852363586426,0.3979136049747467,0.41506579518318176,0.3409103751182556,0.3221821188926697
45,0.3040549159049988,0.23730255663394928,0.2545809745788574,0.22781820595264435,0.2407720983028412,0.2287096232175827,0.24633893370628357,0.22476494312286377,0.2513701021671295,0.23326344788074493,0.24918606877326965,0.22734679281711578
46,0.257073312997818,0.2462182492017746,0.3043590784072876,0.2653912901878357,0.25804004073143005,0.24389265477657318,0.24885186553001404,0.23740310966968536,0.2615053653717041,0.24183310568332672,0.31332552433013916,0.26693853735923767
47,0.15210440754890442,0.1558731198310852,0.2086523473262787,0.20936068892478943,0.21142125129699707,0.20700138807296753,0.20793667435646057,0.20104119181632996,0.19763123989105225,0.20108050107955933,0.15709592401981354,0.1525215357542038
48,0.14157643914222717,0.14713935554027557,0.14345094561576843,0.15002129971981049,0.19776597619056702,0.2048967331647873,0.14174047112464905,0.1485104113817215,0.09188338369131088,0.01740238256752491,0.244950532913208,0.32489213347435
49,0.09685393422842026,0.014869916252791882,0.1500060111284256,0.16829322278499603,0.1570730060338974,0.15923932194709778,0.09585641324520111,0.017416246235370636,0.14804889261722565,0.15275871753692627,0.15797773003578186,0.15997372567653656
50,0.09595828503370285,0.016496900469064713,0.0943063348531723,0.01613738387823105,0.2601397633552551,0.35599973797798157,0.20798726379871368,0.3355027735233307,0.20962557196617126,0.32283490896224976,0.09985363483428955,0.020469143986701965
51,0.324809193611145,0.3955434262752533,0.32718977332115173,0.3847716748714447,0.37806132435798645,0.3796514570713043,0.31440967321395874,0.3765066862106323,0.40450286865234375,0.38974660634994507,0.38618722558021545,0.38491687178611755
52,0.10253622382879257,0.021096045151352882,0.10590650141239166,0.02764919586479664,0.10513995587825775,0.02198036015033722,0.10107366740703583,0.019895298406481743,0.10826577246189117,0.029990101233124733,0.11478346586227417,0.020336048677563667
53,0.2747355103492737,0.37730011343955994,0.21283459663391113,0.35582461953163147,0.2155781090259552,0.36473190784454346,0.21256515383720398,0.36606407165527344,0.21868601441383362,0.36483776569366455,0.27984854578971863,0.38527607917785645
54,0.33198970556259155,0.29135623574256897,0.33564305305480957,0.2989982068538666,0.3849324882030487,0.2843092083930969,0.3388078808784485,0.30165618658065796,0.2858952283859253,0.28398796916007996,0.3887275755405426,0.38240036368370056
55,0.17149710655212402,0.19971491396427155,0.22121568024158478,0.22998686134815216,0.3317091763019562,0.28687331080436707,0.2914605140686035,0.28386539220809937,0.35808563232421875,0.28971394896507263,0.16907402873039246,0.18785561621189117
56,0.3584810793399811,0.2817215919494629,0.3576551079750061,0.2958245277404785,0.24734047055244446,0.23942048847675323,0.305599182844162,0.2732814848423004,0.2949133515357971,0.2806008458137512,0.2372555434703827,0.23600143194198608
57,0.3662680387496948,0.4127981662750244,0.29407212138175964,0.380153089761734,0.2892341613769531,0.3702719509601593,0.2899322509765625,0.37878817319869995,0.2246609628200531,0.24966880679130554,0.33153289556503296,0.3852839469909668
58,0.30256691575050354,0.40241357684135437,0.3058774769306183,0.39776724576950073,0.30500513315200806,0.41609230637550354,0.36871474981307983,0.42783886194229126,0.497808039188385,0.4985570013523102,0.4862945079803467,0.6234169602394104
59,0.37097495794296265,0.44405287504196167,0.2997426688671112,0.4156138598918915,0.37162989377975464,0.41817694902420044,0.3054322600364685,0.4204367995262146,0.3691653907299042,0.4417451322078705,0.35884833335876465,0.4202292859554291
60,0.4952150285243988,0.43188372254371643,0.606543242931366,0.6087777018547058,0.5389479398727417,0.4955168664455414,0.6133754253387451,0.4884065091609955,0.574647068977356,0.5440056324005127,0.36822232604026794,0.4251488745212555
61,0.47014284133911133,0.7235401272773743,0.28030869364738464,0.29300427436828613,0.22985048592090607,0.25238916277885437,0.2907751202583313,0.2742273509502411,0.22551190853118896,0.2479850798845291,0.3684229254722595,0.31204289197921753
62,0.19330599904060364,0.20448510348796844,0.24264729022979736,0.26030048727989197,0.29925286769866943,0.3912343680858612,0.24514468014240265,0.27453428506851196,0.24585361778736115,0.27083155512809753,0.3071710467338562,0.2878274917602539
63,0.09569613635540009,0.025280969217419624,0.16156725585460663,0.20023807883262634,0.16807503998279572,0.19299840927124023,0.0895182341337204,0.018987556919455528,0.18728220462799072,0.23475287854671478,0.16710488498210907,0.2008565068244934
64,0.16302524507045746,0.19394943118095398,0.15725503861904144,0.19767120480537415,0.22723141312599182,0.26954934000968933,0.23955698311328888,0.27027806639671326,0.22764579951763153,0.25959810614585876,0.16433289647102356,0.19694483280181885
65,0.3999063968658447,0.3196410536766052,0.5285226106643677,0.44261568784713745,0.38402363657951355,0.3503546118736267,0.3941885530948639,0.3464103043079376,0.3016106188297272,0.3025619685649872,0.33271995186805725,0.35732904076576233
66,0.30105775594711304,0.3107839524745941,0.29320618510246277,0.2934144139289856,0.2896338999271393,0.3099535405635834,0.2244439423084259,0.2781810462474823,0.18377812206745148,0.2054121047258377,0.369288831949234,0.48604145646095276
67,0.3710392415523529,0.3167547881603241,0.37330135703086853,0.3406426012516022,0.3690403401851654,0.32641807198524475,0.3877468705177307,0.31809428334236145,0.3080593943595886,0.2953700125217438,0.43026280403137207,0.3378656506538391
68,0.16067442297935486,0.2146899402141571,0.16851738095283508,0.210090771317482,0.1794671267271042,0.23109768331050873,0.09191881120204926,0.020359506830573082,0.1159234493970871,0.07233400642871857,0.23483619093894958,0.2750314176082611
69,0.24990034103393555,0.2721044719219208,0.396676242351532,0.33811435103416443,0.3870561122894287,0.3627893924713135,0.3906043469905853,0.341992050409317,0.5106667280197144,0.4153595566749573,0.3889015316963196,0.4547661244869232
70,0.23254354298114777,0.4246692359447479,0.17650434374809265,0.18393826484680176,0.2612743675708771,0.2692652642726898,0.2412331998348236,0.27490702271461487,0.190766841173172,0.20226003229618073,0.14877645671367645,0.09162027388811111
71,0.4651859700679779,0.5793172717094421,0.4398402273654938,0.5728647112846375,0.33252793550491333,0.4573112428188324,0.4583528935909271,0.5714398622512817,0.5218338370323181,0.5768758654594421,0.3872491717338562,0.5649623274803162
72,0.3812662661075592,0.4630987048149109,0.38632237911224365,0.4705778956413269,0.3334537446498871,0.34721866250038147,0.3802708387374878,0.35015586018562317,0.2293400764465332,0.2969174087047577,0.3781988024711609,0.35682591795921326
73,0.38597527146339417,0.35731083154678345,0.3309668004512787,0.32499298453330994,0.39467668533325195,0.4774061441421509,0.32381677627563477,0.3351411819458008,0.39134183526039124,0.3591766059398651,0.4622166156768799,0.3794379234313965
74,0.5244733095169067,0.4800286591053009,0.23172128200531006,0.30116716027259827,0.6109520196914673,0.4948101341724396,0.5446297526359558,0.6076430678367615,0.6704808473587036,0.6378375887870789,0.39667898416519165,0.5195609331130981
75,0.2426406443119049,0.29260915517807007,0.16446994245052338,0.22978395223617554,0.3090924024581909,0.3437219560146332,0.2631285488605499,0.2981455624103546,0.24525830149650574,0.30530670285224915,0.4710582196712494,0.36633843183517456
76,0.2521906793117523,0.3182608187198639,0.18526732921600342,0.21543145179748535,0.5411945581436157,0.4955222010612488,0.532293438911438,0.4967902898788452,0.2403847873210907,0.4599539041519165,0.4912591874599457,0.4938341975212097
77,0.25129249691963196,0.4679364264011383,0.11296112835407257,0.039308518171310425,0.24336287379264832,0.3055174946784973,0.46959200501441956,0.36471354961395264,0.1761876940727234,0.22173970937728882,0.165824294090271,0.21644280850887299
78,0.24787671864032745,0.3000216782093048,0.4007438123226166,0.4980733096599579,0.6278496980667114,0.7385101318359375,0.5505303144454956,0.6760927438735962,0.3854295611381531,0.6996497511863708,0.6388334631919861,0.7653117179870605
79,0.24136507511138916,0.31949347257614136,0.17605085670948029,0.21790330111980438,0.4555007517337799,0.5043964982032776,0.23531636595726013,0.30298441648483276,0.16662950813770294,0.2209414839744568,0.2309194803237915,0.3139735460281372
80,0.33556973934173584,0.34322744607925415,0.2624513506889343,0.31930509209632874,0.18251067399978638,0.22354911267757416,0.08333244174718857,0.024931086227297783,0.19727224111557007,0.24694477021694183,0.26417431235313416,0.3043251931667328
81,0.16154006123542786,0.2313503473997116,0.1740095615386963,0.22678697109222412,0.17211481928825378,0.25952720642089844,0.3419836461544037,0.378789484500885,0.4025734066963196,0.4955836236476898,0.40385299921035767,0.3723779618740082
82,0.2612319588661194,0.2993984520435333,0.24131450057029724,0.300607830286026,0.09143282473087311,0.03449629619717598,0.3864862322807312,0.5065815448760986,0.23928377032279968,0.30052879452705383,0.31996074318885803,0.3356432318687439
83,0.4049287438392639,0.5182180404663086,0.554725706577301,0.5284806489944458,0.47328537702560425,0.517767071723938,0.4704973101615906,0.5278056859970093,0.4652318060398102,0.5228017568588257,0.54825359582901,0.6247490644454956
84,0.5515289306640625,0.7278227210044861,0.5596920251846313,0.7104200720787048,0.7135683298110962,0.6753913760185242,0.3455645740032196,0.49190008640289307,0.401999294757843,0.7111936807632446,0.1646401733160019,0.2287183701992035
85,0.33464035391807556,0.5206049680709839,0.1627691686153412,0.22560638189315796,0.16018250584602356,0.22555573284626007,0.3373916447162628,0.5090624094009399,0.172766774892807,0.2636954188346863,0.38995596766471863,0.7011587023735046
86,0.3038185238838196,0.3523288667201996,0.31696611642837524,0.34212204813957214,0.1678341180086136,0.23093107342720032,0.31854525208473206,0.34972402453422546,0.16414803266525269,0.23331297934055328,0.3226885199546814,0.3482900559902191
87,0.4541890025138855,0.5200584530830383,0.2361116111278534,0.3076073229312897,0.15757741034030914,0.2350597381591797,0.40207958221435547,0.3926563262939453,0.3191564381122589,0.3462026119232178,0.3083984851837158,0.3678186237812042
88,0.3196912407875061,0.3751780688762665,0.24180357158184052,0.29725247621536255,0.3911970257759094,0.5080201625823975,0.1076604351401329,0.05576346069574356,0.3899117708206177,0.3987407386302948,0.33451494574546814,0.35756805539131165
89,0.4013071060180664,0.34997129440307617,0.3980766832828522,0.5008702278137207,0.7211171388626099,0.6741368174552917,0.3113650679588318,0.3657282888889313,0.16411156952381134,0.26013413071632385,0.6318936347961426,0.9374459981918335
90,0.4811553359031677,0.38324424624443054,0.4024733901023865,0.3899470269680023,0.23394159972667694,0.31092390418052673,0.2974180579185486,0.30902960896492004,0.4749329686164856,0.3689120411872864,0.4063606858253479,0.5093300938606262
91,0.3858695328235626,0.5103486180305481,0.4516127109527588,0.5304787158966064,0.29948389530181885,0.4977198541164398,0.30909785628318787,0.3622622489929199,0.22354714572429657,0.31409645080566406,0.5400254130363464,0.8286203742027283
92,0.17314031720161438,0.25381091237068176,0.08000339567661285,0.026022212579846382,0.16581672430038452,0.2205798625946045,0.3083576560020447,0.3599199950695038,0.2432868480682373,0.3319474756717682,0.3161393105983734,0.3607367277145386
93,0.38187867403030396,0.3749527931213379,0.3912504017353058,0.37361499667167664,0.5554306507110596,0.5254455208778381,0.3118698000907898,0.3506045341491699,0.41813355684280396,0.35600534081459045,0.22281019389629364,0.317840039730072
94,0.2275753915309906,0.30513209104537964,0.5434883236885071,0.6309638619422913,0.46436452865600586,0.5113264918327332,0.2235235720872879,0.3114447295665741,0.3101610243320465,0.496613472700119,0.23488888144493103,0.4841046631336212
95,0.2954261600971222,0.49814045429229736,0.23922213912010193,0.46560731530189514,0.46991151571273804,0.5218705534934998,0.39653295278549194,0.642028272151947,0.455099493265152,0.38374653458595276,0.31528544425964355,0.5203192234039307
96,0.21278193593025208,0.48838716745376587,0.3020777106285095,0.5036539435386658,0.07657207548618317,0.022176725789904594,0.18494078516960144,0.2531128525733948,0.07108166068792343,0.025951487943530083,0.24125543236732483,0.3036717176437378
97,0.14543284475803375,0.23078440129756927,0.14039069414138794,0.23172713816165924,0.3060442805290222,0.495633065700531,0.13956399261951447,0.22855359315872192,0.30722498893737793,0.4942629635334015,0.14381414651870728,0.23549064993858337
98,0.06676836311817169,0.02397790364921093,0.1595497727394104,0.2391873449087143,0.15252366662025452,0.231146439909935,0.39150533080101013,0.5139275789260864,0.312960684299469,0.5086724162101746,0.3377857506275177,0.40997549891471863
99,0.24488982558250427,0.30026736855506897,0.3093748688697815,0.3551217019557953,0.3000870645046234,0.3425551652908325,0.3252224326133728,0.3728196322917938,0.1627330332994461,0.21889202296733856,0.24105200171470642,0.31808653473854065
100,0.39858269691467285,0.5168325901031494,0.39810410141944885,0.5310131907463074,0.1772264689207077,0.2324153184890747,0.4993741512298584,0.3741890490055084,0.40464895963668823,0.5071051716804504,0.24542132019996643,0.30439531803131104
101,0.40549665689468384,0.6261535286903381,0.46300554275512695,0.6433224081993103,0.5874221920967102,0.6813039183616638,0.382104754447937,0.5397880673408508,0.5154779553413391,0.6942010521888733,0.2352284938097,0.33492282032966614
102,0.2378842532634735,0.30014556646347046,0.26607367396354675,0.30429700016975403,0.09551095962524414,0.04595755413174629,0.21735528111457825,0.21807239949703217,0.07677063345909119,0.03586669638752937,0.32429322600364685,0.35456016659736633
103,0.253664493560791,0.29757335782051086,0.17004281282424927,0.22607894241809845,0.22919173538684845,0.30224043130874634,0.26198238134384155,0.3243497312068939,0.1971764862537384,0.2592514455318451,0.3915058970451355,0.5248109102249146
104,0.29874590039253235,0.5107801556587219,0.3844687342643738,0.5086541175842285,0.2276081144809723,0.30237334966659546,0.21509850025177002,0.31772327423095703,0.39362233877182007,0.6162627935409546,0.29221272468566895,0.3558909296989441
105,0.31733238697052,0.37679943442344666,0.2229662388563156,0.30994850397109985,0.2448783814907074,0.30428656935691833,0.3357012867927551,0.35198938846588135,0.5466046929359436,0.6143979430198669,0.401522696018219,0.5310384631156921
106,0.3130389451980591,0.38017669320106506,0.3960188031196594,0.36897969245910645,0.38722482323646545,0.5363719463348389,0.568128228187561,0.5340621471405029,0.3253782391548157,0.3454102873802185,0.7053617835044861,0.5797045230865479
107,0.3246176838874817,0.36972400546073914,0.08514881134033203,0.026406865566968918,0.22237010300159454,0.3078049421310425,0.13798265159130096,0.2285347729921341,0.1766393780708313,0.25749635696411133,0.45927348732948303,0.3892808258533478
108,0.14909671247005463,0.22689171135425568,0.21851451694965363,0.3153197765350342,0.22036293148994446,0.3185912072658539,0.2200654298067093,0.3185817301273346,0.3223494291305542,0.3485995829105377,0.6137416362762451,0.6046654582023621
109,0.5643123984336853,0.6154772639274597,0.3789258897304535,0.5144544243812561,0.24714186787605286,0.49197903275489807,0.3946616053581238,0.5291853547096252,0.6267298460006714,0.6180017590522766,0.46594157814979553,0.6567962765693665
110,0.2956581711769104,0.5009679198265076,0.37992480397224426,0.38314124941825867,0.4619695544242859,0.5214563012123108,0.16715332865715027,0.229411318898201,0.20022480189800262,0.23413561284542084,0.2968136668205261,0.3734460175037384
111,0.30327728390693665,0.35931622982025146,0.3772842288017273,0.3852403163909912,0.5378175377845764,0.629934549331665,0.30673840641975403,0.3483484983444214,0.3274821639060974,0.35020458698272705,0.47108641266822815,0.5018449425697327
112,0.29895102977752686,0.48896414041519165,0.38489264249801636,0.3988696336746216,0.2433045357465744,0.45481690764427185,0.4627426266670227,0.5345374345779419,0.2425679713487625,0.3016362488269806,0.32213467359542847,0.367031991481781
113,0.4724467396736145,0.7257290482521057,0.2475845366716385,0.3229384422302246,0.34740638732910156,0.3731054961681366,0.16619154810905457,0.2369934767484665,0.2608487606048584,0.3241865932941437,0.23257668316364288,0.48304685950279236
114,0.24866214394569397,0.3204262852668762,0.3840331435203552,0.3845316171646118,0.5517499446868896,0.7141935229301453,0.24351000785827637,0.327507883310318,0.35624513030052185,0.3738735318183899,0.25978031754493713,0.31213220953941345
115,0.22630596160888672,0.3133818209171295,0.24074077606201172,0.30489036440849304,0.38548538088798523,0.3836439549922943,0.395732045173645,0.3878668546676636,0.23698243498802185,0.46749013662338257,0.47504058480262756,0.3967718482017517
116,0.15271784365177155,0.23488956689834595,0.6224907040596008,0.6089169383049011,0.22787606716156006,0.3063960671424866,0.4768281877040863,0.5254249572753906,0.5501073598861694,0.520677924156189,0.3899820148944855,0.5367064476013184
117,0.39435192942619324,0.5250592231750488,0.6119566559791565,0.6097527742385864,0.4605604112148285,0.39351558685302734,0.25064727663993835,0.2945447862148285,0.4729209542274475,0.4004681408405304,0.5542442798614502,0.5258123278617859
118,0.3799404799938202,0.37744057178497314,0.3084825277328491,0.3603150546550751,0.23728516697883606,0.31058624386787415,0.24364785850048065,0.3036942780017853,0.2264144867658615,0.3103543519973755,0.3969065546989441,0.3850652873516083
119,0.2368467152118683,0.3017193078994751,0.45517992973327637,0.525593101978302,0.23150253295898438,0.3158102035522461,0.31586986780166626,0.3610246777534485,0.08336776494979858,0.02795717492699623,0.17615322768688202,0.23658926784992218
120,0.5596352815628052,0.5175237655639648,0.22063305974006653,0.30995458364486694,0.3076017498970032,0.352949857711792,0.6460217237472534,0.3521153926849365,0.3118334710597992,0.38035064935684204,0.39846566319465637,0.38755181431770325
121,0.3893527686595917,0.3766433000564575,0.40402859449386597,0.41247501969337463,0.49190980195999146,0.5582393407821655,0.42853203415870667,0.3986707329750061,0.2258189171552658,0.3267895579338074,0.3880275785923004,0.3986990749835968
122,0.3198601305484772,0.3526831567287445,0.23114843666553497,0.31184864044189453,0.24560895562171936,0.3098336160182953,0.22960655391216278,0.31313562393188477,0.2558850049972534,0.4528527557849884,0.41332587599754333,0.5721359848976135
123,0.5636683702468872,0.38929006457328796,0.48065081238746643,0.5164369940757751,0.5543415546417236,0.6263269186019897,0.33111900091171265,0.36407342553138733,0.48350152373313904,0.39530149102211,0.7233952283859253,0.568537175655365
124,0.18915590643882751,0.2304336130619049,0.25605666637420654,0.3027312457561493,0.3264307677745819,0.4971407949924469,0.30957069993019104,0.3505570590496063,0.5524197220802307,0.37108197808265686,0.3283815085887909,0.38089755177497864
125,0.32218804955482483,0.498915433883667,0.32457664608955383,0.7212503552436829,0.31502920389175415,0.3628837466239929,0.08546216785907745,0.019840676337480545,0.16125279664993286,0.24870741367340088,0.2548518478870392,0.29526305198669434
126,0.5517600774765015,0.635783851146698,0.25933822989463806,0.3108099699020386,0.4051074981689453,0.3829876780509949,0.3110763132572174,0.49634048342704773,0.40871208906173706,0.5428277850151062,0.38864079117774963,0.5124395489692688
127,0.18758656084537506,0.2426752746105194,0.2761402428150177,0.31838127970695496,0.403573215007782,0.5071547031402588,0.26171165704727173,0.3095575273036957,0.4871821403503418,0.5108349919319153,0.5485528707504272,0.6269639134407043
128,0.333421528339386,0.3543843924999237,0.26442044973373413,0.3260077238082886,0.40459561347961426,0.5112017393112183,0.2492104023694992,0.3206441402435303,0.4076632857322693,0.4048621356487274,0.49026450514793396,0.5188842415809631
129,0.08802486956119537,0.01815415360033512,0.3259274363517761,0.35083991289138794,0.17407026886940002,0.24323204159736633,0.1620238721370697,0.22424016892910004,0.4886538088321686,0.5244043469429016,0.3225691318511963,0.3602132499217987
130,0.6287875175476074,0.35083112120628357,0.24778592586517334,0.3145826756954193,0.47729820013046265,0.53266441822052,0.2711896300315857,0.28761565685272217,0.31939712166786194,0.3501080870628357,0.48362216353416443,0.5156570672988892
131,0.31797298789024353,0.5086212754249573,0.4904018044471741,0.6239460706710815,0.42884451150894165,0.35844510793685913,0.25252681970596313,0.32645338773727417,0.1871831715106964,0.24140101671218872,0.5859147310256958,0.5133219361305237
132,0.5601410269737244,0.5153204798698425,0.2523581385612488,0.32269835472106934,0.41438785195350647,0.5212226510047913,0.558876633644104,0.5236055850982666,0.8116296529769897,0.8050286173820496,0.26059865951538086,0.337088018655777
133,0.3607954978942871,0.5111192464828491,0.279900461435318,0.30922701954841614,0.32901084423065186,0.4908616840839386,0.31160038709640503,0.49499717354774475,0.17664587497711182,0.23213732242584229,0.3286129832267761,0.4939158856868744
134,0.1622292846441269,0.2356247752904892,0.26192349195480347,0.3469691574573517,0.17863832414150238,0.24767185747623444,0.23320944607257843,0.3136785626411438,0.10493481159210205,0.03255819156765938,0.3494977056980133,0.40346503257751465
135,0.40519213676452637,0.5098841190338135,0.35305172204971313,0.371285080909729,0.17917539179325104,0.23426197469234467,0.16296225786209106,0.2306527942419052,0.3313416540622711,0.3637882173061371,0.18521443009376526,0.24539543688297272
136,0.477461576461792,0.5358123779296875,0.16786852478981018,0.2506917119026184,0.42813459038734436,0.35970479249954224,0.4032241702079773,0.389695405960083,0.7277995347976685,0.2949145436286926,0.11125242710113525,0.037210818380117416
137,0.2759607434272766,0.3187870979309082,0.7324387431144714,0.6613304018974304,0.3477875590324402,0.3537411689758301,0.12128777801990509,0.08540105074644089,0.20109662413597107,0.23896270990371704,0.5046361684799194,0.5226960778236389
138,0.3393356204032898,0.35855579376220703,0.09529926627874374,0.02644040621817112,0.41649842262268066,0.49832674860954285,0.5108541250228882,0.530784547328949,0.17026594281196594,0.23253022134304047,0.17684306204319,0.24690501391887665
139,0.48193660378456116,0.5352404713630676,0.25773027539253235,0.32478299736976624,0.340975821018219,0.4913356304168701,0.39709386229515076,0.3934093415737152,0.20750126242637634,0.3166678845882416,0.18033847212791443,0.23706354200839996
140,0.26040905714035034,0.30820393562316895,0.6434931755065918,0.4912703335285187,0.6434376239776611,0.7739256024360657,0.7140350341796875,0.5909532308578491,0.4206053614616394,0.5513281226158142,0.17938636243343353,0.23077800869941711
141,0.33092373609542847,0.35171228647232056,0.5801091194152832,0.512690007686615,0.3915537893772125,0.3801839053630829,0.3571297526359558,0.36185047030448914,0.497435986995697,0.5269969701766968,0.4839208126068115,0.4002440869808197
142,0.3348003625869751,0.36192911863327026,0.16956141591072083,0.23440246284008026,0.40739646553993225,0.5135050415992737,0.18143819272518158,0.30612367391586304,0.2756769359111786,0.3168426752090454,0.26927679777145386,0.4688035249710083
143,0.3440261483192444,0.3614792227745056,0.3220899999141693,0.3653823435306549,0.4231184422969818,0.36912834644317627,0.41437679529190063,0.36983391642570496,0.51567542552948,0.5172396302223206,0.21622879803180695,0.22977809607982635
144,0.5713967084884644,0.3713226020336151,0.34139806032180786,0.3585048317909241,0.41006937623023987,0.39221909642219543,0.3370763659477234,0.35408544540405273,0.4055085778236389,0.5218493342399597,0.420676052570343,0.39031878113746643
145,0.32901889085769653,0.368837833404541,0.41794076561927795,0.5170347690582275,0.24894122779369354,0.3080334961414337,0.11602224409580231,0.06646998226642609,0.16578564047813416,0.22556117177009583,0.48783740401268005,0.531552255153656
146,0.1051577478647232,0.023120446130633354,0.32063060998916626,0.366387277841568,0.17901809513568878,0.22915153205394745,0.26713815331459045,0.4685418903827667,0.5862034559249878,0.6129307150840759,0.4318740963935852,0.515367865562439
147,0.3426259160041809,0.35351040959358215,0.5222746133804321,0.3846973478794098,0.41382479667663574,0.5232617259025574,0.3290686011314392,0.4953974485397339,0.5743659734725952,0.6104946732521057,0.3394257426261902,0.35762661695480347
148,0.5885717868804932,0.5225463509559631,0.33554479479789734,0.4935624599456787,0.4502146244049072,0.5203388333320618,0.6403222680091858,0.7063714861869812,0.5709980726242065,0.9988680481910706,0.5777655243873596,0.50357985496521
149,0.3479032814502716,0.3714147210121155,0.19466230273246765,0.23838920891284943,0.3779154419898987,0.41105616092681885,0.25511831045150757,0.3402330279350281,0.5791248083114624,0.531727135181427,0.4275960326194763,0.6135501861572266
150,0.33067116141319275,0.35489633679389954,0.18822290003299713,0.2444159984588623,0.26738452911376953,0.31657126545906067,0.5042650103569031,0.5263673067092896,0.621188759803772,0.6166291236877441,0.3460165560245514,0.3605473041534424
151,0.40937042236328125,0.5221920609474182,0.3305203318595886,0.3673894703388214,0.43152952194213867,0.3794998824596405,0.35172978043556213,0.33728301525115967,0.45195668935775757,0.4207930266857147,0.19499477744102478,0.23029853403568268
152,0.5036753416061401,0.5290359854698181,0.17386415600776672,0.23977889120578766,0.1302051693201065,0.03680744394659996,0.5706095695495605,0.3827626407146454,0.17886489629745483,0.22907774150371552,0.2605364918708801,0.4780365228652954
153,0.3343563675880432,0.35326075553894043,0.34171047806739807,0.3507418930530548,0.18932417035102844,0.22737696766853333,0.3465818166732788,0.3493753671646118,0.9759477376937866,0.8272518515586853,0.11766278743743896,0.030232496559619904
154,0.5063906908035278,0.39759135246276855,0.11197926104068756,0.020850542932748795,0.3691213130950928,0.5010361075401306,0.20099541544914246,0.2260265052318573,0.19219067692756653,0.23604881763458252,0.3563802242279053,0.369437575340271
155,0.35645592212677,0.38066965341567993,0.5323206186294556,0.7182501554489136,0.1843310296535492,0.23174536228179932,0.25415241718292236,0.3127586841583252,0.33724045753479004,0.38423824310302734,0.342957466840744,0.35483482480049133
156,0.3484981060028076,0.36070144176483154,0.45937079191207886,0.3504759967327118,0.5756983757019043,0.5293368101119995,0.4073544144630432,0.39206624031066895,0.13106957077980042,0.04431924223899841,0.28810951113700867,0.4806193709373474
157,0.3612823784351349,0.3720298111438751,0.2581103444099426,0.32679274678230286,0.3395446240901947,0.3549661636352539,0.34638506174087524,0.35175466537475586,0.25921887159347534,0.3258656859397888,0.2816886603832245,0.33443206548690796
158,0.2606279253959656,0.3223007023334503,0.3397143483161926,0.36867648363113403,0.26519328355789185,0.4683956503868103,0.6507853865623474,0.5154528021812439,0.20539574325084686,0.2517789900302887,0.27852165699005127,0.32991039752960205
159,0.4154004454612732,0.5089401602745056,0.4169650971889496,0.509113073348999,0.1949653923511505,0.2277795672416687,0.48954835534095764,0.5165993571281433,0.4304552972316742,0.38641828298568726,0.3715459406375885,0.4009253978729248
160,0.5854533910751343,0.6650567054748535,0.3365165591239929,0.347877562046051,0.2735145688056946,0.30120861530303955,0.17630358040332794,0.23877233266830444,0.49260157346725464,0.5192355513572693,0.4135192036628723,0.5100637674331665
161,0.264474481344223,0.3213389813899994,0.3381246030330658,0.3550277650356293,0.4248141646385193,0.3844097852706909,0.3512968420982361,0.35689419507980347,0.36414897441864014,0.3498230278491974,0.4907756447792053,0.5182093977928162
162,0.4338797926902771,0.3685638904571533,0.19909369945526123,0.23073893785476685,0.2630857825279236,0.31317824125289917,0.5721136331558228,0.5068945288658142,0.2005707323551178,0.2372123897075653,0.19473469257354736,0.24418234825134277
163,0.18410322070121765,0.2371925562620163,0.3674197793006897,0.5067676901817322,0.6650557518005371,0.5021452903747559,0.36589309573173523,0.5591645240783691,0.3424294888973236,0.3732946813106537,0.34098362922668457,0.3467492461204529
164,0.10897092521190643,0.023138873279094696,0.529712438583374,0.5161978006362915,0.3926079571247101,0.33629918098449707,0.18243473768234253,0.23282776772975922,0.27697545289993286,0.31688958406448364,0.6473237872123718,0.6125158667564392
165,0.6578984260559082,0.6208730936050415,0.3508012890815735,0.3687812089920044,0.4948601722717285,0.7075248956680298,0.7357175946235657,0.7562413215637207,0.6617535352706909,0.699852466583252,0.57814621925354,0.39211320877075195
166,0.35365748405456543,0.37360116839408875,0.5092477798461914,0.5335398316383362,0.20651288330554962,0.2403990477323532,0.4445251524448395,0.5142270922660828,0.2614467740058899,0.2960624098777771,0.6662891507148743,0.9940604567527771
167,0.5963878035545349,0.6620345711708069,0.4364069998264313,0.5209360122680664,0.2795574367046356,0.3149322271347046,0.584160566329956,0.7140026688575745,0.1958043873310089,0.2320779711008072,0.26412636041641235,0.32474732398986816
168,0.4225081503391266,0.38311904668807983,0.4394086003303528,0.5302180051803589,0.2739946246147156,0.3117871880531311,0.36234375834465027,0.4032299518585205,0.5952521562576294,0.4967647194862366,0.5087493658065796,0.4107877016067505
169,0.2169303596019745,0.23284479975700378,0.2023487538099289,0.22760111093521118,0.3614731729030609,0.4973435401916504,0.19704051315784454,0.23806895315647125,0.2879542112350464,0.2936120927333832,0.3665461540222168,0.35077834129333496
170,0.27187445759773254,0.3153371512889862,0.35504990816116333,0.35941797494888306,0.27336183190345764,0.492933988571167,0.42623773217201233,0.37552595138549805,0.6690212488174438,0.9295678734779358,0.27387943863868713,0.31072917580604553
171,0.29356926679611206,0.32231828570365906,0.18122655153274536,0.22766782343387604,0.5005034804344177,0.6200312376022339,0.352360337972641,0.3463488221168518,0.6655707955360413,0.5124714970588684,0.34644263982772827,0.35630694031715393
172,0.4998549520969391,0.5281588435173035,0.4188178479671478,0.37801140546798706,0.36763399839401245,0.3529946506023407,0.26524388790130615,0.3087712526321411,0.18949279189109802,0.239805668592453,0.5216132402420044,0.524977445602417
173,0.7570969462394714,0.8163936138153076,0.3610018789768219,0.3327747583389282,0.23695631325244904,0.24451760947704315,0.20231492817401886,0.2513757348060608,0.28098082542419434,0.31218811869621277,0.5092836618423462,0.3897542953491211
174,0.4220905303955078,0.3722679018974304,0.2749828100204468,0.31474295258522034,0.192457914352417,0.2390366643667221,0.4203239977359772,0.3765251934528351,0.2763622999191284,0.3444383442401886,0.3488035202026367,0.47726747393608093
175,0.28152215480804443,0.32177844643592834,0.4894253611564636,0.5169294476509094,0.5055166482925415,0.5263711810112,0.28868845105171204,0.2993616759777069,0.5175288915634155,0.40509989857673645,0.3505171537399292,0.36228829622268677
176,0.2791932225227356,0.2963578701019287,0.35858720541000366,0.3486919105052948,0.27528128027915955,0.45994701981544495,0.3488345444202423,0.4914054870605469,0.3710121214389801,0.3596567213535309,0.3486686050891876,0.34857118129730225
177,0.21095876395702362,0.2794435918331146,0.5890137553215027,0.5349834561347961,0.26868104934692383,0.30965790152549744,0.27549999952316284,0.32148730754852295,0.11942265182733536,0.03633866086602211,0.36780115962028503,0.37002742290496826
178,0.2842344045639038,0.3080206513404846,0.4219818115234375,0.5179290175437927,0.4296329915523529,0.3905012607574463,0.4345667362213135,0.3782336711883545,0.5854479670524597,0.5336852073669434,0.44890064001083374,0.3889131247997284
179,0.5248211622238159,0.3844425082206726,0.6100648045539856,0.6151310801506042,0.2061961144208908,0.2397369146347046,0.3503792881965637,0.37069636583328247,0.5044368505477905,0.3706958591938019,0.5050744414329529,0.5358802080154419
180,0.428473562002182,0.5137373805046082,0.4329851269721985,0.37190377712249756,0.1915343999862671,0.24434088170528412,0.36749130487442017,0.4937531054019928,0.2144155204296112,0.24604861438274384,0.1270447075366974,0.028770552948117256
181,0.37197741866111755,0.3573850691318512,0.28252118825912476,0.29990115761756897,0.43213382363319397,0.5135281682014465,0.2787579596042633,0.3227538466453552,0.530021071434021,0.6378095149993896,0.429055780172348,0.5223068594932556
182,0.3575872778892517,0.3556246757507324,0.1344076693058014,0.05489259958267212,0.5102409720420837,0.5368778705596924,0.2873455286026001,0.3012448847293854,0.6937401294708252,0.6952688694000244,0.20639419555664062,0.24701619148254395
183,0.3552822470664978,0.48825693130493164,0.27750033140182495,0.3007418215274811,0.5154095888137817,0.3793273866176605,0.14892712235450745,0.07139918208122253,0.28690990805625916,0.30014631152153015,0.5261520147323608,0.6985407471656799
184,0.22236685454845428,0.2243632972240448,0.5882840156555176,0.5343028903007507,0.27493053674697876,0.32653287053108215,0.3696465492248535,0.37600821256637573,0.29830092191696167,0.29935261607170105,0.3618338108062744,0.34213927388191223
185,0.34681135416030884,0.4847635328769684,0.362440824508667,0.38899773359298706,0.35523271560668945,0.5042845010757446,0.3483649492263794,0.49890556931495667,0.2957460582256317,0.4704919457435608,0.286373108625412,0.28995102643966675
186,0.42213988304138184,0.39154088497161865,0.6823941469192505,0.4691205620765686,0.3790716826915741,0.34671640396118164,0.6706875562667847,0.35307446122169495,0.5112765431404114,0.37598752975463867,0.2674714922904968,0.31339767575263977
187,0.27709734439849854,0.32445254921913147,0.34913477301597595,0.34322986006736755,0.36031416058540344,0.34422698616981506,0.26659485697746277,0.3045702278614044,0.5020895600318909,0.3847944736480713,0.4199516177177429,0.36336207389831543
188,0.4276553988456726,0.5131154656410217,0.3339233994483948,0.3645728528499603,0.19697430729866028,0.21924322843551636,0.42538318037986755,0.3789578974246979,0.8357548713684082,0.6931721568107605,0.19979332387447357,0.24536530673503876
189,0.5210478901863098,0.5152142643928528,0.45418399572372437,0.505436897277832,0.5188547372817993,0.5116501450538635,0.2681396007537842,0.3185088634490967,0.5953360795974731,0.4948900043964386,0.35598641633987427,0.34066909551620483
190,0.20552578568458557,0.2532418966293335,0.2757132053375244,0.45096516609191895,0.42240601778030396,0.5036185383796692,0.3623882234096527,0.5125108361244202,0.5251926779747009,0.38935190439224243,0.4267946779727936,0.3762255907058716
191,0.6591356992721558,0.7886731028556824,0.5018812417984009,0.4042043089866638,0.4476096034049988,0.3788754642009735,0.506147563457489,0.8025338053703308,0.4491618275642395,0.49006572365760803,0.43922266364097595,0.5125629305839539
192,0.6603440642356873,0.49586018919944763,0.29288172721862793,0.342048704624176,0.516891360282898,0.3921489119529724,0.34708887338638306,0.3398990035057068,0.4991818070411682,0.5258468985557556,0.4346844553947449,0.4987999498844147
193,0.18146222829818726,0.22882139682769775,0.35032573342323303,0.49056193232536316,0.5927666425704956,0.5708003640174866,0.34880125522613525,0.3416590094566345,0.7731828093528748,0.796535849571228,0.43681246042251587,0.5289985537528992
194,0.5077255368232727,0.4152640998363495,0.4459708333015442,0.5071199536323547,0.5054708123207092,0.6280282139778137,0.12269697338342667,0.03266870602965355,0.10573732852935791,0.03573695942759514,0.3579041659832001,0.3636438846588135
195,0.5955910682678223,0.5194886326789856,0.13490860164165497,0.04957883805036545,0.43033748865127563,0.39125770330429077,0.34833404421806335,0.3591005802154541,0.4324171543121338,0.5230358242988586,0.3498832583427429,0.3930360674858093
196,0.3498545289039612,0.3416934311389923,0.5278610587120056,0.5180829167366028,0.2848481833934784,0.34425851702690125,0.12237147986888885,0.05978136882185936,0.19771888852119446,0.2254161387681961,0.19317206740379333,0.24216759204864502
197,0.36331993341445923,0.3576040267944336,0.36662557721138,0.36228621006011963,0.12075205892324448,0.036639504134655,0.49166709184646606,0.533528745174408,0.5116981267929077,0.7029114365577698,0.4216802716255188,0.5100790858268738
198,0.268759548664093,0.32954421639442444,0.4249539375305176,0.508876621723175,0.5088833570480347,0.4006197154521942,0.30388838052749634,0.3155991733074188,0.3750598132610321,0.35977768898010254,0.35454243421554565,0.38384300470352173
199,0.3701687455177307,0.5304393172264099,0.3448868989944458,0.36590880155563354,0.5047451257705688,0.5433961749076843,0.4902302324771881,0.5240186452865601,0.3543335795402527,0.35481682419776917,0.4379667639732361,0.4139917194843292
200,0.2712245583534241,0.2965520918369293,0.12568238377571106,0.06218242645263672,0.20507772266864777,0.24102148413658142,0.4065079092979431,0.38235676288604736,0.29572930932044983,0.2962479889392853,0.35799461603164673,0.34607595205307007
201,0.2586100995540619,0.3080764710903168,0.36065155267715454,0.34737715125083923,0.2813109755516052,0.3128909170627594,0.3407747149467468,0.3564196527004242,0.2054997980594635,0.2404148131608963,0.371163547039032,0.38872912526130676
202,0.5089820027351379,0.37964898347854614,0.27261435985565186,0.316768079996109,0.3617607653141022,0.3455301821231842,0.5280970335006714,0.3738977313041687,0.3516088128089905,0.36166393756866455,0.31532180309295654,0.30052074790000916
203,0.5817128419876099,0.37232571840286255,0.42885154485702515,0.7000731229782104,0.13425645232200623,0.04977268725633621,0.20052428543567657,0.2554571032524109,0.2740809917449951,0.3305053412914276,0.2949472963809967,0.3126462996006012
204,0.3506900668144226,0.49761733412742615,0.4206657409667969,0.49798688292503357,0.6596946120262146,0.6213363409042358,0.2914596199989319,0.36689049005508423,0.4545721411705017,0.40766656398773193,0.20900678634643555,0.2229968011379242
205,0.2887085974216461,0.3087545335292816,0.3491523861885071,0.3429092764854431,0.21548981964588165,0.24543046951293945,0.26925912499427795,0.47378814220428467,0.6654318571090698,0.5001813769340515,0.34658297896385193,0.34172168374061584
206,0.18549203872680664,0.25285470485687256,0.2792573571205139,0.3025164306163788,0.4364374279975891,0.7322707176208496,0.260855108499527,0.32799169421195984,0.2751050889492035,0.31261110305786133,0.45505911111831665,0.38411781191825867
207,0.42232805490493774,0.639853835105896,0.5128005146980286,0.5106508731842041,0.2677585780620575,0.3205000162124634,0.36066874861717224,0.4953218400478363,0.5306020379066467,0.5464146733283997,0.4344170093536377,0.3755818009376526
208,0.2680457532405853,0.3144710958003998,0.5196130871772766,0.6306698322296143,0.22257032990455627,0.23355701565742493,0.36397990584373474,0.3668493628501892,0.2831362187862396,0.3415977358818054,0.2798263430595398,0.30425676703453064
209,0.5238060355186462,0.5416480898857117,0.1137736588716507,0.03825273737311363,0.29540008306503296,0.30509811639785767,0.5033742785453796,0.5293411016464233,0.12981684505939484,0.05236069858074188,0.4381893575191498,0.38304680585861206
210,0.3609248697757721,0.3644341230392456,0.34746819734573364,0.4915910065174103,0.27276161313056946,0.29611462354660034,0.2726554870605469,0.33783864974975586,0.273586630821228,0.33163392543792725,0.37411022186279297,0.6852411031723022
211,0.7394605278968811,0.5850967764854431,0.22791114449501038,0.23365415632724762,0.36129000782966614,0.3609064519405365,0.31440287828445435,0.3888435661792755,0.12597568333148956,0.06827809661626816,0.2955630123615265,0.2887299060821533
212,0.18434247374534607,0.22538600862026215,0.3505622148513794,0.5211933255195618,0.5030258893966675,0.4065733850002289,0.3407605290412903,0.3448353111743927,0.42005079984664917,0.5044533610343933,0.20758745074272156,0.221876859664917
213,0.1903647482395172,0.23535722494125366,0.5055346488952637,0.5199660658836365,0.32140159606933594,0.32873082160949707,0.3390408158302307,0.3607102036476135,0.34727174043655396,0.36528676748275757,0.42219552397727966,0.4073880910873413
214,0.42202767729759216,0.3968738913536072,0.5093641877174377,0.36989626288414,0.761941134929657,1.02117919921875,0.5071864128112793,0.5184009671211243,0.26823386549949646,0.3161991536617279,0.42650479078292847,0.37696924805641174
215,0.3530636429786682,0.34576478600502014,0.35217899084091187,0.3561817407608032,0.27835091948509216,0.33471614122390747,0.5199901461601257,0.3759588599205017,0.5838156938552856,0.6978612542152405,0.4446052610874176,0.6147488355636597
216,0.5793643593788147,0.7142385840415955,0.2833188474178314,0.33954358100891113,0.43202877044677734,0.512732207775116,0.44077324867248535,0.5140114426612854,0.42713794112205505,0.36261680722236633,0.5136726498603821,0.9228987693786621
217,0.22825214266777039,0.26071664690971375,0.5868407487869263,0.5127501487731934,0.26818105578422546,0.3264518976211548,0.3363717496395111,0.357673704624176,0.1989094763994217,0.22994089126586914,0.5138776898384094,0.5311381816864014
218,0.26776403188705444,0.30387699604034424,0.3496735692024231,0.5010717511177063,0.19762380421161652,0.2197839319705963,0.5923916101455688,0.7107480764389038,0.29543012380599976,0.3365803062915802,0.4461790919303894,0.39590984582901
219,0.34047213196754456,0.3557376563549042,0.5103456377983093,0.5188689827919006,0.43817394971847534,0.3913027346134186,0.5038406252861023,0.716456413269043,0.27382585406303406,0.329481840133667,0.35192155838012695,0.49645182490348816
220,0.5830657482147217,0.6237515807151794,0.26724308729171753,0.30818766355514526,0.29496949911117554,0.29365137219429016,0.1840299665927887,0.23045799136161804,0.271620512008667,0.3226488530635834,0.19357803463935852,0.2344394028186798
221,0.26579177379608154,0.2955613434314728,0.43558067083358765,0.3789583444595337,0.29361554980278015,0.3019300699234009,0.2716897130012512,0.32128793001174927,0.2795902490615845,0.32059380412101746,0.5140072703361511,0.37930992245674133
222,0.33906304836273193,0.35105767846107483,0.4405003488063812,0.49628663063049316,0.37638020515441895,0.5362887382507324,0.20493479073047638,0.23421522974967957,0.3513045907020569,0.3522425889968872,0.3586777150630951,0.37724819779396057
223,0.35815590620040894,0.34720519185066223,0.4178031086921692,0.5025298595428467,0.5901497602462769,0.8141475915908813,0.5708304643630981,0.6422344446182251,0.4259810447692871,0.7455428242683411,0.28754767775535583,0.2933264374732971
224,0.3487873375415802,0.37210267782211304,0.19493789970874786,0.27850136160850525,0.27879029512405396,0.3083886206150055,0.5966212749481201,0.5131687521934509,0.3352642357349396,0.3500593304634094,0.35834449529647827,0.3509121835231781
225,0.3368535041809082,0.36743563413619995,0.491664320230484,0.6177113652229309,0.6757888793945312,0.5970860719680786,0.3559585511684418,0.48572027683258057,0.11008896678686142,0.042601313441991806,0.43000873923301697,0.5026600360870361
226,0.33782529830932617,0.5021587014198303,0.41244474053382874,0.5040061473846436,0.3493335247039795,0.34823063015937805,0.33917340636253357,0.36477914452552795,0.18846407532691956,0.2466774731874466,0.2875419557094574,0.2959873080253601
227,0.12971751391887665,0.050690747797489166,0.2810271680355072,0.29756709933280945,0.27703648805618286,0.29889971017837524,0.35887154936790466,0.32438915967941284,0.41842707991600037,0.5239201188087463,0.423761785030365,0.5174186825752258
228,0.27141040563583374,0.30857354402542114,0.20028790831565857,0.24564038217067719,0.3536257743835449,0.4853056073188782,0.27176153659820557,0.33423087000846863,0.6528235673904419,0.6039630770683289,0.36560770869255066,0.48008596897125244
229,0.3479825258255005,0.5024541020393372,0.3508513569831848,0.5163620114326477,0.4998404383659363,0.5290781855583191,0.25771817564964294,0.30385953187942505,0.38026294112205505,0.3722330927848816,0.20033586025238037,0.22374330461025238
230,0.25571107864379883,0.33513176441192627,0.41944098472595215,0.5181636810302734,0.4489103853702545,0.40671783685684204,0.2637249827384949,0.45628082752227783,0.18586520850658417,0.22030837833881378,0.27754074335098267,0.3028598725795746
231,0.4951220154762268,0.7130588889122009,0.43361616134643555,0.37585175037384033,0.2129310667514801,0.22517667710781097,0.44436439871788025,0.37931227684020996,0.5094747543334961,0.51265949010849,0.3631739020347595,0.37676551938056946
232,0.3409822881221771,0.35087358951568604,0.5110279321670532,0.5346766114234924,0.26471808552742004,0.3126756548881531,0.5558502078056335,0.7164314985275269,0.34603261947631836,0.38539835810661316,0.5208349227905273,0.38162076473236084
233,0.2694513201713562,0.31270477175712585,0.19505947828292847,0.22737693786621094,0.26844921708106995,0.4815381169319153,0.28006500005722046,0.33132898807525635,0.11847066879272461,0.037159644067287445,0.2573959231376648,0.3054825961589813
234,0.2686689794063568,0.32047927379608154,0.418897807598114,0.3703252971172333,0.27082014083862305,0.3031676411628723,0.7390600442886353,0.686525285243988,0.20821495354175568,0.22271904349327087,0.3681633770465851,0.3867068886756897
235,0.18565675616264343,0.25557440519332886,0.2947101891040802,0.286287784576416,0.11687798798084259,0.044886112213134766,0.5866630673408508,0.5409486889839172,0.5110378265380859,0.5321705341339111,0.34094542264938354,0.37709110975265503
236,0.40323877334594727,0.37760886549949646,0.3427709639072418,0.3424842953681946,0.5133787393569946,0.38513123989105225,0.25514283776283264,0.4542905390262604,0.4199744164943695,0.4089854955673218,0.5436681509017944,0.3482791483402252
237,0.1946864128112793,0.23494063317775726,0.332821249961853,0.3496023118495941,0.4350038468837738,0.5385699272155762,0.6041765213012695,0.8093730211257935,0.1843489706516266,0.2305845022201538,0.2768637239933014,0.35215407609939575
238,0.5791617631912231,0.5067775249481201,0.2595905065536499,0.30121636390686035,0.18742887675762177,0.24329297244548798,0.2722693383693695,0.32798057794570923,0.44254159927368164,0.407461017370224,0.3633711636066437,0.49322888255119324
239,0.42395028471946716,0.5319907665252686,0.5036394000053406,0.6297488808631897,0.18632711470127106,0.2490156888961792,0.18236355483531952,0.24402429163455963,0.35649943351745605,0.3356625437736511,0.2177535742521286,0.26050883531570435
240,0.329955518245697,0.37440764904022217,0.7194927930831909,0.4729509949684143,0.22288084030151367,0.29559725522994995,0.4877055585384369,0.7211158871650696,0.35649994015693665,0.48679763078689575,0.28553134202957153,0.33156487345695496
241,0.3290386199951172,0.4877711832523346,0.4607485830783844,0.9177224040031433,0.3547697067260742,0.5297058820724487,0.1716827005147934,0.23354795575141907,0.4335917532444,0.6070197224617004,0.3507307171821594,0.36103886365890503
242,0.35273677110671997,0.48494693636894226,0.43900665640830994,0.4090777337551117,0.2808157205581665,0.38783252239227295,0.25250443816185,0.3366643786430359,0.4898093640804291,0.3815651535987854,0.27872371673583984,0.45609474182128906
243,0.21640579402446747,0.24884569644927979,0.1015075296163559,0.05197899416089058,0.4149385392665863,0.3861820101737976,0.34766891598701477,0.3718186616897583,0.2537594437599182,0.3306657373905182,0.6887798309326172,0.4768100082874298
244,0.20063188672065735,0.22101245820522308,0.1714637130498886,0.22898542881011963,0.2842140197753906,0.3506382405757904,0.42341890931129456,0.403790146112442,0.4937143921852112,0.5272842645645142,0.4351624548435211,0.630192756652832
245,0.2488737553358078,0.30495449900627136,0.3352183699607849,0.350978285074234,0.35041382908821106,0.350507527589798,0.5792887806892395,0.36534765362739563,0.645936906337738,0.5958590507507324,0.1923268735408783,0.22853869199752808
246,0.3550085723400116,0.34327197074890137,0.18498972058296204,0.2729513943195343,0.42815643548965454,0.51800137758255,0.4225107729434967,0.7155705690383911,0.4175259470939636,0.5125691294670105,0.1895577609539032,0.2506638467311859
247,0.34140968322753906,0.3376564681529999,0.26792746782302856,0.32147687673568726,0.2661648392677307,0.3148619532585144,0.5021076202392578,0.5315727591514587,0.20840315520763397,0.2209101766347885,0.3123016059398651,0.28659066557884216
248,0.26990562677383423,0.29554593563079834,0.17707017064094543,0.23247787356376648,0.3635745048522949,0.4785405099391937,0.26166754961013794,0.34130802750587463,0.5187254548072815,0.40327537059783936,0.767073392868042,0.693988561630249
249,0.1830580085515976,0.23197288811206818,0.4164959788322449,0.4026607275009155,0.21165156364440918,0.2793641686439514,0.24997112154960632,0.33038872480392456,0.1327965259552002,0.06969563663005829,0.26852184534072876,0.3108522891998291
250,0.5449513792991638,0.5409826040267944,0.2524026036262512,0.47173652052879333,0.2696855962276459,0.302882581949234,0.2823161780834198,0.3033265769481659,0.28400516510009766,0.28513211011886597,0.4392378330230713,0.5059105753898621
251,0.18887317180633545,0.23132361471652985,0.4479386806488037,0.5035328269004822,0.3650304079055786,0.3733551502227783,0.49431270360946655,0.5068845152854919,0.34156477451324463,0.3428898751735687,0.36429890990257263,0.3410889804363251
252,0.5021821856498718,0.5611283779144287,0.5258885622024536,0.43485724925994873,0.3527550995349884,0.37116554379463196,0.2752239406108856,0.2872137427330017,0.10148845613002777,0.05169658362865448,0.20506246387958527,0.255706250667572
253,0.8093630075454712,0.6715495586395264,0.33303213119506836,0.38536107540130615,0.573225200176239,0.5073046088218689,0.32131803035736084,0.35751786828041077,0.2722300589084625,0.2988753616809845,0.45236730575561523,0.49874579906463623
254,0.2853797674179077,0.3118915259838104,0.34478989243507385,0.3500853478908539,0.2650919556617737,0.3238029479980469,0.4894818365573883,0.7185162901878357,0.4360179901123047,0.5441498160362244,0.285748690366745,0.33696767687797546
255,0.41873183846473694,0.6466144323348999,0.4076400697231293,0.5037369728088379,0.5872710347175598,0.8025815486907959,0.6388767957687378,0.4897589087486267,0.33780884742736816,0.34997713565826416,0.2801615595817566,0.3072560429573059
256,0.26450440287590027,0.46373143792152405,0.494101345539093,0.3758678436279297,0.3475715219974518,0.3395440876483917,0.3478322923183441,0.3526592254638672,0.3419945538043976,0.3523281216621399,0.5100558996200562,0.5253532528877258
257,0.27711763978004456,0.3196967840194702,0.2510097920894623,0.31951141357421875,0.35474827885627747,0.3293587565422058,0.33094891905784607,0.377055823802948,0.40442022681236267,0.38961923122406006,0.5647247433662415,0.4793930649757385
258,0.3299170136451721,0.508144736289978,0.2685296833515167,0.34822842478752136,0.17896941304206848,0.24666813015937805,0.34061697125434875,0.345425009727478,0.29429545998573303,0.2892092168331146,0.5800455808639526,0.6155446767807007
259,0.4909577965736389,0.37160420417785645,0.4078495502471924,0.5688202381134033,0.29530805349349976,0.33745571970939636,0.5066063404083252,0.41522249579429626,0.2644403576850891,0.32266825437545776,0.19696734845638275,0.2911732494831085
260,0.24756686389446259,0.3153853416442871,0.18556395173072815,0.23392413556575775,0.3572924733161926,0.37017321586608887,0.1738472729921341,0.22725167870521545,0.4940454363822937,0.5118502378463745,0.5479081869125366,0.7647274136543274
261,0.44211214780807495,0.425359845161438,0.34761330485343933,0.3408154249191284,0.5049079656600952,0.5192311406135559,0.4072434902191162,0.37682443857192993,0.29434847831726074,0.37405601143836975,0.43451252579689026,0.5269081592559814
262,0.5655413866043091,0.607618510723114,0.5777856707572937,0.5718814730644226,0.6042509078979492,0.5159707069396973,0.49428901076316833,0.5050773024559021,0.29038897156715393,0.32361772656440735,0.3619658648967743,0.33987003564834595
263,0.35625240206718445,0.354159414768219,0.35741570591926575,0.3534395694732666,0.42578625679016113,0.34437355399131775,0.3532479703426361,0.3616240322589874,0.5612596273422241,0.522605836391449,0.5190169215202332,0.6183778643608093
264,0.40735214948654175,0.3734219968318939,0.1950690746307373,0.3043968677520752,0.21369795501232147,0.28536778688430786,0.42851442098617554,0.5138393640518188,0.33198389410972595,0.5101757049560547,0.356708824634552,0.4046728312969208
265,0.21127843856811523,0.2595368027687073,0.2762969136238098,0.3135906159877777,0.34607815742492676,0.3727549910545349,0.11577633768320084,0.031138351187109947,0.4988735616207123,0.7891446948051453,0.2540915608406067,0.31292152404785156
266,0.44556599855422974,0.5105989575386047,0.36241817474365234,0.33554160594940186,0.22476115822792053,0.2235426902770996,0.19635678827762604,0.232359379529953,0.2570570111274719,0.29581302404403687,0.3567349314689636,0.33633527159690857
267,0.4352757930755615,0.38727596402168274,0.24680694937705994,0.2555074691772461,0.4390314519405365,0.5316110253334045,0.5148309469223022,0.5610196590423584,0.43328166007995605,0.3647449016571045,0.2840493619441986,0.296053022146225
268,0.3438130021095276,0.3711931109428406,0.20925076305866241,0.30910956859588623,0.3767620623111725,0.38298702239990234,0.2894194722175598,0.29601767659187317,0.41606825590133667,0.5119311809539795,0.2911299765110016,0.3587476313114166
269,0.35355567932128906,0.48442184925079346,0.5030303597450256,0.4971708655357361,0.5147400498390198,0.37804126739501953,0.26758041977882385,0.31030160188674927,0.6000964045524597,0.5006431937217712,0.3770557940006256,0.5062758326530457
270,0.16423644125461578,0.24054701626300812,0.36247119307518005,0.5264028906822205,0.43129903078079224,0.5010524988174438,0.45373010635375977,0.5203880071640015,0.33346474170684814,0.5099942088127136,0.2212270200252533,0.3408031165599823
271,0.18867428600788116,0.2433529496192932,0.6902348399162292,0.39842313528060913,0.25529342889785767,0.35288065671920776,0.1863228678703308,0.22647598385810852,0.12179477512836456,0.05497199669480324,0.5973894596099854,0.6036233901977539
272,0.1936643421649933,0.24992690980434418,0.1782866269350052,0.22732611000537872,0.3719361424446106,0.33540865778923035,0.3407110273838043,0.3423386812210083,0.26939016580581665,0.32936617732048035,0.3022492825984955,0.3834550082683563
273,0.5136979818344116,0.40245890617370605,0.29666638374328613,0.294219046831131,0.2675867974758148,0.36312004923820496,0.41499194502830505,0.4101544916629791,0.1661558747291565,0.2566235363483429,0.9885328412055969,0.7976462244987488
274,0.18004359304904938,0.2722126245498657,0.6733165979385376,0.6930626034736633,0.1966971755027771,0.2736093997955322,0.084251768887043,0.04044974222779274,0.41617321968078613,0.3779938220977783,0.3790513873100281,0.35283252596855164
275,0.361687570810318,0.3357565999031067,0.34795838594436646,0.37306106090545654,0.7754988670349121,0.5923929214477539,0.3502432405948639,0.357699990272522,0.3465957045555115,0.3541484773159027,0.6151429414749146,0.513188362121582
276,0.34826594591140747,0.3612239360809326,0.3726983666419983,0.3718309998512268,0.5589311122894287,0.39884689450263977,0.2742365002632141,0.3345136046409607,0.4397670328617096,0.40246450901031494,0.4447857737541199,0.5431491136550903
277,0.40862974524497986,0.5139724612236023,0.2691308259963989,0.3089047372341156,0.606741726398468,0.7349533438682556,0.21189093589782715,0.23089833557605743,0.2768321633338928,0.3055868148803711,0.516718327999115,0.6167699098587036
278,0.35585007071495056,0.33397626876831055,0.3980380594730377,0.35878467559814453,0.5088112354278564,0.37408363819122314,0.49827536940574646,0.41713812947273254,0.30357474088668823,0.3263522684574127,0.28684526681900024,0.29053327441215515
279,0.42703208327293396,0.35261261463165283,0.42493027448654175,0.40535226464271545,0.5282961130142212,0.5295871496200562,0.17920520901679993,0.22363156080245972,0.5722533464431763,0.5600003004074097,0.5295448303222656,0.5118491649627686
280,0.1153864711523056,0.05062900111079216,0.2650102376937866,0.3023366928100586,0.27914729714393616,0.29267245531082153,0.259430468082428,0.3083859086036682,0.3511393964290619,0.3477109670639038,0.44628819823265076,0.570292055606842
281,0.4507841169834137,0.3513767719268799,0.26514095067977905,0.29934120178222656,0.36793121695518494,0.406080037355423,0.1754227876663208,0.23367680609226227,0.4329480528831482,0.529849648475647,0.5785383582115173,0.5023736953735352
282,0.1270609200000763,0.05137079954147339,0.25902777910232544,0.45566824078559875,0.2631942331790924,0.29600656032562256,0.4329405725002289,0.3792642056941986,0.1253032386302948,0.04035346210002899,0.3678588271141052,0.3506869673728943
283,0.18035772442817688,0.2558647394180298,0.3594401478767395,0.3431099057197571,0.7464677691459656,0.6142591834068298,0.42510300874710083,0.5072417259216309,0.7413700819015503,0.48591482639312744,0.6351436376571655,0.6186355352401733
284,0.2902585566043854,0.30832013487815857,0.5916211009025574,0.6094158887863159,0.4196487069129944,0.38128283619880676,0.5172742009162903,0.3917119801044464,0.379161536693573,0.47791287302970886,0.375083863735199,0.3624787926673889
285,0.3507598340511322,0.3459566831588745,0.26196447014808655,0.34614646434783936,0.3801974058151245,0.32151272892951965,0.3734174072742462,0.39472976326942444,0.4915090501308441,0.37362605333328247,0.6154314875602722,0.36431819200515747
286,0.25409024953842163,0.4705447256565094,0.3474767804145813,0.3610193133354187,0.28889936208724976,0.282854825258255,0.42470651865005493,0.38090115785598755,0.2804754972457886,0.3155583441257477,0.646389901638031,0.612899899482727
287,0.4365158975124359,0.5267452001571655,0.12692128121852875,0.0903717502951622,0.13771755993366241,0.058781735599040985,0.2582959532737732,0.30980226397514343,0.2633940279483795,0.31883519887924194,0.5475203990936279,0.5928102731704712
288,0.48414555191993713,0.5370829701423645,0.29169875383377075,0.3238866329193115,0.470191091299057,0.49407336115837097,0.25989603996276855,0.3033469319343567,0.364619642496109,0.5014414191246033,0.3066227436065674,0.30780044198036194
289,0.36544957756996155,0.5296217203140259,0.36134669184684753,0.4867408275604248,0.2934422492980957,0.3235304355621338,0.5201796293258667,0.7339363694190979,0.43385595083236694,0.5087457895278931,0.6212154626846313,0.33343416452407837
290,0.35006940364837646,0.47832995653152466,0.44054681062698364,0.528020441532135,0.31726163625717163,0.3114319443702698,0.5969882607460022,0.35579243302345276,0.3616274893283844,0.40031176805496216,0.3906790316104889,0.4240751564502716
291,0.1982874572277069,0.272821843624115,0.1980058252811432,0.23441846668720245,0.18923668563365936,0.23066280782222748,0.34742897748947144,0.48690029978752136,0.32308515906333923,0.35215675830841064,0.14571210741996765,0.08467677235603333
292,0.28404054045677185,0.32779747247695923,0.5314299464225769,0.43020057678222656,0.2986876368522644,0.3150555193424225,0.35691145062446594,0.3653247356414795,0.36515408754348755,0.5032512545585632,0.38130277395248413,0.35008177161216736
293,0.21893222630023956,0.23642638325691223,0.3473820090293884,0.4020000100135803,0.38804423809051514,0.34965622425079346,0.4286171793937683,0.3527442216873169,0.2872762978076935,0.47358351945877075,0.45196661353111267,0.37180784344673157
294,0.25918418169021606,0.31606918573379517,0.43664130568504333,0.40912115573883057,0.6031922698020935,0.6369650959968567,0.5777713060379028,0.5269176363945007,0.2620897889137268,0.3300085663795471,0.5272175073623657,0.5836561918258667
295,0.2701790928840637,0.3077997863292694,0.30332276225090027,0.288102388381958,0.21498450636863708,0.2224816381931305,0.5125473737716675,0.4226081669330597,0.4366796016693115,0.3672347664833069,0.6057506203651428,0.6196904182434082
296,0.368863046169281,0.488308846950531,0.4359685778617859,0.6308630108833313,0.36346492171287537,0.5540028214454651,0.20267844200134277,0.24428540468215942,0.2872598171234131,0.33090972900390625,0.5258317589759827,0.549180269241333
297,0.6028196215629578,0.5508837103843689,0.6800031065940857,0.6728522181510925,0.2939075827598572,0.5001921653747559,0.42467594146728516,0.505987823009491,0.13563746213912964,0.04875687137246132,0.23717398941516876,0.2603353261947632
298,0.4331389367580414,0.6889228224754333,0.2737763226032257,0.30755212903022766,0.3652920722961426,0.3630371391773224,0.33478134870529175,0.5116702914237976,0.5121772289276123,0.4027422368526459,0.4457312524318695,0.5159419178962708
299,0.5005769729614258,0.5186072587966919,0.2982589602470398,0.3066452145576477,0.287135511636734,0.3263535499572754,0.30515381693840027,0.3029402196407318,0.30405083298683167,0.3099377155303955,0.6251078248023987,0.478443443775177
300,0.2774798274040222,0.32413291931152344,0.2695322036743164,0.3214397132396698,0.36836791038513184,0.4137318730354309,0.43717068433761597,0.4283284544944763,0.2415355145931244,0.2207484096288681,0.30033743381500244,0.3074146509170532
301,0.303708016872406,0.3594737946987152,0.29322975873947144,0.31176427006721497,0.6726807355880737,0.36486124992370605,0.3628491461277008,0.3638991713523865,0.4507221579551697,0.37144166231155396,0.3923966884613037,0.49510759115219116
302,0.2646055221557617,0.32197022438049316,0.3611815571784973,0.3572717010974884,0.5424163937568665,0.39155295491218567,0.5099830627441406,0.37259405851364136,0.26743176579475403,0.33898741006851196,0.7384189367294312,0.6820968985557556
303,0.3356884717941284,0.35931524634361267,0.2757510542869568,0.3125910758972168,0.2918837368488312,0.2935955822467804,0.45162755250930786,0.4986816346645355,0.3538598418235779,0.471868634223938,0.461753785610199,0.6011744141578674
304,0.5077162981033325,0.38115572929382324,0.3379122018814087,0.28533443808555603,0.36017027497291565,0.36450549960136414,0.27864617109298706,0.30381786823272705,0.3794187903404236,0.3546973764896393,0.4634605348110199,0.4252239465713501
305,0.21148581802845,0.22797651588916779,0.7471790313720703,0.7798178791999817,0.21255211532115936,0.2384079396724701,0.5056352019309998,0.4146405756473541,0.6597244739532471,0.5081413984298706,0.37245482206344604,0.3934716284275055
306,0.27046120166778564,0.3057616949081421,0.13643909990787506,0.07887426763772964,0.20277075469493866,0.25254324078559875,0.36153674125671387,0.48743531107902527,0.26195114850997925,0.31389421224594116,0.4001762866973877,0.34132570028305054
307,0.2755919098854065,0.30069607496261597,0.3851548135280609,0.3613019287586212,0.29395753145217896,0.30571889877319336,0.2712266445159912,0.2993568778038025,0.8158571124076843,0.8713234663009644,0.6401928663253784,0.6134945750236511
308,0.6113063097000122,0.5517844557762146,0.6088178753852844,0.5117561221122742,0.21674323081970215,0.21885378658771515,0.5191878080368042,0.4304352402687073,0.34520405530929565,0.5163977146148682,0.5879190564155579,0.6249160766601562
309,0.20881077647209167,0.23819783329963684,0.5867636203765869,0.3983563482761383,0.3737240433692932,0.3594280779361725,0.2918277382850647,0.3196188509464264,0.4642372131347656,0.3698473572731018,0.3964456617832184,0.3768828809261322
310,0.433309942483902,0.3992721140384674,0.5402768850326538,0.6471793055534363,0.38024401664733887,0.44219478964805603,0.524473249912262,0.5107805132865906,0.4413588047027588,0.5293024778366089,0.4901115298271179,0.40371817350387573
311,0.7579834461212158,0.7329345345497131,0.323147177696228,0.565579891204834,0.2860192060470581,0.33180809020996094,0.19083473086357117,0.22651124000549316,0.4548777639865875,0.524861752986908,0.32448810338974,0.3303559720516205
312,0.25663524866104126,0.27831533551216125,0.32715803384780884,0.36812278628349304,0.43495631217956543,0.3987242877483368,0.31839340925216675,0.32035771012306213,0.279827743768692,0.3360481560230255,0.5050094723701477,0.35183149576187134
313,0.12604060769081116,0.07307786494493484,0.37047499418258667,0.3447875380516052,0.5304797291755676,0.44946032762527466,0.27038341760635376,0.30615219473838806,0.5027157664299011,0.5219104886054993,0.4312535226345062,0.37348440289497375
314,0.3513708710670471,0.38569802045822144,0.21066947281360626,0.23626090586185455,0.30743998289108276,0.45541617274284363,0.3668038845062256,0.47999462485313416,0.19375933706760406,0.22571510076522827,0.4657232165336609,0.49910664558410645
315,0.37550440430641174,0.35693445801734924,0.2831691801548004,0.3162875771522522,0.29064518213272095,0.34646448493003845,0.36674004793167114,0.3277096152305603,0.4176445007324219,0.38200294971466064,0.48235130310058594,0.4088367223739624
316,0.20999786257743835,0.2353898137807846,0.3035734295845032,0.31519606709480286,0.6910891532897949,0.7523263096809387,0.2960699200630188,0.4802004396915436,0.4415777623653412,0.5061165690422058,0.4496876299381256,0.515510082244873
317,0.37146538496017456,0.36911192536354065,0.5913901329040527,0.6180049180984497,0.44941410422325134,0.6066406965255737,0.28235676884651184,0.34733954071998596,0.11358439922332764,0.046396467834711075,0.3497418761253357,0.3334888219833374
318,0.5030995011329651,0.5611141920089722,0.1290726661682129,0.08967141062021255,0.37682101130485535,0.38720205426216125,0.36863893270492554,0.3600989580154419,0.37306705117225647,0.3403482437133789,0.3478741943836212,0.3013516366481781
319,0.28308290243148804,0.30937686562538147,0.5945286750793457,0.5406255722045898,0.3714194893836975,0.33234110474586487,0.9032643437385559,1.0836691856384277,0.6299587488174438,0.4017505943775177,0.5523053407669067,0.6173732280731201
320,0.4704406261444092,0.535464346408844,0.30838698148727417,0.45814070105552673,0.21555137634277344,0.22638919949531555,0.5057100057601929,0.36312445998191833,0.2315511256456375,0.26831501722335815,0.30994486808776855,0.33418112993240356
321,0.6824747920036316,0.7643702030181885,0.3196757733821869,0.37480995059013367,0.6173759698867798,0.7577234506607056,0.6688297986984253,0.33512839674949646,0.5420624613761902,0.38634824752807617,0.45213574171066284,0.5031465291976929
322,0.21227045357227325,0.23584897816181183,0.47383302450180054,0.6016622185707092,0.45905011892318726,0.5427831411361694,0.41458240151405334,0.5047364830970764,0.3625442683696747,0.34063130617141724,0.41506943106651306,0.4311877191066742
323,0.3634208142757416,0.3586975634098053,0.5274105072021484,0.6008018255233765,0.43830162286758423,0.36879754066467285,0.3568611145019531,0.35480085015296936,0.20052048563957214,0.24052685499191284,0.39664921164512634,0.39770451188087463
324,0.22150819003582,0.24505804479122162,0.3051968216896057,0.30283287167549133,0.5990789532661438,0.8058792352676392,0.35266584157943726,0.48434218764305115,0.3650480806827545,0.3668166697025299,0.2393713891506195,0.24948103725910187
325,0.6254594326019287,0.4855996072292328,0.40438613295555115,0.3534907102584839,0.21207313239574432,0.25234460830688477,0.38565683364868164,0.5270915031433105,0.22322598099708557,0.22527477145195007,0.6385287046432495,0.6864880323410034
326,0.305484414100647,0.317202627658844,0.30026116967201233,0.36393147706985474,0.44764524698257446,0.536940336227417,0.30613383650779724,0.3730970025062561,0.5914894342422485,0.3767651915550232,0.7818036675453186,0.5961319208145142
327,0.5096895694732666,0.6210237145423889,0.35964030027389526,0.42795372009277344,0.7721387147903442,0.7785732746124268,0.20161843299865723,0.27609801292419434,0.20868435502052307,0.23192419111728668,0.24944531917572021,0.21455183625221252
328,0.2857935428619385,0.3252947926521301,0.23312799632549286,0.25364792346954346,0.17332138121128082,0.10902363061904907,0.36969515681266785,0.40485867857933044,0.5465113520622253,0.4102756977081299,0.31706374883651733,0.3022938370704651
329,0.5224424600601196,0.48958462476730347,0.3683394491672516,0.4000432789325714,0.3274535536766052,0.3369798958301544,0.5351850986480713,0.39100492000579834,0.4363258481025696,0.5142583250999451,0.322317898273468,0.3193158805370331
330,0.22368642687797546,0.24848106503486633,0.47061166167259216,0.5244281888008118,0.5530219078063965,0.5167027711868286,0.6978288888931274,0.500848114490509,0.37522172927856445,0.49900323152542114,0.3830925524234772,0.3347013294696808
331,0.32702434062957764,0.3273691236972809,0.28935402631759644,0.3023862838745117,0.45222750306129456,0.41188251972198486,0.30740422010421753,0.33203575015068054,0.2934339940547943,0.3076540231704712,0.8195093870162964,0.6625854969024658
332,0.39087992906570435,0.4960842430591583,0.30360162258148193,0.45171889662742615,0.535069465637207,0.5023050308227539,0.3632315397262573,0.3883051574230194,0.36206358671188354,0.5144152045249939,0.4839700758457184,0.3517173230648041
333,0.31506672501564026,0.2978774905204773,0.6099538803100586,0.7788673043251038,0.4014907777309418,0.39818453788757324,0.38554808497428894,0.3471963107585907,0.4740268290042877,0.34246039390563965,0.6530174016952515,0.6868613958358765
334,0.30186957120895386,0.29793208837509155,0.2829029858112335,0.3015553057193756,0.45564955472946167,0.4244450032711029,0.5289257764816284,0.35144418478012085,0.24867911636829376,0.22986377775669098,0.48751258850097656,0.5626698732376099
335,0.5235565900802612,0.5087711215019226,0.5418625473976135,0.3703739643096924,0.22990889847278595,0.22789965569972992,0.5353549718856812,0.5036200881004333,0.20209412276744843,0.24663414061069489,0.19595244526863098,0.10823038220405579
336,0.3645797073841095,0.5263614654541016,0.39792460203170776,0.41002312302589417,0.2995580732822418,0.3690897226333618,0.37624263763427734,0.7032187581062317,0.211506649851799,0.21859204769134521,0.41441211104393005,0.5060551166534424
337,0.7058299779891968,0.6719713807106018,0.40247783064842224,0.4755328595638275,0.42824262380599976,0.3724170923233032,0.2217295914888382,0.2298281043767929,0.38224363327026367,0.36580100655555725,0.5743195414543152,0.5834379196166992
338,0.47613444924354553,0.435295045375824,0.37373965978622437,0.427723228931427,0.22360214591026306,0.31869304180145264,0.6688038110733032,0.5969998240470886,0.5286926031112671,0.5572881102561951,0.48497623205184937,0.5315340757369995
339,0.4616335332393646,0.35963019728660583,0.3782822787761688,0.4861479103565216,0.3852212131023407,0.5406448841094971,0.3380449712276459,0.35497725009918213,0.29913124442100525,0.34837859869003296,0.4195379316806793,0.3873043358325958
340,0.6710322499275208,0.5928618311882019,0.7148860096931458,0.5152590274810791,0.3998647928237915,0.36062395572662354,0.378815233707428,0.4097222089767456,0.38023632764816284,0.3439792990684509,0.3359447717666626,0.29865506291389465
341,0.2279108464717865,0.2579606771469116,0.3715924024581909,0.3331741392612457,0.1633901298046112,0.08778570592403412,0.4780128002166748,0.34069621562957764,0.3068331480026245,0.33800017833709717,0.7514384984970093,0.2889779210090637
342,0.29650789499282837,0.3223349153995514,0.46683549880981445,0.508137583732605,0.22440771758556366,0.30191415548324585,0.3402596116065979,0.3291386663913727,0.220224067568779,0.22826579213142395,0.40461963415145874,0.4131588339805603
343,0.5075325965881348,0.42654159665107727,0.4562661647796631,0.4426020085811615,0.576269268989563,0.5166815519332886,0.45630836486816406,0.4849696457386017,0.4771481454372406,0.5453563332557678,0.47002679109573364,0.4511098265647888
344,0.386780709028244,0.35425758361816406,0.3520016074180603,0.41771310567855835,0.33290964365005493,0.32452481985092163,0.3257206976413727,0.32049399614334106,0.35234782099723816,0.33228954672813416,0.5976025462150574,0.6145997643470764
345,0.24560721218585968,0.2603771388530731,0.6949916481971741,0.6010578870773315,0.30037885904312134,0.5259226560592651,0.5617505311965942,0.48090675473213196,0.3063945174217224,0.2904726266860962,0.22144778072834015,0.12598635256290436
346,0.3821377158164978,0.36250224709510803,0.1398380845785141,0.10027685016393661,0.3409607410430908,0.3149009943008423,0.3101961016654968,0.3170507848262787,0.16861434280872345,0.0875694751739502,0.5668200254440308,0.5952588319778442
347,0.6992772817611694,0.577491044998169,0.47242218255996704,0.49886029958724976,0.4644298553466797,0.40631023049354553,0.2955031991004944,0.3074689507484436,0.31427645683288574,0.3081100285053253,0.4949667453765869,0.35229727625846863
348,0.48464369773864746,0.507664680480957,0.16538962721824646,0.09377726167440414,0.4412808418273926,0.3349500596523285,0.39304593205451965,0.3748699128627777,0.3849847614765167,0.3628697991371155,0.3648199439048767,0.3090796172618866
349,0.45747366547584534,0.36432647705078125,0.7043724656105042,0.6825478076934814,0.3431244492530823,0.3218352496623993,0.31622380018234253,0.31235837936401367,0.5504276752471924,0.5069940686225891,0.35758790373802185,0.30062901973724365
350,0.5202127695083618,0.6087334752082825,0.5378210544586182,0.423221230506897,0.7987359166145325,0.49966171383857727,0.5480388402938843,0.3979780972003937,0.24651598930358887,0.2334158569574356,0.37202394008636475,0.32466545701026917
351,0.4720851480960846,0.4370526075363159,0.4109421372413635,0.48478958010673523,0.31265729665756226,0.29532909393310547,0.555316150188446,0.40314781665802,0.15316171944141388,0.07738673686981201,0.4382503628730774,0.42131307721138
352,0.4730094373226166,0.5088547468185425,0.41064339876174927,0.5121768712997437,0.5577856302261353,0.4097539186477661,0.3789733052253723,0.3566318452358246,0.25664693117141724,0.21955259144306183,0.33740630745887756,0.3865354359149933
353,0.3850438594818115,0.34273916482925415,0.41767755150794983,0.37217429280281067,0.6381710767745972,0.764346182346344,0.34156492352485657,0.31459683179855347,0.3282950818538666,0.30130526423454285,0.893206775188446,0.8840019702911377
354,0.22960495948791504,0.21308469772338867,0.2398436963558197,0.30436623096466064,0.17845824360847473,0.08318943530321121,0.4153135418891907,0.41076305508613586,0.31121009588241577,0.4460659325122833,0.5441460013389587,0.482209175825119
355,0.33210450410842896,0.2968253195285797,0.6328904628753662,0.4171559512615204,0.40415605902671814,0.42341580986976624,0.4106937050819397,0.441495805978775,0.3915691673755646,0.37005695700645447,0.5920835137367249,0.5865868926048279
356,0.4499666094779968,0.40796902775764465,0.5492153167724609,0.5204021334648132,0.22702379524707794,0.12455686926841736,0.3998807668685913,0.5371045470237732,0.6346265077590942,0.6197004914283752,0.3644363582134247,0.2919875979423523
357,0.32175007462501526,0.30033770203590393,0.6594871878623962,0.4153378903865814,0.5729948282241821,0.39044731855392456,0.6348182559013367,0.534403920173645,0.33977824449539185,0.3641236126422882,0.35615187883377075,0.3606824576854706
358,0.39047470688819885,0.48357173800468445,0.3502683937549591,0.3762590289115906,0.6274842023849487,0.5100761651992798,0.3777323365211487,0.3444167375564575,0.17754267156124115,0.08154910802841187,0.43863049149513245,0.37526166439056396
359,0.3565487861633301,0.3334362804889679,0.2033764123916626,0.12252765893936157,0.42821449041366577,0.502165675163269,0.5015276074409485,0.36468973755836487,0.2537531852722168,0.25157299637794495,0.3097067177295685,0.2249969244003296
360,0.16712014377117157,0.10126052796840668,0.7089756727218628,0.3309939205646515,0.48387226462364197,0.38931578397750854,0.40481996536254883,0.46688351035118103,0.31887829303741455,0.2936685085296631,0.37792444229125977,0.49621570110321045
361,0.24042949080467224,0.24860526621341705,0.5692659616470337,0.3823261559009552,0.5656244158744812,0.5704286694526672,0.5606307983398438,0.4108031094074249,0.39130061864852905,0.4748399257659912,0.5926325917243958,0.3561036288738251
362,0.3372576832771301,0.2929338216781616,0.3502753674983978,0.3056349456310272,0.2720155715942383,0.2992481589317322,0.49296173453330994,0.6069459915161133,0.5433477163314819,0.5591675043106079,0.2788316011428833,0.24375209212303162
363,0.18123534321784973,0.10966655611991882,0.3306238055229187,0.3332560360431671,0.3407316207885742,0.28919684886932373,0.8943708539009094,0.5258020162582397,0.4834167957305908,0.38262292742729187,0.36414483189582825,0.3062497079372406
364,0.4002431035041809,0.3588346838951111,0.4945066571235657,0.5273487567901611,0.6723038554191589,0.45527613162994385,0.328875869512558,0.3318019509315491,0.8272886276245117,0.7226251363754272,0.6069152355194092,0.5399069786071777
365,0.632030189037323,0.5188227891921997,0.46184366941452026,0.509300947189331,0.49123597145080566,0.6364721655845642,0.25271642208099365,0.2425907999277115,0.2510986924171448,0.2392110526561737,0.5330524444580078,0.3742735981941223
366,0.30845725536346436,0.3049168288707733,0.38652172684669495,0.3913848400115967,0.40840673446655273,0.35709816217422485,0.6483380198478699,0.3622169494628906,0.2669265568256378,0.22990255057811737,0.6517902612686157,0.5178065896034241
367,0.45920389890670776,0.3647954761981964,0.2381870001554489,0.26145315170288086,0.6751582622528076,0.6672070622444153,0.4226476550102234,0.33883532881736755,0.3509751260280609,0.3132418692111969,0.5115825533866882,0.5277689695358276
368,0.35450655221939087,0.3712438642978668,0.3415917158126831,0.319755882024765,0.43098002672195435,0.33032119274139404,0.435934454202652,0.33799853920936584,0.4689151644706726,0.5295079350471497,0.625973641872406,0.5928826928138733
369,0.34724369645118713,0.3231581747531891,0.5417987704277039,0.36942359805107117,0.5033460259437561,0.37707939743995667,0.5048123002052307,0.3588472008705139,0.48436880111694336,0.5156354308128357,0.6154549717903137,0.4436180591583252
370,0.3957099914550781,0.5632309317588806,0.3220037817955017,0.30929410457611084,0.34171146154403687,0.3161640167236328,0.5681654810905457,0.37933149933815,0.3983791768550873,0.34152722358703613,0.541793704032898,0.428726464509964
371,0.5572539567947388,0.5198550224304199,0.41940703988075256,0.44317787885665894,0.38880008459091187,0.4392824172973633,0.48681575059890747,0.5364468693733215,0.5843361616134644,0.48514652252197266,0.35583698749542236,0.27235931158065796
372,0.4197766184806824,0.4977191686630249,0.2275983840227127,0.23335830867290497,0.5987130403518677,0.5612415671348572,0.5763171911239624,0.5805978775024414,0.27154284715652466,0.20377016067504883,0.31015264987945557,0.24944481253623962
373,0.4178708493709564,0.4825609028339386,0.4026903510093689,0.41678333282470703,0.29223689436912537,0.2675919234752655,0.40791091322898865,0.3317836821079254,0.17019250988960266,0.08350272476673126,0.31140226125717163,0.28087368607521057
374,0.5096776485443115,0.717612087726593,0.42246192693710327,0.3789556324481964,0.7726448774337769,0.5949636697769165,0.392047256231308,0.3446771204471588,0.6741665601730347,0.38199156522750854,0.29396167397499084,0.25617629289627075
375,0.4066467881202698,0.4057101011276245,0.35213765501976013,0.3518740236759186,0.34643352031707764,0.3087758421897888,0.3471914231777191,0.33404362201690674,0.3409324586391449,0.369728684425354,0.546692430973053,0.756083607673645
376,0.3438519835472107,0.35796114802360535,0.4003729224205017,0.34070885181427,0.519676685333252,0.5089415311813354,0.5241478681564331,0.4374302327632904,0.5307787656784058,0.7052847743034363,0.5728470087051392,0.5432981848716736
377,0.3850916922092438,0.3744156062602997,0.40153083205223083,0.5229952931404114,0.44066518545150757,0.33369988203048706,0.5147632360458374,0.4953059256076813,0.20985198020935059,0.11410006135702133,0.5262488126754761,0.36855489015579224
378,0.5631780028343201,0.6069005131721497,0.48040318489074707,0.4221826493740082,0.5106946229934692,0.46731382608413696,0.3540104925632477,0.3549450933933258,0.49453553557395935,0.5307821035385132,0.3990480303764343,0.35600221157073975
379,0.5008906722068787,0.414310097694397,0.5786728262901306,0.5298471450805664,0.4386696219444275,0.38130441308021545,0.2666069567203522,0.2822767496109009,0.4995143413543701,0.5411520600318909,0.4059530198574066,0.34037595987319946
380,0.44878339767456055,0.3332885205745697,0.4053785800933838,0.34480762481689453,0.4548867344856262,0.3383636176586151,0.4833184778690338,0.5299631953239441,0.35570287704467773,0.3532714247703552,0.5528388023376465,0.5085717439651489
381,0.4385770261287689,0.3291550874710083,0.49081674218177795,0.36386337876319885,0.5539228916168213,0.5142697691917419,0.3771975338459015,0.3187622129917145,0.9557989239692688,0.5609086751937866,0.5359295606613159,0.5769116282463074
382,0.4147818982601166,0.4957423508167267,0.2690211534500122,0.23420469462871552,0.39522022008895874,0.30222374200820923,0.4337151050567627,0.46044284105300903,0.3328023850917816,0.301621675491333,0.4689251780509949,0.33509817719459534
383,0.4380378723144531,0.358291357755661,0.4238852560520172,0.3501276969909668,0.3777901232242584,0.3393591344356537,0.29575198888778687,0.2825329899787903,0.32889455556869507,0.3083561658859253,0.48077529668807983,0.3407215476036072
384,0.35304659605026245,0.4694095253944397,0.5786976218223572,0.4490951597690582,0.3695707321166992,0.32010123133659363,0.40992704033851624,0.36598965525627136,0.42301779985427856,0.3764948844909668,0.319901704788208,0.25681400299072266
385,0.3497379422187805,0.3354024291038513,0.1872509866952896,0.10762069374322891,0.4544839859008789,0.5066677331924438,0.7050374746322632,0.5087383985519409,0.46331483125686646,0.3729773163795471,0.268037885427475,0.1619981825351715
386,0.6569961309432983,0.6274141073226929,0.3614780604839325,0.33331209421157837,0.43740135431289673,0.4831083118915558,0.31012630462646484,0.23914343118667603,0.47795525193214417,0.4160962402820587,0.30127960443496704,0.23870699107646942
387,0.44103652238845825,0.36715322732925415,0.49750232696533203,0.373208224773407,0.3466762602329254,0.29161322116851807,0.18344569206237793,0.08594882488250732,0.5918408036231995,0.406934916973114,0.8857340812683105,0.6669275164604187
388,0.3616892993450165,0.2791054844856262,0.5095946192741394,0.6945981979370117,0.4453679621219635,0.3567405045032501,0.5992119312286377,0.5686790943145752,0.5442343354225159,0.4802592694759369,0.620796799659729,0.5506295561790466
389,0.2958652973175049,0.28203266859054565,0.3381271958351135,0.33480286598205566,0.5446690320968628,0.4019124507904053,0.5595205426216125,0.40383875370025635,0.2840301990509033,0.2546556293964386,0.43580323457717896,0.264215350151062
390,0.2776813507080078,0.2486822009086609,0.49875062704086304,0.4347272217273712,0.39586341381073,0.3232819139957428,0.6230911612510681,0.4132188856601715,0.37725958228111267,0.318844735622406,0.6557195782661438,0.7334016561508179
391,0.6203011870384216,0.4491223692893982,0.6547340750694275,0.6942551732063293,0.31155791878700256,0.2755015194416046,0.45289406180381775,0.4932500720024109,0.5765153765678406,0.5597759485244751,0.4347015917301178,0.38177934288978577
392,0.38143986463546753,0.32207998633384705,0.5908862948417664,0.38439714908599854,0.4735291004180908,0.43129411339759827,0.4788474440574646,0.4353720545768738,0.5238620042800903,0.5439151525497437,0.6474652886390686,0.3811880946159363
393,0.358081191778183,0.35218527913093567,0.7472206354141235,0.47772425413131714,0.4431617856025696,0.34524470567703247,0.22667296230793,0.10242503881454468,0.3733997941017151,0.33214640617370605,0.5630362033843994,0.3318849802017212
394,0.442598432302475,0.3522797226905823,0.3043278455734253,0.28655731678009033,0.46844491362571716,0.3558759391307831,0.6218937635421753,0.5470658540725708,0.3095250725746155,0.2585778534412384,0.3938104808330536,0.2945384085178375
395,0.5414608716964722,0.519558310508728,0.21625986695289612,0.11747343093156815,0.45578473806381226,0.3538129925727844,0.373137891292572,0.3011748492717743,0.31761521100997925,0.25870978832244873,0.4966861307621002,0.5159338116645813
396,0.37100714445114136,0.43840292096138,0.4122675359249115,0.324491024017334,0.38392019271850586,0.40025389194488525,0.5207141637802124,0.4067930281162262,0.40756016969680786,0.31855082511901855,0.44974470138549805,0.30340513586997986
397,0.41909343004226685,0.3937356173992157,0.36879774928092957,0.33524709939956665,0.4690310060977936,0.31017956137657166,0.5612708926200867,0.47715049982070923,0.5436539649963379,0.49326860904693604,0.5670701265335083,0.6460903286933899
398,0.5154443979263306,0.5502059459686279,0.19782979786396027,0.12367366254329681,0.5812118053436279,0.5045182704925537,0.62823486328125,0.5291480422019958,0.4561885893344879,0.39371535181999207,0.6582932472229004,0.5936999320983887
399,0.43522629141807556,0.4500625729560852,0.4551162123680115,0.503839910030365,0.5539748668670654,0.5036845207214355,0.541111409664154,0.3681226074695587,0.5461347699165344,0.5306255221366882,0.6033016443252563,0.5207948088645935
400,0.621242880821228,0.3875027298927307,0.71193927526474,0.6177294850349426,0.23323610424995422,0.12210426479578018,0.624153733253479,0.5196040868759155,0.30504345893859863,0.2492033988237381,0.4432593286037445,0.33692896366119385
401,0.420906126499176,0.3524576425552368,0.4359378218650818,0.5050263404846191,0.5192050337791443,0.5268589854240417,0.38353633880615234,0.29820600152015686,0.5994071364402771,0.3811616003513336,0.7047098278999329,0.38162243366241455
402,0.219456285238266,0.13471655547618866,0.5138348937034607,0.5024693608283997,0.6495935916900635,0.5965693593025208,0.6949676275253296,0.40942293405532837,0.47075238823890686,0.5733035802841187,0.43396061658859253,0.3626062273979187
403,0.4549398422241211,0.4837343692779541,0.5108568072319031,0.385615736246109,0.6675003170967102,0.5282549858093262,0.40789270401000977,0.32535868883132935,0.4468004107475281,0.3403874933719635,0.6025222539901733,0.46744847297668457
404,0.2823414206504822,0.31952038407325745,0.21248605847358704,0.11176564544439316,0.4750095307826996,0.43260541558265686,0.4438156485557556,0.31643539667129517,0.3651730418205261,0.3573532700538635,0.37918832898139954,0.2758796215057373
405,0.37776246666908264,0.390274316072464,0.5229810476303101,0.35704344511032104,0.6126676797866821,0.49708372354507446,0.5448629856109619,0.410921573638916,0.40240246057510376,0.33733445405960083,0.4014597535133362,0.30785879492759705
406,0.47132912278175354,0.5265300273895264,0.3891144394874573,0.34550440311431885,0.6525472402572632,0.535982608795166,0.2598435580730438,0.13314199447631836,0.43649426102638245,0.3742845356464386,0.2838190197944641,0.11787472665309906
407,0.2391844540834427,0.1435396820306778,0.37321409583091736,0.33963653445243835,0.39143815636634827,0.3147612512111664,0.6075358986854553,0.4459773302078247,0.33199411630630493,0.320892333984375,0.4535698890686035,0.3315417766571045
408,0.713256299495697,0.5527445673942566,0.6829145550727844,0.6097926497459412,0.34982749819755554,0.24260243773460388,0.4573516249656677,0.4586560130119324,0.4603409767150879,0.2933962941169739,0.8617803454399109,0.710589587688446
409,0.34991416335105896,0.29785874485969543,0.6143561005592346,0.34986698627471924,0.7435396909713745,0.4949001371860504,0.22614261507987976,0.10257236659526825,0.5141823887825012,0.5071272850036621,0.5976266264915466,0.5052390098571777
410,0.44830313324928284,0.3361026644706726,0.22892069816589355,0.10593833774328232,0.4050625264644623,0.3833482265472412,0.5543866753578186,0.5537669062614441,0.4827142357826233,0.5001948475837708,0.38309019804000854,0.2356773316860199
411,0.3286775052547455,0.25858256220817566,0.5223663449287415,0.4180310368537903,0.6596282720565796,0.5529727339744568,0.6391260027885437,0.5742994546890259,0.48078209161758423,0.37098395824432373,0.5261362195014954,0.458194762468338
412,0.5154685974121094,0.34803280234336853,0.4588211178779602,0.34280723333358765,0.4862693250179291,0.3549986183643341,0.5681247711181641,0.49968546628952026,0.30900928378105164,0.24215665459632874,0.5074048638343811,0.31363436579704285
413,0.3897656798362732,0.3479144275188446,0.536888837814331,0.5427373647689819,0.4976873993873596,0.30276742577552795,0.5852347612380981,0.4019884467124939,0.5365018844604492,0.3720755875110626,0.539042055606842,0.3245548605918884
414,0.448925644159317,0.3497842848300934,0.5411309599876404,0.36253076791763306,0.42051029205322266,0.3843165934085846,0.5573204755783081,0.7076820135116577,0.4417828917503357,0.31279802322387695,0.4248943328857422,0.42802396416664124
415,0.5611915588378906,0.35900771617889404,0.5446178317070007,0.3757125437259674,0.34038761258125305,0.2765510082244873,0.6011633276939392,0.531870424747467,0.6577567458152771,0.4048251509666443,0.7169023752212524,0.6824130415916443
416,0.47132688760757446,0.35778072476387024,0.41039061546325684,0.3735761046409607,0.6680054664611816,0.6728760600090027,0.4442724585533142,0.5112908482551575,0.4852074086666107,0.664471447467804,0.42190617322921753,0.30862581729888916
417,0.4691724181175232,0.5217170715332031,0.34389105439186096,0.2390371710062027,0.38591477274894714,0.2730391323566437,0.8137421607971191,0.5749149322509766,0.3956483006477356,0.32621821761131287,0.6027582287788391,0.39626646041870117
418,0.4821786880493164,0.49347442388534546,0.3830525875091553,0.3034367561340332,0.5744662880897522,0.7556378841400146,0.38156813383102417,0.305365651845932,0.35297030210494995,0.34179744124412537,0.40304121375083923,0.24889393150806427
419,0.5794717669487,0.48532408475875854,0.5480688214302063,0.5975189805030823,0.4350201189517975,0.30081045627593994,0.4942525029182434,0.3586558401584625,0.5020059943199158,0.34436604380607605,0.6077357530593872,0.35423365235328674
420,0.3828446865081787,0.404382586479187,0.56272292137146,0.5034165978431702,0.6101937294006348,0.45909345149993896,0.5532553195953369,0.35010769963264465,0.4143805503845215,0.2939896881580353,0.872635543346405,0.6636943817138672
421,0.4311484694480896,0.28179895877838135,0.3981197774410248,0.3997008800506592,0.45026808977127075,0.38511940836906433,0.5409489870071411,0.4557730555534363,0.7058858275413513,0.5218108892440796,0.6454215049743652,0.34053221344947815
422,0.33754199743270874,0.28862264752388,0.7227389216423035,0.5508123636245728,0.5118974447250366,0.36008527874946594,0.730850338935852,0.5397886037826538,0.6333814859390259,0.3613235056400299,0.4437485635280609,0.32066208124160767
423,0.4253722131252289,0.32466796040534973,0.6905904412269592,0.5152661204338074,0.45184820890426636,0.33763715624809265,0.6405736804008484,0.4533945322036743,0.4856569170951843,0.3244042992591858,0.6020655035972595,0.4035322964191437
424,0.6477833986282349,0.5678412318229675,0.5573182702064514,0.6105954647064209,0.41609707474708557,0.2880421578884125,0.26132506132125854,0.10673799365758896,0.5848168134689331,0.4883638918399811,0.6740959882736206,0.5118662714958191
425,0.383699893951416,0.2963218688964844,0.40150561928749084,0.28131288290023804,0.5831957459449768,0.6215036511421204,0.651942253112793,0.4332078993320465,0.31890568137168884,0.22810117900371552,0.5568209886550903,0.5639621615409851
426,0.3306834101676941,0.2653683125972748,0.6629475355148315,0.3491297960281372,0.4068872034549713,0.34733840823173523,0.6801623702049255,0.379705548286438,0.7139958143234253,0.48510444164276123,0.5341909527778625,0.3829738199710846
427,0.2558133006095886,0.12872077524662018,0.33678722381591797,0.23951536417007446,0.54316645860672,0.3956662714481354,0.49101048707962036,0.314035028219223,0.6467263102531433,0.5104817748069763,0.5300370454788208,0.3850304186344147
428,0.5626109838485718,0.43905001878738403,0.6518515944480896,0.5164106488227844,0.3617568910121918,0.23420187830924988,0.48004746437072754,0.37968578934669495,0.33272784948349,0.24767863750457764,0.38399559259414673,0.3307599723339081
429,0.6953333020210266,0.5107735395431519,0.5809464454650879,0.5588006973266602,0.669969916343689,0.7091705799102783,0.5824233293533325,0.6907968521118164,0.6476315855979919,0.4082779586315155,0.48267287015914917,0.3170988857746124
430,0.6154429912567139,0.6159061193466187,0.37800201773643494,0.28002241253852844,0.5854055881500244,0.3532823920249939,0.5324918627738953,0.33869683742523193,0.4299317002296448,0.35495948791503906,0.3245411217212677,0.15445837378501892
431,0.4295441508293152,0.32533061504364014,0.5744948387145996,0.6818459630012512,0.4676206707954407,0.35853222012519836,0.6841278076171875,0.49620887637138367,0.6587735414505005,0.5948861837387085,0.4760797619819641,0.46947214007377625
432,0.5547633767127991,0.3258136808872223,0.4177390933036804,0.3208596706390381,0.629925549030304,0.548809289932251,0.6561171412467957,0.5542765259742737,0.5121489763259888,0.44222015142440796,0.6984430551528931,0.4558286666870117
433,0.4905075430870056,0.2987077832221985,0.8049534559249878,0.7031237483024597,0.44348183274269104,0.30303511023521423,0.7257068157196045,0.6515685319900513,0.4176052510738373,0.28084495663642883,0.562214195728302,0.3538858890533447
434,0.3947327733039856,0.2132227122783661,0.41884708404541016,0.2755565047264099,0.6886211633682251,0.2795056402683258,0.8181341290473938,0.43312254548072815,0.45393577218055725,0.3204415738582611,0.3604271411895752,0.1524927169084549
435,0.6578134894371033,0.38271600008010864,0.5825871229171753,0.3381272256374359,0.615416407585144,0.4237288236618042,0.33552709221839905,0.2851046025753021,0.523422360420227,0.5438322424888611,0.7913283109664917,0.6991456151008606
436,0.5797544717788696,0.3354347348213196,0.9147841334342957,0.6418039798736572,0.5941588282585144,0.4908354580402374,0.7340695858001709,0.7764937877655029,0.6238141059875488,0.32357120513916016,0.3962246775627136,0.2548677325248718
437,0.5949205160140991,0.3805459439754486,0.3500629961490631,0.2632128596305847,0.6517149209976196,0.554124116897583,0.5042898654937744,0.5092783570289612,0.6451419591903687,0.35146763920783997,0.6285475492477417,0.5180168747901917
438,0.4740627408027649,0.34198665618896484,0.5474280118942261,0.3289947509765625,0.712612509727478,0.5469866394996643,0.4878726899623871,0.28141963481903076,0.32654014229774475,0.12828676402568817,0.578437328338623,0.34663182497024536
439,0.6501128077507019,0.49324068427085876,0.5612386465072632,0.459717720746994,0.43807950615882874,0.28268253803253174,0.34937596321105957,0.29994234442710876,0.5035116076469421,0.39182156324386597,0.42845267057418823,0.2550896108150482
440,0.5941475033760071,0.4034793972969055,0.6330519914627075,0.5698041319847107,0.6210669279098511,0.35992857813835144,0.3340264856815338,0.30241045355796814,0.7615576386451721,0.560276448726654,0.6479499340057373,0.6521084308624268
441,0.5161987543106079,0.32718709111213684,0.4707373082637787,0.48438560962677,0.5854730606079102,0.4110334515571594,0.4903770387172699,0.4500749111175537,0.44661593437194824,0.33962389826774597,0.5986988544464111,0.27191680669784546
442,0.25339677929878235,0.13107293844223022,0.6654519438743591,0.3465384840965271,0.46334773302078247,0.3610962927341461,0.570181131362915,0.45392581820487976,0.45741549134254456,0.3446008265018463,0.521108090877533,0.2557011544704437
443,0.5037332773208618,0.460955947637558,0.35356104373931885,0.23448719084262848,0.5623692274093628,0.4923631548881531,0.7426377534866333,0.7236460447311401,0.3635687232017517,0.2474248856306076,0.45910319685935974,0.31155991554260254
444,0.567520260810852,0.5230481624603271,0.3637731373310089,0.2749405801296234,0.5741118788719177,0.44607362151145935,0.4522401690483093,0.4025430679321289,0.7306308150291443,0.40638449788093567,0.43151265382766724,0.27906572818756104
445,0.621934711933136,0.5450172424316406,0.41042643785476685,0.274260938167572,0.48108726739883423,0.42713993787765503,0.46111568808555603,0.4270147383213043,0.6334286332130432,0.366472989320755,0.525417149066925,0.4194837212562561
446,0.4118892550468445,0.38328054547309875,0.4220358729362488,0.30258139967918396,0.8019548654556274,0.5161194801330566,0.6136456727981567,0.7465417385101318,0.43192583322525024,0.33384522795677185,0.4430325925350189,0.3810417950153351
447,0.794672966003418,0.6194090247154236,0.41110140085220337,0.35058924555778503,0.3978739082813263,0.3229094445705414,0.4311615824699402,0.3302326500415802,0.45528706908226013,0.3648088574409485,0.4924214482307434,0.37427982687950134
448,0.618529200553894,0.3610893785953522,0.3293776512145996,0.25133949518203735,0.606201171875,0.5298904776573181,0.37882179021835327,0.3602515459060669,0.3043336868286133,0.2157841920852661,0.5373850464820862,0.325805127620697
449,0.441814124584198,0.364533931016922,0.48034173250198364,0.3840453624725342,0.6685700416564941,0.557265043258667,0.4795704483985901,0.30175337195396423,0.529779314994812,0.6958767771720886,0.6807068586349487,0.37203946709632874
450,0.46062541007995605,0.33150917291641235,0.8361598253250122,0.6554540395736694,0.7288529276847839,0.7661671042442322,0.8237727284431458,0.6578386425971985,0.5783452391624451,0.46569234132766724,0.6450812220573425,0.5435346364974976
451,0.5398603677749634,0.3849261701107025,0.47749724984169006,0.3943435251712799,0.3535635769367218,0.2124830186367035,0.4462471008300781,0.2955181896686554,0.5122026205062866,0.5112037062644958,0.7197335362434387,0.4194681644439697
452,0.5999220609664917,0.37041619420051575,0.5082648396492004,0.39989086985588074,0.7067621350288391,0.5377277731895447,0.7064018845558167,0.6208432912826538,0.5909358859062195,0.44855108857154846,0.8312665224075317,0.6216449737548828
453,0.3153119385242462,0.17144125699996948,0.5570772290229797,0.4833988547325134,0.4302903115749359,0.31295809149742126,0.44354748725891113,0.361724317073822,1.0810478925704956,0.4723894000053406,0.4732169508934021,0.36874523758888245
454,0.5172473192214966,0.5023413896560669,0.4981822371482849,0.3479432165622711,0.6309410333633423,0.46562761068344116,0.868301510810852,0.7589525580406189,0.5535222887992859,0.41727685928344727,0.6968461871147156,0.689626932144165
455,0.6068012118339539,0.37098944187164307,0.4499630033969879,0.30412909388542175,0.7220937013626099,0.7288786768913269,0.37656861543655396,0.29163962602615356,0.28218960762023926,0.12146544456481934,0.5891193151473999,0.3193947374820709
456,0.6617158055305481,0.5982717871665955,0.3019014894962311,0.1395374834537506,0.7350597381591797,0.5723949074745178,0.6473214626312256,0.3237043619155884,0.47086015343666077,0.2933886647224426,0.5147818326950073,0.33024439215660095
457,0.4834446310997009,0.37614113092422485,0.3856423795223236,0.22328704595565796,0.47970300912857056,0.39290839433670044,0.3339099586009979,0.16307564079761505,0.3761240839958191,0.2141268402338028,0.5949044227600098,0.431000679731369
458,0.5216776132583618,0.4458557069301605,0.4931716322898865,0.3456606864929199,0.5554543137550354,0.3868182599544525,0.5348902344703674,0.4075984060764313,0.7513391375541687,0.6901362538337708,0.5896292924880981,0.415730744600296
459,0.44575709104537964,0.33180132508277893,0.8207466006278992,0.4942483901977539,0.4826594293117523,0.24547067284584045,0.7773972749710083,0.8379773497581482,0.27105993032455444,0.12410973757505417,0.7669815421104431,0.5118295550346375
460,0.3806685209274292,0.3120896816253662,0.7002391219139099,0.6879590153694153,0.48015493154525757,0.29628515243530273,0.5962662696838379,0.40835320949554443,0.43485674262046814,0.2746218144893646,0.5671805739402771,0.2958594262599945
461,0.2860985994338989,0.19545477628707886,0.8613317608833313,0.9116897583007812,0.7661086320877075,0.4251658022403717,0.4508529305458069,0.3781314492225647,0.6109989881515503,0.46059706807136536,0.6016219854354858,0.37735292315483093
462,0.5368137359619141,0.38274550437927246,0.4256930351257324,0.31386464834213257,0.3707352876663208,0.21961036324501038,0.6423779726028442,0.44225409626960754,0.5485917925834656,0.43950366973876953,0.6047461628913879,0.3661231994628906
463,0.609724223613739,0.6428343057632446,0.47318094968795776,0.2865268588066101,0.831921398639679,0.6226822733879089,0.5406420230865479,0.3928884267807007,0.6106173396110535,0.5646834373474121,0.7495669722557068,0.49417591094970703
464,0.7000864148139954,0.5073734521865845,0.5433620810508728,0.46825411915779114,0.8158336877822876,0.4351199269294739,0.3666260838508606,0.2652188539505005,0.5495428442955017,0.3717842996120453,0.584522008895874,0.3592228889465332
465,0.6037195920944214,0.5664907693862915,0.3804241418838501,0.3056320250034332,0.6579559445381165,0.5220925807952881,0.5321595072746277,0.5616559386253357,0.6348944306373596,0.563967764377594,0.6484971642494202,0.3657333254814148
466,0.4817911982536316,0.31055793166160583,0.7039110064506531,0.5135539770126343,0.4999799132347107,0.29780200123786926,0.5321613550186157,0.4137176275253296,0.5513430833816528,0.3340950310230255,0.7550496459007263,0.4483749270439148
467,0.5837799906730652,0.26905253529548645,0.5223146677017212,0.4544923007488251,0.6886377930641174,0.3735119700431824,0.41072529554367065,0.20712503790855408,0.37550798058509827,0.324372261762619,0.6469341516494751,0.37834134697914124
468,0.4942416250705719,0.3601117730140686,0.3727198541164398,0.3011570870876312,0.607512354850769,0.4398115575313568,0.4601883292198181,0.24145501852035522,0.4015139043331146,0.24634245038032532,0.644895613193512,0.5463975667953491
469,0.4208407402038574,0.32585811614990234,0.3892619013786316,0.27387604117393494,0.41787880659103394,0.24050559103488922,0.6610752940177917,0.6201767921447754,0.6983767747879028,0.5820984244346619,0.6108990907669067,0.4224089980125427
470,0.48280730843544006,0.35858163237571716,0.5886332988739014,0.4996730387210846,0.5675493478775024,0.4035017788410187,0.48685699701309204,0.3773355484008789,0.5384141206741333,0.5266390442848206,0.8860865831375122,0.4819812476634979
471,0.5268467664718628,0.49674418568611145,0.6098040342330933,0.5497671961784363,0.8349817395210266,0.49133193492889404,0.5654894709587097,0.38876473903656006,0.6249085664749146,0.33374568819999695,0.5825603604316711,0.5418617129325867
472,0.6346303224563599,0.496538907289505,0.5956345796585083,0.4863570034503937,0.4527710974216461,0.307243674993515,0.546766459941864,0.4872826337814331,0.5112162232398987,0.45483967661857605,0.6474844217300415,0.4022240936756134
473,0.5478906631469727,0.4356233775615692,0.543049156665802,0.4130265712738037,0.8973719477653503,0.7799546718597412,0.6448160409927368,0.37840262055397034,0.42011886835098267,0.35454061627388,0.42909103631973267,0.2855910062789917
474,0.8709002733230591,0.5753296613693237,0.31643351912498474,0.1866571009159088,0.5360748171806335,0.26371073722839355,0.6578637957572937,0.5270907878875732,0.5530663728713989,0.3881819546222687,0.5331710577011108,0.3606524169445038
475,0.5012530088424683,0.3401356041431427,0.387362539768219,0.28190067410469055,0.5310735106468201,0.3629663586616516,0.334437757730484,0.13957558572292328,0.5509267449378967,0.4092963635921478,0.7876268029212952,0.36699238419532776
476,0.566926121711731,0.3254872262477875,0.5639806985855103,0.41036975383758545,0.5980604887008667,0.4105530083179474,0.5247718691825867,0.2823593318462372,0.7242268323898315,0.5348285436630249,0.5978484153747559,0.4083966016769409
477,0.5955155491828918,0.4827786087989807,0.7127752304077148,0.49368152022361755,0.6445863842964172,0.4596739709377289,0.6497305631637573,0.513917088508606,0.5343894362449646,0.38668346405029297,0.5275260210037231,0.2935926616191864
478,0.31548258662223816,0.21815213561058044,0.4699222147464752,0.30395472049713135,0.5105909109115601,0.3443150520324707,0.4062766134738922,0.27391278743743896,0.41226300597190857,0.24221496284008026,0.6649540662765503,0.7436959743499756
479,0.4610444903373718,0.4290634095668793,0.42798757553100586,0.2868694067001343,0.6875774264335632,0.4347511827945709,0.4852677881717682,0.325246125459671,0.417198121547699,0.3037211298942566,0.7264286279678345,0.4625541865825653
480,0.7253842353820801,0.5692369341850281,0.9758326411247253,0.778187096118927,0.7808691263198853,0.5310171842575073,0.4719391465187073,0.3248828053474426,0.5567061305046082,0.3397003710269928,0.6635966300964355,0.5396715402603149
481,0.6881787180900574,0.5831931233406067,0.6073504686355591,0.4925358295440674,0.5164347290992737,0.2898067235946655,0.6600184440612793,0.3275173604488373,0.5100588202476501,0.3593701422214508,0.7570317983627319,0.35500243306159973
482,0.34902963042259216,0.20708180963993073,0.47263509035110474,0.273379385471344,0.8037357330322266,0.4740440845489502,0.4367523789405823,0.3047017753124237,0.5539792776107788,0.4835309386253357,0.641817569732666,0.35415950417518616
483,0.6656039357185364,0.5156050324440002,0.6496487259864807,0.3803393244743347,0.5878585577011108,0.406928151845932,0.7339653968811035,0.40835580229759216,0.3514814078807831,0.1344050019979477,0.53956538438797,0.3676357865333557
484,0.6059104800224304,0.46411463618278503,0.38840252161026,0.3588000535964966,0.5213244557380676,0.4417916536331177,0.41352638602256775,0.23010461032390594,0.7149983048439026,0.6750335693359375,0.481482595205307,0.29580819606781006
485,0.38178566098213196,0.3031996786594391,0.39619484543800354,0.2823980152606964,0.6093096137046814,0.5353907942771912,0.36872392892837524,0.15202303230762482,0.4053598940372467,0.25145936012268066,0.5817173719406128,0.48742929100990295
486,0.45247334241867065,0.4344591200351715,0.5118727684020996,0.3334455192089081,0.5214769244194031,0.32234832644462585,0.44487494230270386,0.2483202964067459,0.4812075197696686,0.428579181432724,0.6791360974311829,0.3836326599121094
487,0.48263439536094666,0.307258665561676,0.6352732181549072,0.36381515860557556,0.44934946298599243,0.33418282866477966,0.6892811059951782,0.48081305623054504,0.6547276377677917,0.3565142750740051,0.6421908140182495,0.5366469025611877
488,0.7424476146697998,0.6345319151878357,0.5263043642044067,0.30033811926841736,0.7660024762153625,0.5664984583854675,0.6553120613098145,0.36089470982551575,0.636033296585083,0.33567818999290466,0.7153893709182739,0.7526779174804688
489,0.799081563949585,0.7610411643981934,0.6647552251815796,0.44328197836875916,0.6462879180908203,0.49937474727630615,0.5269153714179993,0.41728347539901733,0.5443568229675293,0.45639628171920776,0.6625548601150513,0.4236709475517273
490,0.6057263612747192,0.40244248509407043,0.399343341588974,0.32050347328186035,0.7846226692199707,0.37334144115448,0.5223163366317749,0.31014201045036316,0.6503821611404419,0.4360804259777069,0.6424983739852905,0.4155676066875458
491,0.5569789409637451,0.48608696460723877,0.5861120223999023,0.32337698340415955,0.6250755190849304,0.32446426153182983,0.6788674592971802,0.5523267388343811,0.7627953886985779,0.44192397594451904,0.6420120000839233,0.43745657801628113
492,0.577730119228363,0.5807692408561707,0.5345475077629089,0.33337560296058655,0.5250877737998962,0.4015296697616577,0.6668516397476196,0.40853771567344666,0.4709396958351135,0.3155023157596588,0.7537437081336975,0.5114670395851135
493,0.7673813104629517,0.5343624353408813,0.641228437423706,0.431587278842926,0.7100852727890015,0.675692617893219,0.7484626770019531,0.44651156663894653,0.5556310415267944,0.3334549367427826,0.5750011801719666,0.3199077844619751
494,0.6713961958885193,0.37865033745765686,0.6187846660614014,0.5534341931343079,0.9275458455085754,0.48869138956069946,0.6516491174697876,0.33908119797706604,0.35697996616363525,0.15802355110645294,0.47373443841934204,0.19447490572929382
495,0.4742865562438965,0.36395230889320374,0.54204922914505,0.4645814001560211,0.5073034763336182,0.3992488384246826,0.6437628865242004,0.576585590839386,0.5869869589805603,0.44945645332336426,0.8129227757453918,0.578778088092804
496,0.3974185585975647,0.3670496642589569,0.4451464116573334,0.29192236065864563,0.5789546370506287,0.3104230463504791,0.5100404024124146,0.33176130056381226,0.5647704601287842,0.3419360816478729,0.5294018983840942,0.29466480016708374
497,0.6284215450286865,0.43347594141960144,0.5167717337608337,0.3079722225666046,0.8312370181083679,0.6096569895744324,0.7336060404777527,0.4865444600582123,0.49864035844802856,0.35352787375450134,0.6630704402923584,0.4656410813331604
498,0.4788857102394104,0.3137153089046478,0.5886150598526001,0.37311074137687683,0.4501481056213379,0.29136398434638977,0.43573445081710815,0.25814440846443176,0.5941560864448547,0.4639934003353119,0.6390267610549927,0.5592238306999207
499,0.5354737043380737,0.3652096390724182,0.6213237047195435,0.5955098867416382,0.39275220036506653,0.174746572971344,0.999648928642273,0.7071155309677124,0.5537309646606445,0.3437884449958801,0.5016628503799438,0.2729286849498749
500,0.7244447469711304,0.5224043726921082,0.5997098088264465,0.41714245080947876,0.5274246335029602,0.28459540009498596,0.43716877698898315,0.29318806529045105,0.5579596757888794,0.35519716143608093,0.7198674082756042,0.4463594853878021
501,0.5375522971153259,0.35332629084587097,0.5614429712295532,0.41325700283050537,0.6711415648460388,0.3999055027961731,0.36692702770233154,0.18551383912563324,0.751827597618103,0.4118911623954773,0.8845731019973755,0.7081328630447388
502,0.5910207033157349,0.3259822726249695,0.48354262113571167,0.26707130670547485,0.5409754514694214,0.30833491683006287,0.7958990335464478,0.6957875490188599,0.5976418852806091,0.47890281677246094,0.697737991809845,0.5059128403663635
503,0.503982424736023,0.4051428437232971,0.5696976780891418,0.5652586221694946,0.5726370811462402,0.3784397542476654,0.6373132467269897,0.43457284569740295,0.5051811933517456,0.37806782126426697,0.42721739411354065,0.16818809509277344
504,0.49796003103256226,0.353663831949234,0.5180190205574036,0.3744085133075714,0.60899418592453,0.5163946747779846,0.5256208181381226,0.34585750102996826,0.5111847519874573,0.3772316873073578,0.7387106418609619,0.38791322708129883
505,0.635391891002655,0.3124862313270569,0.6894654035568237,0.39437201619148254,0.8039659261703491,0.585303008556366,0.3958457112312317,0.1781311333179474,0.5403156280517578,0.32830408215522766,0.5910756587982178,0.3662305176258087
506,0.6250758767127991,0.5234413146972656,0.5005186796188354,0.29816970229148865,0.464148610830307,0.36309072375297546,0.6884726285934448,0.627361536026001,0.49196434020996094,0.24100546538829803,0.6441105008125305,0.29960066080093384
507,0.3357583284378052,0.18026915192604065,0.7495085000991821,0.4737120568752289,0.4776788651943207,0.2893018126487732,0.8339411020278931,0.5634544491767883,0.6756752133369446,0.5152763724327087,0.6373489499092102,0.2915014624595642
508,0.48374781012535095,0.35188916325569153,0.5145847797393799,0.5267565846443176,0.7132863998413086,0.4698016345500946,0.5436767339706421,0.29885268211364746,0.4406369626522064,0.26153138279914856,0.8636428713798523,0.4978865683078766
509,0.6544966697692871,0.35607975721359253,0.5641645193099976,0.39287373423576355,0.48156923055648804,0.22746329009532928,0.5948684215545654,0.4894367754459381,0.7314943075180054,0.33293676376342773,0.5845822095870972,0.36897018551826477
510,0.4661282002925873,0.2945394814014435,0.81878262758255,0.6951935887336731,0.42557501792907715,0.2160761058330536,0.5594981908798218,0.43367069959640503,0.5240731239318848,0.3741031587123871,0.867120623588562,0.5010896921157837
511,0.730401873588562,0.7757026553153992,0.5926175117492676,0.4586252272129059,0.7115036845207214,0.2763000726699829,0.592528760433197,0.45908764004707336,0.7925063967704773,0.45221325755119324,0.6993663311004639,0.4669020175933838
512,0.3483380377292633,0.1729162186384201,0.7565183043479919,0.5741727948188782,0.42313939332962036,0.39353644847869873,0.7708118557929993,0.46356821060180664,0.6014477014541626,0.4411529004573822,0.8308438062667847,0.9448841214179993
513,0.7020646333694458,0.4712150990962982,0.47191134095191956,0.32356494665145874,0.7634891271591187,0.4951266646385193,0.5056161880493164,0.39173418283462524,0.6177794933319092,0.43545740842819214,0.9236806035041809,0.4423482120037079
514,0.5620487332344055,0.4413963854312897,0.6035285592079163,0.44845888018608093,0.664946973323822,0.40215864777565,0.5632272958755493,0.3492985665798187,0.748437762260437,0.59166020154953,0.6927924156188965,0.5200547575950623
515,0.5107961893081665,0.5260721445083618,0.6697031259536743,0.537126362323761,0.49368491768836975,0.2699788212776184,0.48998966813087463,0.270474910736084,0.6176444292068481,0.4289713203907013,0.521816611289978,0.25762268900871277
516,0.5234771966934204,0.3552219569683075,0.5093554258346558,0.27509528398513794,0.5003664493560791,0.3065164089202881,0.600788950920105,0.42250531911849976,0.8632516860961914,0.6971926689147949,0.6310043931007385,0.35696059465408325
517,0.33116334676742554,0.1407291293144226,0.8435050845146179,0.42032501101493835,0.4963836669921875,0.239002987742424,0.6637510061264038,0.3820286691188812,0.539934515953064,0.3456006348133087,0.729458749294281,0.5140828490257263
518,0.687302827835083,0.5959892868995667,0.4475629925727844,0.348227858543396,0.627140462398529,0.373215913772583,0.42785272002220154,0.2033439427614212,0.6900864839553833,0.5065342783927917,0.7181733846664429,0.5653075575828552
519,0.5697054266929626,0.3053780794143677,0.842251181602478,0.5101631879806519,0.5573810338973999,0.2726283073425293,0.6857562065124512,0.5236468315124512,0.6794585585594177,0.5151360034942627,0.8001473546028137,0.5163500308990479
520,0.4545567035675049,0.3037243187427521,0.5265361666679382,0.39825767278671265,0.7221598029136658,0.331266850233078,0.4932541251182556,0.39982953667640686,0.4873522222042084,0.2785588502883911,0.5270487666130066,0.2863312065601349
521,0.6848761439323425,0.4488487243652344,0.6171613931655884,0.4682549238204956,0.5910975933074951,0.31329837441444397,0.7006374001502991,0.51926589012146,0.8154295086860657,0.5068003535270691,0.6766376495361328,0.42766597867012024
522,0.5816726088523865,0.345745325088501,0.733281135559082,0.5928130149841309,0.7746046781539917,0.42022648453712463,0.5531126260757446,0.3493877649307251,0.4372137188911438,0.22510769963264465,0.6996287107467651,0.326165109872818
523,0.6101437211036682,0.6013575792312622,0.8089997172355652,0.633919358253479,0.5993950963020325,0.3958120346069336,0.8566687703132629,0.6346476674079895,0.6794597506523132,0.5718215703964233,0.5321568846702576,0.3361724019050598
524,0.533096194267273,0.4609634578227997,0.5366135835647583,0.37597352266311646,0.36941683292388916,0.18277107179164886,0.538249135017395,0.47997716069221497,0.5224087834358215,0.32889866828918457,0.8343435525894165,0.4482889175415039
525,0.5571905374526978,0.3560352027416229,0.48216158151626587,0.3757515251636505,0.4046497941017151,0.19079138338565826,0.6156596541404724,0.3186439871788025,0.6748963594436646,0.7436580061912537,0.6234238147735596,0.4111577570438385
526,0.512723982334137,0.3762706220149994,0.6662750244140625,0.3665581941604614,0.5652242302894592,0.4070674180984497,0.6287480592727661,0.35931822657585144,0.678321361541748,0.46601730585098267,0.4261261522769928,0.15307176113128662
527,0.6670573353767395,0.42282021045684814,0.5085604786872864,0.2921414375305176,0.7159320116043091,0.6465680003166199,0.6249578595161438,0.643817126750946,0.5573486685752869,0.23416130244731903,0.6724346876144409,0.37458521127700806
528,0.7881667613983154,0.6975486278533936,0.48729047179222107,0.26014992594718933,0.4944281578063965,0.34925347566604614,0.6238991022109985,0.6882650256156921,0.7154075503349304,0.5521519184112549,0.8039408922195435,0.6335476040840149
529,0.5716304779052734,0.4080878794193268,0.7034077644348145,0.3771421015262604,0.6067954897880554,0.3256732225418091,0.5554794073104858,0.37985846400260925,0.5593335628509521,0.568425714969635,0.6199256777763367,0.3326495289802551
530,0.529263436794281,0.2705272138118744,0.6300252079963684,0.5617634057998657,0.5021642446517944,0.284078985452652,0.487070232629776,0.32031169533729553,0.7933778762817383,0.5707454085350037,0.881872832775116,0.7287320494651794
531,0.8300318717956543,0.7245426774024963,0.6170531511306763,0.4263809323310852,0.6325793266296387,0.45770758390426636,0.7505776882171631,0.4934302866458893,0.604315459728241,0.406767338514328,0.509800910949707,0.2687055170536041
532,0.44440364837646484,0.20955790579319,0.687805712223053,0.4363813102245331,0.8332088589668274,0.6852514147758484,0.6346334218978882,0.4325043857097626,0.527452290058136,0.26979348063468933,0.6929581165313721,0.4195440113544464
533,0.5948845148086548,0.3748970925807953,0.5624723434448242,0.46578115224838257,0.6301723718643188,0.415684312582016,0.846941351890564,0.5803786516189575,0.6149548292160034,0.29463404417037964,0.5447902083396912,0.33789482712745667
534,0.5695658922195435,0.3473401665687561,0.6375460624694824,0.40232691168785095,0.4414238929748535,0.2615430951118469,0.4574022889137268,0.2617994248867035,0.6169054508209229,0.3501816391944885,0.949020266532898,0.6199129223823547
535,0.554000735282898,0.41462811827659607,0.7460032105445862,0.5500320196151733,0.8412559628486633,0.5496095418930054,0.5180243253707886,0.24687625467777252,0.5466598868370056,0.37442532181739807,0.7859524488449097,0.4034736454486847
536,0.7046874761581421,0.40971702337265015,0.6297990083694458,0.29128220677375793,0.6105394959449768,0.40011468529701233,0.5891483426094055,0.30189621448516846,0.6625215411186218,0.2808108627796173,0.5972199440002441,0.24932895600795746
537,0.672569990158081,0.40655070543289185,0.6311861276626587,0.46092796325683594,0.7244106531143188,0.34098342061042786,0.8105562925338745,0.3822573721408844,0.46723097562789917,0.2632647752761841,0.6785944104194641,0.3246830403804779
538,0.7373162508010864,0.5311082005500793,0.5444124341011047,0.30206453800201416,0.5642622709274292,0.4216114580631256,0.5316369533538818,0.398449182510376,0.6998974084854126,0.3305555284023285,0.577125072479248,0.2352384328842163
539,0.5871621370315552,0.5986065864562988,0.5070155262947083,0.29259857535362244,0.6547520756721497,0.46346113085746765,0.6731676459312439,0.3359432816505432,0.5245265364646912,0.280273973941803,0.6014477014541626,0.32357344031333923
540,0.4575003683567047,0.3125908076763153,0.7270658612251282,0.4641835391521454,0.7328797578811646,0.2880643606185913,0.7879015803337097,0.47007036209106445,0.7850984334945679,0.6301429271697998,0.766213059425354,0.5729714035987854
541,0.5761219263076782,0.42295730113983154,0.4740890860557556,0.29982706904411316,0.6186590194702148,0.49819886684417725,0.6689841747283936,0.3516812324523926,0.7342923283576965,0.4727209806442261,0.6206912994384766,0.23775672912597656
542,0.6080314517021179,0.43795400857925415,0.6114320158958435,0.5017566084861755,0.39958006143569946,0.16484226286411285,0.5598340034484863,0.23893874883651733,0.5624582767486572,0.42905673384666443,0.6013854742050171,0.2758468687534332
543,0.7659779787063599,0.4485519826412201,0.7222204804420471,0.6714321374893188,0.5649305582046509,0.4018723964691162,0.45409679412841797,0.24670828878879547,0.48571228981018066,0.24107986688613892,0.903322696685791,0.5520074367523193
544,0.509825587272644,0.422021746635437,0.4885331988334656,0.2522293031215668,0.5656548738479614,0.3871154487133026,0.8397790789604187,0.46705037355422974,0.8091151118278503,0.6817580461502075,0.7440329790115356,0.3830932676792145
545,0.46193447709083557,0.3284149765968323,0.5560024976730347,0.30263152718544006,0.8273482322692871,0.4555603861808777,0.6382573246955872,0.3645360469818115,0.5756179094314575,0.24373610317707062,0.6814107894897461,0.4362162947654724
546,0.6924573183059692,0.43199002742767334,0.5613060593605042,0.4556489884853363,0.7211626768112183,0.4189790189266205,0.5216996073722839,0.26678645610809326,0.7092932462692261,0.5410954356193542,0.719894289970398,0.40742650628089905
547,0.5435808897018433,0.3126935660839081,0.7301322221755981,0.525444746017456,0.39564576745033264,0.14117102324962616,0.6946612000465393,0.43267399072647095,0.5904547572135925,0.3572031259536743,0.5883837938308716,0.32874003052711487
548,0.7179171442985535,0.3124564290046692,0.6377633810043335,0.3102805018424988,0.5006788969039917,0.31669291853904724,0.6882084608078003,0.27166691422462463,0.7650408148765564,0.4545295834541321,0.7719229459762573,0.471702516078949
549,0.4477713704109192,0.3234328329563141,0.6806660294532776,0.39224353432655334,0.6929687857627869,0.4495519697666168,0.5904703140258789,0.2878751754760742,0.6150433421134949,0.5054194331169128,0.4912112355232239,0.18860769271850586
550,0.3986150026321411,0.18728536367416382,0.541750967502594,0.3411678075790405,0.5735660195350647,0.3440777361392975,0.9248852729797363,0.5332465171813965,0.804685115814209,0.5530210137367249,0.6690244078636169,0.3774368166923523
551,0.7757394909858704,0.41153377294540405,0.5912426114082336,0.4243883490562439,0.4839591383934021,0.314614862203598,0.620394229888916,0.3616650104522705,0.5857948064804077,0.3440333902835846,0.6241698861122131,0.398070365190506
552,0.7603465914726257,0.634627640247345,0.6530857682228088,0.4419418275356293,0.6928727030754089,0.3796007037162781,0.601650595664978,0.26882174611091614,0.5757798552513123,0.3301832377910614,0.7426407337188721,0.7018316388130188
553,0.5267168283462524,0.3307467997074127,0.5243015289306641,0.3502645194530487,0.7200425863265991,0.6565740704536438,0.827373206615448,0.46571043133735657,0.4819726347923279,0.2552059590816498,0.6427197456359863,0.35997474193573
554,0.6102411150932312,0.5233400464057922,0.4768980145454407,0.2653873860836029,0.4986991286277771,0.33489102125167847,0.5954586863517761,0.35374340415000916,0.6632784008979797,0.38891085982322693,0.6463108062744141,0.5777855515480042
555,0.5486974120140076,0.29869508743286133,0.7459107041358948,0.7629645466804504,0.772550106048584,0.4562283754348755,0.8753451108932495,0.5938892364501953,0.4358769357204437,0.173113152384758,0.696927547454834,0.41982877254486084
556,0.5341783165931702,0.30864137411117554,0.7861210107803345,0.2737707793712616,0.6036783456802368,0.4364672303199768,0.8197845220565796,0.5159721970558167,0.7001384496688843,0.3874508738517761,0.8123031854629517,0.5821356177330017
557,0.6260225772857666,0.4421399235725403,0.5700699090957642,0.4082925617694855,0.4071291387081146,0.16714823246002197,0.8507254719734192,0.5248611569404602,0.6534229516983032,0.43331456184387207,0.7246612310409546,0.425994336605072
558,0.6295949220657349,0.33052605390548706,0.5854088068008423,0.3554738163948059,0.5621888637542725,0.3133421540260315,0.674225926399231,0.34575992822647095,0.8120690584182739,0.33707883954048157,0.6423975825309753,0.2514496445655823
559,0.7569807171821594,0.45114821195602417,0.801646888256073,0.6130173206329346,0.7160024046897888,0.46877145767211914,1.02129065990448,0.5973262190818787,1.0117591619491577,0.7105618715286255,0.7337102293968201,0.512089729309082
560,0.639739990234375,0.5010963082313538,0.5288339853286743,0.32695046067237854,0.8409496545791626,0.5123783946037292,0.5623125433921814,0.31136342883110046,0.5689612627029419,0.3156057894229889,0.48765450716018677,0.16921848058700562
561,0.564007043838501,0.3490707576274872,0.4972606599330902,0.2280186414718628,0.7590310573577881,0.7248629927635193,0.6644254922866821,0.4034864604473114,0.6271567344665527,0.4256831705570221,0.5391191840171814,0.2270985096693039
562,0.47491517663002014,0.3302426338195801,0.5131890177726746,0.3432043790817261,0.6016489863395691,0.5495778918266296,0.8372961282730103,0.5559616684913635,0.7164499163627625,0.3179108500480652,0.6324288249015808,0.3852232098579407
563,0.6194782853126526,0.3767898976802826,0.53106689453125,0.38835614919662476,0.8837035298347473,0.5069957971572876,0.6950651407241821,0.2982904314994812,0.5297845005989075,0.279850572347641,0.7229292392730713,0.46859210729599
564,0.9037337303161621,0.7058773040771484,0.5870166420936584,0.3144603967666626,0.7312415242195129,0.47732722759246826,0.6253440380096436,0.4053540527820587,0.7864581346511841,0.4752708375453949,0.8065905570983887,0.3952960669994354
565,0.9779564738273621,0.6168965697288513,0.6976451873779297,0.3776620626449585,0.5698135495185852,0.35957491397857666,0.6586371660232544,0.42628908157348633,0.6083186864852905,0.27752363681793213,0.7378746867179871,0.417186439037323
566,0.7704721689224243,0.5540109276771545,0.7600225210189819,0.5502331852912903,0.7146123647689819,0.45929601788520813,0.5259626507759094,0.28056925535202026,0.6281896233558655,0.3119821548461914,0.5805870890617371,0.21078051626682281
567,0.8228654861450195,0.4579261839389801,0.7567108869552612,0.5486246347427368,0.6596553921699524,0.3775317072868347,0.6730015873908997,0.3555154800415039,0.8120112419128418,0.5631259083747864,0.7108228802680969,0.41954195499420166
568,0.704500675201416,0.4619702696800232,0.7402933239936829,0.532015860080719,0.7200709581375122,0.3406723141670227,0.6033161282539368,0.3514786958694458,0.6886648535728455,0.3448687791824341,0.6015440225601196,0.2694818079471588
569,0.7034022808074951,0.4890340566635132,0.5719831585884094,0.3597247302532196,0.9119861721992493,0.4966896176338196,0.511303722858429,0.24000322818756104,0.6388646364212036,0.3942539691925049,0.4948931634426117,0.21643073856830597
570,0.5548137426376343,0.3790169656276703,0.5981239676475525,0.4157082140445709,0.7926908731460571,0.3167364299297333,0.9883341789245605,0.5590131282806396,0.6054612398147583,0.3460054397583008,0.6450268030166626,0.44349420070648193
571,0.6446906328201294,0.3934754431247711,0.74779212474823,0.5131882429122925,0.4369233548641205,0.1511489450931549,0.8308385014533997,0.49531275033950806,0.613705575466156,0.3430091142654419,0.8076328039169312,0.4823814034461975
572,0.5910370945930481,0.31575337052345276,0.5091964602470398,0.34772342443466187,0.5585039854049683,0.43840086460113525,0.6030228734016418,0.32552340626716614,0.6268560886383057,0.4310682415962219,0.9440415501594543,0.5364835858345032
573,0.7777189016342163,0.4445337951183319,0.6357496976852417,0.3451805114746094,0.8348897099494934,0.4797651171684265,0.7112403512001038,0.3024510443210602,0.6174749732017517,0.34404662251472473,0.7814265489578247,0.5022081136703491
574,0.5781003832817078,0.32089099287986755,0.5900888442993164,0.2744329869747162,0.6856227517127991,0.5568129420280457,0.6077339053153992,0.37013325095176697,0.606844425201416,0.355792760848999,1.0325360298156738,0.587765634059906
575,0.8206768035888672,0.5376204252243042,0.9144033193588257,0.9062390923500061,0.7085610628128052,0.6224256157875061,0.6408951878547668,0.3451170325279236,0.7316304445266724,0.4482209086418152,0.6802790760993958,0.3779807388782501
576,0.48393839597702026,0.305120587348938,0.5668038129806519,0.2765974998474121,0.5556749701499939,0.27412188053131104,0.6398232579231262,0.32937899231910706,0.6976041793823242,0.35756608843803406,0.6474232077598572,0.33649733662605286
577,0.5721046328544617,0.29631713032722473,0.6576319932937622,0.4675813317298889,0.7890070676803589,0.3855532109737396,0.7576736211776733,0.33078956604003906,0.7699552774429321,0.5361074805259705,0.5860689878463745,0.2352675050497055
578,0.5879608988761902,0.3294839859008789,0.7248277068138123,0.46461835503578186,0.7216814756393433,0.4272918105125427,0.5823851823806763,0.21316403150558472,0.7414833307266235,0.38780710101127625,0.5209328532218933,0.21106208860874176
579,0.6468847393989563,0.3828513026237488,0.8184110522270203,0.4097752273082733,0.5105875730514526,0.24636492133140564,0.6913612484931946,0.537590742111206,0.6336919069290161,0.4989738166332245,0.5333173274993896,0.2370602935552597
580,0.5995577573776245,0.43091049790382385,0.6375716328620911,0.333139568567276,0.7181795835494995,0.37694650888442993,0.8391103744506836,0.7558001279830933,0.6718921065330505,0.26364442706108093,0.6313485503196716,0.4487169086933136
581,0.646330714225769,0.44974812865257263,0.6899211406707764,0.35804492235183716,0.6245269775390625,0.379466712474823,0.8380893468856812,0.4985470771789551,0.7129257917404175,0.342390239238739,0.9159069061279297,0.3998759388923645
582,0.8166033029556274,0.41323328018188477,0.6428248286247253,0.3492332398891449,0.5183683633804321,0.2606074810028076,0.8396315574645996,0.5467422008514404,0.8181641697883606,0.489303320646286,0.7214775085449219,0.34224003553390503
583,0.8504279851913452,0.5410370826721191,0.5223727822303772,0.30230528116226196,0.5456973314285278,0.2993986904621124,0.8673883676528931,0.47768184542655945,0.7133053541183472,0.43339991569519043,0.7481111288070679,0.4136236011981964
584,0.6252989768981934,0.46035799384117126,0.745746910572052,0.4301951229572296,0.6005626320838928,0.30893632769584656,0.633192777633667,0.32911962270736694,0.43570399284362793,0.1436619758605957,0.5784398317337036,0.27717652916908264
585,0.6781941652297974,0.5965611934661865,0.5657075047492981,0.2975548207759857,0.5823827981948853,0.3319742679595947,0.5393465757369995,0.34393495321273804,0.6884035468101501,0.3229258954524994,0.7803517580032349,0.4124853014945984
586,0.5163665413856506,0.25369390845298767,0.7667449712753296,0.446014940738678,0.7729119062423706,0.5748106837272644,0.7415356636047363,0.4131414592266083,0.7987347841262817,0.34898048639297485,1.0194697380065918,0.6945574879646301
587,0.7067416906356812,0.4895751476287842,0.4663761556148529,0.19873666763305664,0.7123975157737732,0.3988184630870819,0.5277824401855469,0.27950653433799744,0.6567168831825256,0.3628431260585785,0.64243084192276,0.35852310061454773
588,0.741094708442688,0.7880762219429016,0.7344832420349121,0.45375776290893555,0.689864993095398,0.32944002747535706,0.5016555190086365,0.16565656661987305,0.486118882894516,0.17967404425144196,0.5895987749099731,0.25612014532089233
589,0.51670902967453,0.33061957359313965,0.9714879989624023,0.7228527665138245,0.6250550150871277,0.46585047245025635,0.6459487676620483,0.37232378125190735,0.8050037622451782,0.4887041747570038,0.764750599861145,0.45488375425338745
590,0.49189648032188416,0.1580130159854889,0.7374435663223267,0.33648452162742615,0.4787399172782898,0.17424802482128143,0.5368314385414124,0.23780369758605957,0.7273945808410645,0.4019227623939514,0.6387723684310913,0.32998138666152954
591,0.683655321598053,0.4816558361053467,0.6211555600166321,0.2875073552131653,0.6561165452003479,0.39591899514198303,0.5188689827919006,0.2706449627876282,0.6896177530288696,0.5009991526603699,0.7942979335784912,0.5157433748245239
592,0.9044384956359863,0.5153364539146423,0.8172212839126587,0.34339839220046997,0.6940798163414001,0.5072334408760071,0.6337064504623413,0.25069162249565125,0.9202020764350891,0.5177149772644043,0.8971902132034302,0.5649717450141907
593,0.6566752195358276,0.378463476896286,0.8773337602615356,0.41246169805526733,0.7777063846588135,0.4639466404914856,0.5859552621841431,0.3051217496395111,0.552080512046814,0.23342090845108032,0.7018633484840393,0.3373403549194336
594,0.9575713276863098,0.8330885171890259,0.6675307750701904,0.2713530659675598,0.6487864255905151,0.4075666069984436,0.6262298226356506,0.3497900664806366,0.6395723819732666,0.41334623098373413,0.5779350996017456,0.17864805459976196
595,0.603847861289978,0.3386143147945404,0.7917073369026184,0.299543559551239,0.6192342042922974,0.35656851530075073,0.9861124753952026,0.5961784720420837,0.5512251257896423,0.3115685284137726,0.9042385220527649,0.6696080565452576
596,0.5759468078613281,0.31674954295158386,0.652523934841156,0.2917895019054413,0.5996385812759399,0.32275286316871643,0.7009034156799316,0.4408949315547943,0.6645971536636353,0.5325344800949097,0.6176730394363403,0.33927685022354126
597,0.6340335607528687,0.4196588695049286,0.6718413233757019,0.29560595750808716,0.585119903087616,0.3577965199947357,0.7201196551322937,0.4568030536174774,0.6753978729248047,0.34921303391456604,0.8412061929702759,0.4375670552253723
598,0.5602328181266785,0.29334312677383423,0.5214408040046692,0.25826165080070496,0.5426852107048035,0.2623595893383026,0.5868430733680725,0.34304967522621155,0.7789293527603149,0.41714581847190857,0.8883706331253052,0.5501214265823364
599,0.8257951736450195,0.4278792440891266,0.6114770174026489,0.3705325722694397,0.7322913408279419,0.36790716648101807,0.6893079280853271,0.5615226030349731,0.5600837469100952,0.1906992495059967,0.7315316796302795,0.34469515085220337
600,0.7648007869720459,0.42751631140708923,0.581645667552948,0.29419466853141785,0.6027921438217163,0.40972039103507996,0.642912745475769,0.3910759687423706,0.6466506123542786,0.3942659795284271,0.7861607670783997,0.5251210927963257
601,0.7614814639091492,0.43905675411224365,0.7028635740280151,0.38292238116264343,0.5808335542678833,0.3413269519805908,0.4756743907928467,0.14262492954730988,1.0579968690872192,0.5429313778877258,0.70774906873703,0.28786876797676086
602,0.7710514068603516,0.42919814586639404,0.5578228831291199,0.29515352845191956,0.8185415267944336,0.38055679202079773,0.7823642492294312,0.45054394006729126,0.644130289554596,0.23653823137283325,0.6994470953941345,0.3845309913158417
603,0.8258726000785828,0.6162668466567993,0.6438106298446655,0.33331868052482605,0.6896392107009888,0.471881240606308,0.8450250625610352,0.5470783710479736,0.8806806802749634,0.4078802764415741,0.7875080108642578,0.3083553612232208
604,0.6147288084030151,0.317945659160614,0.738315761089325,0.4768351912498474,0.7837361693382263,0.4098525643348694,0.8572620153427124,0.3343277871608734,0.6810928583145142,0.3877381682395935,0.7312213182449341,0.40383535623550415
605,0.491875022649765,0.35756582021713257,0.5842882990837097,0.23414576053619385,0.7339591383934021,0.4748658239841461,0.7535890340805054,0.4116986393928528,0.572968602180481,0.23167727887630463,0.6770714521408081,0.2649691104888916
606,0.69840407371521,0.39163872599601746,0.644418478012085,0.2906973659992218,0.831048309803009,0.6129732131958008,0.6788689494132996,0.2576390206813812,0.7505224943161011,0.4920239746570587,0.7586467266082764,0.46744024753570557
607,0.7357422709465027,0.3044487237930298,0.7478832006454468,0.4173605442047119,0.7143965363502502,0.49112653732299805,0.9088692665100098,0.3840337097644806,0.9423443078994751,0.36607760190963745,0.8626017570495605,0.35425880551338196
608,0.6637557148933411,0.3694887161254883,0.569645881652832,0.3923482894897461,0.6931127309799194,0.22721007466316223,0.9916099309921265,0.5370182394981384,0.5996734499931335,0.35072895884513855,0.8779034614562988,0.6460261940956116
609,0.4916604161262512,0.19420918822288513,0.6353952884674072,0.3999057412147522,0.8467109799385071,0.7114583253860474,0.8582817912101746,0.36038750410079956,1.0299758911132812,0.47786393761634827,0.7434029579162598,0.27147334814071655
610,0.5938225984573364,0.24598968029022217,0.6002974510192871,0.3301451802253723,0.723949134349823,0.34094417095184326,0.7440521121025085,0.4771921634674072,0.7930169105529785,0.4208141565322876,0.7136858105659485,0.30802837014198303
611,0.6857203245162964,0.3573753833770752,0.6683903336524963,0.47976016998291016,0.5191287994384766,0.26676833629608154,0.7702815532684326,0.5527963638305664,0.6023024320602417,0.2649443745613098,0.801500141620636,0.5531243085861206
612,0.6602572202682495,0.37401333451271057,0.7711509466171265,0.37468084692955017,0.5745540261268616,0.3189693093299866,0.4946174621582031,0.179837167263031,0.6360222101211548,0.28947019577026367,0.7019584774971008,0.4714607298374176
613,0.6630315780639648,0.34585365653038025,0.6076620817184448,0.2954048216342926,0.7195347547531128,0.3751199245452881,0.7890233397483826,0.2751293480396271,0.6998106837272644,0.29605066776275635,0.8710441589355469,0.466289758682251
614,0.5758177638053894,0.3279895782470703,0.639238178730011,0.21581518650054932,0.7780779600143433,0.5564962029457092,0.7322425842285156,0.41355133056640625,0.768828272819519,0.4333513081073761,0.8401619791984558,0.5372771620750427
615,0.8134939074516296,0.4842768907546997,0.45038795471191406,0.15938089787960052,0.7788565158843994,0.3605250418186188,0.9543187022209167,0.5899029970169067,0.8465651273727417,0.5000655651092529,0.6039541959762573,0.17160803079605103
616,0.6262209415435791,0.4234538972377777,0.7349988222122192,0.3322303891181946,0.650855302810669,0.4475058615207672,0.5927059650421143,0.31846141815185547,0.6402815580368042,0.3261648714542389,0.7038088440895081,0.3129335045814514
617,0.9169290661811829,0.5992434024810791,0.6606298685073853,0.33717668056488037,0.5561639666557312,0.30868518352508545,1.0095418691635132,0.6976180076599121,0.5602807998657227,0.16470246016979218,0.6814813017845154,0.2873587906360626
618,0.7191522717475891,0.39475274085998535,0.8444018363952637,0.2884610593318939,0.6405009031295776,0.3349889814853668,0.6034649610519409,0.2559438645839691,0.7180913686752319,0.5188648104667664,0.7508361339569092,0.27945610880851746
619,0.8055329322814941,0.3928464353084564,0.6363117694854736,0.33354735374450684,0.5879758596420288,0.29424041509628296,0.7708722352981567,0.3678852319717407,0.6603858470916748,0.2970830798149109,0.9968855977058411,0.8438799381256104
620,0.7067886590957642,0.43057799339294434,0.6412766575813293,0.43049439787864685,0.8797667622566223,0.553829550743103,0.7298101186752319,0.32007870078086853,0.7191354036331177,0.36670371890068054,0.7814071774482727,0.4379715025424957
621,0.5298160314559937,0.21333441138267517,0.9297012090682983,0.5901650786399841,0.5689921975135803,0.23595920205116272,0.5514169931411743,0.21543638408184052,0.7894859313964844,0.33625486493110657,0.7428408265113831,0.5340294241905212
622,0.6851626634597778,0.42583391070365906,0.6996278166770935,0.3370515704154968,0.7279812097549438,0.5579315423965454,0.5048768520355225,0.14469020068645477,0.7191083431243896,0.4036532938480377,0.6238104701042175,0.21018102765083313
623,1.0960243940353394,0.24187593162059784,0.7514063715934753,0.3042146563529968,0.48826074600219727,0.18378272652626038,1.0949846506118774,0.5726835131645203,0.832900881767273,0.40173184871673584,0.6943827867507935,0.18866293132305145
624,0.6108328104019165,0.29099041223526,0.8892496228218079,0.5416856408119202,0.7852886915206909,0.4939965605735779,0.7041729688644409,0.384137362241745,0.795955240726471,0.48136231303215027,0.9545643925666809,0.5024409890174866
625,0.6681148409843445,0.31680816411972046,0.7891807556152344,0.5848668217658997,0.5714825987815857,0.3163529634475708,0.67719966173172,0.37123656272888184,0.7579254508018494,0.3770780563354492,0.6470494866371155,0.3018582761287689
626,0.8168808221817017,0.451561838388443,0.7052582502365112,0.408326119184494,0.5248720049858093,0.166741743683815,0.6904367804527283,0.40464988350868225,0.7266217470169067,0.41445836424827576,0.5710577964782715,0.14924129843711853
627,0.8736398816108704,0.2620617151260376,0.7917218804359436,0.3775028586387634,0.6540409922599792,0.3323231041431427,0.8444575071334839,0.5338414311408997,0.5760291814804077,0.22400563955307007,0.7781389355659485,0.2956638038158417
628,0.5990685224533081,0.19331716001033783,0.6737633943557739,0.3212057054042816,0.5273178815841675,0.16360211372375488,0.9605083465576172,0.5838316679000854,0.7024535536766052,0.30853763222694397,0.590301513671875,0.21162724494934082
629,0.6139706373214722,0.3474200963973999,0.8723949193954468,0.2979288697242737,0.5166458487510681,0.21220611035823822,0.5481793880462646,0.31871598958969116,0.7436646223068237,0.377170592546463,0.950594425201416,0.7378450632095337
630,0.5993920564651489,0.2996860146522522,0.6700369715690613,0.23233088850975037,0.6243335008621216,0.2567537724971771,0.5890385508537292,0.27647900581359863,0.7552574872970581,0.3657684624195099,0.8568941950798035,0.388977974653244
631,0.6147153377532959,0.2534694969654083,0.6439744234085083,0.3183615803718567,1.0633037090301514,0.4098682403564453,0.6288496255874634,0.26197221875190735,1.2149136066436768,0.7396159768104553,0.6113392114639282,0.2733738422393799
632,0.6134592294692993,0.32076629996299744,0.6983617544174194,0.339088499546051,0.944442629814148,0.5791756510734558,0.8416410684585571,0.3851527273654938,0.7666629552841187,0.4486069083213806,0.8322111368179321,0.5004099607467651
633,0.6842118501663208,0.37048575282096863,0.6981128454208374,0.3149901330471039,0.7605611085891724,0.3240721821784973,0.6989629864692688,0.3554844558238983,0.8570095896720886,0.4581562280654907,0.5759468674659729,0.18135014176368713
634,0.6672496199607849,0.27897512912750244,0.7803601622581482,0.32499751448631287,0.9304178357124329,0.4238438904285431,0.7148816585540771,0.26979684829711914,0.7503050565719604,0.26335030794143677,0.570327877998352,0.15187017619609833
635,0.7254387736320496,0.5177698135375977,0.6357443928718567,0.22655682265758514,0.5922518968582153,0.2261882722377777,0.7697271108627319,0.31765034794807434,0.7709898948669434,0.4327378273010254,0.6590150594711304,0.29192671179771423
636,0.7263033390045166,0.4328719973564148,0.6400846838951111,0.21138368546962738,0.6822249889373779,0.2655054032802582,0.6158970594406128,0.20645205676555634,0.9448550343513489,0.4840354919433594,0.7202695608139038,0.3915851414203644
637,0.7560665607452393,0.3636018633842468,0.5280948877334595,0.14985746145248413,0.900318443775177,0.5336450934410095,0.7406935691833496,0.41305574774742126,0.6478661298751831,0.3118189871311188,0.9034282565116882,0.520142138004303
638,0.6316573619842529,0.2841765284538269,0.7535697221755981,0.31366679072380066,0.896257758140564,0.39614927768707275,0.5965191125869751,0.2676781713962555,0.6508364081382751,0.3589988350868225,0.7492548823356628,0.33489733934402466
639,0.8047126531600952,0.7616015076637268,0.7636002898216248,0.5143970251083374,0.8666068911552429,0.5724140405654907,0.7705647945404053,0.4395313560962677,0.6578493118286133,0.2997673451900482,0.7423115968704224,0.367229700088501
640,0.687988817691803,0.3771438002586365,0.6640872955322266,0.2600957751274109,0.8621658086776733,0.5139918923377991,0.610929548740387,0.2928674519062042,0.9298018217086792,0.5710968971252441,0.6386270523071289,0.266660213470459
641,0.8374374508857727,0.3522966504096985,0.5786109566688538,0.22811637818813324,0.7834983468055725,0.548412561416626,0.6716610193252563,0.18849080801010132,0.792178750038147,0.30736857652664185,0.9726005792617798,0.5837857723236084
642,0.781754732131958,0.36505070328712463,0.5187674760818481,0.09746184945106506,0.9502755999565125,0.7794111967086792,0.5267009139060974,0.1933320015668869,0.880463719367981,0.46953755617141724,0.8891596794128418,0.36814144253730774
643,0.6292484402656555,0.1793069988489151,0.7241969704627991,0.3584587872028351,0.8093786239624023,0.4082452952861786,0.8386654853820801,0.43825235962867737,0.9960950613021851,0.5996328592300415,0.7346097230911255,0.28719526529312134
644,0.6561809778213501,0.26951465010643005,0.8688287734985352,0.4279674291610718,0.9515126943588257,0.3263486921787262,0.7187982797622681,0.42633652687072754,0.8442980647087097,0.36566025018692017,0.8275749087333679,0.41339847445487976
645,0.7690361142158508,0.47044000029563904,0.7726701498031616,0.44291412830352783,0.6841041445732117,0.3257404863834381,0.8335712552070618,0.6343429088592529,0.6794701814651489,0.24131010472774506,0.6546653509140015,0.317923903465271
646,0.9791460037231445,0.47819066047668457,0.8234578371047974,0.49244225025177,0.6981130838394165,0.32660138607025146,0.7098743319511414,0.2827069163322449,0.6689237952232361,0.2696247398853302,0.7815619111061096,0.3767051100730896
647,0.7157180309295654,0.3968961834907532,0.7024096250534058,0.2501317262649536,0.7476087212562561,0.45005491375923157,0.6077886819839478,0.3238637149333954,0.8612805604934692,0.6786455512046814,0.6294224858283997,0.2947000563144684
648,0.7177109122276306,0.3002573847770691,0.5674846768379211,0.2009248435497284,0.664002537727356,0.3474382162094116,0.9790483713150024,0.43164488673210144,0.7648032903671265,0.50068598985672,0.693000316619873,0.30687862634658813
649,0.7204423546791077,0.28739047050476074,0.797961950302124,0.30404385924339294,0.7048825025558472,0.42848703265190125,0.635954737663269,0.32502901554107666,0.6762148141860962,0.2397473305463791,0.648119330406189,0.24101196229457855
650,0.8507816195487976,0.3603844940662384,0.9782962799072266,0.5415809154510498,0.7109920978546143,0.37929660081863403,0.8290921449661255,0.38882383704185486,0.6208065152168274,0.16256211698055267,0.6424312591552734,0.237171471118927
651,0.9654455184936523,0.6147376894950867,0.6066763401031494,0.26051974296569824,0.6546398997306824,0.4254057705402374,0.6938123106956482,0.28206008672714233,0.5868014097213745,0.2097896933555603,1.0329281091690063,0.514615535736084
652,0.8621392250061035,0.5262244939804077,0.5626940727233887,0.14312881231307983,0.7084847688674927,0.2523556053638458,1.0444656610488892,0.3381752669811249,0.6497048735618591,0.193722665309906,0.7106510996818542,0.24399176239967346
653,0.730072021484375,0.5478392839431763,0.754120409488678,0.42390763759613037,0.8916090130805969,0.5139660239219666,0.9795835614204407,0.5094534754753113,0.7395718097686768,0.33895888924598694,0.8712038993835449,0.657119631767273
654,0.6492845416069031,0.3700164556503296,0.7554382085800171,0.28338953852653503,1.125786304473877,0.5478951334953308,0.6834653615951538,0.2319450080394745,0.792949914932251,0.2847233712673187,0.6839531660079956,0.2862577438354492
655,0.7361171245574951,0.28151199221611023,0.6569427251815796,0.34522995352745056,0.6971563100814819,0.245466947555542,0.7119634747505188,0.19123567640781403,0.6454455852508545,0.17236563563346863,0.9477028846740723,0.4799423813819885
656,0.8016077280044556,0.4359487295150757,0.7239760160446167,0.3287523090839386,0.5617901086807251,0.16199888288974762,0.7445395588874817,0.40410491824150085,0.7947841882705688,0.3435680866241455,0.8857115507125854,0.3831704556941986
657,0.6121519804000854,0.34426558017730713,0.6224830746650696,0.2638569176197052,0.6173173189163208,0.28912392258644104,0.636621356010437,0.30762889981269836,0.885144829750061,0.508265495300293,0.8688898086547852,0.3729434013366699
658,0.836414635181427,0.4064750075340271,0.6241070032119751,0.22567033767700195,0.840194046497345,0.5186978578567505,0.7757216691970825,0.4875686764717102,0.8493629693984985,0.47013285756111145,0.7046312093734741,0.27190127968788147
659,0.8583208322525024,0.35248708724975586,0.946230411529541,0.5356290340423584,0.8811730146408081,0.42184585332870483,0.8058716654777527,0.44707778096199036,0.7034698128700256,0.24634645879268646,0.9220946431159973,0.5066840648651123
660,0.7095516920089722,0.3989344537258148,0.851887047290802,0.3397930860519409,0.7387397289276123,0.4237978458404541,0.9257564544677734,0.4268033504486084,0.9416903257369995,0.5290994644165039,0.7071507573127747,0.24621324241161346
661,0.6189242601394653,0.2675924599170685,0.7811859846115112,0.5063737034797668,0.8319488763809204,0.39714986085891724,0.7700159549713135,0.3613646328449249,0.6115875244140625,0.12300331145524979,0.8898298144340515,0.3277670443058014
662,0.7983826398849487,0.32707348465919495,0.8398939967155457,0.5772681832313538,0.6832823753356934,0.31353285908699036,0.8815375566482544,0.5695069432258606,0.7494767904281616,0.39490678906440735,0.825666606426239,0.3148241639137268
663,0.7193309664726257,0.38996443152427673,0.7940717935562134,0.37646788358688354,0.6803824305534363,0.2716241776943207,0.7651699781417847,0.453908234834671,0.6187835931777954,0.30307620763778687,0.7168759107589722,0.37035292387008667
664,0.7695233225822449,0.3207052946090698,0.8424142599105835,0.600797712802887,0.8131731748580933,0.5576323866844177,0.6785600781440735,0.2283567190170288,0.9771305918693542,0.5736681222915649,0.8421805500984192,0.3891701400279999
665,0.8458529710769653,0.3781600892543793,0.6896123290061951,0.3476967513561249,0.7860599160194397,0.25667595863342285,0.6636067628860474,0.2756028473377228,0.7686364650726318,0.2820575535297394,0.6602550745010376,0.21638183295726776
666,0.7766817212104797,0.3252628743648529,0.7997033596038818,0.5114706754684448,0.9425078630447388,0.47294750809669495,0.8313770294189453,0.3436979353427887,0.6709681153297424,0.2772868275642395,0.8534940481185913,0.4367772936820984
667,0.6614914536476135,0.27620837092399597,0.8553495407104492,0.49837401509284973,0.7742166519165039,0.3651971220970154,0.7068181037902832,0.4299646317958832,0.9173680543899536,0.5150375366210938,0.5715912580490112,0.1494205892086029
668,0.8493706583976746,0.5075546503067017,0.8213327527046204,0.37533336877822876,0.7219870090484619,0.27489471435546875,0.6041643619537354,0.17900796234607697,0.9691475033760071,0.36188358068466187,0.6997808814048767,0.25078123807907104
669,0.6799551248550415,0.3290611207485199,0.7627846598625183,0.34464743733406067,0.9702256917953491,0.5384798645973206,0.8102917671203613,0.38441377878189087,0.6160414814949036,0.2326931208372116,0.9203561544418335,0.558478593826294
670,0.6517900824546814,0.31600508093833923,0.7932002544403076,0.46376219391822815,0.8554895520210266,0.4117223620414734,0.6372534036636353,0.28933456540107727,1.0049422979354858,0.43877366185188293,0.6862399578094482,0.27574190497398376
671,0.5635352730751038,0.20570461452007294,0.8039142489433289,0.5077422857284546,0.8248907327651978,0.5253715515136719,0.7568355202674866,0.4382143020629883,0.6427087187767029,0.17017704248428345,0.8243284225463867,0.4939844012260437
672,0.7549682259559631,0.40799152851104736,0.66729336977005,0.2606393098831177,0.7983972430229187,0.35503020882606506,0.7592487931251526,0.4223940074443817,0.7944349050521851,0.2709973454475403,0.6832025051116943,0.29087033867836
673,0.6593276858329773,0.28874143958091736,0.6786364316940308,0.30344945192337036,0.7960763573646545,0.2955455482006073,0.7450516223907471,0.32173675298690796,0.7797317504882812,0.3688700199127197,0.8922821283340454,0.3771493434906006
674,0.9232352375984192,0.7326892018318176,0.8324307203292847,0.45986321568489075,0.9874021410942078,0.484523743391037,0.9344595074653625,0.554286003112793,0.7195540070533752,0.31874606013298035,0.6783868074417114,0.23593759536743164
675,0.6999134421348572,0.27977579832077026,0.8987013697624207,0.5117901563644409,0.8124629855155945,0.3878844082355499,0.7218133807182312,0.407039999961853,0.923257052898407,0.6030673384666443,0.8100618124008179,0.42984920740127563
676,0.7339156866073608,0.3171790838241577,0.7622696161270142,0.3330778181552887,0.5683468580245972,0.22017498314380646,0.786952793598175,0.47603490948677063,0.9620541334152222,0.30276963114738464,0.9747616052627563,0.41029947996139526
677,0.7618746757507324,0.35659825801849365,0.6523553133010864,0.23815512657165527,0.7707574367523193,0.4107717275619507,0.6970293521881104,0.30555540323257446,0.8098956346511841,0.47315213084220886,0.7343254089355469,0.3043097257614136
678,0.7118158340454102,0.3700954020023346,0.9896491765975952,0.7297079563140869,0.8124247789382935,0.5013534426689148,0.7806187272071838,0.27326077222824097,0.7834670543670654,0.34914442896842957,0.7178158164024353,0.24510100483894348
679,0.7198388576507568,0.4052574634552002,0.9316514134407043,0.4647103548049927,0.8325359225273132,0.2634316086769104,0.6177233457565308,0.2356802076101303,0.6139175295829773,0.14811289310455322,0.5932595729827881,0.12933723628520966
680,0.7640989422798157,0.40173640847206116,0.6386706829071045,0.30745360255241394,0.7582723498344421,0.3313848674297333,0.8413769006729126,0.4363386929035187,0.8841966390609741,0.31446215510368347,0.7437368631362915,0.36585500836372375
681,0.6844984889030457,0.23490838706493378,0.7062774896621704,0.3109966218471527,1.0140416622161865,0.40318170189857483,0.6971772909164429,0.3652954399585724,1.1018422842025757,0.4968697428703308,0.7839556932449341,0.2676216661930084
682,0.766554594039917,0.4061363637447357,0.8254361152648926,0.38518014550209045,0.9323241114616394,0.4322047829627991,0.9957995414733887,0.3705720007419586,0.9956599473953247,0.47687000036239624,0.9601829648017883,0.5184524655342102
683,0.9015297889709473,0.49352219700813293,0.836744487285614,0.4757438004016876,0.8611642718315125,0.43156373500823975,0.651036262512207,0.3382720649242401,0.7409093976020813,0.183174729347229,0.7370021939277649,0.4545873999595642
684,0.6932567954063416,0.22938701510429382,0.7215882539749146,0.3568548560142517,0.7207895517349243,0.2860434055328369,0.7643166780471802,0.3642733693122864,0.6866261959075928,0.2539343237876892,0.7199554443359375,0.2804257273674011
685,0.7307158708572388,0.36320409178733826,0.6880128383636475,0.24078212678432465,0.822044849395752,0.5771698951721191,0.6901621222496033,0.30948156118392944,0.9602996706962585,0.5748986005783081,0.6884598135948181,0.3201015889644623
686,0.6247576475143433,0.2877572774887085,0.6272014379501343,0.22571952641010284,0.7882930040359497,0.3515802323818207,0.6175235509872437,0.248350590467453,0.6977354288101196,0.23059286177158356,0.7334481477737427,0.28081098198890686
687,0.6227071285247803,0.1869373768568039,0.7095224261283875,0.22072364389896393,0.6269901394844055,0.20479285717010498,0.9798353910446167,0.29312166571617126,0.7325081825256348,0.25930076837539673,0.7744162082672119,0.30540552735328674
688,0.7273892760276794,0.2563501298427582,0.8557552099227905,0.41898268461227417,0.7667099237442017,0.284930557012558,0.7887073755264282,0.41826003789901733,0.824719250202179,0.526801586151123,0.9652063250541687,0.726823627948761
689,0.8022106289863586,0.4012197256088257,0.6528705358505249,0.43022599816322327,0.793547511100769,0.26998767256736755,0.7498910427093506,0.3474591374397278,0.7524036169052124,0.47341012954711914,0.8809598684310913,0.38334232568740845
690,0.9222608804702759,0.2369861751794815,0.7670944333076477,0.23191046714782715,0.8840636014938354,0.38447415828704834,0.692305862903595,0.3457845449447632,0.7820152044296265,0.3569315969944,0.7028719186782837,0.2676492929458618
691,0.6297176480293274,0.269697904586792,0.8391003608703613,0.3906819522380829,0.7030261158943176,0.25140976905822754,0.6825010776519775,0.33590978384017944,0.6139218807220459,0.07830683141946793,0.7098096609115601,0.2752666175365448
692,0.7041456699371338,0.21359097957611084,0.7258722186088562,0.33888936042785645,0.740314781665802,0.1952333301305771,0.7596536874771118,0.28941044211387634,0.8746925592422485,0.3080959618091583,0.6869592070579529,0.23575706779956818
693,0.5439768433570862,0.17383471131324768,1.0514582395553589,0.5967640280723572,0.8122302889823914,0.34064120054244995,0.8337886929512024,0.48143598437309265,0.7306321263313293,0.2858197093009949,0.8246699571609497,0.3820439875125885
694,0.7173737287521362,0.2519756257534027,1.0555355548858643,0.5856192111968994,0.9772154688835144,0.5047968029975891,0.7387232184410095,0.2548084557056427,0.7864006757736206,0.386142373085022,0.789027214050293,0.366034597158432
695,0.681440532207489,0.3348640203475952,0.8161953091621399,0.3144897520542145,0.7805261611938477,0.3215146064758301,0.9045931100845337,0.4116250276565552,0.7466403245925903,0.22075709700584412,0.7351599335670471,0.24483264982700348
696,0.8056268692016602,0.24405893683433533,0.6017502546310425,0.1326480209827423,0.9857984781265259,0.5339087247848511,0.6209728121757507,0.22188124060630798,0.9262107610702515,0.5331794619560242,0.7184498310089111,0.3269510865211487
697,0.7640594244003296,0.3490550220012665,0.8149431347846985,0.229895681142807,0.8469120264053345,0.3908676207065582,0.759289562702179,0.2319166213274002,0.7047317624092102,0.26657432317733765,0.9093397855758667,0.4132370054721832
698,0.5643802881240845,0.16898734867572784,0.9442970156669617,0.464047372341156,0.8706911206245422,0.3528248071670532,0.7443162202835083,0.2746540904045105,0.717137336730957,0.23215962946414948,0.8979460597038269,0.5856794714927673
699,0.59553062915802,0.2635970711708069,0.868283748626709,0.38665950298309326,0.8332764506340027,0.2508808374404907,0.6818269491195679,0.21364130079746246,0.9563342928886414,0.40594249963760376,0.8171401023864746,0.31454917788505554
700,0.7451844215393066,0.23891249299049377,0.5703414082527161,0.16233693063259125,1.0919978618621826,0.4921641945838928,0.8660402297973633,0.3368911147117615,0.7018083333969116,0.22161021828651428,0.7819289565086365,0.4739333987236023
