X,TD_mean,TD_std,TD+NOV_mean,TD+NOV_std,TD+UNC_mean,TD+UNC_std,FULL_mean,FULL_std,MULT_mean,MULT_std,GATE_mean,GATE_std
1,0.7290319800376892,0.0006898306310176849,0.7290258407592773,0.0006897449493408203,0.7289729118347168,0.0006896514678373933,0.7289665937423706,0.0006895744008943439,0.7291930317878723,0.0006973681738600135,0.7289767265319824,0.0006896983832120895
2,0.47233638167381287,0.0014624061295762658,0.4723320007324219,0.001462510321289301,0.4722466468811035,0.001461339765228331,0.4722423553466797,0.0014612771337851882,0.4725607931613922,0.0014773998409509659,0.4722553789615631,0.0014621050795540214
3,0.3119439482688904,0.002366018947213888,0.31194189190864563,0.002365228021517396,0.31184881925582886,0.0023618198465555906,0.31184622645378113,0.0023617201950401068,0.31215208768844604,0.0023844041861593723,0.3118595480918884,0.002363142091780901
4,0.20934227108955383,0.0029381895437836647,0.20933957397937775,0.0029403551016002893,0.2092549055814743,0.002935821423307061,0.20925335586071014,0.0029357208404690027,0.20950588583946228,0.002952647628262639,0.20926503837108612,0.0029372547287493944
5,0.14391082525253296,0.0025851556565612555,0.1439085155725479,0.0025875037536025047,0.143838033080101,0.002582782180979848,0.1438370645046234,0.0025827204808592796,0.1440320461988449,0.0025964754167944193,0.14384639263153076,0.0025844720657914877
6,0.10280577838420868,0.002010416705161333,0.10280442237854004,0.0020117235835641623,0.1027429923415184,0.00200925231911242,0.1027422696352005,0.002009029733017087,0.10292208194732666,0.002020757645368576,0.10275200754404068,0.0020077424123883247
7,0.07771570980548859,0.00129698368255049,0.07771407067775726,0.0012991632102057338,0.07766065746545792,0.0012969617964699864,0.07766027748584747,0.0012968148803338408,0.07782558351755142,0.0012959690066054463,0.07766729593276978,0.0012971987016499043
8,0.06256657838821411,0.0007078961352817714,0.06256420910358429,0.0007122725364752114,0.06251448392868042,0.0007135290070436895,0.06251409649848938,0.0007131661404855549,0.06266772747039795,0.000715583679266274,0.06251657754182816,0.0007193702040240169
9,0.053613919764757156,0.0006144983344711363,0.053612254559993744,0.0006178859621286392,0.0535728856921196,0.0006191760767251253,0.053573958575725555,0.0006223174859769642,0.05369960516691208,0.0006207541446201503,0.05357244610786438,0.0006285427371039987
10,0.04787828400731087,0.0006292472244240344,0.04788072034716606,0.0006233344902284443,0.04784093052148819,0.0006224274402484298,0.0478416383266449,0.000659094366710633,0.04796776920557022,0.0006616269238293171,0.04783947393298149,0.0006323551060631871
11,0.0443093366920948,0.0006740825483575463,0.044309474527835846,0.0006712565664201975,0.044272132217884064,0.0006670918664894998,0.044276513159275055,0.0006865010946057737,0.04437863081693649,0.0007493323646485806,0.04427000880241394,0.0006744039128534496
12,0.04215427488088608,0.0008455456700176001,0.042160045355558395,0.000833849364425987,0.04212767630815506,0.0008247824152931571,0.04215075448155403,0.0008417824865318835,0.0422966443002224,0.0008546452154405415,0.042115218937397,0.0008470785105600953
13,0.04051326960325241,0.0005903393030166626,0.040518082678318024,0.0005726712406612933,0.0404987558722496,0.0005917654489167035,0.04052279144525528,0.0006202313234098256,0.04065407067537308,0.0006075486307963729,0.04048321023583412,0.0006276502972468734
14,0.03972667455673218,0.0008216037531383336,0.039722539484500885,0.0008234375854954123,0.03975354880094528,0.0008067183662205935,0.03979254513978958,0.0008128011249937117,0.039822567254304886,0.000909066351596266,0.03975314646959305,0.0008104168227873743
15,0.039595864713191986,0.0007699211710132658,0.03956956788897514,0.0008289603283628821,0.03962972015142441,0.0007461718050763011,0.03968442603945732,0.0007000985206104815,0.039704330265522,0.0008789616404101253,0.03966442123055458,0.0006776382215321064
16,0.038759417831897736,0.001065396354533732,0.038800738751888275,0.0009979070164263248,0.03883110731840134,0.0010175217175856233,0.03883392736315727,0.0010438344907015562,0.03891143947839737,0.0010534807806834579,0.03880959004163742,0.0010472895810380578
17,0.03870644047856331,0.0013483158545568585,0.03871442750096321,0.001357510918751359,0.03879113122820854,0.0013396968133747578,0.03873754292726517,0.0013609797460958362,0.03899574652314186,0.0013374937698245049,0.03880643844604492,0.001317955437116325
18,0.038180701434612274,0.0008805951219983399,0.03821208328008652,0.000849748554173857,0.0382467582821846,0.0008566078613512218,0.03824929893016815,0.0008821315132081509,0.038394827395677567,0.000958925171289593,0.038211848586797714,0.0008876554784364998
19,0.03848114609718323,0.0010341984452679753,0.038460325449705124,0.0010466447565704584,0.038462020456790924,0.0010337242856621742,0.038485974073410034,0.0010147368302568793,0.03830751031637192,0.0011293748393654823,0.03847749903798103,0.0010359019506722689
20,0.03811981528997421,0.0010535018518567085,0.038105301558971405,0.001024247845634818,0.03815722465515137,0.0009374649380333722,0.038171328604221344,0.0009261592640541494,0.038052938878536224,0.0010975783225148916,0.03812163323163986,0.000940898316912353
21,0.03811308369040489,0.0009623885853216052,0.038158316165208817,0.0009068030049093068,0.038133665919303894,0.0009165885276161134,0.038147203624248505,0.0009303722763434052,0.038181573152542114,0.000914456439204514,0.0380590446293354,0.0010685055749490857
22,0.03841410577297211,0.001077090622857213,0.0384979210793972,0.0010557970963418484,0.03841058537364006,0.001148564973846078,0.03846218064427376,0.001080594607628882,0.03834723308682442,0.0011292255949229002,0.03834880515933037,0.0011238279985263944
23,0.038232263177633286,0.001113245845772326,0.038239460438489914,0.0010980020742863417,0.03827660530805588,0.0010110309813171625,0.038266293704509735,0.0010058523621410131,0.038187913596630096,0.0010286950273439288,0.038295477628707886,0.0009942676406353712
24,0.03834592550992966,0.0008689892711117864,0.03841492533683777,0.0008813177701085806,0.038457803428173065,0.0008059321553446352,0.0384003110229969,0.0008111360366456211,0.03830089420080185,0.0008444691775366664,0.0384196974337101,0.0007824909989722073
25,0.03887469321489334,0.0011098377872258425,0.03889313340187073,0.0011247234651818871,0.03872160241007805,0.0010915211169049144,0.038826365023851395,0.0010705947643145919,0.039019543677568436,0.0007993881008587778,0.038739800453186035,0.001097738859243691
26,0.0390961691737175,0.0008464052807539701,0.03908087685704231,0.0008719692123122513,0.03904798626899719,0.0008288941462524235,0.03904224559664726,0.0008440989186055958,0.039108362048864365,0.0009169714758172631,0.03904905170202255,0.0008187586790882051
27,0.03881759196519852,0.0012269440339878201,0.03875856474041939,0.0012040757574141026,0.03877047076821327,0.0011425630655139685,0.03873113542795181,0.0011684042401611805,0.03888875991106033,0.001143025467172265,0.03883938118815422,0.0011791089782491326
28,0.03971552848815918,0.001215571304783225,0.0395645871758461,0.0012259194627404213,0.03959393501281738,0.0011599966092035174,0.039518825709819794,0.001236104522831738,0.039870209991931915,0.0012914964463561773,0.03968340903520584,0.00122741237282753
29,0.03959188982844353,0.0012909279903396964,0.03956412896513939,0.0012348952004685998,0.039689429104328156,0.001335293403826654,0.039486758410930634,0.0012244866229593754,0.03980131447315216,0.0013430581893771887,0.039657652378082275,0.0013320219004526734
30,0.040389284491539,0.001366541488096118,0.040271542966365814,0.0013895923038944602,0.04042425379157066,0.0015632131835445762,0.04014096409082413,0.0014123357832431793,0.04067378491163254,0.001777163939550519,0.04051293432712555,0.0014250510139390826
31,0.040138017386198044,0.0024340739473700523,0.04001515358686447,0.0024314874317497015,0.04017659276723862,0.002663495484739542,0.03993941470980644,0.002476302208378911,0.04018860310316086,0.0025543319061398506,0.04027654975652695,0.002571241231635213
32,0.0394076332449913,0.0015537352301180363,0.03932051733136177,0.001561318407766521,0.03932726010680199,0.0016337516717612743,0.03916633129119873,0.0016292139189317822,0.039738669991493225,0.0017472537001594901,0.039455436170101166,0.0015780854737386107
33,0.04035431146621704,0.0015159769682213664,0.04014179855585098,0.0014520379481837153,0.040354542434215546,0.0015901816077530384,0.04023927077651024,0.0016557154012843966,0.0401591882109642,0.0016859063180163503,0.040574051439762115,0.0016853968845680356
34,0.040840841829776764,0.0020118276588618755,0.04059359058737755,0.00200711190700531,0.040635593235492706,0.001996623585000634,0.04062714800238609,0.001993984915316105,0.040539588779211044,0.0023533604107797146,0.04072558879852295,0.0020131501369178295
35,0.041167281568050385,0.002602139487862587,0.04106462746858597,0.00255890772677958,0.04137655347585678,0.0024489383213222027,0.041180677711963654,0.002479431452229619,0.041251182556152344,0.002973562339320779,0.04150911420583725,0.0024548314977437258
36,0.041200004518032074,0.002244791015982628,0.041204579174518585,0.002247953787446022,0.04141451418399811,0.002143066842108965,0.04133705049753189,0.00235557509586215,0.04167504608631134,0.002001760993152857,0.041508011519908905,0.002256459090858698
37,0.04249026998877525,0.0019558819476515055,0.04223879054188728,0.0017787169199436903,0.04243003576993942,0.001976583618670702,0.04228270798921585,0.0019698264077305794,0.042479097843170166,0.002077569253742695,0.04258231446146965,0.001962905516847968
38,0.04176349937915802,0.002431649947538972,0.0419011190533638,0.002679661847651005,0.04235438257455826,0.002866127295419574,0.04209262132644653,0.002805874450132251,0.042658496648073196,0.002746355952695012,0.04246784746646881,0.0027185804210603237
39,0.04226166754961014,0.0027688441332429647,0.042360447347164154,0.0027528919745236635,0.04262387007474899,0.0026165377348661423,0.0424201600253582,0.002801610855385661,0.04259736090898514,0.0027726655825972557,0.042608074843883514,0.002678124699741602
40,0.042306091636419296,0.0034274044446647167,0.04236786440014839,0.0034254114143550396,0.04292113333940506,0.003191706957295537,0.04212635010480881,0.003382735885679722,0.04304136335849762,0.0034944009967148304,0.04295895993709564,0.002988586202263832
41,0.04278040677309036,0.0029124775901436806,0.04271996021270752,0.0026270882226526737,0.04306625574827194,0.0029345292132347822,0.042597997933626175,0.003245139494538307,0.04289688542485237,0.003195645520463586,0.04291225224733353,0.0023010612931102514
42,0.04220568388700485,0.002063634805381298,0.04203733801841736,0.002085634507238865,0.041935648769140244,0.0025006593205034733,0.04212869331240654,0.002272107871249318,0.04215891659259796,0.00238993763923645,0.042071472853422165,0.001966953743249178
43,0.043426740914583206,0.003084931755438447,0.04359535872936249,0.003089220030233264,0.04337295517325401,0.0030749293509870768,0.04331182688474655,0.0031372751109302044,0.04358787089586258,0.0031658648513257504,0.04353194683790207,0.0027283974923193455
44,0.04400067776441574,0.002562351990491152,0.044015683233737946,0.002545479917898774,0.04405036196112633,0.0030305786058306694,0.044275932013988495,0.0023954983334988356,0.04448384791612625,0.002318410435691476,0.04413251951336861,0.00228395638987422
45,0.044768013060092926,0.0032276147976517677,0.044691674411296844,0.0032192289363592863,0.044437967240810394,0.0033383280970156193,0.04480893537402153,0.0030688096303492785,0.04489590600132942,0.0026932903565466404,0.04455294460058212,0.0030801333487033844
46,0.04428470879793167,0.002598821185529232,0.04441459849476814,0.002478386042639613,0.0442136749625206,0.002697118790820241,0.044366803020238876,0.002507247030735016,0.0448109470307827,0.0025408067740499973,0.044434450566768646,0.00259047606959939
47,0.045170314610004425,0.0031429810915142298,0.04555291682481766,0.003157656639814377,0.045202333480119705,0.0034245983697474003,0.0451948456466198,0.003278926480561495,0.04555709287524223,0.0031797224655747414,0.045349057763814926,0.002980027813464403
48,0.04418712481856346,0.0018480777507647872,0.04444136470556259,0.0017588326008990407,0.043953217566013336,0.002850400051102042,0.044313475489616394,0.0019126766128465533,0.04466325789690018,0.0020581174176186323,0.043951403349637985,0.0024186274968087673
49,0.04464744031429291,0.002333192154765129,0.04474613815546036,0.0023027812130749226,0.04467427730560303,0.002594380872324109,0.044596437364816666,0.0023060396779328585,0.04523460939526558,0.002638419857248664,0.04477257281541824,0.0022250383626669645
50,0.044092316180467606,0.0029112279880791903,0.0439172238111496,0.00289052352309227,0.04428238794207573,0.0026700340677052736,0.04397100955247879,0.0025596744380891323,0.044383455067873,0.0028196407947689295,0.044719595462083817,0.001935636275447905
51,0.04454886540770531,0.0015811098273843527,0.04454080015420914,0.0017560275737196207,0.04427775368094444,0.0015983484918251634,0.04431479051709175,0.0014609750360250473,0.044404469430446625,0.0017028163420036435,0.04463592544198036,0.0013944460079073906
52,0.04524843022227287,0.00248412205837667,0.045437444001436234,0.002375223208218813,0.04547959566116333,0.0021634406875818968,0.045243505388498306,0.0024009267799556255,0.044951535761356354,0.002695059170946479,0.045464154332876205,0.0018507959321141243
53,0.04459661617875099,0.0019107345724478364,0.04480616748332977,0.001639174879528582,0.044658247381448746,0.0017776763997972012,0.04480324685573578,0.0017978642135858536,0.0449524000287056,0.0017420053482055664,0.04475950449705124,0.001418614061549306
54,0.04592499881982803,0.002230844460427761,0.04600706696510315,0.002168803010135889,0.04571577161550522,0.0022634980268776417,0.045805759727954865,0.0023938738740980625,0.045477498322725296,0.002612049924209714,0.04581243544816971,0.002092769369482994
55,0.04720225930213928,0.002677680691704154,0.04722990840673447,0.0022093066945672035,0.04634002968668938,0.0023545047733932734,0.04705137014389038,0.0023835855536162853,0.04685933142900467,0.0024934150278568268,0.046418387442827225,0.002036659512668848
56,0.0476936511695385,0.0037472390104085207,0.04792455583810806,0.0033058503177016973,0.04739716276526451,0.00327210477553308,0.04773198813199997,0.003548536915332079,0.04726799577474594,0.003540856298059225,0.047334302216768265,0.00334943481720984
57,0.0470702163875103,0.003738567465916276,0.04763321578502655,0.0033615492284297943,0.04655822739005089,0.003631623461842537,0.046884685754776,0.003957139793783426,0.04666653648018837,0.0038335882127285004,0.04713352769613266,0.0032450705766677856
58,0.046573132276535034,0.0026755344588309526,0.04692021757364273,0.0020394474267959595,0.04641694575548172,0.002028617076575756,0.046306271106004715,0.002358292695134878,0.04672984033823013,0.002772997133433819,0.04715652018785477,0.0024113627150654793
59,0.04658367484807968,0.002067298861220479,0.046319492161273956,0.0016715474193915725,0.046251747757196426,0.001394639490172267,0.04631860926747322,0.00146768637932837,0.04699479043483734,0.0026951900217682123,0.0465121790766716,0.0016323019517585635
60,0.04617593064904213,0.0020712707191705704,0.04589293152093887,0.0017522481502965093,0.04620548337697983,0.001554698683321476,0.045606352388858795,0.001819685334339738,0.04568379372358322,0.0018909155623987317,0.046137966215610504,0.0014826791593804955
61,0.0451824888586998,0.002365219872444868,0.04530397057533264,0.002155641559511423,0.045288119465112686,0.0016645640134811401,0.04497794061899185,0.0018604903016239405,0.044732652604579926,0.0013892443384975195,0.044953376054763794,0.0017080847173929214
62,0.04613397270441055,0.00304069509729743,0.046092890202999115,0.002058381214737892,0.04548624902963638,0.002011939650401473,0.045924000442028046,0.0019939925987273455,0.045798055827617645,0.0018558383453637362,0.04521005228161812,0.002034995472058654
63,0.045338861644268036,0.0034362629521638155,0.04555822163820267,0.0030145258642733097,0.045999009162187576,0.0034477817825973034,0.044990651309490204,0.0030072585213929415,0.04521426931023598,0.002786479890346527,0.04548752307891846,0.0032113108318299055
64,0.04724347963929176,0.004655800294131041,0.04634964466094971,0.002846515504643321,0.046456340700387955,0.00341101735830307,0.046441055834293365,0.0030802071560174227,0.0464598685503006,0.002894461387768388,0.04651499539613724,0.0030914153903722763
65,0.047780562192201614,0.0037501142360270023,0.04724164679646492,0.003395307343453169,0.04637373238801956,0.003218812635168433,0.047520849853754044,0.0026712226681411266,0.04703787714242935,0.0031121952924877405,0.04722447320818901,0.0029138638637959957
66,0.04905915632843971,0.002532029990106821,0.04811452701687813,0.0021191902924329042,0.046868495643138885,0.0029158026445657015,0.04745978116989136,0.0022654759231954813,0.048385657370090485,0.002324745524674654,0.046858787536621094,0.0025750482454895973
67,0.047958701848983765,0.002737749833613634,0.04696523770689964,0.0020880920346826315,0.0465511754155159,0.0024373934138566256,0.047714922577142715,0.0022925438825041056,0.0474950447678566,0.002608899725601077,0.047512516379356384,0.0027422832790762186
68,0.046708643436431885,0.0017108969623222947,0.046431221067905426,0.0023526044096797705,0.04631493240594864,0.0022932214196771383,0.046563245356082916,0.001413740566931665,0.04724099859595299,0.0035756989382207394,0.047335829585790634,0.0019341569859534502
69,0.0472225621342659,0.0026944992132484913,0.04662012681365013,0.0031248130835592747,0.04638346657156944,0.0024855611845850945,0.04646528512239456,0.0030675516463816166,0.04713212698698044,0.002948000095784664,0.046787478029727936,0.0031674758065491915
70,0.04728429391980171,0.003423886140808463,0.04700443893671036,0.003892282722517848,0.04667539894580841,0.0037524004001170397,0.04710143432021141,0.0038602049462497234,0.04744473099708557,0.002644205465912819,0.04740118607878685,0.003443721681833267
71,0.04740780219435692,0.003622904419898987,0.04819052666425705,0.003249296685680747,0.048247046768665314,0.0027550894301384687,0.049015894532203674,0.0033369308803230524,0.04862980544567108,0.0025898024905472994,0.04815996438264847,0.0032989270985126495
72,0.04676985740661621,0.0019207970472052693,0.04829125851392746,0.002067751716822386,0.04825124144554138,0.002736337948590517,0.047700412571430206,0.003333579283207655,0.048001620918512344,0.0027067605406045914,0.04735131561756134,0.0033891163766384125
73,0.04728187993168831,0.0024599439930170774,0.04713255167007446,0.0019487328827381134,0.04759728163480759,0.001621093018911779,0.04788178205490112,0.0020339919719845057,0.04683569818735123,0.0016587256686761975,0.04788985848426819,0.002563941990956664
74,0.04670923948287964,0.0034284356515854597,0.04720258340239525,0.004130000248551369,0.047238826751708984,0.003581831231713295,0.04773758351802826,0.00322399172000587,0.04686616733670235,0.0032821448985487223,0.04667222499847412,0.0035623053554445505
75,0.04765357822179794,0.003974225837737322,0.047905270010232925,0.005158229265362024,0.04838738590478897,0.00316328601911664,0.048629455268383026,0.003964210860431194,0.04759780317544937,0.004452797118574381,0.04805058613419533,0.0029308644589036703
76,0.046575792133808136,0.0032979659736156464,0.0478164479136467,0.003804699517786503,0.048255134373903275,0.0036532809026539326,0.04794202372431755,0.003472336567938328,0.046736977994441986,0.004306642804294825,0.04697544127702713,0.003950656857341528
77,0.04695464298129082,0.0034716837108135223,0.04672211781144142,0.0036738982889801264,0.04741488769650459,0.0035440409556031227,0.047239504754543304,0.0030397872906178236,0.04628756269812584,0.002815251937136054,0.04592290148139,0.0034640138037502766
78,0.047247838228940964,0.003790730843320489,0.04724663123488426,0.0037395209074020386,0.04807038977742195,0.002680135890841484,0.04823601618409157,0.0036426037549972534,0.04692130163311958,0.003959365654736757,0.047892533242702484,0.0025788070634007454
79,0.04691628739237785,0.0034388576168566942,0.047692351043224335,0.0022661443799734116,0.04797463119029999,0.0030492637306451797,0.04854496940970421,0.004245189484208822,0.04719989746809006,0.003911291249096394,0.047653499990701675,0.0021630374249070883
80,0.0480022132396698,0.003263870719820261,0.048333790153265,0.00281973322853446,0.04879887402057648,0.0031587996054440737,0.047106631100177765,0.002881593769416213,0.047450482845306396,0.0022251540794968605,0.047051213681697845,0.00332831684499979
81,0.04788867384195328,0.0022235207725316286,0.047270648181438446,0.003128152107819915,0.048572033643722534,0.0024502205196768045,0.04805626720190048,0.002426493912935257,0.04805822670459747,0.002238413318991661,0.04747986048460007,0.0029760575853288174
82,0.048469673842191696,0.002629308495670557,0.04757001996040344,0.0032471127342432737,0.04704337939620018,0.002108233980834484,0.047958772629499435,0.002558993175625801,0.0471658892929554,0.0016999219078570604,0.046876560896635056,0.0018695350736379623
83,0.04880145937204361,0.003721230197697878,0.04778126999735832,0.005289985798299313,0.04727115482091904,0.0034355430398136377,0.04728713259100914,0.003235470037907362,0.046905938535928726,0.0035810349509119987,0.047897327691316605,0.002437808085232973
84,0.04778485745191574,0.004249382298439741,0.04769241064786911,0.005075894761830568,0.04808240011334419,0.004599478095769882,0.04702560603618622,0.004711497575044632,0.046331487596035004,0.0031496055889874697,0.0470094233751297,0.003424625610932708
85,0.04749663174152374,0.004713079426437616,0.04819580540060997,0.004616869613528252,0.04815400764346123,0.0038036033511161804,0.04847879335284233,0.00411582924425602,0.046857111155986786,0.003813783871009946,0.046797215938568115,0.005013742484152317
86,0.04677714407444,0.0033229102846235037,0.04705782234668732,0.0033739483915269375,0.0486154668033123,0.00482291541993618,0.04648798331618309,0.0030645919032394886,0.046810977160930634,0.003628861391916871,0.047522492706775665,0.005060706287622452
87,0.04679465293884277,0.00316054280847311,0.04738146811723709,0.0032436647452414036,0.04765833914279938,0.004082805011421442,0.04687238857150078,0.0031052990816533566,0.04722590371966362,0.004397857468575239,0.04709368571639061,0.0038712010718882084
88,0.04815597087144852,0.0038084739353507757,0.048421330749988556,0.0039048485923558474,0.048403553664684296,0.0037767186295241117,0.04779031127691269,0.003487003268674016,0.04726714268326759,0.003792814677581191,0.04728171229362488,0.002958692843094468
89,0.05014125257730484,0.0029958367813378572,0.04984714463353157,0.0030133072286844254,0.05108778923749924,0.00247466703876853,0.0499749518930912,0.002349742455407977,0.04844776540994644,0.0022458313032984734,0.04968520626425743,0.0022438245359808207
90,0.05174802616238594,0.0032231109216809273,0.05021726340055466,0.0032824703957885504,0.05047798901796341,0.0027618701569736004,0.052198994904756546,0.0020609479397535324,0.050741635262966156,0.0025715043302625418,0.04899665713310242,0.0041068256832659245
91,0.05043176934123039,0.0055302162654697895,0.04861842095851898,0.0046990904957056046,0.04947168380022049,0.003974355757236481,0.050628937780857086,0.0018303872784599662,0.048223137855529785,0.0041465419344604015,0.046753473579883575,0.0049437955021858215
92,0.049065522849559784,0.004926798399537802,0.04819381609559059,0.0046651409938931465,0.04903319478034973,0.00468870485201478,0.049933336675167084,0.004204943310469389,0.04846849665045738,0.004347760230302811,0.04787256568670273,0.0054150414653122425
93,0.04880444332957268,0.003213410498574376,0.048329733312129974,0.0035762398038059473,0.05049407482147217,0.004287113435566425,0.04959414154291153,0.005639038514345884,0.049023404717445374,0.0034492008853703737,0.048822034150362015,0.00456906296312809
94,0.049556754529476166,0.004434216767549515,0.048199329525232315,0.003224769840016961,0.050941258668899536,0.003965231589972973,0.04951063543558121,0.0043416256085038185,0.04992511123418808,0.004042689222842455,0.05065532773733139,0.00383700430393219
95,0.04964267462491989,0.003675587708130479,0.05009850859642029,0.0030583359766751528,0.05163910984992981,0.004122772719711065,0.04947503283619881,0.0040044323541224,0.04995536059141159,0.00432736286893487,0.05033634230494499,0.0041418904438614845
96,0.049361325800418854,0.0036662190686911345,0.04886719956994057,0.0040189288556575775,0.050530266016721725,0.004425412509590387,0.050131332129240036,0.004347604233771563,0.049579452723264694,0.003126254305243492,0.04940344765782356,0.004870496224611998
97,0.04875015467405319,0.003412507940083742,0.048265885561704636,0.004226626828312874,0.04847659543156624,0.0044090403243899345,0.04799953103065491,0.004742537625133991,0.0486503466963768,0.004093289375305176,0.04787372425198555,0.003882553894072771
98,0.04690217226743698,0.003457356709986925,0.0476016141474247,0.0034996834583580494,0.04785837605595589,0.003811090486124158,0.04686501622200012,0.004176829941570759,0.04760495945811272,0.0034584763925522566,0.047094982117414474,0.0038403731305152178
99,0.04722785949707031,0.0028343037702143192,0.04963264614343643,0.003198768477886915,0.049445684999227524,0.0045811510644853115,0.049313727766275406,0.004379568621516228,0.048878464847803116,0.004159666132181883,0.04754597693681717,0.004458894953131676
100,0.049764491617679596,0.003926915116608143,0.05063500255346298,0.0021729206200689077,0.0518869049847126,0.004086387809365988,0.05187094211578369,0.0034736678935587406,0.05176611617207527,0.003914996981620789,0.04949739947915077,0.003896133741363883
101,0.05211399868130684,0.003910320810973644,0.05176740884780884,0.0038704227190464735,0.053287703543901443,0.004252772778272629,0.052861589938402176,0.00525418808683753,0.05368933081626892,0.005519636441022158,0.050240300595760345,0.0038586228620260954
102,0.05082828924059868,0.003782616462558508,0.051482684910297394,0.005206246394664049,0.05131761357188225,0.004646932240575552,0.053838811814785004,0.0044286721386015415,0.05233342573046684,0.004729100037366152,0.04902774840593338,0.002841267501935363
103,0.05051400139927864,0.00437563331797719,0.05104389786720276,0.004639098886400461,0.050766151398420334,0.0047500841319561005,0.05382367968559265,0.003953421488404274,0.051508594304323196,0.004512101411819458,0.04991639405488968,0.003998406697064638
104,0.051024168729782104,0.002211586805060506,0.05125075578689575,0.004323018714785576,0.048772089183330536,0.005689402110874653,0.05088608339428902,0.004382430110126734,0.050533048808574677,0.004873717203736305,0.0488332062959671,0.003432992845773697
105,0.05122905224561691,0.00237823324277997,0.05183703824877739,0.004185979720205069,0.05035603791475296,0.003589821048080921,0.0506010465323925,0.004514409229159355,0.05023210495710373,0.0030470772180706263,0.04997297003865242,0.0038421626668423414
106,0.049726612865924835,0.003646951401606202,0.050773970782756805,0.005989415571093559,0.05071687698364258,0.0026839994825422764,0.05357140302658081,0.00669905636459589,0.04949123039841652,0.0026347863022238016,0.0502018928527832,0.004769257269799709
107,0.05175225809216499,0.00368583295494318,0.052945055067539215,0.004533258266746998,0.05104100704193115,0.0015787177253514528,0.05266457051038742,0.004706452134996653,0.05119834467768669,0.001926772529259324,0.04997396469116211,0.002947880420833826
108,0.051863349974155426,0.0038891052827239037,0.05253811553120613,0.00563859473913908,0.048819005489349365,0.0019395523704588413,0.05219427868723869,0.0056359120644629,0.04934503138065338,0.0036744694225490093,0.05093834549188614,0.003706635907292366
109,0.05246438458561897,0.0044159311801195145,0.050986211746931076,0.005179095547646284,0.04931477829813957,0.002472361084073782,0.050914060324430466,0.004671301227062941,0.05059927701950073,0.004956815857440233,0.05154956132173538,0.004092927556484938
110,0.051880668848752975,0.004675611853599548,0.05089179798960686,0.0045857601799070835,0.05054239556193352,0.0036199491005390882,0.0505315437912941,0.00404324708506465,0.05313345789909363,0.0057930415496230125,0.05038576200604439,0.0048690661787986755
111,0.04987769201397896,0.0040640393272042274,0.04984666407108307,0.005006321240216494,0.04933119937777519,0.003464513225480914,0.05002594739198685,0.005405118223279715,0.05229867249727249,0.0044832173734903336,0.05153455585241318,0.0041217864491045475
112,0.05114035680890083,0.004646908957511187,0.0514230951666832,0.004929707385599613,0.050130076706409454,0.0034853999968618155,0.0504724383354187,0.004966311622411013,0.05232570320367813,0.004353743977844715,0.050446487963199615,0.005330097861588001
113,0.053517699241638184,0.005532470531761646,0.05341620370745659,0.005705586634576321,0.05157334730029106,0.005649275612086058,0.05284217745065689,0.006402531173080206,0.05304140970110893,0.005146021954715252,0.051182638853788376,0.006044944282621145
114,0.052967824041843414,0.004966041073203087,0.052848946303129196,0.005870327819138765,0.0525786392390728,0.0057571218349039555,0.0512114092707634,0.00629692617803812,0.05350077152252197,0.004832585342228413,0.05181271955370903,0.004960353020578623
115,0.053290486335754395,0.004917573183774948,0.05220158025622368,0.004162071738392115,0.0519394651055336,0.004941743798553944,0.0516744926571846,0.005066007375717163,0.05299409106373787,0.0044635385274887085,0.05197665095329285,0.004178555216640234
116,0.05024763196706772,0.004299994092434645,0.05183237046003342,0.004843142814934254,0.05134565383195877,0.005378889851272106,0.05121009424328804,0.005047473590821028,0.052017729729413986,0.004541697911918163,0.0514984130859375,0.003981294110417366
117,0.05090297386050224,0.004977267701178789,0.05318048596382141,0.005306350998580456,0.051535554230213165,0.006197033450007439,0.05468479543924332,0.004543755669146776,0.05422424152493477,0.0030204879585653543,0.04964210093021393,0.004461758770048618
118,0.05289807170629501,0.002403744263574481,0.052738256752491,0.004740697797387838,0.05314204841852188,0.004949813708662987,0.053537767380476,0.002603052416816354,0.052292030304670334,0.0025120675563812256,0.05165935680270195,0.0047747488133609295
119,0.05302474647760391,0.0024133636616170406,0.05359688401222229,0.0031311246566474438,0.05198002979159355,0.0039050490595400333,0.05404987931251526,0.0031980143394321203,0.05165518447756767,0.0029721062164753675,0.05351092293858528,0.005355736240744591
120,0.053681205958127975,0.0030039926059544086,0.05087938904762268,0.0029183353763073683,0.05324329808354378,0.005952505860477686,0.05648142844438553,0.004968879744410515,0.052998077124357224,0.00416325218975544,0.054714858531951904,0.003997862339019775
121,0.05246647447347641,0.004101987928152084,0.05276622250676155,0.0039875502698123455,0.05323085933923721,0.006079754326492548,0.05567166209220886,0.003563019447028637,0.05230819061398506,0.003422995563596487,0.0542236752808094,0.006631810218095779
122,0.052464742213487625,0.003297216724604368,0.05335455387830734,0.006014066748321056,0.0551278181374073,0.00528687471523881,0.05516795068979263,0.003430325770750642,0.05226949602365494,0.005645801778882742,0.05385790020227432,0.005149697884917259
123,0.055176932364702225,0.0048469011671841145,0.05362812802195549,0.005947410129010677,0.05408976227045059,0.004920230712741613,0.05601499229669571,0.003266632556915283,0.05311540886759758,0.006228276528418064,0.05432348698377609,0.005443980451673269
124,0.0544678196310997,0.00346183218061924,0.053119659423828125,0.005284286104142666,0.05286553502082825,0.005062672309577465,0.052875153720378876,0.0027042643632739782,0.05200456455349922,0.005322461947798729,0.05391048267483711,0.005906026344746351
125,0.05618901178240776,0.005546321161091328,0.0541723258793354,0.006466608494520187,0.05471305176615715,0.004313074983656406,0.05360521748661995,0.002522937720641494,0.05343196541070938,0.0037429234944283962,0.05616595596075058,0.004905004519969225
126,0.055910538882017136,0.006803567986935377,0.05354829505085945,0.0045317006297409534,0.05495573207736015,0.003533176612108946,0.052952855825424194,0.004289258737117052,0.053224533796310425,0.0023372683208435774,0.05657472461462021,0.0021426845341920853
127,0.05630555748939514,0.0032757073640823364,0.05629768222570419,0.003995165228843689,0.05670434236526489,0.004395844880491495,0.054108381271362305,0.005288937594741583,0.05691763758659363,0.0029259780421853065,0.05558638647198677,0.0027979882434010506
128,0.055950064212083817,0.0026286847423762083,0.05590759962797165,0.0017622148152440786,0.055418919771909714,0.004223553463816643,0.0551346056163311,0.00431847432628274,0.05577165633440018,0.004032969940453768,0.05586652830243111,0.0037942887283861637
129,0.05546797439455986,0.0031752241775393486,0.054677434265613556,0.003813715884461999,0.056038785725831985,0.005032877903431654,0.05490297079086304,0.0050709242932498455,0.05549687147140503,0.004139147233217955,0.05398935824632645,0.002854408696293831
130,0.05516035482287407,0.004496118053793907,0.05489213019609451,0.0037155759055167437,0.05381535738706589,0.0035679498687386513,0.055015791207551956,0.0047400277107954025,0.05547966808080673,0.00414934940636158,0.0536801740527153,0.0031818642746657133
131,0.056558746844530106,0.005342144053429365,0.05428934842348099,0.004015276674181223,0.052418701350688934,0.0031121447682380676,0.054100364446640015,0.005620028357952833,0.05496811866760254,0.004818575922399759,0.054979681968688965,0.003461671294644475
132,0.05523168295621872,0.005675205960869789,0.05553967505693436,0.005034265108406544,0.053764618933200836,0.005367355886846781,0.05302627757191658,0.006431762129068375,0.054548852145671844,0.004847811069339514,0.054338496178388596,0.002842491725459695
133,0.05509006977081299,0.0050769466906785965,0.05789705365896225,0.004219025373458862,0.05432926490902901,0.004730289801955223,0.05384334921836853,0.004997648764401674,0.05351446941494942,0.004627259913831949,0.053635429590940475,0.002974117873236537
134,0.054467570036649704,0.00495768990367651,0.05631586164236069,0.0032195067033171654,0.05490601062774658,0.004749797284603119,0.05243988707661629,0.0033039450645446777,0.05466616898775101,0.003742747474461794,0.054947543889284134,0.003426400013267994
135,0.056795574724674225,0.005086819175630808,0.05761674791574478,0.0036158275324851274,0.05284669250249863,0.0037319213151931763,0.05219588801264763,0.0038024981040507555,0.05454675480723381,0.004897194914519787,0.054944075644016266,0.004644764121621847
136,0.054899346083402634,0.00442745303735137,0.056209463626146317,0.005714273080229759,0.05352520942687988,0.002630747389048338,0.05310983583331108,0.0036003021523356438,0.05470675975084305,0.004564973060041666,0.056105345487594604,0.004692216869443655
137,0.05603660270571709,0.004129856824874878,0.05779503658413887,0.005711635574698448,0.055436503142118454,0.0034481061156839132,0.0538809709250927,0.003876991104334593,0.05642300099134445,0.004105796106159687,0.055002450942993164,0.004904446192085743
138,0.05448920652270317,0.0025262224953621626,0.055253177881240845,0.003786460729315877,0.05419234186410904,0.0029992549680173397,0.05458320304751396,0.004250075668096542,0.055832456797361374,0.0036157930735498667,0.056236088275909424,0.0031844903714954853
139,0.054916925728321075,0.0042686862871050835,0.05583591014146805,0.004383644554764032,0.05441775172948837,0.0034045528154820204,0.05431728810071945,0.004484785255044699,0.05558899790048599,0.003958443179726601,0.055462200194597244,0.0031315633095800877
140,0.055353712290525436,0.00467041227966547,0.056163035333156586,0.004016660153865814,0.05480232834815979,0.002572252182289958,0.05608176067471504,0.005486212205141783,0.053546447306871414,0.004281081724911928,0.055766165256500244,0.0053818365558981895
141,0.0558752603828907,0.004194732289761305,0.05799798294901848,0.004152616020292044,0.054465364664793015,0.0027056927792727947,0.056124188005924225,0.006299394182860851,0.055390484631061554,0.004986029118299484,0.056629788130521774,0.005650358274579048
142,0.0554666630923748,0.005030146334320307,0.05717410519719124,0.005618590861558914,0.05571804568171501,0.00453489925712347,0.05463529750704765,0.005784959997981787,0.055416155606508255,0.004161382559686899,0.05636947602033615,0.00419393228366971
143,0.056691061705350876,0.0055550262331962585,0.055972736328840256,0.005561790894716978,0.05720893666148186,0.0042336080223321915,0.055012017488479614,0.004096809308975935,0.05725429207086563,0.005361211486160755,0.05711275339126587,0.005667015444487333
144,0.05685456842184067,0.0042844656854867935,0.05812252312898636,0.004831579048186541,0.0574788935482502,0.0028155059553682804,0.0546744279563427,0.0021154333371669054,0.05523070693016052,0.004722346551716328,0.056724775582551956,0.0034512202255427837
145,0.05635570362210274,0.004447616636753082,0.05932987853884697,0.0042907786555588245,0.05770964175462723,0.003820088692009449,0.055510737001895905,0.002783144125714898,0.055546678602695465,0.004177792463451624,0.05633655935525894,0.003943325486034155
146,0.053951162844896317,0.00446421978995204,0.05694522336125374,0.002820646157488227,0.05531745404005051,0.003951013088226318,0.05507509037852287,0.002620384795591235,0.05616156384348869,0.005328891798853874,0.05557906627655029,0.006561439950019121
147,0.054078537970781326,0.004452330060303211,0.056709885597229004,0.002949632704257965,0.055189184844493866,0.005737072788178921,0.05364961549639702,0.004340413026511669,0.0566667839884758,0.0038702001329511404,0.05721057578921318,0.006654968019574881
148,0.057529620826244354,0.00330318883061409,0.05683199688792229,0.0031704928260296583,0.05622858926653862,0.004550665616989136,0.05511157587170601,0.004895942285656929,0.057448744773864746,0.005427350755780935,0.05649077892303467,0.00516009284183383
149,0.056748516857624054,0.0033528218045830727,0.05711556598544121,0.002756348578259349,0.05893518775701523,0.003211231203749776,0.05450598523020744,0.005591967608779669,0.05964772775769234,0.0031451950781047344,0.05714049190282822,0.005554086063057184
150,0.05669969320297241,0.002634302945807576,0.05732695385813713,0.002866351045668125,0.05910150334239006,0.003753106575459242,0.05521223694086075,0.005148785654455423,0.060355521738529205,0.003736598417162895,0.05905986577272415,0.004200196824967861
151,0.057646967470645905,0.004790958482772112,0.05615783855319023,0.005666415207087994,0.05852273106575012,0.0027054089587181807,0.05539415031671524,0.005670657381415367,0.05880451947450638,0.005383299198001623,0.05817268416285515,0.0036563801113516092
152,0.056279975920915604,0.00461737671867013,0.057003818452358246,0.0053410716354846954,0.05853518098592758,0.0035805616062134504,0.05503813177347183,0.0039194244891405106,0.05725555494427681,0.004072524141520262,0.05860835313796997,0.003239556448534131
153,0.05772257596254349,0.00571114057675004,0.05657588690519333,0.004551175981760025,0.05874288082122803,0.0041195666417479515,0.05664147064089775,0.004683807026594877,0.05767296627163887,0.004340664483606815,0.05854650214314461,0.004534918814897537
154,0.05761433392763138,0.004871300421655178,0.056004494428634644,0.0043006641790270805,0.05994103103876114,0.005098629742860794,0.05845094844698906,0.005773509386926889,0.05778511241078377,0.00287248264066875,0.057389676570892334,0.003255310468375683
155,0.05995694920420647,0.006815717555582523,0.0601387694478035,0.004157676827162504,0.05985703319311142,0.0053527941927313805,0.057619404047727585,0.003797555807977915,0.05956246331334114,0.004031553864479065,0.05726684257388115,0.005229318980127573
156,0.057723771780729294,0.0034999928902834654,0.059415943920612335,0.0035797287710011005,0.05792347714304924,0.005601594690233469,0.05875275656580925,0.004191800020635128,0.05955635756254196,0.004657264798879623,0.05853264406323433,0.004584927577525377
157,0.05860162898898125,0.0035913754254579544,0.058296144008636475,0.0035878028720617294,0.05798373743891716,0.004005751572549343,0.05855369567871094,0.003873094217851758,0.06031401827931404,0.0034507745876908302,0.06300033628940582,0.0073618642054498196
158,0.05819046497344971,0.0036809882149100304,0.05861030891537666,0.004229333251714706,0.05886375159025192,0.004862993489950895,0.05855179950594902,0.00332407234236598,0.060663510113954544,0.003292738925665617,0.06130477786064148,0.005850255023688078
159,0.05913028120994568,0.004267453216016293,0.05945306271314621,0.004239080473780632,0.05956690385937691,0.004734314978122711,0.058177631348371506,0.004068543203175068,0.05933133512735367,0.005142328329384327,0.05945544317364693,0.005959789268672466
160,0.06045331805944443,0.006365974899381399,0.05870448797941208,0.004520694259554148,0.05792124941945076,0.0030992880929261446,0.058000944554805756,0.0021400856785476208,0.05781874805688858,0.0020507434383034706,0.05968545749783516,0.006439894903451204
161,0.059169698506593704,0.005074549466371536,0.05743226408958435,0.005374126601964235,0.05716365575790405,0.002241009147837758,0.05961291864514351,0.004801647271960974,0.05932065099477768,0.004375697113573551,0.05764077976346016,0.004151503089815378
162,0.05868566781282425,0.0035716921556741,0.058167826384305954,0.004942831117659807,0.057468317449092865,0.005127239972352982,0.059652991592884064,0.004335063975304365,0.0599900484085083,0.004426678642630577,0.05880420282483101,0.003877582959830761
163,0.057304829359054565,0.0028612560126930475,0.059714626520872116,0.005170119926333427,0.05876500532031059,0.0051314993761479855,0.06137838214635849,0.004997053183615208,0.05771099403500557,0.005172520875930786,0.05892128869891167,0.0035056276246905327
164,0.05679873749613762,0.003872169181704521,0.061953864991664886,0.005239376798272133,0.0597086027264595,0.004714238923043013,0.0607435517013073,0.004038871265947819,0.05878791958093643,0.0049165464006364346,0.05763566493988037,0.003161368891596794
165,0.055835358798503876,0.003584295976907015,0.06000682711601257,0.004515382926911116,0.05913951247930527,0.004855621140450239,0.0605931393802166,0.0036911722272634506,0.05883048102259636,0.004729710519313812,0.05996323749423027,0.005014024209231138
166,0.05646008998155594,0.005339631345123053,0.060601960867643356,0.004195220302790403,0.058682601898908615,0.005080406554043293,0.05994177609682083,0.00272769364528358,0.059677623212337494,0.006177176255732775,0.060681890696287155,0.005083063151687384
167,0.05809808894991875,0.004530232399702072,0.06203802302479744,0.006066679023206234,0.05939580127596855,0.005960066337138414,0.06020351126790047,0.004951041657477617,0.059359241276979446,0.00669484818354249,0.059735558927059174,0.005282644182443619
168,0.05824429541826248,0.005617303308099508,0.05992649123072624,0.005896060261875391,0.05868427827954292,0.006768346298485994,0.059800684452056885,0.006715960800647736,0.060798279941082,0.005350673571228981,0.05966515094041824,0.006272136699408293
169,0.060476817190647125,0.005456855520606041,0.05935017392039299,0.0031327272299677134,0.05998056009411812,0.004692142829298973,0.05967036634683609,0.004294601269066334,0.059251897037029266,0.005281741265207529,0.060222726315259933,0.004701539874076843
170,0.060413509607315063,0.004817916080355644,0.06156575679779053,0.004586054012179375,0.05731525272130966,0.0026909883599728346,0.05836273357272148,0.0037028302904218435,0.06062041595578194,0.004546592943370342,0.05839822441339493,0.0045992108061909676
171,0.06200128793716431,0.0061695268377661705,0.059655893594026566,0.0023690892849117517,0.05876784771680832,0.002566911745816469,0.05861911177635193,0.003743646200746298,0.06093139573931694,0.0064267804846167564,0.056721221655607224,0.004689954686909914
172,0.06122491881251335,0.004411640111356974,0.06252533197402954,0.0035306818317621946,0.059973280876874924,0.003514455398544669,0.058113764971494675,0.005306103732436895,0.06036254018545151,0.00580944400280714,0.05951525643467903,0.005238004494458437
173,0.06116434186697006,0.00767786568030715,0.0626450926065445,0.004493056796491146,0.061933696269989014,0.005533531773835421,0.0589577853679657,0.0035446903202682734,0.059489715844392776,0.006284040864557028,0.061384595930576324,0.006572529673576355
174,0.06127968430519104,0.006086626090109348,0.060934413224458694,0.006029133684933186,0.059735216200351715,0.0044636293314397335,0.0592716708779335,0.0034698075614869595,0.061523448675870895,0.007329899352043867,0.05941106006503105,0.006932236719876528
175,0.06407732516527176,0.004908248782157898,0.061334192752838135,0.004844179842621088,0.05984962731599808,0.0055993651039898396,0.0622381791472435,0.004981895908713341,0.06377489864826202,0.007935517467558384,0.0603477843105793,0.006096338387578726
176,0.06379535794258118,0.005568370223045349,0.060411036014556885,0.004841816611588001,0.05884266644716263,0.005345453042536974,0.06204022094607353,0.00588799174875021,0.06365637481212616,0.00591418519616127,0.06128808856010437,0.004728781990706921
177,0.06406959891319275,0.005557722877711058,0.062397487461566925,0.004353800322860479,0.05743057653307915,0.005747415125370026,0.06221812218427658,0.006009862292557955,0.06353244185447693,0.005549542605876923,0.06203833967447281,0.006144341081380844
178,0.06375232338905334,0.0044977362267673016,0.06283176690340042,0.003885399317368865,0.06020921468734741,0.004699926823377609,0.06285177171230316,0.006962693762034178,0.062290798872709274,0.005322400014847517,0.060754068195819855,0.0052291289903223515
179,0.06405050307512283,0.0052889324724674225,0.06276041269302368,0.003567351261153817,0.05753304436802864,0.003892777021974325,0.06168805807828903,0.004856186453253031,0.06258703768253326,0.0058981142938137054,0.06180495768785477,0.004807646386325359
180,0.061406563967466354,0.004491221625357866,0.06010875105857849,0.005159705877304077,0.056466616690158844,0.003863769583404064,0.060483723878860474,0.00507633201777935,0.06271133571863174,0.006683446932584047,0.06253020465373993,0.0053077442571520805
181,0.06091498211026192,0.004546726122498512,0.05959055945277214,0.005722845438867807,0.058536600321531296,0.00562968710437417,0.06118738651275635,0.005853048991411924,0.0630171149969101,0.005449217744171619,0.06364066898822784,0.005336754489690065
182,0.06221461296081543,0.0052912356331944466,0.060425061732530594,0.006359814200550318,0.06029604747891426,0.00554523803293705,0.06330893188714981,0.00660643819719553,0.06319572031497955,0.004618944134563208,0.06468061357736588,0.00464426726102829
183,0.06242101639509201,0.004847403150051832,0.06084923818707466,0.0060621947050094604,0.06371019035577774,0.005585388280451298,0.0645088329911232,0.004097980447113514,0.0638338178396225,0.005797270219773054,0.06579375267028809,0.006301404442638159
184,0.06259234994649887,0.005232558120042086,0.06060843542218208,0.0037821477744728327,0.06308265030384064,0.005951928440481424,0.06470807641744614,0.006148290354758501,0.062236569821834564,0.004306983668357134,0.06594360619783401,0.0057845693081617355
185,0.06352002918720245,0.0038454346358776093,0.060098789632320404,0.006348205730319023,0.06279749423265457,0.006056849844753742,0.06373538076877594,0.0051018111407756805,0.06144796684384346,0.004861081950366497,0.06516478210687637,0.004064721055328846
186,0.0640907734632492,0.003859825199469924,0.06180264428257942,0.006289320066571236,0.061643969267606735,0.005414768122136593,0.06301061809062958,0.0030298882629722357,0.06109049916267395,0.0048157647252082825,0.06348518282175064,0.005198224447667599
187,0.06340374052524567,0.006419788114726543,0.0590297169983387,0.00574541324749589,0.060075897723436356,0.006538191810250282,0.0592714361846447,0.005179893225431442,0.06092497706413269,0.005199473816901445,0.06276634335517883,0.003986858297139406
188,0.06436170637607574,0.00624090526252985,0.0578199103474617,0.00640634261071682,0.06135771796107292,0.006493944209069014,0.059666186571121216,0.004733106587082148,0.06262680888175964,0.007573980838060379,0.0626000165939331,0.005665780510753393
189,0.06455627828836441,0.00735203642398119,0.06103545427322388,0.00460850028321147,0.06171749159693718,0.00581707339733839,0.06278911978006363,0.005672002211213112,0.061885345727205276,0.00741255097091198,0.061930716037750244,0.006203646305948496
190,0.06276626884937286,0.009354772977530956,0.06108894199132919,0.003209929447621107,0.06220686435699463,0.005695521365851164,0.06299668550491333,0.007490279618650675,0.061001818627119064,0.004572857636958361,0.06301455199718475,0.005522477440536022
191,0.06187813729047775,0.007149872370064259,0.0581030435860157,0.004171106964349747,0.06277365982532501,0.004278428852558136,0.06403450667858124,0.005726964212954044,0.06375464051961899,0.005356746260076761,0.062418270856142044,0.004126593936234713
192,0.06337369978427887,0.006299504544585943,0.06046397238969803,0.0055227261036634445,0.06126896291971207,0.004458286799490452,0.06208833307027817,0.006324182730168104,0.06378594785928726,0.0059348661452531815,0.06311056762933731,0.004475752357393503
193,0.06241615489125252,0.005576038267463446,0.06084473058581352,0.005275674629956484,0.062345050275325775,0.0062149702571332455,0.06268768012523651,0.005690966732800007,0.06354974210262299,0.0060699437744915485,0.061311155557632446,0.00659222062677145
194,0.059271495789289474,0.008741158060729504,0.059944938868284225,0.003926206845790148,0.06262387335300446,0.006528061348944902,0.06256870180368423,0.007475667633116245,0.06013994291424751,0.005764760542660952,0.062229953706264496,0.006762573961168528
195,0.06358802318572998,0.007639796938747168,0.06029757857322693,0.006381220184266567,0.06315167248249054,0.006695511285215616,0.06263704597949982,0.007964324206113815,0.05925138667225838,0.006135868839919567,0.0609404556453228,0.008379997685551643
196,0.06260574609041214,0.005801436956971884,0.061524342745542526,0.00560728507116437,0.06482771784067154,0.006100201979279518,0.06130770966410637,0.0062433877028524876,0.05957609415054321,0.006266723852604628,0.061134397983551025,0.0063804262317717075
197,0.06176748871803284,0.007059808820486069,0.06141610071063042,0.0056818039156496525,0.0629468709230423,0.004456750582903624,0.06085842102766037,0.005729214753955603,0.06208227202296257,0.006659463047981262,0.06033989042043686,0.004922125954180956
198,0.06219722703099251,0.006882160902023315,0.06204148381948471,0.004993476439267397,0.0642600879073143,0.0058213393203914165,0.06139427423477173,0.0026712818071246147,0.062002986669540405,0.004878281150013208,0.05833426117897034,0.006199945230036974
199,0.06409710645675659,0.004737443756312132,0.06194357946515083,0.0046734618954360485,0.06563679873943329,0.004560577217489481,0.06164862960577011,0.0040036654099822044,0.06155107542872429,0.005749689415097237,0.0594857819378376,0.003978027030825615
200,0.06385953724384308,0.004181889351457357,0.06140222027897835,0.005598946008831263,0.06275041401386261,0.0049619306810200214,0.05960308760404587,0.0050363317131996155,0.06169683486223221,0.006653899792581797,0.06081681326031685,0.005347319412976503
201,0.061501603573560715,0.0043092891573905945,0.059773217886686325,0.005717036779969931,0.06363572180271149,0.005825629457831383,0.06093389913439751,0.004135521594434977,0.05983130261301994,0.006864901166409254,0.06094478815793991,0.004908835981041193
202,0.0622895248234272,0.004923824220895767,0.05922534316778183,0.005615769885480404,0.06413628906011581,0.004885202739387751,0.06073189899325371,0.004365204367786646,0.06111300736665726,0.008982962928712368,0.059643469750881195,0.006638514343649149
203,0.060318998992443085,0.0028838678263127804,0.058887381106615067,0.005268371198326349,0.06362973153591156,0.003662241157144308,0.05987558513879776,0.0037849722430109978,0.060589343309402466,0.006352785974740982,0.060175467282533646,0.004847536329180002
204,0.05908302217721939,0.004597956780344248,0.0580233559012413,0.00516462093219161,0.06217946484684944,0.005571057088673115,0.060091931372880936,0.0037537741009145975,0.062259040772914886,0.007012992165982723,0.06313975900411606,0.004112837370485067
205,0.05949851870536804,0.0055776555091142654,0.05898791551589966,0.005955100525170565,0.06380251795053482,0.004744499456137419,0.06265854835510254,0.006219945847988129,0.06078118085861206,0.008794586174190044,0.061639200896024704,0.005162942223250866
206,0.05872412770986557,0.004954419564455748,0.061506956815719604,0.0056935022585093975,0.06363032013177872,0.00492333248257637,0.062326204031705856,0.007062750402837992,0.05868629738688469,0.007216768339276314,0.0620163194835186,0.005873802118003368
207,0.06109968572854996,0.00731336185708642,0.06323390454053879,0.006500807125121355,0.06518740952014923,0.004746961407363415,0.06397958844900131,0.0051885489374399185,0.06194635480642319,0.005460954271256924,0.06347925215959549,0.006054253783077002
208,0.06084281951189041,0.007631480228155851,0.0650329440832138,0.004224519245326519,0.06347298622131348,0.005956939421594143,0.06399068981409073,0.005768011789768934,0.061994753777980804,0.005490171257406473,0.06436337530612946,0.004966190084815025
209,0.06228058785200119,0.0060559543780982494,0.06278620660305023,0.004088313784450293,0.06294790655374527,0.003991085570305586,0.06348009407520294,0.005514166783541441,0.06275475025177002,0.005683518946170807,0.06367827951908112,0.005702098831534386
210,0.0624011866748333,0.007234933786094189,0.06172003224492073,0.008303486742079258,0.06283612549304962,0.0068360804580152035,0.06329425424337387,0.006469521205872297,0.06103205680847168,0.0034981558565050364,0.06254406273365021,0.006838256027549505
211,0.0628659799695015,0.004703966435045004,0.05955635756254196,0.00560722453519702,0.06216050311923027,0.005709093529731035,0.062227945774793625,0.006912096869200468,0.05891414359211922,0.0042314063757658005,0.06343374401330948,0.0049884989857673645
212,0.06241350620985031,0.004450085107237101,0.06054047867655754,0.005525186192244291,0.06241472810506821,0.003717967774719,0.06032200902700424,0.004638791549950838,0.06201505661010742,0.004978488199412823,0.06180804222822189,0.006115955766290426
213,0.06060337275266647,0.005435838829725981,0.06216049939393997,0.005428476259112358,0.062188394367694855,0.005629473365843296,0.05888191610574722,0.0026027122512459755,0.06245811656117439,0.00216100481338799,0.06293506920337677,0.00645489664748311
214,0.06177300214767456,0.006643905770033598,0.06079568341374397,0.00728889973834157,0.061507631093263626,0.005349625367671251,0.057910311967134476,0.0037490022368729115,0.06120116263628006,0.004067060071974993,0.063352569937706,0.005221344996243715
215,0.061936162412166595,0.004578078631311655,0.06337825953960419,0.006583621725440025,0.06254886090755463,0.00439441716298461,0.060465045273303986,0.0037115076556801796,0.0650118738412857,0.004520105198025703,0.062171973288059235,0.009992621839046478
216,0.06378330290317535,0.004253785591572523,0.062054313719272614,0.005579003132879734,0.064456507563591,0.0062843505293130875,0.06467507034540176,0.005655023269355297,0.06621643155813217,0.006846521515399218,0.061876654624938965,0.00898134894669056
217,0.06211439520120621,0.004167414736002684,0.06186755374073982,0.00548804085701704,0.06407692283391953,0.00405884487554431,0.06450711935758591,0.003920365124940872,0.06294742226600647,0.0051603494212031364,0.06308934837579727,0.007195277139544487
218,0.060310907661914825,0.0036648481618613005,0.06307470053434372,0.0054080914705991745,0.06160736083984375,0.004673285409808159,0.06375961005687714,0.0036496997345238924,0.06301438808441162,0.006109731737524271,0.061068855226039886,0.004961169324815273
219,0.05905548855662346,0.004996106959879398,0.06325801461935043,0.0056082336232066154,0.06103188917040825,0.003280620090663433,0.06226550415158272,0.00439467141404748,0.06245477870106697,0.007263423874974251,0.06165211275219917,0.00565759651362896
220,0.06058888882398605,0.005539487581700087,0.06252460181713104,0.005416713654994965,0.06206062436103821,0.00514261145144701,0.06228640675544739,0.0036569933872669935,0.06170295551419258,0.006995876785367727,0.06288403272628784,0.004970740992575884
221,0.06025560945272446,0.006260961759835482,0.062297262251377106,0.0055582644417881966,0.06069018691778183,0.005732577294111252,0.06101030111312866,0.0047846268862485886,0.06233452633023262,0.008058122359216213,0.06256619095802307,0.0052611371502280235
222,0.06023998185992241,0.005656628869473934,0.061991024762392044,0.006087291054427624,0.062175244092941284,0.007778087630867958,0.06379838287830353,0.003538974793627858,0.06385758519172668,0.008162503130733967,0.06246884912252426,0.00829367432743311
223,0.060702841728925705,0.0027806072030216455,0.06165854260325432,0.005099751055240631,0.06242326647043228,0.008152596652507782,0.062314797192811966,0.0048864614218473434,0.0668589323759079,0.00858363788574934,0.06125288084149361,0.006746624130755663
224,0.06115986034274101,0.0045713926665484905,0.059551067650318146,0.005784773733466864,0.06227416545152664,0.006192182656377554,0.061903245747089386,0.004554645158350468,0.06508069485425949,0.0039410837925970554,0.06264364719390869,0.006889544893056154
225,0.060238517820835114,0.004804870113730431,0.05978751927614212,0.00660672364756465,0.061761051416397095,0.008002626709640026,0.06281339377164841,0.004221959505230188,0.06053842231631279,0.00524442782625556,0.06198444217443466,0.0074529447592794895
226,0.06146496534347534,0.0055681997910141945,0.05999482423067093,0.004343229345977306,0.060182809829711914,0.007205224595963955,0.06143395975232124,0.006262124981731176,0.061566926538944244,0.005457017570734024,0.06278901547193527,0.005287516862154007
227,0.06164270639419556,0.006424995604902506,0.05894869565963745,0.004371499177068472,0.06081504747271538,0.00477613927796483,0.060642462223768234,0.004522891715168953,0.060747843235731125,0.0038968389853835106,0.061602938920259476,0.005395353306084871
228,0.06270035356283188,0.006437176838517189,0.059927552938461304,0.004418142139911652,0.0629170760512352,0.0027636275626719,0.06135566160082817,0.005074306856840849,0.05884099751710892,0.005065195262432098,0.06398537009954453,0.004632157739251852
229,0.061435215175151825,0.0066195144318044186,0.061490029096603394,0.00633334182202816,0.06430627405643463,0.0037302232813090086,0.061307381838560104,0.007611486595124006,0.05906491354107857,0.00392697611823678,0.060851722955703735,0.0043032206594944
230,0.060602713376283646,0.004434999078512192,0.059278495609760284,0.004785248078405857,0.06513750553131104,0.006017820909619331,0.061077844351530075,0.005074359942227602,0.05803284794092178,0.0037651583552360535,0.06326907873153687,0.005133559461683035
231,0.05913215130567551,0.005938168615102768,0.061881594359874725,0.004463515244424343,0.06395675987005234,0.005247204564511776,0.061661720275878906,0.0049014100804924965,0.05921841785311699,0.004819261375814676,0.06403457373380661,0.00651116156950593
232,0.06075645610690117,0.005845061969012022,0.06427430361509323,0.007370460778474808,0.062359828501939774,0.006785152480006218,0.06096988916397095,0.006110490765422583,0.060097407549619675,0.007162792608141899,0.06457213312387466,0.0073050158098340034
233,0.06170996278524399,0.004983572289347649,0.05909477546811104,0.005573001224547625,0.06022733449935913,0.005072673782706261,0.06273065507411957,0.005120707675814629,0.06117842346429825,0.005899397656321526,0.06368960440158844,0.006181014701724052
234,0.061883289366960526,0.006058282684534788,0.06005817651748657,0.005196664948016405,0.060942381620407104,0.006499669514596462,0.061845891177654266,0.005588896572589874,0.06279123574495316,0.00724519370123744,0.06298179924488068,0.00545012392103672
235,0.06105567142367363,0.005254828836768866,0.061396531760692596,0.0067611862905323505,0.05856282636523247,0.0071247778832912445,0.06318914145231247,0.005557355936616659,0.06314817816019058,0.005931173916906118,0.06343463808298111,0.006588299293071032
236,0.057272471487522125,0.004930997733026743,0.061360158026218414,0.004776248708367348,0.06103314086794853,0.004736861679702997,0.05980873107910156,0.006170703563839197,0.06272450089454651,0.005750847980380058,0.0649254247546196,0.006267298944294453
237,0.057660043239593506,0.004893438890576363,0.06207282468676567,0.0032060369849205017,0.06405084580183029,0.005453073885291815,0.061736591160297394,0.006284150294959545,0.06240665912628174,0.0052340151742100716,0.06467413902282715,0.004626322537660599
238,0.061440080404281616,0.004629553761333227,0.06163585186004639,0.0067131309770047665,0.06447489559650421,0.006806531921029091,0.06053178757429123,0.006836813874542713,0.06505458056926727,0.005886528640985489,0.06494812667369843,0.004606598522514105
239,0.06264571845531464,0.006148604676127434,0.06496810168027878,0.007183149456977844,0.06291026622056961,0.00840080063790083,0.05981164053082466,0.0051691108383238316,0.06454780697822571,0.007669766899198294,0.06336187571287155,0.006576769985258579
240,0.06058453395962715,0.006709154229611158,0.06542586535215378,0.005623731296509504,0.06265804916620255,0.006221973802894354,0.0625574067234993,0.0070721241645514965,0.06356551498174667,0.00673619844019413,0.06448958814144135,0.008237903006374836
241,0.059070706367492676,0.004907157272100449,0.06405766308307648,0.00378998345695436,0.06386809051036835,0.007470625452697277,0.05905104801058769,0.006439849268645048,0.06269865483045578,0.006727741099894047,0.06197693943977356,0.007566393818706274
242,0.06032715365290642,0.003094736486673355,0.06333939731121063,0.003914624452590942,0.06313715875148773,0.006584094371646643,0.05856863781809807,0.007178907282650471,0.060885000973939896,0.005578466225415468,0.06476788967847824,0.00641557527706027
243,0.06330972909927368,0.002661248901858926,0.059912897646427155,0.0046302140690386295,0.060621440410614014,0.007874056696891785,0.061352360993623734,0.006455570459365845,0.06265881657600403,0.006952262949198484,0.06611829251050949,0.0064310673624277115
244,0.06316058337688446,0.005964555311948061,0.059494681656360626,0.007249385584145784,0.06094546988606453,0.0065431054681539536,0.06156356260180473,0.007242003455758095,0.06099330261349678,0.0066250767558813095,0.06612998247146606,0.006679657381027937
245,0.06100029870867729,0.0059074535965919495,0.05996570736169815,0.007258915342390537,0.062121182680130005,0.005984993651509285,0.061500705778598785,0.004894221667200327,0.06139190122485161,0.007787070237100124,0.0630870908498764,0.0063263666816055775
246,0.06164112687110901,0.004865624476224184,0.06062711402773857,0.0065423911437392235,0.06279626488685608,0.006790793500840664,0.06049630790948868,0.004637143108993769,0.0632038563489914,0.005924141965806484,0.0633644387125969,0.007947866804897785
247,0.060571711510419846,0.0075170909985899925,0.05809219554066658,0.006796800997108221,0.063297338783741,0.004360791761428118,0.061200447380542755,0.0076705170795321465,0.06120115518569946,0.005994491744786501,0.06364817917346954,0.0061197299510240555
248,0.060889266431331635,0.0068862116895616055,0.05730808898806572,0.005001552868634462,0.06363138556480408,0.006424891762435436,0.06236081197857857,0.007873870432376862,0.06337998807430267,0.004969947971403599,0.06408940255641937,0.004017812665551901
249,0.06223879009485245,0.0034539704211056232,0.05855577066540718,0.006252019200474024,0.06383524090051651,0.007214927580207586,0.06229371577501297,0.004728375002741814,0.06350474059581757,0.006703578867018223,0.06288094818592072,0.0058045536279678345
250,0.06428255885839462,0.005359656643122435,0.057839758694171906,0.004437852185219526,0.06510163843631744,0.006950903218239546,0.06320904940366745,0.005286594852805138,0.06492272019386292,0.007156564854085445,0.06491460651159286,0.007002170197665691
251,0.0637667328119278,0.005432759411633015,0.05892212316393852,0.005755948834121227,0.065675750374794,0.006167422514408827,0.062322188168764114,0.005582040641456842,0.06353940069675446,0.00719139538705349,0.066857248544693,0.007147754542529583
252,0.06273491680622101,0.007211183197796345,0.06123916059732437,0.006262443959712982,0.06562866270542145,0.005338576622307301,0.06183096021413803,0.0076531581580638885,0.06337594985961914,0.007316311821341515,0.06479553878307343,0.006857206113636494
253,0.063982754945755,0.003849622793495655,0.0611959807574749,0.004735782276839018,0.06377065926790237,0.006335955113172531,0.062341369688510895,0.006820373237133026,0.06259031593799591,0.007725856266915798,0.06564494222402573,0.007317329756915569
254,0.06430669128894806,0.0038564333226531744,0.062393952161073685,0.005966363940387964,0.06153755635023117,0.0060644312761723995,0.06067342311143875,0.006587530951946974,0.06355076283216476,0.00784994289278984,0.06456805765628815,0.007838345132768154
255,0.06411932408809662,0.006438045762479305,0.06043482571840286,0.0076975952833890915,0.06193231791257858,0.005875228904187679,0.06258221715688705,0.007376891560852528,0.06343025714159012,0.0047971224412322044,0.0650462880730629,0.0074644992128014565
256,0.06397657096385956,0.004407617263495922,0.061272453516721725,0.004677207209169865,0.06330147385597229,0.004867878742516041,0.062224261462688446,0.005210510920733213,0.06433535367250443,0.005619932431727648,0.0636351928114891,0.006367145571857691
257,0.06492843478918076,0.004218994174152613,0.06113923713564873,0.0063796755857765675,0.06331537663936615,0.004374864511191845,0.059371255338191986,0.004922200925648212,0.06307313591241837,0.006182550918310881,0.06500367820262909,0.004644609987735748
258,0.06623075157403946,0.0038338254671543837,0.05926511809229851,0.0063597518019378185,0.06256959587335587,0.006016642786562443,0.061543531715869904,0.008060657419264317,0.06320830434560776,0.006196442525833845,0.0646687000989914,0.007687104865908623
259,0.06614657491445541,0.005564449820667505,0.059556473046541214,0.006273816339671612,0.06410996615886688,0.0071172649040818214,0.05944453552365303,0.008034579455852509,0.059280503541231155,0.006544539239257574,0.06454013288021088,0.00814034603536129
260,0.06380699574947357,0.007467093411833048,0.0606825053691864,0.0042921407148242,0.06453646719455719,0.0076040299609303474,0.060220152139663696,0.008675290271639824,0.06145446375012398,0.006296221166849136,0.06434637308120728,0.0053886366076767445
261,0.06465750187635422,0.005831148941069841,0.06176108866930008,0.004704594146460295,0.06598158925771713,0.006118937395513058,0.061137277632951736,0.00604280736297369,0.06371006369590759,0.007216602098196745,0.06304069608449936,0.003404529532417655
262,0.06381086260080338,0.005163882859051228,0.061092592775821686,0.005934588145464659,0.06756547838449478,0.006993104703724384,0.06271098554134369,0.0032642849255353212,0.06313830614089966,0.008266768418252468,0.06577436625957489,0.00886994507163763
263,0.06440629065036774,0.004750639665871859,0.060821402817964554,0.005671813152730465,0.06742776930332184,0.004751856904476881,0.06500302255153656,0.00737698283046484,0.060203272849321365,0.005509851034730673,0.0649087131023407,0.006015639286488295
264,0.06184477359056473,0.003728050971403718,0.06115955114364624,0.0088417436927557,0.06334130465984344,0.004876840393990278,0.06306217610836029,0.005363324657082558,0.06373672187328339,0.005393968895077705,0.06716573238372803,0.008575799874961376
265,0.06126357242465019,0.005242161452770233,0.06173327565193176,0.008175862021744251,0.06560457497835159,0.0062121981754899025,0.06439880281686783,0.007564829662442207,0.06454791873693466,0.00585206039249897,0.06533901393413544,0.008306496776640415
266,0.06173192337155342,0.005877723917365074,0.06105084344744682,0.007236941251903772,0.06411335617303848,0.0063417693600058556,0.0633368045091629,0.007281624712049961,0.06259171664714813,0.00756990397349,0.06446181237697601,0.006871512625366449
267,0.06361370533704758,0.006060202140361071,0.0628264918923378,0.0066173798404634,0.06115570664405823,0.005516680423170328,0.06198568269610405,0.007506555411964655,0.064666248857975,0.006006889045238495,0.06521901488304138,0.007294631563127041
268,0.06284777820110321,0.005281741730868816,0.06169658154249191,0.004517226945608854,0.06494488567113876,0.0045597911812365055,0.06282033026218414,0.0067351157777011395,0.06500746309757233,0.0028416940476745367,0.06395979225635529,0.007343042176216841
269,0.06298082321882248,0.005455068312585354,0.06191037967801094,0.00603593559935689,0.06650815159082413,0.005686793010681868,0.06210552901029587,0.0078102461993694305,0.06791356205940247,0.004556064028292894,0.06365570425987244,0.007317598909139633
270,0.06248936802148819,0.005225066095590591,0.06323526799678802,0.007046522572636604,0.06627664715051651,0.0056240311823785305,0.06559765338897705,0.005741534288972616,0.06477835029363632,0.004243926145136356,0.06352973729372025,0.008069458417594433
271,0.06276033818721771,0.004208837635815144,0.06435699760913849,0.005131264682859182,0.06609693169593811,0.0063543133437633514,0.0648207813501358,0.007669920567423105,0.06560380011796951,0.0039014045614749193,0.06605283170938492,0.006729133892804384
272,0.0614483579993248,0.004096712917089462,0.06496300548315048,0.005535827483981848,0.06501440703868866,0.005832725670188665,0.06207854673266411,0.006742427125573158,0.0636523962020874,0.004031936172395945,0.064883753657341,0.007039248943328857
273,0.0633874237537384,0.004617366939783096,0.0656743049621582,0.0064851692877709866,0.06608212739229202,0.00552817527204752,0.06314677745103836,0.008683075197041035,0.06201554089784622,0.003978457301855087,0.0664210170507431,0.0071204304695129395
274,0.060853511095047,0.006475263275206089,0.06667573750019073,0.0069298576563596725,0.06308405101299286,0.00526474742218852,0.06397154182195663,0.007821465842425823,0.06231699138879776,0.005224664695560932,0.06659901887178421,0.006264887284487486
275,0.06404408067464828,0.004949760623276234,0.06622812896966934,0.007206673268228769,0.06320933997631073,0.0033435497898608446,0.05977054685354233,0.007908388040959835,0.0640547126531601,0.006264252122491598,0.0664740651845932,0.006854687817394733
276,0.06420858949422836,0.00516110472381115,0.06504093110561371,0.004540865775197744,0.06740598380565643,0.005852814298123121,0.06285745650529861,0.006703863386064768,0.061756789684295654,0.007170942146331072,0.06644067168235779,0.0095980828627944
277,0.06349164247512817,0.0038504500407725573,0.0656939372420311,0.00659876549616456,0.06750917434692383,0.005996028892695904,0.06444244086742401,0.006374286022037268,0.06286376714706421,0.007226818241178989,0.06489190459251404,0.006000322289764881
278,0.0626041442155838,0.0057443417608737946,0.06712456047534943,0.00693143717944622,0.06806211173534393,0.006758210714906454,0.064789779484272,0.007472129538655281,0.06286780536174774,0.008080181665718555,0.06532378494739532,0.005005502607673407
279,0.06388343870639801,0.007181169930845499,0.06669028848409653,0.009864261373877525,0.06795656681060791,0.005679225083440542,0.06548062711954117,0.0055536809377372265,0.061318863183259964,0.006900321692228317,0.0662800669670105,0.005238331388682127
280,0.06443905830383301,0.005581610836088657,0.0667887032032013,0.009436676278710365,0.06387551128864288,0.005052425432950258,0.06514173746109009,0.00464994553476572,0.06241012364625931,0.007302799262106419,0.06487883627414703,0.008237417787313461
281,0.06535841524600983,0.005144120194017887,0.06594059616327286,0.007781094405800104,0.06225717067718506,0.005332272499799728,0.062498100101947784,0.005125842057168484,0.06418342888355255,0.006603115238249302,0.06572481989860535,0.007411253172904253
282,0.0666414275765419,0.007319188676774502,0.06385605037212372,0.006955715361982584,0.06602812558412552,0.007467621471732855,0.06414090096950531,0.0048984684981405735,0.0646953135728836,0.006455027498304844,0.06526932120323181,0.008181046694517136
283,0.06444607675075531,0.005719072185456753,0.06429877132177353,0.0069735413417220116,0.06481615453958511,0.006601057015359402,0.06659910827875137,0.006714603863656521,0.06332828104496002,0.00508305337280035,0.06494675576686859,0.008728057146072388
284,0.063593290746212,0.006446062587201595,0.0646098405122757,0.007211916148662567,0.0644381120800972,0.0069439043290913105,0.06962370872497559,0.005630823317915201,0.06352175772190094,0.0060328533872962,0.06509940326213837,0.007062846329063177
285,0.06318087875843048,0.005998876877129078,0.06495309621095657,0.006057023536413908,0.06343208998441696,0.0074296509847044945,0.06743767112493515,0.003511863760650158,0.06336551159620285,0.006481980439275503,0.06209312006831169,0.007940742187201977
286,0.06311798095703125,0.0072330147959291935,0.06355108320713043,0.006274066865444183,0.06372349709272385,0.006310443859547377,0.06475354731082916,0.0036411420442163944,0.06284235417842865,0.005187829025089741,0.06443050503730774,0.00839252769947052
287,0.06438954919576645,0.005932695232331753,0.06371188908815384,0.00824972614645958,0.06378698348999023,0.006883387453854084,0.06371338665485382,0.005339335184544325,0.0627938061952591,0.004030853044241667,0.06443134695291519,0.006386691238731146
288,0.06429087370634079,0.0051748924888670444,0.0633905753493309,0.008668200112879276,0.06450602412223816,0.006837058812379837,0.06237297132611275,0.005716339219361544,0.06596639752388,0.007500939071178436,0.06367114931344986,0.005930932238698006
289,0.06425346434116364,0.0075089167803525925,0.06369659304618835,0.008210557512938976,0.06723617762327194,0.0072038015350699425,0.06517460197210312,0.005861069541424513,0.06609553843736649,0.0062639182433485985,0.06527751684188843,0.004712647292762995
290,0.06416729092597961,0.005611030384898186,0.06297046691179276,0.008426014333963394,0.06869620084762573,0.007852756418287754,0.06444764137268066,0.006516990251839161,0.06502325087785721,0.008682857267558575,0.06577135622501373,0.0070089190267026424
291,0.06327519565820694,0.003708758158609271,0.0648421198129654,0.010855653323233128,0.06684401631355286,0.006937324535101652,0.06266336888074875,0.0058036381378769875,0.06358277797698975,0.00755013432353735,0.06315343081951141,0.00774426432326436
292,0.06540419161319733,0.004880017135292292,0.06289912760257721,0.007703558541834354,0.06807839870452881,0.006821115035563707,0.06186328083276749,0.008821647614240646,0.06352438777685165,0.007532032672315836,0.06413736194372177,0.009443925693631172
293,0.06519608944654465,0.004392941016703844,0.06402327120304108,0.008765763603150845,0.06828026473522186,0.006273229606449604,0.0635971799492836,0.008115136064589024,0.06289463490247726,0.008378942497074604,0.06402339041233063,0.009590210393071175
294,0.062101997435092926,0.003978037275373936,0.06643977016210556,0.008360101841390133,0.06865764409303665,0.006622093264013529,0.06429682672023773,0.008143397979438305,0.06338219344615936,0.007393212523311377,0.0640852227807045,0.010026245377957821
295,0.06328772753477097,0.0036339228972792625,0.06542034447193146,0.007286141160875559,0.06776391714811325,0.006842844653874636,0.06586335599422455,0.007802146952599287,0.06270401179790497,0.006845318712294102,0.06299726665019989,0.009487524628639221
296,0.06403692811727524,0.006740248762071133,0.06466785818338394,0.009802947752177715,0.06654135882854462,0.00798120442777872,0.06655855476856232,0.0071533843874931335,0.06238473206758499,0.007684974931180477,0.0643182173371315,0.009049138985574245
297,0.06504635512828827,0.010478436946868896,0.06544182449579239,0.006182711571455002,0.0643671378493309,0.0070853326469659805,0.06691290438175201,0.008494379930198193,0.06449957191944122,0.006356366444379091,0.06778627634048462,0.00921608041971922
298,0.06302976608276367,0.005305679980665445,0.06452696770429611,0.008021851070225239,0.06560064852237701,0.00482498062774539,0.06564205884933472,0.006961752660572529,0.06525333225727081,0.007048467639833689,0.06544629484415054,0.008403311483561993
299,0.06199593469500542,0.006777866743505001,0.06256600469350815,0.00882786139845848,0.06682895123958588,0.003537120996043086,0.06779761612415314,0.005741883534938097,0.06797704100608826,0.006377067882567644,0.062364060431718826,0.00822210032492876
300,0.06389160454273224,0.007383789401501417,0.065724678337574,0.008790949359536171,0.06654923409223557,0.005958011373877525,0.06710817664861679,0.00527593307197094,0.06975443661212921,0.005544961895793676,0.06355254352092743,0.008573445491492748
301,0.06510666012763977,0.007499782834202051,0.06777812540531158,0.00894840620458126,0.06694848835468292,0.004953206051141024,0.06554731726646423,0.004472726956009865,0.07024644315242767,0.006736758165061474,0.06467567384243011,0.006924044340848923
302,0.06664492934942245,0.006780438590794802,0.06775011122226715,0.009028066881000996,0.06945787370204926,0.004977948032319546,0.06509456038475037,0.005372239742428064,0.06854833662509918,0.004467762541025877,0.06798359006643295,0.0031597523484379053
303,0.06632043421268463,0.006434987764805555,0.0665270984172821,0.010937116108834743,0.06814436614513397,0.007344013545662165,0.06627963483333588,0.005640920717269182,0.06787486374378204,0.004067198373377323,0.06641538441181183,0.00951824989169836
304,0.06425376981496811,0.006902831140905619,0.06828772276639938,0.010643990710377693,0.06841987371444702,0.008729135617613792,0.06346194446086884,0.0061656455509364605,0.06733405590057373,0.0025483849458396435,0.06705228984355927,0.009290400892496109
305,0.06429119408130646,0.007401204202324152,0.06873323023319244,0.01024528406560421,0.0685403123497963,0.008790853433310986,0.06514013558626175,0.006187842693179846,0.0682322233915329,0.006861272733658552,0.06736037880182266,0.00975065492093563
306,0.06524829566478729,0.0055608502589166164,0.0678274855017662,0.010403173975646496,0.07029228657484055,0.006260585505515337,0.06652898341417313,0.0049256328493356705,0.0662897378206253,0.007092543877661228,0.06834280490875244,0.00984707847237587
307,0.06373456865549088,0.005530289839953184,0.0693320706486702,0.008084713481366634,0.06850465387105942,0.005189458839595318,0.06532222032546997,0.003985584247857332,0.06675976514816284,0.005407680291682482,0.06760399043560028,0.008001463487744331
308,0.06499016284942627,0.007132587023079395,0.07002895325422287,0.009869387373328209,0.06867901980876923,0.00893170852214098,0.06333363056182861,0.0051885442808270454,0.06524847447872162,0.00608389126136899,0.06945005059242249,0.007948579266667366
309,0.06686080992221832,0.004930391907691956,0.07066022604703903,0.008258580230176449,0.06887838989496231,0.008615808561444283,0.0629940778017044,0.005752135068178177,0.06383457034826279,0.005209909286350012,0.06969033181667328,0.007632148917764425
310,0.06583461165428162,0.0051469383761286736,0.07189714908599854,0.008342951536178589,0.06492554396390915,0.007635790854692459,0.06501540541648865,0.006624690257012844,0.06460762023925781,0.005170383490622044,0.06907922774553299,0.0069070360623300076
311,0.06821099668741226,0.006576183717697859,0.06833116710186005,0.009555516764521599,0.06450445204973221,0.009089724160730839,0.06238970160484314,0.008443213999271393,0.0644690990447998,0.0066053601913154125,0.06968817859888077,0.008615963160991669
312,0.06894294172525406,0.006635007914155722,0.06741757690906525,0.009800922125577927,0.06395764648914337,0.00868901051580906,0.06239309161901474,0.005998722743242979,0.06389755755662918,0.007362553849816322,0.07138292491436005,0.006234361324459314
313,0.06645878404378891,0.0036525027826428413,0.06703947484493256,0.009508293122053146,0.062410928308963776,0.0078010354191064835,0.06260569393634796,0.006300705950707197,0.06443941593170166,0.004974267911165953,0.07216749340295792,0.006904448848217726
314,0.06600899249315262,0.005726609844714403,0.06548898667097092,0.010070646181702614,0.06468446552753448,0.007057216018438339,0.062268566340208054,0.006226669531315565,0.06410343945026398,0.00688558304682374,0.0724579319357872,0.007531149312853813
315,0.06411007791757584,0.005953149404376745,0.0654124766588211,0.009083700366318226,0.06410274654626846,0.006548674311488867,0.061182279139757156,0.005392822902649641,0.06297024339437485,0.008914751932024956,0.07003709673881531,0.007101702969521284
316,0.06314794719219208,0.004744503181427717,0.06670413166284561,0.009352147579193115,0.06635761260986328,0.006957937031984329,0.06358443200588226,0.005979063920676708,0.06490324437618256,0.007564458064734936,0.06841811537742615,0.011224721558392048
317,0.06300994753837585,0.007339113391935825,0.06788362562656403,0.007545949891209602,0.06560994684696198,0.007557372096925974,0.061875928193330765,0.005084904842078686,0.062261588871479034,0.006986312568187714,0.06822433322668076,0.010296635329723358
318,0.0652257576584816,0.007731858175247908,0.0657651275396347,0.008108708076179028,0.06557857245206833,0.006702018901705742,0.06322069466114044,0.007138379383832216,0.06584823876619339,0.00741990702226758,0.06916825473308563,0.011080103926360607
319,0.06381744146347046,0.005323889199644327,0.06487573683261871,0.00903624203056097,0.06516699492931366,0.005290883593261242,0.06478295475244522,0.00836417730897665,0.06680421531200409,0.008248436264693737,0.06762522459030151,0.01318871509283781
320,0.06427142769098282,0.007647853344678879,0.06654863059520721,0.008932159282267094,0.06331723183393478,0.0059784771874547005,0.06453559547662735,0.0068354252725839615,0.069465272128582,0.006904351059347391,0.06777514517307281,0.011165011674165726
321,0.06417834758758545,0.008566062897443771,0.06828239560127258,0.009297112002968788,0.06620634347200394,0.00791782047599554,0.06422314047813416,0.006056604906916618,0.06755223870277405,0.00624364148825407,0.0681532770395279,0.01155884563922882
322,0.06514225900173187,0.008666755631566048,0.06903240084648132,0.00885134469717741,0.06434082239866257,0.006928340066224337,0.06493663787841797,0.007137410342693329,0.06800228357315063,0.008335812948644161,0.06837628781795502,0.0126796318218112
323,0.06463595479726791,0.007891005836427212,0.06934063136577606,0.00998130813241005,0.06478968262672424,0.005883194971829653,0.0640641301870346,0.005636010784655809,0.0699261799454689,0.005958749912679195,0.06704366207122803,0.011349293403327465
324,0.06345979869365692,0.005030815023928881,0.06997697055339813,0.010528722777962685,0.06301587074995041,0.005320706404745579,0.06504011154174805,0.006933050230145454,0.06936065107584,0.007907181978225708,0.06808032095432281,0.011009646579623222
325,0.06366820633411407,0.0065327053889632225,0.06790755689144135,0.009762377478182316,0.06646917760372162,0.005087997764348984,0.06723321974277496,0.004758629947900772,0.0669315829873085,0.006912443321198225,0.06646324694156647,0.012211774475872517
326,0.06622359156608582,0.006063948385417461,0.06686711311340332,0.008352353237569332,0.0655684843659401,0.005260544363409281,0.06526606529951096,0.006428829859942198,0.06481550633907318,0.004896822385489941,0.06632788479328156,0.01009663287550211
327,0.06513577699661255,0.005822912789881229,0.06688646227121353,0.009266922250390053,0.0658148005604744,0.007211461663246155,0.06667717546224594,0.007888376712799072,0.06384000182151794,0.006028742995113134,0.0669170469045639,0.011767446994781494
328,0.06517260521650314,0.006784671917557716,0.06596843898296356,0.008953707292675972,0.06527326256036758,0.006948682013899088,0.06648290157318115,0.006550152320414782,0.06492895632982254,0.008287535049021244,0.06627500057220459,0.009345205500721931
329,0.06292261183261871,0.007124138996005058,0.06431920826435089,0.009988154284656048,0.06537298858165741,0.008594994433224201,0.06721431016921997,0.008964615873992443,0.06520064920186996,0.007337353192269802,0.06921588629484177,0.008528623729944229
330,0.06564414501190186,0.007321123033761978,0.06525768339633942,0.00794822908937931,0.06496304273605347,0.008578385226428509,0.06718692183494568,0.010643044486641884,0.06829608976840973,0.006638340651988983,0.06728290021419525,0.0076667191460728645
331,0.06825490295886993,0.006507673300802708,0.06635098904371262,0.009710042737424374,0.06683439761400223,0.008407876826822758,0.06686823070049286,0.008682671934366226,0.06557689607143402,0.00589344697073102,0.06667663156986237,0.005665922537446022
332,0.06736759096384048,0.0041294763796031475,0.06521554291248322,0.009214570745825768,0.06837485730648041,0.005989467725157738,0.06481586396694183,0.008866503834724426,0.06509052962064743,0.008481982164084911,0.0704784095287323,0.006663896143436432
333,0.06673356890678406,0.0073837339878082275,0.06654796749353409,0.007618604693561792,0.06709989905357361,0.005090367514640093,0.06360287219285965,0.009966041892766953,0.06573010236024857,0.005696732085198164,0.07200734317302704,0.006796888541430235
334,0.06658031791448593,0.007289458066225052,0.0664927214384079,0.00693988474085927,0.06871148943901062,0.0077300104312598705,0.06680341064929962,0.010729889385402203,0.06858910620212555,0.004725913982838392,0.07163365185260773,0.007569809444248676
335,0.06415484845638275,0.006657567340880632,0.06818457692861557,0.010804669000208378,0.06896267086267471,0.008810733444988728,0.06607821583747864,0.009190407581627369,0.06850575655698776,0.006406999193131924,0.07191482186317444,0.010870435275137424
336,0.06364618241786957,0.008212895132601261,0.06601130962371826,0.009604403749108315,0.06610564887523651,0.009701809845864773,0.0662693977355957,0.0064027681946754456,0.06503982096910477,0.007795093581080437,0.06975505501031876,0.008093895390629768
337,0.0679713636636734,0.00976012833416462,0.06481115520000458,0.008788811042904854,0.06716446578502655,0.008843967691063881,0.06814134865999222,0.004304644651710987,0.0657762885093689,0.00816356297582388,0.06926693767309189,0.007993693463504314
338,0.07054009288549423,0.009172921068966389,0.06622856110334396,0.00843999907374382,0.06572073698043823,0.008176833391189575,0.06740111857652664,0.006427080370485783,0.06617070734500885,0.006929708179086447,0.06940516084432602,0.009412679821252823
339,0.06872902810573578,0.008656800724565983,0.06703469157218933,0.009722983464598656,0.06670353561639786,0.0069763013161718845,0.06808654218912125,0.008261237293481827,0.06548033654689789,0.007487322203814983,0.0714200958609581,0.007527617271989584
340,0.06725887209177017,0.010120738297700882,0.07179020345211029,0.009497780352830887,0.0657561644911766,0.008106556721031666,0.06817816197872162,0.007176653016358614,0.06526223570108414,0.008835461921989918,0.07078475505113602,0.008538387715816498
341,0.0668521299958229,0.010176798328757286,0.06886772811412811,0.009389114566147327,0.06687904894351959,0.008648013696074486,0.06867019832134247,0.005877699237316847,0.06616593897342682,0.007969042286276817,0.06956326961517334,0.009575039148330688
342,0.06704234331846237,0.011240133084356785,0.070829376578331,0.008386056870222092,0.0652913898229599,0.009669527411460876,0.06761590391397476,0.005816375371068716,0.06581111252307892,0.00814159493893385,0.06937216222286224,0.009920752607285976
343,0.06760768592357635,0.011681322008371353,0.06959958374500275,0.008857661858201027,0.06553678959608078,0.009639509953558445,0.0678626224398613,0.004878173116594553,0.06770411878824234,0.007639667484909296,0.06777383387088776,0.01092441100627184
344,0.06799893081188202,0.011067836545407772,0.06842366605997086,0.00990976020693779,0.06639552861452103,0.008604946546256542,0.0691537857055664,0.007947418838739395,0.07008127868175507,0.009145106188952923,0.06746968626976013,0.0082522789016366
345,0.06872525066137314,0.007995584048330784,0.06637557595968246,0.009995019994676113,0.06588312983512878,0.01012807060033083,0.06873254477977753,0.008519472554326057,0.07143493741750717,0.010856902226805687,0.0671161562204361,0.009402700699865818
346,0.06717294454574585,0.007656484842300415,0.06509389728307724,0.010816343128681183,0.06566813588142395,0.007755607832223177,0.0682731419801712,0.006220854818820953,0.07082144916057587,0.008668357506394386,0.07177820801734924,0.007888668216764927
347,0.06796183437108994,0.008050883188843727,0.06492261588573456,0.010457941330969334,0.06811410188674927,0.007039455696940422,0.06833606958389282,0.006074565928429365,0.06671158224344254,0.008014462888240814,0.06963078677654266,0.008994296193122864
348,0.06939683854579926,0.008086105808615685,0.06855476647615433,0.00968089234083891,0.06928897649049759,0.0069282143376767635,0.06897291541099548,0.006673234049230814,0.06651590764522552,0.008498212322592735,0.06952434778213501,0.008911486715078354
349,0.06943920999765396,0.009041368961334229,0.06914841383695602,0.010805734433233738,0.0690641924738884,0.008889390155673027,0.06716929376125336,0.006866998039186001,0.06666933745145798,0.008344362489879131,0.06997200101613998,0.00928410142660141
350,0.06690672039985657,0.008601851761341095,0.06945259869098663,0.00982757844030857,0.0714622363448143,0.010218478739261627,0.0674414187669754,0.008018232882022858,0.06880828738212585,0.00692740036174655,0.07137839496135712,0.00948675163090229
351,0.06715461611747742,0.007617721799761057,0.07066140323877335,0.008929448202252388,0.06786148250102997,0.008586819283664227,0.06909964978694916,0.00815737433731556,0.06685050576925278,0.005377648863941431,0.0720675140619278,0.009661498479545116
352,0.0652630627155304,0.007170087657868862,0.06879215687513351,0.008887349627912045,0.06946416944265366,0.005953072104603052,0.06736723333597183,0.006785246543586254,0.06708471477031708,0.007484652101993561,0.06988278031349182,0.009488724172115326
353,0.0665045976638794,0.007376770954579115,0.06608802825212479,0.008909857831895351,0.06893986463546753,0.006154303438961506,0.06834809482097626,0.007985087111592293,0.06738612055778503,0.008048506453633308,0.07363255321979523,0.011126060038805008
354,0.0673135295510292,0.008612295612692833,0.06773076951503754,0.00995405949652195,0.06758682429790497,0.00927925668656826,0.07108445465564728,0.008745850063860416,0.0687425285577774,0.007082394324243069,0.07213181257247925,0.010580470785498619
355,0.06764030456542969,0.00680132582783699,0.06958778202533722,0.009916102513670921,0.06905240565538406,0.0064753033220767975,0.06942924857139587,0.009087796323001385,0.07000178098678589,0.006625148933380842,0.0712229460477829,0.01025922317057848
356,0.06796465814113617,0.008370893076062202,0.0710187777876854,0.008601694367825985,0.07141350209712982,0.007332611829042435,0.06767420470714569,0.009805524721741676,0.0738070160150528,0.006682149134576321,0.07155399024486542,0.00997649785131216
357,0.06795588880777359,0.010549905709922314,0.06899769604206085,0.010602970607578754,0.06917489320039749,0.008965968154370785,0.06788371503353119,0.010905623435974121,0.07328937202692032,0.007802815642207861,0.07019016146659851,0.010737359523773193
358,0.06629999727010727,0.009009099565446377,0.06898949295282364,0.00833671260625124,0.07090707123279572,0.006659502163529396,0.06883484870195389,0.009890594519674778,0.06972692161798477,0.00736669497564435,0.07054245471954346,0.011018002405762672
359,0.06680700927972794,0.008515950292348862,0.07059934735298157,0.008117923513054848,0.0691835954785347,0.008405003696680069,0.06985209882259369,0.009037643671035767,0.06849398463964462,0.008259642869234085,0.07184676080942154,0.010777221992611885
360,0.06716121733188629,0.006613575387746096,0.06987006962299347,0.009844801388680935,0.0691988542675972,0.006187681574374437,0.06753674894571304,0.008581836707890034,0.06912674009799957,0.0068117836490273476,0.07272627204656601,0.009451303631067276
361,0.06812276691198349,0.0074076540768146515,0.07097595185041428,0.009579925797879696,0.06836853176355362,0.008205834776163101,0.06770730018615723,0.008483639918267727,0.06764742732048035,0.006390375550836325,0.07169950008392334,0.008859817869961262
362,0.06735938787460327,0.008010191842913628,0.07117078453302383,0.008855798281729221,0.06777964532375336,0.010589043609797955,0.06952758878469467,0.011641225777566433,0.06951872259378433,0.006358272396028042,0.07165221124887466,0.01181558333337307
363,0.06692755222320557,0.008622351102530956,0.07167577743530273,0.00892135500907898,0.06675617396831512,0.009534649550914764,0.0712922066450119,0.010335046797990799,0.06993969529867172,0.006034897640347481,0.07051676511764526,0.011025865562260151
364,0.06833301484584808,0.007226073183119297,0.07122041285037994,0.009178788401186466,0.0676063522696495,0.007843701168894768,0.06997938454151154,0.009399063885211945,0.07083062827587128,0.0076203239150345325,0.0701136514544487,0.010276012122631073
365,0.0680430456995964,0.009186227805912495,0.06959273666143417,0.00793577078729868,0.06887851655483246,0.009410512633621693,0.07056040316820145,0.009731899946928024,0.06914366036653519,0.008878692053258419,0.06991754472255707,0.008645531721413136
366,0.0687568411231041,0.009432868100702763,0.07057827711105347,0.009895392693579197,0.07220867276191711,0.01077094953507185,0.06939774006605148,0.00963781401515007,0.06798497587442398,0.008063011802732944,0.07186447083950043,0.009115022607147694
367,0.06681015342473984,0.009624036960303783,0.069186270236969,0.008377360180020332,0.07356641441583633,0.010081110522150993,0.07311438769102097,0.008836310356855392,0.07221256196498871,0.009085968136787415,0.07284872978925705,0.011084497906267643
368,0.07048428803682327,0.009814957156777382,0.0681559294462204,0.006304713431745768,0.07226152718067169,0.011120195500552654,0.07059681415557861,0.008037363179028034,0.07173506915569305,0.00845619011670351,0.0735740214586258,0.011891606263816357
369,0.0708627849817276,0.011090287007391453,0.06844140589237213,0.00883867684751749,0.07178046554327011,0.008693910203874111,0.07269959151744843,0.005627666134387255,0.0697811022400856,0.009049667045474052,0.07555054128170013,0.007782324217259884
370,0.07118561863899231,0.010806022211909294,0.06941099464893341,0.006298579275608063,0.069468654692173,0.009317520074546337,0.07355470210313797,0.007077708840370178,0.07017973810434341,0.00918593630194664,0.07532577216625214,0.00875549204647541
371,0.07284875959157944,0.01108991913497448,0.07103428244590759,0.007111890707165003,0.06994897872209549,0.009290825575590134,0.07146558910608292,0.008283342234790325,0.06924192607402802,0.00870578270405531,0.07392741739749908,0.0072474549524486065
372,0.07310231775045395,0.012909792363643646,0.06882111728191376,0.008119207806885242,0.07096318155527115,0.01024269312620163,0.0708833783864975,0.008092259056866169,0.07266451418399811,0.008666613139212132,0.0761851891875267,0.0068949367851018906
373,0.07212017476558685,0.012979865074157715,0.0723126158118248,0.011290146969258785,0.07215627282857895,0.008468990214169025,0.06756560504436493,0.008677786216139793,0.0715683102607727,0.008146925829350948,0.07484157383441925,0.00815900880843401
374,0.07391584664583206,0.012550890445709229,0.07161588221788406,0.012647613883018494,0.07233230769634247,0.010137834586203098,0.0675254836678505,0.00981528963893652,0.07258458435535431,0.007453138008713722,0.07605427503585815,0.00921247061342001
375,0.07390616834163666,0.010360673069953918,0.06999115645885468,0.00911750178784132,0.07173704355955124,0.008967659436166286,0.06748427450656891,0.007926826365292072,0.07200853526592255,0.007987270131707191,0.07466061413288116,0.012207096442580223
376,0.07293133437633514,0.011280594393610954,0.06869430840015411,0.0089222751557827,0.06959965825080872,0.011206529103219509,0.06699039787054062,0.007643280550837517,0.07345277816057205,0.009662803262472153,0.0797073021531105,0.011201989836990833
377,0.0710550919175148,0.010185418650507927,0.06990998238325119,0.009363888762891293,0.07237992435693741,0.008809924125671387,0.06990178674459457,0.007826883345842361,0.07356162369251251,0.009237198159098625,0.07619898021221161,0.009599205106496811
378,0.07117435336112976,0.00798173900693655,0.0673423632979393,0.008710245601832867,0.07061757147312164,0.00980799738317728,0.07095801830291748,0.007515543606132269,0.07402332127094269,0.01067493949085474,0.07449529320001602,0.009345799684524536
379,0.06970333307981491,0.008468365296721458,0.06859402358531952,0.00858111772686243,0.06960924714803696,0.011181386187672615,0.0722198560833931,0.00945694837719202,0.07227132469415665,0.00908567663282156,0.07376416027545929,0.010915590450167656
380,0.0693189725279808,0.009168711490929127,0.06864713132381439,0.008648688904941082,0.07144995033740997,0.008954787626862526,0.07087532430887222,0.009164824150502682,0.07048124819993973,0.010453094728291035,0.07233253866434097,0.010106361471116543
381,0.06945260614156723,0.009273544885218143,0.0698639303445816,0.010123631916940212,0.07143694162368774,0.008843682706356049,0.07215218991041183,0.009806736372411251,0.07060067355632782,0.008637710474431515,0.07141128182411194,0.010672755539417267
382,0.06849507242441177,0.011032222770154476,0.0694086104631424,0.009065797552466393,0.07147116214036942,0.007549090776592493,0.06987127661705017,0.007980531081557274,0.0693918839097023,0.00933904480189085,0.07215064764022827,0.012408960610628128
383,0.06831995397806168,0.011572279036045074,0.069218710064888,0.008094806224107742,0.07354258000850677,0.007311972323805094,0.07051050662994385,0.008006960153579712,0.06833405047655106,0.00855093915015459,0.07226397097110748,0.010148216038942337
384,0.06825243681669235,0.013623751699924469,0.06946638971567154,0.008852452039718628,0.07291635125875473,0.006897812243551016,0.06759916245937347,0.00659014331176877,0.06761469691991806,0.006223564501851797,0.07289368659257889,0.011360222473740578
385,0.07155689597129822,0.010848527774214745,0.0692259818315506,0.006291558034718037,0.07389135658740997,0.006827757228165865,0.07099135220050812,0.008114494383335114,0.0679803341627121,0.006085587665438652,0.07485927641391754,0.00957547128200531
386,0.07056324183940887,0.010187081061303616,0.0695415586233139,0.00879754964262247,0.0728020966053009,0.010592620819807053,0.07187216728925705,0.007164055481553078,0.07015793770551682,0.006564678158611059,0.07447226345539093,0.00854077935218811
387,0.07203030586242676,0.008997801691293716,0.07036634534597397,0.009003051556646824,0.07350441068410873,0.010165482759475708,0.07037371397018433,0.0060513801872730255,0.0701521560549736,0.007914009504020214,0.07750608026981354,0.008227364160120487
388,0.07191821932792664,0.009085241705179214,0.07040417939424515,0.009479903616011143,0.07281064242124557,0.011208397336304188,0.07188434898853302,0.006283626891672611,0.07295061647891998,0.011056068353354931,0.07551471143960953,0.0094344737008214
389,0.0727231428027153,0.009070340543985367,0.06933363527059555,0.009127781726419926,0.07224801182746887,0.011831305921077728,0.07274402678012848,0.005598728079348803,0.07309500873088837,0.008345500566065311,0.07466131448745728,0.00954474788159132
390,0.07161463797092438,0.00747219193726778,0.06869877129793167,0.00888047181069851,0.07522369921207428,0.010167368687689304,0.07314954698085785,0.004810326732695103,0.07063677906990051,0.007761301938444376,0.07694412767887115,0.010748940519988537
391,0.07344238460063934,0.0066636656410992146,0.06784384697675705,0.006780609488487244,0.07113353163003922,0.010381828062236309,0.07296326756477356,0.005993213038891554,0.07057958841323853,0.009839951060712337,0.077720507979393,0.010453668422996998
392,0.07611460983753204,0.008450644090771675,0.0703442320227623,0.00699991500005126,0.07174880802631378,0.010154099203646183,0.0725247710943222,0.006302696652710438,0.07288076728582382,0.01065362710505724,0.0784938782453537,0.011900292709469795
393,0.07512266933917999,0.006222546566277742,0.07210153341293335,0.006636008154600859,0.06937570869922638,0.00997182633727789,0.07288434356451035,0.006323530804365873,0.07210274040699005,0.010506664402782917,0.07875575870275497,0.009650192223489285
394,0.07378119230270386,0.008582500740885735,0.07331863790750504,0.009622007608413696,0.07124696671962738,0.010345016606152058,0.07379578053951263,0.007709875702857971,0.07459462434053421,0.010199162177741528,0.07641871273517609,0.011317596770823002
395,0.07480911910533905,0.009566966444253922,0.07117694616317749,0.00854389276355505,0.07255642116069794,0.009378541260957718,0.07372206449508667,0.007040711119771004,0.07336411625146866,0.006993912160396576,0.07711470127105713,0.011486154049634933
396,0.07627253234386444,0.006709011737257242,0.07130718976259232,0.008744261227548122,0.07347274571657181,0.01037208829075098,0.07305528223514557,0.007953034713864326,0.07241193950176239,0.006604740861803293,0.07912688702344894,0.011680162511765957
397,0.07198967039585114,0.00878508947789669,0.07361605018377304,0.0063271597027778625,0.07207803428173065,0.0117780901491642,0.0737326443195343,0.007896529510617256,0.07184469699859619,0.005904116667807102,0.07708579301834106,0.012230584397912025
398,0.07238072156906128,0.009024117141962051,0.07309272885322571,0.010442763566970825,0.07190512120723724,0.01214930135756731,0.07360859215259552,0.008560213260352612,0.0720386952161789,0.007827903144061565,0.07653095573186874,0.012180041521787643
399,0.07093724608421326,0.009760119952261448,0.0742175430059433,0.01200045458972454,0.0738040953874588,0.010381538420915604,0.0745333880186081,0.008787492290139198,0.07424061000347137,0.007703288458287716,0.07701936364173889,0.013160030357539654
400,0.07272456586360931,0.010195666924118996,0.07675950229167938,0.010462692938745022,0.07330165803432465,0.009483003057539463,0.07287541776895523,0.008164209313690662,0.07268160581588745,0.006809499114751816,0.0779217854142189,0.010337535291910172
401,0.07189255952835083,0.010537908412516117,0.07529723644256592,0.011625571176409721,0.0734448954463005,0.009434433653950691,0.07015720754861832,0.01011693011969328,0.07471431791782379,0.008023778907954693,0.07818525284528732,0.011101648211479187
402,0.0711391344666481,0.01094602607190609,0.07283349335193634,0.010760675184428692,0.07454580068588257,0.009230687282979488,0.0751885399222374,0.011177962645888329,0.07303576916456223,0.008914493024349213,0.07806362211704254,0.01028990838676691
403,0.0727175921201706,0.0103248730301857,0.07213836908340454,0.01055710669606924,0.0776938796043396,0.010290509089827538,0.07227212190628052,0.008654137142002583,0.07430679351091385,0.008792036212980747,0.07856416702270508,0.011820378713309765
404,0.07069563865661621,0.011600825935602188,0.07210148870944977,0.009495389647781849,0.07758353650569916,0.012320647947490215,0.07360219955444336,0.008481815457344055,0.07578311860561371,0.00824728887528181,0.07732154428958893,0.010962702333927155
405,0.07007624208927155,0.01094993855804205,0.07342309504747391,0.0076622189953923225,0.07630062848329544,0.011530086398124695,0.07454399764537811,0.0081394724547863,0.07541390508413315,0.010895507410168648,0.07634738087654114,0.012020443566143513
406,0.07275755703449249,0.013049326837062836,0.0731312483549118,0.009372452273964882,0.07748829573392868,0.010692932642996311,0.07530301064252853,0.008841577917337418,0.0756261944770813,0.009977392852306366,0.07484645396471024,0.012173068709671497
407,0.07281263172626495,0.014248271472752094,0.072440005838871,0.00787155982106924,0.07792937755584717,0.010615057311952114,0.07435834407806396,0.008351601660251617,0.07601194083690643,0.009867101907730103,0.07626186311244965,0.012365264818072319
408,0.07286732643842697,0.01381748542189598,0.0705537497997284,0.008330817334353924,0.07856909930706024,0.00882013514637947,0.07351335138082504,0.008075857535004616,0.07826919108629227,0.006821588147431612,0.07701624929904938,0.014685062691569328
409,0.07398461550474167,0.010742695070803165,0.07169637829065323,0.007788496091961861,0.07980683445930481,0.008554031141102314,0.07189380377531052,0.0083713848143816,0.07670819014310837,0.008711273781955242,0.07942952960729599,0.012467911466956139
410,0.07402735948562622,0.010555664077401161,0.07063544541597366,0.008020775392651558,0.07735715806484222,0.007295727264136076,0.0759163647890091,0.010462290607392788,0.07612897455692291,0.00829535536468029,0.07783474028110504,0.013464034534990788
411,0.07372254133224487,0.012241069227457047,0.07233599573373795,0.009104939177632332,0.07707149535417557,0.00955945998430252,0.07411835342645645,0.01056644320487976,0.07575838267803192,0.005618907976895571,0.07904890924692154,0.013901036232709885
412,0.07627595961093903,0.009095127694308758,0.07420732080936432,0.01076088473200798,0.07879184931516647,0.007590774912387133,0.07444067299365997,0.008983982726931572,0.07207717001438141,0.008530866354703903,0.0795707181096077,0.013151909224689007
413,0.07536161690950394,0.01150338351726532,0.07661086320877075,0.01068201009184122,0.07999275624752045,0.008418722078204155,0.07595214247703552,0.009670562110841274,0.07251197099685669,0.008548346348106861,0.07986538112163544,0.012786779552698135
414,0.0750303715467453,0.01053404901176691,0.07729782909154892,0.009527985006570816,0.08056890964508057,0.008730201981961727,0.0779898464679718,0.008587981574237347,0.0747731551527977,0.011850611306726933,0.08029936999082565,0.012979838997125626
415,0.07659363001585007,0.006953600328415632,0.07459930330514908,0.010342874564230442,0.07728709280490875,0.008996439166367054,0.07739532738924026,0.00779356062412262,0.07540762424468994,0.013546520844101906,0.08300480246543884,0.010689902119338512
416,0.07883411645889282,0.008611015044152737,0.07585219293832779,0.010056822560727596,0.07707105576992035,0.009728296659886837,0.07623286545276642,0.008353712037205696,0.07419230043888092,0.011504280380904675,0.0817461609840393,0.010131671093404293
417,0.07722584903240204,0.010590766556560993,0.07849611341953278,0.007695287000387907,0.07472355663776398,0.011770320124924183,0.08003540337085724,0.007126647513359785,0.0735955461859703,0.009947172366082668,0.07977701723575592,0.01181881595402956
418,0.07541430741548538,0.01145887840539217,0.07677938789129257,0.01005022507160902,0.07733174413442612,0.013819900341331959,0.07645283639431,0.008473877795040607,0.0751340463757515,0.00916980393230915,0.07762385904788971,0.013940616510808468
419,0.07860703766345978,0.011911391280591488,0.07467903196811676,0.01070435531437397,0.07702185958623886,0.013203499838709831,0.07593175023794174,0.00912325456738472,0.07481536269187927,0.008413114584982395,0.07869577407836914,0.011383854784071445
420,0.07632075250148773,0.011997958645224571,0.07604125142097473,0.012348480522632599,0.07863666862249374,0.014097766950726509,0.07399611920118332,0.008131442591547966,0.07369555532932281,0.009766044095158577,0.07883241772651672,0.009712201543152332
421,0.07515203207731247,0.010732457973062992,0.07320719212293625,0.010514575988054276,0.0791855901479721,0.011330417357385159,0.07196588814258575,0.010473448783159256,0.07688985019922256,0.010126272216439247,0.08042970299720764,0.009483199566602707
422,0.07672623544931412,0.013079092837870121,0.07656744867563248,0.010585477575659752,0.07791987806558609,0.011673850938677788,0.07381852716207504,0.010598234832286835,0.07665462046861649,0.009830900467932224,0.08012890815734863,0.012660522013902664
423,0.0775691419839859,0.012734390795230865,0.07646657526493073,0.009400955401360989,0.07694845646619797,0.01165393553674221,0.07545493543148041,0.010279536247253418,0.07764798402786255,0.008331437595188618,0.08102921396493912,0.010942544788122177
424,0.07818073034286499,0.014635172672569752,0.0773211196064949,0.00873751100152731,0.07605583965778351,0.011233450844883919,0.07646562159061432,0.009724169038236141,0.07729624956846237,0.010222201235592365,0.0803542286157608,0.010473654605448246
425,0.07974494993686676,0.011022485792636871,0.07597172260284424,0.008784247562289238,0.07686573266983032,0.011111189611256123,0.07670082896947861,0.008684858679771423,0.07657894492149353,0.008148609660565853,0.08002294600009918,0.01241313200443983
426,0.07794608175754547,0.011632782407104969,0.0781431570649147,0.011111205443739891,0.07640620321035385,0.012558212503790855,0.0774599015712738,0.008160226047039032,0.07833205908536911,0.007745812181383371,0.07966046035289764,0.01116842869669199
427,0.0775858461856842,0.011868124827742577,0.07447788119316101,0.007621000055223703,0.0757722556591034,0.01308233942836523,0.07684065401554108,0.006947821006178856,0.07822668552398682,0.007865430787205696,0.0808926597237587,0.012437169440090656
428,0.07625924050807953,0.01236034370958805,0.0751396045088768,0.010201743803918362,0.07757829129695892,0.01435163989663124,0.07641526311635971,0.0071838004514575005,0.07927051186561584,0.00956869125366211,0.08017805218696594,0.012454535812139511
429,0.07729111611843109,0.012105784378945827,0.07675223052501678,0.009790600277483463,0.07980351150035858,0.014179720543324947,0.07725104689598083,0.00964138563722372,0.07702906429767609,0.009388292208313942,0.08174236118793488,0.01028264407068491
430,0.0774477943778038,0.01035267859697342,0.07374068349599838,0.010150853544473648,0.07833191752433777,0.014009324833750725,0.08138049393892288,0.007120452355593443,0.07554297894239426,0.011358942836523056,0.08330230414867401,0.0095440074801445
431,0.07700242102146149,0.011915979906916618,0.0746823325753212,0.011582800187170506,0.07720410823822021,0.013380642049014568,0.08012200146913528,0.008914962410926819,0.07849003374576569,0.011217527091503143,0.08175434172153473,0.010426563210785389
432,0.07657047361135483,0.013051725924015045,0.07434261590242386,0.0112523902207613,0.07843811810016632,0.01412149891257286,0.07927265018224716,0.006665934808552265,0.08001625537872314,0.009807673282921314,0.08147372305393219,0.010429098270833492
433,0.0747576355934143,0.011155175045132637,0.07398630678653717,0.01091439463198185,0.07648883759975433,0.01326475478708744,0.07958220690488815,0.008290120400488377,0.07954955101013184,0.009662951342761517,0.08003968745470047,0.01148348581045866
434,0.07617436349391937,0.009875757619738579,0.07452709972858429,0.009024880826473236,0.07742170244455338,0.010928925126791,0.08041568845510483,0.01081425603479147,0.07969794422388077,0.009548570029437542,0.07958956062793732,0.01019939687103033
435,0.07567466050386429,0.009159938432276249,0.07661990821361542,0.006756458897143602,0.0783882588148117,0.013141876086592674,0.0787835344672203,0.008964955806732178,0.07951455563306808,0.010194205678999424,0.08036704361438751,0.011178581975400448
436,0.0771239623427391,0.008023935370147228,0.07532381266355515,0.007614428643137217,0.07850667089223862,0.012442832812666893,0.08031044900417328,0.011224193498492241,0.07889227569103241,0.008648003451526165,0.08169839531183243,0.011924969032406807
437,0.07811486721038818,0.00769170094281435,0.07661605626344681,0.00958852469921112,0.07946567237377167,0.011298594065010548,0.07766957581043243,0.01070685125887394,0.0795707181096077,0.007932818494737148,0.08089033514261246,0.011486824601888657
438,0.07934679836034775,0.010125960223376751,0.07598640024662018,0.009330344386398792,0.07901173084974289,0.013191347010433674,0.07758070528507233,0.008883652277290821,0.07842208445072174,0.008941134437918663,0.08018076419830322,0.013210967183113098
439,0.07664892822504044,0.012851797044277191,0.0757305771112442,0.008620155043900013,0.07950722426176071,0.012741165235638618,0.075776107609272,0.00985972210764885,0.07586351037025452,0.008727630600333214,0.08138834685087204,0.014076036401093006
440,0.07703973352909088,0.01155362743884325,0.07695601880550385,0.00795733742415905,0.07858110964298248,0.011257383972406387,0.07569576799869537,0.010296993888914585,0.08026882261037827,0.006651508156210184,0.08311084657907486,0.01299289334565401
441,0.07725009322166443,0.013165553100407124,0.077272929251194,0.010580092668533325,0.07926754653453827,0.013041842728853226,0.07701687514781952,0.011109741404652596,0.08012492209672928,0.008699702098965645,0.082475945353508,0.012648048810660839
442,0.07862858474254608,0.011868104338645935,0.07748579978942871,0.010849887505173683,0.08141335844993591,0.01557595282793045,0.07579005509614944,0.00913884025067091,0.08274733275175095,0.00800837017595768,0.08362890779972076,0.010599356144666672
443,0.08088234066963196,0.012388069182634354,0.07608078420162201,0.011122708208858967,0.08170603960752487,0.01611706055700779,0.07840029895305634,0.01047169603407383,0.0819234624505043,0.008103510364890099,0.08415526151657104,0.011970854364335537
444,0.07982608675956726,0.012891723774373531,0.07725373655557632,0.010516944341361523,0.08405904471874237,0.016310017555952072,0.07830190658569336,0.009255841374397278,0.07993301749229431,0.008557088673114777,0.08378635346889496,0.011347751133143902
445,0.07860682159662247,0.013785388320684433,0.07457495480775833,0.010717040859162807,0.08304724842309952,0.014789458364248276,0.07914258539676666,0.013065189123153687,0.07910913228988647,0.009037784300744534,0.08344702422618866,0.01135607436299324
446,0.07809888571500778,0.014186063781380653,0.07782070338726044,0.008648810908198357,0.0839502364397049,0.013429662212729454,0.07696668803691864,0.009655295871198177,0.0783970057964325,0.009126124903559685,0.08469223976135254,0.009957484900951385
447,0.08013591170310974,0.014149792492389679,0.07935668528079987,0.008426385931670666,0.08314396440982819,0.013794726692140102,0.07528340816497803,0.008856326341629028,0.07906888425350189,0.009122497402131557,0.08473570644855499,0.011850175447762012
448,0.08030529320240021,0.011896183714270592,0.07591213285923004,0.008223210461437702,0.08047746121883392,0.013037823140621185,0.07652784883975983,0.009559687227010727,0.0782482773065567,0.008608967997133732,0.08283783495426178,0.012189270928502083
449,0.07886999100446701,0.012717792764306068,0.07519844174385071,0.0076908208429813385,0.08165465295314789,0.013473134487867355,0.07862941175699234,0.006593786180019379,0.07930576056241989,0.010188194923102856,0.08396733552217484,0.01077024731785059
450,0.07832027226686478,0.012250239960849285,0.07899437099695206,0.009421983733773232,0.08230896294116974,0.014683189801871777,0.08051207661628723,0.009072350338101387,0.0797002762556076,0.01126131508499384,0.08316611498594284,0.011052360758185387
451,0.07897926867008209,0.012299599125981331,0.07837050408124924,0.010939523577690125,0.08470319956541061,0.013572242110967636,0.07793878018856049,0.009745309129357338,0.07966738939285278,0.01271977648139,0.08380196243524551,0.00961027666926384
452,0.07848367094993591,0.011346583254635334,0.07782052457332611,0.010439475066959858,0.08579409867525101,0.012920144014060497,0.07765905559062958,0.01468885038048029,0.08113033324480057,0.011813448742032051,0.08443319797515869,0.011987091042101383
453,0.07883073389530182,0.014005690813064575,0.07778520882129669,0.00961941760033369,0.08588184416294098,0.01373759564012289,0.08031214028596878,0.012092727236449718,0.08229656517505646,0.010965616442263126,0.0848468691110611,0.011622799560427666
454,0.08015720546245575,0.016721127554774284,0.07783319056034088,0.009021761827170849,0.0850580558180809,0.013400119729340076,0.08213987946510315,0.011271458119153976,0.08062617480754852,0.011504784226417542,0.08280476927757263,0.013151593506336212
455,0.0796133503317833,0.015006027184426785,0.07787881791591644,0.010055872611701488,0.08244259655475616,0.01220790296792984,0.08205227553844452,0.01007896475493908,0.07928822934627533,0.010255600325763226,0.08461795747280121,0.010051675140857697
456,0.07907231152057648,0.014289027079939842,0.07896841317415237,0.01030308660119772,0.08280472457408905,0.01422277744859457,0.08189285546541214,0.008708970621228218,0.07795583456754684,0.009147284552454948,0.08530780673027039,0.010442918166518211
457,0.08059067279100418,0.014914420433342457,0.07988026738166809,0.011188453994691372,0.08392626792192459,0.014434999786317348,0.07954733073711395,0.011224683374166489,0.07992767542600632,0.01102042943239212,0.08268605172634125,0.011098961345851421
458,0.08084006607532501,0.015985865145921707,0.081456758081913,0.013390499167144299,0.08298490941524506,0.014446736313402653,0.0809994786977768,0.008733255788683891,0.07943515479564667,0.012639356777071953,0.08527403324842453,0.010750203393399715
459,0.07917135208845139,0.017379997298121452,0.08103976398706436,0.011527126654982567,0.08252687007188797,0.014626588672399521,0.0820271372795105,0.007959801703691483,0.07992024719715118,0.009785550646483898,0.08527427166700363,0.011732272803783417
460,0.07760339975357056,0.015537873841822147,0.07872636616230011,0.011345427483320236,0.08482997864484787,0.012423600070178509,0.08224104344844818,0.008226162753999233,0.08051330596208572,0.009098319336771965,0.0868038684129715,0.012019145302474499
461,0.07781978696584702,0.013054486364126205,0.079037606716156,0.011192863807082176,0.08433444797992706,0.013377092778682709,0.08089283108711243,0.009407206438481808,0.0817151665687561,0.007059132680296898,0.08779460936784744,0.012577036395668983
462,0.07793562859296799,0.01216072030365467,0.07934047281742096,0.010990883223712444,0.08667336404323578,0.01076447032392025,0.08105531334877014,0.010578330606222153,0.07836917787790298,0.008772281929850578,0.08606459200382233,0.012567824684083462
463,0.07690615952014923,0.01307162456214428,0.0779602974653244,0.009759620763361454,0.08538313210010529,0.010609040036797523,0.08271996676921844,0.010454444214701653,0.08031012862920761,0.011177660897374153,0.08736549317836761,0.013076890259981155
464,0.07960294932126999,0.0133522292599082,0.07941371202468872,0.009356437250971794,0.0848727822303772,0.012215262278914452,0.08175522834062576,0.011051115579903126,0.08274410665035248,0.011958407238125801,0.08520819991827011,0.012600335292518139
465,0.08076755702495575,0.01311474572867155,0.07999469339847565,0.010963769629597664,0.08381884545087814,0.014752503484487534,0.08005888760089874,0.011129222810268402,0.08104102313518524,0.010890716686844826,0.08528536558151245,0.012741890735924244
466,0.08074357360601425,0.013014843687415123,0.08161866664886475,0.012562877498567104,0.08430232107639313,0.014837319031357765,0.07994218170642853,0.009902304969727993,0.07928862422704697,0.011283672414720058,0.08506462723016739,0.012303679250180721
467,0.08051525056362152,0.013247664086520672,0.08167760819196701,0.011081813834607601,0.08522538840770721,0.014663503505289555,0.08006372302770615,0.009893207810819149,0.07853804528713226,0.010598716326057911,0.08605778962373734,0.01196505967527628
468,0.08165042847394943,0.013443325646221638,0.08177854865789413,0.010961556807160378,0.08455206453800201,0.014758950099349022,0.08241869509220123,0.0096150366589427,0.08118341118097305,0.011825865134596825,0.08375795185565948,0.012727610766887665
469,0.0820290595293045,0.012167125940322876,0.08167169243097305,0.014551479369401932,0.08367262780666351,0.014956326223909855,0.08254005014896393,0.009075299836695194,0.08129683136940002,0.011111898347735405,0.08441954851150513,0.015021828934550285
470,0.08278118818998337,0.014002665877342224,0.0825042724609375,0.011994579806923866,0.08453555405139923,0.01496000774204731,0.0820687860250473,0.011593759059906006,0.08130466192960739,0.009003504179418087,0.0813770741224289,0.013936211355030537
471,0.08229447901248932,0.013292462565004826,0.08308766782283783,0.01347918901592493,0.08571474254131317,0.01583278551697731,0.08431266248226166,0.011925458908081055,0.08452005684375763,0.009690940380096436,0.08345557004213333,0.01313867885619402
472,0.08430641889572144,0.015192900784313679,0.08296588808298111,0.01444430835545063,0.08487188071012497,0.019228534772992134,0.08352456241846085,0.011532655917108059,0.0843539610505104,0.011920127086341381,0.08561916649341583,0.01434131246060133
473,0.08399811387062073,0.014232981018722057,0.08163987100124359,0.01386202871799469,0.08582562208175659,0.019550492987036705,0.08435003459453583,0.011320549063384533,0.080479696393013,0.011715132743120193,0.08513818681240082,0.013723576441407204
474,0.085231252014637,0.01464092917740345,0.08140172809362411,0.013778187334537506,0.08667183667421341,0.017045455053448677,0.0854075700044632,0.010393636301159859,0.07939489930868149,0.010664678178727627,0.08535133302211761,0.012403431348502636
475,0.0858679860830307,0.013093889690935612,0.0803288072347641,0.01247191708534956,0.08563841134309769,0.015776610001921654,0.08433057367801666,0.011988802812993526,0.08203424513339996,0.00941360741853714,0.08666945993900299,0.012556144036352634
476,0.08307953923940659,0.012505047023296356,0.07755710184574127,0.013279039412736893,0.08447469770908356,0.015870297327637672,0.08168117702007294,0.014038453809916973,0.08407652378082275,0.008963081054389477,0.08578412234783173,0.012359214946627617
477,0.08094809949398041,0.011420941911637783,0.07845984399318695,0.01212959922850132,0.08855786919593811,0.014515458606183529,0.08002693951129913,0.013110614381730556,0.0803493782877922,0.011721759103238583,0.08748606592416763,0.010598131455481052
478,0.08139418065547943,0.011564391665160656,0.08006224036216736,0.011538502760231495,0.08740206062793732,0.01389206200838089,0.08176868408918381,0.013900842517614365,0.0810951218008995,0.01197213027626276,0.08610881865024567,0.011042330414056778
479,0.08024841547012329,0.010766834951937199,0.07960351556539536,0.012173611670732498,0.08577985316514969,0.013873916119337082,0.08012683689594269,0.013708817772567272,0.08157660067081451,0.009697860106825829,0.08566469699144363,0.011371267959475517
480,0.08218882232904434,0.012318531051278114,0.07799102365970612,0.013610310852527618,0.08611582219600677,0.014598570764064789,0.08043704181909561,0.012655490078032017,0.08007679879665375,0.008493759669363499,0.08706201612949371,0.012286191806197166
481,0.0815638080239296,0.013601480051875114,0.07952310144901276,0.014433941803872585,0.08590397238731384,0.013531547971069813,0.08170761168003082,0.011242876760661602,0.08223509043455124,0.009009973146021366,0.08796536177396774,0.012350661680102348
482,0.0824599638581276,0.013712924905121326,0.08109661191701889,0.013837055303156376,0.08528593927621841,0.01365549024194479,0.08235815912485123,0.010818074457347393,0.07857529073953629,0.011192897334694862,0.08608891814947128,0.011072637513279915
483,0.08245579898357391,0.013783173635601997,0.08108384907245636,0.013327963650226593,0.08643559366464615,0.012832751497626305,0.08290024846792221,0.010976512916386127,0.08084015548229218,0.010033919475972652,0.08636593818664551,0.012058092281222343
484,0.08068989962339401,0.013596506789326668,0.07996860891580582,0.01316339336335659,0.08734098076820374,0.015127276070415974,0.08459366858005524,0.011738107539713383,0.07994438707828522,0.008840966038405895,0.0888897255063057,0.010934604331851006
485,0.07977470755577087,0.01429735217243433,0.07958347350358963,0.013706250116229057,0.08650007098913193,0.015110563486814499,0.08235185593366623,0.009558374993503094,0.08004925400018692,0.010253404267132282,0.08786623179912567,0.01014917902648449
486,0.08117668330669403,0.014703609049320221,0.07965170592069626,0.011980310082435608,0.08482865989208221,0.01520039327442646,0.08288975059986115,0.009411172941327095,0.07894046604633331,0.009660663083195686,0.08746462315320969,0.00905892625451088
487,0.08081462979316711,0.014059417881071568,0.08134015649557114,0.013023562729358673,0.08587510883808136,0.015439332462847233,0.08351568877696991,0.008361849933862686,0.08037890493869781,0.01097282487899065,0.08713184297084808,0.009733153507113457
488,0.0827130600810051,0.014046547003090382,0.08183944225311279,0.014528326690196991,0.08604573458433151,0.015392744913697243,0.08365751802921295,0.010326624847948551,0.08044322580099106,0.011253689415752888,0.0870923325419426,0.0100823063403368
489,0.08406877517700195,0.013249322772026062,0.08336243778467178,0.013921534642577171,0.08467312902212143,0.013271661475300789,0.08362039178609848,0.01077194418758154,0.08370105177164078,0.01361545268446207,0.08701496571302414,0.009430970065295696
490,0.08016888052225113,0.013340793550014496,0.08586782962083817,0.012965737842023373,0.08613822609186172,0.013121969997882843,0.08482875674962997,0.011811249889433384,0.08357827365398407,0.010482434183359146,0.08714219927787781,0.009796555154025555
491,0.07810316979885101,0.013816206716001034,0.08315607160329819,0.015350681729614735,0.087046317756176,0.012968070805072784,0.08572620153427124,0.014585955068469048,0.08429849147796631,0.010308204218745232,0.08763711154460907,0.01120529044419527
492,0.07991616427898407,0.012866571545600891,0.08411277085542679,0.014248806051909924,0.08650912344455719,0.012956234626471996,0.0854470282793045,0.013507351279258728,0.08419781923294067,0.00986145157366991,0.08744145929813385,0.011316855438053608
493,0.08450734615325928,0.013779595494270325,0.08409936726093292,0.016049427911639214,0.08618611097335815,0.01392420008778572,0.0843343585729599,0.014932103455066681,0.08277900516986847,0.009459126740694046,0.08941714465618134,0.009067868813872337
494,0.08453045785427094,0.012586870230734348,0.08304089307785034,0.014898848719894886,0.08815471827983856,0.012581076472997665,0.08724525570869446,0.012670498341321945,0.08342253416776657,0.010721812956035137,0.08882148563861847,0.010617580264806747
495,0.08338552713394165,0.012950663454830647,0.08202390372753143,0.014393395744264126,0.08570446074008942,0.012832754291594028,0.08897660672664642,0.011474048718810081,0.0819762721657753,0.01295317430049181,0.08932261914014816,0.010669118724763393
496,0.08233730494976044,0.01405260805040598,0.08370237797498703,0.011665896512567997,0.08178361505270004,0.015130308456718922,0.09036888927221298,0.013101988472044468,0.08080344647169113,0.01149472314864397,0.08885448426008224,0.011932979337871075
497,0.0833025649189949,0.013403602875769138,0.08231183141469955,0.014024249278008938,0.08347753435373306,0.013672085478901863,0.08899728953838348,0.011272601783275604,0.0816388726234436,0.009427891112864017,0.08936594426631927,0.01312111597508192
498,0.08210211247205734,0.013005738146603107,0.08429430425167084,0.014607538469135761,0.08314044028520584,0.012453636154532433,0.08493232727050781,0.010267670266330242,0.08310583978891373,0.010070662014186382,0.0888981744647026,0.014529095031321049
499,0.08093090355396271,0.014422527514398098,0.08213967084884644,0.013892552815377712,0.08460204303264618,0.012033742852509022,0.0846698060631752,0.009784074500203133,0.08467583358287811,0.010219658724963665,0.08949736505746841,0.012751657515764236
500,0.08272673934698105,0.014185433275997639,0.08191029727458954,0.015359819866716862,0.08557981997728348,0.010690516792237759,0.08439356088638306,0.011931207962334156,0.08325022459030151,0.01111438125371933,0.08667447417974472,0.01360706053674221
501,0.0848475843667984,0.011805162765085697,0.08284217119216919,0.01568940281867981,0.08871214091777802,0.010518023744225502,0.08400314301252365,0.01163758710026741,0.08317369967699051,0.010911948047578335,0.09105366468429565,0.01370121818035841
502,0.083646759390831,0.012521952390670776,0.0837760791182518,0.014037767425179482,0.08893612772226334,0.009460431523621082,0.08645687252283096,0.010983649641275406,0.08263318985700607,0.009114399552345276,0.09078888595104218,0.015132352709770203
503,0.08286119997501373,0.012069017626345158,0.08460866659879684,0.013238145969808102,0.08850303292274475,0.011200380511581898,0.0859561637043953,0.013040384277701378,0.08142870664596558,0.01010097935795784,0.09070513397455215,0.01285895612090826
504,0.08190210163593292,0.010047642514109612,0.0831921249628067,0.013818570412695408,0.08843044936656952,0.01095438003540039,0.08658123016357422,0.011564484797418118,0.08310312777757645,0.012315797619521618,0.09143395721912384,0.009043073281645775
505,0.0813421756029129,0.010102233849465847,0.08301921933889389,0.013145939446985722,0.08674870431423187,0.011331137269735336,0.08540818840265274,0.01072123646736145,0.0838727205991745,0.010719533078372478,0.09283073991537094,0.010677142068743706
506,0.0820687785744667,0.011222210712730885,0.08393040299415588,0.013024284504354,0.0858183428645134,0.012523514218628407,0.08533751964569092,0.012169945053756237,0.08333048969507217,0.009735249914228916,0.09258867800235748,0.010507086291909218
507,0.08001317083835602,0.013354811817407608,0.08491387218236923,0.015207790769636631,0.08475249260663986,0.011739143170416355,0.08356688916683197,0.012625572271645069,0.08338037133216858,0.010647662915289402,0.09031791985034943,0.011851265095174313
508,0.08039958775043488,0.012962117791175842,0.08509277552366257,0.015004253014922142,0.08420465886592865,0.012104403227567673,0.08564109355211258,0.009741506539285183,0.08115620166063309,0.011540178209543228,0.08950401842594147,0.013125832192599773
509,0.08172886073589325,0.012937815859913826,0.08390317857265472,0.015199162065982819,0.0834544450044632,0.011341284960508347,0.08720487356185913,0.011782152578234673,0.08334173262119293,0.008598187938332558,0.09031935036182404,0.012664640322327614
510,0.08408935368061066,0.012791799381375313,0.0851752758026123,0.014376015402376652,0.08235836029052734,0.011555282399058342,0.08633778244256973,0.012317337095737457,0.08326475322246552,0.00854030717164278,0.09148772805929184,0.011728783138096333
511,0.08421250432729721,0.012297333218157291,0.08724526315927505,0.014073346741497517,0.08272435516119003,0.011262129992246628,0.08586559444665909,0.013392097316682339,0.08411379158496857,0.008955528028309345,0.09131334722042084,0.012353295460343361
512,0.0823783352971077,0.01297532208263874,0.08754169940948486,0.016842443495988846,0.08431098610162735,0.011370625346899033,0.08482564985752106,0.008620264008641243,0.08419056236743927,0.009309052489697933,0.09056158363819122,0.011688402853906155
513,0.08302859216928482,0.012099090032279491,0.08809590339660645,0.015420743264257908,0.08554325997829437,0.009993399493396282,0.0834595337510109,0.011244779452681541,0.08451750874519348,0.011301176622509956,0.0919346958398819,0.011268481612205505
514,0.08412954956293106,0.012586744502186775,0.0860612541437149,0.015668850392103195,0.0848156064748764,0.010198757983744144,0.0829867497086525,0.011079633608460426,0.08528582751750946,0.013159972615540028,0.08967965096235275,0.010116889141499996
515,0.08434662222862244,0.011268094182014465,0.08403517305850983,0.01630745828151703,0.08677991479635239,0.011100403033196926,0.08470715582370758,0.0094297481700778,0.08478900790214539,0.011609923094511032,0.08878283947706223,0.009726140648126602
516,0.08352512866258621,0.012145014479756355,0.08387824147939682,0.015540639869868755,0.08763561397790909,0.0135570727288723,0.08387432247400284,0.011483829468488693,0.08509956300258636,0.010367000475525856,0.090269073843956,0.008764868602156639
517,0.0826914981007576,0.010959788225591183,0.08592622727155685,0.018632013350725174,0.08639772236347198,0.012805205769836903,0.08635780215263367,0.010108725167810917,0.0847594290971756,0.011214151978492737,0.09205804765224457,0.010117162950336933
518,0.08322063088417053,0.012660372070968151,0.08689908683300018,0.017461786046624184,0.08360064029693604,0.012548460625112057,0.0849681869149208,0.011398226954042912,0.08543489873409271,0.009879433549940586,0.0902620404958725,0.01060451753437519
519,0.08457455784082413,0.012806729413568974,0.08578047156333923,0.014833474531769753,0.08436360210180283,0.012378215789794922,0.08406434208154678,0.013048309832811356,0.08453772962093353,0.011938153766095638,0.08991803228855133,0.011446267366409302
520,0.0821271687746048,0.012941425666213036,0.08648058772087097,0.01511284988373518,0.08547718822956085,0.011812719516456127,0.08395086973905563,0.013287469744682312,0.08407742530107498,0.011150837875902653,0.08907509595155716,0.010351669043302536
521,0.08126559108495712,0.011914189904928207,0.08698412030935287,0.014272368513047695,0.08530545979738235,0.01080294419080019,0.08461404591798782,0.013465045019984245,0.0871434360742569,0.013555480167269707,0.090406134724617,0.009195943363010883
522,0.08177420496940613,0.010584976524114609,0.08568151295185089,0.015961315482854843,0.08489193767309189,0.01224490161985159,0.08394419401884079,0.013652117922902107,0.08644832670688629,0.013008608482778072,0.0889657512307167,0.008946418762207031
523,0.08374422788619995,0.010714201256632805,0.08509691059589386,0.015634270384907722,0.0887533649802208,0.01230453047901392,0.08307895064353943,0.013515313155949116,0.08621855080127716,0.012895015999674797,0.08992119133472443,0.008847527205944061
524,0.0810130164027214,0.01205865852534771,0.0857163518667221,0.015737246721982956,0.08757902681827545,0.01124873198568821,0.08458270877599716,0.010914123617112637,0.08466034382581711,0.012278325855731964,0.09014187753200531,0.008751044981181622
525,0.0825229212641716,0.010273810476064682,0.08615013211965561,0.015573063865303993,0.08742041885852814,0.013133805245161057,0.08466818928718567,0.012187841348350048,0.08545824140310287,0.01152530312538147,0.09063946455717087,0.010194148868322372
526,0.08036361634731293,0.01055258046835661,0.08646948635578156,0.015656650066375732,0.08727550506591797,0.012657909654080868,0.08600521832704544,0.00955036748200655,0.08475886285305023,0.011632532812654972,0.09095076471567154,0.010862763971090317
527,0.07969771325588226,0.01092191506177187,0.08753550797700882,0.015034407377243042,0.08860418945550919,0.010409215465188026,0.08522771298885345,0.009632576256990433,0.08692363649606705,0.010676932521164417,0.09026112407445908,0.012350721284747124
528,0.08103366196155548,0.011291448958218098,0.08777503669261932,0.01383904181420803,0.08744285255670547,0.010571412742137909,0.0861792340874672,0.0103646544739604,0.08635546267032623,0.00938334222882986,0.08978709578514099,0.011378271505236626
529,0.08231475204229355,0.011315044946968555,0.09130711853504181,0.01225320529192686,0.08689858019351959,0.009793389588594437,0.08776582777500153,0.009992125444114208,0.08370253443717957,0.011462131515145302,0.0923347994685173,0.008826433680951595
530,0.08367447555065155,0.008888698183000088,0.0889165848493576,0.013599665835499763,0.0860990360379219,0.011763359420001507,0.08600324392318726,0.012158104218542576,0.08445706963539124,0.012129667215049267,0.0914938822388649,0.009791433811187744
531,0.08415909111499786,0.00957944244146347,0.08714477717876434,0.014012486673891544,0.08750326186418533,0.011056034825742245,0.08568689972162247,0.010949834249913692,0.08608326315879822,0.01114459615200758,0.0880962386727333,0.010713023133575916
532,0.08417684584856033,0.008320767432451248,0.087522491812706,0.016040731221437454,0.08806165307760239,0.011129487305879593,0.08866654336452484,0.010258174501359463,0.08624540269374847,0.010348716750741005,0.08937837928533554,0.011970536783337593
533,0.08374384790658951,0.009702407754957676,0.08858337253332138,0.01380941178649664,0.08670168370008469,0.01300048641860485,0.08924239128828049,0.011622213758528233,0.08793171495199203,0.009779717773199081,0.08942298591136932,0.012636321596801281
534,0.08363845199346542,0.01055019348859787,0.0879555270075798,0.01561686396598816,0.08295444399118423,0.012626356445252895,0.08709774166345596,0.01061305683106184,0.08725719898939133,0.010310268960893154,0.08891472220420837,0.012019413523375988
535,0.08568578958511353,0.008860018104314804,0.08793027698993683,0.015105956234037876,0.08662299811840057,0.011359869502484798,0.08988536894321442,0.01443430781364441,0.08846593648195267,0.00996333546936512,0.09041505306959152,0.014143479987978935
536,0.08568238466978073,0.010622032918035984,0.08859565854072571,0.014832733199000359,0.088994100689888,0.009392589330673218,0.08924821764230728,0.013155811466276646,0.0872325524687767,0.009585731662809849,0.08645366132259369,0.012484921142458916
537,0.08456619083881378,0.009278721176087856,0.08826728165149689,0.015869716182351112,0.08711937814950943,0.011372825130820274,0.08884535729885101,0.011626574210822582,0.08822079002857208,0.010085131041705608,0.087846539914608,0.01076947059482336
538,0.0849783718585968,0.010561487637460232,0.08669565618038177,0.014673992060124874,0.08607454597949982,0.011081184260547161,0.08823243528604507,0.011725408025085926,0.08632180839776993,0.009314585477113724,0.08722677826881409,0.009830675087869167
539,0.08516260236501694,0.012736187316477299,0.08609035611152649,0.014528266154229641,0.08598440140485764,0.011994346044957638,0.08647862821817398,0.011637087911367416,0.08587460219860077,0.010179230943322182,0.08845025300979614,0.008830024860799313
540,0.08241532742977142,0.012324239127337933,0.08765667676925659,0.015291779302060604,0.08760051429271698,0.0111723393201828,0.08646587282419205,0.01322854869067669,0.08689336478710175,0.011352675035595894,0.08741539716720581,0.011916348710656166
541,0.08070821315050125,0.012239141389727592,0.0908171683549881,0.014777486212551594,0.08684350550174713,0.010466895066201687,0.0868757963180542,0.012180063873529434,0.08818160742521286,0.010702807456254959,0.08977010101079941,0.013046844862401485
542,0.08291751146316528,0.011683471500873566,0.08721575886011124,0.015631187707185745,0.08541736006736755,0.011288006789982319,0.0890105664730072,0.009929174557328224,0.08662939816713333,0.012012978084385395,0.0896516814827919,0.010982557199895382
543,0.081902876496315,0.010212569497525692,0.08527655899524689,0.014603212475776672,0.08618542551994324,0.010577375069260597,0.08658353984355927,0.01055107917636633,0.08646759390830994,0.01196165382862091,0.0891454890370369,0.01015830971300602
544,0.08329664915800095,0.010854817926883698,0.08752548694610596,0.01299945916980505,0.08513201773166656,0.00930566992610693,0.0882938951253891,0.010042283684015274,0.08598412573337555,0.013783846981823444,0.09192836284637451,0.008462555706501007
545,0.08519423007965088,0.008386597037315369,0.08680859208106995,0.014852331951260567,0.08525749295949936,0.009836616925895214,0.08859099447727203,0.011070476844906807,0.0870150551199913,0.010687895119190216,0.09366367757320404,0.00826891977339983
546,0.08719901740550995,0.008752970024943352,0.0861734002828598,0.015233521349728107,0.08552371710538864,0.010295250453054905,0.08807320892810822,0.010348239913582802,0.08885214477777481,0.009599338285624981,0.09378454834222794,0.008828523568809032
547,0.08638344705104828,0.009220728650689125,0.08465559035539627,0.01657840982079506,0.08511055260896683,0.011086742393672466,0.0861552506685257,0.0109336506575346,0.09053654968738556,0.008311288431286812,0.09122294187545776,0.009088355116546154
548,0.08357691019773483,0.00785114523023367,0.08745012432336807,0.016522761434316635,0.0836159735918045,0.01007259450852871,0.08587509393692017,0.009214296005666256,0.08844329416751862,0.009384242817759514,0.09088398516178131,0.011057843454182148
549,0.08310315757989883,0.010453320108354092,0.08615641295909882,0.016654374077916145,0.08544239401817322,0.009026073850691319,0.08831403404474258,0.00874918419867754,0.08788104355335236,0.010188126936554909,0.09053774178028107,0.012100735679268837
550,0.0849427580833435,0.010340605862438679,0.08541054278612137,0.014417559839785099,0.08632458001375198,0.009896546602249146,0.08890391886234283,0.009606890380382538,0.08865422010421753,0.010203295387327671,0.08987133204936981,0.009969283826649189
551,0.08352764695882797,0.011196285486221313,0.08462847024202347,0.013003917410969734,0.08721227943897247,0.01036217249929905,0.08918604254722595,0.008204089477658272,0.08789347112178802,0.012147681787610054,0.08815395832061768,0.01116627361625433
552,0.08331296592950821,0.013111896812915802,0.08669568598270416,0.013002368621528149,0.08789237588644028,0.012766237370669842,0.08911317586898804,0.009146274998784065,0.08853602409362793,0.011959646828472614,0.08998417854309082,0.009334205649793148
553,0.08218346536159515,0.010965145193040371,0.08469890803098679,0.01103233266621828,0.08747755736112595,0.012160276062786579,0.08961673825979233,0.009307799860835075,0.08763525635004044,0.014041824266314507,0.09184922277927399,0.009773542173206806
554,0.08279982954263687,0.01077044103294611,0.08755682408809662,0.012319899164140224,0.08716924488544464,0.01116133201867342,0.08848807960748672,0.008372658863663673,0.08979462832212448,0.012131256982684135,0.09027429670095444,0.011213298887014389
555,0.08262535184621811,0.01300846878439188,0.08960284292697906,0.010963790118694305,0.08605720102787018,0.0110044339671731,0.08805398643016815,0.008018366061151028,0.08847816288471222,0.013343575410544872,0.09101442992687225,0.009024862200021744
556,0.08345447480678558,0.013521023094654083,0.08755140006542206,0.010320043191313744,0.08762455731630325,0.009313196875154972,0.08759720623493195,0.01080226805061102,0.09085670858621597,0.011374108493328094,0.09134859591722488,0.012665428221225739
557,0.0846233144402504,0.012568606063723564,0.08742807805538177,0.012399894185364246,0.08765820413827896,0.010869662277400494,0.0879720002412796,0.0105525441467762,0.08985499292612076,0.01380229089409113,0.09224105626344681,0.010278047062456608
558,0.08678234368562698,0.009548284113407135,0.0859028548002243,0.012075952254235744,0.08827836066484451,0.011000514961779118,0.08678390830755234,0.01067274808883667,0.08854329586029053,0.012060691602528095,0.0918007344007492,0.010370955802500248
559,0.08680310100317001,0.010307664051651955,0.08640407770872116,0.012730007991194725,0.09044438600540161,0.011050816625356674,0.0878610610961914,0.011388175189495087,0.08893312513828278,0.01100605633109808,0.09231412410736084,0.010089424438774586
560,0.0850328579545021,0.009615857154130936,0.08685268461704254,0.013143590651452541,0.09075161814689636,0.011681945063173771,0.08629859238862991,0.012926459312438965,0.08819939196109772,0.011063102632761002,0.09187013655900955,0.009921183809638023
561,0.08355163782835007,0.00899144820868969,0.08770807087421417,0.013812539167702198,0.09031807631254196,0.00898564513772726,0.08639764785766602,0.012611395679414272,0.08750627934932709,0.01257406361401081,0.09391047060489655,0.011501198634505272
562,0.08300523459911346,0.011448193341493607,0.08761776983737946,0.010338669642806053,0.09006313234567642,0.010013500228524208,0.08729822933673859,0.012237840332090855,0.08829037845134735,0.013859004713594913,0.09309522807598114,0.008684391155838966
563,0.08336003124713898,0.012691626325249672,0.08691904693841934,0.012844682671129704,0.08986257016658783,0.0086463438346982,0.08651620149612427,0.013665138743817806,0.09109185636043549,0.012549884617328644,0.09389234334230423,0.009765035472810268
564,0.08459877222776413,0.010327116586267948,0.0857585072517395,0.012031902559101582,0.08980358392000198,0.00980318896472454,0.08934815227985382,0.009596605785191059,0.09153620153665543,0.012644368223845959,0.09297630190849304,0.009490041062235832
565,0.08738087862730026,0.01116096880286932,0.08738437294960022,0.012509449385106564,0.08903839439153671,0.010395605117082596,0.08856533467769623,0.009801060892641544,0.09032753109931946,0.012000242248177528,0.09334037452936172,0.007840016856789589
566,0.08666100353002548,0.011902213096618652,0.08751164376735687,0.011949807405471802,0.08902449905872345,0.008769841864705086,0.09001781791448593,0.011554809287190437,0.0889398604631424,0.010888720862567425,0.09149602800607681,0.008732295595109463
567,0.08528359979391098,0.012580093927681446,0.08920692652463913,0.011853781528770924,0.0889367088675499,0.0078249117359519,0.0905420109629631,0.010366533882915974,0.09125703573226929,0.01183335855603218,0.09183381497859955,0.011764714494347572
568,0.08515404164791107,0.010703489184379578,0.09038693457841873,0.012104181572794914,0.08921051025390625,0.00992007926106453,0.08936305344104767,0.010676461271941662,0.09080392867326736,0.012997628189623356,0.09173544496297836,0.011814996600151062
569,0.08483175933361053,0.011385392397642136,0.0900207906961441,0.011468040756881237,0.08969265967607498,0.009910127148032188,0.08941926062107086,0.011723733507096767,0.08949414640665054,0.013451285660266876,0.09120341390371323,0.010692209005355835
570,0.08494999259710312,0.010610803961753845,0.08872631192207336,0.013082864694297314,0.08791723847389221,0.009788835421204567,0.09035878628492355,0.011290750466287136,0.09216929227113724,0.01327545940876007,0.08996839821338654,0.010654531419277191
571,0.08539184182882309,0.014229005202651024,0.0877787172794342,0.012658579275012016,0.08693865686655045,0.008851835504174232,0.08892957121133804,0.011852825060486794,0.09497307986021042,0.012685555033385754,0.09034176170825958,0.008293134160339832
572,0.08623235672712326,0.012395787052810192,0.08950779587030411,0.011696414090692997,0.08744708448648453,0.009812281467020512,0.08704660832881927,0.011456054635345936,0.09262432157993317,0.01261651236563921,0.0913216695189476,0.009320222772657871
573,0.08703173696994781,0.010818727314472198,0.08944915980100632,0.01284702681005001,0.09022936224937439,0.007872405461966991,0.08783499896526337,0.010636379010975361,0.0911431759595871,0.013949417509138584,0.09153180569410324,0.009842755272984505
574,0.08836952596902847,0.011318915523588657,0.087860606610775,0.011796842329204082,0.09210151433944702,0.008495032787322998,0.08792561292648315,0.010999863967299461,0.09263741225004196,0.013969888910651207,0.09226541221141815,0.010908665135502815
575,0.0896909162402153,0.011091383174061775,0.08804593235254288,0.01042846217751503,0.09243068844079971,0.009374656714498997,0.09038667380809784,0.010734571143984795,0.09234069287776947,0.013798861764371395,0.09235142916440964,0.011086777783930302
576,0.08790682256221771,0.011355633847415447,0.08835715800523758,0.010051175020635128,0.092331163585186,0.009893150068819523,0.08871380239725113,0.011983097530901432,0.09194203466176987,0.012170559726655483,0.09140215814113617,0.011762785725295544
577,0.08996842056512833,0.010943502187728882,0.08926268666982651,0.012517250142991543,0.09043559432029724,0.008548594079911709,0.08854107558727264,0.012127015739679337,0.09143786132335663,0.011792520992457867,0.09283020347356796,0.012209215201437473
578,0.09070400893688202,0.01052403450012207,0.08806482702493668,0.011423502117395401,0.0909927636384964,0.008513420820236206,0.08879845589399338,0.011587847955524921,0.09065212309360504,0.013149536214768887,0.09084035456180573,0.009660016745328903
579,0.08901186287403107,0.010052121244370937,0.08760275691747665,0.012073476798832417,0.0900021493434906,0.00992598757147789,0.08876293897628784,0.012239702977240086,0.0890810638666153,0.01267010997980833,0.09362845867872238,0.010910761542618275
580,0.08763502538204193,0.012873346917331219,0.08677922189235687,0.0136047238484025,0.08789683878421783,0.011229216121137142,0.09134668111801147,0.012429894879460335,0.08856714516878128,0.012257169000804424,0.09098712354898453,0.010673432610929012
581,0.08767427504062653,0.010440398007631302,0.09013193845748901,0.011251463554799557,0.08894772827625275,0.01137979794293642,0.09324241429567337,0.013141906820237637,0.0896875336766243,0.010559432208538055,0.09169857203960419,0.011284252628684044
582,0.08940019458532333,0.010343964211642742,0.0895378589630127,0.010023853741586208,0.08994252234697342,0.012670773081481457,0.093326136469841,0.012711044400930405,0.09123488515615463,0.010069823823869228,0.09070169180631638,0.01122328918427229
583,0.08921153843402863,0.009877491742372513,0.089962437748909,0.01034532580524683,0.09033203125,0.010716034099459648,0.09326063096523285,0.013106951490044594,0.09099279344081879,0.009472659789025784,0.09041048586368561,0.011525873094797134
584,0.08899031579494476,0.01033005304634571,0.09082308411598206,0.008924613706767559,0.09018658101558685,0.01211782917380333,0.09301383048295975,0.012089339084923267,0.0925707072019577,0.008542897179722786,0.08956637978553772,0.01054675504565239
585,0.09061877429485321,0.010311763733625412,0.09041067957878113,0.008073526434600353,0.09009315073490143,0.00888789538294077,0.0922694206237793,0.013285226188600063,0.09194019436836243,0.009290846064686775,0.08942549675703049,0.010644553229212761
586,0.08912847936153412,0.01115885004401207,0.09100993722677231,0.008892708458006382,0.08945909887552261,0.00939855445176363,0.0934225395321846,0.012575034983456135,0.09078533947467804,0.008669578470289707,0.09185142815113068,0.010628166608512402
587,0.08852522075176239,0.011666583828628063,0.09065070748329163,0.009885911829769611,0.0884479507803917,0.010880193673074245,0.09363112598657608,0.010791603475809097,0.08827618509531021,0.010161430574953556,0.08972761034965515,0.01100420393049717
588,0.08976837992668152,0.012204962782561779,0.08875692635774612,0.009319842793047428,0.08709864318370819,0.00952902715653181,0.09415662288665771,0.011241198517382145,0.08742106705904007,0.011709088459610939,0.0920606255531311,0.009914529509842396
589,0.08944068849086761,0.013206852599978447,0.0903899073600769,0.009233572520315647,0.08529192954301834,0.00943827722221613,0.09099400788545609,0.010740621015429497,0.08937478065490723,0.01140450406819582,0.09156996756792068,0.007642065174877644
590,0.08935505151748657,0.011051539331674576,0.09114459902048111,0.009615963324904442,0.08760492503643036,0.008695757016539574,0.08802391588687897,0.011260952800512314,0.08998777717351913,0.013100432232022285,0.08936263620853424,0.008860530331730843
591,0.09118331968784332,0.010019101202487946,0.09053769707679749,0.00968155637383461,0.0882849246263504,0.009733783081173897,0.0881572812795639,0.009261887520551682,0.0900464802980423,0.011945927515625954,0.08946195244789124,0.009354661218822002
592,0.09155461937189102,0.01253410242497921,0.09024778753519058,0.008660053834319115,0.08709414303302765,0.00959801021963358,0.0884583368897438,0.009874733164906502,0.09083382785320282,0.010627257637679577,0.09210557490587234,0.009513799101114273
593,0.08930022269487381,0.011567902751266956,0.09043906629085541,0.007997458800673485,0.0856812447309494,0.008354892022907734,0.08984704315662384,0.010015360079705715,0.09107547253370285,0.009831874631345272,0.09024059772491455,0.010528319515287876
594,0.08990699052810669,0.012008088640868664,0.0899774506688118,0.008109595626592636,0.08537515997886658,0.008137598633766174,0.08977913111448288,0.008010074496269226,0.09222511202096939,0.008950863964855671,0.09161816537380219,0.009322191588580608
595,0.09037421643733978,0.01288263313472271,0.08782773464918137,0.008368194103240967,0.08787982165813446,0.00871517788618803,0.08982372283935547,0.008819104172289371,0.09419785439968109,0.008959818631410599,0.09179477393627167,0.009384449571371078
596,0.08837517350912094,0.011225023306906223,0.0899006575345993,0.008552041836082935,0.0868939533829689,0.00997733324766159,0.08901853859424591,0.008969909511506557,0.09328458458185196,0.008615267463028431,0.09354919195175171,0.010010099038481712
597,0.0884547084569931,0.011752300895750523,0.0891011580824852,0.010363616049289703,0.08656374365091324,0.010288598015904427,0.09134437143802643,0.007891750894486904,0.09276504814624786,0.008965798653662205,0.09437450766563416,0.01054786704480648
598,0.08786047995090485,0.010283136740326881,0.08856458216905594,0.008616642095148563,0.08578245341777802,0.01138066966086626,0.09169202297925949,0.008871419355273247,0.09247813373804092,0.010342094115912914,0.09479954838752747,0.010358906351029873
599,0.09040836989879608,0.012086022645235062,0.08951546996831894,0.00967581756412983,0.0877128317952156,0.01144144032150507,0.09152605384588242,0.009402681142091751,0.09468622505664825,0.00977165438234806,0.09342016279697418,0.010335484519600868
600,0.08984377980232239,0.01248439121991396,0.08826900273561478,0.01097729243338108,0.08685186505317688,0.010476460680365562,0.09057562053203583,0.009675289504230022,0.0923323780298233,0.011593293398618698,0.09135953336954117,0.010493329726159573
601,0.09063981473445892,0.012687615118920803,0.09092986583709717,0.008975791744887829,0.08769311010837555,0.01042866799980402,0.09024789184331894,0.009823196567595005,0.09331987798213959,0.011311385780572891,0.09238256514072418,0.01096173282712698
602,0.0902693122625351,0.013492192141711712,0.09170942008495331,0.007588967680931091,0.09032898396253586,0.00943264365196228,0.0922139436006546,0.008826440200209618,0.0927937924861908,0.01194400992244482,0.09276624023914337,0.010925830341875553
603,0.0918126255273819,0.015911368653178215,0.08827115595340729,0.008446965366601944,0.09000173211097717,0.010045291855931282,0.09332786500453949,0.010614546947181225,0.0936465784907341,0.010767755098640919,0.090936578810215,0.010248313657939434
604,0.08938637375831604,0.013043058104813099,0.09137370437383652,0.008428310044109821,0.08908765017986298,0.010924690403044224,0.09195659309625626,0.010846877470612526,0.0927213504910469,0.009566903114318848,0.09208425134420395,0.008781000971794128
605,0.09096332639455795,0.01426152978092432,0.09169135987758636,0.009645229205489159,0.08983170241117477,0.010539590381085873,0.09015577286481857,0.01134262140840292,0.09272335469722748,0.009697667323052883,0.09145229309797287,0.008986592292785645
606,0.09007636457681656,0.012264300137758255,0.09218482673168182,0.009492247365415096,0.08967284858226776,0.011152828112244606,0.08941422402858734,0.012470717541873455,0.09205043315887451,0.010286815464496613,0.09212471544742584,0.009337171912193298
607,0.0915374606847763,0.01308715995401144,0.08947329968214035,0.008375300094485283,0.09149257838726044,0.010293479077517986,0.08939924091100693,0.012112353928387165,0.09432218968868256,0.009179373271763325,0.09316227585077286,0.010410908609628677
608,0.08968881517648697,0.0105567816644907,0.08863775432109833,0.00818365253508091,0.09303631633520126,0.00847836583852768,0.09058026224374771,0.011588438414037228,0.09195654094219208,0.010538123548030853,0.09274787455797195,0.010164596140384674
609,0.08840804547071457,0.012919384054839611,0.08739537745714188,0.008701111190021038,0.09153370559215546,0.00924527645111084,0.0917118564248085,0.009811975061893463,0.09200911223888397,0.009247534908354282,0.09261420369148254,0.0083730174228549
610,0.08786500990390778,0.013258405029773712,0.08768276870250702,0.008005306124687195,0.0909249484539032,0.009781738743185997,0.09252384305000305,0.011737551540136337,0.09298240393400192,0.010058531537652016,0.09295542538166046,0.008029056712985039
611,0.09060429036617279,0.011051471345126629,0.08839812874794006,0.008955329656600952,0.09090368449687958,0.010523092932999134,0.09205280989408493,0.012537704780697823,0.09314612299203873,0.008692838251590729,0.09299729764461517,0.00812784768640995
612,0.090604268014431,0.009462903253734112,0.08827874064445496,0.008632251061499119,0.09180476516485214,0.010422288440167904,0.0917527824640274,0.012804283760488033,0.0945265144109726,0.01006079837679863,0.09298591315746307,0.007192845456302166
613,0.089291051030159,0.009275843389332294,0.0879577249288559,0.010205795988440514,0.09063798934221268,0.0109367361292243,0.09279324114322662,0.010374760255217552,0.09374695271253586,0.01007946114987135,0.09045475721359253,0.007896168157458305
614,0.08764342963695526,0.01025889441370964,0.08817212283611298,0.010027484968304634,0.09020687639713287,0.010153673589229584,0.09158016741275787,0.011053723283112049,0.09349425882101059,0.01149021927267313,0.09159654378890991,0.009306054562330246
615,0.0921156033873558,0.009089889004826546,0.0876326784491539,0.009109444916248322,0.08991427719593048,0.010895355604588985,0.09260652959346771,0.011520490981638432,0.09374713152647018,0.01260407269001007,0.09339044988155365,0.009522726759314537
616,0.09188740700483322,0.01118377223610878,0.08950487524271011,0.00773715740069747,0.09079713374376297,0.009406725876033306,0.09105297178030014,0.011783153750002384,0.09185432642698288,0.0110395522788167,0.09452757239341736,0.009266034699976444
617,0.09195859730243683,0.009160591289401054,0.08878503739833832,0.00896711740642786,0.0891476422548294,0.009879223071038723,0.09301124513149261,0.00982694048434496,0.09184710681438446,0.00966804102063179,0.09433243423700333,0.008683061227202415
618,0.09279544651508331,0.008336051367223263,0.08770065009593964,0.009220822714269161,0.08972041308879852,0.009543119929730892,0.09312558174133301,0.008287262171506882,0.09288594871759415,0.009509547613561153,0.094180628657341,0.010703564621508121
619,0.09162745624780655,0.010264751501381397,0.08637942373752594,0.008346183225512505,0.08760790526866913,0.009980715811252594,0.09260674566030502,0.008408096618950367,0.09464297443628311,0.009385434910655022,0.09340250492095947,0.010671638883650303
620,0.09122311323881149,0.010393486358225346,0.08736936002969742,0.009043092839419842,0.08842087537050247,0.009336082264780998,0.09174364060163498,0.009034603834152222,0.0944049209356308,0.009846566244959831,0.09305069595575333,0.011654024012386799
621,0.09148366749286652,0.012319211848080158,0.08994241803884506,0.010281647555530071,0.0892820805311203,0.00894331093877554,0.09443874657154083,0.008013286627829075,0.09294752776622772,0.008319349028170109,0.09086525440216064,0.011681750416755676
622,0.09131589531898499,0.012614737264811993,0.08916424214839935,0.00910017266869545,0.09139057993888855,0.0087136784568429,0.09278202056884766,0.008294174447655678,0.09108108282089233,0.009130003862082958,0.09192604571580887,0.011820675805211067
623,0.09167522192001343,0.012105122208595276,0.08774792402982712,0.009104310534894466,0.09192870557308197,0.010563287883996964,0.09426261484622955,0.007477323990315199,0.09266570955514908,0.007892945781350136,0.09156711399555206,0.010197792202234268
624,0.0919078066945076,0.013926422223448753,0.08969055861234665,0.009508810006082058,0.09297540038824081,0.010364003479480743,0.09438221156597137,0.010230394080281258,0.09385118633508682,0.011011064983904362,0.09035131335258484,0.00948876142501831
625,0.08944569528102875,0.013458294793963432,0.08885926008224487,0.007854031398892403,0.09156954288482666,0.01206449419260025,0.09357569366693497,0.009887917898595333,0.09382128715515137,0.011861363425850868,0.09158698469400406,0.008970461785793304
626,0.09096428006887436,0.015420565381646156,0.09008347243070602,0.00956659484654665,0.09140431880950928,0.011253226548433304,0.09339119493961334,0.00880243070423603,0.09196607023477554,0.010429758578538895,0.09273386001586914,0.00813201256096363
627,0.0921059250831604,0.014372589997947216,0.09088437259197235,0.010087672621011734,0.09201714396476746,0.012849862687289715,0.09204120934009552,0.01017354428768158,0.09152168035507202,0.010027071461081505,0.09372697025537491,0.00843397993594408
628,0.09196178615093231,0.013285444118082523,0.09437917917966843,0.009439261630177498,0.08903990685939789,0.01293795183300972,0.09464515745639801,0.00977539923042059,0.09407925605773926,0.009734153747558594,0.09245924651622772,0.007449092343449593
629,0.09296180307865143,0.01202960591763258,0.09368035197257996,0.008677019737660885,0.08680993318557739,0.011660977266728878,0.09309059381484985,0.010481754317879677,0.09406916052103043,0.011098715476691723,0.09305105358362198,0.008422480896115303
630,0.09372160583734512,0.01162472553551197,0.0925586149096489,0.008393039926886559,0.08759945631027222,0.011778486892580986,0.09346237033605576,0.012411494739353657,0.09396293014287949,0.010539889335632324,0.09271888434886932,0.008866648189723492
631,0.0922992080450058,0.011007959954440594,0.09113068878650665,0.008015688508749008,0.08868314325809479,0.012151824310421944,0.09347260743379593,0.010563718155026436,0.09451509267091751,0.010697885416448116,0.0926278680562973,0.00974193960428238
632,0.09405310451984406,0.00950254313647747,0.08988912403583527,0.00793371070176363,0.0897582471370697,0.010376420803368092,0.09278853982686996,0.012366333045065403,0.09262395650148392,0.009191606193780899,0.09316357225179672,0.009760767221450806
633,0.09217245131731033,0.011191780678927898,0.09102945774793625,0.00836903601884842,0.08986872434616089,0.011100775562226772,0.0933099314570427,0.01151217520236969,0.09410159289836884,0.008439765311777592,0.09318339824676514,0.011493203230202198
634,0.09172452986240387,0.012396899983286858,0.09256229549646378,0.009676007553935051,0.09088127315044403,0.011548642069101334,0.0941937118768692,0.007677079644054174,0.09468910843133926,0.008791415952146053,0.09530510753393173,0.010069840587675571
635,0.0906209871172905,0.014691402204334736,0.0914393737912178,0.009278615936636925,0.0903443768620491,0.00911103654652834,0.09268458932638168,0.008111516945064068,0.09285318106412888,0.00805160216987133,0.095701202750206,0.00884487945586443
636,0.09257210791110992,0.014397375285625458,0.09047715365886688,0.01080355979502201,0.09172575175762177,0.007604590617120266,0.09164277464151382,0.009108489379286766,0.09437326341867447,0.009152323007583618,0.0937647894024849,0.010172256268560886
637,0.09392884373664856,0.014469879679381847,0.09038515388965607,0.010524523444473743,0.0905914455652237,0.008799423463642597,0.09204086661338806,0.00945327989757061,0.09383074194192886,0.00792672485113144,0.0923035591840744,0.010579061694443226
638,0.09126965701580048,0.012289057485759258,0.09140154719352722,0.009737950749695301,0.08996842801570892,0.009266512468457222,0.09332691133022308,0.009318385273218155,0.09300639480352402,0.007901656441390514,0.09134722501039505,0.010873885825276375
639,0.091166652739048,0.011251124553382397,0.09230231493711472,0.01153500284999609,0.09031467139720917,0.009024192579090595,0.09243147075176239,0.009166567586362362,0.09253810346126556,0.008347460068762302,0.09144632518291473,0.0105189373716712
640,0.09185981750488281,0.011907817795872688,0.09224559366703033,0.01474966760724783,0.09035060554742813,0.00933170411735773,0.09129266440868378,0.009505696594715118,0.09185153245925903,0.007993968203663826,0.09154443442821503,0.011637856252491474
641,0.09149154275655746,0.01260306779295206,0.09124153852462769,0.012547964230179787,0.08916249871253967,0.008499044924974442,0.08886883407831192,0.010400603525340557,0.0926927775144577,0.009163341484963894,0.09202077984809875,0.009802985936403275
642,0.09315462410449982,0.011051243171095848,0.09024897962808609,0.010904288850724697,0.09085997939109802,0.008225705474615097,0.08977283537387848,0.011783082038164139,0.09371253848075867,0.008569549769163132,0.09456152468919754,0.009763682261109352
643,0.0928914025425911,0.011434167623519897,0.09160662442445755,0.01074960082769394,0.09044943749904633,0.006408967077732086,0.09221452474594116,0.012836259789764881,0.09466581791639328,0.009784025140106678,0.0932956412434578,0.00926966406404972
644,0.09355150163173676,0.012988255359232426,0.09160953760147095,0.010244136676192284,0.0918625071644783,0.007187281269580126,0.09250620752573013,0.011104542762041092,0.09414969384670258,0.009798898361623287,0.09376692026853561,0.008853415958583355
645,0.0937591940164566,0.013934411108493805,0.09120036661624908,0.010897043161094189,0.09110625833272934,0.006182439625263214,0.09222742915153503,0.011731988750398159,0.09309059381484985,0.009631513617932796,0.0949191227555275,0.009194636717438698
646,0.09315859526395798,0.010873302817344666,0.0917682945728302,0.009179945103824139,0.09285913407802582,0.007222706452012062,0.09074170887470245,0.01272131409496069,0.09275378286838531,0.00994082074612379,0.09410884231328964,0.008819248527288437
647,0.09470151364803314,0.00955815240740776,0.09337078034877777,0.011103884316980839,0.09130485355854034,0.007708946708589792,0.0903678834438324,0.011396011337637901,0.09158708155155182,0.009547465480864048,0.09297706931829453,0.008667080663144588
648,0.09331236034631729,0.010837703943252563,0.09129796922206879,0.011860890313982964,0.09050807356834412,0.008678684942424297,0.09244444221258163,0.0111399469897151,0.0921408012509346,0.008611389435827732,0.09413623809814453,0.009278022684156895
649,0.09125728905200958,0.010220086202025414,0.09417866170406342,0.01120930165052414,0.09227817505598068,0.008392813615500927,0.09334925562143326,0.010194182395935059,0.09447262436151505,0.009796425700187683,0.09505750238895416,0.010410872288048267
650,0.09253104031085968,0.010614488273859024,0.0940125435590744,0.011767898686230183,0.09273623675107956,0.00907213892787695,0.09229127317667007,0.009662478230893612,0.09462698549032211,0.009348851628601551,0.094857357442379,0.010735302232205868
651,0.09224700927734375,0.008648849092423916,0.09226583689451218,0.012443821877241135,0.09349344670772552,0.008771519176661968,0.09212956577539444,0.010747778229415417,0.0937441736459732,0.009538944810628891,0.09499166160821915,0.010722493752837181
652,0.09210226684808731,0.010325637646019459,0.09251052886247635,0.012472410686314106,0.09269566833972931,0.007863754406571388,0.0932529866695404,0.009369097650051117,0.09289966523647308,0.007076939567923546,0.09478578716516495,0.01096244715154171
653,0.09278707206249237,0.012054910883307457,0.0931883156299591,0.01210323628038168,0.09237644076347351,0.008959094993770123,0.09321843087673187,0.009775513783097267,0.09394420683383942,0.004703081212937832,0.09480493515729904,0.011886078864336014
654,0.09035763144493103,0.011611967347562313,0.0922149270772934,0.012650176882743835,0.09365513175725937,0.008702578954398632,0.093269944190979,0.01031631138175726,0.09219880402088165,0.005078630521893501,0.0958452969789505,0.010322224348783493
655,0.09078237414360046,0.010567397810518742,0.09065182507038116,0.012229721061885357,0.09388900548219681,0.008949380367994308,0.09327317774295807,0.009554036892950535,0.09402783215045929,0.005837573669850826,0.09535539150238037,0.010842876508831978
656,0.08994940668344498,0.010975713841617107,0.09108953177928925,0.012506209313869476,0.09457707405090332,0.008626558817923069,0.09475579112768173,0.0115573825314641,0.0967884212732315,0.005212775431573391,0.09529772400856018,0.010668402537703514
657,0.08975304663181305,0.010639463551342487,0.08924299478530884,0.012591160833835602,0.09391123056411743,0.00882006250321865,0.09633154422044754,0.010645762085914612,0.09661264717578888,0.005332628730684519,0.09448207914829254,0.01014139223843813
658,0.09111027419567108,0.01115796435624361,0.08939062058925629,0.013439360074698925,0.09289543330669403,0.009597782976925373,0.09649612754583359,0.011122950352728367,0.09536422044038773,0.005731095559895039,0.09397143125534058,0.008501159027218819
659,0.09258554130792618,0.010880903340876102,0.09224963188171387,0.014305018819868565,0.09451746940612793,0.008855273947119713,0.09683935344219208,0.010913471691310406,0.09423121064901352,0.006056235171854496,0.09522639960050583,0.009027581661939621
660,0.0921412780880928,0.01266192551702261,0.0925375446677208,0.013997423462569714,0.09367644041776657,0.009793642908334732,0.09693697839975357,0.011214176192879677,0.0939851626753807,0.007710556499660015,0.09375028312206268,0.010092047043144703
661,0.09160677343606949,0.010507381521165371,0.09273327887058258,0.015133618377149105,0.09320445358753204,0.011223015375435352,0.09516163170337677,0.01083257608115673,0.095843106508255,0.007013137452304363,0.09216762334108353,0.008893469348549843
662,0.09342633187770844,0.010730212554335594,0.09195656329393387,0.015025957487523556,0.09222947806119919,0.010635795071721077,0.0957123413681984,0.010198085568845272,0.09519818425178528,0.007337410002946854,0.0931241363286972,0.010257922112941742
663,0.09220167994499207,0.01117364689707756,0.09217123687267303,0.013622555881738663,0.09240160882472992,0.008457139134407043,0.09481579065322876,0.01048814132809639,0.09485490620136261,0.007135522086173296,0.09227567911148071,0.010045764036476612
664,0.09188632667064667,0.010231775231659412,0.09248577058315277,0.015024336986243725,0.0934782549738884,0.007392705883830786,0.09503917396068573,0.01039464958012104,0.09583967179059982,0.0065820408053696156,0.09235231578350067,0.009831848554313183
665,0.09243294596672058,0.010029387660324574,0.09167150408029556,0.01441026758402586,0.09452398121356964,0.006323869805783033,0.09516540914773941,0.011001299135386944,0.09718738496303558,0.004991890862584114,0.0928998664021492,0.010561139322817326
666,0.09265656769275665,0.012294163927435875,0.0924568921327591,0.014770946465432644,0.09467057883739471,0.007057981565594673,0.09398486465215683,0.011642164550721645,0.09687314927577972,0.003428521566092968,0.09294884651899338,0.009365027770400047
667,0.09241986274719238,0.013374065048992634,0.09333489835262299,0.014669878408312798,0.09236614406108856,0.007131347898393869,0.09320426732301712,0.011337898671627045,0.09742282330989838,0.003855605609714985,0.09341832250356674,0.009167716838419437
668,0.09295503795146942,0.01224908884614706,0.09286181628704071,0.014385699294507504,0.09239087998867035,0.007689904887229204,0.09468139708042145,0.009933087043464184,0.09630189836025238,0.004739164840430021,0.09135662019252777,0.009518587030470371
669,0.09359624981880188,0.012588858604431152,0.09262021631002426,0.01359932217746973,0.09405933320522308,0.006261809729039669,0.09518666565418243,0.009418556466698647,0.09541673958301544,0.004858209285885096,0.09230364859104156,0.01039179228246212
670,0.09280550479888916,0.01257583312690258,0.09345802664756775,0.01444337796419859,0.09351809322834015,0.006109246984124184,0.09288802742958069,0.010944541543722153,0.09421247243881226,0.0058568669483065605,0.09229826182126999,0.00888462457805872
671,0.0918845385313034,0.01239126455038786,0.09228356182575226,0.014725469052791595,0.0946032777428627,0.007770244497805834,0.09392710030078888,0.011574242264032364,0.09466724097728729,0.006269641686230898,0.09288885444402695,0.009848258458077908
672,0.09240872412919998,0.010017570108175278,0.09197257459163666,0.0139469588175416,0.09429630637168884,0.00935679767280817,0.09390251338481903,0.011169487610459328,0.09387142211198807,0.005862579680979252,0.09368760138750076,0.01068908628076315
673,0.09392936527729034,0.010613095946609974,0.09174295514822006,0.01410877238959074,0.09156359732151031,0.009731542319059372,0.09560646116733551,0.010338887572288513,0.09281761944293976,0.005998504813760519,0.09462617337703705,0.011351753026247025
674,0.0968659371137619,0.0083528533577919,0.09106551110744476,0.01348078902810812,0.09423225373029709,0.010033679194748402,0.09465178102254868,0.010608467273414135,0.09411545097827911,0.006872166879475117,0.09423352777957916,0.011264920234680176
675,0.09550678730010986,0.008597617968916893,0.09198814630508423,0.013633991591632366,0.0946536436676979,0.010048722848296165,0.09317024052143097,0.01026854570955038,0.09455378353595734,0.005254132207483053,0.09537389874458313,0.010662183165550232
676,0.09395863860845566,0.00823348667472601,0.09092794358730316,0.01437283307313919,0.09352841228246689,0.008634604513645172,0.09638353437185287,0.011045397259294987,0.09567349404096603,0.00714145926758647,0.09288493543863297,0.010879935696721077
677,0.09332724660634995,0.007711511570960283,0.09103268384933472,0.013661216013133526,0.09349078685045242,0.010172396898269653,0.09537412971258163,0.00981924682855606,0.095555379986763,0.0060189408250153065,0.0911606177687645,0.011942884884774685
678,0.09270424395799637,0.008330471813678741,0.09092389047145844,0.013984421268105507,0.09443332254886627,0.011513026431202888,0.09450511634349823,0.009501486085355282,0.09628452360630035,0.005254148039966822,0.09169898927211761,0.011664601042866707
679,0.09124769270420074,0.009962721727788448,0.09167645126581192,0.013688996434211731,0.09427709132432938,0.011832279153168201,0.09636550396680832,0.009362954646348953,0.09564012289047241,0.0051448410376906395,0.0925629585981369,0.010644607245922089
680,0.09229006618261337,0.009197214618325233,0.09022577106952667,0.015275444835424423,0.09359903633594513,0.011435376480221748,0.09379272162914276,0.011015105061233044,0.09626791626214981,0.004684104584157467,0.09283354133367538,0.01028828788548708
681,0.09237677603960037,0.010904435068368912,0.09052641689777374,0.015066297724843025,0.09478829801082611,0.009548312053084373,0.09445174038410187,0.011677809059619904,0.09703659266233444,0.006895110011100769,0.09272391349077225,0.009242388419806957
682,0.09212034195661545,0.011485474184155464,0.09055833518505096,0.01599440723657608,0.09582673758268356,0.008966698311269283,0.09477996081113815,0.011289097368717194,0.0960732251405716,0.006498224101960659,0.09471538662910461,0.009476830251514912
683,0.0919153168797493,0.01097239088267088,0.0913567990064621,0.015175430104136467,0.09315185993909836,0.008564508520066738,0.09339942783117294,0.012649381533265114,0.09710647165775299,0.006476524285972118,0.09511959552764893,0.010230903513729572
684,0.09239466488361359,0.01144272182136774,0.09120126068592072,0.015901874750852585,0.09345851838588715,0.008679180406033993,0.09447947144508362,0.01157299429178238,0.09616129845380783,0.005275067873299122,0.0938110277056694,0.009878573007881641
685,0.09310146421194077,0.011150105856359005,0.09208325296640396,0.015368985012173653,0.0949672982096672,0.009825333021581173,0.09445847570896149,0.009782201610505581,0.09762078523635864,0.005895050708204508,0.09378710389137268,0.011413661763072014
686,0.09408710896968842,0.010157047770917416,0.09013456106185913,0.014584371820092201,0.09500894695520401,0.010787957347929478,0.09395967423915863,0.009795400314033031,0.09825769066810608,0.006740063428878784,0.09374094754457474,0.01084979996085167
687,0.09352344274520874,0.008532959036529064,0.09279765188694,0.014545021578669548,0.0936611145734787,0.010848372243344784,0.09547015279531479,0.009840489365160465,0.09793731570243835,0.006976197473704815,0.09547679126262665,0.011974142864346504
688,0.09544352442026138,0.008843306452035904,0.0923791155219078,0.0156079838052392,0.09348151087760925,0.012053185142576694,0.09667474031448364,0.009815656580030918,0.09556181728839874,0.00787405390292406,0.09636728465557098,0.012575743719935417
689,0.09382589161396027,0.008808360435068607,0.09251571446657181,0.015988178551197052,0.0929890125989914,0.011747845448553562,0.09608861804008484,0.009734722785651684,0.0957387164235115,0.006152104586362839,0.09541986882686615,0.013086465187370777
690,0.0965362936258316,0.007322482764720917,0.09242509305477142,0.014507008716464043,0.093742236495018,0.01055195927619934,0.09671144187450409,0.011592752300202847,0.09631428867578506,0.0051411897875368595,0.09408430755138397,0.012015887536108494
691,0.09365452826023102,0.008245550096035004,0.09387774020433426,0.014944390393793583,0.09513764083385468,0.010613958351314068,0.09633670002222061,0.011383061297237873,0.09581267088651657,0.004301822278648615,0.0932970941066742,0.011999103240668774
692,0.0928245335817337,0.007306775078177452,0.09298072755336761,0.014719372615218163,0.09466228634119034,0.010901153087615967,0.09664088487625122,0.010740458033978939,0.09448128938674927,0.00646975077688694,0.0940178781747818,0.011430014856159687
693,0.09158119559288025,0.00870733056217432,0.09288126230239868,0.014320246875286102,0.09644550085067749,0.011638946831226349,0.09566037356853485,0.00997439306229353,0.09492027014493942,0.005787902045994997,0.09452441334724426,0.011856909841299057
694,0.09036485850811005,0.007723346818238497,0.09197717159986496,0.014132589101791382,0.09551133215427399,0.010777369141578674,0.09623599052429199,0.00916125625371933,0.09577930718660355,0.004595219623297453,0.09598961472511292,0.011869833804666996
695,0.09198831766843796,0.007766774855554104,0.09116410464048386,0.015010601840913296,0.09482128173112869,0.011453027836978436,0.09672712534666061,0.009506337344646454,0.09568493068218231,0.005297758616507053,0.0938224121928215,0.01140059158205986
696,0.09266038239002228,0.007599128410220146,0.09191180020570755,0.01571662165224552,0.09516988694667816,0.011584946885704994,0.09670181572437286,0.00956514198333025,0.09678398072719574,0.005475790239870548,0.09459350258111954,0.01138866413384676
697,0.09052331000566483,0.008847225457429886,0.0935143381357193,0.015673601999878883,0.09563154727220535,0.012943957932293415,0.0980333685874939,0.008260255679488182,0.09729290008544922,0.007683875504881144,0.09439240396022797,0.01168745569884777
698,0.09225690364837646,0.009623023681342602,0.09351614117622375,0.014975775964558125,0.09482545405626297,0.012770744040608406,0.09698951989412308,0.008665337227284908,0.097641721367836,0.007653999608010054,0.09461794793605804,0.012666155584156513
699,0.09351766109466553,0.008901421912014484,0.09337588399648666,0.015574383549392223,0.09566773474216461,0.013203827664256096,0.09711189568042755,0.00873646605759859,0.09752978384494781,0.007546123117208481,0.0954120010137558,0.0115610146895051
700,0.09411967545747757,0.007919369265437126,0.09389445930719376,0.015296604484319687,0.09633022546768188,0.013537761755287647,0.09663855284452438,0.008682691492140293,0.09562182426452637,0.007759978994727135,0.09547837823629379,0.011963577009737492
