X,TD_mean,TD_std,TD+NOV_mean,TD+NOV_std,TD+UNC_mean,TD+UNC_std,FULL_mean,FULL_std,MULT_mean,MULT_std,GATE_mean,GATE_std
1,0.6756908297538757,0.0315994955599308,0.6756963729858398,0.03159932419657707,0.6757379770278931,0.0315965972840786,0.6757434606552124,0.031596455723047256,0.6755574941635132,0.03159929811954498,0.6757351160049438,0.03159693256020546
2,0.5071114897727966,0.034824833273887634,0.5071152448654175,0.034823231399059296,0.5071955919265747,0.0348169207572937,0.5071985125541687,0.034816887229681015,0.5069350600242615,0.0348602756857872,0.5071873664855957,0.03481686860322952
3,0.29062387347221375,0.06156979128718376,0.2907356023788452,0.06141015514731407,0.29086288809776306,0.06141608580946922,0.2908651530742645,0.06141730397939682,0.2903873026371002,0.06157786399126053,0.29084834456443787,0.06141534075140953
4,0.10484062135219574,0.044680800288915634,0.10488508641719818,0.0446280911564827,0.1049276813864708,0.04464942216873169,0.1049414873123169,0.044643204659223557,0.10465371608734131,0.04465281590819359,0.10491864383220673,0.0446479432284832
5,0.05287223309278488,0.019882356747984886,0.05295296758413315,0.019932523369789124,0.052972037345170975,0.019939811900258064,0.05297218635678291,0.019940508529543877,0.05286442115902901,0.019701777026057243,0.05294228717684746,0.0199261587113142
6,0.07081986218690872,0.022052085027098656,0.07082076370716095,0.021922694519162178,0.07075638324022293,0.02206915058195591,0.07075323909521103,0.022069299593567848,0.06959854066371918,0.020046954974532127,0.0708218663930893,0.02198721654713154
7,0.05303352326154709,0.007373470813035965,0.05304407328367233,0.007360158488154411,0.0528624951839447,0.00721095921471715,0.05287483334541321,0.007218359503895044,0.053212493658065796,0.008020076900720596,0.05284282565116882,0.007265562657266855
8,0.10270416736602783,0.051667239516973495,0.10272350162267685,0.05166717618703842,0.10261289030313492,0.052108392119407654,0.1025351732969284,0.052150171250104904,0.10282962024211884,0.05107119679450989,0.10258430242538452,0.05214664712548256
9,0.05372227355837822,0.009567143395543098,0.05384872481226921,0.009641221724450588,0.05359172075986862,0.009442475624382496,0.053520310670137405,0.009411480277776718,0.05311356857419014,0.010104875080287457,0.05353822559118271,0.00941371638327837
10,0.07420271635055542,0.03884420543909073,0.07469044625759125,0.038483574986457825,0.07464449107646942,0.038025420159101486,0.07423761487007141,0.03842853754758835,0.0741191953420639,0.03876662626862526,0.07472248375415802,0.037996359169483185
11,0.09380047768354416,0.05674266442656517,0.0940714105963707,0.056557632982730865,0.09434497356414795,0.05620663985610008,0.09512469917535782,0.055740438401699066,0.09380768239498138,0.05153631791472435,0.09453489631414413,0.056067198514938354
12,0.10399998724460602,0.06583888828754425,0.10435964912176132,0.06568723917007446,0.10479690879583359,0.06711643934249878,0.10501579940319061,0.06628009676933289,0.1064627394080162,0.06797392666339874,0.10440392792224884,0.06733892112970352
13,0.10640059411525726,0.05329540744423866,0.10680137574672699,0.053259529173374176,0.10683075338602066,0.05165077745914459,0.10492201894521713,0.04757663607597351,0.09325627237558365,0.027541449293494225,0.10551397502422333,0.05178792029619217
14,0.15250316262245178,0.07721270620822906,0.1522645503282547,0.07713835686445236,0.15277962386608124,0.07767581194639206,0.15059472620487213,0.07818148285150528,0.18288740515708923,0.10252188891172409,0.1532762348651886,0.07841307669878006
15,0.2356622964143753,0.11938954144716263,0.2351137399673462,0.1201603040099144,0.23465871810913086,0.11998912692070007,0.23608458042144775,0.12064595520496368,0.21923604607582092,0.12734080851078033,0.23455309867858887,0.12010577321052551
16,0.15022939443588257,0.12754738330841064,0.1527060568332672,0.12617127597332,0.15324300527572632,0.12522946298122406,0.15512236952781677,0.12481654435396194,0.1539851576089859,0.12432663887739182,0.15046772360801697,0.12655022740364075
17,0.23656705021858215,0.12296619266271591,0.23679408431053162,0.12341465055942535,0.23506207764148712,0.12259988486766815,0.23380239307880402,0.12347833067178726,0.23244425654411316,0.106687992811203,0.2352907955646515,0.12200158089399338
18,0.18984976410865784,0.09509138017892838,0.1920638531446457,0.09192728996276855,0.19347965717315674,0.09340459853410721,0.19222959876060486,0.09170934557914734,0.1971258670091629,0.09373507648706436,0.18936140835285187,0.09839951246976852
19,0.23594161868095398,0.18763424456119537,0.23824651539325714,0.18783822655677795,0.23874810338020325,0.18575894832611084,0.2402941882610321,0.18286778032779694,0.2425140142440796,0.18406842648983002,0.23602092266082764,0.18484961986541748
20,0.2088683843612671,0.1147753968834877,0.21112065017223358,0.11661043018102646,0.21306581795215607,0.1140551045536995,0.2142416536808014,0.11259423941373825,0.2126408815383911,0.11605239659547806,0.20944154262542725,0.11037076264619827
21,0.15023502707481384,0.06626037508249283,0.15446937084197998,0.0646127462387085,0.14892926812171936,0.0671161338686943,0.14977113902568817,0.06715322285890579,0.14912277460098267,0.0679127648472786,0.14488811790943146,0.06893837451934814
22,0.19354744255542755,0.1674404889345169,0.19439271092414856,0.16956380009651184,0.1929256170988083,0.17105670273303986,0.2007485330104828,0.1691541224718094,0.1925300806760788,0.163660928606987,0.19180335104465485,0.16465812921524048
23,0.284929096698761,0.2592296898365021,0.2820107340812683,0.2615283131599426,0.2845270037651062,0.2589370608329773,0.2839696705341339,0.25957053899765015,0.286712646484375,0.26884540915489197,0.2839721143245697,0.25867506861686707
24,0.15491056442260742,0.10641545057296753,0.16111181676387787,0.10619204491376877,0.1593906283378601,0.1074225902557373,0.1558668315410614,0.10621488839387894,0.13183221220970154,0.08424471318721771,0.15576261281967163,0.10958848893642426
25,0.256252259016037,0.24424432218074799,0.2606249451637268,0.24214136600494385,0.2567588686943054,0.24031485617160797,0.25494134426116943,0.23627756536006927,0.25730404257774353,0.23946170508861542,0.2540491819381714,0.24458913505077362
26,0.14130926132202148,0.10883168131113052,0.14699387550354004,0.10703683644533157,0.14710843563079834,0.10355319082736969,0.1451619416475296,0.10460104793310165,0.13195040822029114,0.1057308241724968,0.14496251940727234,0.10383356362581253
27,0.1837334781885147,0.16323378682136536,0.18113704025745392,0.1623631864786148,0.18018637597560883,0.1595519632101059,0.17963138222694397,0.16035185754299164,0.22462201118469238,0.17855946719646454,0.18261560797691345,0.15885023772716522
28,0.36312609910964966,0.2570357024669647,0.3667874038219452,0.2646094858646393,0.3735719323158264,0.2644308805465698,0.36921393871307373,0.2600546181201935,0.32985180616378784,0.2709425687789917,0.37256187200546265,0.26491981744766235
29,0.26914408802986145,0.27664101123809814,0.26699376106262207,0.27740001678466797,0.2606806457042694,0.2725420892238617,0.2643544375896454,0.2769654095172882,0.30269840359687805,0.2826972007751465,0.261781245470047,0.26634740829467773
30,0.30354875326156616,0.23268195986747742,0.29821547865867615,0.23731327056884766,0.2947481572628021,0.2425883710384369,0.2942204475402832,0.23876212537288666,0.31259751319885254,0.22382411360740662,0.29776740074157715,0.23717401921749115
31,0.16252373158931732,0.13932549953460693,0.15952882170677185,0.1349680870771408,0.15925242006778717,0.13411635160446167,0.15740808844566345,0.13446331024169922,0.16549082100391388,0.1344395875930786,0.16289781033992767,0.1359175145626068
32,0.27136266231536865,0.31106263399124146,0.27170366048812866,0.3113192319869995,0.2691924571990967,0.31495580077171326,0.26672014594078064,0.3116947412490845,0.272532194852829,0.3180035650730133,0.2680780589580536,0.3126486539840698
33,0.1610252559185028,0.14621932804584503,0.15802274644374847,0.14921331405639648,0.16652719676494598,0.14461679756641388,0.1650068461894989,0.14588668942451477,0.16909079253673553,0.14765314757823944,0.20672254264354706,0.17926496267318726
34,0.21079345047473907,0.23658734560012817,0.1708875596523285,0.22353067994117737,0.17115846276283264,0.2232952117919922,0.17141187191009521,0.22307735681533813,0.16940262913703918,0.22807981073856354,0.16978338360786438,0.22255158424377441
35,0.12730073928833008,0.1264658272266388,0.16510014235973358,0.16029879450798035,0.16450753808021545,0.15008562803268433,0.1272740662097931,0.11433341354131699,0.1346934288740158,0.11786050349473953,0.16647715866565704,0.15675979852676392
36,0.16384558379650116,0.2356458455324173,0.20875608921051025,0.2506546974182129,0.16265395283699036,0.23462341725826263,0.16693511605262756,0.233032688498497,0.1689775288105011,0.2381269633769989,0.16687852144241333,0.2370033860206604
37,0.11892546713352203,0.11876800656318665,0.12489242851734161,0.1191742941737175,0.1796131730079651,0.1768665760755539,0.12920644879341125,0.11951573938131332,0.13652336597442627,0.12023834139108658,0.17234238982200623,0.17186617851257324
38,0.1330501139163971,0.12702573835849762,0.13748207688331604,0.12811170518398285,0.13615725934505463,0.12623177468776703,0.13261641561985016,0.12894132733345032,0.09602934867143631,0.021062901243567467,0.13930293917655945,0.12596911191940308
39,0.17688126862049103,0.16999348998069763,0.21868284046649933,0.20339056849479675,0.21482841670513153,0.207143172621727,0.21599319577217102,0.20817962288856506,0.2112211287021637,0.1999630182981491,0.21359267830848694,0.19733457267284393
40,0.17992857098579407,0.1758878529071808,0.22291751205921173,0.20451761782169342,0.2791803479194641,0.32444074749946594,0.27144256234169006,0.31669700145721436,0.2828235924243927,0.31237390637397766,0.32769426703453064,0.3286606967449188
41,0.24137763679027557,0.23166820406913757,0.20444829761981964,0.20550766587257385,0.18730942904949188,0.19307580590248108,0.23911237716674805,0.23483334481716156,0.25041815638542175,0.22909164428710938,0.1458103060722351,0.155912846326828
42,0.42894020676612854,0.2885059714317322,0.38120681047439575,0.30438804626464844,0.33830878138542175,0.31088897585868835,0.3847004771232605,0.3039241433143616,0.33647850155830383,0.3081369400024414,0.33626875281333923,0.31236445903778076
43,0.32905587553977966,0.39852720499038696,0.32990342378616333,0.4016673266887665,0.3359881043434143,0.4062245488166809,0.32909926772117615,0.4038112163543701,0.32900118827819824,0.3813057243824005,0.38699471950531006,0.4071302115917206
44,0.3961971700191498,0.31561577320098877,0.34658893942832947,0.3284657597541809,0.3403069078922272,0.32317039370536804,0.34509310126304626,0.3245849311351776,0.39737051725387573,0.41434356570243835,0.34091219305992126,0.32212355732917786
45,0.3040549159049988,0.23730255663394928,0.2545809745788574,0.22781820595264435,0.24086645245552063,0.22857578098773956,0.2464732676744461,0.22471484541893005,0.2511318325996399,0.23307831585407257,0.24938523769378662,0.22735218703746796
46,0.257073312997818,0.2462182492017746,0.3043590784072876,0.2653912901878357,0.25790348649024963,0.24391570687294006,0.2487877607345581,0.23752713203430176,0.2609404921531677,0.2410374879837036,0.3133123815059662,0.2670840620994568
47,0.15210440754890442,0.1558731198310852,0.2086523473262787,0.20936068892478943,0.21154217422008514,0.20694191753864288,0.20804905891418457,0.20098423957824707,0.19758260250091553,0.20105910301208496,0.15723048150539398,0.15246593952178955
48,0.14157643914222717,0.14713935554027557,0.14345094561576843,0.15002129971981049,0.19771425426006317,0.2050427943468094,0.14170393347740173,0.14854615926742554,0.09179136902093887,0.017361732199788094,0.2450258731842041,0.324905127286911
49,0.09685393422842026,0.014869916252791882,0.1500060111284256,0.16829322278499603,0.15741363167762756,0.1591237187385559,0.09602266550064087,0.017428627237677574,0.1478707492351532,0.1527750939130783,0.15814939141273499,0.15993423759937286
50,0.09595828503370285,0.016496900469064713,0.0943063348531723,0.01613738387823105,0.2599620819091797,0.35604622960090637,0.2076684981584549,0.3356029689311981,0.2094447910785675,0.3226999044418335,0.09978403896093369,0.0203878041356802
51,0.324809193611145,0.3955434262752533,0.32718977332115173,0.3847716748714447,0.37810176610946655,0.3796473443508148,0.31440991163253784,0.37651893496513367,0.4042662978172302,0.3896099925041199,0.38601553440093994,0.38504356145858765
52,0.10253622382879257,0.021096045151352882,0.10590650141239166,0.02764919400215149,0.10541979968547821,0.021966973319649696,0.10124769061803818,0.019984019920229912,0.10816782712936401,0.0299052931368351,0.11497391760349274,0.02044120617210865
53,0.2747355103492737,0.37730011343955994,0.21283459663391113,0.35582461953163147,0.2153981626033783,0.3648413419723511,0.21241667866706848,0.3661629557609558,0.2185283601284027,0.3647010028362274,0.2796787619590759,0.3853948712348938
54,0.33198970556259155,0.29135623574256897,0.33564305305480957,0.2989982068538666,0.38487157225608826,0.28437578678131104,0.3387692868709564,0.30173802375793457,0.28551602363586426,0.2835575342178345,0.38872772455215454,0.38244906067848206
55,0.17149710655212402,0.19971491396427155,0.22121568024158478,0.22998686134815216,0.33179470896720886,0.2868731617927551,0.2915368676185608,0.28382962942123413,0.3578118681907654,0.28949010372161865,0.1693284809589386,0.1877833604812622
56,0.3584810793399811,0.2817215919494629,0.3576551079750061,0.2958245277404785,0.24733856320381165,0.2392607182264328,0.3056384027004242,0.27320265769958496,0.2947733998298645,0.2805156111717224,0.2373158186674118,0.2359655499458313
57,0.3662680387496948,0.4127981662750244,0.29407212138175964,0.380153089761734,0.28934404253959656,0.3703235387802124,0.28999000787734985,0.3787078261375427,0.2243921309709549,0.2491934448480606,0.331519216299057,0.38523244857788086
58,0.30256691575050354,0.40241357684135437,0.3058774769306183,0.39776724576950073,0.305375874042511,0.4161108136177063,0.3689061105251312,0.4277290403842926,0.497144877910614,0.4977455735206604,0.48656558990478516,0.6233398914337158
59,0.37097495794296265,0.44405287504196167,0.2997426688671112,0.4156138598918915,0.3717867136001587,0.4181373715400696,0.3055954575538635,0.4204259216785431,0.3686758577823639,0.44121259450912476,0.3589426577091217,0.42025938630104065
60,0.4952150285243988,0.43188372254371643,0.606543242931366,0.6087777018547058,0.5390833616256714,0.4957455098628998,0.6135048866271973,0.48861801624298096,0.5738105773925781,0.5427722334861755,0.36832496523857117,0.4254036843776703
61,0.47014284133911133,0.7235401272773743,0.28030869364738464,0.29300427436828613,0.23019912838935852,0.2522934675216675,0.2911030352115631,0.2740844190120697,0.22542229294776917,0.24798105657100677,0.36867642402648926,0.3121265470981598
62,0.19330599904060364,0.20448510348796844,0.24264732003211975,0.26030048727989197,0.29945456981658936,0.39114630222320557,0.24545307457447052,0.27461954951286316,0.24577796459197998,0.27081552147865295,0.30751699209213257,0.28784555196762085
63,0.09569613635540009,0.025280969217419624,0.16156725585460663,0.20023807883262634,0.1682346612215042,0.1929907500743866,0.08966867625713348,0.018999269232153893,0.18717588484287262,0.2347143441438675,0.1672644466161728,0.20107761025428772
64,0.16302524507045746,0.19394943118095398,0.15725503861904144,0.19767120480537415,0.2273457795381546,0.269506573677063,0.2396651953458786,0.27025362849235535,0.2275686264038086,0.2595188319683075,0.16444328427314758,0.1969129890203476
65,0.3999063968658447,0.3196410536766052,0.5285226106643677,0.44261568784713745,0.38404497504234314,0.3504038155078888,0.3942309021949768,0.3464638888835907,0.30144140124320984,0.3024279475212097,0.3328697681427002,0.35738781094551086
66,0.30105775594711304,0.3107839524745941,0.29320618510246277,0.2934144139289856,0.2896338701248169,0.3099326193332672,0.2247355431318283,0.27845731377601624,0.18353620171546936,0.20523929595947266,0.36945730447769165,0.4861263036727905
67,0.3710392415523529,0.3167547881603241,0.37330135703086853,0.3406426012516022,0.36928272247314453,0.32650402188301086,0.38796234130859375,0.31818249821662903,0.30775880813598633,0.29494166374206543,0.4304761290550232,0.3379027545452118
68,0.16067442297935486,0.2146899402141571,0.16851738095283508,0.210090771317482,0.17956875264644623,0.23108576238155365,0.09204642474651337,0.020346950739622116,0.11583713442087173,0.07227444648742676,0.23492124676704407,0.27499014139175415
69,0.24990034103393555,0.2721044719219208,0.396676242351532,0.33811435103416443,0.3873818516731262,0.3628985285758972,0.39070966839790344,0.3419575095176697,0.5104346871376038,0.4150847792625427,0.3890250325202942,0.45472437143325806
70,0.23254354298114777,0.4246692359447479,0.17650434374809265,0.18393826484680176,0.261373907327652,0.2692868411540985,0.24126040935516357,0.27465975284576416,0.19063353538513184,0.20226798951625824,0.14875593781471252,0.09186789393424988
71,0.4651859700679779,0.5793172717094421,0.4398402273654938,0.5728647112846375,0.3330143690109253,0.45716163516044617,0.4582694172859192,0.5714577436447144,0.5211166143417358,0.576612114906311,0.38735702633857727,0.5648624300956726
72,0.3812662661075592,0.4630987048149109,0.38632237911224365,0.4705778956413269,0.33366265892982483,0.3471769094467163,0.38030198216438293,0.35029172897338867,0.22915777564048767,0.2968482971191406,0.37831297516822815,0.3568037748336792
73,0.38597527146339417,0.35731083154678345,0.3309668004512787,0.32499298453330994,0.39476680755615234,0.4773659408092499,0.3238413631916046,0.3347490131855011,0.3908533453941345,0.3587597608566284,0.4622856676578522,0.37943893671035767
74,0.5244733095169067,0.4800286591053009,0.23172128200531006,0.30116716027259827,0.611197829246521,0.494768351316452,0.544741153717041,0.6076558828353882,0.6700202822685242,0.6372669339179993,0.3968893885612488,0.5196564197540283
75,0.2426406443119049,0.29260915517807007,0.16446994245052338,0.22978395223617554,0.3090134263038635,0.3437756299972534,0.26343831419944763,0.2979295253753662,0.24476948380470276,0.30441519618034363,0.4711272716522217,0.3663570284843445
76,0.25329190492630005,0.3203423321247101,0.18526732921600342,0.21543145179748535,0.5463660955429077,0.5064937472343445,0.5377920866012573,0.5077558755874634,0.24022357165813446,0.4598062336444855,0.500940203666687,0.5088726878166199
77,0.25403666496276855,0.47615355253219604,0.11296112835407257,0.039308518171310425,0.24410371482372284,0.30688056349754333,0.47227129340171814,0.3677319884300232,0.1761511266231537,0.2219831794500351,0.16585798561573029,0.21648165583610535
78,0.24787671864032745,0.3000216782093048,0.4024788737297058,0.49960365891456604,0.6336625218391418,0.7418537139892578,0.5504897832870483,0.6761682033538818,0.3852435350418091,0.6995543241500854,0.6420544385910034,0.7694896459579468
79,0.24136507511138916,0.31949347257614136,0.17605085670948029,0.21790330111980438,0.4583653509616852,0.5108482241630554,0.2370445430278778,0.30629995465278625,0.16599559783935547,0.21934188902378082,0.2327500879764557,0.3176161050796509
80,0.34000423550605774,0.35053518414497375,0.2641066014766693,0.32280704379081726,0.18295107781887054,0.22376570105552673,0.08339431881904602,0.02510971575975418,0.19902992248535156,0.2523462772369385,0.2667918801307678,0.3088749051094055
81,0.16154006123542786,0.2313503473997116,0.1740095615386963,0.22678697109222412,0.17569787800312042,0.2702842354774475,0.3503672480583191,0.39113131165504456,0.40661248564720154,0.5055533051490784,0.40774935483932495,0.3780857026576996
82,0.26664894819259644,0.31003260612487793,0.2465418577194214,0.31122326850891113,0.0913613885641098,0.03460368886590004,0.3965534269809723,0.5242726802825928,0.24324533343315125,0.308584988117218,0.32048216462135315,0.33658793568611145
83,0.4122057855129242,0.5312376618385315,0.5672949552536011,0.5422215461730957,0.4878527522087097,0.5370532274246216,0.48675337433815,0.5458909273147583,0.4764229357242584,0.5400044322013855,0.569471001625061,0.6556999683380127
84,0.5571449995040894,0.7364231944084167,0.5669513940811157,0.7174229621887207,0.7247475981712341,0.6820603609085083,0.3489178419113159,0.4954896867275238,0.40642786026000977,0.7173683047294617,0.1647404134273529,0.22876830399036407
85,0.34095481038093567,0.5361256003379822,0.16590780019760132,0.23497694730758667,0.16088895499706268,0.2272649109363556,0.35105082392692566,0.537947416305542,0.17643892765045166,0.27509889006614685,0.3951054811477661,0.7143785357475281
86,0.3156765103340149,0.3706095218658447,0.3317059278488159,0.3647317886352539,0.1726858913898468,0.24428778886795044,0.3303915560245514,0.3678165078163147,0.1669057011604309,0.24162554740905762,0.33367258310317993,0.36473190784454346
87,0.4767492711544037,0.5482951402664185,0.24148866534233093,0.31828850507736206,0.16051355004310608,0.24340642988681793,0.42094478011131287,0.41554397344589233,0.3328607678413391,0.3673955798149109,0.3126077651977539,0.3744245171546936
88,0.3288775682449341,0.38891711831092834,0.2459392100572586,0.30537518858909607,0.4111630916595459,0.5462205410003662,0.10744631290435791,0.05616764724254608,0.40858903527259827,0.4216865599155426,0.34481391310691833,0.37412720918655396
89,0.4201638102531433,0.37469929456710815,0.41014018654823303,0.5122773051261902,0.7746752500534058,0.7257139682769775,0.3325375020503998,0.397696316242218,0.16936857998371124,0.27632081508636475,0.6669889688491821,0.9951257705688477
90,0.5043524503707886,0.4068889319896698,0.4231105446815491,0.41478100419044495,0.2470104992389679,0.33678415417671204,0.30389755964279175,0.3206890821456909,0.49246102571487427,0.38736844062805176,0.42402154207229614,0.5395236611366272
91,0.4129702150821686,0.5545021295547485,0.4853622019290924,0.5745192766189575,0.32070523500442505,0.5404009819030762,0.3293963670730591,0.39393165707588196,0.233754962682724,0.3345780670642853,0.572968602180481,0.8794764876365662
92,0.1808306723833084,0.2766661047935486,0.08000339567661285,0.026022212579846382,0.1742086261510849,0.24432778358459473,0.32996875047683716,0.3931737542152405,0.2592475116252899,0.36412668228149414,0.33666834235191345,0.39205002784729004
93,0.4127825200557709,0.4127311110496521,0.4185826778411865,0.4068414270877838,0.6018475294113159,0.5766271352767944,0.33270591497421265,0.38329577445983887,0.4458358883857727,0.3899553716182709,0.2384396344423294,0.3491653800010681
94,0.2454867660999298,0.3406873345375061,0.5922384262084961,0.6953731775283813,0.5111004710197449,0.5797426700592041,0.24115090072155,0.34607675671577454,0.34085002541542053,0.5625600218772888,0.24467787146568298,0.5139085650444031
95,0.3201475739479065,0.553012490272522,0.25461867451667786,0.5116391181945801,0.5119189023971558,0.5741720199584961,0.4272381365299225,0.7038257122039795,0.4970851540565491,0.4257260262966156,0.3451087176799774,0.5862626433372498
96,0.23138567805290222,0.5441893339157104,0.32786884903907776,0.5564888715744019,0.07660499960184097,0.022255873307585716,0.18651673197746277,0.25705021619796753,0.0709921345114708,0.025911616161465645,0.2556518018245697,0.33157458901405334
97,0.1590268760919571,0.2711944878101349,0.14884820580482483,0.25697341561317444,0.3366585373878479,0.5635803937911987,0.15001747012138367,0.2595798969268799,0.3385554552078247,0.5601181387901306,0.15255285799503326,0.2612230181694031
98,0.06676836311817169,0.02397790364921093,0.16689154505729675,0.26105427742004395,0.1652228832244873,0.26749956607818604,0.42743152379989624,0.5765829682350159,0.3446197807788849,0.5759167671203613,0.3739888072013855,0.4636175036430359
99,0.26546770334243774,0.33998027443885803,0.3413928151130676,0.40397754311561584,0.31935518980026245,0.37345951795578003,0.35368749499320984,0.41515010595321655,0.1716504693031311,0.24541568756103516,0.25096040964126587,0.33896195888519287
100,0.447518527507782,0.5987837314605713,0.44070473313331604,0.6049060821533203,0.1871870458126068,0.26128023862838745,0.553024172782898,0.4261362850666046,0.44590920209884644,0.5861445069313049,0.26857632398605347,0.35027846693992615
101,0.4562419056892395,0.7278875112533569,0.5203624367713928,0.7377475500106812,0.6592045426368713,0.7741798758506775,0.4315122663974762,0.6208809018135071,0.5774587392807007,0.7946091890335083,0.24701878428459167,0.3566782772541046
102,0.2651875615119934,0.35473087430000305,0.289728045463562,0.3506859838962555,0.09559173882007599,0.04616151005029678,0.2293693721294403,0.2509995102882385,0.07667593657970428,0.03588266670703888,0.36291950941085815,0.4123367965221405
103,0.2759556770324707,0.34191060066223145,0.17995229363441467,0.255179762840271,0.25259074568748474,0.3477582335472107,0.28263455629348755,0.3653876781463623,0.2076631784439087,0.29055100679397583,0.4502970278263092,0.617622435092926
104,0.33729657530784607,0.5970371961593628,0.4381136894226074,0.5999160408973694,0.25390592217445374,0.35409238934516907,0.23269498348236084,0.3527635335922241,0.4451944828033447,0.7195070385932922,0.338595449924469,0.42690104246139526
105,0.3616454303264618,0.4445991516113281,0.2514634430408478,0.3667420744895935,0.26935333013534546,0.3525921404361725,0.37976521253585815,0.41790342330932617,0.6318780779838562,0.7267361283302307,0.45809683203697205,0.6271046996116638
106,0.3611903190612793,0.45331814885139465,0.4574764370918274,0.44341927766799927,0.4417719841003418,0.6279928088188171,0.6511885523796082,0.6277366876602173,0.363307386636734,0.40278127789497375,0.8196724057197571,0.689256489276886
107,0.37218064069747925,0.4423958957195282,0.08514881879091263,0.02640686370432377,0.2483336627483368,0.3600675165653229,0.1529681235551834,0.27259549498558044,0.19218504428863525,0.3036462068557739,0.5208277106285095,0.45068204402923584
108,0.16087600588798523,0.2619834840297699,0.24789097905158997,0.37391409277915955,0.24919962882995605,0.37620094418525696,0.24687258899211884,0.3724207878112793,0.362766832113266,0.41053056716918945,0.7220998406410217,0.726428210735321
109,0.6634403467178345,0.7474405169487,0.4490526616573334,0.629846453666687,0.2769392728805542,0.5817160606384277,0.453174889087677,0.6279880404472351,0.7324147820472717,0.7330021262168884,0.5437467098236084,0.7798861265182495
110,0.3433048129081726,0.6004272103309631,0.44921842217445374,0.46791598200798035,0.5498314499855042,0.6416530013084412,0.18320344388484955,0.27654391527175903,0.21710017323493958,0.2818826735019684,0.3530234098434448,0.45910584926605225
111,0.35268571972846985,0.43477562069892883,0.44412294030189514,0.4671226739883423,0.6310320496559143,0.7623461484909058,0.35934287309646606,0.42830514907836914,0.3797174096107483,0.42933663725852966,0.5435237884521484,0.6049191355705261
112,0.3572370409965515,0.6097699403762817,0.45706504583358765,0.4876668155193329,0.28257837891578674,0.5729786157608032,0.5469464063644409,0.6436557769775391,0.2766221761703491,0.36987245082855225,0.3788490891456604,0.4536498486995697
113,0.5770810842514038,0.9215036630630493,0.28793349862098694,0.40312662720680237,0.40939760208129883,0.4644232392311096,0.18562696874141693,0.2930165231227875,0.29262587428092957,0.3880902826786041,0.27210429310798645,0.6015560626983643
114,0.2849794626235962,0.3925245702266693,0.4616484045982361,0.47953253984451294,0.6692043542861938,0.8902203440666199,0.2789773643016815,0.39770233631134033,0.4134760797023773,0.4603024125099182,0.29492276906967163,0.381258100271225
115,0.26137131452560425,0.3835068941116333,0.27752238512039185,0.3782874047756195,0.44552531838417053,0.4585822820663452,0.4724453389644623,0.48183518648147583,0.2781963348388672,0.5911089777946472,0.5701469779014587,0.49177682399749756
116,0.17010827362537384,0.2869466543197632,0.7571631669998169,0.7619007229804993,0.2708597183227539,0.3920946717262268,0.5676876902580261,0.6483772993087769,0.6503224968910217,0.6162737607955933,0.4723374843597412,0.6705853939056396
117,0.47061267495155334,0.6545993089675903,0.750702440738678,0.766862690448761,0.5547571182250977,0.4879451394081116,0.2887114882469177,0.37019243836402893,0.5713112354278564,0.49922671914100647,0.6724711656570435,0.6638302803039551
118,0.46643519401550293,0.4833945333957672,0.3725886642932892,0.458097368478775,0.2786915600299835,0.3916389048099518,0.28704971075057983,0.38937047123908997,0.2646690011024475,0.3870464563369751,0.4761667251586914,0.481965571641922
119,0.28502967953681946,0.39798662066459656,0.5645003914833069,0.6715497374534607,0.27837952971458435,0.40918442606925964,0.3773733079433441,0.4539632797241211,0.08319483697414398,0.027819620445370674,0.19925513863563538,0.30460071563720703
120,0.6931954622268677,0.6710875034332275,0.26531755924224854,0.3991395831108093,0.3767979145050049,0.4582223892211914,0.79803466796875,0.45147669315338135,0.37933504581451416,0.48314806818962097,0.48507362604141235,0.4925019145011902
121,0.47396859526634216,0.4806520640850067,0.4923303723335266,0.5191705226898193,0.6042289137840271,0.7101570963859558,0.5114172101020813,0.4986087679862976,0.25232455134391785,0.38061681389808655,0.481365442276001,0.5133247375488281
122,0.3952474594116211,0.46774399280548096,0.27612999081611633,0.40163689851760864,0.29573774337768555,0.4093921184539795,0.2780117988586426,0.4095970690250397,0.30431434512138367,0.5972511768341064,0.5016037821769714,0.7195692658424377
123,0.6971043348312378,0.4979093074798584,0.5845821499824524,0.6483516097068787,0.6961503624916077,0.8166239857673645,0.39520469307899475,0.46115222573280334,0.5722448825836182,0.4878484010696411,0.9091339111328125,0.7391522526741028
124,0.21351969242095947,0.2998809218406677,0.29770275950431824,0.3842441439628601,0.3981063961982727,0.6448897123336792,0.37767624855041504,0.45338353514671326,0.6905694007873535,0.48405706882476807,0.39405152201652527,0.4800802171230316
125,0.39429324865341187,0.6656860113143921,0.3969300091266632,0.9381936192512512,0.3847897946834564,0.46992215514183044,0.08543800562620163,0.019979726523160934,0.18459638953208923,0.3188396394252777,0.30290308594703674,0.3909912705421448
126,0.6924068927764893,0.8223975300788879,0.3106633424758911,0.4130655825138092,0.5034030675888062,0.5026443004608154,0.38140225410461426,0.6457632780075073,0.5005521774291992,0.6962084770202637,0.4895055890083313,0.6782076358795166
127,0.21059319376945496,0.3112179934978485,0.32703617215156555,0.4194963872432709,0.49999338388442993,0.6682765483856201,0.3133036494255066,0.4100169241428375,0.6083100438117981,0.671335756778717,0.7081116437911987,0.8408488631248474
128,0.41711702942848206,0.4810212552547455,0.3189927041530609,0.43535178899765015,0.5065209269523621,0.6715537309646606,0.2986741065979004,0.4193546175956726,0.4989408850669861,0.5158172249794006,0.6039986610412598,0.6577466726303101
129,0.08802486956119537,0.01815415360033512,0.4049805998802185,0.4714270234107971,0.20075435936450958,0.3223439157009125,0.18871814012527466,0.30385762453079224,0.6051809191703796,0.6880629062652588,0.3973838686943054,0.47395554184913635
130,0.8111077547073364,0.47055384516716003,0.29660600423812866,0.4121004045009613,0.600233793258667,0.701750636100769,0.3211609125137329,0.3854559063911438,0.3995376229286194,0.4727519750595093,0.6136499047279358,0.6815967559814453
131,0.40592479705810547,0.6980240941047668,0.6161841154098511,0.823556125164032,0.5437229871749878,0.4970439076423645,0.3032482862472534,0.42658865451812744,0.2146226465702057,0.3230677545070648,0.7430582046508789,0.683693528175354
132,0.7198309898376465,0.6962742805480957,0.30940765142440796,0.43645748496055603,0.511104941368103,0.6740193963050842,0.7181655168533325,0.6934998035430908,1.0442270040512085,1.0688461065292358,0.31781643629074097,0.45110756158828735
133,0.4487450122833252,0.6931392550468445,0.33097440004348755,0.4092963933944702,0.4134003221988678,0.6673410534858704,0.3657660186290741,0.5990389585494995,0.2040223628282547,0.3136683702468872,0.4055996537208557,0.6514721512794495
134,0.193179652094841,0.32826903462409973,0.31621208786964417,0.4551960229873657,0.20662303268909454,0.33090025186538696,0.289654016494751,0.42563363909721375,0.10476319491863251,0.03240307420492172,0.4375491142272949,0.5375035405158997
135,0.5152655839920044,0.6933483481407166,0.44157320261001587,0.505470335483551,0.2058885395526886,0.3116966784000397,0.19218388199806213,0.3180710971355438,0.4093936085700989,0.4830138385295868,0.21283872425556183,0.32758262753486633
136,0.5984126925468445,0.6880611181259155,0.19238312542438507,0.3237544596195221,0.5440211296081543,0.5013156533241272,0.5133413076400757,0.5253680348396301,0.9555414915084839,0.4083617329597473,0.11162436008453369,0.037361543625593185
137,0.3344462215900421,0.43475615978240967,0.9522941708564758,0.8990402817726135,0.4406684935092926,0.49447906017303467,0.12212177366018295,0.08536891639232635,0.22523602843284607,0.309273362159729,0.6574497222900391,0.7219076752662659
138,0.4273989796638489,0.4934017062187195,0.09529926627874374,0.02644040621817112,0.5255885124206543,0.6760320663452148,0.6543298959732056,0.7242659330368042,0.20012550055980682,0.322013258934021,0.20927028357982635,0.34384557604789734
139,0.634600043296814,0.7434532046318054,0.3023405373096466,0.4132646322250366,0.43020543456077576,0.6788762211799622,0.5161418914794922,0.5386942625045776,0.23391500115394592,0.39599287509918213,0.2066209614276886,0.31494858860969543
140,0.3225861191749573,0.43228182196617126,0.8672811388969421,0.6971819996833801,0.8504489064216614,1.0704364776611328,0.9492055177688599,0.8174184560775757,0.5329377055168152,0.7532060146331787,0.21155016124248505,0.32654300332069397
141,0.4300565719604492,0.502996027469635,0.7620927095413208,0.7064851522445679,0.521835207939148,0.5393844246864319,0.44932740926742554,0.5004953145980835,0.6299311518669128,0.6870454549789429,0.6430960893630981,0.5593125224113464
142,0.41685113310813904,0.4870889484882355,0.19916462898254395,0.3228965401649475,0.531758189201355,0.717190146446228,0.2126247137784958,0.3995324969291687,0.3320436179637909,0.42812055349349976,0.3277013897895813,0.643685519695282
143,0.43624576926231384,0.5015298128128052,0.4234529435634613,0.5198807120323181,0.5556885004043579,0.5306963324546814,0.5249347686767578,0.505433976650238,0.6549177765846252,0.715300977230072,0.24638333916664124,0.3163461983203888
144,0.7596117258071899,0.5257260799407959,0.4354430139064789,0.501950204372406,0.5384390950202942,0.5494325757026672,0.42291516065597534,0.48686376214027405,0.49923840165138245,0.6673113107681274,0.5535544753074646,0.5530290603637695
145,0.41553109884262085,0.5013273358345032,0.5511441826820374,0.7460282444953918,0.312346488237381,0.4334743022918701,0.1162167564034462,0.06654276698827744,0.2002708613872528,0.32962292432785034,0.6494559049606323,0.7441718578338623
146,0.1051577478647232,0.023120446130633354,0.41164153814315796,0.5075129270553589,0.21115455031394958,0.32426655292510986,0.33313173055648804,0.6633516550064087,0.7800410985946655,0.876209020614624,0.5534971356391907,0.7083572149276733
147,0.44296684861183167,0.5066129565238953,0.6649397015571594,0.5283014178276062,0.5342019200325012,0.718209981918335,0.41781559586524963,0.674867570400238,0.7627004981040955,0.8607392907142639,0.4352947175502777,0.5033518671989441
148,0.7901040315628052,0.7366060614585876,0.43209028244018555,0.6949908137321472,0.5729000568389893,0.7227582931518555,0.8657844662666321,0.9942610859870911,0.7719980478286743,1.433642864227295,0.773196816444397,0.7334914207458496
149,0.45033931732177734,0.5273072719573975,0.23208168148994446,0.3491606116294861,0.4828215539455414,0.5708169341087341,0.32319507002830505,0.4764213562011719,0.7653918862342834,0.7269913554191589,0.5622556209564209,0.8825872540473938
150,0.42672809958457947,0.5025626420974731,0.22188584506511688,0.34485307335853577,0.32712966203689575,0.4346311092376709,0.6650282740592957,0.7355499863624573,0.8248564004898071,0.8854263424873352,0.4409728944301605,0.5065180659294128
151,0.5464839339256287,0.7518271803855896,0.43005719780921936,0.5200994610786438,0.575996994972229,0.5555774569511414,0.4522280693054199,0.4896102249622345,0.594544529914856,0.5922176837921143,0.23385939002037048,0.3455347716808319
152,0.6682806015014648,0.7444466352462769,0.1891377866268158,0.2854747176170349,0.13087376952171326,0.037222400307655334,0.7775213718414307,0.551714301109314,0.21647202968597412,0.34212836623191833,0.32849133014678955,0.6803487539291382
153,0.4465329051017761,0.5245720744132996,0.45033973455429077,0.5163313150405884,0.22211666405200958,0.32548996806144714,0.4542562961578369,0.5117040276527405,1.304352045059204,1.1476510763168335,0.11818011850118637,0.030265824869275093
154,0.6774560809135437,0.5680986046791077,0.11197926104068756,0.020850542932748795,0.4595023989677429,0.6864233613014221,0.22395578026771545,0.2930840849876404,0.21952076256275177,0.3179709017276764,0.4680458605289459,0.5402930378913879
155,0.4523719847202301,0.5260990858078003,0.7087982296943665,1.0255866050720215,0.22116494178771973,0.34191155433654785,0.3286381959915161,0.4608689844608307,0.44340962171554565,0.5466139316558838,0.4563499391078949,0.5274443626403809
156,0.4491264224052429,0.5140528082847595,0.6025325655937195,0.5212807655334473,0.7985379099845886,0.7837972640991211,0.5388225317001343,0.5549958348274231,0.13076305389404297,0.04421379044651985,0.36694133281707764,0.7171087265014648
157,0.47511857748031616,0.5439611673355103,0.33195632696151733,0.47421392798423767,0.4479542672634125,0.5205147862434387,0.4550199508666992,0.5163176655769348,0.33424970507621765,0.4756794571876526,0.3599855303764343,0.48973900079727173
158,0.3257523477077484,0.45217058062553406,0.44949227571487427,0.5359646081924438,0.3431655764579773,0.7000613212585449,0.8937550783157349,0.7509366869926453,0.24384763836860657,0.36735689640045166,0.35588064789772034,0.48368677496910095
159,0.5681331157684326,0.7616981863975525,0.5682903528213501,0.7668638825416565,0.22458240389823914,0.31600069999694824,0.653911828994751,0.7409713268280029,0.5849539041519165,0.5755288600921631,0.48410892486572266,0.5693190097808838
160,0.8088142275810242,0.9606689214706421,0.4575784206390381,0.5320441722869873,0.3548663556575775,0.4630262851715088,0.2163768708705902,0.3579396605491638,0.6870805621147156,0.783011257648468,0.5408960580825806,0.7072895169258118
161,0.32177257537841797,0.4364893138408661,0.445589542388916,0.5195173025131226,0.5798170566558838,0.5743294954299927,0.46242570877075195,0.5260034203529358,0.47552376985549927,0.5202227234840393,0.6777294278144836,0.7601754069328308
162,0.5733264088630676,0.538712203502655,0.23942017555236816,0.3488444685935974,0.34157291054725647,0.4700016975402832,0.8074849843978882,0.7658366560935974,0.23642735183238983,0.3437277674674988,0.22807125747203827,0.34174737334251404
163,0.21697959303855896,0.3355439603328705,0.46752411127090454,0.7181064486503601,0.9397702217102051,0.7457728981971741,0.47584858536720276,0.8010932803153992,0.43216603994369507,0.513126015663147,0.4316590428352356,0.4881664514541626
164,0.10897092521190643,0.023138873279094696,0.7271280884742737,0.7829440832138062,0.5032534003257751,0.4985314905643463,0.20544305443763733,0.3016122281551361,0.35834914445877075,0.4794069528579712,0.9166814088821411,0.9146137833595276
165,0.9332103729248047,0.923674464225769,0.46579504013061523,0.5437490344047546,0.6788040995597839,1.0576491355895996,1.055147409439087,1.1422314643859863,0.9068046808242798,0.9939015507698059,0.8251426815986633,0.5933953523635864
166,0.46900123357772827,0.5489147901535034,0.6830350756645203,0.780630350112915,0.24893347918987274,0.36393851041793823,0.5892660021781921,0.7537477612495422,0.3377611041069031,0.44899412989616394,0.9388622045516968,1.4892288446426392
167,0.831881046295166,0.9848017692565918,0.5884193181991577,0.7717804312705994,0.36034220457077026,0.4749329388141632,0.8237211108207703,1.0809543132781982,0.232507586479187,0.3414299190044403,0.3305031657218933,0.45629921555519104
168,0.5757626891136169,0.5706544518470764,0.5623845458030701,0.7598185539245605,0.35829412937164307,0.4802005887031555,0.48466628789901733,0.5882893204689026,0.8300673365592957,0.7634284496307373,0.7168103456497192,0.6184248924255371
169,0.2605496942996979,0.35897567868232727,0.24676087498664856,0.35913389921188354,0.47735708951950073,0.7474499344825745,0.22473306953907013,0.31929975748062134,0.37032610177993774,0.4560382664203644,0.4876343309879303,0.5358400344848633
170,0.34882861375808716,0.46872469782829285,0.47799763083457947,0.5467028021812439,0.3572428822517395,0.7414435744285583,0.5892062187194824,0.5734406113624573,0.9631967544555664,1.4269119501113892,0.34115153551101685,0.4440916180610657
171,0.37330907583236694,0.47728556394577026,0.22019419074058533,0.3438956141471863,0.6960326433181763,0.9318274855613708,0.47179335355758667,0.5279061198234558,0.9506794810295105,0.7673097252845764,0.46395912766456604,0.5350963473320007
172,0.7151331901550293,0.8148705363273621,0.5724657773971558,0.5661861896514893,0.49756377935409546,0.5503208041191101,0.3512846529483795,0.4799153506755829,0.232753187417984,0.36928507685661316,0.7275975346565247,0.8023516535758972
173,1.0941213369369507,1.2668447494506836,0.4896739423274994,0.5287899374961853,0.27967315912246704,0.36213064193725586,0.24698767066001892,0.3842138648033142,0.3621416687965393,0.4740094840526581,0.6776987314224243,0.5600235462188721
174,0.5776956677436829,0.5626190900802612,0.35539510846138,0.4748053550720215,0.2283233404159546,0.3456799387931824,0.5841729640960693,0.5765762329101562,0.3549901247024536,0.5018112063407898,0.47522926330566406,0.7437257766723633
175,0.3672025799751282,0.49254754185676575,0.7030215263366699,0.8061466217041016,0.6834592223167419,0.7639877796173096,0.36875319480895996,0.4580051600933075,0.7238162159919739,0.6098509430885315,0.46640998125076294,0.5386479496955872
176,0.3703649044036865,0.4780072867870331,0.4890412390232086,0.5474864840507507,0.35115721821784973,0.6866334676742554,0.47010907530784607,0.7442297339439392,0.4884902536869049,0.5385823249816895,0.46772465109825134,0.5300682187080383
177,0.2469717264175415,0.38678812980651855,0.8267825841903687,0.817205548286438,0.3556552529335022,0.4825592041015625,0.35587215423583984,0.48128873109817505,0.11922464519739151,0.036208685487508774,0.49236732721328735,0.5591217875480652
178,0.3710555136203766,0.48090532422065735,0.5791568756103516,0.7750436067581177,0.6107813715934753,0.611657440662384,0.5831664204597473,0.5607669949531555,0.8156400918960571,0.7904719114303589,0.6159228682518005,0.593084454536438
179,0.7141466736793518,0.5730131268501282,0.8479651212692261,0.9387376308441162,0.24493160843849182,0.3544198274612427,0.4619062840938568,0.5400396585464478,0.7144586443901062,0.5807888507843018,0.706332266330719,0.8158833980560303
180,0.6028932332992554,0.8026228547096252,0.6078325510025024,0.5859838128089905,0.23244424164295197,0.3655044138431549,0.49631357192993164,0.7691206932067871,0.25737354159355164,0.37413716316223145,0.12744984030723572,0.028856657445430756
181,0.5048326253890991,0.5589896440505981,0.3672753572463989,0.46789005398750305,0.6063644289970398,0.7972868084907532,0.359109491109848,0.48235246539115906,0.7219666838645935,0.9453481435775757,0.5795373320579529,0.7965519428253174
182,0.4841940999031067,0.5481395721435547,0.1344076693058014,0.05489259958267212,0.695286750793457,0.7690338492393494,0.37326452136039734,0.47080302238464355,0.9985516667366028,1.0685721635818481,0.2518910765647888,0.38098517060279846
183,0.48764926195144653,0.7771443128585815,0.3680902123451233,0.4812144935131073,0.7066935896873474,0.5727097392082214,0.14937636256217957,0.07157609611749649,0.3632452189922333,0.4522988200187683,0.7299565076828003,1.0644323825836182
184,0.26765868067741394,0.3577418029308319,0.834696888923645,0.8079473972320557,0.36424973607063293,0.5041981339454651,0.48372918367385864,0.5480749011039734,0.38895347714424133,0.4800657331943512,0.4902011454105377,0.5367522239685059
185,0.4863189160823822,0.7825666069984436,0.4922155737876892,0.586651086807251,0.49143093824386597,0.789503812789917,0.4657675325870514,0.7515332698822021,0.38440975546836853,0.7364473342895508,0.37888750433921814,0.47464412450790405
186,0.6032935380935669,0.6134328246116638,0.958408534526825,0.7490790486335754,0.5209479331970215,0.5606759190559387,0.9790142178535461,0.5549694299697876,0.7136850357055664,0.5795685648918152,0.35180002450942993,0.4806757867336273
187,0.36309152841567993,0.49341216683387756,0.4886753559112549,0.5560910105705261,0.4885208010673523,0.5395285487174988,0.34589967131614685,0.4625110328197479,0.7249701023101807,0.6076149344444275,0.5941694378852844,0.5766498446464539
188,0.6104403734207153,0.8156522512435913,0.47285372018814087,0.5761340260505676,0.23965100944042206,0.3445807099342346,0.608471155166626,0.6028634905815125,1.2330882549285889,1.0564583539962769,0.24629779160022736,0.38389185070991516
189,0.7334912419319153,0.8216142058372498,0.5865532159805298,0.7612934112548828,0.7347952127456665,0.8133397698402405,0.35704681277275085,0.49574917554855347,0.8551238775253296,0.7894816994667053,0.4989544749259949,0.5582017302513123
190,0.2522761821746826,0.3929559886455536,0.3683713376522064,0.7282149195671082,0.609298586845398,0.8114612102508545,0.4983974099159241,0.8014892935752869,0.7478705644607544,0.6124677658081055,0.6129313111305237,0.603657603263855
191,0.9696571230888367,1.2289680242538452,0.7157673239707947,0.6170962452888489,0.6159845590591431,0.5848761796951294,0.732394814491272,1.2679275274276733,0.6383146047592163,0.8037884831428528,0.6161457300186157,0.8037541508674622
192,0.9766526222229004,0.7882442474365234,0.36759981513023376,0.4913233518600464,0.7134729623794556,0.5875492691993713,0.4894128739833832,0.5543011426925659,0.732303261756897,0.8417907357215881,0.6130865812301636,0.7971753478050232
193,0.22789505124092102,0.3673703074455261,0.49547305703163147,0.8017014861106873,0.8108476400375366,0.8556196689605713,0.47954028844833374,0.5408267378807068,1.1242108345031738,1.230116367340088,0.6192188262939453,0.8330082893371582
194,0.7227405905723572,0.62905353307724,0.6320644617080688,0.8218284249305725,0.7195723652839661,0.9665417671203613,0.12273406982421875,0.03282146155834198,0.10557732731103897,0.035718776285648346,0.4998587667942047,0.5793512463569641
195,0.8614693880081177,0.8313131928443909,0.13490860164165497,0.04957883805036545,0.5991348028182983,0.5958379507064819,0.4809715151786804,0.5613858699798584,0.6258445978164673,0.8426170349121094,0.48884934186935425,0.6039969325065613
196,0.4826280474662781,0.5438961982727051,0.7575399279594421,0.8176626563072205,0.35414084792137146,0.48518091440200806,0.12250135838985443,0.059824585914611816,0.23853328824043274,0.34771257638931274,0.2384568452835083,0.37627899646759033
197,0.5072203874588013,0.5762291550636292,0.4926892817020416,0.5540072321891785,0.1208525151014328,0.03658010810613632,0.7115939259529114,0.8352769017219543,0.7164502143859863,1.0503549575805664,0.6161063313484192,0.8288078308105469
198,0.365487277507782,0.522179365158081,0.6076446771621704,0.802315354347229,0.7456944584846497,0.6369756460189819,0.3900495171546936,0.4817844331264496,0.5038838386535645,0.5563870072364807,0.500606894493103,0.6064548492431641
199,0.51493239402771,0.8339798450469971,0.4825168550014496,0.5756492614746094,0.6802560091018677,0.7659876346588135,0.7234430909156799,0.8377609848976135,0.48629873991012573,0.5563615560531616,0.6321181058883667,0.6509838700294495
200,0.36986833810806274,0.492890864610672,0.12568238377571106,0.06218242645263672,0.25096845626831055,0.3772265613079071,0.5616781711578369,0.5744222402572632,0.3883873224258423,0.47994330525398254,0.49370503425598145,0.5529922246932983
201,0.35019057989120483,0.49122172594070435,0.5034118890762329,0.5641743540763855,0.378542423248291,0.5060582160949707,0.47679656744003296,0.5632843971252441,0.2493496686220169,0.3690944015979767,0.5108717679977417,0.5997856259346008
202,0.7464243173599243,0.6164795756340027,0.3666992485523224,0.5033844113349915,0.49285873770713806,0.5449530482292175,0.7642093896865845,0.6086167097091675,0.4499860405921936,0.516006350517273,0.4088231921195984,0.48247799277305603
203,0.870064377784729,0.6076021790504456,0.6257837414741516,1.1543806791305542,0.13449177145957947,0.04978208988904953,0.2186107635498047,0.308866024017334,0.3680262565612793,0.516973078250885,0.3892253041267395,0.49959883093833923
204,0.4960874915122986,0.8066549897193909,0.6210299730300903,0.8296700119972229,0.9251489639282227,0.8944032192230225,0.3831002414226532,0.5471732020378113,0.638262152671814,0.6307640671730042,0.2552803158760071,0.35984858870506287
205,0.38466671109199524,0.49806100130081177,0.4884730279445648,0.5557045340538025,0.26662951707839966,0.39490434527397156,0.36854809522628784,0.7704304456710815,0.9894261360168457,0.7842869758605957,0.4962924122810364,0.5692846775054932
206,0.21313205361366272,0.33555251359939575,0.3762485980987549,0.4952324628829956,0.5413089990615845,1.0070000886917114,0.3505302369594574,0.506298303604126,0.36474141478538513,0.4914177656173706,0.6525507569313049,0.6247236728668213
207,0.5702093243598938,0.9413771629333496,0.7637221813201904,0.847425103187561,0.36063748598098755,0.5052098035812378,0.5002052187919617,0.795965850353241,0.7576273679733276,0.8531430959701538,0.6163027286529541,0.598413348197937
208,0.3673786222934723,0.5125713348388672,0.7707737684249878,1.0343540906906128,0.24603009223937988,0.30095502734184265,0.471086323261261,0.5334339141845703,0.3752433955669403,0.5243930816650391,0.38150686025619507,0.50644850730896
209,0.7361593842506409,0.8169437050819397,0.1137736588716507,0.03825273737311363,0.3788229823112488,0.46783116459846497,0.7377293109893799,0.8392261266708374,0.12961027026176453,0.052347008138895035,0.5762324929237366,0.5559685230255127
210,0.5129894018173218,0.5953322052955627,0.4920555651187897,0.8010904788970947,0.37021830677986145,0.4902274012565613,0.3636559844017029,0.5197309255599976,0.3673199713230133,0.517741858959198,0.5245658159255981,1.1347391605377197
211,1.1223210096359253,0.9384292960166931,0.2757440507411957,0.37356677651405334,0.5083421468734741,0.5829317569732666,0.41107049584388733,0.5784951448440552,0.1258603036403656,0.0682302713394165,0.37643128633499146,0.44956299662590027
212,0.23473703861236572,0.3760671019554138,0.45303577184677124,0.7166054844856262,0.7371301054954529,0.6404929161071777,0.49171075224876404,0.5742981433868408,0.5986886024475098,0.8134323954582214,0.25973740220069885,0.3741283714771271
213,0.24316474795341492,0.3929702937602997,0.7568632364273071,0.8511703610420227,0.3907073140144348,0.46762505173683167,0.44437599182128906,0.5261361598968506,0.48269444704055786,0.5703890323638916,0.6272844672203064,0.6584123969078064
214,0.5988887548446655,0.6182151436805725,0.7539737224578857,0.6137993335723877,1.1639546155929565,1.6899926662445068,0.7600336670875549,0.8619099855422974,0.3722842335700989,0.5230298042297363,0.6013003587722778,0.5924380421638489
215,0.5072829127311707,0.57970130443573,0.5092974901199341,0.5953636765480042,0.3753489851951599,0.5265658497810364,0.7711172103881836,0.6258383989334106,0.8610941171646118,1.133165717124939,0.6479797959327698,1.018623948097229
216,0.8720932006835938,1.143196702003479,0.333973228931427,0.4565017819404602,0.6287859678268433,0.8454667329788208,0.641869843006134,0.8445518612861633,0.6278423070907593,0.6086763143539429,0.7691352367401123,1.5430829524993896
217,0.2800511121749878,0.40765079855918884,0.8642172813415527,0.8289122581481934,0.3672347664833069,0.5229044556617737,0.4787061810493469,0.574090301990509,0.2513251304626465,0.3821984529495239,0.7242465019226074,0.8065229058265686
218,0.36824411153793335,0.5042802691459656,0.507061243057251,0.8378714323043823,0.24942603707313538,0.3726445734500885,0.8953838348388672,1.173127293586731,0.39248377084732056,0.5295096039772034,0.6507198810577393,0.6460568308830261
219,0.49060720205307007,0.5848406553268433,0.7635778188705444,0.8561863303184509,0.6084395051002502,0.6049965620040894,0.7603622674942017,1.1917471885681152,0.3748670220375061,0.5314255356788635,0.49078789353370667,0.8043021559715271
220,0.8540701866149902,0.9749932289123535,0.3646414875984192,0.5016972422599792,0.39147815108299255,0.4838610291481018,0.23767414689064026,0.3881460130214691,0.3744787573814392,0.5276069045066833,0.24550609290599823,0.38837912678718567
221,0.3489074409008026,0.46309715509414673,0.633365273475647,0.6198201179504395,0.3949052393436432,0.5039961934089661,0.3647293448448181,0.5060581564903259,0.38249513506889343,0.5225825309753418,0.7646033763885498,0.6281846761703491
222,0.49190273880958557,0.5842878818511963,0.6208459734916687,0.7905696034431458,0.522713840007782,0.842208206653595,0.25564247369766235,0.3820374608039856,0.502773642539978,0.5808599591255188,0.5211775302886963,0.6235536336898804
223,0.5058426260948181,0.5715373754501343,0.6217120885848999,0.8386985659599304,0.8855775594711304,1.3148598670959473,0.8703047037124634,1.0376211404800415,0.5677676796913147,1.033503532409668,0.3927343487739563,0.5019851326942444
224,0.4967040419578552,0.5968985557556152,0.24698133766651154,0.4322017729282379,0.3768026530742645,0.5016005039215088,0.8626217842102051,0.8252426385879517,0.4842441976070404,0.5765005350112915,0.5126407742500305,0.5823959112167358
225,0.4819047451019287,0.5898647904396057,0.7463400959968567,1.0287134647369385,1.0309475660324097,0.9893850684165955,0.49156761169433594,0.7663094401359558,0.11000843346118927,0.04256613180041313,0.631832480430603,0.8296765089035034
226,0.4911927282810211,0.8331707715988159,0.6118478178977966,0.8395410180091858,0.4811992645263672,0.5506624579429626,0.4948672652244568,0.6015700697898865,0.24043729901313782,0.4007185399532318,0.37989360094070435,0.4806084632873535
227,0.12971751391887665,0.050690747797489166,0.3811638355255127,0.4940504729747772,0.37895944714546204,0.4990261197090149,0.5014386773109436,0.5417991876602173,0.6022908687591553,0.8432700037956238,0.6230505704879761,0.8594170808792114
228,0.3773718476295471,0.5192150473594666,0.25041326880455017,0.3920423090457916,0.5009490251541138,0.7919725179672241,0.3717878460884094,0.533636748790741,0.9912222027778625,0.9971561431884766,0.5228818655014038,0.8197451233863831
229,0.491324245929718,0.805193305015564,0.5069968104362488,0.8467376828193665,0.7573531866073608,0.87315833568573,0.3492009937763214,0.486017644405365,0.5254561901092529,0.5905178189277649,0.2527239918708801,0.3790470063686371
230,0.3500836491584778,0.5250590443611145,0.6062321066856384,0.8388057351112366,0.6529420614242554,0.6540058851242065,0.3655098080635071,0.7602168917655945,0.23759718239307404,0.37325528264045715,0.38440582156181335,0.5147722959518433
231,0.758790135383606,1.2009536027908325,0.6427319645881653,0.6303845643997192,0.2653729319572449,0.37835997343063354,0.6521162390708923,0.6303726434707642,0.7619167566299438,0.8534564971923828,0.5158824324607849,0.609455943107605
232,0.5021203756332397,0.5962695479393005,0.7198442220687866,0.774591863155365,0.36580079793930054,0.5114598870277405,0.8745225667953491,1.2085115909576416,0.5064105987548828,0.628294825553894,0.77520352602005,0.635815441608429
233,0.37804991006851196,0.5292599201202393,0.24854786694049835,0.38566386699676514,0.37223321199417114,0.7925217747688293,0.36845144629478455,0.5052886605262756,0.11837202310562134,0.03712160140275955,0.3328126072883606,0.45860639214515686
234,0.37587517499923706,0.5341446995735168,0.627066969871521,0.6240788102149963,0.375598281621933,0.5094101428985596,1.1041347980499268,1.0769705772399902,0.26117533445358276,0.38004639744758606,0.5334697961807251,0.6358087658882141
235,0.23565571010112762,0.40106070041656494,0.3948211669921875,0.4832417070865631,0.11693201959133148,0.04489852860569954,0.8721147775650024,0.871759831905365,0.7789899706840515,0.8831053376197815,0.44621700048446655,0.5512896180152893
236,0.6207922697067261,0.6436716914176941,0.495281457901001,0.5749987363815308,0.7710739374160767,0.6411272883415222,0.3617825508117676,0.7732253074645996,0.6198792457580566,0.6523098349571228,0.7989036440849304,0.6008120775222778
237,0.24945716559886932,0.39572030305862427,0.4789848327636719,0.5725471377372742,0.6171526908874512,0.8566715121269226,0.9308817982673645,1.3638348579406738,0.24003317952156067,0.3961704671382904,0.37138375639915466,0.5404049754142761
238,0.8335240483283997,0.8339201807975769,0.3656028211116791,0.5127741694450378,0.2389538735151291,0.392924964427948,0.3751989006996155,0.5320226550102234,0.6486979722976685,0.657642662525177,0.5135722756385803,0.8020266890525818
239,0.6353972554206848,0.8846047520637512,0.754945695400238,1.0388847589492798,0.20212897658348083,0.29526516795158386,0.22758705914020538,0.37576818466186523,0.5163376331329346,0.5793960690498352,0.26630425453186035,0.40078362822532654
240,0.4910138249397278,0.6203398704528809,1.138385534286499,0.7929539680480957,0.27351170778274536,0.4448671340942383,0.7448790669441223,1.1821821928024292,0.5210291743278503,0.8370779156684875,0.3942919373512268,0.5474055409431458
241,0.4829874038696289,0.8130209445953369,0.6668840050697327,1.533462405204773,0.5151856541633606,0.8678073883056641,0.22581104934215546,0.3934221565723419,0.6493090391159058,1.0382667779922485,0.5036327838897705,0.5931678414344788
242,0.5132476091384888,0.823266863822937,0.6599205136299133,0.6772102117538452,0.36021333932876587,0.5395803451538086,0.3619372844696045,0.5553054213523865,0.7377345561981201,0.6296005249023438,0.39169272780418396,0.7921462059020996
243,0.27120742201805115,0.4117805063724518,0.1015075296163559,0.05197899416089058,0.6307586431503296,0.6485930681228638,0.5045790672302246,0.6112251281738281,0.3085985779762268,0.4571568965911865,1.0716960430145264,0.8274083137512207
244,0.2549232840538025,0.3821282982826233,0.2284250557422638,0.39838114380836487,0.3901911675930023,0.5594807863235474,0.6316460371017456,0.6570764780044556,0.7725053429603577,0.9049080014228821,0.6470159888267517,1.052582025527954
245,0.36040887236595154,0.5271157622337341,0.49502307176589966,0.5935749411582947,0.5075259804725647,0.5885999798774719,0.9097644686698914,0.633383572101593,1.0098769664764404,1.0143029689788818,0.2471456229686737,0.3874846398830414
246,0.51728355884552,0.5896511077880859,0.2418135404586792,0.4423283338546753,0.6163052320480347,0.8548752665519714,0.6372179388999939,1.2120908498764038,0.6388732194900513,0.8799232244491577,0.23788762092590332,0.3931231200695038
247,0.5098514556884766,0.5938313603401184,0.3666188418865204,0.5177388191223145,0.3703542649745941,0.5210438370704651,0.7717772722244263,0.8880167603492737,0.2640288770198822,0.3862228989601135,0.4261396527290344,0.5089941620826721
248,0.36645305156707764,0.487361878156662,0.23146633803844452,0.39382195472717285,0.5203373432159424,0.8078939914703369,0.36985543370246887,0.5565476417541504,0.787002444267273,0.6650458574295044,1.195995569229126,1.144929051399231
249,0.23611071705818176,0.3893861472606659,0.6320409774780273,0.665239155292511,0.26737135648727417,0.44253161549568176,0.338936984539032,0.508948028087616,0.1325826495885849,0.06961482018232346,0.3733749985694885,0.5178372263908386
250,0.8143042325973511,0.8932593464851379,0.36526429653167725,0.8087374567985535,0.3815825283527374,0.5226619243621826,0.39202067255973816,0.5214690566062927,0.39845016598701477,0.5122955441474915,0.6356083750724792,0.8236502408981323
251,0.24449296295642853,0.3963405191898346,0.6724997758865356,0.877013087272644,0.5286432504653931,0.6206998825073242,0.7737923264503479,0.8785536289215088,0.4846426844596863,0.5621258020401001,0.482160747051239,0.5235735177993774
252,0.7743189930915833,0.9278771281242371,0.7963230609893799,0.7044336199760437,0.5130547285079956,0.6129560470581055,0.3884502053260803,0.509558379650116,0.10133691877126694,0.051657453179359436,0.2580748200416565,0.4123806357383728
253,1.2236039638519287,1.0236454010009766,0.5027286410331726,0.6439158916473389,0.9121066927909851,0.8895848393440247,0.49037760496139526,0.6157185435295105,0.3839953541755676,0.5207681655883789,0.6314784288406372,0.8031185865402222
254,0.3968013525009155,0.5312125086784363,0.5066372752189636,0.5952019691467285,0.36430758237838745,0.5196921825408936,0.7658970952033997,1.220908522605896,0.6612889766693115,0.9157809019088745,0.39892736077308655,0.5621208548545837
255,0.6386209726333618,1.0860321521759033,0.6040634512901306,0.8307585716247559,0.8622285723686218,1.35879647731781,1.0228203535079956,0.8335914611816406,0.5088061690330505,0.610132098197937,0.39321398735046387,0.5323843359947205
256,0.3813523054122925,0.8136731386184692,0.7829959988594055,0.6632393598556519,0.511128842830658,0.5865021347999573,0.5158014297485352,0.6070332527160645,0.5124701857566833,0.6117058992385864,0.7098846435546875,0.8475111722946167
257,0.38439616560935974,0.5340279340744019,0.36226820945739746,0.5392770767211914,0.5274825096130371,0.5927271246910095,0.49433040618896484,0.6257319450378418,0.5673894882202148,0.6165064573287964,0.8155864477157593,0.7235274910926819
258,0.499201238155365,0.8647255301475525,0.3859718441963196,0.5813325643539429,0.23465296626091003,0.41139307618141174,0.506077766418457,0.5978932976722717,0.4077586233615875,0.5137664079666138,0.8168516159057617,0.9141830801963806
259,0.7632371783256531,0.6441690921783447,0.6198534369468689,0.9113707542419434,0.4024445414543152,0.5475433468818665,0.7497358918190002,0.6616477370262146,0.36348792910575867,0.5185036063194275,0.2490338534116745,0.446576863527298
260,0.35759514570236206,0.5349466800689697,0.2383437603712082,0.390273779630661,0.5243818759918213,0.6234302520751953,0.23149046301841736,0.39900434017181396,0.7540980577468872,0.8423362374305725,0.8311082124710083,1.3382422924041748
261,0.6687813401222229,0.6997847557067871,0.5220078229904175,0.6028217077255249,0.7809385061264038,0.8843066692352295,0.605096161365509,0.6219937801361084,0.4097633957862854,0.6037436723709106,0.653814435005188,0.8908652663230896
262,0.8856402635574341,1.026222586631775,0.9013351202011108,0.922751784324646,0.9459033012390137,0.8960734009742737,0.7649464011192322,0.8513897657394409,0.3762332797050476,0.49217215180397034,0.46431905031204224,0.5292001962661743
263,0.5222942233085632,0.6066392064094543,0.5053053498268127,0.5759745836257935,0.651412844657898,0.6199864745140076,0.5269535183906555,0.6250542402267456,0.8860856294631958,0.8945609331130981,0.7968738675117493,1.0654932260513306
264,0.6347413659095764,0.6511637568473816,0.24933597445487976,0.46687987446784973,0.2654878497123718,0.43834689259529114,0.6307204365730286,0.8324664235115051,0.5039744973182678,0.8749756813049316,0.5158199071884155,0.6460872292518616
265,0.2712792754173279,0.43746596574783325,0.3915503919124603,0.5371668934822083,0.5043928623199463,0.6139251589775085,0.11565126478672028,0.0312972255051136,0.7595246434211731,1.3124264478683472,0.31231456995010376,0.4451773464679718
266,0.6568810343742371,0.8373732566833496,0.5289534330368042,0.5884393453598022,0.28072598576545715,0.38440802693367004,0.24804119765758514,0.383527547121048,0.3732982873916626,0.5277538895606995,0.5326061844825745,0.6021056771278381
267,0.6669515371322632,0.6670229434967041,0.3038443624973297,0.4050160050392151,0.6327692270278931,0.8285651803016663,0.8049354553222656,0.9522746205329895,0.6520128846168518,0.631950855255127,0.39866721630096436,0.5203762650489807
268,0.494937002658844,0.5994346141815186,0.26783159375190735,0.48038244247436523,0.5347927212715149,0.6200846433639526,0.4094103276729584,0.533153235912323,0.637931764125824,0.8679134249687195,0.38417667150497437,0.5499771237373352
269,0.5317054390907288,0.8645809888839722,0.776877760887146,0.868288516998291,0.7783414721488953,0.6419125199317932,0.3855859637260437,0.544370174407959,0.9340712428092957,0.8531944751739502,0.4813869595527649,0.7103051543235779
270,0.22262096405029297,0.41502684354782104,0.48953261971473694,0.8377319574356079,0.6465878486633301,0.8761706948280334,0.6822842359542847,0.8942084908485413,0.504427969455719,0.8698534369468689,0.27688199281692505,0.5062042474746704
271,0.18867428600788116,0.2433529496192932,1.0864038467407227,0.6539155840873718,0.34463030099868774,0.5318536758422852,0.24402935802936554,0.396699994802475,0.1214897632598877,0.054904501885175705,0.9512357711791992,1.0738024711608887
272,0.25195568799972534,0.42260879278182983,0.2374248504638672,0.399798184633255,0.547859251499176,0.6017194986343384,0.48103755712509155,0.5587718486785889,0.384956419467926,0.5590033531188965,0.3863869309425354,0.5459902882575989
273,0.7700134515762329,0.6599780917167664,0.41547566652297974,0.5255717039108276,0.3779780864715576,0.5838406085968018,0.5907307267189026,0.6312541961669922,0.22064463794231415,0.4202731251716614,1.6011766195297241,1.3492913246154785
274,0.2304881364107132,0.4229169189929962,1.0679049491882324,1.193466305732727,0.24529655277729034,0.41839054226875305,0.08438341319561005,0.04029760882258415,0.6473474502563477,0.6616364121437073,0.5519861578941345,0.6140369772911072
275,0.528103232383728,0.5870985388755798,0.5236755609512329,0.6395524740219116,1.2402064800262451,1.0285465717315674,0.5277390480041504,0.6241683959960938,0.5230693817138672,0.6216638684272766,0.8799182772636414,0.7808821797370911
276,0.5228406190872192,0.6265842914581299,0.5304099321365356,0.6109926104545593,0.8373258709907532,0.6712630391120911,0.3630690574645996,0.5097241401672363,0.6669332385063171,0.6771433353424072,0.6753050684928894,0.9219235181808472
277,0.6379421353340149,0.898963212966919,0.37267035245895386,0.5139307379722595,0.9140044450759888,1.13630211353302,0.2723146378993988,0.40766382217407227,0.3954257667064667,0.5390461683273315,0.7996330857276917,1.0666335821151733
278,0.5303901433944702,0.600130558013916,0.5772719383239746,0.6212586164474487,0.8000286817550659,0.6637194752693176,0.7784825563430786,0.696237325668335,0.39187905192375183,0.5029788017272949,0.39804917573928833,0.5105640888214111
279,0.6402466893196106,0.612770140171051,0.6123424768447876,0.6395441293716431,0.8232906460762024,0.925116240978241,0.23907628655433655,0.40054550766944885,0.9180628061294556,0.9455918073654175,0.7999249696731567,0.8509147763252258
280,0.1153864711523056,0.05062900111079216,0.3875569701194763,0.5440780520439148,0.39914077520370483,0.5297496318817139,0.3476986885070801,0.48648571968078613,0.4987175464630127,0.573173999786377,0.679511308670044,0.955887496471405
281,0.6841676831245422,0.632451593875885,0.3671778440475464,0.5014090538024902,0.5388003587722778,0.6661844253540039,0.235436350107193,0.41084569692611694,0.6056480407714844,0.7825435996055603,0.9289126396179199,0.8712610602378845
282,0.1270609200000763,0.05137079954147339,0.38162368535995483,0.822224497795105,0.38206300139427185,0.5329214930534363,0.6742118000984192,0.6708602905273438,0.12509261071681976,0.04030218720436096,0.5502318739891052,0.6270685791969299
283,0.24050958454608917,0.43432489037513733,0.5395832657814026,0.6145794987678528,1.2109787464141846,1.0478734970092773,0.6556415557861328,0.8869235515594482,1.2192914485931396,0.8489187359809875,0.9065647125244141,0.9558568000793457
284,0.39738935232162476,0.5213410258293152,0.9204050898551941,1.0392491817474365,0.6572664380073547,0.6698656678199768,0.725395679473877,0.620408833026886,0.5461357235908508,0.8247503042221069,0.5503365397453308,0.6244323253631592
285,0.530674934387207,0.618689775466919,0.3585781455039978,0.5359657406806946,0.5617552399635315,0.592555046081543,0.539452314376831,0.6450088620185852,0.7759273052215576,0.6567151546478271,0.9394976496696472,0.6283001899719238
286,0.3780660033226013,0.8422667384147644,0.5296581387519836,0.636077344417572,0.39600029587745667,0.4956231117248535,0.6630669236183167,0.6704326272010803,0.3987388610839844,0.5510907173156738,0.8634921312332153,0.8890567421913147
287,0.6603349447250366,0.8832007646560669,0.12692128121852875,0.0903717502951622,0.13792261481285095,0.058897532522678375,0.381064236164093,0.5538966059684753,0.3522813320159912,0.49632829427719116,0.7672570943832397,0.8299053907394409
288,0.6700714230537415,0.7974323630332947,0.41517311334609985,0.5621860027313232,0.7051819562911987,0.8776358962059021,0.37085530161857605,0.523891031742096,0.5075423121452332,0.7841081619262695,0.3967434763908386,0.48618531227111816
289,0.5441248416900635,0.9117863178253174,0.5127301812171936,0.7896323800086975,0.4141555726528168,0.5483521223068237,0.8037349581718445,1.2544275522232056,0.6772655844688416,0.9116230010986328,0.9578300714492798,0.6085851788520813
290,0.531548261642456,0.8661773204803467,0.6737781763076782,0.9215028882026672,0.4356057643890381,0.5433787703514099,0.9526403546333313,0.644801676273346,0.5257304310798645,0.6494631767272949,0.570964515209198,0.6987881660461426
291,0.2561214864253998,0.44355565309524536,0.25696665048599243,0.4047051668167114,0.2508191764354706,0.41205134987831116,0.533052384853363,0.8801138401031494,0.41436028480529785,0.523993968963623,0.1455077826976776,0.08479445427656174
292,0.40434661507606506,0.5674510598182678,0.8411653637886047,0.7377064824104309,0.4215849041938782,0.557927668094635,0.4789983630180359,0.5585479736328125,0.5501846075057983,0.8979204893112183,0.5650073289871216,0.6248417496681213
293,0.2789665162563324,0.4097387194633484,0.5214687585830688,0.6627200841903687,0.542259156703949,0.5804732441902161,0.6647307276725769,0.641339898109436,0.40799522399902344,0.8347780704498291,0.6645509004592896,0.6336060762405396
294,0.37081778049468994,0.5370110869407654,0.6442750692367554,0.6687236428260803,0.941728413105011,1.0729072093963623,0.903937041759491,0.8855832815170288,0.3834332823753357,0.5719959735870361,0.8241044282913208,0.9759522676467896
295,0.38941386342048645,0.5451562404632568,0.4260236322879791,0.5276948809623718,0.2772656977176666,0.40520021319389343,0.8051522970199585,0.7122724652290344,0.6406682729721069,0.6193237900733948,0.9635633230209351,1.0909017324447632
296,0.5449378490447998,0.8591576814651489,0.6769351959228516,1.1100335121154785,0.4850027561187744,0.868523120880127,0.25783997774124146,0.40669310092926025,0.4115449786186218,0.5782731771469116,0.8316711187362671,0.9522519111633301
297,0.9330165982246399,0.9326375722885132,1.038249135017395,1.1539568901062012,0.4170653820037842,0.8677765727043152,0.6545393466949463,0.8810890913009644,0.13529297709465027,0.048484623432159424,0.2980162501335144,0.43622249364852905
298,0.6747857928276062,1.242181420326233,0.3853771388530731,0.5232258439064026,0.5379555821418762,0.6258934140205383,0.4469756484031677,0.7237644791603088,0.7782143354415894,0.6727928519248962,0.6931840777397156,0.9267758727073669
299,0.7424856424331665,0.9017244577407837,0.39988940954208374,0.5014069080352783,0.411914199590683,0.5747730135917664,0.41812053322792053,0.5218920707702637,0.4281909465789795,0.557292640209198,0.9577642679214478,0.8701804280281067
300,0.38599032163619995,0.5403172969818115,0.39285627007484436,0.5640502572059631,0.537815272808075,0.6717808246612549,0.6332447528839111,0.6684491634368896,0.30294010043144226,0.4037652313709259,0.30413299798965454,0.31459400057792664
301,0.36671286821365356,0.49261149764060974,0.41632023453712463,0.5488952398300171,1.105629801750183,0.6448086500167847,0.5474764704704285,0.6432393193244934,0.6869672536849976,0.659758448600769,0.5634124875068665,0.8673389554023743
302,0.3856416344642639,0.5626771450042725,0.5272902250289917,0.609886646270752,0.8308336138725281,0.6757503151893616,0.8178830146789551,0.679019033908844,0.3927484154701233,0.5894190669059753,1.161158800125122,1.2303047180175781
303,0.4854110777378082,0.5894636511802673,0.4007391333580017,0.5567372441291809,0.4149457514286041,0.5351006984710693,0.6958056688308716,0.9077339768409729,0.5350509881973267,0.8587439060211182,0.6891945600509644,0.9691430330276489
304,0.773313045501709,0.6517383456230164,0.46573710441589355,0.5296649932861328,0.4971522390842438,0.5724945664405823,0.3981994688510895,0.5413527488708496,0.5674383044242859,0.6386693120002747,0.6602357625961304,0.6720654368400574
305,0.27197501063346863,0.40356943011283875,1.2203463315963745,1.3744505643844604,0.2725389003753662,0.41059252619743347,0.7327480316162109,0.6645596623420715,1.0443170070648193,0.8425329327583313,0.537379264831543,0.6395729184150696
306,0.36064308881759644,0.49010199308395386,0.13643909990787506,0.07887426763772964,0.2517719864845276,0.39719265699386597,0.5430067777633667,0.8782813549041748,0.3405258059501648,0.47810453176498413,0.5863029360771179,0.6202635765075684
307,0.3985275328159332,0.5444232821464539,0.5703491568565369,0.6280726194381714,0.4189624786376953,0.5506924986839294,0.38263607025146484,0.520566463470459,1.3733623027801514,1.5761144161224365,0.9701860547065735,0.9617186784744263
308,0.9435178637504578,0.9176187515258789,0.9420231580734253,0.903235137462616,0.27690762281417847,0.3956625759601593,0.8201772570610046,0.7291157245635986,0.4935856759548187,0.822564423084259,0.8259342312812805,1.0658549070358276
309,0.2726878523826599,0.42613038420677185,0.8716350793838501,0.6293438076972961,0.5465520024299622,0.6173340082168579,0.417341947555542,0.568623423576355,0.6629647016525269,0.6253055930137634,0.5747296214103699,0.6451828479766846
310,0.6426519155502319,0.6625943183898926,0.7900109887123108,1.03170907497406,0.5326845049858093,0.675902247428894,0.7699867486953735,0.8798545002937317,0.6823621988296509,0.923184335231781,0.738984227180481,0.7023480534553528
311,1.1774073839187622,1.2665791511535645,0.42658233642578125,0.8742144703865051,0.40884214639663696,0.5742259621620178,0.2528761327266693,0.41025510430336,0.7027539610862732,0.930513322353363,0.4375307559967041,0.5456358790397644
312,0.31764134764671326,0.43209487199783325,0.4073028564453125,0.5199517011642456,0.6831395030021667,0.7010942101478577,0.44217175245285034,0.5622013211250305,0.40144675970077515,0.5784389972686768,0.652193009853363,0.5447770953178406
313,0.12604060769081116,0.07307786494493484,0.5616537928581238,0.6333048343658447,0.8027306795120239,0.7251462936401367,0.3410472273826599,0.45759081840515137,0.7870633602142334,0.9170197248458862,0.5793049335479736,0.5935834646224976
314,0.5203911066055298,0.6428958773612976,0.274488240480423,0.41646575927734375,0.4126034379005432,0.767707884311676,0.5462586283683777,0.8795949220657349,0.2566218078136444,0.4109603762626648,0.7158387899398804,0.9137294292449951
315,0.5521994829177856,0.6261754035949707,0.405862957239151,0.556259274482727,0.38165074586868286,0.5338877439498901,0.5030419230461121,0.5404558181762695,0.6669136881828308,0.6855099201202393,0.6869063973426819,0.655914843082428
316,0.26845434308052063,0.40726274251937866,0.431212842464447,0.5592532157897949,1.0905625820159912,1.2976855039596558,0.42054301500320435,0.8501853942871094,0.6513050198554993,0.8341226577758789,0.6363471150398254,0.784694492816925
317,0.5448129773139954,0.6317857503890991,0.9641568064689636,1.1085162162780762,0.6859046220779419,1.0774509906768799,0.40088048577308655,0.5830150842666626,0.1132943406701088,0.046043310314416885,0.45258817076683044,0.5324724316596985
318,0.7950801849365234,0.9479641318321228,0.1290726661682129,0.08967141062021255,0.5383540987968445,0.631860613822937,0.5567363500595093,0.6424486041069031,0.5449461936950684,0.6033622622489929,0.4741291403770447,0.5384323596954346
319,0.4073639512062073,0.5557135343551636,0.9528319239616394,0.943026065826416,0.5417379140853882,0.591681182384491,1.5228807926177979,1.9678854942321777,0.9914340972900391,0.6939392685890198,0.7968510985374451,0.9980854988098145
320,0.7145968079566956,0.9339789152145386,0.43223777413368225,0.8235840201377869,0.2742217183113098,0.39268508553504944,0.8191148042678833,0.6739155650138855,0.29162922501564026,0.44596612453460693,0.4252828061580658,0.5607389807701111
321,1.0880897045135498,1.3618344068527222,0.4477604329586029,0.6234902739524841,0.9857562184333801,1.303266167640686,1.1083261966705322,0.6204753518104553,0.8306382298469543,0.6754171848297119,0.6370577812194824,0.869304895401001
322,0.2671421468257904,0.3984121084213257,0.7120201587677002,1.0711793899536133,0.6954830884933472,0.9469802975654602,0.5163769125938416,0.6766013503074646,0.5408293008804321,0.6110488176345825,0.5916429162025452,0.6960225701332092
323,0.5334914922714233,0.6171557307243347,0.8089744448661804,1.0474824905395508,0.6385257840156555,0.6118341088294983,0.5435616970062256,0.6376514434814453,0.22294926643371582,0.30632641911506653,0.5825985670089722,0.6794471144676208
324,0.27615585923194885,0.40361300110816956,0.4009940028190613,0.49110662937164307,0.9295730590820312,1.3652583360671997,0.5367015600204468,0.8751012682914734,0.4758889079093933,0.5379647016525269,0.3013671934604645,0.42321646213531494
325,0.989689826965332,0.8918997645378113,0.5880452394485474,0.6286246180534363,0.2773891091346741,0.4418502151966095,0.5222731828689575,0.8934001922607422,0.28866320848464966,0.4170251190662384,0.9725371599197388,1.2531193494796753
326,0.40867680311203003,0.5196351408958435,0.42550674080848694,0.6072164177894592,0.6871649026870728,0.9370827674865723,0.40246567130088806,0.5630068778991699,0.8870795369148254,0.6569774746894836,1.1847132444381714,0.9386143684387207
327,0.8047407865524292,1.0898970365524292,0.4858334958553314,0.6144073605537415,1.2437747716903687,1.365407109260559,0.267587810754776,0.4713837206363678,0.2688816487789154,0.4086661636829376,0.31249895691871643,0.39574211835861206
328,0.40534132719039917,0.5616459846496582,0.29835259914398193,0.441719651222229,0.17352603375911713,0.10922353714704514,0.5490399599075317,0.6762487888336182,0.856799304485321,0.7151194214820862,0.44030308723449707,0.5405295491218567
329,0.806830883026123,0.8671920895576477,0.5597501993179321,0.6922422647476196,0.44408974051475525,0.5603802800178528,0.7816713452339172,0.6411324739456177,0.6862975358963013,0.9305322766304016,0.4433852732181549,0.5551968216896057
330,0.2876708209514618,0.43340378999710083,0.7127693295478821,0.9174672365188599,0.8563202023506165,0.9360482096672058,1.0556002855300903,0.8257933259010315,0.5599101781845093,0.8894729018211365,0.5701956152915955,0.6153560280799866
331,0.41427430510520935,0.5003237724304199,0.4098418653011322,0.5383793711662292,0.6846407055854797,0.693358302116394,0.4331604838371277,0.5807173252105713,0.4107809066772461,0.5400550961494446,1.3033905029296875,1.1805921792984009
332,0.5535775423049927,0.8431535959243774,0.41180434823036194,0.7715497612953186,0.8470990061759949,0.9298216700553894,0.5305064916610718,0.6467814445495605,0.5456756353378296,0.9107483625411987,0.688758373260498,0.6035476326942444
333,0.43950527906417847,0.5393620729446411,0.9844441413879395,1.4235385656356812,0.5379968881607056,0.6106263995170593,0.5655308961868286,0.616216778755188,0.7135070562362671,0.6337805986404419,1.0078104734420776,1.1521859169006348
334,0.4266870617866516,0.5402030348777771,0.3756132125854492,0.489758163690567,0.6758684515953064,0.6943756341934204,0.8460139036178589,0.6668921709060669,0.3118068277835846,0.4132381081581116,0.7437049150466919,0.9825531244277954
335,0.8366640210151672,0.9357393383979797,0.8439493179321289,0.6688706874847412,0.28207075595855713,0.3752148151397705,0.8203233480453491,0.9052484631538391,0.2606070935726166,0.42113810777664185,0.1960800290107727,0.10823547840118408
336,0.4956437051296234,0.7836481928825378,0.5278400182723999,0.6151208281517029,0.41650062799453735,0.6020373702049255,0.5453004837036133,1.2081009149551392,0.27691712975502014,0.41324949264526367,0.6083270907402039,0.911637544631958
337,1.0813788175582886,1.0619350671768188,0.5790109038352966,0.8495786190032959,0.5530493855476379,0.5556899905204773,0.2887146472930908,0.423613578081131,0.5805842876434326,0.6672840714454651,0.8420497179031372,0.9550463557243347
338,0.6971225738525391,0.7081608772277832,0.5484451651573181,0.6830716133117676,0.2345982789993286,0.3518661856651306,0.9398149251937866,0.8860624432563782,0.7801140546798706,0.8483152389526367,0.733446478843689,0.9345313310623169
339,0.6793243288993835,0.625545084476471,0.5606240034103394,0.8725166320800781,0.5634279251098633,0.9271460175514221,0.4505206048488617,0.5761255025863647,0.3525659739971161,0.48961174488067627,0.5941283702850342,0.6479756236076355
340,1.037933111190796,0.9753570556640625,1.167312741279602,0.9231727123260498,0.5834161639213562,0.6326814889907837,0.5728954076766968,0.7026445865631104,0.5618892312049866,0.6183392405509949,0.4425578713417053,0.5091181993484497
341,0.27757135033607483,0.4004431664943695,0.5571087598800659,0.6127077341079712,0.16313916444778442,0.08796773850917816,0.7376827001571655,0.6545665264129639,0.4322281777858734,0.5876073241233826,1.1726688146591187,0.5596413016319275
342,0.4225214123725891,0.5717453956604004,0.7089703679084778,0.909956157207489,0.28812330961227417,0.4915215075016022,0.4556775987148285,0.5328605771064758,0.28201037645339966,0.41104429960250854,0.5953567624092102,0.6994105577468872
343,0.7484514713287354,0.7162895202636719,0.6280047297477722,0.6453294157981873,0.8266823887825012,0.898077666759491,0.6019898653030396,0.7045182585716248,0.7275158762931824,0.9517098069190979,0.595026969909668,0.6571282744407654
344,0.5438628196716309,0.5965810418128967,0.4143596291542053,0.5393236875534058,0.4560903012752533,0.5633155703544617,0.4523674547672272,0.5670249462127686,0.47790536284446716,0.5726805925369263,0.8824589848518372,1.0608330965042114
345,0.24560721218585968,0.2603771388530731,1.1396291255950928,1.0865023136138916,0.4052940905094147,0.8399149775505066,0.8767855763435364,0.9007623195648193,0.4342648983001709,0.5447163581848145,0.22132213413715363,0.12594719231128693
346,0.5731940865516663,0.6487290263175964,0.1398380845785141,0.10027685016393661,0.41488757729530334,0.46480900049209595,0.42753854393959045,0.5424888730049133,0.16835999488830566,0.08722584694623947,0.874554455280304,1.0863852500915527
347,1.1050409078598022,1.018043041229248,0.7214410901069641,0.90067458152771,0.6847630739212036,0.6758289933204651,0.4071044921875,0.528430700302124,0.4171157777309418,0.5133673548698425,0.688772439956665,0.5960268378257751
348,0.7330183982849121,0.9212814569473267,0.16538961231708527,0.09377726167440414,0.6274624466896057,0.6045989394187927,0.5635148286819458,0.6303013563156128,0.5703849792480469,0.6421003341674805,0.4849367141723633,0.5378322601318359
349,0.6657015085220337,0.6212545037269592,1.1130684614181519,1.129669189453125,0.4707469046115875,0.5597727298736572,0.39291292428970337,0.4714861810207367,0.8134543299674988,0.8185545802116394,0.43879619240760803,0.4603259265422821
350,0.7772167325019836,1.0143276453018188,0.8363054990768433,0.7109174728393555,1.1661267280578613,0.8528810143470764,0.751745879650116,0.6239110231399536,0.29732072353363037,0.3831339180469513,0.44744229316711426,0.4853917956352234
351,0.6440741419792175,0.6495503187179565,0.6005067825317383,0.8855353593826294,0.43565496802330017,0.5351042151451111,0.8518644571304321,0.6998159289360046,0.15298320353031158,0.07727755606174469,0.6144599914550781,0.6853941679000854
352,0.7054697275161743,0.8888775110244751,0.5993639826774597,0.9058511853218079,0.8828243017196655,0.729668140411377,0.5682470202445984,0.6397802829742432,0.31869107484817505,0.39991191029548645,0.46426600217819214,0.6391010880470276
353,0.5787400007247925,0.6343411803245544,0.5889742970466614,0.6152467131614685,0.9508478045463562,1.293423056602478,0.462653249502182,0.5495187640190125,0.450996458530426,0.5410993695259094,1.2384997606277466,1.296844482421875
354,0.29337143898010254,0.3994485139846802,0.27801716327667236,0.4178198277950287,0.1784687489271164,0.083194799721241,0.6072999238967896,0.7022181749343872,0.4337528347969055,0.8118021488189697,0.7863829135894775,0.7731555104255676
355,0.43592557311058044,0.49776044487953186,0.9928768873214722,0.6950719952583313,0.5816758871078491,0.6855407357215881,0.6051932573318481,0.7357233166694641,0.5228040814399719,0.5743070840835571,0.8755254745483398,0.9389598965644836
356,0.6394413709640503,0.6741435527801514,0.8649700880050659,0.9340718984603882,0.22699621319770813,0.12455717474222183,0.579574465751648,0.9150769114494324,0.9871242642402649,1.0880839824676514,0.4026280343532562,0.3649386763572693
357,0.41213932633399963,0.47804996371269226,0.966582179069519,0.6567620038986206,0.8689223527908325,0.6826987862586975,0.9844530820846558,0.9113556146621704,0.46577197313308716,0.6118651628494263,0.4877098500728607,0.6182560920715332
358,0.5806683897972107,0.8833982944488525,0.4792972207069397,0.6227439641952515,0.9401172399520874,0.8118829131126404,0.511626660823822,0.5777209401130676,0.17727026343345642,0.08138595521450043,0.5526677370071411,0.5563615560531616
359,0.46617427468299866,0.5456460118293762,0.2033764123916626,0.12252765893936157,0.5669909715652466,0.8444026708602905,0.7607768774032593,0.6791281700134277,0.2819264531135559,0.334317684173584,0.3734987676143646,0.40613946318626404
360,0.16712014377117157,0.10126052796840668,1.1037366390228271,0.5906040668487549,0.7223455309867859,0.6764494180679321,0.5907151699066162,0.8647183179855347,0.4270622730255127,0.5076660513877869,0.5000048875808716,0.8554036021232605
361,0.2834746241569519,0.3728116452693939,0.8811646699905396,0.6872968673706055,0.8407584428787231,0.9276117086410522,0.8783817291259766,0.7249806523323059,0.5751878023147583,0.8714107871055603,0.8385043144226074,0.6219794154167175
362,0.4324837327003479,0.4780327081680298,0.4750388264656067,0.5378803014755249,0.27212053537368774,0.29889577627182007,0.7256702780723572,1.0043056011199951,0.7978401780128479,0.9187091588973999,0.3392965495586395,0.4159601330757141
363,0.18123534321784973,0.10966655611991882,0.460426390171051,0.5834054350852966,0.4638300836086273,0.5224488377571106,1.3620177507400513,0.888434648513794,0.7035356163978577,0.6500176191329956,0.4847358763217926,0.5374395847320557
364,0.5870881080627441,0.63810133934021,0.7446476221084595,0.9453549385070801,1.0069741010665894,0.8605586886405945,0.446005642414093,0.562169075012207,1.295288324356079,1.2514095306396484,0.9304795265197754,0.9690448641777039
365,0.9832614064216614,0.9132498502731323,0.693636953830719,0.8829431533813477,0.7287761569023132,1.1091400384902954,0.2866550087928772,0.3400702178478241,0.31587061285972595,0.42896920442581177,0.7492765188217163,0.6369220614433289
366,0.4166025221347809,0.5151860117912292,0.5362080335617065,0.6123077273368835,0.552733302116394,0.5786679983139038,0.901382565498352,0.5899430513381958,0.3312647342681885,0.4176885485649109,0.9430812001228333,0.9255537390708923
367,0.6247851252555847,0.5800740122795105,0.3014867901802063,0.4448870122432709,1.0469813346862793,1.2215944528579712,0.6150678992271423,0.6273965239524841,0.47912830114364624,0.563490092754364,0.6869056820869446,0.7673304677009583
368,0.45757541060447693,0.5751739144325256,0.41782885789871216,0.4783647954463959,0.588520348072052,0.5679526925086975,0.6251957416534424,0.621103048324585,0.6910926699638367,0.9183694124221802,0.8961513638496399,1.030808448791504
369,0.4762982428073883,0.5656959414482117,0.7841540575027466,0.6597046256065369,0.6844145059585571,0.6107742786407471,0.7264434695243835,0.6319084763526917,0.7299476861953735,0.926976203918457,0.8867996335029602,0.695344090461731
370,0.5800879597663879,0.9504151940345764,0.423123300075531,0.5075286030769348,0.4720747470855713,0.5708218216896057,0.7975117564201355,0.6265585422515869,0.5507779121398926,0.5801794528961182,0.7975145578384399,0.7375292181968689
371,0.7996621131896973,0.8809224963188171,0.6038557291030884,0.7119352221488953,0.5027246475219727,0.773309051990509,0.6781495213508606,0.800475537776947,0.8376614451408386,0.8499537110328674,0.42027467489242554,0.4487488567829132
372,0.6171063184738159,0.9066764712333679,0.26908010244369507,0.35207101702690125,0.877464771270752,0.9077227711677551,0.8266087770462036,0.8797667622566223,0.2703075408935547,0.2016761302947998,0.3158711791038513,0.2650371491909027
373,0.5856786370277405,0.8562687039375305,0.5825868844985962,0.6909974217414856,0.3581313490867615,0.45595553517341614,0.5760728120803833,0.5821781754493713,0.16983629763126373,0.08353421092033386,0.37505409121513367,0.44866514205932617
374,0.7647473216056824,1.3134890794754028,0.6203304529190063,0.6723559498786926,1.2191848754882812,1.0955719947814941,0.5915054678916931,0.6451296806335449,1.0366289615631104,0.671825110912323,0.3457161784172058,0.40306612849235535
375,0.581487238407135,0.6665076613426208,0.41388964653015137,0.48565107583999634,0.4769503176212311,0.5582563281059265,0.4523075222969055,0.5392626523971558,0.44770750403404236,0.5797772407531738,0.7481123208999634,1.3092707395553589
376,0.37014707922935486,0.40687817335128784,0.5673505067825317,0.5932483673095703,0.7641491293907166,0.8929593563079834,0.7142845988273621,0.680634617805481,0.7775036096572876,1.2696024179458618,0.8166453242301941,0.9374647736549377
377,0.4988211989402771,0.5898877382278442,0.5171829462051392,0.7821330428123474,0.6338812708854675,0.6251659989356995,0.7442922592163086,0.9009302854537964,0.20936965942382812,0.11395754665136337,0.7832711935043335,0.6752204298973083
378,0.8488564491271973,1.0549346208572388,0.7330911159515381,0.7281187176704407,0.7191243171691895,0.718392014503479,0.4664178788661957,0.5721517205238342,0.7394001483917236,0.9332761764526367,0.5178207159042358,0.5838063955307007
379,0.7124885320663452,0.6707218885421753,0.863446056842804,0.8781836628913879,0.6073000431060791,0.634886622428894,0.3308854401111603,0.46951204538345337,0.7336443662643433,0.9229878187179565,0.520814061164856,0.5564706325531006
380,0.6184662580490112,0.5828476548194885,0.5992839932441711,0.6384872794151306,0.6421369314193726,0.6135765314102173,0.6772015690803528,0.8973556160926819,0.46386614441871643,0.5668164491653442,0.7554423809051514,0.797822892665863
381,0.6335898041725159,0.6135330200195312,0.7551778554916382,0.6812222003936768,0.7732465863227844,0.7712345123291016,0.4839417338371277,0.524084746837616,1.613236427307129,1.0760536193847656,0.682684063911438,0.860745906829834
382,0.6176082491874695,0.9175124764442444,0.33293861150741577,0.4139705002307892,0.4774904251098633,0.4589810073375702,0.5992022752761841,0.7110083699226379,0.46352824568748474,0.5589345693588257,0.5930548906326294,0.5287647247314453
383,0.6319046020507812,0.648585855960846,0.613820493221283,0.6334084868431091,0.4579413831233978,0.5042292475700378,0.3525781035423279,0.4386725425720215,0.3931029438972473,0.45712560415267944,0.6119335889816284,0.5357505083084106
384,0.457955539226532,0.778224527835846,0.8312135934829712,0.7209153771400452,0.48775333166122437,0.5504997372627258,0.5407198071479797,0.5851313471794128,0.5837587118148804,0.6215457320213318,0.32033199071884155,0.2586763799190521
385,0.43834400177001953,0.5178653001785278,0.1872509866952896,0.10762069374322891,0.6403560042381287,0.9029417634010315,0.9963714480400085,0.7864654660224915,0.6009830236434937,0.5890607833862305,0.2680072784423828,0.16215236485004425
386,1.0381110906600952,1.1266648769378662,0.4941052794456482,0.5906111001968384,0.6181966066360474,0.7612249255180359,0.3714678883552551,0.41420188546180725,0.6677800416946411,0.6883720755577087,0.34539276361465454,0.3618513345718384
387,0.6369801759719849,0.6535722017288208,0.6824137568473816,0.605276346206665,0.47326213121414185,0.5375511050224304,0.1835443079471588,0.08602312952280045,0.8387348055839539,0.6527025103569031,1.2481300830841064,1.1108009815216064
388,0.47587117552757263,0.500124990940094,0.7047297358512878,1.2057136297225952,0.6358057260513306,0.639580249786377,0.9342039823532104,1.104112148284912,0.7429109215736389,0.7629910707473755,0.7787063717842102,0.7887968420982361
389,0.35375699400901794,0.44772857427597046,0.4532999098300934,0.563271164894104,0.7121168375015259,0.6130801439285278,0.7925803065299988,0.6804245710372925,0.3493918180465698,0.44593942165374756,0.48660868406295776,0.3671759366989136
390,0.33894938230514526,0.4160478115081787,0.6834901571273804,0.6562708020210266,0.5108381509780884,0.543129563331604,0.9161035418510437,0.7019827961921692,0.48785075545310974,0.5370261669158936,0.9031094312667847,1.1580272912979126
391,0.9064024686813354,0.7415934205055237,1.0049700736999512,1.1750993728637695,0.3723873794078827,0.43620967864990234,0.6117392778396606,0.8359339237213135,0.7627865672111511,0.8570650815963745,0.5593286156654358,0.625658392906189
392,0.44855403900146484,0.46825799345970154,0.8081108331680298,0.6204754710197449,0.6404933929443359,0.6865991950035095,0.6431959867477417,0.6925632357597351,0.7827049493789673,0.9738508462905884,0.9553605318069458,0.6833685636520386
393,0.4817838668823242,0.5887983441352844,1.1708691120147705,0.8722274899482727,0.5496488213539124,0.5139356255531311,0.22638893127441406,0.10242098569869995,0.5003016591072083,0.5810826420783997,0.8183029294013977,0.6398248076438904
394,0.5930117964744568,0.5779598355293274,0.36995452642440796,0.4503341317176819,0.6551235914230347,0.6318228840827942,0.8493720293045044,0.8304412961006165,0.37378019094467163,0.44828853011131287,0.5131602883338928,0.5280757546424866
395,0.737475574016571,0.8295150399208069,0.21625986695289612,0.11747343093156815,0.6416772603988647,0.6165249347686768,0.5075951814651489,0.5613359212875366,0.38877642154693604,0.454196572303772,0.6204583644866943,0.7982447147369385
396,0.5015350580215454,0.8238065242767334,0.5128219127655029,0.5157184600830078,0.4316941201686859,0.5168136358261108,0.6851669549942017,0.617631733417511,0.4855291247367859,0.47390297055244446,0.564996600151062,0.5188374519348145
397,0.5320699214935303,0.5842678546905518,0.42580336332321167,0.45341792702674866,0.6407277584075928,0.5631261467933655,0.8076494336128235,0.8704784512519836,0.7983070611953735,0.9067092537879944,0.7418128252029419,1.0077002048492432
398,0.6529293656349182,0.7340357303619385,0.19782979786396027,0.12367366254329681,0.8343874216079712,0.9027013182640076,0.9229916334152222,0.9290271997451782,0.610525906085968,0.6394047141075134,0.9109745025634766,0.9467630386352539
399,0.603859543800354,0.7029564380645752,0.6486880779266357,0.9127944111824036,0.7934259176254272,0.8968681693077087,0.7745736241340637,0.648743212223053,0.7481366395950317,0.9065223336219788,0.7931039929389954,0.7917674779891968
400,0.9326921701431274,0.6917694807052612,0.9718283414840698,0.9510857462882996,0.2332175225019455,0.12209314852952957,0.9461027979850769,0.9371163249015808,0.37078896164894104,0.4370352029800415,0.569598913192749,0.5795458555221558
401,0.610160768032074,0.6353780627250671,0.6245354413986206,0.9024651646614075,0.6951919198036194,0.8941530585289001,0.5055974125862122,0.5317298769950867,0.8792047500610352,0.6664326786994934,1.0364432334899902,0.6573599576950073
402,0.219456285238266,0.13471655547618866,0.6921985149383545,0.7580288648605347,0.8110427856445312,0.9009422063827515,1.07212495803833,0.7105742692947388,0.5436699390411377,0.74910569190979,0.5582457184791565,0.5960144996643066
403,0.6521869897842407,0.8940758109092712,0.7192933559417725,0.6482734680175781,0.9581087827682495,0.9025465250015259,0.49001115560531616,0.4797269403934479,0.6098583936691284,0.5940406322479248,0.8408334851264954,0.8534951210021973
404,0.3382822275161743,0.482783704996109,0.21248605847358704,0.11176564544439316,0.6581809520721436,0.7102220058441162,0.5691834688186646,0.5385437607765198,0.491243839263916,0.6074765920639038,0.44636160135269165,0.4472174346446991
405,0.4587914049625397,0.5374597907066345,0.724414050579071,0.6191454529762268,0.8918609619140625,0.8239734768867493,0.8108590245246887,0.7314618825912476,0.4899658262729645,0.5244551301002502,0.4646269381046295,0.45198944211006165
406,0.6484092473983765,0.9096211791038513,0.5109394788742065,0.5766197443008423,0.9734214544296265,0.9426887035369873,0.25970977544784546,0.13311903178691864,0.6219578981399536,0.650097131729126,0.2837272584438324,0.11806366592645645
407,0.2391844540834427,0.1435396820306778,0.4902030825614929,0.5700030326843262,0.5115370154380798,0.5428925156593323,0.914105236530304,0.750008225440979,0.33082979917526245,0.3199436664581299,0.5835703015327454,0.577962338924408
408,1.0970666408538818,0.9883833527565002,0.9298423528671265,0.9906747341156006,0.3911917805671692,0.34731757640838623,0.6377722024917603,0.8238742351531982,0.5798187255859375,0.5086392760276794,1.3460179567337036,1.2367249727249146
409,0.4842826724052429,0.5571860671043396,0.936812698841095,0.6638125777244568,1.070426344871521,0.8045293688774109,0.22629716992378235,0.10237423330545425,0.6450446844100952,0.7518339157104492,0.8499377369880676,0.9224745631217957
410,0.5701375603675842,0.5278964638710022,0.22892069816589355,0.10593833774328232,0.4943597912788391,0.5561780333518982,0.7948103547096252,0.9418154358863831,0.6464523673057556,0.8306671977043152,0.444225937128067,0.4080047905445099
411,0.39167243242263794,0.43213412165641785,0.7469887733459473,0.6878253221511841,0.9594585299491882,0.9485053420066833,0.9155129194259644,0.9401954412460327,0.654654324054718,0.6205209493637085,0.6439749002456665,0.6610091924667358
412,0.7118974924087524,0.6259929537773132,0.6530140042304993,0.6238910555839539,0.5555669665336609,0.4978844225406647,0.7904881238937378,0.8375356793403625,0.3675841689109802,0.4100222885608673,0.6015658378601074,0.49200451374053955
413,0.48537296056747437,0.5356760621070862,0.7181967496871948,0.790700376033783,0.6340032815933228,0.5210078954696655,0.8251723051071167,0.6765778064727783,0.7776801586151123,0.6670308113098145,0.727659285068512,0.6043810844421387
414,0.6449707746505737,0.6431201100349426,0.812042236328125,0.6821512579917908,0.5376777052879333,0.6035733222961426,0.7688859105110168,1.194525957107544,0.5377365946769714,0.49203193187713623,0.42457813024520874,0.4275341033935547
415,0.7174310684204102,0.5496718883514404,0.7158151865005493,0.5977044701576233,0.4039402902126312,0.44840526580810547,0.9003364443778992,0.9061688780784607,0.9293190240859985,0.66921466588974,1.03122878074646,1.2653112411499023
416,0.6057127118110657,0.5690233111381531,0.5006117224693298,0.5554166436195374,0.9340704679489136,1.0836418867111206,0.5795561075210571,0.8836989998817444,0.6795887351036072,1.2461810111999512,0.47169598937034607,0.42852097749710083
417,0.6527944207191467,0.8957855105400085,0.38868606090545654,0.3550325036048889,0.44249987602233887,0.4006953239440918,1.1757009029388428,1.0516712665557861,0.5202762484550476,0.5660009384155273,0.8199039697647095,0.6551441550254822
418,0.6490211486816406,0.8527546525001526,0.5129132270812988,0.5549273490905762,0.8240287899971008,1.321123719215393,0.45613765716552734,0.46929076313972473,0.41096144914627075,0.48637527227401733,0.4563013017177582,0.3885292410850525
419,0.8369587063789368,0.8950600624084473,0.6615198850631714,0.7897964715957642,0.5373767018318176,0.49426132440567017,0.6595063209533691,0.5981524586677551,0.5739673972129822,0.4892907440662384,0.7970331907272339,0.6046924591064453
420,0.3908051550388336,0.42487597465515137,0.775220513343811,0.9024598598480225,0.7803136706352234,0.6792164444923401,0.8132929801940918,0.6609714031219482,0.5448055267333984,0.5434767603874207,1.235653281211853,1.1142948865890503
421,0.5583071112632751,0.5089396238327026,0.48223090171813965,0.5532078146934509,0.5172654390335083,0.5007686614990234,0.7785432934761047,0.737957775592804,1.0326564311981201,0.8705455660820007,0.8878364562988281,0.625861644744873
422,0.39836904406547546,0.4524073302745819,1.0711978673934937,0.934175431728363,0.6863030791282654,0.6180627942085266,1.0205209255218506,0.8201166391372681,0.9041326642036438,0.6428484916687012,0.5395731925964355,0.5154257416725159
423,0.49914103746414185,0.4793606102466583,0.8622870445251465,0.6738443970680237,0.5550596714019775,0.5236403942108154,0.9383081197738647,0.8218123316764832,0.6735193729400635,0.6068458557128906,0.7374111413955688,0.5956276059150696
424,0.9375814199447632,0.9585276246070862,0.7187029123306274,0.9022860527038574,0.5452514886856079,0.5360165238380432,0.26129022240638733,0.10674715042114258,0.7661370635032654,0.7330931425094604,0.9159235954284668,0.7956972122192383
425,0.441753625869751,0.43760421872138977,0.5136833190917969,0.49500083923339844,0.7254493236541748,0.8210728168487549,0.8930283784866333,0.7010793685913086,0.38640129566192627,0.4249793291091919,0.725670576095581,0.933796763420105
426,0.388492226600647,0.4214009642601013,0.9855998754501343,0.6590600609779358,0.48498010635375977,0.5047664642333984,1.0032758712768555,0.689471423625946,0.9946799278259277,0.8028054237365723,0.7225850224494934,0.6651819944381714
427,0.2558133006095886,0.12872077524662018,0.3981078863143921,0.4091590344905853,0.6787689328193665,0.6129125356674194,0.6057755947113037,0.48966750502586365,0.9262562990188599,0.8951583504676819,0.6496655344963074,0.5898025631904602
428,0.7997597455978394,0.7186579704284668,0.982944667339325,0.9537060856819153,0.42682212591171265,0.4030228555202484,0.6584440469741821,0.6430814266204834,0.39793938398361206,0.42748862504959106,0.4270394444465637,0.4564843773841858
429,0.9818458557128906,0.8473694324493408,0.8125928640365601,0.9569987058639526,0.9085499048233032,1.070212960243225,0.8065902590751648,1.1708672046661377,0.9411934614181519,0.6984896659851074,0.5879297256469727,0.5160283446311951
430,0.8753300905227661,1.1065706014633179,0.4344607889652252,0.4021243751049042,0.7795082330703735,0.5975345969200134,0.7264949679374695,0.6271088123321533,0.5278089642524719,0.5411826372146606,0.32469555735588074,0.15434975922107697
431,0.5585347414016724,0.5555031895637512,0.7411031126976013,1.1379625797271729,0.5990515351295471,0.5957655906677246,1.0074678659439087,0.9021211266517639,0.9542151689529419,1.066885232925415,0.5935027599334717,0.8085678219795227
432,0.8143310546875,0.6297730207443237,0.5014639496803284,0.49471980333328247,0.8606768846511841,0.9459161758422852,0.8888041377067566,0.8773198127746582,0.6411150693893433,0.6919816136360168,1.006542682647705,0.8751223683357239
433,0.6853218078613281,0.5830027461051941,1.1604174375534058,1.2005234956741333,0.5173681974411011,0.46257683634757996,1.0699937343597412,1.0915528535842896,0.4757530093193054,0.4157874286174774,0.7534323334693909,0.6307365894317627
434,0.4633089005947113,0.3907560706138611,0.5205466151237488,0.4795500934123993,0.8930982351303101,0.5175116062164307,1.189947247505188,0.6743305921554565,0.5891739726066589,0.579365074634552,0.3602610230445862,0.1524014174938202
435,0.9607054591178894,0.6775757670402527,0.7573456764221191,0.5706765055656433,0.863551139831543,0.7042155861854553,0.3633379340171814,0.3579663336277008,0.6972193717956543,0.9137684106826782,1.1735645532608032,1.2752580642700195
436,0.8353508710861206,0.6366490721702576,1.3067139387130737,0.9847928881645203,0.851148784160614,0.8033597469329834,0.975495457649231,1.2320284843444824,0.875994861125946,0.6052784323692322,0.4538927972316742,0.41271859407424927
437,0.8374994993209839,0.6754629611968994,0.4032042622566223,0.40464961528778076,0.8886938095092773,0.9188653230667114,0.5540300607681274,0.623474657535553,0.9067306518554688,0.6430209875106812,0.7903870344161987,0.8426269292831421
438,0.5630221962928772,0.49634069204330444,0.7362439632415771,0.608566164970398,0.9407712817192078,0.8932826519012451,0.6258882284164429,0.4880276024341583,0.3260270953178406,0.12804009020328522,0.6816365122795105,0.5327885746955872
439,0.9080439805984497,0.81954425573349,0.6558310389518738,0.6666873693466187,0.5368503928184509,0.46829336881637573,0.3805621266365051,0.38805899024009705,0.6774965524673462,0.6526247262954712,0.47689276933670044,0.3809906244277954
440,0.7828426361083984,0.6361710429191589,0.9002607464790344,0.9799726009368896,0.8338287472724915,0.6178156137466431,0.3891679048538208,0.4614435136318207,1.1298896074295044,1.046549916267395,0.8202565312385559,1.0166040658950806
441,0.702122688293457,0.5907137989997864,0.6045440435409546,0.8651939630508423,0.7479132413864136,0.6071318984031677,0.6107254028320312,0.6712204813957214,0.5741876363754272,0.5811551213264465,0.7938023805618286,0.5505669713020325
442,0.25339677929878235,0.13107293844223022,0.9486039876937866,0.6312530636787415,0.5910700559616089,0.5898072123527527,0.7205654978752136,0.6497436761856079,0.5629681944847107,0.541907548904419,0.5850304961204529,0.38899555802345276
443,0.639187216758728,0.6648187637329102,0.41956931352615356,0.4134860038757324,0.6629236936569214,0.6822178363800049,1.0660594701766968,1.2396742105484009,0.3621564209461212,0.2456391304731369,0.47853001952171326,0.3423788547515869
444,0.7651259303092957,0.8614596128463745,0.4295768737792969,0.4555913209915161,0.7591410875320435,0.7206437587738037,0.50662761926651,0.5458245277404785,0.9900577664375305,0.6625805497169495,0.4891894459724426,0.43610188364982605
445,0.8771642446517944,0.846651017665863,0.5468125343322754,0.5411118865013123,0.5501204133033752,0.5583178400993347,0.5659316182136536,0.6247037649154663,0.8584623336791992,0.6335859894752502,0.6370998024940491,0.5969797372817993
446,0.5121493339538574,0.5697171688079834,0.5507988929748535,0.5543314218521118,1.0480047464370728,0.7617918848991394,0.8329567909240723,1.2783452272415161,0.49622049927711487,0.4873346984386444,0.49030938744544983,0.5178265571594238
447,1.1302915811538696,1.08077073097229,0.4940973222255707,0.5104222893714905,0.4020862579345703,0.3319653868675232,0.5067306756973267,0.4736511707305908,0.566355288028717,0.5806429386138916,0.604823648929596,0.5931338667869568
448,0.7915529012680054,0.5725885629653931,0.38352423906326294,0.404659628868103,0.8453142046928406,0.9185235500335693,0.44149574637413025,0.543440580368042,0.30327948927879333,0.21563057601451874,0.6149786710739136,0.46252214908599854
449,0.4981745183467865,0.4881759285926819,0.5635393261909485,0.5316128730773926,0.8419886827468872,0.7751744389533997,0.6016740202903748,0.537803590297699,0.7304518818855286,1.295483112335205,0.9295005798339844,0.6568046808242798
450,0.5876022577285767,0.5600779056549072,1.2155207395553589,1.1186171770095825,1.0495827198028564,1.3431826829910278,1.170098066329956,1.0892878770828247,0.7644411325454712,0.7424891591072083,0.7764869928359985,0.8581182360649109
451,0.7366527318954468,0.6664817929267883,0.5306196212768555,0.48270174860954285,0.3536683917045593,0.21225999295711517,0.5133833885192871,0.4492573142051697,0.6715640425682068,0.8773272037506104,0.9724575877189636,0.6612680554389954
452,0.8230291604995728,0.6381022334098816,0.6536601781845093,0.6351727247238159,0.9055901765823364,0.7535161375999451,0.9406265020370483,0.8777086138725281,0.7665743231773376,0.7031270861625671,1.1678721904754639,0.9756987690925598
453,0.3153119385242462,0.17144125699996948,0.7446072697639465,0.8617686629295349,0.4842842221260071,0.4505906105041504,0.5670968294143677,0.6010234355926514,1.6221195459365845,0.7678894996643066,0.5177667140960693,0.49473243951797485
454,0.7126597166061401,0.907924473285675,0.683570384979248,0.6237147450447083,0.876924991607666,0.8894277811050415,1.297743320465088,1.2863410711288452,0.7462979555130005,0.6982261538505554,0.964253306388855,1.2333662509918213
455,0.7914629578590393,0.5841495394706726,0.5681700110435486,0.534349262714386,0.9789592623710632,1.2888078689575195,0.42333564162254333,0.4211505353450775,0.28127384185791016,0.12052648514509201,0.7473491430282593,0.5551406145095825
456,0.9654240608215332,1.0846314430236816,0.3019014894962311,0.1395374834537506,0.9612310528755188,0.8322902321815491,0.9202365875244141,0.6456407904624939,0.5738159418106079,0.4901704490184784,0.6437402963638306,0.5710034370422363
457,0.612916111946106,0.5965660214424133,0.44080090522766113,0.37085434794425964,0.5906949043273926,0.6006255149841309,0.33358314633369446,0.16266582906246185,0.44127529859542847,0.39364421367645264,0.7685295343399048,0.815838098526001
458,0.7187005281448364,0.8625428080558777,0.6146081686019897,0.5620789527893066,0.7256926894187927,0.633911669254303,0.6615128517150879,0.6337231397628784,1.106300950050354,1.2310619354248047,0.7043484449386597,0.6133673191070557
459,0.5136830806732178,0.48186591267585754,1.2041752338409424,0.9041112065315247,0.5720659494400024,0.410338819026947,1.1050198078155518,1.3693019151687622,0.27070480585098267,0.12384149432182312,1.0626013278961182,0.9060801267623901
460,0.4386863112449646,0.45223426818847656,1.0323634147644043,1.282026767730713,0.6065242290496826,0.523714005947113,0.8595870733261108,0.7211337089538574,0.5403964519500732,0.48415693640708923,0.7016995549201965,0.5371017456054688
461,0.2860985994338989,0.19545477628707886,1.3079789876937866,1.6821082830429077,0.9254565238952637,0.6031708717346191,0.5522855520248413,0.5754651427268982,0.819008469581604,0.8411452174186707,0.735207736492157,0.5745214819908142
462,0.6919646263122559,0.6129103302955627,0.5477933883666992,0.5453693866729736,0.3708442747592926,0.21937015652656555,0.8132724761962891,0.6414628028869629,0.730533242225647,0.8132094144821167,0.7301729917526245,0.5537010431289673
463,0.749289870262146,0.9069733619689941,0.5816660523414612,0.48969724774360657,1.147979974746704,1.029110312461853,0.7123607397079468,0.6491354703903198,0.7472088932991028,0.8409008383750916,0.9419660568237305,0.7709472179412842
464,1.0228348970413208,0.9304211139678955,0.7371832132339478,0.8734849095344543,1.1672083139419556,0.8444309830665588,0.4329061508178711,0.45076942443847656,0.6979576349258423,0.5873175263404846,0.721451997756958,0.5821744799613953
465,0.801964282989502,0.9672778248786926,0.42963337898254395,0.44668376445770264,0.9018164873123169,0.9150365591049194,0.7013202905654907,0.9076210260391235,0.8374582529067993,0.8807140588760376,0.8710758090019226,0.6459407806396484
466,0.6046881079673767,0.5254519581794739,0.9889758229255676,0.9077740907669067,0.5948289632797241,0.4766806364059448,0.7324293851852417,0.7097988128662109,0.7386944890022278,0.6146008372306824,0.9993354082107544,0.6795040369033813
467,0.7732826471328735,0.5340660214424133,0.6947057843208313,0.70196932554245,0.9517921209335327,0.6728379130363464,0.476870596408844,0.38694024085998535,0.4400673508644104,0.5097166895866394,0.7855576276779175,0.5622169971466064
468,0.5818319320678711,0.508740246295929,0.44090548157691956,0.4903877377510071,0.7705926299095154,0.6697060465812683,0.5802689790725708,0.4746849238872528,0.46811676025390625,0.4284520745277405,0.8178938627243042,0.908905029296875
469,0.5460880994796753,0.5657027959823608,0.45119985938072205,0.4279555380344391,0.48133689165115356,0.39037084579467773,0.8543442487716675,0.945381760597229,0.9553993940353394,0.8989012241363525,0.7195430397987366,0.5937311053276062
470,0.5972625017166138,0.560973584651947,0.7895322442054749,0.8034194111824036,0.6515232920646667,0.548008918762207,0.6166521310806274,0.6186835169792175,0.6128259897232056,0.6923197507858276,1.1035774946212769,0.6946879029273987
471,0.6112006902694702,0.6746187806129456,0.7471786737442017,0.7631857991218567,1.1571223735809326,0.8647779822349548,0.7266635894775391,0.6245562434196472,0.8222267031669617,0.6205268502235413,0.7032462954521179,0.8751489520072937
472,0.8739300966262817,0.86490398645401,0.727895200252533,0.6355284452438354,0.5189870595932007,0.46098822355270386,0.6586984395980835,0.7879689335823059,0.697808027267456,0.7403386235237122,0.8100370168685913,0.6212379932403564
473,0.7381110787391663,0.7076354026794434,0.6611886620521545,0.581155002117157,1.1459252834320068,1.061052918434143,0.8814452290534973,0.6531863212585449,0.47497931122779846,0.5118938088417053,0.4797848165035248,0.42718052864074707
474,1.261388897895813,0.9739327430725098,0.31643351912498474,0.1866571009159088,0.6277294158935547,0.43251532316207886,0.9373464584350586,0.9717317819595337,0.7074146270751953,0.6230528354644775,0.655116617679596,0.5868434309959412
475,0.6103991270065308,0.5155441164970398,0.44020214676856995,0.4267549216747284,0.6702120304107666,0.6231397390365601,0.334505170583725,0.13964271545410156,0.6812179684638977,0.6170159578323364,1.0510377883911133,0.6431921720504761
476,0.6728725433349609,0.48881274461746216,0.7627590894699097,0.6951100826263428,0.7581169009208679,0.6215189099311829,0.6439555883407593,0.500194787979126,0.9858232736587524,0.8441448211669922,0.7656546831130981,0.6429455280303955
477,0.8431212306022644,0.8872409462928772,1.0363709926605225,0.9014412760734558,0.843230128288269,0.866603672504425,0.8716200590133667,0.9078748226165771,0.6655619740486145,0.5978637933731079,0.6509078741073608,0.5282941460609436
478,0.31548258662223816,0.21815213561058044,0.5936416387557983,0.5300663709640503,0.5820945501327515,0.4753333628177643,0.43925824761390686,0.3672529458999634,0.42527252435684204,0.2761138081550598,0.8996487855911255,1.2784043550491333
479,0.5526081919670105,0.6898154616355896,0.47115951776504517,0.3829800486564636,0.8860886693000793,0.6734797358512878,0.6018909215927124,0.5447325110435486,0.4593423008918762,0.4280240833759308,0.9303286671638489,0.697338342666626
480,1.0230885744094849,0.9613505601882935,1.454000473022461,1.3257920742034912,0.9646784663200378,0.7235786318778992,0.6027296781539917,0.5745234489440918,0.697035014629364,0.5637611150741577,0.7909751534461975,0.7590646743774414
481,0.9086636304855347,0.9407216906547546,0.8152524828910828,0.7373294830322266,0.6294773817062378,0.5013980865478516,0.9284926652908325,0.6434276700019836,0.5900208950042725,0.512423038482666,0.930209755897522,0.5544444918632507
482,0.34902963042259216,0.20708180963993073,0.5701836347579956,0.45582038164138794,1.1216094493865967,0.9031124711036682,0.48689794540405273,0.43088865280151367,0.7133718729019165,0.7192437052726746,0.8416200876235962,0.6465327143669128
483,0.871058464050293,0.7927793264389038,0.8509259223937988,0.6316007971763611,0.7791960835456848,0.6799871921539307,1.012984037399292,0.6702594757080078,0.3509545922279358,0.13421636819839478,0.6498439311981201,0.5672081112861633
484,0.7466298937797546,0.6497393846511841,0.38840252161026,0.3588000535964966,0.5991538763046265,0.5870167016983032,0.48335903882980347,0.42184576392173767,0.9524763822555542,1.059646725654602,0.5249537825584412,0.415624737739563
485,0.4471608102321625,0.47617238759994507,0.4679183065891266,0.4668186902999878,0.7331217527389526,0.751945436000824,0.3690205216407776,0.15208032727241516,0.47855305671691895,0.448207825422287,0.7056524157524109,0.8479017019271851
486,0.5492400527000427,0.6187029480934143,0.6265062093734741,0.5268274545669556,0.647100031375885,0.5524468421936035,0.44483956694602966,0.248381569981575,0.6128906607627869,0.820418119430542,0.808707058429718,0.5668613314628601
487,0.6097651124000549,0.536220133304596,0.7841570377349854,0.5735155344009399,0.5094467997550964,0.5023117661476135,0.8330127596855164,0.7317230701446533,0.8024005889892578,0.5760502815246582,0.7863324284553528,0.8268254399299622
488,0.9974654912948608,1.1074817180633545,0.6523967981338501,0.5240414142608643,1.0569902658462524,0.9692484736442566,0.906842827796936,0.6499539017677307,0.8461031913757324,0.5907906293869019,0.9420722126960754,1.26067316532135
489,1.0663788318634033,1.2436028718948364,0.8716027140617371,0.8471283316612244,0.8166137933731079,0.8299020528793335,0.6484841108322144,0.6493704915046692,0.6719409227371216,0.8180773854255676,0.8466842770576477,0.8189736008644104
490,0.8582404255867004,0.692101001739502,0.4617999196052551,0.49784305691719055,1.0741851329803467,0.6353293657302856,0.5917966365814209,0.4377772808074951,0.8256961107254028,0.6688646674156189,0.7972739934921265,0.6377533078193665
491,0.6864433884620667,0.7274085879325867,0.7446110248565674,0.5481699705123901,0.8214794397354126,0.6050312519073486,0.8997009992599487,0.9117048382759094,0.9823503494262695,0.6915901303291321,0.77924644947052,0.70594322681427
492,0.6862401962280273,0.7704834938049316,0.7245303392410278,0.6084877848625183,0.583462119102478,0.5047507882118225,0.805117130279541,0.5950825214385986,0.5887902975082397,0.5514490008354187,1.0042471885681152,0.8028990626335144
493,0.9953964948654175,0.8713818192481995,0.8906158208847046,0.7282490730285645,0.9127126932144165,1.026594877243042,1.0990753173828125,0.7858354449272156,0.6892690658569336,0.562264621257782,0.6887272596359253,0.5261460542678833
494,0.961004376411438,0.6564328670501709,0.848609447479248,0.9152888655662537,1.2921838760375977,0.8407606482505798,0.9025337100028992,0.6328067779541016,0.35627833008766174,0.1577562838792801,0.5396894812583923,0.37888479232788086
495,0.588986873626709,0.5748224854469299,0.6254668831825256,0.5962477922439575,0.5444028377532959,0.48968976736068726,0.7968038320541382,0.8844879865646362,0.7224845886230469,0.6611819863319397,1.0015583038330078,0.8967586159706116
496,0.42830997705459595,0.45706722140312195,0.5078397393226624,0.46073079109191895,0.7637810111045837,0.5799418091773987,0.6360652446746826,0.5664793848991394,0.688928484916687,0.5640056729316711,0.5926251411437988,0.46110984683036804
497,0.8229094743728638,0.6632633209228516,0.6571431756019592,0.5430037379264832,1.1880966424942017,1.066441297531128,1.0276885032653809,0.8913516998291016,0.6213470697402954,0.589771032333374,0.8330667614936829,0.7067903280258179
498,0.6098240613937378,0.5506347417831421,0.7832369208335876,0.6480990648269653,0.505531907081604,0.43081191182136536,0.504985511302948,0.4408017694950104,0.723183274269104,0.707228422164917,0.7930077314376831,0.9007300734519958
499,0.722123920917511,0.6352881789207458,0.7542663812637329,0.8211791515350342,0.3928215801715851,0.17465803027153015,1.4537403583526611,1.2692338228225708,0.7213113903999329,0.5913986563682556,0.5650252103805542,0.4405559301376343
500,0.9929990768432617,0.9051533341407776,0.7499433159828186,0.6497435569763184,0.6587095260620117,0.5262457132339478,0.497319757938385,0.4567323923110962,0.7571716904640198,0.6536417007446289,0.8274022936820984,0.6077743768692017
501,0.6254000663757324,0.5061855912208557,0.7016752362251282,0.6034218668937683,0.8737637400627136,0.6533114314079285,0.3668674826622009,0.1855759173631668,1.0281479358673096,0.6804478168487549,1.1829453706741333,1.2298606634140015
502,0.7952321767807007,0.612065315246582,0.5521326661109924,0.42015132308006287,0.6640883088111877,0.5241701006889343,1.0939580202102661,1.2839975357055664,0.7968036532402039,0.8926501274108887,0.8561702966690063,0.8319475054740906
503,0.5645396709442139,0.5617948174476624,0.6779709458351135,0.7528906464576721,0.6764286160469055,0.5588033199310303,0.7066059112548828,0.5383555293083191,0.6000990271568298,0.568510115146637,0.42730656266212463,0.16802377998828888
504,0.5667487978935242,0.4966289699077606,0.5429680943489075,0.4202606976032257,0.7985358238220215,0.917963981628418,0.6311326622962952,0.5464329719543457,0.6183044910430908,0.5871540904045105,0.9889184236526489,0.6719650030136108
505,0.8996885418891907,0.6211770176887512,0.9549372792243958,0.695824146270752,1.0235974788665771,0.8571930527687073,0.39576423168182373,0.1781459003686905,0.6603585481643677,0.5550383925437927,0.6170135140419006,0.4242177903652191
506,0.8663217425346375,0.905892014503479,0.5676230788230896,0.44327834248542786,0.509830892086029,0.4928787648677826,0.911615252494812,1.0173673629760742,0.5584508180618286,0.4035639762878418,0.7716147899627686,0.5354339480400085
507,0.3357583284378052,0.18026915192604065,1.054225206375122,0.8449797034263611,0.5454810857772827,0.4473596513271332,1.185968041419983,0.9485702514648438,0.9187590479850769,0.9132755994796753,0.7590928077697754,0.5004307627677917
508,0.6099244356155396,0.5811028480529785,0.576229989528656,0.6311988234519958,0.8841880559921265,0.6705986857414246,0.6625832319259644,0.5102877020835876,0.48490530252456665,0.38546693325042725,1.0626887083053589,0.7814835906028748
509,0.9025565385818481,0.6310226917266846,0.7012206315994263,0.62617027759552,0.5490573048591614,0.39947080612182617,0.7498618364334106,0.8277691602706909,1.0082666873931885,0.6065884828567505,0.7165025472640991,0.6163328289985657
510,0.6053034067153931,0.5583114624023438,1.131032943725586,1.2699651718139648,0.48919886350631714,0.3843342363834381,0.6854724287986755,0.6765687465667725,0.6177345514297485,0.5566530823707581,1.131908655166626,0.8598425984382629
511,0.9823465347290039,1.31614089012146,0.7839066386222839,0.846174418926239,0.9687414169311523,0.5827553868293762,0.7171471118927002,0.8097630739212036,1.1159414052963257,0.8680610656738281,0.8270210027694702,0.6331194639205933
512,0.3483380377292633,0.1729162186384201,0.9405994415283203,0.8004823923110962,0.4682503640651703,0.5255399942398071,1.0437774658203125,0.8488938212394714,0.6843318939208984,0.5779090523719788,1.0772278308868408,1.6703753471374512
513,0.9178521037101746,0.7045472860336304,0.5316883325576782,0.4678393602371216,0.9911540150642395,0.8717474341392517,0.6362386345863342,0.640215277671814,0.7744124531745911,0.6599623560905457,1.273834228515625,0.8075122833251953
514,0.6916343569755554,0.6555283069610596,0.7719622850418091,0.7797479033470154,0.8412211537361145,0.6391976475715637,0.6946948170661926,0.5817607641220093,0.9683953523635864,0.8657816052436829,0.8419100642204285,0.8239353895187378
515,0.6285239458084106,0.869074285030365,0.7480121850967407,0.6443995237350464,0.5479410886764526,0.391185462474823,0.5545898079872131,0.4300970435142517,0.8158077001571655,0.7164903283119202,0.5784257054328918,0.4114954471588135
516,0.6447789072990417,0.5814858078956604,0.6432443857192993,0.5220140218734741,0.5691956281661987,0.47997960448265076,0.7353650331497192,0.630936861038208,1.2584264278411865,1.2862557172775269,0.7044863104820251,0.4697331488132477
517,0.33116334676742554,0.1407291293144226,1.1726645231246948,0.6617621779441833,0.5610713958740234,0.4032793343067169,0.8416508436203003,0.6302087903022766,0.6549433469772339,0.5554718971252441,0.8907240033149719,0.7441318035125732
518,0.9336541891098022,0.9678278565406799,0.5206913352012634,0.5497187376022339,0.7888425588607788,0.5979298949241638,0.4302390515804291,0.20915479958057404,0.9414616823196411,0.9048088788986206,0.9128364324569702,0.8575015664100647
519,0.6896839141845703,0.47564107179641724,1.193461537361145,0.8489612936973572,0.6877249479293823,0.5031350255012512,0.8736268281936646,0.8966553211212158,0.8507063984870911,0.7450411319732666,1.079681158065796,0.9027340412139893
520,0.5116806030273438,0.449876606464386,0.6467418670654297,0.6195674538612366,0.9552812576293945,0.5946295857429504,0.5806287527084351,0.5719943642616272,0.553335964679718,0.4318736791610718,0.5386475324630737,0.31408101320266724
521,0.9431697130203247,0.8710520267486572,0.758964478969574,0.6387029886245728,0.7042399048805237,0.5128580927848816,0.8990219235420227,0.8070438504219055,1.196878433227539,0.926156222820282,0.856379508972168,0.6924806237220764
522,0.7177609205245972,0.5496348142623901,0.9937751889228821,0.9906899929046631,0.9879104495048523,0.6445879936218262,0.681781530380249,0.5805585384368896,0.5068049430847168,0.41452479362487793,0.8867162466049194,0.5897760987281799
523,0.7796839475631714,0.9481158256530762,1.0866448879241943,1.0245426893234253,0.6657716631889343,0.5202986001968384,1.1575356721878052,1.0495513677597046,0.9158824682235718,0.9648140072822571,0.5833120942115784,0.47979941964149475
524,0.6255781650543213,0.6306202411651611,0.6430054903030396,0.5613815784454346,0.3689683675765991,0.18235868215560913,0.6356179714202881,0.7632750868797302,0.6416115164756775,0.5550695657730103,1.0949304103851318,0.6791375279426575
525,0.6480803489685059,0.5329456329345703,0.5279659032821655,0.5043478608131409,0.40442290902137756,0.19044829905033112,0.7428034543991089,0.5426373481750488,0.909543514251709,1.2801728248596191,0.7481094002723694,0.6445748805999756
526,0.650600790977478,0.6186335682868958,0.9031057357788086,0.6337324976921082,0.6863104701042175,0.7584420442581177,0.788544774055481,0.5901939272880554,0.9019120335578918,0.732779324054718,0.4258435368537903,0.15273773670196533
527,0.8857169151306152,0.6690974235534668,0.5668627619743347,0.4135737419128418,0.9515398144721985,1.206331729888916,0.7509296536445618,1.0171501636505127,0.6397601366043091,0.40856456756591797,0.7903506755828857,0.5607874393463135
528,1.1025261878967285,1.2375943660736084,0.491673082113266,0.26948362588882446,0.6004073023796082,0.5521092414855957,0.8004096150398254,1.2102372646331787,0.9553261995315552,0.9263826012611389,0.9853615760803223,0.9024385809898376
529,0.7498611807823181,0.6694488525390625,0.8929538726806641,0.6181455254554749,0.7133710980415344,0.5250615477561951,0.6458287835121155,0.5566738843917847,0.639602541923523,0.8077306747436523,0.7388083934783936,0.5509400367736816
530,0.5806886553764343,0.401235431432724,0.7956925630569458,0.8797473907470703,0.5670932531356812,0.444389283657074,0.5465997457504272,0.4856519401073456,1.0812873840332031,0.9343201518058777,1.0984375476837158,1.0981961488723755
531,1.1983598470687866,1.3066133260726929,0.7563742995262146,0.6142180562019348,0.8056918978691101,0.8236557245254517,1.0583710670471191,0.8958930373191833,0.7167814373970032,0.5727013945579529,0.581351637840271,0.4594508111476898
532,0.5116183757781982,0.3836955428123474,0.8268624544143677,0.6110143661499023,1.1391000747680664,1.0504266023635864,0.8254854083061218,0.8238703608512878,0.5917020440101624,0.43351343274116516,0.8880203366279602,0.6998514533042908
533,0.7437153458595276,0.5810218453407288,0.6756493449211121,0.7903339862823486,0.7745130658149719,0.6311336755752563,1.194035530090332,0.9153929948806763,0.8050497770309448,0.5759555697441101,0.6002691984176636,0.49246203899383545
534,0.7746874690055847,0.6407613158226013,0.8201780319213867,0.6467785835266113,0.49071770906448364,0.38909196853637695,0.5165148973464966,0.42386022210121155,0.7175911664962769,0.5231818556785583,1.285896897315979,1.0417801141738892
535,0.652730405330658,0.593019962310791,0.9610089063644409,0.8669214844703674,1.0862771272659302,0.8783394694328308,0.5865913033485413,0.43081775307655334,0.6332715749740601,0.5445035696029663,0.987593948841095,0.6351518630981445
536,0.9046018719673157,0.6156148910522461,0.7286295890808105,0.4583819508552551,0.7260111570358276,0.5890403389930725,0.7231528162956238,0.536716639995575,0.8464308977127075,0.544146716594696,0.6578059792518616,0.39080187678337097
537,0.9178836941719055,0.8081410527229309,0.7870668172836304,0.6858538389205933,0.9459550976753235,0.5982025265693665,1.1007473468780518,0.6631664037704468,0.5327203869819641,0.4355471730232239,0.8499523401260376,0.5720619559288025
538,0.9588872194290161,0.7865597009658813,0.5444124341011047,0.30206453800201416,0.6757694482803345,0.6276835799217224,0.6359571218490601,0.5983988642692566,0.9519124031066895,0.6322841048240662,0.6460117101669312,0.3984890878200531
539,0.7262238264083862,0.9227909445762634,0.5746029615402222,0.44879525899887085,0.8288403749465942,0.7221280932426453,0.8175052404403687,0.5335373878479004,0.5851455926895142,0.4336724281311035,0.7175071835517883,0.5254859924316406
540,0.47613081336021423,0.35583066940307617,0.9852531552314758,0.8921900391578674,0.9891024827957153,0.5880259275436401,0.9811711311340332,0.691555380821228,0.8975127339363098,0.7741782069206238,0.9077162742614746,0.8549286723136902
541,0.7117025256156921,0.6163772344589233,0.530845046043396,0.43772557377815247,0.7670881748199463,0.844976544380188,0.856850266456604,0.6086925268173218,0.9177418947219849,0.6735802888870239,0.7528163194656372,0.4752689003944397
542,0.7825273275375366,0.7896296977996826,0.7414281964302063,0.6553694605827332,0.39941829442977905,0.16472195088863373,0.6272674798965454,0.39907827973365784,0.6913456916809082,0.8026935458183289,0.6716620326042175,0.4388936161994934
543,1.090741515159607,0.8742647171020508,0.9365891218185425,1.0860339403152466,0.687314510345459,0.6329030990600586,0.5237771272659302,0.4242496192455292,0.49976032972335815,0.27177464962005615,1.1766119003295898,0.9388646483421326
544,0.6453421115875244,0.8193515539169312,0.5528637170791626,0.4246523678302765,0.6413821578025818,0.520089864730835,1.149670958518982,0.7573855519294739,1.1109676361083984,1.2563178539276123,0.9077177047729492,0.6174190044403076
545,0.4961012899875641,0.4225962460041046,0.7620950937271118,0.6027251482009888,1.0311119556427002,0.6865648031234741,0.8296367526054382,0.6433655023574829,0.7102100849151611,0.4999774992465973,0.8056190609931946,0.6533910632133484
546,0.9172519445419312,0.6721017956733704,0.627872109413147,0.6280327439308167,0.9199367761611938,0.6430391073226929,0.5747991800308228,0.3977878987789154,0.931631863117218,0.8833427429199219,0.8610759973526001,0.6129657626152039
547,0.5973061919212341,0.4420887231826782,0.9756617546081543,0.9396724700927734,0.3955893814563751,0.1409769356250763,0.8290929794311523,0.6599220037460327,0.7118314504623413,0.5831804871559143,0.6327541470527649,0.42491865158081055
548,0.961359977722168,0.5867856740951538,0.8345538377761841,0.5807221531867981,0.6271825432777405,0.5603135824203491,0.8854628801345825,0.5542260408401489,1.013153076171875,0.8490374088287354,0.9365143775939941,0.8120800256729126
549,0.5017980933189392,0.47062402963638306,0.8612580299377441,0.6157833933830261,0.811165452003479,0.5956915616989136,0.707624077796936,0.5003700256347656,0.8027518391609192,0.9004326462745667,0.49103718996047974,0.1881987601518631
550,0.3986150026321411,0.18728536367416382,0.6438885927200317,0.5395283102989197,0.6965129375457764,0.5750182271003723,1.2062324285507202,0.8957178592681885,0.9626480340957642,0.8663550615310669,0.6753965616226196,0.3850918412208557
551,1.0485258102416992,0.6564010977745056,0.693673849105835,0.592076301574707,0.5355976819992065,0.45997869968414307,0.8160117268562317,0.6525805592536926,0.6844661235809326,0.5343466997146606,0.7263320088386536,0.588439404964447
552,0.9124981164932251,0.8359670639038086,0.7735283374786377,0.663211464881897,0.8731638193130493,0.6070882678031921,0.7347553968429565,0.5134886503219604,0.68681800365448,0.5388302206993103,0.9898644685745239,1.2627426385879517
553,0.6549515128135681,0.5630781054496765,0.5856195688247681,0.46187514066696167,0.8912583589553833,0.8632944822311401,1.0888406038284302,0.8458455204963684,0.5161681771278381,0.3397976756095886,0.7475957870483398,0.55782151222229
554,0.7770252823829651,0.8524394035339355,0.5256764888763428,0.3969745934009552,0.5593379139900208,0.4678167700767517,0.7236801981925964,0.597010612487793,0.8010762929916382,0.5730079412460327,0.8365426063537598,0.9587168097496033
555,0.680643618106842,0.5318362712860107,0.8818375468254089,1.0291184186935425,0.9658268094062805,0.6379961967468262,1.06540846824646,0.8061224222183228,0.43442192673683167,0.17179284989833832,0.8202531933784485,0.5966762900352478
556,0.5916293859481812,0.4442859888076782,0.9868350028991699,0.5095882415771484,0.6706424951553345,0.54367595911026,1.0674448013305664,0.8870872855186462,0.8693966865539551,0.6304804086685181,1.0125582218170166,0.8722498416900635
557,0.7928177118301392,0.7812639474868774,0.6306456327438354,0.5368632674217224,0.4069186747074127,0.16687791049480438,1.0587701797485352,0.8379105925559998,0.7420675158500671,0.5996133089065552,0.9112740755081177,0.6909746527671814
558,0.823154628276825,0.5944904685020447,0.6684103608131409,0.5088077783584595,0.6271970272064209,0.4672375023365021,0.7993659377098083,0.5342071056365967,1.0965052843093872,0.6045237183570862,0.731429934501648,0.43439459800720215
559,1.0274851322174072,0.6989898085594177,1.0645716190338135,0.9894722104072571,0.9700004458427429,0.8772298693656921,1.4514771699905396,1.0526944398880005,1.4100788831710815,1.2096959352493286,0.7934664487838745,0.6012166142463684
560,0.8670977354049683,0.9079208374023438,0.6513854265213013,0.5627097487449646,1.075589656829834,0.7600536942481995,0.6993731260299683,0.5579319000244141,0.6894778609275818,0.5387468338012695,0.48764070868492126,0.16905580461025238
561,0.6426411867141724,0.47723862528800964,0.5623879432678223,0.39919140934944153,0.8933809399604797,0.8958235383033752,0.7459043264389038,0.5446333289146423,0.6933712959289551,0.5176491141319275,0.594610869884491,0.37308141589164734
562,0.5230133533477783,0.45912832021713257,0.5680899620056152,0.48882290720939636,0.6730512380599976,0.7570779323577881,1.1403249502182007,0.9612744450569153,0.8488554954528809,0.5313467979431152,0.7679811716079712,0.6449456214904785
563,0.803066611289978,0.6420944929122925,0.6007771492004395,0.5823065042495728,1.2060468196868896,0.8850404024124146,0.8697981834411621,0.5447017550468445,0.5646893382072449,0.3821965456008911,0.8224138021469116,0.6555612683296204
564,1.2493993043899536,1.3039361238479614,0.708682119846344,0.5375190377235413,0.9724701046943665,0.8717125654220581,0.746679425239563,0.6285290718078613,0.9707792401313782,0.7739005088806152,0.9803475141525269,0.6412498950958252
565,1.3332264423370361,0.9540475010871887,0.8729668855667114,0.5985791087150574,0.6922391057014465,0.5877026319503784,0.8148493766784668,0.6486533880233765,0.6510421633720398,0.36776474118232727,0.8005251884460449,0.5159125924110413
566,0.9150678515434265,0.8670713305473328,0.9949370622634888,0.9406764507293701,0.9740525484085083,0.892010509967804,0.5814348459243774,0.4269823133945465,0.7226616144180298,0.4876450002193451,0.6362296938896179,0.3538770079612732
567,1.1260266304016113,0.7941383123397827,1.0181448459625244,0.955864429473877,0.7670313119888306,0.5643420815467834,0.8541976809501648,0.6135542392730713,1.0503016710281372,0.9402516484260559,0.8376496434211731,0.6036123037338257
568,0.8603943586349487,0.6419622302055359,0.9220272898674011,0.8871163725852966,0.8917111158370972,0.5712433457374573,0.6506720781326294,0.44073960185050964,0.7988104820251465,0.5188990235328674,0.6638903617858887,0.4203394949436188
569,0.9306614995002747,0.8617731928825378,0.693191409111023,0.5827722549438477,1.2275469303131104,0.8507269024848938,0.5159306526184082,0.2518024742603302,0.7625930905342102,0.6183209419250488,0.4948912560939789,0.2163396030664444
570,0.6686655879020691,0.5745718479156494,0.6449300050735474,0.513189971446991,1.0675554275512695,0.5834517478942871,1.280701994895935,0.8751793503761292,0.7201563119888306,0.5465260744094849,0.7097869515419006,0.5556806325912476
571,0.7482891082763672,0.5541305541992188,0.9987202882766724,0.9120831489562988,0.4368462562561035,0.15089987218379974,1.0896412134170532,0.9156872630119324,0.6527947187423706,0.4338901937007904,0.989700198173523,0.6769973039627075
572,0.6625586152076721,0.4363868236541748,0.5091964602470398,0.34772342443466187,0.6805930137634277,0.7918980121612549,0.6692452430725098,0.4428585469722748,0.689358115196228,0.5389092564582825,1.2914515733718872,0.9022961258888245
573,1.0312217473983765,0.6976430416107178,0.7541059255599976,0.5645545721054077,1.1179530620574951,0.8685690760612488,0.8698610067367554,0.5344358682632446,0.7190285325050354,0.5227048397064209,0.9742840528488159,0.7746882438659668
574,0.6936942338943481,0.5242542624473572,0.7196616530418396,0.5098062753677368,0.7931932210922241,0.7293540239334106,0.6964243650436401,0.5384101867675781,0.7274606823921204,0.5758167505264282,1.4055477380752563,0.9628422260284424
575,1.0516279935836792,0.8766381740570068,1.232933521270752,1.5363017320632935,0.7914509177207947,0.7890717387199402,0.756416916847229,0.5464719533920288,0.8852128982543945,0.6705598831176758,0.7494592666625977,0.5200228691101074
576,0.5323563814163208,0.440080463886261,0.6622928380966187,0.466410756111145,0.6028081774711609,0.38886770606040955,0.7535439729690552,0.5354576110839844,0.8237764239311218,0.5943318009376526,0.7569114565849304,0.5348463654518127
577,0.6173948049545288,0.3745808005332947,0.8271709680557251,0.8288847804069519,0.9669996500015259,0.5883600115776062,0.963013768196106,0.5944200754165649,0.9436675310134888,0.8784254193305969,0.5861524343490601,0.23531129956245422
578,0.6915876269340515,0.5127434730529785,0.9211751222610474,0.8551207780838013,0.8718867301940918,0.6177419424057007,0.7044872045516968,0.44149667024612427,0.868033230304718,0.559712827205658,0.5209227800369263,0.2110706865787506
579,0.8207279443740845,0.6188244223594666,1.0760812759399414,0.6449505686759949,0.5748255848884583,0.4196597635746002,0.8630644679069519,0.926948606967926,0.7261872291564941,0.6781705617904663,0.5332814455032349,0.23680756986141205
580,0.7101931571960449,0.6264424324035645,0.6936066746711731,0.463664174079895,0.9051628112792969,0.6252363920211792,1.0504895448684692,1.0628888607025146,0.7735396027565002,0.45789337158203125,0.7398717999458313,0.7627813220024109
581,0.7372613549232483,0.5799350142478943,0.7972022891044617,0.5293334126472473,0.658699631690979,0.47035521268844604,1.038812518119812,0.8420161604881287,0.8662184476852417,0.5548972487449646,1.1382215023040771,0.5989134311676025
582,1.0640047788619995,0.660804808139801,0.7190009355545044,0.47450411319732666,0.5583544969558716,0.354592502117157,1.0962144136428833,0.9545563459396362,1.0254592895507812,0.872941255569458,0.8311171531677246,0.5315320491790771
583,1.1505557298660278,0.896830677986145,0.5959317088127136,0.5063737034797668,0.5901972055435181,0.42074084281921387,1.1430693864822388,0.7439709305763245,0.9032188653945923,0.8332595229148865,0.8836352229118347,0.6068187952041626
584,0.633956789970398,0.4832764267921448,0.9756679534912109,0.6994975209236145,0.6615927815437317,0.42614859342575073,0.6886580586433411,0.4486701488494873,0.43466129899024963,0.14339062571525574,0.6206013560295105,0.3831450641155243
585,0.8615704774856567,0.8522164821624756,0.6809180974960327,0.5108993053436279,0.6575115919113159,0.47359201312065125,0.5593723058700562,0.3974003493785858,0.8543197512626648,0.5600444674491882,0.9610373377799988,0.6026163697242737
586,0.5789233446121216,0.38324037194252014,0.9661722183227539,0.6733970642089844,0.9748817682266235,0.9060208797454834,0.9628232717514038,0.6663514971733093,0.8889447450637817,0.4983064532279968,1.3243225812911987,1.1217373609542847
587,0.8848845362663269,0.7325368523597717,0.4663761556148529,0.19873666763305664,0.8882849812507629,0.6167030334472656,0.5271546244621277,0.2791312336921692,0.7678075432777405,0.5696079134941101,0.6924363374710083,0.49019354581832886
588,0.8922804594039917,1.2367186546325684,0.9206529855728149,0.828324556350708,0.836182713508606,0.5399603247642517,0.5019866824150085,0.1653818041086197,0.4843618869781494,0.17842011153697968,0.635258674621582,0.384863018989563
589,0.51670902967453,0.33061957359313965,1.313781976699829,1.2982083559036255,0.6577720046043396,0.5543214082717896,0.7598883509635925,0.5808379650115967,0.9875704646110535,0.6928741335868835,0.9166938662528992,0.7566776275634766
590,0.49189648032188416,0.1580130159854889,0.873841404914856,0.5271777510643005,0.47845593094825745,0.17406748235225677,0.5365260243415833,0.23792636394500732,0.8301631212234497,0.574209451675415,0.692962110042572,0.46868208050727844
591,0.8381649255752563,0.8253151178359985,0.7666194438934326,0.5449187159538269,0.7746219038963318,0.5590004920959473,0.5746309757232666,0.40433469414711,0.7795876264572144,0.6913062930107117,0.9603471755981445,0.814967930316925
592,1.1711496114730835,0.7341640591621399,1.0347709655761719,0.5725589990615845,0.8015373349189758,0.6638057231903076,0.7631388902664185,0.4881732165813446,1.149377465248108,0.696628987789154,1.15740168094635,0.9200291037559509
593,0.772537112236023,0.5583357810974121,1.0633318424224854,0.580218493938446,1.0041277408599854,0.8227041363716125,0.6077423095703125,0.3560147285461426,0.6166403889656067,0.3980589807033539,0.8042541742324829,0.5209437012672424
594,1.2544491291046143,1.308255910873413,0.7805147767066956,0.47440794110298157,0.7094247341156006,0.5076077580451965,0.7473924160003662,0.5737801790237427,0.7420731782913208,0.6135507822036743,0.5776320695877075,0.17860004305839539
595,0.6595299243927002,0.46115756034851074,1.0279407501220703,0.5764068961143494,0.735100507736206,0.5795961618423462,1.3745296001434326,1.0589107275009155,0.6167501211166382,0.43546298146247864,1.1115972995758057,1.1278977394104004
596,0.6212078928947449,0.41655948758125305,0.7342950701713562,0.4416956603527069,0.7174550890922546,0.5417320728302002,0.8499029278755188,0.6635362505912781,0.7829437255859375,0.8738983869552612,0.6556679606437683,0.4478933811187744
597,0.7451046109199524,0.6247105598449707,0.8310233354568481,0.5072916150093079,0.6052419543266296,0.4131051003932953,0.8601729273796082,0.6462138891220093,0.7770342230796814,0.5119538307189941,1.0084642171859741,0.6635669469833374
598,0.6174176931381226,0.43415898084640503,0.5214408040046692,0.25826165080070496,0.6015992164611816,0.41411250829696655,0.6096974611282349,0.4049488306045532,0.8953384160995483,0.5648006796836853,1.0270391702651978,0.7494779825210571
599,1.1345112323760986,0.7210462093353271,0.6694090366363525,0.5160951614379883,0.8434497714042664,0.5132076740264893,0.8099110722541809,0.7873594164848328,0.5582703351974487,0.1902306228876114,0.8378156423568726,0.5160441994667053
600,0.9606890678405762,0.6539353728294373,0.6407647728919983,0.450865775346756,0.7191661596298218,0.6157110333442688,0.7118391990661621,0.5215092301368713,0.7590476274490356,0.6065086126327515,0.9464186429977417,0.8347883820533752
601,0.8994613885879517,0.5606025457382202,0.79261314868927,0.5415637493133545,0.6867042779922485,0.5313231945037842,0.4752318263053894,0.14234842360019684,1.3445370197296143,0.8839610815048218,0.8577269315719604,0.5220786929130554
602,0.9938228726387024,0.6783948540687561,0.5834054946899414,0.35740140080451965,0.9917932748794556,0.556965172290802,0.9410706758499146,0.7394253611564636,0.7571620345115662,0.4434662461280823,0.7498973608016968,0.4762566387653351
603,1.050783395767212,0.9308207631111145,0.6889638900756836,0.42465832829475403,0.8532203435897827,0.8145061731338501,1.0670630931854248,0.806299090385437,1.0632622241973877,0.6291305422782898,0.9640682339668274,0.5606487989425659
604,0.6681047677993774,0.4401382803916931,0.9271785020828247,0.8822163939476013,0.9987295866012573,0.657526433467865,1.0714622735977173,0.5801819562911987,0.7591360807418823,0.5156162977218628,0.8762452006340027,0.6562268733978271
605,0.491875022649765,0.35756582021713257,0.5842882990837097,0.23414576053619385,0.8715424537658691,0.6792771220207214,0.9051942825317383,0.6287868618965149,0.571447491645813,0.23054192960262299,0.7209715247154236,0.3815656006336212
606,0.7743516564369202,0.48851922154426575,0.7690112590789795,0.5301474332809448,1.0248852968215942,0.8569809794425964,0.801152229309082,0.46329033374786377,0.889785885810852,0.6968693137168884,0.8765584826469421,0.7842237949371338
607,0.9224220514297485,0.5484793782234192,0.9471288919448853,0.8276488184928894,0.8119906187057495,0.6676047444343567,1.1770275831222534,0.6274046897888184,1.2265173196792603,0.6247245073318481,1.108924150466919,0.6357240080833435
608,0.8253595232963562,0.5922939777374268,0.6273614764213562,0.5597418546676636,0.8169597387313843,0.4611283838748932,1.3084590435028076,0.8998763561248779,0.6526497602462769,0.4919527471065521,1.048203468322754,0.9336227774620056
609,0.4916604161262512,0.19420918822288513,0.7258232831954956,0.5747459530830383,1.0018117427825928,0.9244008660316467,1.0993518829345703,0.6124523282051086,1.360897421836853,0.8338609337806702,0.8484821319580078,0.43893060088157654
610,0.708008885383606,0.4505668580532074,0.6571334004402161,0.4603975713253021,0.8643497228622437,0.5492667555809021,0.7527297139167786,0.49115294218063354,0.9464852213859558,0.6196051836013794,0.8128747940063477,0.48933255672454834
611,0.8026179075241089,0.5530063509941101,0.7794662714004517,0.802043616771698,0.5879687070846558,0.4478706419467926,0.9377518892288208,0.923876166343689,0.6571481823921204,0.4175126254558563,0.9652708768844604,0.8630518317222595
612,0.7332807779312134,0.49820154905319214,0.9750267267227173,0.6149607300758362,0.6359938979148865,0.4849032759666443,0.49436289072036743,0.17984682321548462,0.6742139458656311,0.3873729109764099,0.8105384707450867,0.7836228609085083
613,0.7833086252212524,0.5517832040786743,0.6940969228744507,0.455474853515625,0.8355504870414734,0.5647121667861938,0.9662649035453796,0.5176284909248352,0.7501475811004639,0.40238577127456665,1.1255719661712646,0.7756046652793884
614,0.5839921236038208,0.34598493576049805,0.7783083915710449,0.4815816879272461,0.930217444896698,0.8487024307250977,0.8278838396072388,0.5525272488594055,0.853062629699707,0.551744282245636,0.9960736036300659,0.8481791615486145
615,1.0400910377502441,0.8226621150970459,0.45038795471191406,0.15938089787960052,1.0021793842315674,0.6224924325942993,1.2546216249465942,0.9926740527153015,0.9962836503982544,0.6926287412643433,0.6036884784698486,0.17154188454151154
616,0.643358588218689,0.45568913221359253,0.9133111238479614,0.5863432288169861,0.738036572933197,0.6035008430480957,0.60826575756073,0.35959237813949585,0.673570990562439,0.41135257482528687,0.7888733148574829,0.47282201051712036
617,1.177749752998352,1.0518898963928223,0.7356776595115662,0.4914146065711975,0.586916983127594,0.38956403732299805,1.2496788501739502,1.097161054611206,0.5583986043930054,0.16376198828220367,0.7197747230529785,0.38926780223846436
618,0.8771787881851196,0.6041728258132935,0.9908722639083862,0.5046054720878601,0.7636527419090271,0.563647449016571,0.6459435224533081,0.3677733540534973,0.8699066042900085,0.8274120092391968,0.8193368911743164,0.4010993540287018
619,1.0112473964691162,0.6247391104698181,0.7214604616165161,0.49722200632095337,0.6287692785263062,0.40471699833869934,1.0095860958099365,0.6420259475708008,0.7129743099212646,0.441116601228714,1.1498498916625977,1.2149624824523926
620,0.8466398119926453,0.6360482573509216,0.7528504133224487,0.7571554780006409,1.0341370105743408,0.8754189610481262,0.8267108798027039,0.4902409017086029,0.8246095776557922,0.5615285634994507,0.8735561370849609,0.5901477932929993
621,0.5603998303413391,0.27995365858078003,1.1830799579620361,0.9728603363037109,0.6357039213180542,0.404268741607666,0.5511316061019897,0.21521246433258057,0.8661856651306152,0.4765663743019104,0.8430508375167847,0.8065886497497559
622,0.7624216079711914,0.5642741918563843,0.8306506276130676,0.5185060501098633,0.8205581903457642,0.7174767255783081,0.5045357346534729,0.14455273747444153,0.7820030450820923,0.4927384555339813,0.6657403707504272,0.3240547180175781
623,1.436985731124878,0.4709632396697998,0.8688806295394897,0.5018709897994995,0.4879606366157532,0.1833239495754242,1.3649828433990479,0.8214284181594849,1.041589617729187,0.640800952911377,0.7495168447494507,0.3303351402282715
624,0.6108328104019165,0.29099041223526,1.0916225910186768,0.8839348554611206,0.9378045797348022,0.7071691751480103,0.7543641924858093,0.47221896052360535,0.954309344291687,0.713545560836792,1.1685776710510254,0.8383969068527222
625,0.7286196947097778,0.40617769956588745,0.8700720071792603,0.7075092792510986,0.6193472146987915,0.4515971541404724,0.7981279492378235,0.6013367176055908,0.801965057849884,0.4772684574127197,0.7048393487930298,0.4648990333080292
626,1.0396372079849243,0.7018670439720154,0.8486989140510559,0.6152181625366211,0.5243901014328003,0.16648128628730774,0.7903876304626465,0.5887208580970764,0.8109777569770813,0.6579666137695312,0.5707622170448303,0.1491204798221588
627,1.1014387607574463,0.49734511971473694,0.9312799572944641,0.5706925392150879,0.7792731523513794,0.5604414343833923,1.0410971641540527,0.832412838935852,0.6375396847724915,0.39555928111076355,0.9033105969429016,0.4942576587200165
628,0.6584527492523193,0.3304064869880676,0.7331579923629761,0.4701365828514099,0.5270617604255676,0.16341529786586761,1.1184135675430298,0.7472569942474365,0.7436704039573669,0.41123613715171814,0.5902150869369507,0.21149492263793945
629,0.691180944442749,0.48052483797073364,1.035599946975708,0.48985734581947327,0.5804135203361511,0.3864337205886841,0.5780731439590454,0.3958529531955719,0.8196308016777039,0.49687498807907104,1.2076990604400635,1.2452558279037476
630,0.6589473485946655,0.44573378562927246,0.7363820672035217,0.3936907947063446,0.6867595314979553,0.4035622477531433,0.6539196372032166,0.44837087392807007,0.7525554299354553,0.36455038189888,0.9720026850700378,0.5559371113777161
631,0.6826705932617188,0.3938753306865692,0.7018743753433228,0.43686527013778687,1.3587007522583008,0.7139779925346375,0.6286179423332214,0.26180264353752136,1.548694372177124,1.168216586112976,0.6113050580024719,0.273337721824646
632,0.6602271795272827,0.44066399335861206,0.8310624957084656,0.5480871200561523,1.1865662336349487,0.797232985496521,1.0445448160171509,0.6179535984992981,0.8317584991455078,0.5671192407608032,0.9460650682449341,0.6449275612831116
633,0.7766653299331665,0.5366839170455933,0.7813180685043335,0.4598369896411896,0.8727499842643738,0.5259275436401367,0.8077390789985657,0.5625350475311279,0.9755899310112,0.6491979360580444,0.5758043527603149,0.18125922977924347
634,0.7588568925857544,0.43522724509239197,0.8552837371826172,0.4278179705142975,1.1204698085784912,0.6103208661079407,0.817622184753418,0.45204371213912964,0.8259506225585938,0.4215371906757355,0.5699959993362427,0.15145859122276306
635,0.8736051321029663,0.8044140934944153,0.6868969202041626,0.36728206276893616,0.6392604112625122,0.34817394614219666,0.8591277003288269,0.43799200654029846,0.8334087133407593,0.6024191379547119,0.7129155397415161,0.4157995879650116
636,0.7518317699432373,0.4942740797996521,0.7081879377365112,0.38110625743865967,0.7942976951599121,0.48350539803504944,0.6802055239677429,0.38545241951942444,1.1922789812088013,0.8770840764045715,0.8173285722732544,0.5600485801696777
637,0.8494038581848145,0.534569263458252,0.5280948877334595,0.14985746145248413,1.0773351192474365,0.8536630868911743,0.8058996200561523,0.5112073421478271,0.6965867280960083,0.44100746512413025,1.094655990600586,0.861476480960846
638,0.6935873627662659,0.43222498893737793,0.849075198173523,0.4695279002189636,1.1057229042053223,0.5988301634788513,0.6359567642211914,0.3725312054157257,0.6642078161239624,0.3970763683319092,0.8857913017272949,0.5518633127212524
639,0.9915420413017273,1.139465570449829,0.8260471224784851,0.627411425113678,1.063197135925293,0.889686644077301,0.8594714999198914,0.6269412636756897,0.7694442272186279,0.5160113573074341,0.7419276833534241,0.36722344160079956
640,0.7398220300674438,0.49804943799972534,0.7215480804443359,0.39744144678115845,1.0793647766113281,0.8565266728401184,0.6387185454368591,0.3602076768875122,1.0552051067352295,0.7497398257255554,0.6800945401191711,0.3824731409549713
641,1.0511680841445923,0.5898343920707703,0.5954871773719788,0.27016496658325195,0.9225136041641235,0.8418813943862915,0.6716000437736511,0.18847325444221497,0.8848088383674622,0.45946794748306274,1.1769888401031494,0.8696573972702026
642,0.8927575945854187,0.5214619040489197,0.5187674760818481,0.09746184945106506,1.1700413227081299,1.0991042852401733,0.5265074372291565,0.19341903924942017,0.9900336265563965,0.6103774309158325,1.0546373128890991,0.5861037373542786
643,0.6292484402656555,0.1793069988489151,0.789246141910553,0.4937223196029663,1.0018707513809204,0.6437875628471375,0.935896098613739,0.5595444440841675,1.2027908563613892,0.9218347072601318,0.8037416338920593,0.42000386118888855
644,0.7304354906082153,0.39281490445137024,0.9974993467330933,0.6852003335952759,1.1814067363739014,0.5457568764686584,0.7644547820091248,0.49868521094322205,0.9931851625442505,0.5842248201370239,0.9189521670341492,0.542106032371521
645,0.8583221435546875,0.6450212597846985,0.9219937324523926,0.6573374271392822,0.745546817779541,0.426205575466156,0.9982253909111023,0.907962441444397,0.7321693897247314,0.36576762795448303,0.6693371534347534,0.3549705147743225
646,1.1453218460083008,0.7081516981124878,0.9924567937850952,0.8597034811973572,0.7834221720695496,0.4772584140300751,0.7096694707870483,0.2826070189476013,0.6671798229217529,0.2694063186645508,0.8735102415084839,0.5442971587181091
647,0.8074275851249695,0.5486729741096497,0.7497462034225464,0.3624071776866913,0.8376776576042175,0.6352989673614502,0.6353604793548584,0.3962544798851013,0.9416214823722839,0.8206386566162109,0.6797745823860168,0.425275057554245
648,0.7866544127464294,0.42377251386642456,0.5674846768379211,0.2009248286485672,0.7285129427909851,0.49671486020088196,1.1776819229125977,0.6303369402885437,0.8616344332695007,0.7832930088043213,0.8123124837875366,0.5389108061790466
649,0.817113995552063,0.44119885563850403,0.9026293754577637,0.46614256501197815,0.7825135588645935,0.5513511896133423,0.6974634528160095,0.4931277930736542,0.6745055913925171,0.23913799226284027,0.6477189064025879,0.24094054102897644
650,0.9957493543624878,0.5177529454231262,1.1459553241729736,0.8109706044197083,0.7395289540290833,0.4315861761569977,1.0247766971588135,0.6279082298278809,0.6191686391830444,0.1621464043855667,0.6597465872764587,0.2822880446910858
651,1.1647531986236572,0.9227868914604187,0.6330585479736328,0.3334442675113678,0.6732416152954102,0.47874706983566284,0.8207798004150391,0.5127937197685242,0.5853011012077332,0.20923356711864471,1.1870254278182983,0.7984650135040283
652,0.9933933019638062,0.6826097369194031,0.5626940727233887,0.14312881231307983,0.7669013142585754,0.40515321493148804,1.2816210985183716,0.5033354163169861,0.7101685404777527,0.35106220841407776,0.749275803565979,0.34330761432647705
653,0.7627736330032349,0.631707489490509,0.8571019172668457,0.6001391410827637,1.053612470626831,0.7092735767364502,1.1870601177215576,0.775439441204071,0.7424980998039246,0.3485773205757141,1.070817232131958,1.0535345077514648
654,0.6692813634872437,0.42351964116096497,0.8137551546096802,0.3885428011417389,1.5038670301437378,0.9765307903289795,0.7477456331253052,0.3695736229419708,0.8943365812301636,0.48190808296203613,0.7058721780776978,0.3386683464050293
655,0.8564597368240356,0.4892251789569855,0.6971362829208374,0.4457052946090698,0.7588686943054199,0.39660272002220154,0.711394727230072,0.19155874848365784,0.6438238024711609,0.1713055968284607,1.2057498693466187,0.8222541213035583
656,0.9394268989562988,0.6165279150009155,0.7239760160446167,0.3287523090839386,0.5614490509033203,0.16174843907356262,0.7595521807670593,0.4300251007080078,0.8066949844360352,0.3707447946071625,1.0295151472091675,0.5717996954917908
657,0.6513000130653381,0.45071008801460266,0.6600301861763,0.35124966502189636,0.655764639377594,0.4014874994754791,0.664387583732605,0.3857475519180298,1.0073150396347046,0.810986340045929,0.9790592193603516,0.529823899269104
658,0.8901044130325317,0.4991510212421417,0.68746018409729,0.3980972170829773,0.9143819808959961,0.7205973267555237,0.8602479696273804,0.7066454291343689,0.9869292974472046,0.6559109091758728,0.7181581854820251,0.30326271057128906
659,0.9623699188232422,0.5048646330833435,1.1335973739624023,0.7146095633506775,0.9984623193740845,0.6060716509819031,0.9293869137763977,0.58443284034729,0.7373770475387573,0.3311273455619812,0.959638237953186,0.5693309903144836
660,0.7807931303977966,0.49636900424957275,1.026824712753296,0.5790767073631287,0.8119100332260132,0.5656893253326416,1.1143834590911865,0.8104774355888367,0.9958653450012207,0.6016711592674255,0.7626279592514038,0.3996751606464386
661,0.6189242601394653,0.2675924599170685,0.857003390789032,0.6060584783554077,0.9066813588142395,0.5178955793380737,0.8453513383865356,0.4756377935409546,0.6095658540725708,0.1224130392074585,1.0071794986724854,0.4787801206111908
662,0.9092038869857788,0.5159608721733093,0.9398959875106812,0.7932599186897278,0.6982380151748657,0.356075644493103,0.9552375674247742,0.677415132522583,0.8088068962097168,0.5008686184883118,0.8562671542167664,0.3676561117172241
663,0.7627401351928711,0.48614686727523804,0.972497820854187,0.6214399337768555,0.7315031886100769,0.4089679419994354,0.856993556022644,0.7060645818710327,0.6426975727081299,0.36730095744132996,0.7166258096694946,0.370457261800766
664,0.8707372546195984,0.4544176161289215,0.9721590280532837,0.8752304315567017,0.9562406539916992,0.8321282863616943,0.7484660744667053,0.3874720335006714,1.1111552715301514,0.7029969692230225,0.91363924741745,0.4922391176223755
665,0.9514157176017761,0.49923476576805115,0.7518264055252075,0.4536662995815277,0.8962887525558472,0.4432361125946045,0.664899468421936,0.2811651825904846,0.888927161693573,0.5015990734100342,0.6941477656364441,0.3125360906124115
666,0.8750647306442261,0.4811776280403137,0.9048624038696289,0.6923069357872009,1.0933936834335327,0.6642518043518066,1.0008660554885864,0.5574318170547485,0.668028712272644,0.2746819853782654,0.9594371914863586,0.6043524146080017
667,0.691875159740448,0.3495543897151947,0.9729291200637817,0.8064713478088379,0.8963432312011719,0.5286367535591125,0.7633371353149414,0.5910729169845581,0.9944154620170593,0.6033360362052917,0.5712935328483582,0.14923731982707977
668,0.923599362373352,0.6784432530403137,0.9552373886108398,0.5392370820045471,0.8101791143417358,0.440355509519577,0.6037430763244629,0.1787405163049698,1.1395857334136963,0.5255321860313416,0.7620514631271362,0.4161902666091919
669,0.7354083061218262,0.44756925106048584,0.926285445690155,0.5755929350852966,1.107349157333374,0.6805908679962158,0.8728858828544617,0.46012642979621887,0.614711582660675,0.23199906945228577,1.0652110576629639,0.8525733351707458
670,0.6517900824546814,0.31600508093833923,0.876456618309021,0.6888033151626587,0.9234350919723511,0.5042725205421448,0.645695686340332,0.3128904402256012,1.1626513004302979,0.6841138005256653,0.7317909598350525,0.41016319394111633
671,0.5635352730751038,0.20570461452007294,0.9473401308059692,0.7658672332763672,0.9610146284103394,0.7994334101676941,0.8772635459899902,0.7730717658996582,0.6410314440727234,0.16948401927947998,0.9228166341781616,0.6741217970848083
672,0.8233396410942078,0.5514551401138306,0.66729336977005,0.2606393098831177,0.8893321752548218,0.5050500631332397,0.8358817100524902,0.5727469325065613,0.9191719889640808,0.5098264217376709,0.7010892033576965,0.3398134410381317
673,0.717718780040741,0.386343777179718,0.719071626663208,0.4056321680545807,0.951209545135498,0.5270649790763855,0.8616159558296204,0.5277944803237915,0.8356837034225464,0.4839242398738861,0.977353572845459,0.5029992461204529
674,1.1157009601593018,1.1232393980026245,0.8622492551803589,0.5275223851203918,1.1605212688446045,0.6537895798683167,1.1377588510513306,0.9083884954452515,0.7645273804664612,0.4118834435939789,0.7381265759468079,0.38263341784477234
675,0.6999134421348572,0.27977579832077026,1.0457823276519775,0.8186134696006775,0.8286561965942383,0.4140661954879761,0.786578893661499,0.532130241394043,1.0805375576019287,0.840680718421936,0.9315007328987122,0.6081063151359558
676,0.7717390060424805,0.3910233676433563,0.8242098689079285,0.45122772455215454,0.5680824518203735,0.2199561595916748,0.7866884469985962,0.47591885924339294,1.1567530632019043,0.5185847282409668,1.0371867418289185,0.4992002248764038
677,0.8385971188545227,0.4836229383945465,0.7131749391555786,0.388580322265625,0.8280227780342102,0.5222945213317871,0.7609268426895142,0.43779119849205017,0.8061836361885071,0.4713617265224457,0.8177074193954468,0.46496015787124634
678,0.7368868589401245,0.4229946434497833,1.2461626529693604,1.3070757389068604,0.9651902914047241,0.8076881170272827,0.9004030227661133,0.4592636525630951,0.8882291913032532,0.5251315236091614,0.7551498413085938,0.35052189230918884
679,0.7528925538063049,0.46313127875328064,1.06511390209198,0.7207508087158203,0.9706896543502808,0.4798751175403595,0.6173884868621826,0.23577287793159485,0.6116588711738586,0.14717714488506317,0.5928551554679871,0.12924671173095703
680,0.8682344555854797,0.5401026606559753,0.6386706829071045,0.30745360255241394,0.8638737797737122,0.5161821246147156,0.9473327398300171,0.6036693453788757,0.9397754669189453,0.3925215005874634,0.8015803098678589,0.4799592196941376
681,0.6844984889030457,0.23490838706493378,0.758730947971344,0.4271923899650574,1.1420814990997314,0.5967819094657898,0.7145913243293762,0.4084678292274475,1.3410837650299072,0.7895205020904541,0.8329386711120605,0.3817468285560608
682,0.8436152338981628,0.5420861840248108,0.8714922666549683,0.45750826597213745,1.0867575407028198,0.6158774495124817,1.126957893371582,0.503686249256134,1.0312267541885376,0.5138441324234009,1.1438560485839844,0.8646610379219055
683,0.9898082613945007,0.6385622620582581,0.9910036325454712,0.7972804307937622,0.9187783002853394,0.5260947942733765,0.6750032901763916,0.3957277536392212,0.7370505928993225,0.18154793977737427,0.7593737244606018,0.5224602818489075
684,0.7607511878013611,0.37404587864875793,0.7723864316940308,0.4376918077468872,0.7442572116851807,0.33532971143722534,0.8163496255874634,0.45932188630104065,0.7127355933189392,0.3266168534755707,0.7193922996520996,0.2801347076892853
685,0.7625280618667603,0.420305997133255,0.7413516640663147,0.3642011284828186,0.9166873097419739,0.852613091468811,0.729684591293335,0.40612801909446716,1.0904645919799805,0.8454523682594299,0.6877633333206177,0.31925034523010254
686,0.6495901942253113,0.3548988699913025,0.640180230140686,0.25331220030784607,0.881722092628479,0.5259423851966858,0.6173099279403687,0.24807649850845337,0.7347694039344788,0.3269844353199005,0.7732735872268677,0.35050085186958313
687,0.6227071285247803,0.1869373768568039,0.7824944853782654,0.4052845537662506,0.6268421411514282,0.20451773703098297,1.1174067258834839,0.4470021426677704,0.785112202167511,0.39889630675315857,0.8786994218826294,0.5002551674842834
688,0.8105303049087524,0.4003494381904602,0.9382095336914062,0.5265509486198425,0.7665072083473206,0.2851013243198395,0.8335326910018921,0.5069569945335388,0.881858229637146,0.6944249272346497,1.1273889541625977,1.1645288467407227
689,0.8549684286117554,0.4857734739780426,0.7643712759017944,0.7540609836578369,0.8490656018257141,0.36824831366539,0.770527720451355,0.38308870792388916,0.7575182318687439,0.4925665855407715,0.8873535394668579,0.3950749635696411
690,1.129688024520874,0.4798875153064728,0.8628034591674805,0.402391642332077,0.9857686758041382,0.5480625629425049,0.7346006631851196,0.4651619791984558,0.7976080179214478,0.3938915431499481,0.7023826837539673,0.2673657536506653
691,0.6297176480293274,0.269697904586792,0.9020398259162903,0.4856441915035248,0.7276711463928223,0.3174368739128113,0.6820064783096313,0.3357928395271301,0.6116564869880676,0.07792486995458603,0.7417174577713013,0.34111154079437256
692,0.7041456699371338,0.21359097957611084,0.78566974401474,0.44709351658821106,0.7398713827133179,0.19492945075035095,0.886155903339386,0.5199664831161499,0.9175773859024048,0.4043239653110504,0.7378772497177124,0.3760448098182678
693,0.5439768433570862,0.17383471131324768,1.2860215902328491,0.9382350444793701,0.9037055969238281,0.48612233996391296,0.8558226823806763,0.5232985019683838,0.7281733751296997,0.2840619385242462,0.8375383615493774,0.41295766830444336
694,0.7173737287521362,0.2519756257534027,1.2167816162109375,0.7909475564956665,1.036691665649414,0.6140617728233337,0.8022454977035522,0.37216970324516296,0.8108641505241394,0.4489794969558716,0.8373157382011414,0.4624483585357666
695,0.681440532207489,0.3348640203475952,0.8830605745315552,0.44085779786109924,0.841788649559021,0.4517507553100586,1.0653406381607056,0.7177557945251465,0.744408905506134,0.2197704315185547,0.7654202580451965,0.319441556930542
696,0.9052649736404419,0.40719470381736755,0.6017502546310425,0.1326480209827423,1.1425223350524902,0.7545584440231323,0.6204526424407959,0.22202403843402863,1.0663418769836426,0.8316187262535095,0.7658472657203674,0.46564361453056335
697,0.8459542393684387,0.4793257713317871,0.8650937080383301,0.33847182989120483,0.8621423840522766,0.4253661334514618,0.8109191060066223,0.36449041962623596,0.7016292810440063,0.2638032138347626,1.0446211099624634,0.6209888458251953
698,0.5643802881240845,0.16898734867572784,1.1174843311309814,0.7303068041801453,0.9712748527526855,0.49636444449424744,0.7566200494766235,0.30748888850212097,0.7686535716056824,0.35985124111175537,1.0041511058807373,0.8726937770843506
699,0.59553062915802,0.2635970711708069,0.9964269399642944,0.5297410488128662,0.8927602767944336,0.3587767779827118,0.6813298463821411,0.21340146660804749,1.0452892780303955,0.5304188132286072,0.8866860270500183,0.4476236402988434
700,0.8126978874206543,0.37781721353530884,0.5703414082527161,0.16233693063259125,1.230149269104004,0.5935533046722412,0.9450957179069519,0.4454040825366974,0.7173279523849487,0.27062007784843445,0.8803650736808777,0.7573134303092957
