X,TD_mean,TD_std,TD+NOV_mean,TD+NOV_std,TD+UNC_mean,TD+UNC_std,FULL_mean,FULL_std,MULT_mean,MULT_std,GATE_mean,GATE_std
1,0.0,0.0,0.0,0.0,0.4143039584159851,0.02535952627658844,0.41430196166038513,0.02535921148955822,0.41432350873947144,0.025351282209157944,0.41430750489234924,0.02535942941904068
2,0.0,0.0,0.0,0.0,0.40424594283103943,0.022545889019966125,0.40424251556396484,0.022542353719472885,0.40428051352500916,0.02256288006901741,0.40426620841026306,0.02255573496222496
3,0.0,0.0,0.0,0.0,0.39073294401168823,0.02433747984468937,0.3907361328601837,0.024332856759428978,0.3907332718372345,0.024360595270991325,0.39073097705841064,0.024339454248547554
4,0.0,0.0,0.0,0.0,0.3778234124183655,0.039590030908584595,0.37783074378967285,0.039577290415763855,0.37783437967300415,0.03860214725136757,0.37782564759254456,0.039589427411556244
5,0.0,0.0,0.0,0.0,0.37855711579322815,0.04133710637688637,0.37855082750320435,0.04133829474449158,0.3806583881378174,0.0359487384557724,0.3785473704338074,0.04133934527635574
6,0.0,0.0,0.0,0.0,0.36713171005249023,0.04040099307894707,0.3671322464942932,0.04039639234542847,0.367196261882782,0.04002974182367325,0.3670859932899475,0.04041019827127457
7,0.0,0.0,0.0,0.0,0.376059353351593,0.024891531094908714,0.37604397535324097,0.02487667091190815,0.3748020529747009,0.027590293437242508,0.376024067401886,0.024928977712988853
8,0.0,0.0,0.0,0.0,0.3714936077594757,0.02812241017818451,0.37139883637428284,0.028215257450938225,0.3720446527004242,0.029627351090312004,0.3714572787284851,0.02815735712647438
9,0.0,0.0,0.0,0.0,0.35990411043167114,0.03527795895934105,0.3586956262588501,0.03600720688700676,0.3641587793827057,0.03257514163851738,0.35932856798171997,0.03541003540158272
10,0.0,0.0,0.0,0.0,0.34806591272354126,0.05162401869893074,0.34798580408096313,0.052024997770786285,0.35467591881752014,0.04083586484193802,0.3476881682872772,0.05147784948348999
11,0.0,0.0,0.0,0.0,0.34745532274246216,0.04933525621891022,0.3467913269996643,0.04942406713962555,0.3554145097732544,0.03755931928753853,0.3461941182613373,0.04930119961500168
12,0.0,0.0,0.0,0.0,0.3739190399646759,0.03361772373318672,0.3743845820426941,0.034382741898298264,0.3609708845615387,0.036238957196474075,0.3743387460708618,0.033204954117536545
13,0.0,0.0,0.0,0.0,0.3510608375072479,0.029174016788601875,0.3507925868034363,0.029940417036414146,0.362335205078125,0.025960104539990425,0.3506176769733429,0.02898961678147316
14,0.0,0.0,0.0,0.0,0.33751380443573,0.05815938115119934,0.3422764539718628,0.06118942052125931,0.33447110652923584,0.061317987740039825,0.33797287940979004,0.057870518416166306
15,0.0,0.0,0.0,0.0,0.3338525891304016,0.052046194672584534,0.3336602747440338,0.05175299569964409,0.33993837237358093,0.050974782556295395,0.3360910415649414,0.05244722589850426
16,0.0,0.0,0.0,0.0,0.34526681900024414,0.04801415652036667,0.34653839468955994,0.04926615208387375,0.34307461977005005,0.04658781364560127,0.34485822916030884,0.04829050973057747
17,0.0,0.0,0.0,0.0,0.3269406855106354,0.05972720682621002,0.3296653628349304,0.062145981937646866,0.3295936584472656,0.061716772615909576,0.329336553812027,0.060564782470464706
18,0.0,0.0,0.0,0.0,0.3281494081020355,0.0707838162779808,0.32927605509757996,0.07301625609397888,0.31972241401672363,0.06394116580486298,0.33065253496170044,0.07169310003519058
19,0.0,0.0,0.0,0.0,0.34626689553260803,0.03791963309049606,0.3474791347980499,0.04055474326014519,0.3500085771083832,0.04268848896026611,0.3483414649963379,0.036873891949653625
20,0.0,0.0,0.0,0.0,0.3479258120059967,0.04203149676322937,0.34917181730270386,0.045099906623363495,0.34745973348617554,0.04074599966406822,0.35584357380867004,0.03864903002977371
21,0.0,0.0,0.0,0.0,0.33082273602485657,0.05489034205675125,0.3386780321598053,0.05721723288297653,0.32968470454216003,0.06717835366725922,0.3410317599773407,0.050688162446022034
22,0.0,0.0,0.0,0.0,0.33268076181411743,0.056825701147317886,0.33574241399765015,0.05492689833045006,0.35139718651771545,0.053165655583143234,0.3361232578754425,0.058136582374572754
23,0.0,0.0,0.0,0.0,0.3516128659248352,0.030613001435995102,0.35101884603500366,0.03758882358670235,0.35845983028411865,0.04508570581674576,0.3471265435218811,0.04042584449052811
24,0.0,0.0,0.0,0.0,0.33118265867233276,0.0510820671916008,0.33888107538223267,0.053057875484228134,0.3316684663295746,0.0454074889421463,0.32955530285835266,0.0475323386490345
25,0.0,0.0,0.0,0.0,0.3186638355255127,0.06062979996204376,0.3228033185005188,0.059033289551734924,0.3213234543800354,0.07143601775169373,0.32458505034446716,0.05602439492940903
26,0.0,0.0,0.0,0.0,0.3388558030128479,0.04372383654117584,0.33807069063186646,0.04395395889878273,0.33557480573654175,0.04502599686384201,0.3345184922218323,0.04111023247241974
27,0.0,0.0,0.0,0.0,0.33014437556266785,0.03414108604192734,0.33582282066345215,0.034785836935043335,0.33055949211120605,0.036538854241371155,0.3293195962905884,0.02711925283074379
28,0.0,0.0,0.0,0.0,0.33978980779647827,0.03499409928917885,0.3424937129020691,0.03932838886976242,0.35320791602134705,0.04517572745680809,0.3403228521347046,0.045629918575286865
29,0.0,0.0,0.0,0.0,0.3450349271297455,0.051355697214603424,0.3489505648612976,0.04969106614589691,0.33448418974876404,0.054037906229496,0.342117577791214,0.056005652993917465
30,0.0,0.0,0.0,0.0,0.32568439841270447,0.0500558540225029,0.32791703939437866,0.05373670160770416,0.3136952519416809,0.06488015502691269,0.3299638628959656,0.05569801107048988
31,0.0,0.0,0.0,0.0,0.34141841530799866,0.02336273156106472,0.34379562735557556,0.03568483889102936,0.34194961190223694,0.02973012998700142,0.3372425436973572,0.02951928600668907
32,0.0,0.0,0.0,0.0,0.35964202880859375,0.03256795555353165,0.3744870722293854,0.015579162165522575,0.3536553680896759,0.03452221676707268,0.37101608514785767,0.026436297222971916
33,0.0,0.0,0.0,0.0,0.3138763904571533,0.05122973769903183,0.33317863941192627,0.053604595363140106,0.33453863859176636,0.06302153319120407,0.309633731842041,0.043695248663425446
34,0.0,0.0,0.0,0.0,0.33765915036201477,0.03770717978477478,0.34636539220809937,0.04552074521780014,0.34596672654151917,0.0461551658809185,0.3436504602432251,0.02940249815583229
35,0.0,0.0,0.0,0.0,0.3323099911212921,0.05894697085022926,0.32615551352500916,0.06024428457021713,0.3323766589164734,0.05745048448443413,0.3235372006893158,0.055870071053504944
36,0.0,0.0,0.0,0.0,0.3376515209674835,0.038355205208063126,0.34781184792518616,0.045222409069538116,0.35278934240341187,0.029395893216133118,0.32281896471977234,0.056305333971977234
37,0.0,0.0,0.0,0.0,0.3241231441497803,0.057132285088300705,0.3145177960395813,0.0730736255645752,0.32118168473243713,0.06887973099946976,0.3302534222602844,0.05612346529960632
38,0.0,0.0,0.0,0.0,0.3328363299369812,0.05408284813165665,0.3297385275363922,0.05817273259162903,0.3340425491333008,0.0511280819773674,0.3004840016365051,0.08655016124248505
39,0.0,0.0,0.0,0.0,0.3176218271255493,0.05875879526138306,0.31868067383766174,0.06276353448629379,0.3356456160545349,0.04040563851594925,0.3224467635154724,0.062289875000715256
40,0.0,0.0,0.0,0.0,0.34655696153640747,0.026584062725305557,0.34603947401046753,0.022218333557248116,0.3515985906124115,0.030574830248951912,0.33506280183792114,0.04510698467493057
41,0.0,0.0,0.0,0.0,0.3305434584617615,0.03190238028764725,0.3445097804069519,0.028684671968221664,0.3502779006958008,0.039926014840602875,0.3310372233390808,0.03721187636256218
42,0.0,0.0,0.0,0.0,0.33320504426956177,0.035948578268289566,0.3629598021507263,0.029117604717612267,0.34632009267807007,0.03054448775947094,0.33661866188049316,0.03531654551625252
43,0.0,0.0,0.0,0.0,0.33479541540145874,0.05171966552734375,0.33680200576782227,0.03639676794409752,0.3203863501548767,0.053605228662490845,0.34069710969924927,0.04223507270216942
44,0.0,0.0,0.0,0.0,0.306218683719635,0.06616158038377762,0.31780314445495605,0.04798225313425064,0.3203940987586975,0.03946467116475105,0.31082403659820557,0.06763572990894318
45,0.0,0.0,0.0,0.0,0.3307119309902191,0.05367846041917801,0.32469213008880615,0.04696689546108246,0.31963884830474854,0.0373091921210289,0.31562620401382446,0.05669340863823891
46,0.0,0.0,0.0,0.0,0.33037281036376953,0.06191076338291168,0.34253326058387756,0.05763028562068939,0.3412027359008789,0.02895927242934704,0.30215010046958923,0.04597669467329979
47,0.0,0.0,0.0,0.0,0.3196678161621094,0.05692662298679352,0.3168129622936249,0.05577357858419418,0.3064330518245697,0.07292209565639496,0.31120413541793823,0.0576888844370842
48,0.0,0.0,0.0,0.0,0.3245692551136017,0.07203720510005951,0.3430318236351013,0.06156333535909653,0.3089183270931244,0.07270429283380508,0.3140162229537964,0.06230855733156204
49,0.0,0.0,0.0,0.0,0.3271975815296173,0.059974078088998795,0.30538326501846313,0.06585259735584259,0.31500983238220215,0.055279843509197235,0.3134920299053192,0.062167949974536896
50,0.0,0.0,0.0,0.0,0.31799763441085815,0.04736454412341118,0.3365544378757477,0.028059104457497597,0.3368282914161682,0.03795056790113449,0.3347756266593933,0.04232601076364517
51,0.0,0.0,0.0,0.0,0.3061508536338806,0.0723244920372963,0.3295366168022156,0.05200875923037529,0.3294641375541687,0.043105874210596085,0.3433747887611389,0.03637542203068733
52,0.0,0.0,0.0,0.0,0.2987435460090637,0.06955243647098541,0.31544730067253113,0.07404633611440659,0.3214288651943207,0.04831499978899956,0.29434269666671753,0.06691576540470123
53,0.0,0.0,0.0,0.0,0.29351335763931274,0.0843736007809639,0.3171684145927429,0.058190152049064636,0.318411648273468,0.0603952519595623,0.2958446741104126,0.07099495828151703
54,0.0,0.0,0.0,0.0,0.3311271071434021,0.050985753536224365,0.3403248190879822,0.05818435922265053,0.3370084762573242,0.05612969398498535,0.304766982793808,0.04853095859289169
55,0.0,0.0,0.0,0.0,0.3021565079689026,0.06240516155958176,0.32841360569000244,0.03134165331721306,0.2966917157173157,0.06677403301000595,0.31916704773902893,0.03809266909956932
56,0.0,0.0,0.0,0.0,0.3001631498336792,0.08201254904270172,0.3143470585346222,0.07768265902996063,0.31454774737358093,0.05710560828447342,0.29533031582832336,0.07136830687522888
57,0.0,0.0,0.0,0.0,0.34095898270606995,0.02033425122499466,0.3108817934989929,0.04161769151687622,0.3270021378993988,0.023311501368880272,0.3094784617424011,0.06214924901723862
58,0.0,0.0,0.0,0.0,0.3154798150062561,0.05653785169124603,0.33054202795028687,0.04122817888855934,0.30268093943595886,0.055980462580919266,0.31383949518203735,0.05880087614059448
59,0.0,0.0,0.0,0.0,0.2932409942150116,0.0808170884847641,0.32444459199905396,0.048935338854789734,0.3168124556541443,0.04255617409944534,0.30389338731765747,0.06450660526752472
60,0.0,0.0,0.0,0.0,0.3077850937843323,0.055005986243486404,0.3027510941028595,0.062475334852933884,0.27763134241104126,0.06580179929733276,0.3243047297000885,0.051635175943374634
61,0.0,0.0,0.0,0.0,0.33728542923927307,0.05655300244688988,0.3239496350288391,0.05547558143734932,0.29794842004776,0.09844262152910233,0.3233276903629303,0.048555515706539154
62,0.0,0.0,0.0,0.0,0.3243657648563385,0.04386628419160843,0.32864075899124146,0.021739520132541656,0.30358678102493286,0.04900670796632767,0.3270185589790344,0.05133421719074249
63,0.0,0.0,0.0,0.0,0.32598721981048584,0.06973740458488464,0.31791970133781433,0.06828457117080688,0.3149944841861725,0.05432828888297081,0.32232311367988586,0.07903231680393219
64,0.0,0.0,0.0,0.0,0.32792386412620544,0.06854011118412018,0.3217313885688782,0.08126261830329895,0.3374165892601013,0.04089711606502533,0.286690890789032,0.08458241075277328
65,0.0,0.0,0.0,0.0,0.3238966166973114,0.03912903368473053,0.34978187084198,0.030509784817695618,0.3199221193790436,0.0556621327996254,0.2981301248073578,0.0419427752494812
66,0.0,0.0,0.0,0.0,0.30463194847106934,0.03855151683092117,0.33273184299468994,0.05241648107767105,0.30832070112228394,0.06300051510334015,0.2848341464996338,0.06995177268981934
67,0.0,0.0,0.0,0.0,0.3185996413230896,0.04365520179271698,0.31712478399276733,0.06589014083147049,0.28766271471977234,0.04603550583124161,0.32365116477012634,0.0628156065940857
68,0.0,0.0,0.0,0.0,0.32584822177886963,0.05566348880529404,0.33310845494270325,0.05768982321023941,0.31192535161972046,0.04244423285126686,0.3272218108177185,0.050348956137895584
69,0.0,0.0,0.0,0.0,0.3052346110343933,0.07090090960264206,0.3397977948188782,0.03875965625047684,0.286125510931015,0.07970646023750305,0.3216927945613861,0.059762295335531235
70,0.0,0.0,0.0,0.0,0.31471651792526245,0.05321190133690834,0.32200056314468384,0.02819095365703106,0.3190961480140686,0.04563956707715988,0.3240140676498413,0.040776871144771576
71,0.0,0.0,0.0,0.0,0.27003103494644165,0.08309905230998993,0.31336408853530884,0.05766775831580162,0.28560271859169006,0.07095307111740112,0.32209429144859314,0.022722812369465828
72,0.0,0.0,0.0,0.0,0.345510870218277,0.03847647085785866,0.3442227840423584,0.03438296914100647,0.3307639956474304,0.0563647635281086,0.3188241124153137,0.05486666411161423
73,0.0,0.0,0.0,0.0,0.28782767057418823,0.09748521447181702,0.31398624181747437,0.07933808863162994,0.2949571907520294,0.08776464313268661,0.3063971698284149,0.0714179053902626
74,0.0,0.0,0.0,0.0,0.3039571940898895,0.0541505366563797,0.32963043451309204,0.06133928522467613,0.30121737718582153,0.07888571172952652,0.28443941473960876,0.06010766699910164
75,0.0,0.0,0.0,0.0,0.2760623097419739,0.06503649801015854,0.30218493938446045,0.05473005026578903,0.2869836091995239,0.059770286083221436,0.28894707560539246,0.06408190727233887
76,0.0,0.0,0.0,0.0,0.30707937479019165,0.03941280022263527,0.32063227891921997,0.047558173537254333,0.30016666650772095,0.08501233160495758,0.3037321865558624,0.03141776844859123
77,0.0,0.0,0.0,0.0,0.32180172204971313,0.04724391549825668,0.3137471675872803,0.05753917247056961,0.28711146116256714,0.07731593400239944,0.3196185529232025,0.04955337569117546
78,0.0,0.0,0.0,0.0,0.29797035455703735,0.0639377236366272,0.2768046259880066,0.07103107869625092,0.3059312403202057,0.06042570620775223,0.30991625785827637,0.05232517421245575
79,0.0,0.0,0.0,0.0,0.30283790826797485,0.07185098528862,0.3239741921424866,0.045394934713840485,0.32902830839157104,0.05943550914525986,0.31069427728652954,0.06327949464321136
80,0.0,0.0,0.0,0.0,0.27797773480415344,0.07364971190690994,0.30620497465133667,0.04795493185520172,0.27034974098205566,0.04967433586716652,0.28844550251960754,0.0733489990234375
81,0.0,0.0,0.0,0.0,0.2241315394639969,0.07766532152891159,0.30423033237457275,0.0708928033709526,0.2756698727607727,0.05393350124359131,0.2625628411769867,0.07626472413539886
82,0.0,0.0,0.0,0.0,0.29566019773483276,0.04786120355129242,0.3183865547180176,0.03694961965084076,0.32684269547462463,0.05362541601061821,0.28409069776535034,0.05495472624897957
83,0.0,0.0,0.0,0.0,0.30043306946754456,0.03407185524702072,0.3366026282310486,0.04373333230614662,0.32076629996299744,0.06426693499088287,0.319343626499176,0.03784079849720001
84,0.0,0.0,0.0,0.0,0.3040509521961212,0.07783091068267822,0.3150728642940521,0.05839529260993004,0.3145553171634674,0.0560651570558548,0.3096660077571869,0.0658561959862709
85,0.0,0.0,0.0,0.0,0.2582995593547821,0.0727086067199707,0.3080437481403351,0.04213416203856468,0.2748265862464905,0.07854469120502472,0.3074488043785095,0.0702434778213501
86,0.0,0.0,0.0,0.0,0.30222606658935547,0.05295037850737572,0.29091039299964905,0.05417320877313614,0.3517898917198181,0.03726771101355553,0.3081533908843994,0.08658827096223831
87,0.0,0.0,0.0,0.0,0.30946868658065796,0.07559435814619064,0.3039005994796753,0.05309854820370674,0.2994726598262787,0.06572292000055313,0.29046517610549927,0.06720548123121262
88,0.0,0.0,0.0,0.0,0.2946074903011322,0.07261933386325836,0.319253534078598,0.04193795844912529,0.2991167902946472,0.08443056792020798,0.315401166677475,0.06387057900428772
89,0.0,0.0,0.0,0.0,0.2793874144554138,0.07145140320062637,0.319476455450058,0.054817359894514084,0.3483363091945648,0.03605922684073448,0.30257776379585266,0.08878882229328156
90,0.0,0.0,0.0,0.0,0.32358312606811523,0.04948365315794945,0.3147250711917877,0.05904950574040413,0.2894824147224426,0.07994940876960754,0.2613529562950134,0.0634862408041954
91,0.0,0.0,0.0,0.0,0.32978588342666626,0.0666731670498848,0.319193959236145,0.052559904754161835,0.32810693979263306,0.06060338765382767,0.324937641620636,0.03920695185661316
92,0.0,0.0,0.0,0.0,0.3360043168067932,0.026845810934901237,0.31385165452957153,0.07210977375507355,0.3440343737602234,0.05016378313302994,0.3381193280220032,0.051204416900873184
93,0.0,0.0,0.0,0.0,0.32401180267333984,0.038782525807619095,0.3256085515022278,0.04046156257390976,0.3274948298931122,0.08412014693021774,0.3157657980918884,0.05799466371536255
94,0.0,0.0,0.0,0.0,0.3095090687274933,0.03954256698489189,0.33131131529808044,0.0717053934931755,0.33721262216567993,0.05112295225262642,0.3333246111869812,0.056554388254880905
95,0.0,0.0,0.0,0.0,0.3537728190422058,0.029428986832499504,0.33427825570106506,0.05260060355067253,0.2946440875530243,0.07461214810609818,0.320850133895874,0.06793934851884842
96,0.0,0.0,0.0,0.0,0.33945170044898987,0.0781969279050827,0.3427916467189789,0.054459575563669205,0.3445257544517517,0.05930311977863312,0.343801349401474,0.03801919147372246
97,0.0,0.0,0.0,0.0,0.32231104373931885,0.06800590455532074,0.3282622694969177,0.0657428577542305,0.3198818564414978,0.058404020965099335,0.3044220507144928,0.053219523280858994
98,0.0,0.0,0.0,0.0,0.34186601638793945,0.042739495635032654,0.29896172881126404,0.07640837877988815,0.3354378342628479,0.050200726836919785,0.30888062715530396,0.0818452537059784
99,0.0,0.0,0.0,0.0,0.29673224687576294,0.06201288476586342,0.3326109051704407,0.04908714070916176,0.32198911905288696,0.06580828130245209,0.3141278624534607,0.07828232645988464
100,0.0,0.0,0.0,0.0,0.3197907507419586,0.06691741198301315,0.34161609411239624,0.03559862822294235,0.3446354866027832,0.05358940735459328,0.28799912333488464,0.06548815220594406
101,0.0,0.0,0.0,0.0,0.3159620761871338,0.07363732904195786,0.3353002667427063,0.056129392236471176,0.3170067071914673,0.08331962674856186,0.28240665793418884,0.09435553848743439
102,0.0,0.0,0.0,0.0,0.28248047828674316,0.07406482845544815,0.3442416191101074,0.04862481355667114,0.33761030435562134,0.053119562566280365,0.31932106614112854,0.11097730696201324
103,0.0,0.0,0.0,0.0,0.32876184582710266,0.04249078407883644,0.3191780745983124,0.05308165028691292,0.327476441860199,0.06636561453342438,0.35304877161979675,0.03870297968387604
104,0.0,0.0,0.0,0.0,0.323882520198822,0.06199387088418007,0.3433515131473541,0.036757297813892365,0.3381868004798889,0.0791563168168068,0.29149574041366577,0.08471985161304474
105,0.0,0.0,0.0,0.0,0.35035330057144165,0.028080159798264503,0.3489105701446533,0.04358765482902527,0.3349520266056061,0.04256651923060417,0.3236148953437805,0.09391643851995468
106,0.0,0.0,0.0,0.0,0.33507198095321655,0.056964561343193054,0.32387930154800415,0.05325692147016525,0.3291317820549011,0.050477880984544754,0.3063163459300995,0.06082485243678093
107,0.0,0.0,0.0,0.0,0.3237723708152771,0.05809605494141579,0.3164932131767273,0.058424849063158035,0.35495948791503906,0.05482656508684158,0.3175824284553528,0.07157973200082779
108,0.0,0.0,0.0,0.0,0.30994102358818054,0.05872933194041252,0.31657615303993225,0.07437533140182495,0.31874948740005493,0.06961978226900101,0.3632538318634033,0.036971598863601685
109,0.0,0.0,0.0,0.0,0.28237730264663696,0.09935255348682404,0.3080424666404724,0.0773221105337143,0.36691588163375854,0.058718372136354446,0.32694318890571594,0.07987470179796219
110,0.0,0.0,0.0,0.0,0.314535915851593,0.07468181103467941,0.34097185730934143,0.06864745914936066,0.33663058280944824,0.03690336272120476,0.30599167943000793,0.06449096649885178
111,0.0,0.0,0.0,0.0,0.326091468334198,0.04336060583591461,0.3401268422603607,0.07339363545179367,0.3577669560909271,0.03841574490070343,0.309674471616745,0.07162710279226303
112,0.0,0.0,0.0,0.0,0.3312937915325165,0.05516215041279793,0.33947479724884033,0.058194249868392944,0.32555830478668213,0.03719297796487808,0.3521830439567566,0.044099804013967514
113,0.0,0.0,0.0,0.0,0.3306031823158264,0.04640946537256241,0.3266528248786926,0.07075197249650955,0.3224741220474243,0.06900153309106827,0.324085533618927,0.08570767194032669
114,0.0,0.0,0.0,0.0,0.3230178952217102,0.09086740016937256,0.31428655982017517,0.08991004526615143,0.33433133363723755,0.0752863809466362,0.32185783982276917,0.06228301301598549
115,0.0,0.0,0.0,0.0,0.3091540038585663,0.06584745645523071,0.30680760741233826,0.07752864807844162,0.33274880051612854,0.061653390526771545,0.3170590102672577,0.07102110236883163
116,0.0,0.0,0.0,0.0,0.34375593066215515,0.057133521884679794,0.31097203493118286,0.04906005039811134,0.31533733010292053,0.05902385339140892,0.32554736733436584,0.045996665954589844
117,0.0,0.0,0.0,0.0,0.30564460158348083,0.06525125354528427,0.3268909752368927,0.050337109714746475,0.3189534842967987,0.07057959586381912,0.3134216070175171,0.0915556475520134
118,0.0,0.0,0.0,0.0,0.331381231546402,0.06845337897539139,0.31744036078453064,0.06600125133991241,0.3569580912590027,0.04706075042486191,0.30845701694488525,0.0857786014676094
119,0.0,0.0,0.0,0.0,0.3276214599609375,0.0752095878124237,0.32818087935447693,0.04916178062558174,0.3495219647884369,0.06998562067747116,0.31682950258255005,0.08342339098453522
120,0.0,0.0,0.0,0.0,0.3053041696548462,0.10299427807331085,0.3252926766872406,0.06172943860292435,0.30168598890304565,0.0780654326081276,0.3473772406578064,0.04060073569417
121,0.0,0.0,0.0,0.0,0.2966811954975128,0.08245538175106049,0.3064679503440857,0.062315162271261215,0.3185351490974426,0.08599833399057388,0.33270081877708435,0.09147220104932785
122,0.0,0.0,0.0,0.0,0.3438607156276703,0.0668332651257515,0.3140605390071869,0.0780201330780983,0.3534788489341736,0.06801251322031021,0.31123974919319153,0.08394909650087357
123,0.0,0.0,0.0,0.0,0.3429425358772278,0.06367063522338867,0.3336302638053894,0.06406192481517792,0.351962149143219,0.0357043631374836,0.344063401222229,0.07276593893766403
124,0.0,0.0,0.0,0.0,0.32560139894485474,0.07767313718795776,0.31154879927635193,0.06963299214839935,0.33858197927474976,0.04810065031051636,0.2773439288139343,0.0816650465130806
125,0.0,0.0,0.0,0.0,0.29726681113243103,0.0863252505660057,0.3369004726409912,0.06320371478796005,0.3362056612968445,0.07626712322235107,0.35114413499832153,0.04729694873094559
126,0.0,0.0,0.0,0.0,0.3353113532066345,0.06473977863788605,0.34890636801719666,0.07130341231822968,0.33963775634765625,0.06334443390369415,0.3264765739440918,0.08124374598264694
127,0.0,0.0,0.0,0.0,0.305599570274353,0.08231209218502045,0.3193558156490326,0.061467330902814865,0.31894171237945557,0.085288405418396,0.3163411319255829,0.0765230655670166
128,0.0,0.0,0.0,0.0,0.31356537342071533,0.10134199261665344,0.3228822946548462,0.07276562601327896,0.3497743308544159,0.07081561535596848,0.34702354669570923,0.055909425020217896
129,0.0,0.0,0.0,0.0,0.3230736255645752,0.07878638058900833,0.32821840047836304,0.05725120007991791,0.3264988958835602,0.0786861851811409,0.3382951319217682,0.032639432698488235
130,0.0,0.0,0.0,0.0,0.3102304935455322,0.08522819727659225,0.32593226432800293,0.05354263633489609,0.3165968060493469,0.07424616068601608,0.3186718821525574,0.08428686112165451
131,0.0,0.0,0.0,0.0,0.329633891582489,0.0543835274875164,0.32875320315361023,0.06098625436425209,0.3511675000190735,0.035806406289339066,0.3174911141395569,0.06239426136016846
132,0.0,0.0,0.0,0.0,0.3201811611652374,0.08986905962228775,0.36114615201950073,0.029382839798927307,0.3312261998653412,0.0649881362915039,0.32515352964401245,0.06129913777112961
133,0.0,0.0,0.0,0.0,0.3211299777030945,0.08914507180452347,0.32591909170150757,0.06529568135738373,0.33981484174728394,0.07716023176908493,0.3069443702697754,0.06770270317792892
134,0.0,0.0,0.0,0.0,0.29586535692214966,0.06275921314954758,0.345131516456604,0.04439838230609894,0.3033837080001831,0.08524656295776367,0.29949039220809937,0.09523191303014755
135,0.0,0.0,0.0,0.0,0.3447628617286682,0.04851183667778969,0.3134450912475586,0.07628877460956573,0.33196815848350525,0.06154529005289078,0.3140261173248291,0.07469706237316132
136,0.0,0.0,0.0,0.0,0.3453100919723511,0.054429978132247925,0.30874040722846985,0.06548270583152771,0.3305193781852722,0.07338252663612366,0.34948086738586426,0.060359738767147064
137,0.0,0.0,0.0,0.0,0.31158632040023804,0.08839287608861923,0.3340628743171692,0.0502958670258522,0.323468953371048,0.06865619122982025,0.31142324209213257,0.045795928686857224
138,0.0,0.0,0.0,0.0,0.3272298276424408,0.09332362562417984,0.34298568964004517,0.04985952004790306,0.34570032358169556,0.05781502276659012,0.30909016728401184,0.07611770927906036
139,0.0,0.0,0.0,0.0,0.330422580242157,0.06940624117851257,0.35032379627227783,0.04521122947335243,0.31316956877708435,0.07796136289834976,0.28183773159980774,0.08742984384298325
140,0.0,0.0,0.0,0.0,0.31832432746887207,0.07431477308273315,0.3154554069042206,0.06876540184020996,0.30712684988975525,0.09545546770095825,0.3211236298084259,0.06342248618602753
141,0.0,0.0,0.0,0.0,0.3112519085407257,0.06634745001792908,0.32841089367866516,0.05950823798775673,0.30511242151260376,0.07010003924369812,0.3247942328453064,0.054003916680812836
142,0.0,0.0,0.0,0.0,0.32526135444641113,0.0744098350405693,0.34370917081832886,0.047795370221138,0.30827808380126953,0.10228404402732849,0.29763829708099365,0.09609628468751907
143,0.0,0.0,0.0,0.0,0.29589301347732544,0.09591381996870041,0.29826635122299194,0.07865321636199951,0.284993976354599,0.08920644968748093,0.29270869493484497,0.07922659814357758
144,0.0,0.0,0.0,0.0,0.31284865736961365,0.05976485088467598,0.30758044123649597,0.05548650771379471,0.32806459069252014,0.08077415823936462,0.3077305555343628,0.08456379175186157
145,0.0,0.0,0.0,0.0,0.3274850845336914,0.06623070687055588,0.31541556119918823,0.05559668689966202,0.36024948954582214,0.03789539262652397,0.2810896039009094,0.0938747450709343
146,0.0,0.0,0.0,0.0,0.3109160363674164,0.08011173456907272,0.32172921299934387,0.05793967843055725,0.34363895654678345,0.06099436804652214,0.28721293807029724,0.07997206598520279
147,0.0,0.0,0.0,0.0,0.3319372534751892,0.08330681174993515,0.3050333857536316,0.058236368000507355,0.33451366424560547,0.07024718821048737,0.3136448264122009,0.07314086705446243
148,0.0,0.0,0.0,0.0,0.326693058013916,0.07557885348796844,0.33134856820106506,0.06615302711725235,0.3080081045627594,0.06548736989498138,0.31197234988212585,0.0649469867348671
149,0.0,0.0,0.0,0.0,0.3094741404056549,0.0769847109913826,0.33465296030044556,0.044116657227277756,0.314740389585495,0.08993037790060043,0.28677815198898315,0.07238753885030746
150,0.0,0.0,0.0,0.0,0.33200424909591675,0.07174009829759598,0.3150520920753479,0.06548546999692917,0.3341003954410553,0.06534086167812347,0.3084046244621277,0.0680745542049408
151,0.0,0.0,0.0,0.0,0.33500343561172485,0.07116879522800446,0.3294229805469513,0.04195422679185867,0.3258729577064514,0.07123678922653198,0.3101154863834381,0.07260420173406601
152,0.0,0.0,0.0,0.0,0.3290553092956543,0.05937107279896736,0.32867375016212463,0.05975908786058426,0.3299253284931183,0.05779040977358818,0.3009112477302551,0.0852491706609726
153,0.0,0.0,0.0,0.0,0.3264900743961334,0.06923290342092514,0.33344966173171997,0.0506715327501297,0.3339379131793976,0.06193716824054718,0.32041168212890625,0.06452317535877228
154,0.0,0.0,0.0,0.0,0.3227861225605011,0.05578828975558281,0.34057411551475525,0.06104476749897003,0.3452882170677185,0.04381798580288887,0.3226160407066345,0.052003685384988785
155,0.0,0.0,0.0,0.0,0.30651071667671204,0.08659173548221588,0.3255528509616852,0.06749045848846436,0.31939253211021423,0.07827010005712509,0.3085065484046936,0.07617081701755524
156,0.0,0.0,0.0,0.0,0.3078152537345886,0.0786949172616005,0.3087565302848816,0.07953514903783798,0.3357044458389282,0.057413872331380844,0.29434141516685486,0.08796869963407516
157,0.0,0.0,0.0,0.0,0.3186493515968323,0.0759531706571579,0.32479649782180786,0.05344075709581375,0.33755093812942505,0.03665882349014282,0.31980714201927185,0.0727718248963356
158,0.0,0.0,0.0,0.0,0.3286314308643341,0.06888937205076218,0.29863977432250977,0.08181274682283401,0.34092777967453003,0.03842831775546074,0.3013773560523987,0.056699108332395554
159,0.0,0.0,0.0,0.0,0.3066479563713074,0.0925886482000351,0.3366939425468445,0.07432787120342255,0.31331366300582886,0.06814062595367432,0.313795268535614,0.05958783999085426
160,0.0,0.0,0.0,0.0,0.31593912839889526,0.07526805996894836,0.2907155156135559,0.08897098898887634,0.3548361659049988,0.04963686317205429,0.3074352741241455,0.07738476246595383
161,0.0,0.0,0.0,0.0,0.3326883614063263,0.05064074695110321,0.32298341393470764,0.06280180811882019,0.34455639123916626,0.037590671330690384,0.32421496510505676,0.06475649774074554
162,0.0,0.0,0.0,0.0,0.3027620017528534,0.08889410644769669,0.33859479427337646,0.066343754529953,0.31825000047683716,0.07686249911785126,0.27798405289649963,0.07660133391618729
163,0.0,0.0,0.0,0.0,0.29796460270881653,0.06941200792789459,0.3201179802417755,0.07820761948823929,0.34555450081825256,0.061966992914676666,0.3018755614757538,0.07367578893899918
164,0.0,0.0,0.0,0.0,0.3024276793003082,0.0921454131603241,0.31431692838668823,0.07013291865587234,0.34881478548049927,0.05459192395210266,0.31961798667907715,0.06327254325151443
165,0.0,0.0,0.0,0.0,0.31265681982040405,0.07070156931877136,0.32119137048721313,0.0811665803194046,0.2994881272315979,0.09102991223335266,0.28055858612060547,0.07922409474849701
166,0.0,0.0,0.0,0.0,0.2978261709213257,0.08715657889842987,0.30451807379722595,0.07196628302335739,0.35103026032447815,0.05115479230880737,0.3163047730922699,0.047631263732910156
167,0.0,0.0,0.0,0.0,0.3211228549480438,0.05142788589000702,0.3609936833381653,0.0381583571434021,0.34102851152420044,0.04457440599799156,0.31190255284309387,0.08323818445205688
168,0.0,0.0,0.0,0.0,0.30606576800346375,0.08292806148529053,0.31615543365478516,0.0749736800789833,0.2952089309692383,0.10044026374816895,0.2976195216178894,0.07053523510694504
169,0.0,0.0,0.0,0.0,0.3090912699699402,0.08846023678779602,0.2914479374885559,0.07295086979866028,0.33558791875839233,0.05740369111299515,0.3239351809024811,0.039201248437166214
170,0.0,0.0,0.0,0.0,0.3037608563899994,0.06931493431329727,0.32040470838546753,0.07305008172988892,0.3615662455558777,0.04615915194153786,0.30970919132232666,0.08241714537143707
171,0.0,0.0,0.0,0.0,0.30156734585762024,0.0691547766327858,0.3161184787750244,0.06811973452568054,0.33362847566604614,0.06263505667448044,0.32075104117393494,0.06679797917604446
172,0.0,0.0,0.0,0.0,0.30519402027130127,0.06860727071762085,0.3338673710823059,0.06082655489444733,0.31758296489715576,0.10150077193975449,0.30218303203582764,0.08579511195421219
173,0.0,0.0,0.0,0.0,0.30496320128440857,0.07102879881858826,0.3197021186351776,0.04973800107836723,0.3399353623390198,0.06077103316783905,0.3068874478340149,0.08674919605255127
174,0.0,0.0,0.0,0.0,0.3125845491886139,0.07203752547502518,0.332502543926239,0.054176755249500275,0.3461757302284241,0.06331906467676163,0.2871467173099518,0.06378205120563507
175,0.0,0.0,0.0,0.0,0.30479851365089417,0.07848601043224335,0.32346075773239136,0.05808519199490547,0.3522840440273285,0.03668278083205223,0.31516605615615845,0.08046457916498184
176,0.0,0.0,0.0,0.0,0.29694849252700806,0.06350641697645187,0.31893202662467957,0.09791763871908188,0.3404288589954376,0.05921230837702751,0.3186044692993164,0.06920905411243439
177,0.0,0.0,0.0,0.0,0.28321537375450134,0.10095880180597305,0.316238135099411,0.06196606904268265,0.31459254026412964,0.08213021606206894,0.28766709566116333,0.07108865678310394
178,0.0,0.0,0.0,0.0,0.2867501676082611,0.08444083482027054,0.33348292112350464,0.07867187261581421,0.34757179021835327,0.05341317132115364,0.32115593552589417,0.07789668440818787
179,0.0,0.0,0.0,0.0,0.3100537955760956,0.06632179021835327,0.3093758523464203,0.07464075833559036,0.33168619871139526,0.05463189259171486,0.2923729419708252,0.08496075123548508
180,0.0,0.0,0.0,0.0,0.28210386633872986,0.07381634414196014,0.32237035036087036,0.06494604796171188,0.3308010995388031,0.06813318282365799,0.2890007197856903,0.06983709335327148
181,0.0,0.0,0.0,0.0,0.2584505081176758,0.0975865051150322,0.30531755089759827,0.08019087463617325,0.33477938175201416,0.0735330879688263,0.3304287791252136,0.04616956412792206
182,0.0,0.0,0.0,0.0,0.2982138693332672,0.06867127865552902,0.32765763998031616,0.06453961879014969,0.32225409150123596,0.0747055783867836,0.31583988666534424,0.0701206624507904
183,0.0,0.0,0.0,0.0,0.29845353960990906,0.0831744596362114,0.32434719800949097,0.07835302501916885,0.3077133297920227,0.04561323672533035,0.268405556678772,0.0685182437300682
184,0.0,0.0,0.0,0.0,0.29079270362854004,0.08458825945854187,0.3420260548591614,0.039460066705942154,0.33298882842063904,0.051382046192884445,0.28968507051467896,0.07460346817970276
185,0.0,0.0,0.0,0.0,0.29853302240371704,0.08051501214504242,0.339877724647522,0.05639341101050377,0.3422541916370392,0.060367073863744736,0.3138576149940491,0.05145362392067909
186,0.0,0.0,0.0,0.0,0.30505210161209106,0.08302817493677139,0.3216554522514343,0.055838607251644135,0.33156877756118774,0.04690024256706238,0.3329307734966278,0.06303849071264267
187,0.0,0.0,0.0,0.0,0.29151254892349243,0.0925941914319992,0.32090580463409424,0.08709481358528137,0.31702861189842224,0.07099999487400055,0.2958446443080902,0.08645278960466385
188,0.0,0.0,0.0,0.0,0.2899358868598938,0.081871896982193,0.3240794539451599,0.061021290719509125,0.31205248832702637,0.07554124295711517,0.3109733462333679,0.0592644065618515
189,0.0,0.0,0.0,0.0,0.3073946237564087,0.07936015725135803,0.33538034558296204,0.06912356615066528,0.2954006493091583,0.07180175930261612,0.2949264943599701,0.08188419789075851
190,0.0,0.0,0.0,0.0,0.2847723960876465,0.08451422303915024,0.3316752016544342,0.04840848222374916,0.2910553216934204,0.0651598647236824,0.33873873949050903,0.0737811028957367
191,0.0,0.0,0.0,0.0,0.27867037057876587,0.08803153038024902,0.3455049991607666,0.052147239446640015,0.31218141317367554,0.07958392798900604,0.31228163838386536,0.07818472385406494
192,0.0,0.0,0.0,0.0,0.30956363677978516,0.08427048474550247,0.32433003187179565,0.07383079826831818,0.3096141219139099,0.09019139409065247,0.29843029379844666,0.06002582982182503
193,0.0,0.0,0.0,0.0,0.29133695363998413,0.09192073345184326,0.323139488697052,0.07903416454792023,0.2809590697288513,0.0833742693066597,0.30574995279312134,0.07027368992567062
194,0.0,0.0,0.0,0.0,0.2919595241546631,0.09236842393875122,0.33920225501060486,0.05411920323967934,0.29544344544410706,0.07883686572313309,0.34188514947891235,0.06685302406549454
195,0.0,0.0,0.0,0.0,0.2965629994869232,0.08883127570152283,0.33945295214653015,0.06437552720308304,0.28845611214637756,0.09150171279907227,0.2957732677459717,0.0569167360663414
196,0.0,0.0,0.0,0.0,0.30337145924568176,0.07384514063596725,0.32862988114356995,0.06528478115797043,0.31147679686546326,0.07101840525865555,0.28277379274368286,0.07094380259513855
197,0.0,0.0,0.0,0.0,0.2962879538536072,0.06821947544813156,0.3346931040287018,0.05675901845097542,0.30059337615966797,0.08344189822673798,0.2918471395969391,0.07696421444416046
198,0.0,0.0,0.0,0.0,0.3198484182357788,0.0912579819560051,0.3281621038913727,0.0579199343919754,0.29355213046073914,0.09054651111364365,0.3118755519390106,0.056119877845048904
199,0.0,0.0,0.0,0.0,0.2741379141807556,0.09389878064393997,0.3369048237800598,0.063930943608284,0.3174481987953186,0.05795646086335182,0.26300033926963806,0.09284795820713043
200,0.0,0.0,0.0,0.0,0.3096843361854553,0.08658814430236816,0.32347458600997925,0.0754200741648674,0.34184736013412476,0.08114732801914215,0.273491233587265,0.07384974509477615
201,0.0,0.0,0.0,0.0,0.30046987533569336,0.08190944045782089,0.31386688351631165,0.06595191359519958,0.31924620270729065,0.08112307637929916,0.2972714304924011,0.07889439165592194
202,0.0,0.0,0.0,0.0,0.3197838366031647,0.08513907343149185,0.33089759945869446,0.08368377387523651,0.29164057970046997,0.07046239078044891,0.28624939918518066,0.06680427491664886
203,0.0,0.0,0.0,0.0,0.29024672508239746,0.11592970788478851,0.3027176558971405,0.07200157642364502,0.3313865065574646,0.06484328210353851,0.31265830993652344,0.06686102598905563
204,0.0,0.0,0.0,0.0,0.29458752274513245,0.08968659490346909,0.328195720911026,0.07773634046316147,0.3168393075466156,0.0711156576871872,0.31187137961387634,0.07534398883581161
205,0.0,0.0,0.0,0.0,0.3097532391548157,0.08723989874124527,0.3216407001018524,0.0821811631321907,0.321667343378067,0.08445915579795837,0.28528133034706116,0.06652740389108658
206,0.0,0.0,0.0,0.0,0.30554625391960144,0.08754801750183105,0.29415443539619446,0.08060494065284729,0.274306982755661,0.09811362624168396,0.2918180823326111,0.083866648375988
207,0.0,0.0,0.0,0.0,0.2948198914527893,0.1057569608092308,0.3106684684753418,0.0806022360920906,0.312097430229187,0.06433801352977753,0.2912745475769043,0.08268173038959503
208,0.0,0.0,0.0,0.0,0.2968869209289551,0.09166223555803299,0.2843208611011505,0.08106861263513565,0.2859238386154175,0.0812516137957573,0.288528174161911,0.09032146632671356
209,0.0,0.0,0.0,0.0,0.31217747926712036,0.0886731669306755,0.330669105052948,0.06551555544137955,0.28516218066215515,0.08506123721599579,0.2776986062526703,0.09114176779985428
210,0.0,0.0,0.0,0.0,0.30642327666282654,0.08228489011526108,0.3143053650856018,0.08007752895355225,0.32339268922805786,0.06349921971559525,0.28678077459335327,0.08472894877195358
211,0.0,0.0,0.0,0.0,0.2779262363910675,0.08183202892541885,0.3223273754119873,0.06468473374843597,0.32350069284439087,0.06139415130019188,0.28806787729263306,0.07608281075954437
212,0.0,0.0,0.0,0.0,0.27226385474205017,0.09197478741407394,0.33148735761642456,0.06918875128030777,0.3115019202232361,0.0854649618268013,0.3144893944263458,0.07595019787549973
213,0.0,0.0,0.0,0.0,0.303562730550766,0.07498840242624283,0.2902512550354004,0.08648121356964111,0.3393097519874573,0.057871147990226746,0.2860301434993744,0.07861501723527908
214,0.0,0.0,0.0,0.0,0.3127186894416809,0.07110882550477982,0.32516950368881226,0.0799122080206871,0.3280814588069916,0.06610480695962906,0.3180208206176758,0.08566630631685257
215,0.0,0.0,0.0,0.0,0.3114408850669861,0.07280659675598145,0.3305336833000183,0.062219418585300446,0.32652634382247925,0.04297270625829697,0.2982461750507355,0.10463815927505493
216,0.0,0.0,0.0,0.0,0.3158513605594635,0.07752525061368942,0.3073655962944031,0.09485352784395218,0.29656070470809937,0.09015917032957077,0.2531515955924988,0.0982045978307724
217,0.0,0.0,0.0,0.0,0.3030764162540436,0.08046916127204895,0.2861078381538391,0.10354439169168472,0.34809190034866333,0.09083326905965805,0.25683218240737915,0.0976550504565239
218,0.0,0.0,0.0,0.0,0.29419583082199097,0.11622528731822968,0.32168012857437134,0.03741058334708214,0.3132239282131195,0.07867676019668579,0.2977176010608673,0.09379614889621735
219,0.0,0.0,0.0,0.0,0.2910405099391937,0.09771029651165009,0.3264010548591614,0.06481737643480301,0.3072499632835388,0.0989345908164978,0.295470654964447,0.08906154334545135
220,0.0,0.0,0.0,0.0,0.2949449419975281,0.08035536110401154,0.2826610803604126,0.08026709407567978,0.3001819849014282,0.08649751543998718,0.3386058807373047,0.06627675145864487
221,0.0,0.0,0.0,0.0,0.3276744484901428,0.0615798719227314,0.29714563488960266,0.0766785517334938,0.2846631705760956,0.08835001289844513,0.309180349111557,0.07736768573522568
222,0.0,0.0,0.0,0.0,0.28950878977775574,0.0890648141503334,0.3272803723812103,0.04591546207666397,0.29690730571746826,0.07992805540561676,0.3331337571144104,0.06486842036247253
223,0.0,0.0,0.0,0.0,0.33883193135261536,0.05214801803231239,0.31007638573646545,0.0764981135725975,0.31825071573257446,0.06977292895317078,0.28247925639152527,0.09904611855745316
224,0.0,0.0,0.0,0.0,0.30539262294769287,0.09173623472452164,0.294088214635849,0.09252844005823135,0.324598491191864,0.08715681731700897,0.2721479833126068,0.11910519748926163
225,0.0,0.0,0.0,0.0,0.31404510140419006,0.06694751232862473,0.28847965598106384,0.09940110892057419,0.3336668014526367,0.06226605549454689,0.2984676659107208,0.08880066871643066
226,0.0,0.0,0.0,0.0,0.3111794590950012,0.06825598329305649,0.30345267057418823,0.07634545117616653,0.3078141212463379,0.07171932607889175,0.27575939893722534,0.10667060315608978
227,0.0,0.0,0.0,0.0,0.28698745369911194,0.08984202146530151,0.2844851016998291,0.08926472067832947,0.2610182762145996,0.099031001329422,0.28585195541381836,0.09210031479597092
228,0.0,0.0,0.0,0.0,0.3069399893283844,0.07121601700782776,0.29755884408950806,0.09064525365829468,0.28145140409469604,0.1098216325044632,0.2739182114601135,0.09383861720561981
229,0.0,0.0,0.0,0.0,0.30526575446128845,0.07384201884269714,0.2796964943408966,0.07721618562936783,0.27794426679611206,0.08443211019039154,0.2966138422489166,0.0830785408616066
230,0.0,0.0,0.0,0.0,0.3227171301841736,0.07195942103862762,0.2872371971607208,0.08942641317844391,0.26612767577171326,0.08995730429887772,0.2967804968357086,0.10005850344896317
231,0.0,0.0,0.0,0.0,0.31098082661628723,0.07997016608715057,0.2710335850715637,0.09821312129497528,0.31271734833717346,0.07346047461032867,0.2823943495750427,0.09520207345485687
232,0.0,0.0,0.0,0.0,0.311917245388031,0.058880534023046494,0.2783602774143219,0.1037701666355133,0.30516043305397034,0.07771099358797073,0.26048868894577026,0.1175704151391983
233,0.0,0.0,0.0,0.0,0.3109642565250397,0.0733063668012619,0.3287201523780823,0.0616801492869854,0.2578129768371582,0.10800338536500931,0.2781325876712799,0.08514146506786346
234,0.0,0.0,0.0,0.0,0.28608566522598267,0.08911239355802536,0.3112555146217346,0.07934528589248657,0.29620125889778137,0.0937119722366333,0.3183451294898987,0.07948292791843414
235,0.0,0.0,0.0,0.0,0.26587092876434326,0.09045258909463882,0.30972403287887573,0.08165418356657028,0.2973346710205078,0.08464765548706055,0.28312474489212036,0.11081762611865997
236,0.0,0.0,0.0,0.0,0.28845831751823425,0.08458494395017624,0.2941061854362488,0.07640819996595383,0.2830445170402527,0.11467579752206802,0.30401331186294556,0.1138182133436203
237,0.0,0.0,0.0,0.0,0.29095911979675293,0.08549334853887558,0.27627232670783997,0.09720661491155624,0.2615874707698822,0.10202965885400772,0.31724444031715393,0.09038284420967102
238,0.0,0.0,0.0,0.0,0.29165729880332947,0.07360571622848511,0.2977824807167053,0.09862738102674484,0.2943798899650574,0.08404397964477539,0.337635338306427,0.07414086908102036
239,0.0,0.0,0.0,0.0,0.27059096097946167,0.09510142356157303,0.29145190119743347,0.09106020629405975,0.26550132036209106,0.08148607611656189,0.2665828466415405,0.09241170436143875
240,0.0,0.0,0.0,0.0,0.2747052311897278,0.0746917650103569,0.23871079087257385,0.09524119645357132,0.27724695205688477,0.10052274167537689,0.30590957403182983,0.08280967175960541
241,0.0,0.0,0.0,0.0,0.26893556118011475,0.08405648916959763,0.2612396478652954,0.08824313431978226,0.25749704241752625,0.11619500815868378,0.30571770668029785,0.08138175308704376
242,0.0,0.0,0.0,0.0,0.28036603331565857,0.07946338504552841,0.3098152279853821,0.06250075995922089,0.2845379710197449,0.10797616094350815,0.30617576837539673,0.0909152701497078
243,0.0,0.0,0.0,0.0,0.2895306944847107,0.08037663251161575,0.2837844789028168,0.11196734011173248,0.28602486848831177,0.0975138321518898,0.2703428268432617,0.09709858894348145
244,0.0,0.0,0.0,0.0,0.26466163992881775,0.07805003225803375,0.2778152823448181,0.09834890067577362,0.326367050409317,0.09495563805103302,0.3274305462837219,0.07918628305196762
245,0.0,0.0,0.0,0.0,0.23636853694915771,0.08793777227401733,0.3081950843334198,0.07321701943874359,0.20067736506462097,0.09146348387002945,0.2684778869152069,0.09852448850870132
246,0.0,0.0,0.0,0.0,0.2851983904838562,0.05774511769413948,0.29796743392944336,0.0905146673321724,0.26918771862983704,0.10617480427026749,0.2936883270740509,0.0952075943350792
247,0.0,0.0,0.0,0.0,0.31192535161972046,0.07139088958501816,0.3020973205566406,0.09076157957315445,0.2842525839805603,0.07925155013799667,0.28746578097343445,0.08926466107368469
248,0.0,0.0,0.0,0.0,0.2824879586696625,0.07792774587869644,0.30309104919433594,0.09035548567771912,0.24449734389781952,0.08788193017244339,0.2929842472076416,0.08539237827062607
249,0.0,0.0,0.0,0.0,0.2838509976863861,0.06769805401563644,0.2888876497745514,0.08135250955820084,0.2575598359107971,0.10399705916643143,0.28598135709762573,0.0935179814696312
250,0.0,0.0,0.0,0.0,0.2955649495124817,0.07135381549596786,0.28400444984436035,0.06941024959087372,0.27700135111808777,0.09709136933088303,0.2678351104259491,0.0936981812119484
251,0.0,0.0,0.0,0.0,0.2743797302246094,0.08897645026445389,0.2848759591579437,0.08812209963798523,0.23549973964691162,0.11012987792491913,0.2852301597595215,0.10446184128522873
252,0.0,0.0,0.0,0.0,0.2722613513469696,0.08861862123012543,0.2996522784233093,0.0662313774228096,0.27197596430778503,0.11660145968198776,0.2769211232662201,0.08719656616449356
253,0.0,0.0,0.0,0.0,0.2738688588142395,0.07213158160448074,0.26017919182777405,0.08067301660776138,0.27873775362968445,0.0909653827548027,0.25578638911247253,0.09546884149312973
254,0.0,0.0,0.0,0.0,0.23171469569206238,0.0938812643289566,0.2729148864746094,0.09737107902765274,0.2994922995567322,0.08711246401071548,0.2692285180091858,0.10607598721981049
255,0.0,0.0,0.0,0.0,0.2642584443092346,0.08526599407196045,0.2792273461818695,0.09959670156240463,0.20971134305000305,0.08796235918998718,0.2567753493785858,0.1195073351264
256,0.0,0.0,0.0,0.0,0.2715960443019867,0.08132095634937286,0.25283318758010864,0.08616091310977936,0.25323039293289185,0.099256232380867,0.2894189953804016,0.07251276820898056
257,0.0,0.0,0.0,0.0,0.25081464648246765,0.08380496501922607,0.26022419333457947,0.08174852281808853,0.21980170905590057,0.09658148884773254,0.25310271978378296,0.11354034394025803
258,0.0,0.0,0.0,0.0,0.318429172039032,0.04628799483180046,0.2712487280368805,0.08340681344270706,0.23554250597953796,0.06997724622488022,0.26367026567459106,0.09777701646089554
259,0.0,0.0,0.0,0.0,0.2545504868030548,0.08835439383983612,0.24134019017219543,0.09917932748794556,0.22354738414287567,0.10079023987054825,0.23566019535064697,0.09467153996229172
260,0.0,0.0,0.0,0.0,0.22440281510353088,0.0777946338057518,0.2578817903995514,0.107079416513443,0.21767167747020721,0.09279322624206543,0.2482936829328537,0.09633653610944748
261,0.0,0.0,0.0,0.0,0.26826587319374084,0.07957638055086136,0.23236456513404846,0.09331215918064117,0.23107151687145233,0.06771472841501236,0.25723177194595337,0.09068886935710907
262,0.0,0.0,0.0,0.0,0.2584603428840637,0.08108282089233398,0.22793123126029968,0.08851631730794907,0.2272142469882965,0.08363103121519089,0.2546139359474182,0.08338805288076401
263,0.0,0.0,0.0,0.0,0.27195852994918823,0.06537545472383499,0.28441348671913147,0.06896987557411194,0.24783769249916077,0.07387059181928635,0.2567117512226105,0.07504060119390488
264,0.0,0.0,0.0,0.0,0.27589088678359985,0.0644153282046318,0.24320802092552185,0.09749826788902283,0.21027784049510956,0.09238654375076294,0.2735622227191925,0.11155985295772552
265,0.0,0.0,0.0,0.0,0.2758294641971588,0.07519853860139847,0.26851052045822144,0.0562877282500267,0.19865666329860687,0.07130193710327148,0.21136164665222168,0.07054021209478378
266,0.0,0.0,0.0,0.0,0.29026785492897034,0.06991531699895859,0.24454927444458008,0.07916077971458435,0.20185205340385437,0.09525492787361145,0.2677108645439148,0.07972852885723114
267,0.0,0.0,0.0,0.0,0.2624407708644867,0.0831368938088417,0.24170632660388947,0.0715433657169342,0.21478334069252014,0.07377927005290985,0.23514804244041443,0.09398088604211807
268,0.0,0.0,0.0,0.0,0.25516653060913086,0.06784912198781967,0.26040104031562805,0.059035249054431915,0.23721341788768768,0.08344949036836624,0.21751883625984192,0.07598382234573364
269,0.0,0.0,0.0,0.0,0.2421518862247467,0.050565507262945175,0.26083990931510925,0.08991961926221848,0.2045997679233551,0.06921828538179398,0.22707629203796387,0.09445029497146606
270,0.0,0.0,0.0,0.0,0.2656799554824829,0.06012173742055893,0.23089465498924255,0.07331377267837524,0.20655401051044464,0.05261361971497536,0.22732508182525635,0.0811062678694725
271,0.0,0.0,0.0,0.0,0.25210103392601013,0.06943542510271072,0.2968546748161316,0.08113846927881241,0.22017312049865723,0.052107714116573334,0.27080854773521423,0.06111891567707062
272,0.0,0.0,0.0,0.0,0.2690419852733612,0.0950973778963089,0.2463870793581009,0.1032363623380661,0.20878270268440247,0.05441983789205551,0.2978670001029968,0.07881839573383331
273,0.0,0.0,0.0,0.0,0.26912686228752136,0.06798706948757172,0.2088112086057663,0.08241847902536392,0.26241543889045715,0.08109785616397858,0.21914136409759521,0.09769591689109802
274,0.0,0.0,0.0,0.0,0.251817524433136,0.07057920098304749,0.2313757687807083,0.07867449522018433,0.24197499454021454,0.07884452491998672,0.2750615179538727,0.07167596369981766
275,0.0,0.0,0.0,0.0,0.2572907507419586,0.06639239192008972,0.27381378412246704,0.07948672771453857,0.21250012516975403,0.09133962541818619,0.24606816470623016,0.06573883444070816
276,0.0,0.0,0.0,0.0,0.238225057721138,0.045649465173482895,0.23951716721057892,0.08083172142505646,0.2067461460828781,0.07085181772708893,0.25342482328414917,0.0760844498872757
277,0.0,0.0,0.0,0.0,0.23012995719909668,0.08398766815662384,0.25302278995513916,0.09254198521375656,0.2211267054080963,0.05727212131023407,0.2256934940814972,0.08880289644002914
278,0.0,0.0,0.0,0.0,0.23381979763507843,0.0799034982919693,0.2229406088590622,0.05157534033060074,0.2184005230665207,0.07506664097309113,0.23562729358673096,0.06792524456977844
279,0.0,0.0,0.0,0.0,0.2672847509384155,0.031934984028339386,0.22767534852027893,0.0764966830611229,0.2064218968153,0.07148204743862152,0.23056301474571228,0.08429575711488724
280,0.0,0.0,0.0,0.0,0.2379894256591797,0.06860171258449554,0.24036934971809387,0.0686875581741333,0.2253008782863617,0.059147030115127563,0.24506601691246033,0.07827792316675186
281,0.0,0.0,0.0,0.0,0.261364609003067,0.05657899007201195,0.23661808669567108,0.07345286756753922,0.22477689385414124,0.06361261010169983,0.20658810436725616,0.07234182953834534
282,0.0,0.0,0.0,0.0,0.2235546112060547,0.04867975041270256,0.2687721848487854,0.053790438920259476,0.22577913105487823,0.08280599862337112,0.24319620430469513,0.0801747590303421
283,0.0,0.0,0.0,0.0,0.23237821459770203,0.06036734580993652,0.2626565098762512,0.06876610964536667,0.22607822716236115,0.04936109483242035,0.2494755983352661,0.0851033478975296
284,0.0,0.0,0.0,0.0,0.2469521313905716,0.04949032887816429,0.23708829283714294,0.07902552932500839,0.1950778067111969,0.04664190113544464,0.25432127714157104,0.06683506816625595
285,0.0,0.0,0.0,0.0,0.2643069624900818,0.05904199928045273,0.2361491620540619,0.07181066274642944,0.24298131465911865,0.06704273074865341,0.2309986799955368,0.06682729721069336
286,0.0,0.0,0.0,0.0,0.2678852081298828,0.05200999230146408,0.2780632972717285,0.06300633400678635,0.17136748135089874,0.061487749218940735,0.241415336728096,0.06419957429170609
287,0.0,0.0,0.0,0.0,0.26058241724967957,0.07053615152835846,0.2374982088804245,0.060855600982904434,0.19731435179710388,0.0749194473028183,0.22684213519096375,0.07366019487380981
288,0.0,0.0,0.0,0.0,0.23505151271820068,0.05419766902923584,0.21409185230731964,0.07287868857383728,0.19724074006080627,0.05931473150849342,0.2672288119792938,0.08340753614902496
289,0.0,0.0,0.0,0.0,0.21864250302314758,0.041498586535453796,0.2400168478488922,0.07911425083875656,0.24450674653053284,0.10275189578533173,0.24614611268043518,0.054129473865032196
290,0.0,0.0,0.0,0.0,0.215932697057724,0.06915103644132614,0.22608260810375214,0.06494501978158951,0.229721337556839,0.04350721836090088,0.2608458697795868,0.052959639579057693
291,0.0,0.0,0.0,0.0,0.21105775237083435,0.0667034462094307,0.26365700364112854,0.05211798846721649,0.22993497550487518,0.06382029503583908,0.25002890825271606,0.05322425812482834
292,0.0,0.0,0.0,0.0,0.2531563937664032,0.046162448823451996,0.22680294513702393,0.05190932750701904,0.21648380160331726,0.06245129927992821,0.2425192892551422,0.09039939939975739
293,0.0,0.0,0.0,0.0,0.245161771774292,0.06839900463819504,0.19516482949256897,0.060621511191129684,0.22635360062122345,0.057012274861335754,0.22555167973041534,0.07778780162334442
294,0.0,0.0,0.0,0.0,0.25483763217926025,0.06376869231462479,0.22811055183410645,0.07580308616161346,0.2582860589027405,0.0685378834605217,0.26305490732192993,0.053450167179107666
295,0.0,0.0,0.0,0.0,0.21846231818199158,0.05827824026346207,0.19853273034095764,0.056560151278972626,0.23689694702625275,0.05088803172111511,0.2213168889284134,0.0731775090098381
296,0.0,0.0,0.0,0.0,0.2379395216703415,0.07892080396413803,0.23107361793518066,0.06668994575738907,0.21924491226673126,0.049711018800735474,0.2120331972837448,0.06549140810966492
297,0.0,0.0,0.0,0.0,0.2265205830335617,0.05150280147790909,0.2209058701992035,0.062231436371803284,0.17608989775180817,0.05602199211716652,0.25673335790634155,0.054621316492557526
298,0.0,0.0,0.0,0.0,0.21677426993846893,0.0700031965970993,0.2564035952091217,0.06381865590810776,0.23843784630298615,0.0469178706407547,0.25588738918304443,0.05105077847838402
299,0.0,0.0,0.0,0.0,0.22973012924194336,0.0704779326915741,0.25806671380996704,0.07225331664085388,0.21860864758491516,0.05044112727046013,0.2676587700843811,0.0537763275206089
300,0.0,0.0,0.0,0.0,0.24038012325763702,0.04647322744131088,0.2065950334072113,0.08650332689285278,0.22747735679149628,0.0575057789683342,0.24082112312316895,0.0699048787355423
301,0.0,0.0,0.0,0.0,0.2223154753446579,0.04655110836029053,0.2322547733783722,0.09108512103557587,0.23086413741111755,0.059009671211242676,0.24315445125102997,0.067283995449543
302,0.0,0.0,0.0,0.0,0.22991514205932617,0.06783103197813034,0.23036806285381317,0.07829869538545609,0.2083982676267624,0.05489175021648407,0.2414085566997528,0.07977969944477081
303,0.0,0.0,0.0,0.0,0.21356627345085144,0.05119726061820984,0.27848392724990845,0.07772345840930939,0.2211497277021408,0.07024690508842468,0.23134294152259827,0.08116618543863297
304,0.0,0.0,0.0,0.0,0.19311468303203583,0.04856449365615845,0.2713419198989868,0.06159662827849388,0.2386586219072342,0.05304184928536415,0.23940615355968475,0.06197576969861984
305,0.0,0.0,0.0,0.0,0.2577499449253082,0.07566001266241074,0.22802972793579102,0.07814069092273712,0.21585187315940857,0.06774017959833145,0.23479130864143372,0.06870745867490768
306,0.0,0.0,0.0,0.0,0.21156664192676544,0.0393032431602478,0.23400838673114777,0.06923326104879379,0.2154858112335205,0.0740920752286911,0.23988130688667297,0.06823543459177017
307,0.0,0.0,0.0,0.0,0.25071659684181213,0.07343830168247223,0.22342631220817566,0.06003224104642868,0.19775477051734924,0.029326263815164566,0.22004194557666779,0.06289117783308029
308,0.0,0.0,0.0,0.0,0.22653229534626007,0.05522008612751961,0.2789941430091858,0.07454773783683777,0.2186891734600067,0.07540741562843323,0.22201471030712128,0.08192352205514908
309,0.0,0.0,0.0,0.0,0.23075875639915466,0.044692251831293106,0.25497809052467346,0.05836780369281769,0.23666158318519592,0.06357277184724808,0.24692372977733612,0.07074067741632462
310,0.0,0.0,0.0,0.0,0.214547798037529,0.07027457654476166,0.2108292281627655,0.08716720342636108,0.26254743337631226,0.047560591250658035,0.2317465990781784,0.07842649519443512
311,0.0,0.0,0.0,0.0,0.22621381282806396,0.06301899254322052,0.23335270583629608,0.06755590438842773,0.23590882122516632,0.05666189640760422,0.2467295229434967,0.07483619451522827
312,0.0,0.0,0.0,0.0,0.20673319697380066,0.043610550463199615,0.2767270505428314,0.03108168952167034,0.21738716959953308,0.05183790996670723,0.23204374313354492,0.061154305934906006
313,0.0,0.0,0.0,0.0,0.2447013556957245,0.05688132345676422,0.2144392728805542,0.07442888617515564,0.23108890652656555,0.0793781727552414,0.28518009185791016,0.06750962883234024
314,0.0,0.0,0.0,0.0,0.21925464272499084,0.0678209587931633,0.25463956594467163,0.09002293646335602,0.22973063588142395,0.07313892245292664,0.22483396530151367,0.07924436777830124
315,0.0,0.0,0.0,0.0,0.2533150315284729,0.05495345965027809,0.23846235871315002,0.054239362478256226,0.20648889243602753,0.06030653789639473,0.24344217777252197,0.07750031352043152
316,0.0,0.0,0.0,0.0,0.22964152693748474,0.07207565754652023,0.22393596172332764,0.05873255804181099,0.2576090097427368,0.06548745185136795,0.23947472870349884,0.062021635472774506
317,0.0,0.0,0.0,0.0,0.2717766761779785,0.02883479930460453,0.27823978662490845,0.04451077803969383,0.18461808562278748,0.052880603820085526,0.24390646815299988,0.08715705573558807
318,0.0,0.0,0.0,0.0,0.22825856506824493,0.07653874903917313,0.25683245062828064,0.03342968598008156,0.23528926074504852,0.037848591804504395,0.2454700469970703,0.09157467633485794
319,0.0,0.0,0.0,0.0,0.2417229861021042,0.05579330772161484,0.23765309154987335,0.06703095138072968,0.1895107924938202,0.06406594067811966,0.22476056218147278,0.0894654244184494
320,0.0,0.0,0.0,0.0,0.2240506112575531,0.05923006683588028,0.26310068368911743,0.0721573457121849,0.2106342613697052,0.05435977131128311,0.23450195789337158,0.09367267787456512
321,0.0,0.0,0.0,0.0,0.2218165099620819,0.0558464489877224,0.21628007292747498,0.06288424134254456,0.21050548553466797,0.04499073326587677,0.22515252232551575,0.09079033881425858
322,0.0,0.0,0.0,0.0,0.21406228840351105,0.07059114426374435,0.22156396508216858,0.06614349782466888,0.22279000282287598,0.0630512535572052,0.23536762595176697,0.0759420171380043
323,0.0,0.0,0.0,0.0,0.19672603905200958,0.06597182899713516,0.22986777126789093,0.07407566159963608,0.2195153683423996,0.06434107571840286,0.23384308815002441,0.062291137874126434
324,0.0,0.0,0.0,0.0,0.26208141446113586,0.039346739649772644,0.22870437800884247,0.056323081254959106,0.23060402274131775,0.06723824143409729,0.2645641267299652,0.06534311920404434
325,0.0,0.0,0.0,0.0,0.2202780693769455,0.07745280861854553,0.20192603766918182,0.0737478956580162,0.23431074619293213,0.06956512480974197,0.2261325865983963,0.07409247010946274
326,0.0,0.0,0.0,0.0,0.22601599991321564,0.05242755264043808,0.2759172022342682,0.049701109528541565,0.23099887371063232,0.07553595304489136,0.24315428733825684,0.07743876427412033
327,0.0,0.0,0.0,0.0,0.23061469197273254,0.05668935179710388,0.2371712028980255,0.05560734122991562,0.22976163029670715,0.060868628323078156,0.2614496648311615,0.07611952722072601
328,0.0,0.0,0.0,0.0,0.21619239449501038,0.07430809736251831,0.20501229166984558,0.0467991977930069,0.2228432446718216,0.08816433697938919,0.25477364659309387,0.09759396314620972
329,0.0,0.0,0.0,0.0,0.2326674461364746,0.06268560886383057,0.25739240646362305,0.054751984775066376,0.21356526017189026,0.04380155727267265,0.21748113632202148,0.0802316963672638
330,0.0,0.0,0.0,0.0,0.23755459487438202,0.069101981818676,0.24428191781044006,0.06351185590028763,0.21936383843421936,0.049055520445108414,0.2383449524641037,0.07074122875928879
331,0.0,0.0,0.0,0.0,0.21385781466960907,0.08605078607797623,0.23225221037864685,0.05599845573306084,0.21268272399902344,0.06395592540502548,0.24346165359020233,0.09327001124620438
332,0.0,0.0,0.0,0.0,0.23465125262737274,0.06954947859048843,0.23897962272167206,0.07417390495538712,0.2308821678161621,0.07517664134502411,0.23334901034832,0.10633336007595062
333,0.0,0.0,0.0,0.0,0.21717116236686707,0.060138970613479614,0.2280128449201584,0.0712999776005745,0.24653248488903046,0.05590302124619484,0.2510954737663269,0.07984030991792679
334,0.0,0.0,0.0,0.0,0.2563362419605255,0.037681031972169876,0.22711122035980225,0.06798893958330154,0.22634001076221466,0.05641815811395645,0.2584307789802551,0.07283487915992737
335,0.0,0.0,0.0,0.0,0.23070983588695526,0.06787962466478348,0.23529267311096191,0.04528951644897461,0.2142368108034134,0.06048530340194702,0.26346856355667114,0.07685907930135727
336,0.0,0.0,0.0,0.0,0.23805320262908936,0.06707341223955154,0.2345496118068695,0.06260214000940323,0.23060624301433563,0.07496162503957748,0.23706984519958496,0.07419464737176895
337,0.0,0.0,0.0,0.0,0.2295076847076416,0.09344872832298279,0.23154477775096893,0.0769796222448349,0.2180744707584381,0.035992443561553955,0.24098467826843262,0.06901966780424118
338,0.0,0.0,0.0,0.0,0.2329472005367279,0.055251870304346085,0.23148968815803528,0.059618402272462845,0.22354015707969666,0.05197988450527191,0.24559855461120605,0.09189078956842422
339,0.0,0.0,0.0,0.0,0.22116613388061523,0.053938668221235275,0.22748255729675293,0.06475401669740677,0.21886920928955078,0.056870508939027786,0.25265324115753174,0.06526058912277222
340,0.0,0.0,0.0,0.0,0.24330958724021912,0.06909690797328949,0.20238199830055237,0.053188107907772064,0.2186301052570343,0.05390899255871773,0.2342379093170166,0.07289638370275497
341,0.0,0.0,0.0,0.0,0.21913810074329376,0.06024659425020218,0.22834229469299316,0.06486551463603973,0.22554221749305725,0.044967103749513626,0.2830085754394531,0.0716213658452034
342,0.0,0.0,0.0,0.0,0.23161181807518005,0.053927768021821976,0.19354960322380066,0.08092661947011948,0.22327092289924622,0.07122979313135147,0.2686341106891632,0.07287397980690002
343,0.0,0.0,0.0,0.0,0.24386250972747803,0.07571671903133392,0.21679846942424774,0.06475082039833069,0.2033746987581253,0.046896327286958694,0.290009081363678,0.07195506989955902
344,0.0,0.0,0.0,0.0,0.23162730038166046,0.06504052132368088,0.2352178543806076,0.07337819039821625,0.19580551981925964,0.033085133880376816,0.26304301619529724,0.059270262718200684
345,0.0,0.0,0.0,0.0,0.26794958114624023,0.06199735403060913,0.20088498294353485,0.04222800210118294,0.22874870896339417,0.054870765656232834,0.27487045526504517,0.06509314477443695
346,0.0,0.0,0.0,0.0,0.2240610122680664,0.069753497838974,0.2186872661113739,0.061078134924173355,0.23001249134540558,0.05825434997677803,0.25193729996681213,0.08734357357025146
347,0.0,0.0,0.0,0.0,0.25287091732025146,0.06027837097644806,0.2570439875125885,0.05217313393950462,0.2342485636472702,0.060776930302381516,0.24187056720256805,0.07515136897563934
348,0.0,0.0,0.0,0.0,0.24117359519004822,0.05412320792675018,0.24925176799297333,0.06317649036645889,0.22114329040050507,0.06277704238891602,0.2587859332561493,0.0610831081867218
349,0.0,0.0,0.0,0.0,0.2514665722846985,0.06119147315621376,0.23550507426261902,0.05452723056077957,0.23127321898937225,0.0498574897646904,0.27354896068573,0.06090159714221954
350,0.0,0.0,0.0,0.0,0.2315010130405426,0.04911625385284424,0.19215664267539978,0.03864336386322975,0.21410402655601501,0.06708592921495438,0.2655225694179535,0.0765005350112915
351,0.0,0.0,0.0,0.0,0.23816442489624023,0.04977909475564957,0.232874795794487,0.043335724622011185,0.23482879996299744,0.05301506444811821,0.24919858574867249,0.06644018739461899
352,0.0,0.0,0.0,0.0,0.22034433484077454,0.0699429139494896,0.2398177832365036,0.06174108758568764,0.2264317274093628,0.0414387546479702,0.2226441353559494,0.08112312853336334
353,0.0,0.0,0.0,0.0,0.22833891212940216,0.07099948078393936,0.25288254022598267,0.05239645391702652,0.1870824545621872,0.0650048777461052,0.24569621682167053,0.0880531370639801
354,0.0,0.0,0.0,0.0,0.21559712290763855,0.06803078949451447,0.23765572905540466,0.06540904939174652,0.2530427575111389,0.04049743711948395,0.2452767789363861,0.058215007185935974
355,0.0,0.0,0.0,0.0,0.21894213557243347,0.05176564306020737,0.24787037074565887,0.07448898255825043,0.2002367526292801,0.04226597771048546,0.22271129488945007,0.08222034573554993
356,0.0,0.0,0.0,0.0,0.23218505084514618,0.06915070116519928,0.2189779281616211,0.061938196420669556,0.22543618083000183,0.0657217875123024,0.21152019500732422,0.057366419583559036
357,0.0,0.0,0.0,0.0,0.22272221744060516,0.08337508887052536,0.22450542449951172,0.054768141359090805,0.21615788340568542,0.0662803202867508,0.2835352420806885,0.06845875084400177
358,0.0,0.0,0.0,0.0,0.23442237079143524,0.06038883328437805,0.2621554434299469,0.05231017619371414,0.21927222609519958,0.062625452876091,0.22769224643707275,0.04395425319671631
359,0.0,0.0,0.0,0.0,0.23038780689239502,0.07306251674890518,0.2718832790851593,0.04647188261151314,0.23495666682720184,0.0518924705684185,0.22227177023887634,0.05020083114504814
360,0.0,0.0,0.0,0.0,0.2446574717760086,0.08232717961072922,0.23904331028461456,0.043775323778390884,0.247173473238945,0.04750067740678787,0.25116580724716187,0.04499773681163788
361,0.0,0.0,0.0,0.0,0.24310246109962463,0.05335165187716484,0.23397520184516907,0.06893026828765869,0.20322027802467346,0.06658291071653366,0.2218320369720459,0.057547349482774734
362,0.0,0.0,0.0,0.0,0.22685682773590088,0.06406529992818832,0.206275075674057,0.055994030088186264,0.21157613396644592,0.06412774324417114,0.2566525340080261,0.05979016423225403
363,0.0,0.0,0.0,0.0,0.2595725953578949,0.04179419204592705,0.22743956744670868,0.06480767577886581,0.20648415386676788,0.0540454126894474,0.23291559517383575,0.10514816641807556
364,0.0,0.0,0.0,0.0,0.22454862296581268,0.05822424963116646,0.23894163966178894,0.06334894150495529,0.2622683346271515,0.04619206488132477,0.24323490262031555,0.07435643672943115
365,0.0,0.0,0.0,0.0,0.2309626042842865,0.07366332411766052,0.21195392310619354,0.05803927779197693,0.2288830280303955,0.05090000107884407,0.202954962849617,0.06904938071966171
366,0.0,0.0,0.0,0.0,0.2108195722103119,0.04671016335487366,0.24285845458507538,0.048866402357816696,0.22700169682502747,0.05722164735198021,0.2396077662706375,0.08094111829996109
367,0.0,0.0,0.0,0.0,0.21128997206687927,0.07839719206094742,0.23350214958190918,0.07505399733781815,0.22740760445594788,0.07769037038087845,0.24047617614269257,0.07749088108539581
368,0.0,0.0,0.0,0.0,0.23779158294200897,0.07493523508310318,0.26023608446121216,0.06195581331849098,0.21303443610668182,0.07094240933656693,0.22659966349601746,0.06569227576255798
369,0.0,0.0,0.0,0.0,0.24160435795783997,0.04498975723981857,0.23486991226673126,0.06779855489730835,0.22765836119651794,0.05801693722605705,0.22063083946704865,0.05728502944111824
370,0.0,0.0,0.0,0.0,0.2296726405620575,0.07025741785764694,0.24420619010925293,0.06496882438659668,0.21117910742759705,0.06326863914728165,0.23194286227226257,0.059249818325042725
371,0.0,0.0,0.0,0.0,0.24753721058368683,0.0465734489262104,0.20710237324237823,0.06453785300254822,0.21458931267261505,0.04252459108829498,0.245407372713089,0.07311395555734634
372,0.0,0.0,0.0,0.0,0.19897675514221191,0.06508005410432816,0.2346053421497345,0.06426355242729187,0.2411048412322998,0.05010506138205528,0.2307782918214798,0.0685972198843956
373,0.0,0.0,0.0,0.0,0.23380763828754425,0.05912896990776062,0.24642951786518097,0.060074642300605774,0.2135688066482544,0.07735640555620193,0.2501456141471863,0.05006769672036171
374,0.0,0.0,0.0,0.0,0.2276521921157837,0.05467815697193146,0.21143174171447754,0.06926456093788147,0.2164902240037918,0.03697306662797928,0.20545096695423126,0.05760630592703819
375,0.0,0.0,0.0,0.0,0.23396363854408264,0.06341157108545303,0.23481746017932892,0.04980361834168434,0.21190086007118225,0.03547747805714607,0.21959523856639862,0.06578374654054642
376,0.0,0.0,0.0,0.0,0.22940686345100403,0.07347971200942993,0.22020907700061798,0.06009933724999428,0.21502026915550232,0.05495322123169899,0.25078484416007996,0.08414943516254425
377,0.0,0.0,0.0,0.0,0.261107474565506,0.04776085913181305,0.23717550933361053,0.06557609885931015,0.24994227290153503,0.062118083238601685,0.24981121718883514,0.046323247253894806
378,0.0,0.0,0.0,0.0,0.22931461036205292,0.04651990160346031,0.23536448180675507,0.0634823888540268,0.21502657234668732,0.06203480064868927,0.21215283870697021,0.051153428852558136
379,0.0,0.0,0.0,0.0,0.25503385066986084,0.04144560545682907,0.24328860640525818,0.059210602194070816,0.20693998038768768,0.06416090577840805,0.20604372024536133,0.06313040852546692
380,0.0,0.0,0.0,0.0,0.23371347784996033,0.06492536514997482,0.24813511967658997,0.08946806937456131,0.24013447761535645,0.04716871678829193,0.2502935826778412,0.04421580955386162
381,0.0,0.0,0.0,0.0,0.25156348943710327,0.05659647658467293,0.24216866493225098,0.07177623361349106,0.19689323008060455,0.058691609650850296,0.22853629291057587,0.0761689692735672
382,0.0,0.0,0.0,0.0,0.22545269131660461,0.06171003356575966,0.2521730661392212,0.06711822003126144,0.23232007026672363,0.0555032454431057,0.2076462060213089,0.054366279393434525
383,0.0,0.0,0.0,0.0,0.2318616360425949,0.07509294152259827,0.220083549618721,0.06094694510102272,0.20716321468353271,0.047754283994436264,0.23602347075939178,0.06519424915313721
384,0.0,0.0,0.0,0.0,0.2548730671405792,0.06468215584754944,0.27677226066589355,0.05392167344689369,0.23030813038349152,0.0310304444283247,0.18964754045009613,0.06664691120386124
385,0.0,0.0,0.0,0.0,0.23262138664722443,0.07657816261053085,0.22608113288879395,0.0704972892999649,0.2671284079551697,0.0344383679330349,0.20578067004680634,0.06321737915277481
386,0.0,0.0,0.0,0.0,0.20693954825401306,0.05295651778578758,0.23006963729858398,0.06862422078847885,0.21344590187072754,0.037509944289922714,0.20602770149707794,0.06387652456760406
387,0.0,0.0,0.0,0.0,0.24843153357505798,0.062221381813287735,0.21640174090862274,0.07799159735441208,0.19955530762672424,0.0637374147772789,0.2294911891222,0.038138192147016525
388,0.0,0.0,0.0,0.0,0.22110924124717712,0.0721980482339859,0.22712211310863495,0.08016565442085266,0.23481400310993195,0.03453274816274643,0.20113179087638855,0.05762863531708717
389,0.0,0.0,0.0,0.0,0.21735982596874237,0.061473019421100616,0.23011186718940735,0.0726843848824501,0.21776314079761505,0.06582687050104141,0.20707166194915771,0.0721999779343605
390,0.0,0.0,0.0,0.0,0.22769415378570557,0.06699364632368088,0.2610054612159729,0.055586908012628555,0.22073161602020264,0.07231950014829636,0.22246956825256348,0.08224502205848694
391,0.0,0.0,0.0,0.0,0.26661691069602966,0.053371842950582504,0.24214521050453186,0.06584900617599487,0.24504074454307556,0.061765093356370926,0.2341921627521515,0.06212836876511574
392,0.0,0.0,0.0,0.0,0.2626739740371704,0.07103266566991806,0.2184390276670456,0.07369609922170639,0.2285832166671753,0.036514513194561005,0.20094552636146545,0.07026605308055878
393,0.0,0.0,0.0,0.0,0.24124161899089813,0.06762677431106567,0.24172767996788025,0.07740378379821777,0.213762566447258,0.045181505382061005,0.2313835173845291,0.06113174930214882
394,0.0,0.0,0.0,0.0,0.2162892371416092,0.06999310106039047,0.2334023267030716,0.07697050273418427,0.24544855952262878,0.053606487810611725,0.21829506754875183,0.08022190630435944
395,0.0,0.0,0.0,0.0,0.22053560614585876,0.06396833062171936,0.1877758800983429,0.058003682643175125,0.21622642874717712,0.04495012015104294,0.2415016144514084,0.07244035601615906
396,0.0,0.0,0.0,0.0,0.2121466100215912,0.07585249841213226,0.23066243529319763,0.0768032819032669,0.23508110642433167,0.05715365335345268,0.2545790672302246,0.07615740597248077
397,0.0,0.0,0.0,0.0,0.24708294868469238,0.07671195268630981,0.23556070029735565,0.04458264261484146,0.2299715280532837,0.05019943043589592,0.20851001143455505,0.04997553303837776
398,0.0,0.0,0.0,0.0,0.2439866065979004,0.0615851916372776,0.22395500540733337,0.05637374892830849,0.22303345799446106,0.031230667605996132,0.22885867953300476,0.07506120204925537
399,0.0,0.0,0.0,0.0,0.23557350039482117,0.07898680865764618,0.23921386897563934,0.036906562745571136,0.1888425648212433,0.03592836484313011,0.24117401242256165,0.07780179381370544
400,0.0,0.0,0.0,0.0,0.23574772477149963,0.07195784896612167,0.23747701942920685,0.05152612179517746,0.19685232639312744,0.0757354125380516,0.2329649031162262,0.0712786465883255
401,0.0,0.0,0.0,0.0,0.23581238090991974,0.06548940390348434,0.21771816909313202,0.07773101329803467,0.20685097575187683,0.046858180314302444,0.198162242770195,0.0648566335439682
402,0.0,0.0,0.0,0.0,0.22475142776966095,0.07073202729225159,0.24533124268054962,0.0647457018494606,0.21485786139965057,0.06194084882736206,0.2076387107372284,0.07117732614278793
403,0.0,0.0,0.0,0.0,0.23272910714149475,0.04898201674222946,0.2270781248807907,0.0593748465180397,0.21037450432777405,0.054220788180828094,0.24771563708782196,0.06722662597894669
404,0.0,0.0,0.0,0.0,0.2522384524345398,0.0731373131275177,0.24000045657157898,0.06463675200939178,0.23532548546791077,0.06542585790157318,0.24016399681568146,0.06625847518444061
405,0.0,0.0,0.0,0.0,0.19790047407150269,0.08862188458442688,0.24479703605175018,0.051770828664302826,0.2212659865617752,0.05956466495990753,0.17672774195671082,0.058994293212890625
406,0.0,0.0,0.0,0.0,0.2452102154493332,0.07622014731168747,0.2602164149284363,0.07785964012145996,0.2265491932630539,0.08680368959903717,0.24860461056232452,0.058921050280332565
407,0.0,0.0,0.0,0.0,0.22565679252147675,0.0868951752781868,0.2640266716480255,0.0707186833024025,0.2191760092973709,0.04361012205481529,0.23810473084449768,0.06737441569566727
408,0.0,0.0,0.0,0.0,0.2175055742263794,0.08409713208675385,0.22771170735359192,0.06695316731929779,0.20876452326774597,0.0647096261382103,0.2234235256910324,0.08150313049554825
409,0.0,0.0,0.0,0.0,0.2401849329471588,0.05487320199608803,0.2616467773914337,0.050712425261735916,0.24099428951740265,0.051732972264289856,0.22403016686439514,0.04362615570425987
410,0.0,0.0,0.0,0.0,0.2248775064945221,0.08114950358867645,0.2048768699169159,0.06726996600627899,0.2333293855190277,0.05258221551775932,0.26630881428718567,0.06371193379163742
411,0.0,0.0,0.0,0.0,0.2295384407043457,0.060659922659397125,0.23306414484977722,0.06137051060795784,0.22949092090129852,0.05231989920139313,0.2015404999256134,0.05549168586730957
412,0.0,0.0,0.0,0.0,0.2013365775346756,0.07231748849153519,0.2277003973722458,0.0768427923321724,0.22243428230285645,0.038059916347265244,0.21277502179145813,0.08650965988636017
413,0.0,0.0,0.0,0.0,0.23570847511291504,0.08344732969999313,0.2375534027814865,0.055932074785232544,0.2100919932126999,0.040724705904722214,0.22483834624290466,0.07950842380523682
414,0.0,0.0,0.0,0.0,0.23023633658885956,0.08380728960037231,0.23604802787303925,0.08315238356590271,0.25736135244369507,0.07172849774360657,0.23104257881641388,0.06360713392496109
415,0.0,0.0,0.0,0.0,0.21294978260993958,0.0581866092979908,0.2305109053850174,0.07989906519651413,0.2291499376296997,0.046168360859155655,0.21101459860801697,0.08088462054729462
416,0.0,0.0,0.0,0.0,0.25261256098747253,0.08666163682937622,0.21439842879772186,0.08618438243865967,0.1907842755317688,0.04827951639890671,0.21256689727306366,0.05275604501366615
417,0.0,0.0,0.0,0.0,0.2451290339231491,0.059648409485816956,0.25986701250076294,0.04461365565657616,0.21763774752616882,0.05818453058600426,0.22982831299304962,0.06164552643895149
418,0.0,0.0,0.0,0.0,0.2678625285625458,0.05838211625814438,0.2041042149066925,0.08513720333576202,0.22569116950035095,0.030853310599923134,0.20886167883872986,0.04880329594016075
419,0.0,0.0,0.0,0.0,0.2533745765686035,0.058410000056028366,0.22533538937568665,0.06631912291049957,0.24286453425884247,0.0533004105091095,0.21567562222480774,0.06623096764087677
420,0.0,0.0,0.0,0.0,0.26814937591552734,0.08214838057756424,0.24030277132987976,0.04121798276901245,0.20602743327617645,0.04011877626180649,0.2177921086549759,0.08004480600357056
421,0.0,0.0,0.0,0.0,0.24021753668785095,0.05476178973913193,0.24259085953235626,0.08843062818050385,0.22412700951099396,0.06562451273202896,0.2428743541240692,0.044431768357753754
422,0.0,0.0,0.0,0.0,0.2672322988510132,0.07640233635902405,0.2364805042743683,0.060917362570762634,0.20131251215934753,0.050822436809539795,0.2636520564556122,0.06751084327697754
423,0.0,0.0,0.0,0.0,0.24239031970500946,0.06275130063295364,0.2225562036037445,0.05929134786128998,0.20709338784217834,0.05720887333154678,0.22265967726707458,0.07596148550510406
424,0.0,0.0,0.0,0.0,0.23677626252174377,0.06007491052150726,0.253491073846817,0.06406637281179428,0.2452436238527298,0.05515599995851517,0.21001553535461426,0.043622203171253204
425,0.0,0.0,0.0,0.0,0.23573824763298035,0.08417176455259323,0.24971196055412292,0.046724941581487656,0.21982185542583466,0.054542820900678635,0.19780535995960236,0.05234364792704582
426,0.0,0.0,0.0,0.0,0.21733412146568298,0.06943677365779877,0.23500633239746094,0.05615883320569992,0.23176923394203186,0.07025410979986191,0.22355923056602478,0.03898648917675018
427,0.0,0.0,0.0,0.0,0.2204068899154663,0.04998159408569336,0.23421120643615723,0.06901725381612778,0.25497034192085266,0.06640133261680603,0.25301575660705566,0.06896835565567017
428,0.0,0.0,0.0,0.0,0.2461376190185547,0.06124301254749298,0.25213557481765747,0.06437656283378601,0.21534733474254608,0.08257642388343811,0.20837795734405518,0.04732603579759598
429,0.0,0.0,0.0,0.0,0.17817549407482147,0.04391276836395264,0.2220124751329422,0.06987471133470535,0.23424407839775085,0.06153269112110138,0.20600862801074982,0.05390630662441254
430,0.0,0.0,0.0,0.0,0.23133809864521027,0.0770481526851654,0.25161173939704895,0.06468705087900162,0.21950915455818176,0.06895942240953445,0.21472036838531494,0.07247357815504074
431,0.0,0.0,0.0,0.0,0.23007825016975403,0.0719485655426979,0.2492116391658783,0.06031456217169762,0.2166992425918579,0.06211015209555626,0.23399336636066437,0.045465148985385895
432,0.0,0.0,0.0,0.0,0.23044061660766602,0.04864645004272461,0.23773452639579773,0.040469128638505936,0.2318398654460907,0.0602264478802681,0.22497212886810303,0.07657494395971298
433,0.0,0.0,0.0,0.0,0.2294314205646515,0.052854616194963455,0.23474940657615662,0.05662799999117851,0.22386853396892548,0.045308683067560196,0.2228579819202423,0.05199713259935379
434,0.0,0.0,0.0,0.0,0.21693623065948486,0.064216747879982,0.24334104359149933,0.0672704428434372,0.2207605391740799,0.05397472903132439,0.23424923419952393,0.041762351989746094
435,0.0,0.0,0.0,0.0,0.20966999232769012,0.0545312874019146,0.23824739456176758,0.07741823047399521,0.21267588436603546,0.02440059930086136,0.19708825647830963,0.04800930246710777
436,0.0,0.0,0.0,0.0,0.2382294237613678,0.07525457441806793,0.2371738702058792,0.048836592584848404,0.22986221313476562,0.04263935983181,0.23245730996131897,0.0463138185441494
437,0.0,0.0,0.0,0.0,0.23093298077583313,0.06730242818593979,0.2458665668964386,0.06142373010516167,0.23145230114459991,0.05917055532336235,0.20849213004112244,0.06427628546953201
438,0.0,0.0,0.0,0.0,0.21360261738300323,0.0631050243973732,0.2580437660217285,0.0674409344792366,0.24522671103477478,0.04259742796421051,0.23068761825561523,0.06676957756280899
439,0.0,0.0,0.0,0.0,0.2377714216709137,0.08774001151323318,0.26240718364715576,0.056310366839170456,0.2340773642063141,0.07171320915222168,0.21320724487304688,0.052169069647789
440,0.0,0.0,0.0,0.0,0.2236054390668869,0.06389661878347397,0.22655455768108368,0.09050692617893219,0.24904580414295197,0.04548778012394905,0.22234567999839783,0.059957750141620636
441,0.0,0.0,0.0,0.0,0.24593527615070343,0.06462588161230087,0.20876172184944153,0.06986667960882187,0.19147413969039917,0.054152846336364746,0.23634931445121765,0.054261188954114914
442,0.0,0.0,0.0,0.0,0.21105119585990906,0.03831002116203308,0.24721381068229675,0.05920961871743202,0.22585704922676086,0.06888889521360397,0.2378234565258026,0.0632544606924057
443,0.0,0.0,0.0,0.0,0.23285698890686035,0.047677233815193176,0.231467604637146,0.057298023253679276,0.21872985363006592,0.056516557931900024,0.1967364251613617,0.06221747025847435
444,0.0,0.0,0.0,0.0,0.24080070853233337,0.04798366501927376,0.23761439323425293,0.07267342507839203,0.2358992099761963,0.062156807631254196,0.19787871837615967,0.0603734627366066
445,0.0,0.0,0.0,0.0,0.2098942995071411,0.06483336538076401,0.22641584277153015,0.062312982976436615,0.2246284931898117,0.04243340715765953,0.20909304916858673,0.05661897733807564
446,0.0,0.0,0.0,0.0,0.23533177375793457,0.07981186360120773,0.2297167330980301,0.0648401603102684,0.24317125976085663,0.05107932165265083,0.2381988763809204,0.05845646187663078
447,0.0,0.0,0.0,0.0,0.24287784099578857,0.07194551825523376,0.2556702196598053,0.07278840988874435,0.22767725586891174,0.07045319676399231,0.25278228521347046,0.05829383805394173
448,0.0,0.0,0.0,0.0,0.2514186501502991,0.08836280554533005,0.21117016673088074,0.06270159035921097,0.235998272895813,0.04925587400794029,0.21845436096191406,0.059015460312366486
449,0.0,0.0,0.0,0.0,0.21308961510658264,0.060835398733615875,0.21278083324432373,0.06207794323563576,0.2475278079509735,0.10171333700418472,0.22058109939098358,0.08404025435447693
450,0.0,0.0,0.0,0.0,0.2220904529094696,0.06926685571670532,0.23126649856567383,0.0897454246878624,0.2559870183467865,0.06910264492034912,0.23341551423072815,0.08375638723373413
451,0.0,0.0,0.0,0.0,0.2555917203426361,0.06174403429031372,0.2619016468524933,0.0777023658156395,0.24820788204669952,0.07043857127428055,0.26121169328689575,0.04785139486193657
452,0.0,0.0,0.0,0.0,0.2136988341808319,0.08677864074707031,0.21926477551460266,0.051805660128593445,0.21315324306488037,0.06053263694047928,0.2361059933900833,0.07304259389638901
453,0.0,0.0,0.0,0.0,0.19815273582935333,0.06027856469154358,0.2430936098098755,0.06727179884910583,0.21986421942710876,0.04701289162039757,0.23403453826904297,0.05597548931837082
454,0.0,0.0,0.0,0.0,0.2283313274383545,0.06783179193735123,0.23671738803386688,0.08353832364082336,0.2007363736629486,0.03799497336149216,0.21060506999492645,0.05304926633834839
455,0.0,0.0,0.0,0.0,0.2411533147096634,0.08170895278453827,0.24583204090595245,0.07162576913833618,0.20584309101104736,0.057464562356472015,0.22930395603179932,0.06374786049127579
456,0.0,0.0,0.0,0.0,0.2096763551235199,0.06618436425924301,0.2346964180469513,0.07190973311662674,0.22716856002807617,0.02844325266778469,0.2191205471754074,0.052230048924684525
457,0.0,0.0,0.0,0.0,0.20040783286094666,0.06679151952266693,0.21790042519569397,0.06525538116693497,0.21410635113716125,0.07578787207603455,0.22583921253681183,0.06205078586935997
458,0.0,0.0,0.0,0.0,0.23318162560462952,0.06708728522062302,0.1928340196609497,0.07894283533096313,0.2459915429353714,0.06988909095525742,0.2352094203233719,0.06568512320518494
459,0.0,0.0,0.0,0.0,0.2701719403266907,0.041145168244838715,0.24714764952659607,0.07805756479501724,0.21809276938438416,0.030287588015198708,0.23812957108020782,0.06095897778868675
460,0.0,0.0,0.0,0.0,0.23916518688201904,0.06838081777095795,0.23548546433448792,0.07231931388378143,0.2120467722415924,0.06818199902772903,0.236302450299263,0.06192845478653908
461,0.0,0.0,0.0,0.0,0.2185663878917694,0.06571037322282791,0.24438652396202087,0.051774200052022934,0.2440578043460846,0.06848707050085068,0.22129523754119873,0.08079177141189575
462,0.0,0.0,0.0,0.0,0.24160416424274445,0.08142469823360443,0.253222793340683,0.06313585489988327,0.25763654708862305,0.05739489570260048,0.21786148846149445,0.04291769117116928
463,0.0,0.0,0.0,0.0,0.24753062427043915,0.061957910656929016,0.23574838042259216,0.07107531279325485,0.2273433953523636,0.08468625694513321,0.23603598773479462,0.06442622095346451
464,0.0,0.0,0.0,0.0,0.19755615293979645,0.06922938674688339,0.202410489320755,0.07860808074474335,0.20676648616790771,0.038846392184495926,0.2523983418941498,0.08235865831375122
465,0.0,0.0,0.0,0.0,0.23681136965751648,0.06482149660587311,0.22161169350147247,0.07110999524593353,0.22727522253990173,0.03170468285679817,0.2296726405620575,0.04539633169770241
466,0.0,0.0,0.0,0.0,0.22102169692516327,0.09499219805002213,0.21168580651283264,0.06352551281452179,0.25398069620132446,0.0501677431166172,0.25697949528694153,0.05319144204258919
467,0.0,0.0,0.0,0.0,0.20545554161071777,0.06406623870134354,0.22538265585899353,0.0502924919128418,0.21144874393939972,0.06059269979596138,0.24119456112384796,0.06659083813428879
468,0.0,0.0,0.0,0.0,0.23275963962078094,0.07139985263347626,0.22820067405700684,0.06636229157447815,0.22435477375984192,0.06542596220970154,0.2502770721912384,0.06546860188245773
469,0.0,0.0,0.0,0.0,0.2210642546415329,0.07226856052875519,0.2395043820142746,0.06667722761631012,0.2182890921831131,0.07235316187143326,0.2327786386013031,0.07593350857496262
470,0.0,0.0,0.0,0.0,0.25110048055648804,0.07151970267295837,0.23017296195030212,0.07314875721931458,0.24824590981006622,0.08485588431358337,0.22740915417671204,0.058504682034254074
471,0.0,0.0,0.0,0.0,0.2267419993877411,0.07210563123226166,0.25386878848075867,0.07123177498579025,0.23295632004737854,0.05730598792433739,0.2550482153892517,0.0698801726102829
472,0.0,0.0,0.0,0.0,0.2397901713848114,0.06595345586538315,0.23042719066143036,0.06538515537977219,0.24957697093486786,0.057784583419561386,0.2658696174621582,0.0742623507976532
473,0.0,0.0,0.0,0.0,0.24644982814788818,0.07280979305505753,0.22852849960327148,0.06284938752651215,0.2648429870605469,0.06585897505283356,0.2530394196510315,0.055215854197740555
474,0.0,0.0,0.0,0.0,0.24073505401611328,0.07272959500551224,0.2417682409286499,0.08150431513786316,0.3005755841732025,0.061488933861255646,0.27232328057289124,0.07368261367082596
475,0.0,0.0,0.0,0.0,0.2700534462928772,0.07146808505058289,0.2305927276611328,0.05896126106381416,0.2506082355976105,0.0601390041410923,0.2547590434551239,0.06663115322589874
476,0.0,0.0,0.0,0.0,0.2561540901660919,0.07890486717224121,0.2536710500717163,0.060571447014808655,0.26706966757774353,0.08371298760175705,0.2722226679325104,0.06023909151554108
477,0.0,0.0,0.0,0.0,0.22963443398475647,0.08519843220710754,0.23724336922168732,0.05812566727399826,0.24336464703083038,0.09140703827142715,0.2602063715457916,0.0677955150604248
478,0.0,0.0,0.0,0.0,0.26226216554641724,0.07940647751092911,0.25675177574157715,0.06951393187046051,0.23402729630470276,0.06008664146065712,0.2534025013446808,0.06426270306110382
479,0.0,0.0,0.0,0.0,0.2446219027042389,0.059955716133117676,0.24867001175880432,0.08358633518218994,0.24334779381752014,0.06591200083494186,0.2703569233417511,0.0644477978348732
480,0.0,0.0,0.0,0.0,0.25685057044029236,0.07559728622436523,0.24835488200187683,0.047817278653383255,0.2283390462398529,0.07753992825746536,0.2464222013950348,0.08262349665164948
481,0.0,0.0,0.0,0.0,0.21399228274822235,0.08487986028194427,0.2450648993253708,0.056785259395837784,0.24978141486644745,0.06353633105754852,0.24215908348560333,0.06889594346284866
482,0.0,0.0,0.0,0.0,0.2544245719909668,0.07067260146141052,0.2691084146499634,0.07256128638982773,0.2178257405757904,0.0567522868514061,0.25492218136787415,0.056009870022535324
483,0.0,0.0,0.0,0.0,0.24667632579803467,0.06063077971339226,0.24198129773139954,0.08544144779443741,0.26099374890327454,0.042850740253925323,0.21061360836029053,0.07692494243383408
484,0.0,0.0,0.0,0.0,0.25153785943984985,0.0798293724656105,0.24189312756061554,0.07850322127342224,0.2502368688583374,0.03977132588624954,0.22794122993946075,0.06963557004928589
485,0.0,0.0,0.0,0.0,0.23766064643859863,0.07982659339904785,0.2418990135192871,0.08876745402812958,0.2426910102367401,0.05596345290541649,0.2494862973690033,0.07344930619001389
486,0.0,0.0,0.0,0.0,0.2549683451652527,0.048247724771499634,0.20446725189685822,0.07764115184545517,0.23180480301380157,0.06432244181632996,0.2658933997154236,0.054254643619060516
487,0.0,0.0,0.0,0.0,0.25357189774513245,0.06550433486700058,0.26012128591537476,0.08058546483516693,0.2250417172908783,0.05374125391244888,0.2505626082420349,0.07559054344892502
488,0.0,0.0,0.0,0.0,0.23187926411628723,0.07057911902666092,0.21660736203193665,0.07234076410531998,0.23916295170783997,0.06653156131505966,0.26920047402381897,0.07419762760400772
489,0.0,0.0,0.0,0.0,0.2073661834001541,0.08110760897397995,0.26766568422317505,0.07328332960605621,0.28556591272354126,0.08533544093370438,0.21703310310840607,0.0622597262263298
490,0.0,0.0,0.0,0.0,0.24114210903644562,0.07648167014122009,0.24489355087280273,0.07074764370918274,0.2512696087360382,0.0494665764272213,0.2581019997596741,0.061715662479400635
491,0.0,0.0,0.0,0.0,0.25999218225479126,0.06098049506545067,0.25345054268836975,0.0781187191605568,0.23071372509002686,0.09159430116415024,0.23125222325325012,0.0894433781504631
492,0.0,0.0,0.0,0.0,0.27298200130462646,0.07440699636936188,0.24659986793994904,0.07574433088302612,0.22619636356830597,0.060989174991846085,0.25287073850631714,0.09013191610574722
493,0.0,0.0,0.0,0.0,0.24025651812553406,0.0745636522769928,0.25129979848861694,0.09521321207284927,0.2277507334947586,0.07041480392217636,0.25866857171058655,0.07039874792098999
494,0.0,0.0,0.0,0.0,0.26373404264450073,0.06545262783765793,0.26457762718200684,0.05599656328558922,0.25371313095092773,0.05535151809453964,0.24585220217704773,0.048656921833753586
495,0.0,0.0,0.0,0.0,0.25260767340660095,0.09278936684131622,0.25033944845199585,0.09479600191116333,0.26690730452537537,0.060271549969911575,0.25642937421798706,0.053776323795318604
496,0.0,0.0,0.0,0.0,0.2731338441371918,0.06832849979400635,0.27927058935165405,0.056371498852968216,0.2157445251941681,0.04725932329893112,0.2797919809818268,0.05916973575949669
497,0.0,0.0,0.0,0.0,0.24293681979179382,0.09002851694822311,0.27408045530319214,0.05956779420375824,0.269392728805542,0.07985610514879227,0.23193255066871643,0.06724352389574051
498,0.0,0.0,0.0,0.0,0.26078057289123535,0.08394889533519745,0.2622947096824646,0.08444763720035553,0.2222454845905304,0.069125697016716,0.2343251258134842,0.08478622883558273
499,0.0,0.0,0.0,0.0,0.25428712368011475,0.05738997459411621,0.25100696086883545,0.056703172624111176,0.26419228315353394,0.03082847408950329,0.24955379962921143,0.08712873607873917
500,0.0,0.0,0.0,0.0,0.2710801661014557,0.08089818805456161,0.26488178968429565,0.06976482272148132,0.2344464361667633,0.07431409507989883,0.27503702044487,0.05955112725496292
501,0.0,0.0,0.0,0.0,0.2267855852842331,0.07544773817062378,0.23347945511341095,0.09284503757953644,0.23456716537475586,0.06959578394889832,0.2938193380832672,0.07673653960227966
502,0.0,0.0,0.0,0.0,0.282752126455307,0.0905359610915184,0.24836592376232147,0.06539405882358551,0.24903175234794617,0.06018757075071335,0.23831573128700256,0.07975241541862488
503,0.0,0.0,0.0,0.0,0.25439760088920593,0.09720426797866821,0.23285284638404846,0.09050016850233078,0.26364609599113464,0.06844088435173035,0.26229140162467957,0.074320487678051
504,0.0,0.0,0.0,0.0,0.2739354968070984,0.07448559254407883,0.27126359939575195,0.0647464245557785,0.24882474541664124,0.0614829957485199,0.2519010007381439,0.06340187042951584
505,0.0,0.0,0.0,0.0,0.23148521780967712,0.07548954337835312,0.24082808196544647,0.09269646555185318,0.25765806436538696,0.07015427201986313,0.23705630004405975,0.0796256735920906
506,0.0,0.0,0.0,0.0,0.280472069978714,0.10506369173526764,0.2704166769981384,0.06879612803459167,0.21849462389945984,0.050739485770463943,0.2437988519668579,0.07612260431051254
507,0.0,0.0,0.0,0.0,0.2668202519416809,0.07832102477550507,0.25860247015953064,0.06026362627744675,0.23245179653167725,0.07150201499462128,0.2642541527748108,0.07198846340179443
508,0.0,0.0,0.0,0.0,0.24210473895072937,0.08607596158981323,0.2617705464363098,0.048441898077726364,0.2575792372226715,0.06496166437864304,0.26411527395248413,0.07838763296604156
509,0.0,0.0,0.0,0.0,0.25868216156959534,0.08860085159540176,0.28125473856925964,0.08035295456647873,0.2792658805847168,0.06749860942363739,0.23935046792030334,0.08125258982181549
510,0.0,0.0,0.0,0.0,0.2539551258087158,0.09574304521083832,0.23563656210899353,0.08082565665245056,0.2373761683702469,0.07548723369836807,0.2734937071800232,0.053771622478961945
511,0.0,0.0,0.0,0.0,0.23721739649772644,0.09358474612236023,0.2947133481502533,0.06973335146903992,0.2283831387758255,0.06750813126564026,0.28810444474220276,0.05414637550711632
512,0.0,0.0,0.0,0.0,0.27787598967552185,0.10151294618844986,0.2722527086734772,0.07514187693595886,0.23969689011573792,0.05856901779770851,0.280678927898407,0.07745344936847687
513,0.0,0.0,0.0,0.0,0.25065961480140686,0.07559006661176682,0.257561594247818,0.09196480363607407,0.23249605298042297,0.0857931524515152,0.25641486048698425,0.06970254331827164
514,0.0,0.0,0.0,0.0,0.2649141252040863,0.08635484427213669,0.2778174877166748,0.06925244629383087,0.2670474648475647,0.0590539276599884,0.24444982409477234,0.07306462526321411
515,0.0,0.0,0.0,0.0,0.2799794673919678,0.06372237950563431,0.24477803707122803,0.07486740499734879,0.2341812551021576,0.07083113491535187,0.2752487063407898,0.057162560522556305
516,0.0,0.0,0.0,0.0,0.26544588804244995,0.08767471462488174,0.22666680812835693,0.07130485028028488,0.25780022144317627,0.05393495783209801,0.285616010427475,0.05265793204307556
517,0.0,0.0,0.0,0.0,0.27218592166900635,0.08444096893072128,0.27071312069892883,0.07875096052885056,0.24099257588386536,0.05957474187016487,0.2700524628162384,0.06421764940023422
518,0.0,0.0,0.0,0.0,0.2699330747127533,0.09188757091760635,0.25176137685775757,0.08653029054403305,0.24963971972465515,0.05507037043571472,0.26729145646095276,0.06517903506755829
519,0.0,0.0,0.0,0.0,0.274933785200119,0.089695043861866,0.2751501798629761,0.06702561676502228,0.25815054774284363,0.0735558420419693,0.27581217885017395,0.0759139284491539
520,0.0,0.0,0.0,0.0,0.29292741417884827,0.05824620649218559,0.2805149257183075,0.09348111599683762,0.2586756646633148,0.07886546105146408,0.26775455474853516,0.06749837845563889
521,0.0,0.0,0.0,0.0,0.2692773938179016,0.07316924631595612,0.269266813993454,0.072693832218647,0.2735760509967804,0.06524883210659027,0.23186039924621582,0.058968763798475266
522,0.0,0.0,0.0,0.0,0.27367639541625977,0.08576641976833344,0.2541514039039612,0.09003005176782608,0.2602842152118683,0.07503140717744827,0.2604020833969116,0.07924424111843109
523,0.0,0.0,0.0,0.0,0.24158938229084015,0.08000150322914124,0.2690766155719757,0.05474370718002319,0.22616533935070038,0.07856114953756332,0.27579379081726074,0.05932576209306717
524,0.0,0.0,0.0,0.0,0.294824481010437,0.06319059431552887,0.27161431312561035,0.05238371714949608,0.22460293769836426,0.07352181524038315,0.26076751947402954,0.07958606630563736
525,0.0,0.0,0.0,0.0,0.30120646953582764,0.08476522564888,0.26189833879470825,0.05478864535689354,0.23852324485778809,0.08147620409727097,0.2977910041809082,0.062055908143520355
526,0.0,0.0,0.0,0.0,0.2678051292896271,0.10001414269208908,0.26615744829177856,0.05934976413846016,0.254478394985199,0.06768295168876648,0.25883156061172485,0.07537981867790222
527,0.0,0.0,0.0,0.0,0.2735328674316406,0.0893995463848114,0.2711153030395508,0.075583316385746,0.25595325231552124,0.05838288366794586,0.2611653804779053,0.07401583343744278
528,0.0,0.0,0.0,0.0,0.26076504588127136,0.0899445042014122,0.2605230212211609,0.05119079351425171,0.2452429234981537,0.06448816508054733,0.3064563274383545,0.07703199237585068
529,0.0,0.0,0.0,0.0,0.27178093791007996,0.0806778073310852,0.2829362452030182,0.06512591242790222,0.24496141076087952,0.06855101883411407,0.28452304005622864,0.06931958347558975
530,0.0,0.0,0.0,0.0,0.27651306986808777,0.09021585434675217,0.2201152741909027,0.06600086390972137,0.25102391839027405,0.06803716719150543,0.29875448346138,0.07417549937963486
531,0.0,0.0,0.0,0.0,0.24783244729042053,0.07533898949623108,0.28608566522598267,0.05484039708971977,0.23927226662635803,0.07614105194807053,0.2845243811607361,0.07252956181764603
532,0.0,0.0,0.0,0.0,0.25720202922821045,0.0715164989233017,0.2765446901321411,0.04690788686275482,0.2523641288280487,0.06847991049289703,0.2938022017478943,0.06272971630096436
533,0.0,0.0,0.0,0.0,0.2514225244522095,0.06697554886341095,0.2791384160518646,0.05025547742843628,0.24417844414710999,0.08420299738645554,0.27596455812454224,0.0626700222492218
534,0.0,0.0,0.0,0.0,0.30623501539230347,0.06231451407074928,0.28525739908218384,0.062174100428819656,0.24273884296417236,0.060526903718709946,0.25701600313186646,0.0749790221452713
535,0.0,0.0,0.0,0.0,0.2684151530265808,0.08802743256092072,0.26370468735694885,0.07618898898363113,0.2885575294494629,0.05458651855587959,0.2703799307346344,0.0792473629117012
536,0.0,0.0,0.0,0.0,0.29661983251571655,0.05678359791636467,0.26170963048934937,0.06123456358909607,0.21777085959911346,0.08587142825126648,0.25810548663139343,0.06920861452817917
537,0.0,0.0,0.0,0.0,0.26083868741989136,0.08979737758636475,0.2510257363319397,0.084767647087574,0.22771020233631134,0.06493712216615677,0.2620013356208801,0.09479176998138428
538,0.0,0.0,0.0,0.0,0.264612078666687,0.08416783064603806,0.2681125998497009,0.09333314001560211,0.2399563044309616,0.06191157177090645,0.2971181571483612,0.0736159235239029
539,0.0,0.0,0.0,0.0,0.24386899173259735,0.07945957779884338,0.24741637706756592,0.07347509264945984,0.2533959150314331,0.0674281045794487,0.3008247911930084,0.08911249041557312
540,0.0,0.0,0.0,0.0,0.2733779847621918,0.07610246539115906,0.29547029733657837,0.044530026614665985,0.25286251306533813,0.0786280408501625,0.27991604804992676,0.06119848042726517
541,0.0,0.0,0.0,0.0,0.28849586844444275,0.07602916657924652,0.2570606768131256,0.0734713152050972,0.2441776543855667,0.07856348901987076,0.3123079240322113,0.05385775864124298
542,0.0,0.0,0.0,0.0,0.25220516324043274,0.08770103752613068,0.2602420449256897,0.06246734410524368,0.2601081430912018,0.06274127215147018,0.29488199949264526,0.07063522189855576
543,0.0,0.0,0.0,0.0,0.2693391740322113,0.11123215407133102,0.25885990262031555,0.08725547045469284,0.24332454800605774,0.06871829181909561,0.27706849575042725,0.09142817556858063
544,0.0,0.0,0.0,0.0,0.27564817667007446,0.0748414620757103,0.23626308143138885,0.0949639305472374,0.2716967463493347,0.0925326719880104,0.26729080080986023,0.0743865892291069
545,0.0,0.0,0.0,0.0,0.27157652378082275,0.09315481036901474,0.27983585000038147,0.08659592270851135,0.24468155205249786,0.08638185262680054,0.2895693778991699,0.06597321480512619
546,0.0,0.0,0.0,0.0,0.27104097604751587,0.09118315577507019,0.27671104669570923,0.07873287051916122,0.23132774233818054,0.06519757956266403,0.30742567777633667,0.0735473558306694
547,0.0,0.0,0.0,0.0,0.26474887132644653,0.06242837756872177,0.2810782790184021,0.0517842061817646,0.2595536410808563,0.052349917590618134,0.2681473195552826,0.06020523980259895
548,0.0,0.0,0.0,0.0,0.28053268790245056,0.06825443357229233,0.2866578996181488,0.0739610567688942,0.2644088566303253,0.0583779439330101,0.30058228969573975,0.07584502547979355
549,0.0,0.0,0.0,0.0,0.27338993549346924,0.08256475627422333,0.26966992020606995,0.07202548533678055,0.28528374433517456,0.08575378358364105,0.29137122631073,0.08260619640350342
550,0.0,0.0,0.0,0.0,0.2338401973247528,0.0676421970129013,0.2696741223335266,0.0742722824215889,0.24076959490776062,0.0748087465763092,0.31403467059135437,0.04827192798256874
551,0.0,0.0,0.0,0.0,0.27737072110176086,0.08066663891077042,0.2793518006801605,0.06345310807228088,0.3230246901512146,0.05683764070272446,0.31048446893692017,0.07258131355047226
552,0.0,0.0,0.0,0.0,0.28153127431869507,0.0711982324719429,0.24093687534332275,0.08488115668296814,0.2592020034790039,0.06239451467990875,0.26072531938552856,0.09490042179822922
553,0.0,0.0,0.0,0.0,0.25860369205474854,0.06254639476537704,0.2631712555885315,0.061943769454956055,0.2446734607219696,0.08295789361000061,0.317613422870636,0.050989869982004166
554,0.0,0.0,0.0,0.0,0.2715640664100647,0.07398765534162521,0.25567278265953064,0.08140881359577179,0.26999974250793457,0.05797157064080238,0.2999644875526428,0.05737582966685295
555,0.0,0.0,0.0,0.0,0.2702324390411377,0.07245209068059921,0.2832266390323639,0.06671691685914993,0.27473127841949463,0.06432723253965378,0.31877270340919495,0.05674690380692482
556,0.0,0.0,0.0,0.0,0.3024212718009949,0.06822853535413742,0.29987651109695435,0.039373043924570084,0.25468647480010986,0.06347598135471344,0.29291391372680664,0.09157977253198624
557,0.0,0.0,0.0,0.0,0.27275869250297546,0.08123639225959778,0.2640034556388855,0.057435162365436554,0.2482910454273224,0.08566267043352127,0.27222877740859985,0.0672048032283783
558,0.0,0.0,0.0,0.0,0.2857564091682434,0.10946546494960785,0.26902318000793457,0.06839994341135025,0.2713143229484558,0.06070667877793312,0.3197728991508484,0.06611318141222
559,0.0,0.0,0.0,0.0,0.2651076018810272,0.09432365000247955,0.27523165941238403,0.07372017949819565,0.28578490018844604,0.06481209397315979,0.3063713312149048,0.06729919463396072
560,0.0,0.0,0.0,0.0,0.2766585946083069,0.0749930813908577,0.2296895682811737,0.07436364889144897,0.2473917454481125,0.08402706682682037,0.2872014045715332,0.0918143168091774
561,0.0,0.0,0.0,0.0,0.2725197374820709,0.09066594392061234,0.28874480724334717,0.07005126774311066,0.27956968545913696,0.07137811183929443,0.2900833189487457,0.06110253930091858
562,0.0,0.0,0.0,0.0,0.258037805557251,0.0708153024315834,0.25697118043899536,0.0817706435918808,0.28140515089035034,0.07086445391178131,0.27266308665275574,0.07447876036167145
563,0.0,0.0,0.0,0.0,0.2668272852897644,0.0837814211845398,0.2627891004085541,0.07928650826215744,0.26237714290618896,0.07195412367582321,0.32994166016578674,0.057159774005413055
564,0.0,0.0,0.0,0.0,0.2887725234031677,0.08811981230974197,0.2879708707332611,0.06691528111696243,0.26884186267852783,0.08971492201089859,0.31623268127441406,0.07196544110774994
565,0.0,0.0,0.0,0.0,0.26595452427864075,0.07458619773387909,0.2840905785560608,0.07841422408819199,0.29253846406936646,0.0647745281457901,0.3087162971496582,0.05481177568435669
566,0.0,0.0,0.0,0.0,0.25230923295021057,0.08254660665988922,0.27191972732543945,0.06035440042614937,0.2895769476890564,0.06823666393756866,0.2986495792865753,0.04763774946331978
567,0.0,0.0,0.0,0.0,0.2828684449195862,0.07618255168199539,0.33181115984916687,0.040391501039266586,0.27834150195121765,0.07669984549283981,0.2779502868652344,0.0805804505944252
568,0.0,0.0,0.0,0.0,0.27924033999443054,0.09446454793214798,0.2577047348022461,0.08429988473653793,0.2738117277622223,0.0651298314332962,0.29041987657546997,0.0714111179113388
569,0.0,0.0,0.0,0.0,0.2492619752883911,0.08628293126821518,0.2660690248012543,0.06897683441638947,0.26089614629745483,0.08956237137317657,0.30458253622055054,0.05850352719426155
570,0.0,0.0,0.0,0.0,0.2702730596065521,0.06804551184177399,0.2625417411327362,0.0500689297914505,0.2576369643211365,0.06908846646547318,0.2802981436252594,0.08051186054944992
571,0.0,0.0,0.0,0.0,0.2727620005607605,0.07131437212228775,0.25061294436454773,0.06580806523561478,0.2688990533351898,0.07909843325614929,0.3381823003292084,0.05486249923706055
572,0.0,0.0,0.0,0.0,0.25071045756340027,0.07460186630487442,0.2664681077003479,0.05425189808011055,0.287204772233963,0.046339251101017,0.2914230227470398,0.09566213935613632
573,0.0,0.0,0.0,0.0,0.2630177140235901,0.06589185446500778,0.2631123661994934,0.07588845491409302,0.2580503225326538,0.08152744174003601,0.26766327023506165,0.10127958655357361
574,0.0,0.0,0.0,0.0,0.28466564416885376,0.060895271599292755,0.2759062945842743,0.05404280126094818,0.2977246344089508,0.0688866525888443,0.3051455616950989,0.06383917480707169
575,0.0,0.0,0.0,0.0,0.24887573719024658,0.09142071008682251,0.27468928694725037,0.0844605565071106,0.24064287543296814,0.07182972133159637,0.2832322120666504,0.0661994144320488
576,0.0,0.0,0.0,0.0,0.26006823778152466,0.06893923878669739,0.27501291036605835,0.0608234703540802,0.3011956810951233,0.046030834317207336,0.31384074687957764,0.07153107970952988
577,0.0,0.0,0.0,0.0,0.28049230575561523,0.06391118466854095,0.3015299141407013,0.0596989244222641,0.24517221748828888,0.09210368990898132,0.2928141951560974,0.07468115538358688
578,0.0,0.0,0.0,0.0,0.22655951976776123,0.07760166376829147,0.30749309062957764,0.0663667544722557,0.26948848366737366,0.08580434322357178,0.29473811388015747,0.07346499711275101
579,0.0,0.0,0.0,0.0,0.2844569683074951,0.09035684913396835,0.2417648285627365,0.0698246881365776,0.28570348024368286,0.07137373089790344,0.29411131143569946,0.07519219815731049
580,0.0,0.0,0.0,0.0,0.2953680455684662,0.06681966781616211,0.22459861636161804,0.08043771982192993,0.2746981978416443,0.06251173466444016,0.30270540714263916,0.06080290302634239
581,0.0,0.0,0.0,0.0,0.2679528594017029,0.10852966457605362,0.2664928138256073,0.10115142911672592,0.3072705864906311,0.05961194634437561,0.31099933385849,0.08841370046138763
582,0.0,0.0,0.0,0.0,0.25562340021133423,0.09459121525287628,0.246577650308609,0.07596046477556229,0.28133702278137207,0.08303478360176086,0.306377112865448,0.06514300405979156
583,0.0,0.0,0.0,0.0,0.2993587553501129,0.04020402580499649,0.2893694043159485,0.05174507200717926,0.298423707485199,0.06941617280244827,0.30660519003868103,0.06700628995895386
584,0.0,0.0,0.0,0.0,0.29581159353256226,0.07092666625976562,0.25473183393478394,0.06845859438180923,0.3132525682449341,0.0648290291428566,0.31365638971328735,0.06399387121200562
585,0.0,0.0,0.0,0.0,0.2695581316947937,0.07252851128578186,0.2715575098991394,0.08601179718971252,0.2942793369293213,0.08450841903686523,0.33421528339385986,0.05395142361521721
586,0.0,0.0,0.0,0.0,0.2706461548805237,0.059220701456069946,0.30007612705230713,0.05690586194396019,0.28389307856559753,0.06081089749932289,0.31031787395477295,0.05645971745252609
587,0.0,0.0,0.0,0.0,0.279784619808197,0.0862751379609108,0.2757051885128021,0.05759614333510399,0.29389095306396484,0.03931216895580292,0.29295068979263306,0.06756889820098877
588,0.0,0.0,0.0,0.0,0.30238020420074463,0.0430789478123188,0.27378854155540466,0.07216905057430267,0.30253130197525024,0.06076204776763916,0.29260846972465515,0.06229766458272934
589,0.0,0.0,0.0,0.0,0.265037477016449,0.0648917555809021,0.2853066921234131,0.05790497362613678,0.29022669792175293,0.08669807016849518,0.3133472800254822,0.06284569948911667
590,0.0,0.0,0.0,0.0,0.2730323076248169,0.0762946829199791,0.25825589895248413,0.05289033055305481,0.2725974917411804,0.06790371984243393,0.31793278455734253,0.060411568731069565
591,0.0,0.0,0.0,0.0,0.27631157636642456,0.09830328077077866,0.30967065691947937,0.05485647916793823,0.28894680738449097,0.07197622954845428,0.30890601873397827,0.08862265199422836
592,0.0,0.0,0.0,0.0,0.2579527497291565,0.06644619256258011,0.271645724773407,0.04539208486676216,0.294333279132843,0.06091814860701561,0.3083917796611786,0.0637059211730957
593,0.0,0.0,0.0,0.0,0.2859562039375305,0.06383069604635239,0.2429862916469574,0.06028817966580391,0.2982043921947479,0.05800445005297661,0.2889263927936554,0.0692654699087143
594,0.0,0.0,0.0,0.0,0.2772977948188782,0.07426314055919647,0.2992098033428192,0.07005582004785538,0.29946601390838623,0.06668388843536377,0.29315322637557983,0.08241197466850281
595,0.0,0.0,0.0,0.0,0.2546253502368927,0.06971585750579834,0.2807455360889435,0.08444634079933167,0.2683570981025696,0.09584713727235794,0.2885929346084595,0.06954731792211533
596,0.0,0.0,0.0,0.0,0.2686370611190796,0.049576107412576675,0.3039109706878662,0.07363563030958176,0.30705496668815613,0.07949250191450119,0.3059963285923004,0.06680473685264587
597,0.0,0.0,0.0,0.0,0.25206151604652405,0.09100042283535004,0.27920621633529663,0.06897591799497604,0.2784487307071686,0.07244247943162918,0.27233147621154785,0.06820058077573776
598,0.0,0.0,0.0,0.0,0.26803523302078247,0.051156532019376755,0.29436320066452026,0.046262115240097046,0.29495739936828613,0.07290659844875336,0.3254873752593994,0.058156128972768784
599,0.0,0.0,0.0,0.0,0.2811901271343231,0.07372862100601196,0.2845623791217804,0.07588151842355728,0.2910084128379822,0.06563058495521545,0.3029976189136505,0.06285762041807175
600,0.0,0.0,0.0,0.0,0.2677616477012634,0.08120463788509369,0.28227561712265015,0.08127095550298691,0.30308523774147034,0.05042119324207306,0.30480682849884033,0.08119210600852966
601,0.0,0.0,0.0,0.0,0.24468490481376648,0.07472287118434906,0.30536025762557983,0.059721022844314575,0.3060894012451172,0.07787834107875824,0.2877125144004822,0.08769679814577103
602,0.0,0.0,0.0,0.0,0.28608977794647217,0.0697069987654686,0.2620543837547302,0.0771731436252594,0.2888210415840149,0.0715678259730339,0.3046013116836548,0.06369683146476746
603,0.0,0.0,0.0,0.0,0.2673041820526123,0.07850052416324615,0.2661539614200592,0.08079016208648682,0.28925612568855286,0.061734888702631,0.3107771575450897,0.07475996017456055
604,0.0,0.0,0.0,0.0,0.2571454644203186,0.0622059665620327,0.27543964982032776,0.0787692740559578,0.28509241342544556,0.06195830926299095,0.30382031202316284,0.06694716215133667
605,0.0,0.0,0.0,0.0,0.2778078317642212,0.07899731397628784,0.2580083906650543,0.07648737728595734,0.2711760997772217,0.07698994129896164,0.3087671995162964,0.08420155197381973
606,0.0,0.0,0.0,0.0,0.2971588969230652,0.06394130736589432,0.2903805673122406,0.05278164520859718,0.3048369586467743,0.06865721940994263,0.30179929733276367,0.06511452049016953
607,0.0,0.0,0.0,0.0,0.2897193133831024,0.06923039257526398,0.27219074964523315,0.08714131265878677,0.3032720983028412,0.05450098216533661,0.2922317087650299,0.08108139783143997
608,0.0,0.0,0.0,0.0,0.2498127669095993,0.09830339252948761,0.2724289000034332,0.07054072618484497,0.29321932792663574,0.06264273077249527,0.2920270264148712,0.0780884250998497
609,0.0,0.0,0.0,0.0,0.26751458644866943,0.06890081614255905,0.2343781739473343,0.0663856789469719,0.3249590992927551,0.0712442621588707,0.2761211395263672,0.09304476529359818
610,0.0,0.0,0.0,0.0,0.26590317487716675,0.05194665864109993,0.282525897026062,0.06853388249874115,0.3133407235145569,0.07080106437206268,0.30280494689941406,0.0712381899356842
611,0.0,0.0,0.0,0.0,0.2824418842792511,0.05661468207836151,0.2489326000213623,0.0841684341430664,0.3232968747615814,0.056943416595458984,0.3172428011894226,0.05924379825592041
612,0.0,0.0,0.0,0.0,0.26604682207107544,0.08384222537279129,0.28316450119018555,0.06148219853639603,0.3085583746433258,0.06834235787391663,0.274631142616272,0.08888551592826843
613,0.0,0.0,0.0,0.0,0.2776847183704376,0.07397662848234177,0.2914803922176361,0.08779711276292801,0.326852023601532,0.05336526781320572,0.30750179290771484,0.06040578708052635
614,0.0,0.0,0.0,0.0,0.2586054801940918,0.08195515722036362,0.23515236377716064,0.0681360736489296,0.30906516313552856,0.05558396503329277,0.29083698987960815,0.08068359643220901
615,0.0,0.0,0.0,0.0,0.275317907333374,0.07106262445449829,0.26209986209869385,0.07503955066204071,0.3003726005554199,0.08102956414222717,0.25562429428100586,0.09575624763965607
616,0.0,0.0,0.0,0.0,0.2541610598564148,0.08471360802650452,0.2730560302734375,0.09276692569255829,0.3054491877555847,0.06487467885017395,0.31184038519859314,0.052317749708890915
617,0.0,0.0,0.0,0.0,0.26287323236465454,0.081855908036232,0.27360910177230835,0.0781535655260086,0.3072512447834015,0.07556059956550598,0.3110382556915283,0.045054007321596146
618,0.0,0.0,0.0,0.0,0.2593567371368408,0.06476487964391708,0.3005068004131317,0.08467461913824081,0.29213887453079224,0.07972002774477005,0.3202276825904846,0.06759883463382721
619,0.0,0.0,0.0,0.0,0.2969418168067932,0.0556194931268692,0.3267238438129425,0.056294165551662445,0.3160932958126068,0.060931842774152756,0.3159649670124054,0.04861229285597801
620,0.0,0.0,0.0,0.0,0.2715856432914734,0.06861572712659836,0.27050095796585083,0.08410066366195679,0.33513110876083374,0.06383100897073746,0.29707759618759155,0.0701490119099617
621,0.0,0.0,0.0,0.0,0.2780112624168396,0.0625980868935585,0.27060604095458984,0.07130992412567139,0.31707119941711426,0.06579679995775223,0.3096858263015747,0.07178988307714462
622,0.0,0.0,0.0,0.0,0.2494821846485138,0.060687512159347534,0.27799925208091736,0.08276322484016418,0.3287360966205597,0.05152878910303116,0.31609395146369934,0.075548455119133
623,0.0,0.0,0.0,0.0,0.26342320442199707,0.06510170549154282,0.31017404794692993,0.057276222854852676,0.3125549256801605,0.05234482139348984,0.2920934557914734,0.0771816074848175
624,0.0,0.0,0.0,0.0,0.2713802754878998,0.08315089344978333,0.28218334913253784,0.05697377026081085,0.3396390974521637,0.0721343532204628,0.2818414568901062,0.06776303797960281
625,0.0,0.0,0.0,0.0,0.2667236924171448,0.0691014975309372,0.30705726146698,0.048474907875061035,0.31662335991859436,0.05802635848522186,0.30330803990364075,0.0855242908000946
626,0.0,0.0,0.0,0.0,0.2679625451564789,0.055287547409534454,0.25710996985435486,0.08309394866228104,0.3287837505340576,0.05382242053747177,0.2869664430618286,0.05826815962791443
627,0.0,0.0,0.0,0.0,0.2647242546081543,0.05519752949476242,0.31181037425994873,0.05289004370570183,0.294927179813385,0.07172644883394241,0.2861323952674866,0.07145538926124573
628,0.0,0.0,0.0,0.0,0.27863407135009766,0.07562241703271866,0.2817007601261139,0.0644940584897995,0.313691645860672,0.06650232523679733,0.32601505517959595,0.05024136230349541
629,0.0,0.0,0.0,0.0,0.2860436737537384,0.06848175823688507,0.26513171195983887,0.08455614000558853,0.31301790475845337,0.05786242336034775,0.28738829493522644,0.08150515705347061
630,0.0,0.0,0.0,0.0,0.2864164113998413,0.04507037624716759,0.284432977437973,0.0964769721031189,0.30716270208358765,0.07077549397945404,0.2950860559940338,0.06981334090232849
631,0.0,0.0,0.0,0.0,0.30322688817977905,0.0448719821870327,0.28254374861717224,0.08510302007198334,0.32779449224472046,0.06841538101434708,0.29901382327079773,0.07659384608268738
632,0.0,0.0,0.0,0.0,0.28030866384506226,0.06723770499229431,0.31444215774536133,0.06468246132135391,0.3337021470069885,0.06245511770248413,0.3121096193790436,0.05519351363182068
633,0.0,0.0,0.0,0.0,0.23263370990753174,0.07656244188547134,0.2638789713382721,0.07481582462787628,0.32573187351226807,0.06225065886974335,0.30839723348617554,0.06103896722197533
634,0.0,0.0,0.0,0.0,0.2621038556098938,0.08202499151229858,0.26314857602119446,0.054700229316949844,0.34321683645248413,0.03956294059753418,0.31679895520210266,0.0481572151184082
635,0.0,0.0,0.0,0.0,0.28463277220726013,0.060047440230846405,0.3159327805042267,0.056713711470365524,0.299765020608902,0.07116177678108215,0.29745131731033325,0.07272081822156906
636,0.0,0.0,0.0,0.0,0.26561301946640015,0.07149261981248856,0.30307674407958984,0.08368847519159317,0.3352842628955841,0.046522337943315506,0.2911075949668884,0.05817519500851631
637,0.0,0.0,0.0,0.0,0.2725347578525543,0.055543795228004456,0.28327280282974243,0.10290689021348953,0.32318150997161865,0.04693465679883957,0.2918664216995239,0.0798310935497284
638,0.0,0.0,0.0,0.0,0.2717844545841217,0.08630036562681198,0.29005515575408936,0.08234986662864685,0.31916317343711853,0.07325597107410431,0.31508737802505493,0.0598086416721344
639,0.0,0.0,0.0,0.0,0.30627545714378357,0.05078126862645149,0.29810699820518494,0.06673930585384369,0.3296175003051758,0.057009514421224594,0.30899369716644287,0.05907783284783363
640,0.0,0.0,0.0,0.0,0.2696084976196289,0.0722404196858406,0.3068983256816864,0.06569937616586685,0.3160179853439331,0.06748563796281815,0.30113643407821655,0.055082257837057114
641,0.0,0.0,0.0,0.0,0.26753824949264526,0.04962681233882904,0.28839030861854553,0.07724808901548386,0.32614630460739136,0.04845292493700981,0.33228129148483276,0.06212630495429039
642,0.0,0.0,0.0,0.0,0.2600361704826355,0.05560274422168732,0.3024693727493286,0.06459476053714752,0.3305320143699646,0.05578315630555153,0.3041331470012665,0.06795483827590942
643,0.0,0.0,0.0,0.0,0.28114157915115356,0.0666312500834465,0.2969790995121002,0.0626082718372345,0.34467360377311707,0.04776472970843315,0.3123002350330353,0.062187593430280685
644,0.0,0.0,0.0,0.0,0.2873522639274597,0.0517205186188221,0.3212350010871887,0.040917351841926575,0.33763325214385986,0.03962717577815056,0.29479485750198364,0.061856262385845184
645,0.0,0.0,0.0,0.0,0.3051603436470032,0.04418262839317322,0.32404786348342896,0.04217930883169174,0.34334999322891235,0.042640700936317444,0.31100770831108093,0.047936417162418365
646,0.0,0.0,0.0,0.0,0.29062420129776,0.06287292391061783,0.3155401349067688,0.0803564116358757,0.33939069509506226,0.028661100193858147,0.29614880681037903,0.07111860811710358
647,0.0,0.0,0.0,0.0,0.27841874957084656,0.07343216240406036,0.32682880759239197,0.06163490563631058,0.3268255889415741,0.045042481273412704,0.31479841470718384,0.04999350383877754
648,0.0,0.0,0.0,0.0,0.2946475148200989,0.058274708688259125,0.3056456744670868,0.07182546705007553,0.32520875334739685,0.03552217781543732,0.3115220069885254,0.05321899801492691
649,0.0,0.0,0.0,0.0,0.3144075572490692,0.04987712949514389,0.3219420313835144,0.06411038339138031,0.33952826261520386,0.03229625150561333,0.30677181482315063,0.04991253465414047
650,0.0,0.0,0.0,0.0,0.29044991731643677,0.07139772921800613,0.282588928937912,0.061744704842567444,0.3474680781364441,0.04416067525744438,0.31227409839630127,0.0498889721930027
651,0.0,0.0,0.0,0.0,0.2521396577358246,0.07327767461538315,0.30140700936317444,0.09377980977296829,0.33489254117012024,0.05672008916735649,0.3015962541103363,0.06684901565313339
652,0.0,0.0,0.0,0.0,0.300224244594574,0.054015737026929855,0.30740922689437866,0.06587173789739609,0.31839337944984436,0.0467284619808197,0.3087851405143738,0.051558081060647964
653,0.0,0.0,0.0,0.0,0.28699997067451477,0.0595271997153759,0.2952064871788025,0.08687888830900192,0.32237115502357483,0.05307920649647713,0.3075752854347229,0.06023272126913071
654,0.0,0.0,0.0,0.0,0.2550584673881531,0.07220324128866196,0.3002087473869324,0.08023341745138168,0.3268163800239563,0.05335143208503723,0.3079647421836853,0.06562910228967667
655,0.0,0.0,0.0,0.0,0.3010445237159729,0.06975658237934113,0.3090703785419464,0.0560072623193264,0.344232439994812,0.06974957883358002,0.3010328412055969,0.06494013220071793
656,0.0,0.0,0.0,0.0,0.2837245762348175,0.0605490542948246,0.31046563386917114,0.0755547285079956,0.3416992425918579,0.04907529801130295,0.2925974428653717,0.07447150349617004
657,0.0,0.0,0.0,0.0,0.31212347745895386,0.0720977932214737,0.33051446080207825,0.061468180269002914,0.33335843682289124,0.051002100110054016,0.30330196022987366,0.058599166572093964
658,0.0,0.0,0.0,0.0,0.27682265639305115,0.06572149693965912,0.32237863540649414,0.06962849199771881,0.3197972774505615,0.07756830006837845,0.3078056573867798,0.05948400869965553
659,0.0,0.0,0.0,0.0,0.2917899787425995,0.07135909795761108,0.31724005937576294,0.07000388205051422,0.33421260118484497,0.03979380428791046,0.3348763585090637,0.06376726180315018
660,0.0,0.0,0.0,0.0,0.2900601029396057,0.05734666809439659,0.28974366188049316,0.07369747757911682,0.33432942628860474,0.06080399453639984,0.309621661901474,0.054594799876213074
661,0.0,0.0,0.0,0.0,0.29510101675987244,0.06682618707418442,0.32590824365615845,0.061895426362752914,0.34167081117630005,0.05142378807067871,0.3166370391845703,0.0615067332983017
662,0.0,0.0,0.0,0.0,0.2946050763130188,0.06290189921855927,0.3024011254310608,0.0957377701997757,0.3335062563419342,0.03758079186081886,0.32787901163101196,0.06590760499238968
663,0.0,0.0,0.0,0.0,0.28979405760765076,0.05135747790336609,0.3122081756591797,0.08514188230037689,0.321904718875885,0.06376350671052933,0.3109249472618103,0.05598874017596245
664,0.0,0.0,0.0,0.0,0.30513015389442444,0.057948753237724304,0.3180636763572693,0.07129715383052826,0.3404759168624878,0.03270441293716431,0.3325175642967224,0.04617036506533623
665,0.0,0.0,0.0,0.0,0.29835546016693115,0.037201493978500366,0.3027111887931824,0.04419799894094467,0.33930692076683044,0.041881002485752106,0.3135193884372711,0.04571143537759781
666,0.0,0.0,0.0,0.0,0.2905634045600891,0.06411996483802795,0.3312288522720337,0.057802967727184296,0.3252173066139221,0.03963659703731537,0.3285667300224304,0.05435160920023918
667,0.0,0.0,0.0,0.0,0.30950549244880676,0.08283478766679764,0.33219248056411743,0.04727843776345253,0.33809036016464233,0.06299743801355362,0.30940932035446167,0.06575217097997665
668,0.0,0.0,0.0,0.0,0.2952629327774048,0.06475096195936203,0.3178461194038391,0.07341510057449341,0.3147260546684265,0.051651909947395325,0.3072737157344818,0.07743798941373825
669,0.0,0.0,0.0,0.0,0.27968600392341614,0.05735110491514206,0.3233684003353119,0.05910293385386467,0.3386215567588806,0.0570085272192955,0.3139359951019287,0.046936847269535065
670,0.0,0.0,0.0,0.0,0.30564913153648376,0.0765489712357521,0.3101593852043152,0.06900151073932648,0.33123499155044556,0.04719386249780655,0.31367096304893494,0.056802161037921906
671,0.0,0.0,0.0,0.0,0.3031056821346283,0.057735543698072433,0.3252822458744049,0.05900061875581741,0.32900387048721313,0.03867268189787865,0.3130820393562317,0.03918561711907387
672,0.0,0.0,0.0,0.0,0.3079856038093567,0.05252181738615036,0.30094456672668457,0.08707020431756973,0.3482934832572937,0.05175431817770004,0.33091792464256287,0.03335186839103699
673,0.0,0.0,0.0,0.0,0.27314522862434387,0.07426754385232925,0.32851535081863403,0.055392906069755554,0.33333951234817505,0.04112846404314041,0.3465665280818939,0.03593219071626663
674,0.0,0.0,0.0,0.0,0.3252512812614441,0.07725296914577484,0.3073429465293884,0.08514482527971268,0.3381417691707611,0.04537719488143921,0.3014393150806427,0.05302681773900986
675,0.0,0.0,0.0,0.0,0.31361839175224304,0.08052017539739609,0.32187721133232117,0.060652490705251694,0.34737181663513184,0.041591763496398926,0.31097838282585144,0.045604631304740906
676,0.0,0.0,0.0,0.0,0.31460174918174744,0.0682014748454094,0.34532079100608826,0.03654478117823601,0.32369059324264526,0.055626366287469864,0.3337728679180145,0.05690433830022812
677,0.0,0.0,0.0,0.0,0.283903032541275,0.08453652262687683,0.32308727502822876,0.052012376487255096,0.32722097635269165,0.040219660848379135,0.34217721223831177,0.0324944444000721
678,0.0,0.0,0.0,0.0,0.3191378712654114,0.066669762134552,0.3113705515861511,0.08520431071519852,0.31214258074760437,0.06034686043858528,0.3129732608795166,0.06615224480628967
679,0.0,0.0,0.0,0.0,0.32953178882598877,0.04232029989361763,0.3246840536594391,0.06782820075750351,0.33931073546409607,0.04499637335538864,0.33336102962493896,0.04282107949256897
680,0.0,0.0,0.0,0.0,0.32938337326049805,0.04096357896924019,0.31220394372940063,0.07176592946052551,0.3459121584892273,0.05144447833299637,0.31477561593055725,0.06368914246559143
681,0.0,0.0,0.0,0.0,0.3039734363555908,0.07212931662797928,0.3227614164352417,0.08763478696346283,0.32651054859161377,0.07157424092292786,0.32162216305732727,0.0500338152050972
682,0.0,0.0,0.0,0.0,0.335416316986084,0.03213059902191162,0.29613572359085083,0.07144615054130554,0.3485751450061798,0.03647744655609131,0.3183576762676239,0.05699625238776207
683,0.0,0.0,0.0,0.0,0.28676390647888184,0.059816259890794754,0.3240123689174652,0.08256463706493378,0.3112676739692688,0.05446351692080498,0.30585095286369324,0.04178275167942047
684,0.0,0.0,0.0,0.0,0.3077431321144104,0.03970101475715637,0.31871098279953003,0.07458816468715668,0.33475273847579956,0.0584670752286911,0.32307010889053345,0.04925725236535072
685,0.0,0.0,0.0,0.0,0.33804893493652344,0.05566329136490822,0.32122889161109924,0.08024641126394272,0.3377397954463959,0.028397517278790474,0.3209037482738495,0.03676783666014671
686,0.0,0.0,0.0,0.0,0.3232121169567108,0.05553516000509262,0.33439090847969055,0.08074968308210373,0.33638325333595276,0.04329180717468262,0.3209156394004822,0.0363323874771595
687,0.0,0.0,0.0,0.0,0.3227785527706146,0.05722149834036827,0.3242768943309784,0.051021724939346313,0.31609785556793213,0.050833623856306076,0.32523292303085327,0.04377410188317299
688,0.0,0.0,0.0,0.0,0.3218265473842621,0.03624660149216652,0.32495611906051636,0.07003781944513321,0.342712938785553,0.04250461235642433,0.32224100828170776,0.04634532704949379
689,0.0,0.0,0.0,0.0,0.29527151584625244,0.05046943947672844,0.32883670926094055,0.06828974187374115,0.3234604001045227,0.04786591976881027,0.3082512617111206,0.0345505028963089
690,0.0,0.0,0.0,0.0,0.3279057443141937,0.07566604763269424,0.3132384419441223,0.07746090739965439,0.33174577355384827,0.050200968980789185,0.3198311924934387,0.03531292453408241
691,0.0,0.0,0.0,0.0,0.31074613332748413,0.05394138768315315,0.32311955094337463,0.06938626617193222,0.3307408094406128,0.04754581302404404,0.3203868269920349,0.03899900242686272
692,0.0,0.0,0.0,0.0,0.3227732479572296,0.06913568079471588,0.3358169496059418,0.05772232636809349,0.3127046823501587,0.04388565570116043,0.31072932481765747,0.04300258681178093
693,0.0,0.0,0.0,0.0,0.33091622591018677,0.05199113115668297,0.33087092638015747,0.06557996571063995,0.3347194492816925,0.04489630460739136,0.3445970416069031,0.03157196193933487
694,0.0,0.0,0.0,0.0,0.3259396553039551,0.042444899678230286,0.3292601406574249,0.0809638723731041,0.33636462688446045,0.03701840341091156,0.3153817057609558,0.0444287545979023
695,0.0,0.0,0.0,0.0,0.3340074419975281,0.04630535840988159,0.3289939761161804,0.06213010102510452,0.3477567732334137,0.04346558451652527,0.33181077241897583,0.043555136770009995
696,0.0,0.0,0.0,0.0,0.32681480050086975,0.07123618572950363,0.3377763330936432,0.06394356489181519,0.3354262709617615,0.04565320909023285,0.3391149342060089,0.039121441543102264
697,0.0,0.0,0.0,0.0,0.33759409189224243,0.06077197939157486,0.35180169343948364,0.03978521004319191,0.3408060073852539,0.04420324042439461,0.3193731904029846,0.04581810534000397
698,0.0,0.0,0.0,0.0,0.3341164290904999,0.04993205890059471,0.3257693648338318,0.07604949176311493,0.31679055094718933,0.05900264158844948,0.3188646733760834,0.04400315880775452
699,0.0,0.0,0.0,0.0,0.31423601508140564,0.058815646916627884,0.3290034830570221,0.0627748891711235,0.3301149010658264,0.039985138922929764,0.32100576162338257,0.05273396521806717
700,0.0,0.0,0.0,0.0,0.3181498944759369,0.06590469926595688,0.3231990933418274,0.05079740658402443,0.3403110206127167,0.05602465942502022,0.32720717787742615,0.045104045420885086
