X,TD_mean,TD_std,TD+NOV_mean,TD+NOV_std,TD+UNC_mean,TD+UNC_std,FULL_mean,FULL_std,MULT_mean,MULT_std,GATE_mean,GATE_std
1,-200.0,0.0,-200.0,0.0,-200.0,0.0,-200.0,0.0,-200.0,0.0,-200.0,0.0
2,-200.0,0.0,-200.0,0.0,-200.0,0.0,-200.0,0.0,-200.0,0.0,-200.0,0.0
3,-200.0,0.0,-200.0,0.0,-200.0,0.0,-200.0,0.0,-200.0,0.0,-200.0,0.0
4,-200.0,0.0,-200.0,0.0,-200.0,0.0,-200.0,0.0,-200.0,0.0,-200.0,0.0
5,-200.0,0.0,-200.0,0.0,-200.0,0.0,-200.0,0.0,-200.0,0.0,-200.0,0.0
6,-200.0,0.0,-200.0,0.0,-200.0,0.0,-200.0,0.0,-200.0,0.0,-200.0,0.0
7,-200.0,0.0,-200.0,0.0,-200.0,0.0,-200.0,0.0,-200.0,0.0,-200.0,0.0
8,-200.0,0.0,-200.0,0.0,-200.0,0.0,-200.0,0.0,-200.0,0.0,-200.0,0.0
9,-200.0,0.0,-200.0,0.0,-200.0,0.0,-200.0,0.0,-200.0,0.0,-200.0,0.0
10,-200.0,0.0,-200.0,0.0,-200.0,0.0,-200.0,0.0,-200.0,0.0,-200.0,0.0
11,-200.0,0.0,-200.0,0.0,-200.0,0.0,-200.0,0.0,-200.0,0.0,-200.0,0.0
12,-200.0,0.0,-200.0,0.0,-200.0,0.0,-200.0,0.0,-200.0,0.0,-200.0,0.0
13,-200.0,0.0,-200.0,0.0,-200.0,0.0,-200.0,0.0,-200.0,0.0,-200.0,0.0
14,-200.0,0.0,-200.0,0.0,-200.0,0.0,-200.0,0.0,-200.0,0.0,-200.0,0.0
15,-200.0,0.0,-200.0,0.0,-200.0,0.0,-200.0,0.0,-200.0,0.0,-200.0,0.0
16,-200.0,0.0,-200.0,0.0,-200.0,0.0,-200.0,0.0,-200.0,0.0,-200.0,0.0
17,-200.0,0.0,-200.0,0.0,-200.0,0.0,-200.0,0.0,-189.8000030517578,30.600000381469727,-200.0,0.0
18,-200.0,0.0,-200.0,0.0,-200.0,0.0,-200.0,0.0,-200.0,0.0,-200.0,0.0
19,-200.0,0.0,-200.0,0.0,-200.0,0.0,-200.0,0.0,-200.0,0.0,-200.0,0.0
20,-200.0,0.0,-200.0,0.0,-200.0,0.0,-200.0,0.0,-200.0,0.0,-200.0,0.0
21,-200.0,0.0,-200.0,0.0,-200.0,0.0,-200.0,0.0,-200.0,0.0,-200.0,0.0
22,-200.0,0.0,-200.0,0.0,-200.0,0.0,-200.0,0.0,-200.0,0.0,-200.0,0.0
23,-200.0,0.0,-200.0,0.0,-200.0,0.0,-200.0,0.0,-200.0,0.0,-200.0,0.0
24,-200.0,0.0,-200.0,0.0,-200.0,0.0,-200.0,0.0,-200.0,0.0,-200.0,0.0
25,-200.0,0.0,-200.0,0.0,-200.0,0.0,-200.0,0.0,-200.0,0.0,-200.0,0.0
26,-200.0,0.0,-200.0,0.0,-200.0,0.0,-200.0,0.0,-200.0,0.0,-200.0,0.0
27,-200.0,0.0,-200.0,0.0,-200.0,0.0,-200.0,0.0,-200.0,0.0,-200.0,0.0
28,-200.0,0.0,-200.0,0.0,-200.0,0.0,-200.0,0.0,-200.0,0.0,-200.0,0.0
29,-200.0,0.0,-200.0,0.0,-200.0,0.0,-200.0,0.0,-200.0,0.0,-200.0,0.0
30,-200.0,0.0,-200.0,0.0,-200.0,0.0,-200.0,0.0,-200.0,0.0,-200.0,0.0
31,-200.0,0.0,-200.0,0.0,-200.0,0.0,-200.0,0.0,-200.0,0.0,-200.0,0.0
32,-200.0,0.0,-200.0,0.0,-200.0,0.0,-200.0,0.0,-200.0,0.0,-200.0,0.0
33,-191.3000030517578,26.100000381469727,-200.0,0.0,-188.5,34.5,-188.5,34.5,-188.5,34.5,-188.89999389648438,33.29999923706055
34,-200.0,0.0,-200.0,0.0,-200.0,0.0,-200.0,0.0,-200.0,0.0,-200.0,0.0
35,-200.0,0.0,-200.0,0.0,-192.0,24.0,-200.0,0.0,-200.0,0.0,-192.10000610351562,23.699996948242188
36,-200.0,0.0,-200.0,0.0,-200.0,0.0,-200.0,0.0,-200.0,0.0,-200.0,0.0
37,-200.0,0.0,-200.0,0.0,-200.0,0.0,-200.0,0.0,-200.0,0.0,-200.0,0.0
38,-200.0,0.0,-200.0,0.0,-200.0,0.0,-200.0,0.0,-200.0,0.0,-200.0,0.0
39,-200.0,0.0,-200.0,0.0,-200.0,0.0,-200.0,0.0,-200.0,0.0,-200.0,0.0
40,-200.0,0.0,-200.0,0.0,-198.1999969482422,5.400001049041748,-200.0,0.0,-200.0,0.0,-197.5,7.5
41,-200.0,0.0,-200.0,0.0,-200.0,0.0,-200.0,0.0,-200.0,0.0,-200.0,0.0
42,-200.0,0.0,-200.0,0.0,-200.0,0.0,-200.0,0.0,-198.60000610351562,4.199999809265137,-200.0,0.0
43,-200.0,0.0,-200.0,0.0,-200.0,0.0,-200.0,0.0,-200.0,0.0,-200.0,0.0
44,-200.0,0.0,-200.0,0.0,-200.0,0.0,-200.0,0.0,-197.89999389648438,6.300000190734863,-200.0,0.0
45,-200.0,0.0,-200.0,0.0,-200.0,0.0,-200.0,0.0,-200.0,0.0,-200.0,0.0
46,-200.0,0.0,-200.0,0.0,-200.0,0.0,-200.0,0.0,-200.0,0.0,-200.0,0.0
47,-200.0,0.0,-200.0,0.0,-200.0,0.0,-200.0,0.0,-200.0,0.0,-200.0,0.0
48,-200.0,0.0,-200.0,0.0,-200.0,0.0,-200.0,0.0,-200.0,0.0,-200.0,0.0
49,-200.0,0.0,-200.0,0.0,-200.0,0.0,-200.0,0.0,-200.0,0.0,-200.0,0.0
50,-200.0,0.0,-200.0,0.0,-200.0,0.0,-200.0,0.0,-200.0,0.0,-193.10000610351562,20.69999885559082
51,-200.0,0.0,-200.0,0.0,-200.0,0.0,-200.0,0.0,-200.0,0.0,-200.0,0.0
52,-200.0,0.0,-200.0,0.0,-200.0,0.0,-200.0,0.0,-200.0,0.0,-200.0,0.0
53,-200.0,0.0,-200.0,0.0,-200.0,0.0,-200.0,0.0,-200.0,0.0,-200.0,0.0
54,-198.89999389648438,3.299999952316284,-200.0,0.0,-200.0,0.0,-200.0,0.0,-200.0,0.0,-199.0,3.0
55,-199.10000610351562,2.700000286102295,-200.0,0.0,-200.0,0.0,-200.0,0.0,-200.0,0.0,-200.0,0.0
56,-200.0,0.0,-200.0,0.0,-200.0,0.0,-200.0,0.0,-200.0,0.0,-200.0,0.0
57,-197.89999389648438,6.3000006675720215,-200.0,0.0,-200.0,0.0,-200.0,0.0,-200.0,0.0,-200.0,0.0
58,-200.0,0.0,-200.0,0.0,-193.39999389648438,19.80000114440918,-200.0,0.0,-200.0,0.0,-200.0,0.0
59,-200.0,0.0,-200.0,0.0,-200.0,0.0,-200.0,0.0,-198.1999969482422,5.400000095367432,-200.0,0.0
60,-195.39999389648438,13.800000190734863,-200.0,0.0,-200.0,0.0,-200.0,0.0,-200.0,0.0,-200.0,0.0
61,-200.0,0.0,-197.0,9.0,-200.0,0.0,-200.0,0.0,-200.0,0.0,-200.0,0.0
62,-200.0,0.0,-200.0,0.0,-193.89999389648438,18.299999237060547,-200.0,0.0,-200.0,0.0,-193.1999969482422,20.399999618530273
63,-200.0,0.0,-200.0,0.0,-200.0,0.0,-200.0,0.0,-200.0,0.0,-200.0,0.0
64,-200.0,0.0,-200.0,0.0,-200.0,0.0,-191.10000610351562,26.700000762939453,-200.0,0.0,-191.0,27.0
65,-191.10000610351562,26.700000762939453,-200.0,0.0,-200.0,0.0,-200.0,0.0,-200.0,0.0,-200.0,0.0
66,-199.0,3.0,-200.0,0.0,-200.0,0.0,-197.8000030517578,6.600000381469727,-200.0,0.0,-200.0,0.0
67,-192.60000610351562,22.200000762939453,-200.0,0.0,-200.0,0.0,-200.0,0.0,-195.89999389648438,12.300000190734863,-193.8000030517578,18.600000381469727
68,-200.0,0.0,-192.39999389648438,22.800003051757812,-197.5,7.5,-200.0,0.0,-192.89999389648438,21.30000114440918,-200.0,0.0
69,-200.0,0.0,-200.0,0.0,-200.0,0.0,-200.0,0.0,-200.0,0.0,-200.0,0.0
70,-193.39999389648438,19.80000114440918,-200.0,0.0,-200.0,0.0,-200.0,0.0,-199.60000610351562,1.1999999284744263,-200.0,0.0
71,-200.0,0.0,-200.0,0.0,-196.1999969482422,11.40000057220459,-194.3000030517578,17.100000381469727,-200.0,0.0,-194.89999389648438,15.299999237060547
72,-189.5,24.56521987915039,-200.0,0.0,-200.0,0.0,-199.8000030517578,0.5999999642372131,-199.3000030517578,2.0999999046325684,-199.8000030517578,0.5999999642372131
73,-200.0,0.0,-200.0,0.0,-200.0,0.0,-200.0,0.0,-200.0,0.0,-198.0,6.0
74,-200.0,0.0,-200.0,0.0,-200.0,0.0,-200.0,0.0,-200.0,0.0,-200.0,0.0
75,-200.0,0.0,-200.0,0.0,-200.0,0.0,-200.0,0.0,-200.0,0.0,-200.0,0.0
76,-199.6999969482422,0.9000000357627869,-195.60000610351562,13.20000171661377,-200.0,0.0,-192.89999389648438,21.30000114440918,-200.0,0.0,-200.0,0.0
77,-200.0,0.0,-200.0,0.0,-200.0,0.0,-191.0,27.0,-200.0,0.0,-200.0,0.0
78,-200.0,0.0,-193.89999389648438,14.494482040405273,-200.0,0.0,-200.0,0.0,-200.0,0.0,-200.0,0.0
79,-200.0,0.0,-200.0,0.0,-198.0,6.0,-200.0,0.0,-193.60000610351562,19.200000762939453,-200.0,0.0
80,-200.0,0.0,-200.0,0.0,-200.0,0.0,-200.0,0.0,-200.0,0.0,-200.0,0.0
81,-199.6999969482422,0.9000000953674316,-200.0,0.0,-200.0,0.0,-200.0,0.0,-195.0,15.0,-200.0,0.0
82,-193.0,21.0,-193.89999389648438,18.299999237060547,-200.0,0.0,-200.0,0.0,-200.0,0.0,-192.1999969482422,23.39999771118164
83,-192.89999389648438,21.30000114440918,-200.0,0.0,-200.0,0.0,-185.5,29.452505111694336,-200.0,0.0,-200.0,0.0
84,-193.0,21.0,-193.5,19.5,-200.0,0.0,-198.6999969482422,3.0347983837127686,-200.0,0.0,-200.0,0.0
85,-199.0,3.0,-192.8000030517578,21.599998474121094,-200.0,0.0,-192.60000610351562,22.199996948242188,-193.8000030517578,18.600000381469727,-194.39999389648438,16.80000114440918
86,-200.0,0.0,-200.0,0.0,-200.0,0.0,-195.0,15.0,-195.3000030517578,14.100000381469727,-200.0,0.0
87,-200.0,0.0,-195.8000030517578,12.59999942779541,-200.0,0.0,-200.0,0.0,-189.3000030517578,24.625391006469727,-198.5,4.5
88,-200.0,0.0,-200.0,0.0,-200.0,0.0,-200.0,0.0,-200.0,0.0,-192.0,24.0
89,-185.0,30.268796920776367,-200.0,0.0,-191.6999969482422,17.378435134887695,-200.0,0.0,-200.0,0.0,-191.39999389648438,25.80000114440918
90,-200.0,0.0,-198.39999389648438,4.799999237060547,-200.0,0.0,-200.0,0.0,-190.5,28.5,-200.0,0.0
91,-192.3000030517578,23.100000381469727,-200.0,0.0,-200.0,0.0,-198.6999969482422,3.8999993801116943,-200.0,0.0,-195.60000610351562,13.199999809265137
92,-200.0,0.0,-200.0,0.0,-200.0,0.0,-197.5,7.5,-191.60000610351562,25.200000762939453,-198.8000030517578,3.6000001430511475
93,-193.8000030517578,12.432215690612793,-189.89999389648438,30.29999351501465,-200.0,0.0,-200.0,0.0,-196.8000030517578,9.600000381469727,-199.39999389648438,1.8000001907348633
94,-192.5,22.5,-200.0,0.0,-200.0,0.0,-200.0,0.0,-200.0,0.0,-200.0,0.0
95,-192.39999389648438,22.80000114440918,-197.10000610351562,8.371977806091309,-199.0,3.0,-191.8000030517578,24.600000381469727,-200.0,0.0,-190.39999389648438,28.80000114440918
96,-193.60000610351562,19.200000762939453,-200.0,0.0,-199.5,1.5,-200.0,0.0,-200.0,0.0,-191.8000030517578,24.600000381469727
97,-200.0,0.0,-198.39999389648438,4.799999237060547,-200.0,0.0,-200.0,0.0,-191.6999969482422,21.204010009765625,-200.0,0.0
98,-191.8000030517578,24.599998474121094,-192.1999969482422,23.39999771118164,-192.5,22.5,-193.3000030517578,17.029680252075195,-196.5,10.5,-200.0,0.0
99,-192.3000030517578,23.100000381469727,-200.0,0.0,-184.10000610351562,32.14482879638672,-197.89999389648438,6.3000006675720215,-197.39999389648438,7.799999713897705,-198.10000610351562,5.700000762939453
100,-186.5,27.485450744628906,-198.5,4.5,-200.0,0.0,-200.0,0.0,-198.39999389648438,4.799999713897705,-199.3000030517578,2.0999996662139893
101,-186.3000030517578,27.473806381225586,-191.8000030517578,24.59999656677246,-198.6999969482422,3.8999998569488525,-200.0,0.0,-196.60000610351562,7.158211708068848,-200.0,0.0
102,-191.8000030517578,24.59999656677246,-200.0,0.0,-194.0,18.0,-195.89999389648438,8.700000762939453,-200.0,0.0,-200.0,0.0
103,-200.0,0.0,-199.5,1.5,-194.0,17.66918182373047,-199.1999969482422,2.3999996185302734,-192.89999389648438,21.30000114440918,-200.0,0.0
104,-200.0,0.0,-194.6999969482422,15.90000057220459,-193.6999969482422,18.899999618530273,-200.0,0.0,-193.6999969482422,18.900001525878906,-197.10000610351562,8.699999809265137
105,-200.0,0.0,-199.89999389648438,0.30000004172325134,-191.3000030517578,26.100000381469727,-198.6999969482422,3.8999993801116943,-200.0,0.0,-184.39999389648438,25.8851318359375
106,-192.60000610351562,22.200000762939453,-200.0,0.0,-189.3000030517578,26.646011352539062,-194.3000030517578,17.100000381469727,-200.0,0.0,-190.6999969482422,27.900001525878906
107,-200.0,0.0,-197.6999969482422,6.899999618530273,-199.0,3.0,-200.0,0.0,-194.10000610351562,17.69999885559082,-193.6999969482422,18.89999771118164
108,-192.60000610351562,18.821264266967773,-200.0,0.0,-197.39999389648438,7.799999237060547,-200.0,0.0,-200.0,0.0,-200.0,0.0
109,-182.1999969482422,35.611236572265625,-200.0,0.0,-192.10000610351562,19.48563575744629,-200.0,0.0,-199.6999969482422,0.9000000357627869,-199.6999969482422,0.9000000357627869
110,-192.6999969482422,21.899999618530273,-200.0,0.0,-190.5,18.051315307617188,-185.5,29.00086212158203,-200.0,0.0,-192.5,22.5
111,-200.0,0.0,-193.39999389648438,19.799999237060547,-193.0,21.0,-192.0,24.0,-195.6999969482422,8.672369956970215,-200.0,0.0
112,-200.0,0.0,-193.6999969482422,18.89999771118164,-200.0,0.0,-190.0,23.362361907958984,-196.89999389648438,9.300000190734863,-182.0,30.753860473632812
113,-200.0,0.0,-189.5,31.5,-200.0,0.0,-200.0,0.0,-188.60000610351562,30.411182403564453,-190.8000030517578,25.047157287597656
114,-195.0,11.349008560180664,-193.1999969482422,20.399999618530273,-200.0,0.0,-193.0,21.0,-200.0,0.0,-191.89999389648438,21.764419555664062
115,-189.3000030517578,22.009315490722656,-200.0,0.0,-190.1999969482422,25.941471099853516,-200.0,0.0,-198.6999969482422,3.8999996185302734,-192.3000030517578,17.07659339904785
116,-198.8000030517578,3.5999999046325684,-200.0,0.0,-200.0,0.0,-200.0,0.0,-200.0,0.0,-186.8000030517578,26.641319274902344
117,-200.0,0.0,-198.60000610351562,4.1999993324279785,-199.3000030517578,2.0999999046325684,-198.89999389648438,3.299999952316284,-192.3000030517578,14.262187957763672,-190.10000610351562,21.290605545043945
118,-199.6999969482422,0.9000000357627869,-195.89999389648438,12.300000190734863,-190.8000030517578,27.600000381469727,-192.8000030517578,21.599998474121094,-194.5,16.5,-179.5,34.389678955078125
119,-200.0,0.0,-191.89999389648438,23.968517303466797,-188.6999969482422,24.738834381103516,-200.0,0.0,-192.89999389648438,14.494482040405273,-197.8000030517578,5.6709794998168945
120,-200.0,0.0,-196.5,10.5,-200.0,0.0,-200.0,0.0,-200.0,0.0,-183.3000030517578,33.61561965942383
121,-200.0,0.0,-200.0,0.0,-196.1999969482422,11.399999618530273,-188.8000030517578,22.417850494384766,-192.1999969482422,23.39999771118164,-190.5,19.15854835510254
122,-193.3000030517578,19.7689151763916,-193.89999389648438,18.299997329711914,-198.39999389648438,4.799999713897705,-193.1999969482422,17.605680465698242,-199.0,3.0,-200.0,0.0
123,-196.6999969482422,9.899999618530273,-192.10000610351562,21.77360725402832,-189.6999969482422,26.283260345458984,-192.3000030517578,22.768619537353516,-173.89999389648438,39.936073303222656,-198.0,6.0
124,-192.0,18.330303192138672,-195.39999389648438,7.255342960357666,-191.1999969482422,26.399999618530273,-200.0,0.0,-191.8000030517578,18.269100189208984,-198.89999389648438,3.299999952316284
125,-200.0,0.0,-185.0,28.0142822265625,-200.0,0.0,-187.60000610351562,25.81162452697754,-198.1999969482422,5.400000095367432,-200.0,0.0
126,-196.10000610351562,11.699999809265137,-192.0,24.0,-200.0,0.0,-192.1999969482422,23.39999771118164,-200.0,0.0,-198.6999969482422,3.8999996185302734
127,-183.60000610351562,31.623409271240234,-191.3000030517578,26.100000381469727,-192.0,22.38302993774414,-186.89999389648438,26.886613845825195,-199.5,1.5,-192.3000030517578,23.100000381469727
128,-185.0,30.400657653808594,-197.6999969482422,6.899999618530273,-199.1999969482422,2.3999996185302734,-187.6999969482422,26.099998474121094,-195.60000610351562,10.307278633117676,-195.10000610351562,14.700000762939453
129,-199.6999969482422,0.9000000953674316,-200.0,0.0,-191.0,27.0,-190.39999389648438,23.423065185546875,-192.10000610351562,19.750696182250977,-200.0,0.0
130,-200.0,0.0,-197.10000610351562,8.700000762939453,-199.10000610351562,2.700000047683716,-190.8000030517578,27.60000228881836,-200.0,0.0,-187.39999389648438,28.34149169921875
131,-197.5,7.5,-184.1999969482422,31.713720321655273,-200.0,0.0,-200.0,0.0,-194.3000030517578,17.100000381469727,-190.60000610351562,26.260997772216797
132,-191.3000030517578,26.100000381469727,-190.1999969482422,21.54437255859375,-194.0,18.0,-184.10000610351562,32.02639389038086,-194.39999389648438,16.80000114440918,-192.39999389648438,22.800003051757812
133,-197.39999389648438,7.799998760223389,-200.0,0.0,-194.60000610351562,16.200000762939453,-200.0,0.0,-197.3000030517578,8.100000381469727,-193.8000030517578,18.600000381469727
134,-200.0,0.0,-191.60000610351562,25.19999885559082,-185.6999969482422,27.422801971435547,-185.10000610351562,29.988162994384766,-199.89999389648438,0.30000001192092896,-195.1999969482422,14.40000057220459
135,-195.39999389648438,13.799999237060547,-200.0,0.0,-200.0,0.0,-200.0,0.0,-200.0,0.0,-186.10000610351562,22.99325942993164
136,-199.60000610351562,1.1999999284744263,-198.60000610351562,2.835489273071289,-200.0,0.0,-200.0,0.0,-192.3000030517578,23.100000381469727,-192.60000610351562,22.200000762939453
137,-200.0,0.0,-191.0,27.0,-200.0,0.0,-200.0,0.0,-198.8000030517578,3.6000001430511475,-186.8000030517578,26.832069396972656
138,-195.8000030517578,12.600000381469727,-200.0,0.0,-200.0,0.0,-188.10000610351562,24.03518295288086,-200.0,0.0,-200.0,0.0
139,-197.0,9.0,-195.0,10.039920806884766,-185.6999969482422,29.23029136657715,-188.8000030517578,20.57085418701172,-199.3000030517578,2.0999999046325684,-190.6999969482422,17.754154205322266
140,-199.39999389648438,1.8000001907348633,-200.0,0.0,-193.3000030517578,15.98780632019043,-186.6999969482422,27.488361358642578,-200.0,0.0,-200.0,0.0
141,-196.60000610351562,10.199999809265137,-200.0,0.0,-191.1999969482422,26.39999771118164,-192.39999389648438,22.799999237060547,-200.0,0.0,-200.0,0.0
142,-200.0,0.0,-193.89999389648438,14.740758895874023,-193.1999969482422,20.399999618530273,-186.10000610351562,28.00160789489746,-200.0,0.0,-181.1999969482422,37.981048583984375
143,-191.39999389648438,25.799997329711914,-196.0,8.111720085144043,-193.1999969482422,19.103925704956055,-186.89999389648438,21.856121063232422,-196.0,12.0,-200.0,0.0
144,-200.0,0.0,-199.89999389648438,0.30000001192092896,-193.39999389648438,19.799999237060547,-200.0,0.0,-196.60000610351562,10.199999809265137,-192.1999969482422,23.39999771118164
145,-200.0,0.0,-200.0,0.0,-200.0,0.0,-177.5,32.36124038696289,-200.0,0.0,-198.8000030517578,3.6000001430511475
146,-200.0,0.0,-200.0,0.0,-184.6999969482422,30.62041664123535,-191.6999969482422,19.88994789123535,-198.6999969482422,3.8999996185302734,-193.0,19.39072036743164
147,-200.0,0.0,-200.0,0.0,-190.5,25.64078712463379,-190.0,25.01199722290039,-199.6999969482422,0.9000000953674316,-200.0,0.0
148,-198.89999389648438,3.299999952316284,-194.10000610351562,16.72393226623535,-189.1999969482422,24.745908737182617,-193.0,21.0,-197.8000030517578,6.600000858306885,-200.0,0.0
149,-200.0,0.0,-192.6999969482422,21.899999618530273,-170.3000030517578,37.19422149658203,-190.1999969482422,23.258546829223633,-200.0,0.0,-199.60000610351562,1.1999999284744263
150,-200.0,0.0,-200.0,0.0,-191.89999389648438,24.299999237060547,-193.3000030517578,20.100000381469727,-200.0,0.0,-200.0,0.0
151,-200.0,0.0,-200.0,0.0,-179.89999389648438,30.624990463256836,-200.0,0.0,-200.0,0.0,-193.60000610351562,19.200000762939453
152,-200.0,0.0,-200.0,0.0,-200.0,0.0,-191.89999389648438,24.299999237060547,-194.10000610351562,17.69999885559082,-200.0,0.0
153,-200.0,0.0,-199.0,3.0,-192.0,24.0,-191.6999969482422,24.899999618530273,-194.3000030517578,17.100000381469727,-197.1999969482422,8.40000057220459
154,-200.0,0.0,-199.3000030517578,1.7916473150253296,-190.60000610351562,20.450916290283203,-198.5,4.5,-180.89999389648438,38.67415237426758,-200.0,0.0
155,-191.3000030517578,17.641145706176758,-198.3000030517578,5.099999904632568,-200.0,0.0,-200.0,0.0,-198.6999969482422,3.8999996185302734,-188.3000030517578,23.40961456298828
156,-196.0,12.0,-200.0,0.0,-196.89999389648438,7.515983581542969,-200.0,0.0,-200.0,0.0,-197.3000030517578,8.100000381469727
157,-200.0,0.0,-194.0,18.0,-200.0,0.0,-195.89999389648438,12.300000190734863,-191.60000610351562,25.200000762939453,-195.1999969482422,14.399999618530273
158,-196.5,10.5,-195.10000610351562,13.118308067321777,-200.0,0.0,-200.0,0.0,-192.60000610351562,22.200000762939453,-194.5,11.791946411132812
159,-191.1999969482422,26.399999618530273,-196.5,10.5,-183.1999969482422,33.840213775634766,-192.1999969482422,23.399995803833008,-200.0,0.0,-198.6999969482422,3.8999996185302734
160,-200.0,0.0,-200.0,0.0,-197.5,7.5,-192.39999389648438,22.80000114440918,-196.60000610351562,10.199999809265137,-200.0,0.0
161,-193.8000030517578,18.600000381469727,-190.5,23.9217472076416,-192.10000610351562,23.699996948242188,-196.3000030517578,11.100000381469727,-195.3000030517578,14.100000381469727,-197.6999969482422,6.899999618530273
162,-195.3000030517578,14.100000381469727,-200.0,0.0,-200.0,0.0,-195.1999969482422,14.40000057220459,-200.0,0.0,-200.0,0.0
163,-200.0,0.0,-194.1999969482422,17.399999618530273,-200.0,0.0,-191.3000030517578,14.505516052246094,-200.0,0.0,-196.6999969482422,9.90000057220459
164,-200.0,0.0,-200.0,0.0,-197.6999969482422,6.900000095367432,-194.10000610351562,17.69999885559082,-200.0,0.0,-192.89999389648438,21.30000114440918
165,-200.0,0.0,-200.0,0.0,-200.0,0.0,-200.0,0.0,-189.10000610351562,26.96831512451172,-200.0,0.0
166,-193.0,21.0,-200.0,0.0,-200.0,0.0,-200.0,0.0,-200.0,0.0,-200.0,0.0
167,-200.0,0.0,-200.0,0.0,-189.8000030517578,21.474637985229492,-195.8000030517578,9.130168914794922,-186.5,32.26530838012695,-200.0,0.0
168,-194.5,16.5,-196.60000610351562,10.199999809265137,-200.0,0.0,-194.0,12.806248664855957,-200.0,0.0,-194.60000610351562,16.200000762939453
169,-200.0,0.0,-200.0,0.0,-200.0,0.0,-191.1999969482422,18.835073471069336,-200.0,0.0,-193.6999969482422,18.89999771118164
170,-183.8000030517578,30.521469116210938,-195.89999389648438,12.300000190734863,-200.0,0.0,-200.0,0.0,-186.10000610351562,27.822473526000977,-200.0,0.0
171,-200.0,0.0,-198.1999969482422,5.400000095367432,-195.39999389648438,13.799999237060547,-200.0,0.0,-192.6999969482422,14.886570930480957,-200.0,0.0
172,-188.6999969482422,21.40117073059082,-200.0,0.0,-186.6999969482422,29.1206111907959,-200.0,0.0,-194.3000030517578,17.100000381469727,-185.3000030517578,33.62751770019531
173,-200.0,0.0,-199.60000610351562,1.1999999284744263,-200.0,0.0,-192.60000610351562,22.199996948242188,-193.89999389648438,12.652667999267578,-200.0,0.0
174,-200.0,0.0,-200.0,0.0,-195.10000610351562,10.511422157287598,-200.0,0.0,-190.89999389648438,27.299999237060547,-191.8000030517578,16.400001525878906
175,-189.1999969482422,21.641626358032227,-200.0,0.0,-200.0,0.0,-200.0,0.0,-200.0,0.0,-195.8000030517578,12.59999942779541
176,-200.0,0.0,-200.0,0.0,-195.89999389648438,12.300000190734863,-200.0,0.0,-199.0,3.0,-193.0,21.0
177,-200.0,0.0,-200.0,0.0,-195.8000030517578,8.506467819213867,-200.0,0.0,-191.8000030517578,24.600000381469727,-200.0,0.0
178,-200.0,0.0,-200.0,0.0,-200.0,0.0,-200.0,0.0,-200.0,0.0,-200.0,0.0
179,-194.0,12.296340942382812,-200.0,0.0,-188.3000030517578,23.579864501953125,-200.0,0.0,-185.5,32.240501403808594,-195.10000610351562,14.700000762939453
180,-200.0,0.0,-197.1999969482422,8.40000057220459,-200.0,0.0,-200.0,0.0,-200.0,0.0,-200.0,0.0
181,-200.0,0.0,-196.39999389648438,8.039899826049805,-200.0,0.0,-200.0,0.0,-197.0,9.0,-200.0,0.0
182,-198.60000610351562,4.1999993324279785,-200.0,0.0,-194.5,15.844557762145996,-190.0,30.0,-200.0,0.0,-188.39999389648438,23.41025161743164
183,-200.0,0.0,-194.3000030517578,17.100000381469727,-197.10000610351562,8.699999809265137,-200.0,0.0,-200.0,0.0,-189.1999969482422,32.399993896484375
184,-200.0,0.0,-200.0,0.0,-200.0,0.0,-200.0,0.0,-200.0,0.0,-189.3000030517578,32.10000228881836
185,-200.0,0.0,-193.60000610351562,19.200000762939453,-200.0,0.0,-200.0,0.0,-200.0,0.0,-191.1999969482422,11.931471824645996
186,-191.89999389648438,24.299999237060547,-196.3000030517578,9.839207649230957,-199.39999389648438,1.4966630935668945,-200.0,0.0,-200.0,0.0,-200.0,0.0
187,-194.0,15.238109588623047,-200.0,0.0,-187.39999389648438,19.448394775390625,-196.6999969482422,9.90000057220459,-200.0,0.0,-186.10000610351562,28.356481552124023
188,-200.0,0.0,-200.0,0.0,-200.0,0.0,-200.0,0.0,-194.60000610351562,16.200000762939453,-200.0,0.0
189,-197.60000610351562,7.200000286102295,-200.0,0.0,-195.6999969482422,12.90000057220459,-199.0,3.0,-198.1999969482422,5.400000095367432,-185.60000610351562,33.21505355834961
190,-200.0,0.0,-197.39999389648438,7.799999237060547,-194.6999969482422,15.900001525878906,-197.89999389648438,6.300000190734863,-197.10000610351562,8.700000762939453,-196.89999389648438,9.300000190734863
191,-183.8000030517578,33.18071746826172,-195.89999389648438,12.300000190734863,-200.0,0.0,-200.0,0.0,-200.0,0.0,-196.8000030517578,9.600000381469727
192,-197.39999389648438,7.799999237060547,-192.1999969482422,16.497272491455078,-195.10000610351562,12.541529655456543,-200.0,0.0,-198.89999389648438,3.299999952316284,-200.0,0.0
193,-200.0,0.0,-200.0,0.0,-200.0,0.0,-200.0,0.0,-200.0,0.0,-198.6999969482422,3.8999998569488525
194,-198.8000030517578,3.5999999046325684,-200.0,0.0,-200.0,0.0,-200.0,0.0,-197.10000610351562,8.699999809265137,-194.60000610351562,12.71377182006836
195,-199.10000610351562,2.700000047683716,-200.0,0.0,-190.1999969482422,29.399999618530273,-199.6999969482422,0.9000001549720764,-200.0,0.0,-200.0,0.0
196,-200.0,0.0,-189.0,33.0,-200.0,0.0,-194.8000030517578,15.600000381469727,-200.0,0.0,-199.60000610351562,1.1999999284744263
197,-200.0,0.0,-196.60000610351562,10.199999809265137,-200.0,0.0,-200.0,0.0,-198.6999969482422,2.6851444244384766,-184.3000030517578,29.61435317993164
198,-200.0,0.0,-200.0,0.0,-199.6999969482422,0.9000001549720764,-195.10000610351562,9.822932243347168,-194.60000610351562,16.200000762939453,-195.5,13.5
199,-198.60000610351562,4.1999993324279785,-195.1999969482422,14.40000057220459,-199.8000030517578,0.5999999642372131,-200.0,0.0,-199.89999389648438,0.30000004172325134,-193.89999389648438,13.239713668823242
200,-200.0,0.0,-200.0,0.0,-200.0,0.0,-196.89999389648438,9.300000190734863,-189.89999389648438,22.002046585083008,-200.0,0.0
201,-200.0,0.0,-184.8000030517578,30.560760498046875,-196.0,12.0,-191.5,25.5,-196.5,10.5,-197.39999389648438,6.311893939971924
202,-199.8000030517578,0.5999999642372131,-198.60000610351562,4.199999809265137,-200.0,0.0,-198.0,6.0,-200.0,0.0,-189.5,16.057708740234375
203,-200.0,0.0,-199.0,3.0,-197.89999389648438,6.3000006675720215,-191.89999389648438,16.275440216064453,-200.0,0.0,-200.0,0.0
204,-195.89999389648438,12.300000190734863,-200.0,0.0,-200.0,0.0,-196.3000030517578,11.100000381469727,-200.0,0.0,-197.1999969482422,8.40000057220459
205,-200.0,0.0,-198.5,4.5,-196.1999969482422,7.599999904632568,-200.0,0.0,-194.5,12.142898559570312,-195.1999969482422,10.787029266357422
206,-198.1999969482422,5.40000057220459,-196.0,12.0,-200.0,0.0,-196.60000610351562,10.199999809265137,-195.60000610351562,13.20000171661377,-200.0,0.0
207,-200.0,0.0,-196.0,12.0,-200.0,0.0,-192.8000030517578,21.599998474121094,-193.5,13.001922607421875,-198.8000030517578,3.5999999046325684
208,-200.0,0.0,-199.5,1.5,-199.3000030517578,2.0999999046325684,-196.39999389648438,10.800000190734863,-200.0,0.0,-200.0,0.0
209,-200.0,0.0,-200.0,0.0,-192.8000030517578,21.599998474121094,-199.6999969482422,0.9000000357627869,-189.6999969482422,22.547948837280273,-195.0,10.039920806884766
210,-195.8000030517578,12.600000381469727,-199.8000030517578,0.5999999642372131,-186.6999969482422,32.692657470703125,-197.6999969482422,6.899999618530273,-194.3000030517578,17.100000381469727,-194.10000610351562,17.69999885559082
211,-200.0,0.0,-199.1999969482422,2.3999998569488525,-194.10000610351562,12.397176742553711,-192.60000610351562,22.200000762939453,-200.0,0.0,-200.0,0.0
212,-199.89999389648438,0.30000001192092896,-199.8000030517578,0.5999999642372131,-200.0,0.0,-200.0,0.0,-192.6999969482422,21.899999618530273,-196.0,12.0
213,-200.0,0.0,-195.60000610351562,13.20000171661377,-196.60000610351562,10.199999809265137,-193.89999389648438,18.299999237060547,-200.0,0.0,-198.10000610351562,3.9610602855682373
214,-200.0,0.0,-200.0,0.0,-194.6999969482422,12.66530704498291,-195.60000610351562,10.800000190734863,-200.0,0.0,-200.0,0.0
215,-200.0,0.0,-193.1999969482422,20.399999618530273,-200.0,0.0,-200.0,0.0,-188.0,24.803226470947266,-195.6999969482422,12.570201873779297
216,-183.1999969482422,33.0599479675293,-200.0,0.0,-200.0,0.0,-198.3000030517578,5.099999904632568,-199.8000030517578,0.5999999642372131,-191.39999389648438,25.799997329711914
217,-200.0,0.0,-194.89999389648438,15.299999237060547,-200.0,0.0,-196.89999389648438,9.300000190734863,-195.5,13.5,-200.0,0.0
218,-198.5,4.5,-200.0,0.0,-200.0,0.0,-193.5,13.154847145080566,-200.0,0.0,-200.0,0.0
219,-200.0,0.0,-200.0,0.0,-194.1999969482422,17.400001525878906,-200.0,0.0,-194.89999389648438,10.22203540802002,-200.0,0.0
220,-193.89999389648438,13.419761657714844,-200.0,0.0,-199.6999969482422,0.9000001549720764,-200.0,0.0,-200.0,0.0,-200.0,0.0
221,-196.10000610351562,11.699999809265137,-196.3000030517578,11.100000381469727,-200.0,0.0,-200.0,0.0,-200.0,0.0,-200.0,0.0
222,-200.0,0.0,-195.5,9.069178581237793,-200.0,0.0,-196.39999389648438,10.800000190734863,-192.89999389648438,14.590749740600586,-200.0,0.0
223,-200.0,0.0,-200.0,0.0,-192.8000030517578,16.497272491455078,-200.0,0.0,-200.0,0.0,-200.0,0.0
224,-196.1999969482422,11.40000057220459,-197.89999389648438,6.300000190734863,-200.0,0.0,-198.89999389648438,3.3000001907348633,-190.8000030517578,18.935680389404297,-200.0,0.0
225,-198.5,4.5,-200.0,0.0,-200.0,0.0,-200.0,0.0,-200.0,0.0,-198.39999389648438,4.799999713897705
226,-187.0,20.04494857788086,-200.0,0.0,-200.0,0.0,-200.0,0.0,-200.0,0.0,-199.89999389648438,0.30000001192092896
227,-196.0,12.0,-200.0,0.0,-200.0,0.0,-191.89999389648438,18.19038200378418,-198.0,6.0,-200.0,0.0
228,-199.89999389648438,0.30000001192092896,-200.0,0.0,-200.0,0.0,-185.6999969482422,28.79600715637207,-200.0,0.0,-198.5,3.383784770965576
229,-200.0,0.0,-194.3000030517578,14.085808753967285,-200.0,0.0,-200.0,0.0,-197.0,9.0,-200.0,0.0
230,-200.0,0.0,-200.0,0.0,-200.0,0.0,-195.6999969482422,12.899998664855957,-193.39999389648438,19.80000114440918,-197.1999969482422,8.40000057220459
231,-197.3000030517578,8.100000381469727,-199.0,3.0,-200.0,0.0,-200.0,0.0,-200.0,0.0,-189.5,31.5
232,-197.8000030517578,6.600000381469727,-200.0,0.0,-200.0,0.0,-200.0,0.0,-200.0,0.0,-196.0,12.0
233,-186.0,28.089143753051758,-200.0,0.0,-200.0,0.0,-195.0,10.779610633850098,-200.0,0.0,-188.1999969482422,18.361915588378906
234,-190.89999389648438,27.299999237060547,-199.10000610351562,2.700000047683716,-200.0,0.0,-199.89999389648438,0.30000004172325134,-200.0,0.0,-197.89999389648438,6.3000006675720215
235,-191.89999389648438,20.072118759155273,-200.0,0.0,-200.0,0.0,-189.60000610351562,31.20000457763672,-200.0,0.0,-199.1999969482422,1.600000023841858
236,-200.0,0.0,-196.10000610351562,9.596353530883789,-196.3000030517578,11.100000381469727,-200.0,0.0,-196.6999969482422,9.571310997009277,-200.0,0.0
237,-200.0,0.0,-192.10000610351562,16.615957260131836,-198.89999389648438,3.3000001907348633,-200.0,0.0,-187.5,21.987497329711914,-194.8000030517578,9.998000144958496
238,-200.0,0.0,-196.60000610351562,10.199999809265137,-197.39999389648438,7.799999713897705,-200.0,0.0,-192.6999969482422,21.899999618530273,-196.10000610351562,11.699999809265137
239,-200.0,0.0,-198.39999389648438,4.799999713897705,-200.0,0.0,-200.0,0.0,-198.6999969482422,3.8999998569488525,-200.0,0.0
240,-200.0,0.0,-198.10000610351562,5.700000762939453,-200.0,0.0,-200.0,0.0,-200.0,0.0,-197.1999969482422,8.40000057220459
241,-200.0,0.0,-197.39999389648438,5.2191948890686035,-200.0,0.0,-200.0,0.0,-200.0,0.0,-200.0,0.0
242,-200.0,0.0,-197.0,9.0,-200.0,0.0,-200.0,0.0,-200.0,0.0,-200.0,0.0
243,-200.0,0.0,-198.6999969482422,3.8999996185302734,-200.0,0.0,-192.0,24.0,-198.10000610351562,5.700000286102295,-200.0,0.0
244,-200.0,0.0,-193.0,21.0,-196.5,10.5,-200.0,0.0,-197.5,7.5,-194.6999969482422,15.90000057220459
245,-200.0,0.0,-198.1999969482422,5.400001049041748,-200.0,0.0,-200.0,0.0,-200.0,0.0,-196.3000030517578,11.09999942779541
246,-198.10000610351562,5.700000286102295,-194.6999969482422,15.900001525878906,-195.39999389648438,13.800000190734863,-200.0,0.0,-200.0,0.0,-200.0,0.0
247,-200.0,0.0,-184.39999389648438,33.29624938964844,-197.5,5.123475551605225,-200.0,0.0,-200.0,0.0,-189.3000030517578,32.100006103515625
248,-198.1999969482422,4.7707438468933105,-200.0,0.0,-200.0,0.0,-200.0,0.0,-200.0,0.0,-200.0,0.0
249,-196.5,10.5,-196.10000610351562,11.699999809265137,-200.0,0.0,-199.1999969482422,2.3999998569488525,-198.89999389648438,3.3000001907348633,-200.0,0.0
250,-200.0,0.0,-197.0,9.0,-200.0,0.0,-200.0,0.0,-191.39999389648438,17.664655685424805,-199.0,3.0
251,-190.3000030517578,29.099998474121094,-200.0,0.0,-200.0,0.0,-200.0,0.0,-190.6999969482422,23.332597732543945,-193.6999969482422,12.696850776672363
252,-200.0,0.0,-196.39999389648438,10.800000190734863,-200.0,0.0,-197.8000030517578,6.600000381469727,-186.39999389648438,32.072418212890625,-192.5,22.5
253,-197.60000610351562,7.199999809265137,-194.8000030517578,10.438390731811523,-193.8000030517578,13.511476516723633,-200.0,0.0,-200.0,0.0,-200.0,0.0
254,-200.0,0.0,-200.0,0.0,-199.8000030517578,0.5999999642372131,-195.60000610351562,13.200000762939453,-200.0,0.0,-200.0,0.0
255,-200.0,0.0,-194.60000610351562,16.200000762939453,-200.0,0.0,-200.0,0.0,-198.39999389648438,4.799999713897705,-200.0,0.0
256,-199.6999969482422,0.9000001549720764,-193.6999969482422,12.385879516601562,-194.3000030517578,17.100000381469727,-200.0,0.0,-198.1999969482422,5.400001049041748,-200.0,0.0
257,-200.0,0.0,-200.0,0.0,-197.8000030517578,6.600000381469727,-196.60000610351562,6.814690589904785,-200.0,0.0,-192.6999969482422,14.805742263793945
258,-195.60000610351562,13.199999809265137,-198.60000610351562,4.199999809265137,-200.0,0.0,-200.0,0.0,-191.8000030517578,17.554485321044922,-198.60000610351562,4.199999809265137
259,-200.0,0.0,-200.0,0.0,-198.89999389648438,3.3000001907348633,-200.0,0.0,-200.0,0.0,-191.60000610351562,25.19999885559082
260,-200.0,0.0,-200.0,0.0,-200.0,0.0,-190.10000610351562,16.996763229370117,-198.1999969482422,5.40000057220459,-196.6999969482422,9.899999618530273
261,-200.0,0.0,-189.10000610351562,32.69999694824219,-200.0,0.0,-200.0,0.0,-200.0,0.0,-200.0,0.0
262,-200.0,0.0,-196.39999389648438,10.800002098083496,-192.10000610351562,12.202049255371094,-193.5,13.001922607421875,-200.0,0.0,-200.0,0.0
263,-197.6999969482422,6.899999618530273,-193.89999389648438,18.299999237060547,-197.8000030517578,6.599999904632568,-200.0,0.0,-197.1999969482422,6.209670066833496,-190.89999389648438,19.175243377685547
264,-200.0,0.0,-196.3000030517578,11.09999942779541,-200.0,0.0,-200.0,0.0,-200.0,0.0,-194.1999969482422,11.634431838989258
265,-199.10000610351562,2.700000286102295,-200.0,0.0,-186.0,22.059011459350586,-200.0,0.0,-191.39999389648438,17.29277229309082,-197.5,7.5
266,-200.0,0.0,-200.0,0.0,-199.6999969482422,0.9000000357627869,-191.3000030517578,15.427573204040527,-200.0,0.0,-200.0,0.0
267,-187.6999969482422,30.548486709594727,-200.0,0.0,-184.10000610351562,23.40277671813965,-182.5,29.66226577758789,-193.6999969482422,18.899999618530273,-192.3000030517578,23.100000381469727
268,-200.0,0.0,-200.0,0.0,-200.0,0.0,-200.0,0.0,-198.8000030517578,2.4413111209869385,-193.89999389648438,10.387011528015137
269,-200.0,0.0,-190.0,30.0,-192.5,16.007810592651367,-200.0,0.0,-200.0,0.0,-200.0,0.0
270,-200.0,0.0,-189.5,31.5,-198.10000610351562,5.700000762939453,-200.0,0.0,-200.0,0.0,-200.0,0.0
271,-200.0,0.0,-200.0,0.0,-196.89999389648438,9.300000190734863,-199.6999969482422,0.9000001549720764,-200.0,0.0,-200.0,0.0
272,-196.8000030517578,9.600000381469727,-187.39999389648438,25.14040756225586,-199.6999969482422,0.9000000953674316,-200.0,0.0,-200.0,0.0,-190.1999969482422,29.399999618530273
273,-193.1999969482422,20.399999618530273,-200.0,0.0,-198.8000030517578,3.6000001430511475,-182.10000610351562,28.915220260620117,-200.0,0.0,-200.0,0.0
274,-198.5,4.5,-193.60000610351562,15.544774055480957,-200.0,0.0,-196.10000610351562,11.699999809265137,-199.1999969482422,2.3999998569488525,-200.0,0.0
275,-190.8000030517578,27.599998474121094,-200.0,0.0,-197.6999969482422,6.900000095367432,-197.8000030517578,5.6709794998168945,-200.0,0.0,-200.0,0.0
276,-200.0,0.0,-200.0,0.0,-200.0,0.0,-197.8000030517578,6.600000381469727,-200.0,0.0,-200.0,0.0
277,-198.5,4.5,-199.39999389648438,1.8000003099441528,-200.0,0.0,-200.0,0.0,-200.0,0.0,-196.3000030517578,11.100000381469727
278,-200.0,0.0,-192.39999389648438,15.304902076721191,-200.0,0.0,-200.0,0.0,-195.6999969482422,12.899998664855957,-200.0,0.0
279,-200.0,0.0,-194.1999969482422,17.400001525878906,-195.3000030517578,14.100000381469727,-200.0,0.0,-192.89999389648438,14.590750694274902,-199.8000030517578,0.5999999642372131
280,-197.39999389648438,7.799999713897705,-198.39999389648438,4.799999713897705,-192.0,24.0,-194.1999969482422,17.399999618530273,-195.39999389648438,10.650821685791016,-200.0,0.0
281,-200.0,0.0,-200.0,0.0,-200.0,0.0,-185.1999969482422,29.65400505065918,-196.3000030517578,11.09999942779541,-200.0,0.0
282,-200.0,0.0,-200.0,0.0,-200.0,0.0,-194.8000030517578,10.740577697753906,-191.3000030517578,24.795360565185547,-198.6999969482422,3.8999996185302734
283,-198.39999389648438,4.799999713897705,-200.0,0.0,-192.3000030517578,16.383222579956055,-183.89999389648438,27.908599853515625,-200.0,0.0,-198.5,4.5
284,-200.0,0.0,-200.0,0.0,-192.6999969482422,21.899999618530273,-192.8000030517578,21.599998474121094,-194.5,16.5,-194.0,18.0
285,-194.0,12.132600784301758,-190.1999969482422,13.962807655334473,-199.3000030517578,2.0999996662139893,-199.8000030517578,0.5999999642372131,-200.0,0.0,-200.0,0.0
286,-196.39999389648438,10.80000114440918,-200.0,0.0,-200.0,0.0,-193.39999389648438,14.609585762023926,-200.0,0.0,-200.0,0.0
287,-195.39999389648438,13.799999237060547,-200.0,0.0,-200.0,0.0,-192.10000610351562,23.699996948242188,-193.10000610351562,17.078933715820312,-200.0,0.0
288,-191.39999389648438,18.990524291992188,-191.89999389648438,24.299999237060547,-188.8000030517578,22.51133155822754,-187.6999969482422,26.750886917114258,-200.0,0.0,-183.8000030517578,33.087154388427734
289,-197.89999389648438,5.107837200164795,-193.1999969482422,15.39350414276123,-195.1999969482422,14.40000057220459,-197.5,7.5,-200.0,0.0,-200.0,0.0
290,-197.6999969482422,6.900000095367432,-200.0,0.0,-196.0,11.670475006103516,-200.0,0.0,-189.3000030517578,22.94362449645996,-200.0,0.0
291,-200.0,0.0,-200.0,0.0,-196.0,11.349008560180664,-194.1999969482422,17.400001525878906,-198.3000030517578,5.099999904632568,-193.10000610351562,20.69999885559082
292,-195.60000610351562,13.200000762939453,-200.0,0.0,-192.6999969482422,14.601712226867676,-200.0,0.0,-195.10000610351562,14.699999809265137,-199.60000610351562,1.1999999284744263
293,-200.0,0.0,-197.6999969482422,6.900000095367432,-195.10000610351562,14.70000171661377,-194.5,16.5,-200.0,0.0,-193.39999389648438,19.80000114440918
294,-182.0,29.31211280822754,-197.1999969482422,8.40000057220459,-200.0,0.0,-197.5,7.5,-199.89999389648438,0.30000001192092896,-192.3000030517578,15.440530776977539
295,-186.1999969482422,25.110952377319336,-195.1999969482422,14.40000057220459,-198.5,4.5,-197.10000610351562,5.906775951385498,-192.60000610351562,22.200000762939453,-185.1999969482422,22.79385757446289
296,-187.6999969482422,22.57897186279297,-198.8000030517578,3.6000001430511475,-195.0,8.89943790435791,-200.0,0.0,-200.0,0.0,-196.0,8.306623458862305
297,-200.0,0.0,-194.5,11.271645545959473,-199.5,1.5,-185.60000610351562,29.07988929748535,-198.5,4.5,-193.60000610351562,15.875768661499023
298,-200.0,0.0,-191.60000610351562,25.200000762939453,-200.0,0.0,-200.0,0.0,-191.60000610351562,25.19999885559082,-200.0,0.0
299,-199.89999389648438,0.30000004172325134,-178.8000030517578,29.372777938842773,-199.8000030517578,0.5999999642372131,-198.6999969482422,3.8999998569488525,-194.89999389648438,12.332475662231445,-192.0,20.317480087280273
300,-200.0,0.0,-189.39999389648438,21.86870002746582,-200.0,0.0,-199.6999969482422,0.9000000357627869,-196.89999389648438,9.300000190734863,-200.0,0.0
301,-196.1999969482422,11.40000057220459,-200.0,0.0,-197.8000030517578,6.2737555503845215,-192.6999969482422,16.1619930267334,-200.0,0.0,-193.0,13.47590446472168
302,-191.5,25.5,-200.0,0.0,-199.60000610351562,1.1999999284744263,-200.0,0.0,-200.0,0.0,-197.6999969482422,6.900000095367432
303,-200.0,0.0,-193.60000610351562,19.200000762939453,-198.89999389648438,3.299999952316284,-198.8000030517578,2.993326187133789,-200.0,0.0,-200.0,0.0
304,-197.0,9.0,-197.3000030517578,4.754997253417969,-184.1999969482422,32.21428298950195,-186.8000030517578,24.23138427734375,-193.3000030517578,20.099998474121094,-192.89999389648438,21.299999237060547
305,-200.0,0.0,-198.5,4.5,-190.0,22.48999786376953,-198.10000610351562,5.700000286102295,-200.0,0.0,-200.0,0.0
306,-198.6999969482422,3.8999993801116943,-193.3000030517578,16.75738525390625,-193.8000030517578,18.600000381469727,-195.3000030517578,10.315523147583008,-190.60000610351562,18.80531883239746,-194.1999969482422,17.400001525878906
307,-195.39999389648438,13.799999237060547,-200.0,0.0,-191.8000030517578,24.599998474121094,-188.1999969482422,26.50962257385254,-184.60000610351562,29.665468215942383,-194.1999969482422,17.400001525878906
308,-193.60000610351562,19.200000762939453,-193.60000610351562,19.200000762939453,-198.5,4.5,-200.0,0.0,-191.89999389648438,24.299997329711914,-190.39999389648438,20.3381404876709
309,-191.3000030517578,16.37101173400879,-200.0,0.0,-200.0,0.0,-199.3000030517578,2.0999999046325684,-193.89999389648438,18.299997329711914,-200.0,0.0
310,-191.5,24.840490341186523,-189.5,21.62059211730957,-195.3000030517578,9.613011360168457,-199.3000030517578,2.0999999046325684,-190.0,30.0,-200.0,0.0
311,-177.89999389648438,33.868717193603516,-200.0,0.0,-200.0,0.0,-187.60000610351562,24.44667625427246,-196.3000030517578,11.099998474121094,-194.8000030517578,12.139191627502441
312,-191.60000610351562,25.19999885559082,-195.1999969482422,14.40000057220459,-196.60000610351562,8.138794898986816,-196.5,10.5,-190.89999389648438,27.299999237060547,-197.0,9.0
313,-183.3000030517578,33.4605712890625,-191.39999389648438,18.30409812927246,-188.60000610351562,21.657331466674805,-189.5,21.256763458251953,-199.6999969482422,0.9000000357627869,-190.0,30.0
314,-186.3000030517578,33.60371398925781,-198.8000030517578,3.5999999046325684,-194.60000610351562,16.200000762939453,-196.5,10.5,-200.0,0.0,-185.60000610351562,29.09364128112793
315,-200.0,0.0,-195.60000610351562,13.200000762939453,-197.1999969482422,8.40000057220459,-200.0,0.0,-200.0,0.0,-184.5,28.723684310913086
316,-196.60000610351562,10.19999885559082,-196.3000030517578,11.09999942779541,-197.0,9.0,-200.0,0.0,-200.0,0.0,-200.0,0.0
317,-199.39999389648438,1.8000003099441528,-200.0,0.0,-184.39999389648438,31.73704719543457,-195.1999969482422,13.746272087097168,-198.10000610351562,5.700000286102295,-194.0,18.0
318,-194.60000610351562,8.0024995803833,-188.10000610351562,26.587404251098633,-199.3000030517578,2.0999999046325684,-193.0,21.0,-200.0,0.0,-191.8000030517578,24.600000381469727
319,-200.0,0.0,-199.60000610351562,1.1999999284744263,-187.1999969482422,25.603904724121094,-200.0,0.0,-200.0,0.0,-198.3000030517578,5.099999904632568
320,-199.5,1.5,-200.0,0.0,-192.10000610351562,23.699996948242188,-193.8000030517578,18.600000381469727,-192.0,24.0,-200.0,0.0
321,-200.0,0.0,-192.39999389648438,22.80000114440918,-192.3000030517578,15.440533638000488,-196.5,10.5,-194.0,13.971399307250977,-193.8000030517578,18.600000381469727
322,-195.6999969482422,12.899998664855957,-200.0,0.0,-182.1999969482422,27.308609008789062,-188.5,31.308944702148438,-184.8000030517578,32.39073944091797,-193.3000030517578,20.099998474121094
323,-182.6999969482422,27.680498123168945,-189.39999389648438,24.678739547729492,-200.0,0.0,-195.39999389648438,13.800000190734863,-200.0,0.0,-196.39999389648438,10.800002098083496
324,-200.0,0.0,-193.89999389648438,18.299999237060547,-199.3000030517578,2.0999996662139893,-197.8000030517578,6.600000858306885,-180.1999969482422,27.469253540039062,-195.60000610351562,13.200000762939453
325,-191.10000610351562,26.700000762939453,-183.3000030517578,31.292329788208008,-200.0,0.0,-200.0,0.0,-198.60000610351562,3.878143072128296,-194.5,16.169416427612305
326,-188.1999969482422,21.027599334716797,-200.0,0.0,-200.0,0.0,-200.0,0.0,-190.3000030517578,29.099998474121094,-200.0,0.0
327,-200.0,0.0,-194.8000030517578,15.600001335144043,-190.89999389648438,19.99224853515625,-200.0,0.0,-188.5,31.00725746154785,-198.0,6.0
328,-189.3000030517578,21.909128189086914,-186.89999389648438,23.010652542114258,-197.3000030517578,8.100000381469727,-194.8000030517578,15.60000228881836,-200.0,0.0,-180.3000030517578,30.522287368774414
329,-199.39999389648438,1.8000003099441528,-200.0,0.0,-187.5,24.49183464050293,-192.0,24.0,-199.0,3.0,-200.0,0.0
330,-200.0,0.0,-195.6999969482422,12.90000057220459,-167.89999389648438,40.40903091430664,-181.89999389648438,28.06581687927246,-200.0,0.0,-184.10000610351562,30.63804817199707
331,-195.89999389648438,12.300000190734863,-188.5,23.474454879760742,-192.10000610351562,23.69999885559082,-193.1999969482422,14.971973419189453,-193.0,21.0,-200.0,0.0
332,-192.3000030517578,16.131027221679688,-195.60000610351562,11.629274368286133,-190.39999389648438,21.18112564086914,-198.1999969482422,5.40000057220459,-185.60000610351562,25.675668716430664,-192.89999389648438,17.403736114501953
333,-192.8000030517578,21.599998474121094,-200.0,0.0,-200.0,0.0,-199.39999389648438,1.8000000715255737,-198.6999969482422,3.8999996185302734,-194.60000610351562,16.200000762939453
334,-198.1999969482422,5.40000057220459,-200.0,0.0,-192.0,19.021039962768555,-177.0,35.580894470214844,-186.5,27.405290603637695,-187.6999969482422,24.964174270629883
335,-200.0,0.0,-197.60000610351562,7.200000286102295,-190.10000610351562,29.69999885559082,-186.0,27.125633239746094,-190.3000030517578,24.24066734313965,-193.3000030517578,20.100000381469727
336,-193.39999389648438,19.80000114440918,-187.8000030517578,25.190473556518555,-197.6999969482422,6.899999618530273,-188.1999969482422,23.667699813842773,-200.0,0.0,-190.89999389648438,27.299999237060547
337,-199.5,1.5,-193.10000610351562,20.69999885559082,-194.8000030517578,14.627371788024902,-199.1999969482422,2.3999996185302734,-192.5,22.5,-188.5,23.474454879760742
338,-200.0,0.0,-191.5,20.47071075439453,-187.0,27.35324478149414,-200.0,0.0,-200.0,0.0,-196.60000610351562,10.199999809265137
339,-197.60000610351562,5.122499465942383,-200.0,0.0,-194.60000610351562,16.200000762939453,-192.89999389648438,21.30000114440918,-198.89999389648438,3.299999952316284,-200.0,0.0
340,-193.89999389648438,18.299999237060547,-192.6999969482422,14.805742263793945,-177.39999389648438,35.997779846191406,-200.0,0.0,-194.6999969482422,15.569520950317383,-195.6999969482422,12.899999618530273
341,-191.1999969482422,26.399999618530273,-197.8000030517578,5.153639793395996,-194.6999969482422,15.90000057220459,-200.0,0.0,-200.0,0.0,-194.3000030517578,17.100000381469727
342,-199.5,1.5,-200.0,0.0,-192.8000030517578,21.268754959106445,-194.89999389648438,11.049433708190918,-193.8000030517578,15.28921127319336,-192.0,24.0
343,-200.0,0.0,-200.0,0.0,-182.3000030517578,31.849803924560547,-199.60000610351562,1.1999999284744263,-200.0,0.0,-184.39999389648438,31.280027389526367
344,-192.5,22.5,-198.60000610351562,4.1999993324279785,-193.60000610351562,19.200000762939453,-193.6999969482422,18.89999771118164,-189.5,31.5,-191.39999389648438,18.990524291992188
345,-187.0,26.642072677612305,-188.5,22.694713592529297,-200.0,0.0,-186.5,27.767786026000977,-191.10000610351562,26.700000762939453,-197.39999389648438,7.799999237060547
346,-195.8000030517578,12.600001335144043,-186.1999969482422,25.242027282714844,-190.89999389648438,25.363161087036133,-200.0,0.0,-191.10000610351562,18.035797119140625,-200.0,0.0
347,-200.0,0.0,-192.0,24.0,-192.5,22.5,-200.0,0.0,-198.89999389648438,3.3000001907348633,-196.10000610351562,10.73731803894043
348,-194.39999389648438,16.80000114440918,-200.0,0.0,-197.6999969482422,6.900000095367432,-194.89999389648438,15.299999237060547,-186.39999389648438,20.254383087158203,-187.10000610351562,27.85839080810547
349,-200.0,0.0,-199.1999969482422,2.3999998569488525,-191.39999389648438,17.568153381347656,-191.39999389648438,23.55928611755371,-192.6999969482422,21.899999618530273,-200.0,0.0
350,-194.8000030517578,10.998180389404297,-190.0,21.908903121948242,-200.0,0.0,-200.0,0.0,-177.1999969482422,35.56346130371094,-193.5,15.409412384033203
351,-196.39999389648438,10.800000190734863,-200.0,0.0,-190.3000030517578,19.960208892822266,-198.89999389648438,3.299999952316284,-192.5,20.274368286132812,-185.1999969482422,26.675081253051758
352,-200.0,0.0,-200.0,0.0,-194.6999969482422,15.900001525878906,-199.89999389648438,0.30000004172325134,-198.3000030517578,5.099999904632568,-191.60000610351562,22.961708068847656
353,-200.0,0.0,-192.3000030517578,23.100000381469727,-190.8000030517578,17.203487396240234,-199.3000030517578,2.0999999046325684,-183.8000030517578,31.03159523010254,-200.0,0.0
354,-191.89999389648438,24.299997329711914,-200.0,0.0,-195.8000030517578,12.600000381469727,-195.89999389648438,12.300000190734863,-197.6999969482422,6.899999618530273,-191.3000030517578,19.6674861907959
355,-191.3000030517578,21.835979461669922,-199.3000030517578,2.0999999046325684,-199.10000610351562,2.700000286102295,-193.3000030517578,20.099998474121094,-195.6999969482422,12.899998664855957,-199.3000030517578,2.0999996662139893
356,-200.0,0.0,-191.6999969482422,24.899999618530273,-200.0,0.0,-200.0,0.0,-184.0,32.01249694824219,-187.3000030517578,29.71885108947754
357,-186.3000030517578,21.161521911621094,-197.39999389648438,5.85149621963501,-194.5,16.5,-189.89999389648438,22.56745719909668,-200.0,0.0,-200.0,0.0
358,-195.5,9.769851684570312,-189.1999969482422,22.32845687866211,-200.0,0.0,-189.1999969482422,21.8942928314209,-192.8000030517578,21.599998474121094,-198.39999389648438,4.799999713897705
359,-200.0,0.0,-200.0,0.0,-191.89999389648438,16.866830825805664,-200.0,0.0,-194.10000610351562,17.699996948242188,-191.6999969482422,21.4851131439209
360,-199.0,3.0,-196.0,11.349008560180664,-191.89999389648438,16.5435791015625,-194.6999969482422,15.90000057220459,-199.1999969482422,2.3999996185302734,-198.3000030517578,5.099999904632568
361,-200.0,0.0,-192.8000030517578,21.268754959106445,-189.60000610351562,23.829389572143555,-200.0,0.0,-192.0,24.0,-191.6999969482422,24.899999618530273
362,-200.0,0.0,-198.39999389648438,3.168595790863037,-190.60000610351562,18.205493927001953,-199.89999389648438,0.30000004172325134,-192.60000610351562,22.19999885559082,-193.3000030517578,20.099998474121094
363,-190.1999969482422,21.930801391601562,-180.1999969482422,39.804019927978516,-196.8000030517578,9.600000381469727,-200.0,0.0,-195.89999389648438,12.300000190734863,-196.1999969482422,11.400001525878906
364,-193.39999389648438,16.46329116821289,-191.0,27.0,-181.8000030517578,32.239105224609375,-200.0,0.0,-194.3000030517578,17.100000381469727,-200.0,0.0
365,-200.0,0.0,-194.1999969482422,13.399999618530273,-194.6999969482422,15.900001525878906,-196.89999389648438,9.300000190734863,-200.0,0.0,-197.89999389648438,6.300000190734863
366,-188.1999969482422,18.685823440551758,-188.3000030517578,20.804086685180664,-200.0,0.0,-198.89999389648438,3.299999952316284,-183.89999389648438,32.23802185058594,-192.5,15.59006118774414
367,-191.39999389648438,25.799999237060547,-200.0,0.0,-196.5,10.5,-200.0,0.0,-194.3000030517578,17.100000381469727,-199.1999969482422,2.3999998569488525
368,-191.1999969482422,17.74147605895996,-189.10000610351562,23.269939422607422,-191.3000030517578,26.100000381469727,-194.89999389648438,14.969635009765625,-200.0,0.0,-200.0,0.0
369,-195.89999389648438,12.300000190734863,-176.6999969482422,31.106430053710938,-196.3000030517578,11.099998474121094,-200.0,0.0,-199.0,3.0,-197.39999389648438,7.799999713897705
370,-187.1999969482422,30.39670753479004,-190.89999389648438,27.299999237060547,-196.89999389648438,9.300000190734863,-188.8000030517578,21.212261199951172,-191.1999969482422,23.258546829223633,-193.89999389648438,18.299999237060547
371,-186.89999389648438,26.4138240814209,-193.3000030517578,20.099998474121094,-182.60000610351562,26.51490020751953,-193.3000030517578,20.099998474121094,-193.60000610351562,19.200000762939453,-200.0,0.0
372,-188.89999389648438,27.555217742919922,-191.1999969482422,26.39999771118164,-194.39999389648438,12.419340133666992,-175.89999389648438,36.82512664794922,-198.5,4.5,-200.0,0.0
373,-188.60000610351562,23.324665069580078,-192.39999389648438,22.80000114440918,-190.5,22.39307975769043,-193.1999969482422,12.375782012939453,-193.3000030517578,18.493511199951172,-194.60000610351562,16.200000762939453
374,-196.8000030517578,9.600000381469727,-191.5,23.260480880737305,-200.0,0.0,-196.1999969482422,11.40000057220459,-185.60000610351562,28.855501174926758,-199.1999969482422,2.3999998569488525
375,-197.10000610351562,6.300000190734863,-193.6999969482422,15.849602699279785,-189.10000610351562,19.27926254272461,-196.89999389648438,9.300000190734863,-197.8000030517578,6.599999904632568,-196.1999969482422,11.400001525878906
376,-198.60000610351562,4.1999993324279785,-189.6999969482422,20.69806671142578,-200.0,0.0,-192.6999969482422,21.899999618530273,-194.10000610351562,17.69999885559082,-192.3000030517578,23.100000381469727
377,-172.0,41.73008346557617,-194.60000610351562,11.377168655395508,-194.89999389648438,10.606128692626953,-200.0,0.0,-195.89999389648438,12.300000190734863,-200.0,0.0
378,-192.8000030517578,19.68146324157715,-189.3000030517578,21.471141815185547,-200.0,0.0,-192.39999389648438,22.80000114440918,-200.0,0.0,-189.8000030517578,16.9162654876709
379,-196.5,5.818075180053711,-185.60000610351562,25.950721740722656,-182.89999389648438,34.244564056396484,-199.60000610351562,1.1999999284744263,-187.6999969482422,26.750886917114258,-200.0,0.0
380,-193.6999969482422,14.380890846252441,-182.6999969482422,24.27364730834961,-184.3000030517578,26.951995849609375,-195.0,10.0,-192.1999969482422,23.399999618530273,-192.89999389648438,21.30000114440918
381,-189.6999969482422,20.601213455200195,-190.6999969482422,20.736682891845703,-193.89999389648438,18.299999237060547,-192.10000610351562,19.750696182250977,-193.39999389648438,19.80000114440918,-198.89999389648438,3.3000001907348633
382,-200.0,0.0,-192.10000610351562,23.699996948242188,-199.10000610351562,2.700000286102295,-187.8000030517578,24.600000381469727,-185.60000610351562,29.786571502685547,-189.1999969482422,22.05810546875
383,-192.3000030517578,23.100000381469727,-186.39999389648438,27.29175567626953,-192.8000030517578,21.268754959106445,-191.8000030517578,23.616941452026367,-199.39999389648438,1.8000001907348633,-193.60000610351562,19.200000762939453
384,-200.0,0.0,-197.10000610351562,8.700000762939453,-193.5,13.980342864990234,-192.39999389648438,22.80000114440918,-185.5,29.042211532592773,-188.3000030517578,24.0584716796875
385,-200.0,0.0,-197.1999969482422,5.617828369140625,-200.0,0.0,-200.0,0.0,-186.5,28.06866455078125,-200.0,0.0
386,-196.1999969482422,11.40000057220459,-191.8000030517578,24.600000381469727,-196.6999969482422,9.899999618530273,-196.6999969482422,9.90000057220459,-200.0,0.0,-200.0,0.0
387,-197.6999969482422,6.900000095367432,-200.0,0.0,-193.6999969482422,18.899999618530273,-189.5,21.001190185546875,-187.89999389648438,21.153959274291992,-200.0,0.0
388,-194.5,16.5,-196.60000610351562,10.199999809265137,-198.39999389648438,4.799999237060547,-188.60000610351562,22.668039321899414,-200.0,0.0,-184.89999389648438,26.277177810668945
389,-200.0,0.0,-198.89999389648438,2.4677927494049072,-200.0,0.0,-189.5,21.841474533081055,-200.0,0.0,-185.0,30.053285598754883
390,-200.0,0.0,-193.39999389648438,18.821264266967773,-196.3000030517578,11.09999942779541,-196.8000030517578,7.8076887130737305,-194.89999389648438,15.29999828338623,-200.0,0.0
391,-197.6999969482422,6.899999618530273,-196.5,7.032069683074951,-197.60000610351562,7.199999809265137,-193.5,18.842769622802734,-187.1999969482422,25.66242218017578,-193.39999389648438,19.799999237060547
392,-193.5,19.5,-194.1999969482422,17.399999618530273,-200.0,0.0,-188.0,19.2924861907959,-196.8000030517578,9.600000381469727,-196.5,10.5
393,-187.0,23.723405838012695,-200.0,0.0,-198.10000610351562,5.700000286102295,-185.6999969482422,29.900001525878906,-186.10000610351562,27.87274742126465,-192.3000030517578,23.100000381469727
394,-200.0,0.0,-183.5,23.01412582397461,-197.60000610351562,7.200000286102295,-200.0,0.0,-189.60000610351562,21.772457122802734,-197.60000610351562,7.200000286102295
395,-192.3000030517578,23.100000381469727,-193.6999969482422,12.617844581604004,-194.3000030517578,11.95867919921875,-197.89999389648438,6.3000006675720215,-191.8000030517578,23.940757751464844,-193.60000610351562,19.200000762939453
396,-200.0,0.0,-184.6999969482422,30.783273696899414,-184.3000030517578,31.46442413330078,-196.60000610351562,10.19999885559082,-198.10000610351562,4.52658748626709,-196.89999389648438,9.300000190734863
397,-196.3000030517578,11.09999942779541,-197.5,7.5,-186.10000610351562,24.716188430786133,-188.6999969482422,24.560333251953125,-199.89999389648438,0.30000001192092896,-199.39999389648438,1.8000001907348633
398,-191.10000610351562,18.11325454711914,-195.1999969482422,14.40000057220459,-196.10000610351562,7.955501556396484,-200.0,0.0,-198.1999969482422,5.40000057220459,-190.89999389648438,17.46109962463379
399,-186.0,28.032123565673828,-196.5,10.5,-186.89999389648438,26.246713638305664,-192.1999969482422,23.39999771118164,-189.0,33.0,-200.0,0.0
400,-200.0,0.0,-200.0,0.0,-192.0,16.006248474121094,-194.3000030517578,17.100000381469727,-197.3000030517578,8.100000381469727,-200.0,0.0
401,-194.39999389648438,9.18912410736084,-189.39999389648438,18.842504501342773,-191.6999969482422,24.900001525878906,-191.39999389648438,17.205812454223633,-190.0,20.4939022064209,-198.89999389648438,3.3000001907348633
402,-183.89999389648438,24.77276611328125,-193.5,19.5,-200.0,0.0,-177.89999389648438,33.76225662231445,-200.0,0.0,-200.0,0.0
403,-184.8000030517578,30.429590225219727,-189.89999389648438,30.29999542236328,-192.1999969482422,23.39999771118164,-184.89999389648438,30.266977310180664,-200.0,0.0,-198.10000610351562,5.700000762939453
404,-197.39999389648438,7.799999713897705,-194.3000030517578,17.100000381469727,-190.3000030517578,17.955778121948242,-176.3000030517578,30.496065139770508,-194.3000030517578,12.165936470031738,-198.1999969482422,3.6000001430511475
405,-193.10000610351562,18.484859466552734,-199.6999969482422,0.9000001549720764,-193.0,21.0,-193.10000610351562,15.062868118286133,-198.60000610351562,4.1999993324279785,-198.89999389648438,3.3000001907348633
406,-183.8000030517578,32.4123420715332,-186.5,27.156030654907227,-196.5,10.5,-194.8000030517578,15.60000228881836,-200.0,0.0,-190.10000610351562,21.13031005859375
407,-188.8000030517578,23.515100479125977,-188.0,24.0374698638916,-200.0,0.0,-200.0,0.0,-198.1999969482422,5.40000057220459,-191.39999389648438,17.568153381347656
408,-195.60000610351562,13.20000171661377,-191.8000030517578,15.289212226867676,-188.10000610351562,22.70880889892578,-200.0,0.0,-193.60000610351562,19.200000762939453,-197.1999969482422,8.40000057220459
409,-200.0,0.0,-200.0,0.0,-195.8000030517578,12.600001335144043,-196.60000610351562,10.199999809265137,-200.0,0.0,-200.0,0.0
410,-188.5,21.45343780517578,-197.5,7.5,-197.0,6.260990619659424,-198.8000030517578,3.6000001430511475,-200.0,0.0,-196.6999969482422,9.899999618530273
411,-194.39999389648438,11.901261329650879,-193.10000610351562,17.902233123779297,-200.0,0.0,-195.39999389648438,11.128342628479004,-199.89999389648438,0.30000004172325134,-197.1999969482422,8.40000057220459
412,-196.10000610351562,10.435036659240723,-193.3000030517578,14.69727897644043,-194.0,13.747727394104004,-187.39999389648438,25.519405364990234,-200.0,0.0,-189.39999389648438,17.18836784362793
413,-199.5,1.5,-195.60000610351562,13.20000171661377,-194.10000610351562,17.69999885559082,-179.8000030517578,32.929622650146484,-195.89999389648438,12.300000190734863,-191.6999969482422,24.899999618530273
414,-195.39999389648438,9.199999809265137,-200.0,0.0,-195.89999389648438,9.679359436035156,-185.6999969482422,28.74734878540039,-195.3000030517578,9.40265941619873,-190.0,20.82306480407715
415,-194.60000610351562,16.200000762939453,-188.5,34.5,-193.1999969482422,13.955642700195312,-185.6999969482422,31.311498641967773,-185.39999389648438,33.13064956665039,-200.0,0.0
416,-200.0,0.0,-195.1999969482422,14.40000057220459,-193.10000610351562,14.102835655212402,-189.5,31.5,-196.8000030517578,6.630234241485596,-197.89999389648438,6.300000190734863
417,-197.5,7.5,-194.10000610351562,17.69999885559082,-184.8000030517578,18.438003540039062,-194.10000610351562,15.221363067626953,-200.0,0.0,-197.3000030517578,8.100000381469727
418,-191.6999969482422,21.204010009765625,-200.0,0.0,-200.0,0.0,-200.0,0.0,-195.3000030517578,14.100000381469727,-197.10000610351562,8.699999809265137
419,-198.89999389648438,3.299999952316284,-182.8000030517578,29.61013412475586,-186.0,21.540658950805664,-196.0,12.0,-200.0,0.0,-193.89999389648438,18.299999237060547
420,-200.0,0.0,-195.6999969482422,7.874643802642822,-200.0,0.0,-195.39999389648438,9.21086311340332,-200.0,0.0,-190.0,17.498571395874023
421,-192.60000610351562,17.065757751464844,-192.39999389648438,15.304901123046875,-200.0,0.0,-198.89999389648438,3.3000001907348633,-196.89999389648438,9.300000190734863,-193.1999969482422,20.399999618530273
422,-200.0,0.0,-190.5,19.37653160095215,-193.39999389648438,12.330450057983398,-191.8000030517578,22.06263542175293,-196.10000610351562,11.699999809265137,-194.60000610351562,10.947145462036133
423,-191.1999969482422,17.74147605895996,-200.0,0.0,-200.0,0.0,-195.8000030517578,12.600000381469727,-199.5,1.5,-200.0,0.0
424,-195.1999969482422,14.40000057220459,-198.39999389648438,3.3226497173309326,-190.8000030517578,18.935680389404297,-199.1999969482422,2.3999996185302734,-200.0,0.0,-200.0,0.0
425,-194.5,16.5,-195.8000030517578,9.734474182128906,-194.6999969482422,15.900001525878906,-200.0,0.0,-200.0,0.0,-199.60000610351562,1.1999999284744263
426,-200.0,0.0,-187.89999389648438,26.94605827331543,-196.60000610351562,8.94650650024414,-197.89999389648438,6.300000190734863,-199.0,3.0,-189.39999389648438,23.56353187561035
427,-192.10000610351562,15.801582336425781,-200.0,0.0,-195.10000610351562,10.103960037231445,-194.60000610351562,16.200000762939453,-193.6999969482422,13.130499839782715,-200.0,0.0
428,-199.5,1.5,-190.5,24.196073532104492,-200.0,0.0,-197.3000030517578,5.622276782989502,-188.6999969482422,25.518815994262695,-199.10000610351562,2.700000286102295
429,-197.1999969482422,8.40000057220459,-186.8000030517578,21.93535804748535,-196.0,8.0,-195.89999389648438,12.300000190734863,-199.60000610351562,1.1999999284744263,-185.8000030517578,29.081954956054688
430,-196.8000030517578,9.600000381469727,-195.39999389648438,13.799999237060547,-200.0,0.0,-190.1999969482422,29.399999618530273,-198.5,4.5,-196.60000610351562,10.199999809265137
431,-194.89999389648438,15.299999237060547,-197.39999389648438,7.799999237060547,-199.5,1.5,-200.0,0.0,-200.0,0.0,-192.0,17.61249542236328
432,-200.0,0.0,-185.60000610351562,19.006315231323242,-200.0,0.0,-197.8000030517578,6.599999904632568,-187.8000030517578,19.38452911376953,-200.0,0.0
433,-197.3000030517578,8.100000381469727,-193.39999389648438,15.01465892791748,-180.6999969482422,27.691335678100586,-195.0,14.028542518615723,-190.89999389648438,23.85979652404785,-189.60000610351562,21.854976654052734
434,-190.39999389648438,17.539669036865234,-200.0,0.0,-178.60000610351562,32.73896789550781,-198.1999969482422,5.40000057220459,-198.89999389648438,3.299999952316284,-199.89999389648438,0.30000001192092896
435,-200.0,0.0,-195.8000030517578,8.506467819213867,-198.0,5.079370021820068,-183.39999389648438,31.525230407714844,-193.10000610351562,20.69999885559082,-187.10000610351562,21.41238021850586
436,-198.5,4.5,-198.6999969482422,3.8999996185302734,-180.0,34.28118896484375,-200.0,0.0,-192.39999389648438,20.274120330810547,-187.60000610351562,27.255088806152344
437,-198.39999389648438,4.799999237060547,-190.8000030517578,22.51133155822754,-186.5,28.373403549194336,-200.0,0.0,-196.60000610351562,10.199999809265137,-200.0,0.0
438,-196.8000030517578,9.600000381469727,-190.89999389648438,14.31397819519043,-195.6999969482422,12.899998664855957,-195.60000610351562,13.200000762939453,-198.3000030517578,3.7429935932159424,-188.1999969482422,23.616945266723633
439,-199.3000030517578,2.0999999046325684,-198.5,4.5,-184.0,32.028114318847656,-195.39999389648438,13.799999237060547,-181.89999389648438,22.620567321777344,-180.60000610351562,32.1253776550293
440,-199.89999389648438,0.30000001192092896,-198.1999969482422,5.400001049041748,-198.0,6.0,-200.0,0.0,-182.1999969482422,31.185894012451172,-192.0,24.0
441,-199.3000030517578,2.0999996662139893,-192.1999969482422,17.554487228393555,-194.89999389648438,15.29999828338623,-186.8000030517578,30.691370010375977,-200.0,0.0,-200.0,0.0
442,-187.1999969482422,25.790695190429688,-194.10000610351562,17.699996948242188,-194.10000610351562,17.69999885559082,-200.0,0.0,-198.1999969482422,5.40000057220459,-185.3000030517578,24.746919631958008
443,-189.10000610351562,20.748254776000977,-184.6999969482422,31.5849609375,-194.1999969482422,12.432214736938477,-195.3000030517578,10.714942932128906,-193.60000610351562,14.249211311340332,-191.60000610351562,25.200002670288086
444,-196.6999969482422,9.90000057220459,-198.1999969482422,5.400000095367432,-192.1999969482422,12.023311614990234,-197.6999969482422,6.900000095367432,-200.0,0.0,-197.60000610351562,7.200000286102295
445,-196.3000030517578,11.099998474121094,-195.3000030517578,14.100000381469727,-200.0,0.0,-200.0,0.0,-200.0,0.0,-182.89999389648438,30.575971603393555
446,-197.89999389648438,6.3000006675720215,-195.6999969482422,12.90000057220459,-192.0,16.876018524169922,-192.8000030517578,21.600000381469727,-200.0,0.0,-188.8000030517578,33.599998474121094
447,-192.89999389648438,14.286005973815918,-196.0,12.0,-200.0,0.0,-193.5,19.5,-198.6999969482422,3.579106092453003,-195.8000030517578,12.600001335144043
448,-200.0,0.0,-194.1999969482422,12.59999942779541,-194.39999389648438,16.80000114440918,-196.6999969482422,9.90000057220459,-183.39999389648438,34.50275802612305,-194.1999969482422,17.399999618530273
449,-189.8000030517578,30.600000381469727,-194.89999389648438,10.396634101867676,-193.8000030517578,12.528367042541504,-191.89999389648438,24.299999237060547,-200.0,0.0,-187.3000030517578,30.685665130615234
450,-196.1999969482422,11.400001525878906,-196.6999969482422,9.899999618530273,-197.89999389648438,6.3000006675720215,-194.8000030517578,15.600000381469727,-187.60000610351562,24.816123962402344,-197.3000030517578,8.100000381469727
451,-195.89999389648438,12.300000190734863,-193.60000610351562,19.200000762939453,-199.0,3.0,-192.6999969482422,21.899999618530273,-189.1999969482422,18.589244842529297,-200.0,0.0
452,-191.60000610351562,14.086873054504395,-199.0,3.0,-196.8000030517578,7.807689189910889,-200.0,0.0,-198.0,6.0,-200.0,0.0
453,-200.0,0.0,-200.0,0.0,-192.10000610351562,16.615955352783203,-190.3000030517578,20.755962371826172,-193.60000610351562,14.249211311340332,-200.0,0.0
454,-194.1999969482422,17.400001525878906,-194.5,11.271645545959473,-197.1999969482422,8.40000057220459,-189.39999389648438,21.18584632873535,-196.6999969482422,9.899999618530273,-191.89999389648438,15.99030876159668
455,-197.6999969482422,6.899999618530273,-197.39999389648438,7.799999713897705,-184.89999389648438,24.299999237060547,-193.3000030517578,15.748332977294922,-197.1999969482422,7.453858375549316,-196.39999389648438,10.80000114440918
456,-199.60000610351562,1.1999999284744263,-185.0,26.431041717529297,-200.0,0.0,-200.0,0.0,-198.1999969482422,5.40000057220459,-178.10000610351562,33.57811737060547
457,-197.5,7.5,-187.89999389648438,15.32612133026123,-200.0,0.0,-194.1999969482422,17.400001525878906,-189.1999969482422,32.39999771118164,-200.0,0.0
458,-179.1999969482422,28.676820755004883,-196.1999969482422,11.400001525878906,-195.0,15.0,-200.0,0.0,-200.0,0.0,-194.10000610351562,11.970380783081055
459,-197.10000610351562,8.700000762939453,-194.1999969482422,12.014991760253906,-200.0,0.0,-198.60000610351562,4.1999993324279785,-193.0,21.0,-193.10000610351562,20.69999885559082
460,-190.6999969482422,19.42189598083496,-190.0,20.179197311401367,-193.8000030517578,18.600000381469727,-196.10000610351562,11.69999885559082,-192.6999969482422,21.899999618530273,-191.0,15.033296585083008
461,-196.0,12.0,-195.5,13.5,-198.3000030517578,5.09999942779541,-192.0,16.876018524169922,-196.1999969482422,11.400001525878906,-189.1999969482422,23.869647979736328
462,-185.6999969482422,21.991134643554688,-188.89999389648438,22.691184997558594,-200.0,0.0,-192.0,24.0,-199.1999969482422,2.3999998569488525,-194.39999389648438,13.055268287658691
463,-200.0,0.0,-193.89999389648438,18.299999237060547,-190.6999969482422,18.708553314208984,-195.8000030517578,12.600000381469727,-196.5,10.5,-189.39999389648438,23.009565353393555
464,-193.5,13.001922607421875,-188.39999389648438,23.268863677978516,-196.8000030517578,9.600000381469727,-192.8000030517578,21.599998474121094,-200.0,0.0,-189.89999389648438,25.418302536010742
465,-194.10000610351562,14.159449577331543,-196.89999389648438,9.300000190734863,-195.3000030517578,9.466256141662598,-200.0,0.0,-197.5,7.5,-182.60000610351562,31.087617874145508
466,-200.0,0.0,-186.1999969482422,31.08955192565918,-196.39999389648438,10.800000190734863,-191.1999969482422,16.886680603027344,-200.0,0.0,-190.6999969482422,19.18358612060547
467,-194.8000030517578,13.1514253616333,-197.60000610351562,7.200000286102295,-190.8000030517578,18.405431747436523,-200.0,0.0,-196.3000030517578,11.099998474121094,-197.39999389648438,7.799999237060547
468,-197.39999389648438,7.799998760223389,-189.60000610351562,16.505756378173828,-186.10000610351562,22.87116050720215,-200.0,0.0,-197.6999969482422,5.441506862640381,-196.60000610351562,10.199999809265137
469,-195.5,10.365809440612793,-200.0,0.0,-200.0,0.0,-200.0,0.0,-194.8000030517578,15.60000228881836,-194.8000030517578,13.680643081665039
470,-198.60000610351562,4.199999809265137,-200.0,0.0,-194.8000030517578,15.600001335144043,-193.60000610351562,14.664243698120117,-187.1999969482422,25.84878921508789,-197.60000610351562,6.8731369972229
471,-198.39999389648438,4.799999713897705,-198.3000030517578,5.09999942779541,-195.1999969482422,12.528367042541504,-200.0,0.0,-200.0,0.0,-189.10000610351562,21.412382125854492
472,-197.8000030517578,6.599999904632568,-195.60000610351562,13.20000171661377,-194.39999389648438,16.80000114440918,-195.0,10.158740043640137,-181.8000030517578,32.88099670410156,-195.89999389648438,8.443341255187988
473,-197.5,7.5,-191.3000030517578,17.412927627563477,-189.3000030517578,23.64761734008789,-199.3000030517578,2.0999996662139893,-196.10000610351562,11.699999809265137,-191.89999389648438,16.213882446289062
474,-197.60000610351562,7.200000286102295,-189.10000610351562,28.630229949951172,-194.10000610351562,11.802119255065918,-186.5,25.87373161315918,-195.6999969482422,12.247856140136719,-200.0,0.0
475,-195.89999389648438,8.203048706054688,-197.60000610351562,7.199999809265137,-191.6999969482422,17.135053634643555,-200.0,0.0,-198.3000030517578,5.099999904632568,-194.5,16.5
476,-200.0,0.0,-198.60000610351562,4.1999993324279785,-194.5,16.5,-198.3000030517578,5.099999904632568,-196.39999389648438,10.80000114440918,-185.3000030517578,25.000198364257812
477,-200.0,0.0,-197.6999969482422,6.899999618530273,-196.60000610351562,10.19999885559082,-188.89999389648438,22.602874755859375,-194.3000030517578,17.100000381469727,-199.8000030517578,0.5999999642372131
478,-200.0,0.0,-200.0,0.0,-187.89999389648438,19.962215423583984,-200.0,0.0,-199.89999389648438,0.30000004172325134,-189.3000030517578,22.49466323852539
479,-196.10000610351562,11.69999885559082,-186.8000030517578,18.781906127929688,-188.0,20.292856216430664,-200.0,0.0,-194.5,16.5,-187.1999969482422,27.268293380737305
480,-200.0,0.0,-194.89999389648438,14.3279447555542,-196.3000030517578,11.099998474121094,-193.5,18.205768585205078,-193.0,13.520355224609375,-199.3000030517578,2.0999996662139893
481,-196.6999969482422,8.36719799041748,-193.6999969482422,13.446561813354492,-197.5,7.5,-200.0,0.0,-196.89999389648438,9.300000190734863,-195.89999389648438,12.300000190734863
482,-188.39999389648438,21.355091094970703,-181.39999389648438,31.65185546875,-193.89999389648438,18.299999237060547,-189.39999389648438,22.521991729736328,-200.0,0.0,-195.39999389648438,9.583317756652832
483,-197.39999389648438,7.799999237060547,-190.60000610351562,22.343679428100586,-195.10000610351562,14.70000171661377,-196.6999969482422,9.899999618530273,-193.39999389648438,17.590906143188477,-188.89999389648438,22.893009185791016
484,-193.3000030517578,20.100000381469727,-196.8000030517578,8.95321273803711,-192.39999389648438,15.259095191955566,-197.6999969482422,6.899999618530273,-198.0,6.0,-200.0,0.0
485,-199.89999389648438,0.30000001192092896,-199.10000610351562,2.700000047683716,-193.1999969482422,12.262136459350586,-189.1999969482422,26.65258026123047,-191.39999389648438,15.447978973388672,-183.5,22.051076889038086
486,-190.10000610351562,29.69999885559082,-200.0,0.0,-185.3000030517578,23.883256912231445,-189.1999969482422,32.400001525878906,-194.5,11.020435333251953,-195.1999969482422,10.409610748291016
487,-193.39999389648438,19.799999237060547,-190.8000030517578,27.600000381469727,-200.0,0.0,-197.6999969482422,6.899999618530273,-185.1999969482422,31.336240768432617,-190.39999389648438,28.80000114440918
488,-188.1999969482422,24.41638946533203,-192.6999969482422,19.67765235900879,-200.0,0.0,-197.89999389648438,6.3000006675720215,-200.0,0.0,-197.6999969482422,5.020956039428711
489,-189.3000030517578,32.10000228881836,-198.5,4.5,-194.5,11.791946411132812,-195.60000610351562,13.199999809265137,-194.6999969482422,10.6023588180542,-187.1999969482422,26.464311599731445
490,-193.3000030517578,14.071602821350098,-195.6999969482422,12.899998664855957,-200.0,0.0,-185.1999969482422,30.560758590698242,-189.1999969482422,29.522193908691406,-195.3000030517578,13.446560859680176
491,-198.1999969482422,3.627671241760254,-193.1999969482422,14.183087348937988,-196.8000030517578,9.600000381469727,-192.5,16.007810592651367,-190.3000030517578,22.494665145874023,-184.1999969482422,30.795454025268555
492,-200.0,0.0,-182.8000030517578,22.692729949951172,-197.0,9.0,-197.89999389648438,6.300000190734863,-190.6999969482422,19.84968376159668,-187.0,28.15670394897461
493,-193.60000610351562,13.7127685546875,-179.89999389648438,26.692508697509766,-194.5,11.791946411132812,-198.5,4.5,-190.10000610351562,20.368846893310547,-198.3000030517578,5.099999904632568
494,-190.89999389648438,18.430681228637695,-200.0,0.0,-199.39999389648438,1.8000000715255737,-196.1999969482422,11.400001525878906,-195.1999969482422,14.40000057220459,-170.60000610351562,40.4009895324707
495,-190.3000030517578,21.45716667175293,-194.89999389648438,15.300000190734863,-193.5,10.423531532287598,-193.10000610351562,14.102835655212402,-194.8000030517578,10.552724838256836,-187.39999389648438,20.372529983520508
496,-200.0,0.0,-186.3000030517578,22.2308349609375,-193.6999969482422,13.296992301940918,-200.0,0.0,-188.10000610351562,22.246122360229492,-185.10000610351562,24.431331634521484
497,-194.6999969482422,10.881636619567871,-190.39999389648438,15.698408126831055,-192.39999389648438,15.2590970993042,-200.0,0.0,-189.0,33.0,-196.3000030517578,11.099998474121094
498,-180.1999969482422,21.553653717041016,-187.10000610351562,20.603153228759766,-199.10000610351562,1.8138359785079956,-195.89999389648438,7.621679782867432,-195.5,10.365809440612793,-195.1999969482422,9.641576766967773
499,-181.6999969482422,30.046794891357422,-196.60000610351562,7.901897430419922,-195.39999389648438,12.523576736450195,-195.60000610351562,13.199999809265137,-188.89999389648438,33.29999923706055,-199.89999389648438,0.30000004172325134
500,-194.10000610351562,12.267436981201172,-183.60000610351562,34.34588623046875,-191.0,27.0,-185.8000030517578,24.73378562927246,-193.0,20.342073440551758,-200.0,0.0
501,-195.8000030517578,12.600000381469727,-191.5,19.530744552612305,-198.6999969482422,3.8999998569488525,-173.39999389648438,35.85303497314453,-200.0,0.0,-179.89999389648438,32.29690170288086
502,-200.0,0.0,-197.5,7.5,-200.0,0.0,-179.5,28.734127044677734,-198.8000030517578,3.5999999046325684,-194.10000610351562,17.69999885559082
503,-200.0,0.0,-196.6999969482422,7.211795806884766,-184.60000610351562,26.260997772216797,-192.39999389648438,16.119552612304688,-200.0,0.0,-191.89999389648438,20.072118759155273
504,-192.10000610351562,23.69999885559082,-193.0,21.0,-195.39999389648438,13.800000190734863,-200.0,0.0,-188.89999389648438,24.957761764526367,-189.0,23.426481246948242
505,-193.3000030517578,10.909172058105469,-186.39999389648438,26.039201736450195,-192.8000030517578,14.462364196777344,-189.0,21.038061141967773,-191.6999969482422,13.37198543548584,-187.39999389648438,25.452701568603516
506,-195.89999389648438,12.300000190734863,-193.10000610351562,17.07893180847168,-195.60000610351562,9.34023380279541,-200.0,0.0,-162.60000610351562,35.80279541015625,-195.1999969482422,14.40000057220459
507,-192.8000030517578,21.599998474121094,-181.6999969482422,32.7507209777832,-197.6999969482422,6.900000095367432,-200.0,0.0,-192.1999969482422,20.870073318481445,-191.10000610351562,18.944393157958984
508,-199.10000610351562,2.700000286102295,-188.6999969482422,20.35215187072754,-200.0,0.0,-185.1999969482422,30.429590225219727,-196.0,9.889388084411621,-186.1999969482422,21.53508758544922
509,-194.60000610351562,10.883013725280762,-193.1999969482422,20.400001525878906,-190.10000610351562,15.539948463439941,-192.60000610351562,15.460918426513672,-200.0,0.0,-193.1999969482422,20.399999618530273
510,-197.3000030517578,5.622276782989502,-192.39999389648438,14.368021011352539,-195.6999969482422,9.798470497131348,-184.60000610351562,30.829208374023438,-185.39999389648438,29.285491943359375,-199.1999969482422,2.3999998569488525
511,-192.0,18.552627563476562,-193.60000610351562,13.177254676818848,-200.0,0.0,-183.8000030517578,24.82257080078125,-186.0,25.741018295288086,-184.0,33.108909606933594
512,-191.8000030517578,16.400001525878906,-197.10000610351562,8.700000762939453,-193.60000610351562,19.200000762939453,-196.39999389648438,10.800002098083496,-191.1999969482422,17.74147605895996,-192.1999969482422,20.003999710083008
513,-200.0,0.0,-193.0,15.887101173400879,-195.5,13.170042037963867,-199.89999389648438,0.30000004172325134,-197.39999389648438,7.799999713897705,-196.8000030517578,9.600000381469727
514,-200.0,0.0,-195.3000030517578,14.100000381469727,-195.1999969482422,14.40000057220459,-183.39999389648438,22.961706161499023,-199.3000030517578,2.0999996662139893,-194.0,12.806248664855957
515,-199.60000610351562,1.1999999284744263,-194.1999969482422,17.400001525878906,-195.60000610351562,13.200000762939453,-193.8000030517578,18.600000381469727,-192.1999969482422,16.503334045410156,-188.0,24.694128036499023
516,-200.0,0.0,-190.10000610351562,13.37497615814209,-196.1999969482422,11.400001525878906,-182.5,25.8311824798584,-196.89999389648438,9.300000190734863,-187.89999389648438,19.459959030151367
517,-186.6999969482422,24.224163055419922,-191.89999389648438,24.299997329711914,-193.8000030517578,18.600000381469727,-200.0,0.0,-196.0,8.763561248779297,-197.1999969482422,8.40000057220459
518,-194.10000610351562,17.69999885559082,-195.8000030517578,8.964372634887695,-200.0,0.0,-199.89999389648438,0.30000001192092896,-182.39999389648438,29.476091384887695,-190.1999969482422,16.720046997070312
519,-197.10000610351562,8.699999809265137,-200.0,0.0,-200.0,0.0,-196.10000610351562,11.69999885559082,-188.5,20.362957000732422,-195.3000030517578,9.423905372619629
520,-200.0,0.0,-178.8000030517578,33.73366165161133,-196.10000610351562,11.699999809265137,-193.0,21.0,-195.3000030517578,14.100000381469727,-193.89999389648438,18.299997329711914
521,-191.10000610351562,15.915087699890137,-199.0,3.0,-197.60000610351562,5.986652374267578,-194.6999969482422,15.900001525878906,-196.0,12.0,-192.10000610351562,16.361234664916992
522,-200.0,0.0,-196.8000030517578,9.600000381469727,-200.0,0.0,-192.89999389648438,21.30000114440918,-193.89999389648438,12.25112247467041,-186.60000610351562,27.332035064697266
523,-200.0,0.0,-195.5,13.5,-196.6999969482422,9.90000057220459,-196.8000030517578,9.600000381469727,-199.60000610351562,1.1999999284744263,-192.1999969482422,23.39999771118164
524,-194.60000610351562,16.200000762939453,-195.10000610351562,14.700000762939453,-193.39999389648438,19.80000114440918,-193.89999389648438,17.643413543701172,-197.0,9.0,-189.3000030517578,22.786176681518555
525,-195.5,11.092790603637695,-192.8000030517578,14.837789535522461,-194.39999389648438,11.757551193237305,-191.0,27.0,-189.1999969482422,21.894290924072266,-188.60000610351562,17.453941345214844
526,-189.6999969482422,20.31280517578125,-199.89999389648438,0.30000004172325134,-191.6999969482422,16.781240463256836,-200.0,0.0,-194.89999389648438,12.856514930725098,-200.0,0.0
527,-184.0,32.01249694824219,-192.89999389648438,21.299999237060547,-194.0,14.44991397857666,-191.60000610351562,17.08917808532715,-197.10000610351562,5.8043084144592285,-179.0,31.292171478271484
528,-186.89999389648438,23.09740447998047,-191.89999389648438,16.275442123413086,-198.1999969482422,5.400001049041748,-194.39999389648438,11.757551193237305,-194.10000610351562,17.69999885559082,-192.6999969482422,15.086750030517578
529,-188.6999969482422,17.68643569946289,-191.3000030517578,17.470260620117188,-197.10000610351562,8.700000762939453,-200.0,0.0,-182.0,23.575410842895508,-188.89999389648438,26.05551528930664
530,-192.5,22.5,-181.89999389648438,37.45517349243164,-191.39999389648438,17.34473991394043,-189.6999969482422,30.899995803833008,-200.0,0.0,-194.60000610351562,9.210862159729004
531,-181.10000610351562,28.935964584350586,-187.89999389648438,19.59821319580078,-195.6999969482422,9.798470497131348,-197.1999969482422,8.40000057220459,-196.8000030517578,7.807689189910889,-200.0,0.0
532,-199.10000610351562,2.700000047683716,-187.8000030517578,24.98319435119629,-200.0,0.0,-188.60000610351562,18.095304489135742,-191.6999969482422,17.989164352416992,-192.0,15.466092109680176
533,-190.6999969482422,19.55530548095703,-186.1999969482422,28.62795639038086,-198.1999969482422,5.400000095367432,-188.60000610351562,24.65846824645996,-190.3000030517578,29.099998474121094,-194.39999389648438,11.280071258544922
534,-188.60000610351562,33.21204376220703,-195.39999389648438,13.146862030029297,-195.10000610351562,14.700000762939453,-188.1999969482422,22.617692947387695,-198.89999389648438,3.3000001907348633,-192.0,12.255610466003418
535,-198.1999969482422,5.400001049041748,-191.10000610351562,17.835079193115234,-180.89999389648438,34.94409942626953,-194.10000610351562,10.866922378540039,-191.1999969482422,26.399999618530273,-191.3000030517578,18.14414405822754
536,-199.1999969482422,2.3999998569488525,-190.8000030517578,18.421724319458008,-195.6999969482422,9.077996253967285,-189.5,22.410934448242188,-192.10000610351562,23.69999885559082,-188.60000610351562,24.65846824645996
537,-200.0,0.0,-188.8000030517578,22.933818817138672,-187.5,29.37771224975586,-186.1999969482422,24.628437042236328,-196.89999389648438,9.300000190734863,-177.6999969482422,31.752321243286133
538,-192.60000610351562,22.200000762939453,-195.8000030517578,12.600001335144043,-195.60000610351562,13.199999809265137,-195.3000030517578,12.23151683807373,-187.5,17.704519271850586,-194.89999389648438,10.22203540802002
539,-188.1999969482422,18.13725471496582,-199.3000030517578,2.0999999046325684,-200.0,0.0,-200.0,0.0,-192.5,22.5,-196.1999969482422,11.399999618530273
540,-186.3000030517578,21.38714599609375,-200.0,0.0,-188.10000610351562,26.391096115112305,-195.8000030517578,11.034492492675781,-186.6999969482422,30.528837203979492,-198.6999969482422,3.8999996185302734
541,-195.89999389648438,9.449338912963867,-195.10000610351562,10.103960037231445,-193.60000610351562,14.664243698120117,-184.0,27.46270179748535,-188.8000030517578,24.838680267333984,-184.8000030517578,30.626134872436523
542,-180.8000030517578,34.30976486206055,-179.6999969482422,27.968019485473633,-186.10000610351562,21.3375244140625,-199.89999389648438,0.30000004172325134,-187.10000610351562,31.017578125,-197.0,9.0
543,-196.39999389648438,10.80000114440918,-174.6999969482422,33.12717819213867,-193.0,14.839137077331543,-200.0,0.0,-192.89999389648438,13.118306159973145,-191.5,18.714967727661133
544,-194.89999389648438,15.29999828338623,-200.0,0.0,-194.5,12.769103050231934,-193.5,18.521608352661133,-189.10000610351562,23.64931297302246,-193.5,19.5
545,-192.1999969482422,14.133648872375488,-190.8000030517578,23.869647979736328,-191.0,18.049930572509766,-192.89999389648438,21.30000114440918,-181.1999969482422,25.027185440063477,-196.89999389648438,9.300000190734863
546,-194.6999969482422,15.900001525878906,-187.89999389648438,25.053741455078125,-197.39999389648438,7.799998760223389,-191.89999389648438,24.29999542236328,-184.39999389648438,28.548906326293945,-191.8000030517578,18.07650375366211
547,-189.8000030517578,21.16979217529297,-194.89999389648438,15.300000190734863,-200.0,0.0,-196.8000030517578,8.352245330810547,-194.1999969482422,11.677328109741211,-181.89999389648438,28.970502853393555
548,-195.1999969482422,14.399999618530273,-184.5,19.56144142150879,-179.1999969482422,28.36476707458496,-191.10000610351562,18.689302444458008,-196.0,7.628892421722412,-186.0,30.374330520629883
549,-194.10000610351562,10.064292907714844,-181.8000030517578,25.462913513183594,-186.39999389648438,20.843223571777344,-198.8000030517578,3.5999999046325684,-197.0,9.0,-186.0,24.449949264526367
550,-175.3000030517578,30.951736450195312,-200.0,0.0,-179.5,26.639257431030273,-200.0,0.0,-182.39999389648438,19.037857055664062,-187.60000610351562,19.19999885559082
551,-192.8000030517578,16.720046997070312,-200.0,0.0,-191.6999969482422,12.837834358215332,-178.6999969482422,35.63719940185547,-187.60000610351562,20.51438331604004,-192.89999389648438,14.286006927490234
552,-184.1999969482422,27.147008895874023,-186.3000030517578,21.573362350463867,-198.8000030517578,3.6000001430511475,-193.8000030517578,11.513470649719238,-195.39999389648438,9.718024253845215,-191.0,12.066482543945312
553,-200.0,0.0,-189.89999389648438,16.397863388061523,-186.60000610351562,32.72674560546875,-189.0,33.0,-191.8000030517578,12.874783515930176,-180.3000030517578,32.406944274902344
554,-185.39999389648438,33.13064956665039,-181.60000610351562,37.07073974609375,-200.0,0.0,-194.39999389648438,8.697126388549805,-197.8000030517578,6.600000858306885,-189.6999969482422,20.80408477783203
555,-200.0,0.0,-192.8000030517578,21.599998474121094,-190.5,14.527560234069824,-194.89999389648438,10.319398880004883,-190.1999969482422,12.48038387298584,-185.39999389648438,19.20520782470703
556,-194.0,10.963576316833496,-186.39999389648438,23.766361236572266,-188.89999389648438,21.23417091369629,-189.0,18.984203338623047,-196.10000610351562,11.69999885559082,-184.10000610351562,25.55562400817871
557,-176.39999389648438,39.502403259277344,-196.1999969482422,11.40000057220459,-200.0,0.0,-187.5,21.740514755249023,-191.8000030517578,24.59999656677246,-188.6999969482422,22.601106643676758
558,-185.39999389648438,25.42911720275879,-195.1999969482422,14.40000057220459,-177.39999389648438,36.2110481262207,-183.60000610351562,35.10897445678711,-185.89999389648438,21.956546783447266,-175.89999389648438,31.07555389404297
559,-194.3000030517578,11.662333488464355,-196.8000030517578,9.600000381469727,-197.5,7.5,-192.39999389648438,12.200000762939453,-187.1999969482422,28.697734832763672,-195.5,9.135096549987793
560,-197.5,5.004997253417969,-187.89999389648438,21.856121063232422,-190.60000610351562,19.13739776611328,-193.0,11.798304557800293,-195.5,9.952386856079102,-197.5,7.5
561,-182.8000030517578,32.33511734008789,-188.1999969482422,23.7056941986084,-174.5,33.437255859375,-185.8000030517578,22.417850494384766,-195.8000030517578,8.885944366455078,-194.6999969482422,11.118003845214844
562,-182.5,28.118499755859375,-193.39999389648438,13.207572937011719,-184.6999969482422,20.337404251098633,-192.1999969482422,19.301815032958984,-183.89999389648438,31.38295555114746,-187.8000030517578,21.7292423248291
563,-187.89999389648438,24.570104598999023,-198.6999969482422,3.579106092453003,-191.60000610351562,13.365628242492676,-188.3000030517578,26.43501853942871,-194.60000610351562,9.509994506835938,-187.5,26.333438873291016
564,-187.60000610351562,19.46381187438965,-179.3000030517578,24.523662567138672,-195.8000030517578,12.600001335144043,-196.1999969482422,11.400001525878906,-193.89999389648438,12.918591499328613,-195.60000610351562,13.199999809265137
565,-194.89999389648438,12.086769104003906,-192.6999969482422,14.615403175354004,-189.6999969482422,16.050233840942383,-191.8000030517578,14.358272552490234,-192.1999969482422,12.122706413269043,-183.89999389648438,23.05840301513672
566,-192.8000030517578,14.510684967041016,-194.60000610351562,10.80925464630127,-185.8000030517578,18.637596130371094,-193.10000610351562,13.888484001159668,-174.8000030517578,38.506622314453125,-179.89999389648438,23.244140625
567,-189.10000610351562,13.9244384765625,-196.60000610351562,10.199999809265137,-194.6999969482422,10.789347648620605,-188.3000030517578,18.601343154907227,-193.5,11.985407829284668,-197.60000610351562,7.200000286102295
568,-192.89999389648438,21.30000114440918,-188.60000610351562,20.239566802978516,-196.1999969482422,8.399999618530273,-191.39999389648438,14.623269081115723,-186.6999969482422,20.96687889099121,-187.8000030517578,28.749956130981445
569,-190.8000030517578,22.51133155822754,-194.8000030517578,10.768471717834473,-185.39999389648438,18.325937271118164,-197.10000610351562,5.90677547454834,-193.8000030517578,13.340164184570312,-188.1999969482422,23.42989730834961
570,-200.0,0.0,-197.3000030517578,5.762811660766602,-182.39999389648438,23.9340763092041,-193.39999389648438,13.469966888427734,-184.39999389648438,28.886676788330078,-191.10000610351562,13.931617736816406
571,-194.60000610351562,11.244553565979004,-188.89999389648438,26.055517196655273,-195.39999389648438,13.799999237060547,-195.5,9.604686737060547,-193.0,17.111398696899414,-197.89999389648438,6.3000006675720215
572,-190.6999969482422,19.697967529296875,-182.8000030517578,32.60613250732422,-190.1999969482422,21.733842849731445,-193.3000030517578,20.100000381469727,-182.60000610351562,21.4625244140625,-184.3000030517578,31.40079689025879
573,-193.39999389648438,13.26800537109375,-194.6999969482422,11.260995864868164,-192.89999389648438,14.341896057128906,-182.3000030517578,33.304805755615234,-197.60000610351562,7.199999809265137,-192.3000030517578,16.541160583496094
574,-185.8000030517578,23.142173767089844,-198.0,6.0,-191.60000610351562,16.80000114440918,-199.89999389648438,0.30000004172325134,-193.0,21.0,-196.1999969482422,11.40000057220459
575,-189.39999389648438,19.82523536682129,-189.60000610351562,23.143898010253906,-187.89999389648438,19.669519424438477,-200.0,0.0,-182.60000610351562,22.93120002746582,-195.60000610351562,9.499472618103027
576,-194.3000030517578,12.90000057220459,-194.10000610351562,11.819052696228027,-197.1999969482422,8.40000057220459,-192.0,16.006248474121094,-183.10000610351562,27.674718856811523,-186.0,21.489532470703125
577,-197.1999969482422,8.40000057220459,-189.8000030517578,15.702229499816895,-185.39999389648438,18.80531883239746,-191.39999389648438,22.041778564453125,-193.60000610351562,19.200000762939453,-192.1999969482422,16.387800216674805
578,-189.6999969482422,23.125957489013672,-189.0,24.09979248046875,-188.0,18.88385581970215,-196.10000610351562,11.699999809265137,-195.39999389648438,13.799999237060547,-188.8000030517578,15.138031959533691
579,-193.3000030517578,20.099998474121094,-191.0,18.08867073059082,-183.6999969482422,35.33850860595703,-184.5,24.013538360595703,-186.5,22.35732650756836,-183.5,27.441757202148438
580,-197.1999969482422,8.40000057220459,-181.39999389648438,24.503877639770508,-180.5,34.36058807373047,-194.10000610351562,12.700000762939453,-191.60000610351562,13.388054847717285,-196.0,8.88819408416748
581,-182.10000610351562,25.532135009765625,-192.39999389648438,15.512574195861816,-196.10000610351562,8.178630828857422,-183.89999389648438,22.89301109313965,-189.39999389648438,15.447977066040039,-180.0,22.32039451599121
582,-197.10000610351562,8.05543327331543,-196.39999389648438,9.541487693786621,-198.89999389648438,3.299999952316284,-200.0,0.0,-177.1999969482422,27.917020797729492,-197.0,6.260990619659424
583,-193.8000030517578,15.555063247680664,-190.39999389648438,19.530488967895508,-184.0,20.11467170715332,-186.0,31.65122413635254,-192.10000610351562,15.839508056640625,-193.89999389648438,10.615554809570312
584,-191.39999389648438,15.199999809265137,-183.8000030517578,24.375398635864258,-182.1999969482422,31.23715591430664,-191.10000610351562,20.670995712280273,-197.89999389648438,6.3000006675720215,-170.8000030517578,38.4182243347168
585,-186.10000610351562,28.05868911743164,-196.39999389648438,10.80000114440918,-193.89999389648438,13.239713668823242,-195.60000610351562,9.499472618103027,-192.3000030517578,15.530938148498535,-186.10000610351562,33.4258918762207
586,-194.60000610351562,11.689311027526855,-186.60000610351562,19.095548629760742,-184.39999389648438,28.249603271484375,-192.39999389648438,16.119552612304688,-179.89999389648438,34.048343658447266,-190.39999389648438,25.056734085083008
587,-190.39999389648438,19.935897827148438,-193.3000030517578,13.40186595916748,-191.39999389648438,14.974645614624023,-190.0,16.376813888549805,-180.3000030517578,23.13028335571289,-177.5,29.237817764282227
588,-183.10000610351562,31.829071044921875,-185.1999969482422,18.312835693359375,-182.3000030517578,34.035423278808594,-193.3000030517578,13.416781425476074,-190.39999389648438,14.927825927734375,-195.8000030517578,12.27029037475586
589,-193.60000610351562,19.200000762939453,-194.60000610351562,11.689311027526855,-188.6999969482422,14.953595161437988,-186.60000610351562,22.18648338317871,-183.6999969482422,31.46442413330078,-193.1999969482422,12.536346435546875
590,-167.39999389648438,38.54659652709961,-189.8000030517578,12.327205657958984,-186.8000030517578,26.56990623474121,-182.0,30.512292861938477,-191.89999389648438,12.22661018371582,-181.39999389648438,23.996667861938477
591,-200.0,0.0,-197.8000030517578,5.670979022979736,-186.39999389648438,24.360620498657227,-194.5,12.769103050231934,-190.39999389648438,21.574058532714844,-172.5,35.05210494995117
592,-199.10000610351562,2.700000047683716,-179.10000610351562,24.271175384521484,-184.10000610351562,17.501142501831055,-181.8000030517578,27.39634895324707,-186.89999389648438,21.718425750732422,-188.6999969482422,14.269197463989258
593,-197.1999969482422,8.40000057220459,-186.5,23.774986267089844,-195.39999389648438,11.934822082519531,-185.6999969482422,19.2148380279541,-185.0,20.96664047241211,-182.60000610351562,21.062763214111328
594,-193.1999969482422,14.062716484069824,-180.1999969482422,25.253910064697266,-200.0,0.0,-170.6999969482422,32.41619873046875,-185.5,19.68375015258789,-189.3000030517578,24.68217658996582
595,-177.39999389648438,26.142684936523438,-187.5,21.592823028564453,-192.39999389648438,15.206578254699707,-188.5,11.333578109741211,-186.60000610351562,16.63850975036621,-163.1999969482422,40.392574310302734
596,-192.1999969482422,14.055603981018066,-182.1999969482422,25.662425994873047,-198.8000030517578,2.4413106441497803,-193.8000030517578,11.855799674987793,-178.6999969482422,37.35519027709961,-188.8000030517578,18.0488224029541
597,-198.0,6.0,-189.6999969482422,12.961867332458496,-181.39999389648438,29.856992721557617,-176.39999389648438,25.943016052246094,-192.39999389648438,14.36106014251709,-196.3000030517578,11.09999942779541
598,-190.10000610351562,16.2877254486084,-196.1999969482422,11.400001525878906,-181.60000610351562,28.664262771606445,-180.10000610351562,39.8056526184082,-190.3000030517578,16.425893783569336,-185.89999389648438,22.660316467285156
599,-182.89999389648438,23.897489547729492,-196.89999389648438,7.272551536560059,-187.5,21.703685760498047,-191.60000610351562,16.805952072143555,-198.60000610351562,3.583294630050659,-191.6999969482422,16.781240463256836
600,-187.0,20.21880340576172,-178.5,29.793455123901367,-181.39999389648438,23.376056671142578,-193.39999389648438,13.469965934753418,-198.10000610351562,5.700000286102295,-186.8000030517578,25.627328872680664
601,-197.3000030517578,8.100000381469727,-196.5,10.5,-182.8000030517578,31.11848258972168,-181.39999389648438,23.191377639770508,-187.5,19.815397262573242,-196.0,12.0
602,-189.3000030517578,23.108654022216797,-186.8000030517578,17.168575286865234,-193.8000030517578,12.472369194030762,-197.60000610351562,7.199999809265137,-184.6999969482422,21.033544540405273,-192.0,16.0
603,-193.3000030517578,10.080178260803223,-189.3000030517578,15.943965911865234,-183.89999389648438,20.324615478515625,-180.1999969482422,25.494312286376953,-181.60000610351562,21.32697868347168,-196.60000610351562,10.199999809265137
604,-179.6999969482422,26.56708526611328,-186.8000030517578,17.954387664794922,-169.10000610351562,33.76225662231445,-186.5,24.0759220123291,-189.6999969482422,21.128416061401367,-195.0,9.338093757629395
605,-172.5,33.64297866821289,-196.0,12.0,-180.89999389648438,22.187610626220703,-185.3000030517578,19.19400978088379,-175.3000030517578,24.988197326660156,-184.10000610351562,22.774765014648438
606,-188.0,22.899782180786133,-199.89999389648438,0.30000004172325134,-194.5,9.45780086517334,-188.8000030517578,17.707626342773438,-197.60000610351562,7.199999809265137,-182.10000610351562,20.171512603759766
607,-185.39999389648438,18.028865814208984,-186.5,24.096681594848633,-186.3000030517578,30.525562286376953,-179.5,26.16199493408203,-186.8000030517578,20.6387996673584,-175.1999969482422,26.369678497314453
608,-192.3000030517578,13.660526275634766,-192.10000610351562,15.990309715270996,-191.89999389648438,16.5435791015625,-187.89999389648438,21.9565486907959,-173.8000030517578,35.56064987182617,-187.60000610351562,16.378032684326172
609,-180.0,35.51619338989258,-183.60000610351562,21.2894344329834,-189.10000610351562,31.069114685058594,-188.0,24.203306198120117,-183.3000030517578,20.02523422241211,-189.39999389648438,17.024688720703125
610,-185.89999389648438,17.885467529296875,-196.0,12.0,-189.8000030517578,17.21510887145996,-181.60000610351562,31.825145721435547,-177.89999389648438,17.86868667602539,-197.1999969482422,8.40000057220459
611,-186.6999969482422,24.37232208251953,-189.3000030517578,16.11241912841797,-189.10000610351562,14.90268325805664,-174.1999969482422,23.940759658813477,-195.3000030517578,11.419719696044922,-186.1999969482422,25.498233795166016
612,-175.60000610351562,32.67476272583008,-200.0,0.0,-188.39999389648438,16.84161376953125,-164.10000610351562,35.390533447265625,-187.89999389648438,18.206867218017578,-186.10000610351562,22.56302261352539
613,-180.5,21.978397369384766,-166.5,38.7485466003418,-184.0,34.362770080566406,-196.1999969482422,11.400001525878906,-185.6999969482422,22.816879272460938,-185.10000610351562,17.90223503112793
614,-183.0,30.22581672668457,-171.3000030517578,33.764034271240234,-195.6999969482422,12.90000057220459,-188.39999389648438,16.590356826782227,-167.5,37.132869720458984,-175.5,32.150428771972656
615,-197.8000030517578,6.600000858306885,-185.1999969482422,29.542510986328125,-199.6999969482422,0.9000001549720764,-190.3000030517578,15.205591201782227,-184.8000030517578,25.242029190063477,-188.1999969482422,17.440183639526367
616,-191.5,16.427112579345703,-195.1999969482422,14.40000057220459,-177.0,23.63895034790039,-191.10000610351562,17.575267791748047,-191.5,14.235518455505371,-182.0,22.26656723022461
617,-187.3000030517578,27.488361358642578,-182.5,23.053199768066406,-181.1999969482422,26.686325073242188,-177.1999969482422,28.954448699951172,-185.0,24.60894012451172,-164.5,34.664825439453125
618,-194.8000030517578,13.717141151428223,-192.60000610351562,13.749181747436523,-193.0,14.00714111328125,-176.1999969482422,24.367189407348633,-189.1999969482422,17.468830108642578,-169.0,29.859670639038086
619,-186.0,19.094501495361328,-175.10000610351562,31.627361297607422,-188.6999969482422,13.631214141845703,-162.60000610351562,42.528106689453125,-178.89999389648438,28.887540817260742,-180.5,24.295061111450195
620,-177.10000610351562,35.67197799682617,-193.8000030517578,10.293686866760254,-182.6999969482422,30.786523818969727,-189.89999389648438,19.59821319580078,-180.39999389648438,25.861940383911133,-183.3000030517578,30.2524356842041
621,-200.0,0.0,-195.89999389648438,8.348053932189941,-172.3000030517578,29.400850296020508,-193.6999969482422,12.649506568908691,-176.6999969482422,27.78506851196289,-178.60000610351562,30.48999786376953
622,-158.60000610351562,41.054107666015625,-184.1999969482422,33.99058532714844,-185.8000030517578,24.227258682250977,-179.3000030517578,30.91294288635254,-187.1999969482422,21.231109619140625,-184.10000610351562,34.42803955078125
623,-172.60000610351562,31.01032066345215,-180.5,19.57166290283203,-184.60000610351562,22.392854690551758,-182.3000030517578,28.0964412689209,-171.89999389648438,36.73268127441406,-181.8000030517578,19.067249298095703
624,-194.0,12.657013893127441,-180.1999969482422,28.742998123168945,-179.5,32.57990264892578,-176.3000030517578,30.15311050415039,-185.10000610351562,26.64000701904297,-179.10000610351562,27.919349670410156
625,-181.3000030517578,17.61277961730957,-186.10000610351562,26.024797439575195,-192.5,12.387493133544922,-181.8000030517578,26.656330108642578,-182.10000610351562,23.81785011291504,-179.89999389648438,34.162696838378906
626,-189.1999969482422,14.668333053588867,-174.1999969482422,26.62630271911621,-175.8000030517578,33.89630889892578,-183.60000610351562,33.31126022338867,-198.6999969482422,3.8999998569488525,-180.0,32.76278305053711
627,-187.6999969482422,16.093786239624023,-200.0,0.0,-188.10000610351562,15.896225929260254,-183.39999389648438,33.236122131347656,-191.60000610351562,16.150541305541992,-183.39999389648438,30.305776596069336
628,-173.39999389648438,28.53138542175293,-174.3000030517578,37.035255432128906,-184.10000610351562,20.299999237060547,-174.1999969482422,32.74996566772461,-181.89999389648438,23.560348510742188,-166.89999389648438,43.316162109375
629,-179.89999389648438,32.809906005859375,-180.5,30.229951858520508,-190.60000610351562,16.799999237060547,-192.5,13.595955848693848,-190.3000030517578,21.628915786743164,-191.6999969482422,14.177799224853516
630,-186.3000030517578,21.17569351196289,-183.10000610351562,20.461915969848633,-187.8000030517578,19.270702362060547,-196.8000030517578,6.352952003479004,-173.6999969482422,33.573951721191406,-167.10000610351562,34.349525451660156
631,-184.3000030517578,22.203828811645508,-175.1999969482422,38.72931671142578,-181.60000610351562,31.62024688720703,-174.89999389648438,40.54738235473633,-189.39999389648438,17.01881217956543,-192.60000610351562,13.39552116394043
632,-193.0,14.064139366149902,-182.3000030517578,26.862802505493164,-185.0,18.590320587158203,-193.6999969482422,14.601712226867676,-194.6999969482422,10.789346694946289,-169.6999969482422,40.44020462036133
633,-175.60000610351562,32.21552658081055,-181.10000610351562,29.904682159423828,-169.10000610351562,36.814266204833984,-185.10000610351562,15.655349731445312,-181.89999389648438,31.213619232177734,-185.6999969482422,32.23367691040039
634,-193.39999389648438,13.93700122833252,-194.0,12.712199211120605,-186.60000610351562,24.121360778808594,-183.0,28.39718246459961,-172.89999389648438,41.76948547363281,-179.6999969482422,20.760780334472656
635,-190.39999389648438,20.650423049926758,-191.5,15.894968032836914,-164.89999389648438,38.98320388793945,-195.10000610351562,11.067519187927246,-160.39999389648438,30.734994888305664,-183.10000610351562,21.191743850708008
636,-179.60000610351562,24.670631408691406,-180.60000610351562,19.835323333740234,-184.8000030517578,20.1186466217041,-184.6999969482422,25.919296264648438,-176.1999969482422,30.537845611572266,-180.89999389648438,30.051456451416016
637,-181.3000030517578,19.723337173461914,-177.39999389648438,24.129650115966797,-175.10000610351562,20.45214080810547,-188.10000610351562,19.164810180664062,-185.89999389648438,24.909635543823242,-191.8000030517578,11.37365436553955
638,-176.1999969482422,25.35665512084961,-187.3000030517578,19.529720306396484,-186.89999389648438,27.343923568725586,-187.5,28.061540603637695,-187.89999389648438,20.834827423095703,-184.5,16.206480026245117
639,-185.39999389648438,18.117395401000977,-193.5,14.732617378234863,-187.60000610351562,16.35970687866211,-184.6999969482422,19.713193893432617,-177.89999389648438,34.4628791809082,-174.0,28.694948196411133
640,-177.8000030517578,27.17646026611328,-185.1999969482422,23.206893920898438,-184.10000610351562,25.878366470336914,-179.89999389648438,26.105363845825195,-177.39999389648438,24.876493453979492,-179.5,22.25870704650879
641,-174.10000610351562,28.2646427154541,-183.6999969482422,21.30281639099121,-188.5,24.134000778198242,-185.1999969482422,15.74039363861084,-177.10000610351562,25.363161087036133,-173.60000610351562,24.516115188598633
642,-191.8000030517578,16.696107864379883,-189.10000610351562,15.02963638305664,-182.39999389648438,27.416053771972656,-180.8000030517578,28.333019256591797,-185.39999389648438,22.632719039916992,-175.5,19.57166290283203
643,-181.8000030517578,19.953948974609375,-190.1999969482422,15.131424903869629,-193.89999389648438,12.445481300354004,-180.1999969482422,22.076231002807617,-167.10000610351562,26.4516544342041,-175.0,26.16486167907715
644,-188.0,27.07027816772461,-176.89999389648438,28.179603576660156,-188.60000610351562,16.347476959228516,-187.5,16.59668731689453,-171.0,18.324846267700195,-178.6999969482422,25.46389389038086
645,-187.60000610351562,19.340112686157227,-193.89999389648438,16.102481842041016,-177.3000030517578,29.50271224975586,-191.0,14.057026863098145,-179.10000610351562,26.670019149780273,-186.0,20.600971221923828
646,-191.6999969482422,16.67363166809082,-176.10000610351562,26.819583892822266,-180.6999969482422,22.302690505981445,-176.89999389648438,25.661060333251953,-181.0,22.481103897094727,-185.3000030517578,18.254039764404297
647,-178.89999389648438,22.19211769104004,-175.3000030517578,26.264232635498047,-186.8000030517578,24.737823486328125,-187.0,21.57776641845703,-190.8000030517578,14.399999618530273,-166.0,33.26259231567383
648,-194.1999969482422,12.01499080657959,-167.60000610351562,28.96273422241211,-182.0,20.542638778686523,-176.60000610351562,19.49974250793457,-179.8000030517578,26.969614028930664,-184.10000610351562,35.152381896972656
649,-192.6999969482422,15.633617401123047,-180.3000030517578,24.6213321685791,-173.6999969482422,23.550159454345703,-181.89999389648438,19.242919921875,-172.1999969482422,20.817298889160156,-186.10000610351562,18.86504554748535
650,-189.3000030517578,17.017932891845703,-182.39999389648438,24.577226638793945,-191.1999969482422,17.622711181640625,-176.3000030517578,30.179630279541016,-165.10000610351562,35.206390380859375,-163.3000030517578,34.62961196899414
651,-196.6999969482422,8.944830894470215,-178.6999969482422,27.889244079589844,-188.89999389648438,18.403532028198242,-183.89999389648438,20.617712020874023,-182.1999969482422,23.425630569458008,-187.89999389648438,18.700000762939453
652,-183.5,25.46468162536621,-180.60000610351562,22.28542137145996,-170.89999389648438,28.56378936767578,-172.0,22.6892032623291,-187.10000610351562,21.34221076965332,-171.3000030517578,30.692180633544922
653,-191.39999389648438,18.30409812927246,-182.8000030517578,24.08235740661621,-179.60000610351562,26.859634399414062,-176.8000030517578,24.963171005249023,-188.0,19.692638397216797,-179.1999969482422,21.05136489868164
654,-192.3000030517578,14.156623840332031,-180.1999969482422,33.15056228637695,-186.3000030517578,23.54166603088379,-169.5,34.13282775878906,-186.8000030517578,27.032573699951172,-184.89999389648438,19.816408157348633
655,-176.10000610351562,22.673551559448242,-197.5,7.5,-180.1999969482422,26.16409683227539,-179.1999969482422,31.4095516204834,-184.5,27.467252731323242,-177.3000030517578,29.14120864868164
656,-173.10000610351562,29.85782814025879,-173.39999389648438,29.786575317382812,-188.10000610351562,18.403532028198242,-176.89999389648438,24.051820755004883,-180.5,27.416236877441406,-182.5,20.096019744873047
657,-189.1999969482422,22.12600326538086,-188.3000030517578,24.972187042236328,-191.1999969482422,17.741474151611328,-173.8000030517578,29.294368743896484,-184.60000610351562,27.266094207763672,-174.3000030517578,25.048154830932617
658,-181.60000610351562,25.784488677978516,-180.8000030517578,28.65239715576172,-170.39999389648438,26.043039321899414,-185.5,15.239750862121582,-172.10000610351562,28.581287384033203,-184.0,32.00312423706055
659,-180.39999389648438,30.686153411865234,-179.10000610351562,24.780838012695312,-177.39999389648438,19.81009864807129,-183.8000030517578,27.017772674560547,-172.5,19.14288330078125,-179.10000610351562,27.4606990814209
660,-176.60000610351562,30.292572021484375,-165.8000030517578,30.785709381103516,-180.10000610351562,21.172861099243164,-185.3000030517578,22.512439727783203,-178.3000030517578,24.162158966064453,-187.10000610351562,20.161596298217773
661,-186.1999969482422,27.051063537597656,-188.60000610351562,20.0609073638916,-187.60000610351562,20.318464279174805,-185.10000610351562,23.67466926574707,-193.3000030517578,13.550276756286621,-167.5,27.97588348388672
662,-174.60000610351562,29.689056396484375,-179.60000610351562,24.81209373474121,-166.3000030517578,23.958505630493164,-177.8000030517578,27.60724639892578,-175.6999969482422,34.22002410888672,-166.89999389648438,24.37806510925293
663,-178.60000610351562,22.957351684570312,-178.60000610351562,27.063629150390625,-177.10000610351562,25.762182235717773,-192.39999389648438,15.259095191955566,-176.1999969482422,36.361515045166016,-174.89999389648438,27.33294677734375
664,-168.0,24.847536087036133,-174.1999969482422,30.135692596435547,-177.5,30.117271423339844,-164.3000030517578,29.765918731689453,-173.3000030517578,28.443099975585938,-181.89999389648438,20.3049259185791
665,-188.8000030517578,17.730199813842773,-175.1999969482422,25.230138778686523,-173.6999969482422,28.110675811767578,-195.6999969482422,12.899998664855957,-177.3000030517578,25.020191192626953,-163.1999969482422,34.1783561706543
666,-177.8000030517578,33.949371337890625,-187.3000030517578,25.518817901611328,-167.39999389648438,25.184120178222656,-168.6999969482422,37.79166793823242,-178.10000610351562,22.62498664855957,-154.5,37.43861770629883
667,-167.10000610351562,35.59059143066406,-178.10000610351562,27.547958374023438,-192.0,13.660161018371582,-185.39999389648438,29.476093292236328,-184.3000030517578,24.075090408325195,-186.1999969482422,17.5430908203125
668,-190.6999969482422,18.665742874145508,-180.3000030517578,23.75310516357422,-186.39999389648438,23.741100311279297,-187.89999389648438,15.527073860168457,-182.10000610351562,25.997882843017578,-187.60000610351562,21.59259033203125
669,-192.0,17.714401245117188,-171.89999389648438,25.672746658325195,-183.5,28.959455490112305,-184.10000610351562,20.578872680664062,-185.39999389648438,23.354656219482422,-188.10000610351562,18.30000114440918
670,-170.60000610351562,31.000646591186523,-188.3000030517578,19.390975952148438,-166.1999969482422,31.568340301513672,-180.1999969482422,17.139429092407227,-169.3000030517578,27.71660041809082,-181.8000030517578,25.462913513183594
671,-170.89999389648438,27.754098892211914,-178.60000610351562,28.8277645111084,-177.3000030517578,23.820369720458984,-174.10000610351562,32.3896598815918,-174.6999969482422,31.60079002380371,-172.3000030517578,29.95346450805664
672,-180.8000030517578,19.579580307006836,-184.5,25.40570831298828,-175.6999969482422,28.08220100402832,-170.89999389648438,34.93837356567383,-196.39999389648438,8.979976654052734,-163.6999969482422,36.263065338134766
673,-175.6999969482422,35.721282958984375,-192.5,16.026540756225586,-186.39999389648438,23.74952507019043,-184.5,23.850576400756836,-168.1999969482422,27.672367095947266,-187.89999389648438,17.501142501831055
674,-186.8000030517578,19.203125,-158.3000030517578,26.27945899963379,-176.3000030517578,30.564847946166992,-171.5,26.458457946777344,-177.89999389648438,27.95156478881836,-176.60000610351562,29.261577606201172
675,-172.89999389648438,27.60959815979004,-166.8000030517578,27.32324981689453,-190.6999969482422,27.900001525878906,-192.1999969482422,14.01998519897461,-165.5,31.541242599487305,-185.3000030517578,19.120929718017578
676,-174.10000610351562,25.994035720825195,-180.10000610351562,30.6837100982666,-173.39999389648438,30.584964752197266,-169.10000610351562,22.393972396850586,-169.1999969482422,29.38298988342285,-185.8000030517578,18.659046173095703
677,-187.89999389648438,19.536888122558594,-183.89999389648438,20.388477325439453,-171.0,26.910964965820312,-168.3000030517578,32.20884704589844,-174.6999969482422,28.460676193237305,-171.60000610351562,26.526214599609375
678,-170.39999389648438,26.249568939208984,-179.8000030517578,21.976350784301758,-184.10000610351562,18.179384231567383,-183.60000610351562,16.918628692626953,-181.6999969482422,25.16763687133789,-158.60000610351562,22.1639347076416
679,-182.10000610351562,22.061052322387695,-179.89999389648438,24.01020622253418,-171.6999969482422,25.80716896057129,-184.1999969482422,19.405153274536133,-180.0,25.502941131591797,-160.8000030517578,24.256132125854492
680,-182.1999969482422,24.636558532714844,-188.10000610351562,23.43693733215332,-169.5,26.627992630004883,-178.60000610351562,28.306184768676758,-171.0,32.13409423828125,-161.39999389648438,34.68486785888672
681,-175.1999969482422,22.92945671081543,-172.10000610351562,26.185684204101562,-185.0,18.204395294189453,-176.60000610351562,29.74289894104004,-179.8000030517578,19.645864486694336,-172.3000030517578,32.28017807006836
682,-163.10000610351562,22.46085548400879,-175.1999969482422,29.959304809570312,-164.89999389648438,26.96089744567871,-178.3000030517578,35.85261535644531,-177.10000610351562,18.960220336914062,-159.3000030517578,27.73824119567871
683,-172.6999969482422,31.622934341430664,-177.1999969482422,26.350711822509766,-154.3000030517578,26.529417037963867,-159.60000610351562,25.04475975036621,-171.89999389648438,27.142032623291016,-169.1999969482422,35.65894317626953
684,-179.0,27.67670440673828,-177.0,25.353500366210938,-180.60000610351562,20.18018913269043,-167.10000610351562,21.965656280517578,-168.0,24.199172973632812,-172.5,29.038766860961914
685,-181.3000030517578,29.46200942993164,-181.1999969482422,18.669761657714844,-170.39999389648438,28.35207176208496,-179.10000610351562,27.580608367919922,-173.60000610351562,26.8819637298584,-162.39999389648438,27.048845291137695
686,-188.10000610351562,24.997800827026367,-167.3000030517578,37.6538200378418,-165.5,35.57597351074219,-177.6999969482422,24.029356002807617,-180.3000030517578,31.486663818359375,-175.89999389648438,33.15252685546875
687,-172.3000030517578,33.01530075073242,-181.8000030517578,29.464555740356445,-175.89999389648438,32.28761291503906,-175.8000030517578,26.939931869506836,-168.0,36.53765106201172,-177.0,25.737133026123047
688,-186.10000610351562,18.72671890258789,-189.0,21.711748123168945,-183.0,26.8812198638916,-170.5,32.61058044433594,-182.89999389648438,27.244998931884766,-171.3000030517578,28.39383888244629
689,-188.0,24.066574096679688,-177.89999389648438,24.873477935791016,-177.6999969482422,31.581798553466797,-153.10000610351562,33.77706527709961,-182.6999969482422,31.6798038482666,-158.0,24.34337615966797
690,-159.1999969482422,33.647586822509766,-183.8000030517578,21.15561294555664,-169.3000030517578,34.819679260253906,-173.10000610351562,25.77382469177246,-162.3000030517578,33.69584655761719,-178.60000610351562,33.18192672729492
691,-190.1999969482422,14.302447319030762,-184.1999969482422,19.888690948486328,-180.5,28.56658935546875,-182.8000030517578,19.249935150146484,-182.8000030517578,22.139556884765625,-166.39999389648438,34.14440155029297
692,-183.10000610351562,19.57779312133789,-179.39999389648438,22.685678482055664,-177.89999389648438,24.549745559692383,-182.0,31.429285049438477,-168.6999969482422,25.24302101135254,-153.60000610351562,27.72075080871582
693,-178.3000030517578,30.640005111694336,-183.5,20.26943588256836,-175.8000030517578,40.47418975830078,-179.0,32.67414855957031,-179.10000610351562,32.00765609741211,-169.6999969482422,21.5362491607666
694,-183.8000030517578,20.463626861572266,-174.1999969482422,31.65375328063965,-176.5,27.144981384277344,-175.39999389648438,27.753196716308594,-182.3000030517578,21.0145206451416,-170.3000030517578,20.4941463470459
695,-176.1999969482422,31.03159523010254,-177.89999389648438,24.82115936279297,-175.39999389648438,32.07553482055664,-179.1999969482422,25.97614288330078,-165.5,33.565608978271484,-178.8000030517578,19.813127517700195
696,-179.60000610351562,23.01390838623047,-172.60000610351562,18.629009246826172,-168.5,26.306842803955078,-174.10000610351562,29.82431983947754,-173.1999969482422,19.63058853149414,-177.10000610351562,24.353439331054688
697,-178.6999969482422,24.27776527404785,-173.5,23.665374755859375,-170.0,38.25179672241211,-169.1999969482422,28.529985427856445,-172.89999389648438,25.46546745300293,-167.60000610351562,25.663982391357422
698,-181.0,24.498979568481445,-174.0,33.0151481628418,-171.6999969482422,25.44425392150879,-171.1999969482422,23.760473251342773,-181.39999389648438,26.937707901000977,-178.89999389648438,24.271175384521484
699,-176.6999969482422,28.702089309692383,-188.39999389648438,16.936349868774414,-160.89999389648438,36.84413146972656,-184.5,21.08672523498535,-175.0,24.779024124145508,-173.3000030517578,23.79936981201172
700,-179.3000030517578,33.926536560058594,-177.8000030517578,21.21697425842285,-175.60000610351562,26.184730529785156,-180.8000030517578,24.342554092407227,-174.89999389648438,29.649452209472656,-174.10000610351562,32.83732604980469
