X,TD_mean,TD_std,TD+NOV_mean,TD+NOV_std,TD+UNC_mean,TD+UNC_std,FULL_mean,FULL_std,MULT_mean,MULT_std,GATE_mean,GATE_std
1,21.799999237060547,9.410632133483887,21.799999237060547,9.410632133483887,21.799999237060547,9.410632133483887,21.799999237060547,9.410632133483887,21.799999237060547,9.410632133483887,21.799999237060547,9.410632133483887
2,20.700000762939453,6.679071426391602,20.700000762939453,6.679071426391602,20.700000762939453,6.679071426391602,20.700000762939453,6.679071426391602,20.700000762939453,6.679071426391602,20.700000762939453,6.679071426391602
3,26.399999618530273,14.171802520751953,26.399999618530273,14.171802520751953,26.399999618530273,14.171802520751953,26.399999618530273,14.171802520751953,26.399999618530273,14.171802520751953,26.399999618530273,14.171802520751953
4,25.0,24.698177337646484,25.0,24.698177337646484,25.0,24.698177337646484,25.0,24.698177337646484,25.0,24.698177337646484,25.0,24.698177337646484
5,29.200000762939453,16.216041564941406,29.200000762939453,16.216041564941406,29.200000762939453,16.216041564941406,29.200000762939453,16.216041564941406,29.200000762939453,16.216041564941406,29.200000762939453,16.216041564941406
6,31.700000762939453,16.79315185546875,31.700000762939453,16.79315185546875,31.700000762939453,16.79315185546875,31.700000762939453,16.79315185546875,31.700000762939453,16.79315185546875,31.700000762939453,16.79315185546875
7,15.800000190734863,2.821347236633301,15.800000190734863,2.821347236633301,15.800000190734863,2.821347236633301,15.800000190734863,2.821347236633301,15.800000190734863,2.821347236633301,15.800000190734863,2.821347236633301
8,20.899999618530273,11.835962295532227,20.899999618530273,11.835962295532227,20.899999618530273,11.835962295532227,20.899999618530273,11.835962295532227,20.899999618530273,11.835962295532227,20.899999618530273,11.835962295532227
9,23.0,9.685040473937988,23.0,9.685040473937988,23.0,9.685040473937988,23.0,9.685040473937988,23.0,9.685040473937988,23.0,9.685040473937988
10,24.0,16.291101455688477,24.0,16.291101455688477,24.0,16.291101455688477,24.0,16.291101455688477,24.0,16.291101455688477,24.0,16.291101455688477
11,22.299999237060547,16.352676391601562,22.299999237060547,16.352676391601562,22.299999237060547,16.352676391601562,22.299999237060547,16.352676391601562,22.299999237060547,16.352676391601562,22.299999237060547,16.352676391601562
12,22.600000381469727,14.664241790771484,22.600000381469727,14.664241790771484,22.600000381469727,14.664241790771484,22.600000381469727,14.664241790771484,22.600000381469727,14.664241790771484,22.600000381469727,14.664241790771484
13,28.200000762939453,22.323978424072266,28.200000762939453,22.323978424072266,28.200000762939453,22.323978424072266,28.200000762939453,22.323978424072266,28.200000762939453,22.323978424072266,28.200000762939453,22.323978424072266
14,25.0,15.34926700592041,25.0,15.34926700592041,24.100000381469727,12.934064865112305,24.100000381469727,12.934064865112305,24.100000381469727,12.934064865112305,24.100000381469727,12.934064865112305
15,20.0,13.971399307250977,20.0,13.971399307250977,18.5,10.651290893554688,18.5,10.651290893554688,18.5,10.651290893554688,18.5,10.651290893554688
16,19.5,8.720664978027344,19.5,8.720664978027344,19.399999618530273,8.662562370300293,19.200000762939453,8.529947280883789,19.200000762939453,8.529947280883789,19.399999618530273,8.662562370300293
17,20.100000381469727,11.894957542419434,20.100000381469727,11.894957542419434,18.600000381469727,10.956276893615723,19.200000762939453,10.796295166015625,19.200000762939453,10.796295166015625,18.600000381469727,10.956276893615723
18,15.199999809265137,4.833218574523926,15.199999809265137,4.833218574523926,15.399999618530273,4.651881217956543,14.399999618530273,4.630334377288818,14.399999618530273,4.630334377288818,15.399999618530273,4.651881217956543
19,17.299999237060547,9.747307777404785,17.299999237060547,9.747307777404785,24.899999618530273,27.053466796875,21.799999237060547,26.573671340942383,21.799999237060547,26.573671340942383,24.899999618530273,27.053466796875
20,15.300000190734863,10.109896659851074,15.300000190734863,10.109896659851074,12.199999809265137,3.2802438735961914,12.800000190734863,3.1874754428863525,12.800000190734863,3.1874754428863525,12.199999809265137,3.2802438735961914
21,16.799999237060547,5.1341986656188965,16.799999237060547,5.1341986656188965,17.100000381469727,4.805205345153809,17.0,4.83735466003418,17.0,4.83735466003418,17.100000381469727,4.805205345153809
22,12.699999809265137,3.163858413696289,12.699999809265137,3.163858413696289,12.399999618530273,3.168595790863037,12.600000381469727,3.3226494789123535,12.600000381469727,3.3226494789123535,12.399999618530273,3.168595790863037
23,13.199999809265137,3.627671480178833,13.199999809265137,3.627671480178833,12.899999618530273,3.505709648132324,12.699999809265137,3.661966323852539,12.699999809265137,3.661966323852539,12.899999618530273,3.505709648132324
24,16.600000381469727,9.666437149047852,16.600000381469727,9.666437149047852,14.699999809265137,8.8774995803833,12.399999618530273,3.168595790863037,12.399999618530273,3.168595790863037,14.699999809265137,8.8774995803833
25,11.100000381469727,1.1357816457748413,11.100000381469727,1.1357816457748413,11.199999809265137,1.1661903858184814,11.699999809265137,1.8466185331344604,11.699999809265137,1.8466185331344604,11.199999809265137,1.1661903858184814
26,11.0,1.7888543605804443,11.0,1.7888543605804443,11.300000190734863,1.8466185331344604,11.399999618530273,1.8547236919403076,11.399999618530273,1.8547236919403076,11.300000190734863,1.8466185331344604
27,10.899999618530273,2.700000047683716,10.899999618530273,2.700000047683716,11.5,2.539685010910034,11.600000381469727,2.457641124725342,11.600000381469727,2.457641124725342,11.5,2.539685010910034
28,14.300000190734863,5.216320514678955,14.300000190734863,5.216320514678955,26.899999618530273,40.14585876464844,26.700000762939453,40.234439849853516,25.899999618530273,37.84296417236328,26.899999618530273,40.14585876464844
29,12.899999618530273,5.146843433380127,12.899999618530273,5.146843433380127,12.899999618530273,5.028916358947754,12.5,5.08428955078125,13.100000381469727,5.107837200164795,12.899999618530273,5.028916358947754
30,13.300000190734863,3.874274253845215,13.300000190734863,3.874274253845215,13.600000381469727,4.103656768798828,13.600000381469727,4.103656768798828,13.600000381469727,4.103656768798828,13.600000381469727,4.103656768798828
31,13.0,2.6076810359954834,13.0,2.6076810359954834,12.300000190734863,2.5317976474761963,12.0,2.6076810359954834,11.800000190734863,2.5219039916992188,12.300000190734863,2.5317976474761963
32,11.399999618530273,2.332380771636963,11.399999618530273,2.332380771636963,11.800000190734863,2.3579652309417725,11.899999618530273,2.4269320964813232,11.5,2.3769729137420654,11.800000190734863,2.3579652309417725
33,11.199999809265137,2.3999998569488525,11.199999809265137,2.3999998569488525,11.5,2.5,11.5,2.5,11.100000381469727,2.385371685028076,11.5,2.5
34,10.300000190734863,1.187434196472168,10.300000190734863,1.187434196472168,10.300000190734863,1.187434196472168,10.100000381469727,1.0440306663513184,10.199999809265137,0.9797959327697754,10.300000190734863,1.187434196472168
35,11.0,1.7888543605804443,11.0,1.7888543605804443,10.800000190734863,1.6613247394561768,11.199999809265137,2.4413111209869385,11.199999809265137,2.4413111209869385,10.800000190734863,1.6613247394561768
36,10.100000381469727,1.445683240890503,10.100000381469727,1.445683240890503,9.899999618530273,1.6401219367980957,9.600000381469727,1.2806248664855957,9.600000381469727,1.2806248664855957,9.899999618530273,1.6401219367980957
37,11.800000190734863,2.0880613327026367,11.800000190734863,2.0880613327026367,12.100000381469727,1.9209372997283936,12.300000190734863,1.79164719581604,12.699999809265137,1.4177446365356445,12.100000381469727,1.9209372997283936
38,11.600000381469727,1.6248077154159546,11.600000381469727,1.6248077154159546,11.399999618530273,1.4282857179641724,11.899999618530273,1.7000000476837158,11.899999618530273,1.7000000476837158,11.399999618530273,1.4282857179641724
39,15.399999618530273,7.199999809265137,15.399999618530273,7.199999809265137,14.800000190734863,7.372923851013184,15.0,7.321201801300049,14.699999809265137,7.416872501373291,14.800000190734863,7.372923851013184
40,11.600000381469727,1.4966630935668945,11.600000381469727,1.4966630935668945,11.399999618530273,1.6248077154159546,11.600000381469727,1.5620499849319458,11.399999618530273,1.4966630935668945,11.399999618530273,1.6248077154159546
41,11.5,1.746424913406372,11.5,1.746424913406372,11.600000381469727,1.8547236919403076,11.699999809265137,1.79164719581604,11.5,1.6278821229934692,11.600000381469727,1.8547236919403076
42,11.5,1.9621416330337524,11.5,1.9621416330337524,11.699999809265137,1.7916473150253296,11.399999618530273,1.8000000715255737,11.399999618530273,1.5620499849319458,11.699999809265137,1.7916473150253296
43,10.699999809265137,1.7349351644515991,10.699999809265137,1.7349351644515991,10.5,1.6881942749023438,10.800000190734863,1.8330302238464355,10.899999618530273,1.8138357400894165,10.5,1.6881942749023438
44,11.600000381469727,2.835489273071289,11.600000381469727,2.835489273071289,11.300000190734863,2.9342801570892334,11.100000381469727,2.8089144229888916,11.300000190734863,2.7221314907073975,11.300000190734863,2.9342801570892334
45,10.899999618530273,1.0440306663513184,10.899999618530273,1.0440306663513184,11.300000190734863,1.268857717514038,11.699999809265137,1.4177446365356445,11.199999809265137,1.600000023841858,11.300000190734863,1.268857717514038
46,10.199999809265137,1.399999976158142,10.199999809265137,1.399999976158142,10.300000190734863,1.3453624248504639,10.300000190734863,1.3453624248504639,10.600000381469727,1.5620499849319458,10.300000190734863,1.3453624248504639
47,10.0,0.8944271802902222,10.0,0.8944271802902222,10.300000190734863,0.6403124332427979,10.300000190734863,0.6403124332427979,10.0,1.0,10.300000190734863,0.6403124332427979
48,11.100000381469727,3.299999952316284,11.100000381469727,3.299999952316284,11.5,3.2015621662139893,11.5,3.2015621662139893,11.800000190734863,3.155946969985962,11.5,3.2015621662139893
49,11.600000381469727,2.2449944019317627,11.600000381469727,2.2449944019317627,11.800000190734863,2.0880613327026367,11.800000190734863,2.0880613327026367,11.899999618530273,2.1656408309936523,11.800000190734863,2.0880613327026367
50,9.800000190734863,0.7483315467834473,9.800000190734863,0.7483315467834473,11.5,4.863126754760742,11.699999809265137,4.838387966156006,10.199999809265137,0.7483315467834473,11.5,4.863126754760742
51,12.100000381469727,1.7000000476837158,12.100000381469727,1.7000000476837158,12.0,1.7320507764816284,11.600000381469727,1.685230016708374,11.100000381469727,1.9723082780838013,12.0,1.7320507764816284
52,11.0,2.4899799823760986,11.0,2.4899799823760986,11.300000190734863,2.2383031845092773,11.0,2.0493900775909424,10.899999618530273,1.7000000476837158,11.300000190734863,2.2383031845092773
53,11.100000381469727,1.5132746696472168,11.100000381469727,1.5132746696472168,11.399999618530273,1.3564660549163818,11.199999809265137,1.399999976158142,10.899999618530273,1.5132746696472168,11.399999618530273,1.3564660549163818
54,10.600000381469727,1.4282857179641724,10.600000381469727,1.4282857179641724,10.800000190734863,1.5999999046325684,11.100000381469727,1.5132746696472168,11.5,2.291287899017334,10.800000190734863,1.5999999046325684
55,10.100000381469727,1.8681540489196777,10.100000381469727,1.8681540489196777,10.0,1.7888543605804443,9.800000190734863,1.399999976158142,10.199999809265137,1.536229133605957,10.0,1.7888543605804443
56,10.600000381469727,2.107130765914917,10.600000381469727,2.107130765914917,10.5,2.156385898590088,10.699999809265137,2.193171262741089,10.699999809265137,2.193171262741089,10.5,2.156385898590088
57,12.0,2.7928481101989746,12.0,2.7928481101989746,11.699999809265137,3.0347981452941895,11.699999809265137,3.0347981452941895,11.300000190734863,2.6476407051086426,11.699999809265137,3.0347981452941895
58,12.800000190734863,3.841874599456787,12.800000190734863,3.841874599456787,16.0,10.70513916015625,15.899999618530273,10.746627807617188,12.699999809265137,3.7161808013916016,16.0,10.70513916015625
59,10.100000381469727,0.7000000476837158,10.100000381469727,0.7000000476837158,10.100000381469727,0.5385164618492126,10.5,1.565247654914856,10.100000381469727,1.813835620880127,10.100000381469727,0.5385164618492126
60,11.600000381469727,3.104835033416748,11.600000381469727,3.104835033416748,11.100000381469727,2.586503267288208,10.699999809265137,2.2383029460906982,10.300000190734863,2.051828384399414,11.100000381469727,2.586503267288208
61,10.699999809265137,1.6763054132461548,10.699999809265137,1.6763054132461548,10.5,1.746424913406372,10.199999809265137,1.720464825630188,11.100000381469727,1.7578396797180176,10.5,1.746424913406372
62,11.100000381469727,1.7578396797180176,11.100000381469727,1.7578396797180176,10.899999618530273,1.8138357400894165,10.600000381469727,1.4966630935668945,10.300000190734863,1.6763054132461548,10.899999618530273,1.8138357400894165
63,10.899999618530273,2.4269320964813232,10.899999618530273,2.4269320964813232,14.0,9.654014587402344,14.0,9.654014587402344,10.600000381469727,2.2449944019317627,14.0,9.654014587402344
64,11.199999809265137,2.0396080017089844,11.199999809265137,2.0396080017089844,11.5,2.0615527629852295,10.800000190734863,0.9797959327697754,10.5,0.8062257766723633,11.5,2.0615527629852295
65,11.0,1.8439089059829712,11.0,1.8439089059829712,10.800000190734863,1.4696937799453735,10.800000190734863,1.4696937799453735,10.600000381469727,1.5620499849319458,10.800000190734863,1.4696937799453735
66,10.699999809265137,1.6155494451522827,10.699999809265137,1.6155494451522827,10.800000190734863,1.5999999046325684,11.399999618530273,1.9078783988952637,11.300000190734863,2.193171262741089,10.800000190734863,1.5999999046325684
67,10.0,1.1832159757614136,10.0,1.1832159757614136,10.0,1.1832159757614136,10.0,1.1832159757614136,9.800000190734863,1.1661903858184814,10.0,1.1832159757614136
68,9.800000190734863,1.0770330429077148,9.800000190734863,1.0770330429077148,10.5,1.8027756214141846,10.800000190734863,1.7776387929916382,10.5,1.3601471185684204,10.5,1.8027756214141846
69,10.600000381469727,1.1135529279708862,10.600000381469727,1.1135529279708862,10.899999618530273,1.1357816457748413,10.899999618530273,1.1357816457748413,10.399999618530273,1.2000000476837158,10.899999618530273,1.1357816457748413
70,11.300000190734863,1.268857717514038,11.300000190734863,1.268857717514038,11.399999618530273,1.8547236919403076,11.199999809265137,1.9899749755859375,10.600000381469727,1.3564659357070923,11.399999618530273,1.8547236919403076
71,10.800000190734863,1.0770330429077148,10.800000190734863,1.0770330429077148,11.100000381469727,1.445683240890503,11.300000190734863,1.268857717514038,12.399999618530273,5.885575771331787,11.100000381469727,1.445683240890503
72,11.899999618530273,3.014962911605835,11.899999618530273,3.014962911605835,12.899999618530273,2.8792359828948975,12.899999618530273,2.736786365509033,11.199999809265137,1.600000023841858,12.899999618530273,2.8792359828948975
73,9.399999618530273,0.4898979663848877,9.399999618530273,0.4898979663848877,9.399999618530273,0.6633250117301941,11.800000190734863,5.599999904632568,12.0,3.435112953186035,9.399999618530273,0.6633250117301941
74,11.699999809265137,2.193171262741089,11.699999809265137,2.193171262741089,11.600000381469727,2.4979991912841797,10.800000190734863,1.8330302238464355,11.0,1.8439089059829712,11.600000381469727,2.4979991912841797
75,10.800000190734863,2.0396080017089844,10.800000190734863,2.0396080017089844,13.300000190734863,8.485870361328125,12.600000381469727,7.927168846130371,10.800000190734863,1.9390720129013062,13.300000190734863,8.485870361328125
76,11.399999618530273,2.059126138687134,11.399999618530273,2.059126138687134,11.199999809265137,1.989974856376648,11.300000190734863,2.0999999046325684,10.899999618530273,2.118962049484253,11.199999809265137,1.989974856376648
77,10.5,1.746424913406372,10.5,1.746424913406372,10.899999618530273,1.6999999284744263,10.800000190734863,1.469693899154663,10.199999809265137,1.3266499042510986,10.899999618530273,1.6999999284744263
78,11.0,2.720294237136841,11.0,2.720294237136841,11.0,2.720294237136841,11.5,2.729468822479248,11.100000381469727,1.445683240890503,11.0,2.720294237136841
79,10.600000381469727,1.5620499849319458,10.600000381469727,1.5620499849319458,10.399999618530273,1.3564660549163818,10.699999809265137,1.7349351644515991,10.600000381469727,1.9078783988952637,10.399999618530273,1.3564660549163818
80,10.199999809265137,1.600000023841858,10.199999809265137,1.600000023841858,10.100000381469727,1.445683240890503,10.199999809265137,1.399999976158142,10.100000381469727,1.6401219367980957,10.100000381469727,1.445683240890503
81,11.199999809265137,2.6000001430511475,11.199999809265137,2.6000001430511475,10.800000190734863,2.0880613327026367,10.800000190734863,2.0880613327026367,10.600000381469727,2.059126138687134,10.800000190734863,2.0880613327026367
82,10.600000381469727,1.0198040008544922,10.600000381469727,1.0198040008544922,10.600000381469727,1.0198040008544922,10.899999618530273,1.1357816457748413,10.600000381469727,1.2000000476837158,10.600000381469727,1.0198040008544922
83,10.399999618530273,1.0198040008544922,10.399999618530273,1.0198040008544922,10.399999618530273,1.0198040008544922,10.0,0.6324555277824402,10.0,1.0,10.399999618530273,1.0198040008544922
84,10.300000190734863,1.4866068363189697,10.300000190734863,1.4866068363189697,10.399999618530273,1.5620499849319458,10.399999618530273,1.5620499849319458,10.800000190734863,1.7776387929916382,10.399999618530273,1.5620499849319458
85,11.199999809265137,1.7776390314102173,11.199999809265137,1.7776390314102173,11.600000381469727,2.6153392791748047,10.899999618530273,1.6401219367980957,10.600000381469727,1.4282857179641724,11.600000381469727,2.6153392791748047
86,11.199999809265137,1.5362290143966675,11.199999809265137,1.5362290143966675,12.100000381469727,3.0805842876434326,11.800000190734863,2.9597296714782715,11.199999809265137,1.833030343055725,12.100000381469727,3.0805842876434326
87,9.899999618530273,0.7000000476837158,9.899999618530273,0.7000000476837158,10.100000381469727,0.943398118019104,10.600000381469727,1.6248077154159546,10.300000190734863,1.268857717514038,10.100000381469727,0.943398118019104
88,10.0,1.2649110555648804,10.0,1.2649110555648804,10.300000190734863,1.3453624248504639,10.100000381469727,1.1357816457748413,9.899999618530273,0.699999988079071,10.300000190734863,1.3453624248504639
89,10.100000381469727,1.0440306663513184,10.100000381469727,1.0440306663513184,11.600000381469727,3.9547441005706787,10.100000381469727,1.1357816457748413,12.300000190734863,6.100000381469727,11.600000381469727,3.9547441005706787
90,10.5,1.3601471185684204,10.5,1.3601471185684204,11.699999809265137,3.0347981452941895,10.699999809265137,1.100000023841858,10.600000381469727,1.3564659357070923,11.699999809265137,3.0347981452941895
91,10.699999809265137,2.4919872283935547,10.699999809265137,2.4919872283935547,11.899999618530273,4.205948352813721,11.5,3.3241541385650635,10.199999809265137,1.536229133605957,11.899999618530273,4.205948352813721
92,10.600000381469727,1.0198040008544922,10.600000381469727,1.0198040008544922,10.5,1.1180340051651,10.300000190734863,1.268857717514038,11.699999809265137,2.6851444244384766,10.5,1.1180340051651
93,10.199999809265137,1.3266499042510986,10.199999809265137,1.3266499042510986,10.199999809265137,1.3266499042510986,10.100000381469727,1.2206555604934692,10.0,0.8944271802902222,10.199999809265137,1.3266499042510986
94,11.600000381469727,1.8547236919403076,11.600000381469727,1.8547236919403076,11.399999618530273,2.0099751949310303,11.800000190734863,1.6613247394561768,10.899999618530273,1.577973484992981,11.399999618530273,2.0099751949310303
95,10.899999618530273,1.8681542873382568,10.899999618530273,1.8681542873382568,11.199999809265137,1.7776390314102173,10.899999618530273,1.3000000715255737,11.5,2.5787594318389893,11.199999809265137,1.7776390314102173
96,10.399999618530273,1.2806248664855957,10.399999618530273,1.2806248664855957,12.199999809265137,4.489988803863525,11.100000381469727,1.7000000476837158,11.300000190734863,1.6763054132461548,12.199999809265137,4.489988803863525
97,11.199999809265137,1.4696937799453735,11.199999809265137,1.4696937799453735,12.699999809265137,4.337049961090088,13.399999618530273,6.681317329406738,10.899999618530273,1.3000000715255737,12.699999809265137,4.337049961090088
98,10.100000381469727,1.445683240890503,10.100000381469727,1.445683240890503,12.899999618530273,7.803204536437988,10.199999809265137,1.2489995956420898,13.0,7.496665954589844,12.899999618530273,7.803204536437988
99,10.5,1.5,10.5,1.5,10.899999618530273,1.577973484992981,10.800000190734863,1.6613247394561768,11.399999618530273,1.4282857179641724,10.899999618530273,1.577973484992981
100,11.100000381469727,1.5132746696472168,11.100000381469727,1.5132746696472168,11.199999809265137,1.1661903858184814,11.899999618530273,3.3896901607513428,9.699999809265137,1.3453624248504639,11.199999809265137,1.1661903858184814
101,10.399999618530273,2.332380771636963,10.399999618530273,2.332380771636963,10.199999809265137,1.6613248586654663,10.100000381469727,1.577973484992981,11.699999809265137,4.124318599700928,10.199999809265137,1.6613248586654663
102,10.800000190734863,1.3266499042510986,10.800000190734863,1.3266499042510986,9.899999618530273,1.0440306663513184,9.899999618530273,1.0440306663513184,12.100000381469727,3.330165147781372,9.899999618530273,1.0440306663513184
103,10.699999809265137,1.552417516708374,10.699999809265137,1.552417516708374,10.5,1.3601471185684204,10.300000190734863,1.4177446365356445,10.5,1.3601471185684204,10.5,1.3601471185684204
104,11.100000381469727,2.1656408309936523,11.100000381469727,2.1656408309936523,11.5,2.2022714614868164,11.300000190734863,2.2825424671173096,11.5,2.2022714614868164,11.5,2.2022714614868164
105,11.100000381469727,2.5475478172302246,11.100000381469727,2.5475478172302246,10.399999618530273,1.7435595989227295,10.0,1.3416407108306885,9.899999618530273,1.2206555604934692,10.399999618530273,1.7435595989227295
106,11.199999809265137,1.8330302238464355,11.199999809265137,1.8330302238464355,11.699999809265137,2.4919872283935547,11.0,1.3416407108306885,11.199999809265137,1.833030104637146,11.699999809265137,2.4919872283935547
107,11.0,1.6124515533447266,11.0,1.6124515533447266,14.399999618530273,6.280127048492432,13.199999809265137,6.209669589996338,10.300000190734863,1.4866068363189697,14.399999618530273,6.280127048492432
108,10.699999809265137,1.79164719581604,10.699999809265137,1.79164719581604,11.199999809265137,1.939071774482727,11.5,1.746424913406372,10.5,1.5,11.199999809265137,1.939071774482727
109,13.0,3.5777087211608887,13.0,3.5777087211608887,11.300000190734863,1.0049875974655151,11.199999809265137,1.0770330429077148,11.100000381469727,1.577973484992981,11.199999809265137,1.0770330429077148
110,11.5,1.1180340051651,11.5,1.1180340051651,11.5,1.2845232486724854,11.300000190734863,1.187434196472168,10.600000381469727,1.1135529279708862,11.300000190734863,1.187434196472168
111,11.199999809265137,1.6613246202468872,11.199999809265137,1.6613246202468872,11.899999618530273,2.0223748683929443,12.199999809265137,1.7776387929916382,11.399999618530273,1.1135529279708862,11.899999618530273,2.0223748683929443
112,13.199999809265137,5.793098449707031,13.199999809265137,5.793098449707031,11.0,1.4142135381698608,10.699999809265137,1.4866068363189697,11.5,1.746424913406372,10.899999618530273,1.3747726678848267
113,11.100000381469727,2.6248810291290283,11.100000381469727,2.6248810291290283,10.800000190734863,1.0770330429077148,10.699999809265137,1.100000023841858,10.699999809265137,0.7810249924659729,10.699999809265137,1.100000023841858
114,11.800000190734863,2.8565711975097656,11.800000190734863,2.8565711975097656,11.0,1.3416407108306885,10.899999618530273,1.445683240890503,11.0,1.6124515533447266,11.100000381469727,1.3000000715255737
115,11.399999618530273,2.0099751949310303,11.399999618530273,2.0099751949310303,11.100000381469727,1.9723082780838013,10.899999618530273,1.9723082780838013,11.399999618530273,3.8522720336914062,10.800000190734863,1.886796236038208
116,11.399999618530273,2.835489273071289,11.399999618530273,2.835489273071289,11.0,1.6124515533447266,11.199999809265137,1.4696937799453735,12.399999618530273,2.9732136726379395,10.800000190734863,1.8330302238464355
117,13.0,4.4721360206604,13.0,4.4721360206604,11.100000381469727,2.8089144229888916,10.899999618530273,2.8792357444763184,13.100000381469727,3.64554500579834,11.199999809265137,2.821347236633301
118,11.100000381469727,1.577973484992981,11.100000381469727,1.577973484992981,11.5,2.156385898590088,11.199999809265137,2.2271058559417725,10.899999618530273,1.577973484992981,11.5,2.156385898590088
119,13.399999618530273,4.882622241973877,13.399999618530273,4.882622241973877,12.699999809265137,4.960846900939941,12.899999618530273,4.846648693084717,11.600000381469727,2.200000047683716,12.699999809265137,4.960846900939941
120,12.399999618530273,4.12795352935791,12.399999618530273,4.12795352935791,11.0,2.144761085510254,10.5,2.1095023155212402,11.399999618530273,2.6153392791748047,10.699999809265137,2.051828145980835
121,12.600000381469727,2.537715435028076,12.600000381469727,2.537715435028076,13.0,2.966479539871216,12.5,2.0124611854553223,12.199999809265137,1.7776387929916382,12.899999618530273,3.1128764152526855
122,13.300000190734863,5.728001117706299,13.300000190734863,5.728001117706299,10.600000381469727,1.4966630935668945,10.899999618530273,1.5132746696472168,10.300000190734863,1.9519222974777222,11.100000381469727,1.7000000476837158
123,10.899999618530273,2.467792272567749,10.899999618530273,2.467792272567749,11.0,2.144761085510254,11.199999809265137,2.315167188644409,10.600000381469727,1.2806248664855957,10.899999618530273,2.118961811065674
124,14.0,4.939635753631592,14.0,4.939635753631592,13.0,2.756809711456299,12.5,2.692582368850708,12.199999809265137,2.925747871398926,13.300000190734863,2.5709919929504395
125,13.100000381469727,4.300000190734863,13.100000381469727,4.300000190734863,12.0,3.06594181060791,11.600000381469727,3.104835033416748,11.199999809265137,2.4819347858428955,12.100000381469727,3.0805842876434326
126,12.5,2.0615527629852295,12.5,2.0615527629852295,12.0,1.3416407108306885,11.600000381469727,1.2000000476837158,11.300000190734863,1.6155494451522827,12.199999809265137,1.4696937799453735
127,12.399999618530273,4.079216003417969,13.5,7.283543109893799,11.0,1.4142135381698608,10.699999809265137,1.4177446365356445,10.899999618530273,1.8681540489196777,11.100000381469727,1.577973484992981
128,13.699999809265137,4.960846424102783,14.100000381469727,5.281098365783691,11.600000381469727,3.3526108264923096,11.600000381469727,3.469870090484619,12.100000381469727,2.3853721618652344,14.100000381469727,7.712975978851318
129,12.300000190734863,2.8999998569488525,13.600000381469727,5.535340785980225,12.399999618530273,2.799999952316284,12.0,2.0,12.0,1.8973665237426758,12.399999618530273,2.799999952316284
130,12.899999618530273,4.2059478759765625,13.300000190734863,6.0340704917907715,11.5,2.156385898590088,10.800000190734863,1.1661903858184814,11.699999809265137,2.5709922313690186,11.699999809265137,2.0999999046325684
131,11.5,1.9621416330337524,15.0,9.507891654968262,11.800000190734863,2.99332594871521,11.399999618530273,2.799999952316284,12.699999809265137,2.4919872283935547,11.600000381469727,3.168595790863037
132,11.600000381469727,1.3564659357070923,16.299999237060547,14.283206939697266,12.699999809265137,3.9761788845062256,11.300000190734863,1.3453624248504639,13.199999809265137,2.135415554046631,12.600000381469727,4.0049967765808105
133,11.899999618530273,4.570558071136475,15.5,15.226621627807617,10.100000381469727,1.3747726678848267,10.399999618530273,1.3564659357070923,12.100000381469727,2.773084878921509,10.399999618530273,1.2000000476837158
134,15.399999618530273,8.16333293914795,15.899999618530273,9.51262378692627,14.800000190734863,8.195120811462402,12.399999618530273,3.469870090484619,12.5,2.156385898590088,14.800000190734863,8.195120811462402
135,12.300000190734863,2.4103941917419434,12.600000381469727,2.1540660858154297,10.800000190734863,1.8330302238464355,10.600000381469727,2.0099751949310303,10.0,1.7320507764816284,10.800000190734863,1.8330302238464355
136,13.399999618530273,5.199999809265137,14.100000381469727,6.378871440887451,13.5,5.835237503051758,11.800000190734863,4.534313678741455,11.199999809265137,2.0880613327026367,13.300000190734863,5.950630187988281
137,14.800000190734863,8.207313537597656,13.899999618530273,7.217340469360352,14.300000190734863,7.156116008758545,14.100000381469727,7.077428817749023,12.100000381469727,2.1656405925750732,13.699999809265137,7.239474773406982
138,11.100000381469727,2.3430745601654053,11.600000381469727,2.374868392944336,12.0,2.7928481101989746,11.5,2.6551835536956787,12.199999809265137,4.4452223777771,12.100000381469727,2.700000047683716
139,11.300000190734863,1.79164719581604,12.100000381469727,3.4190642833709717,11.699999809265137,2.1470911502838135,11.699999809265137,1.899999976158142,12.800000190734863,2.135415554046631,11.699999809265137,2.1470911502838135
140,12.5,2.156385898590088,16.299999237060547,10.412012100219727,12.899999618530273,3.448188066482544,12.5,2.5787594318389893,13.100000381469727,5.185556888580322,12.899999618530273,3.448188066482544
141,11.800000190734863,2.0880613327026367,15.800000190734863,12.245816230773926,12.100000381469727,2.662705421447754,11.399999618530273,2.457641124725342,10.5,1.2845232486724854,12.0,2.756809711456299
142,12.899999618530273,3.726928949356079,23.299999237060547,33.042545318603516,13.699999809265137,3.9761791229248047,13.399999618530273,4.054626941680908,17.0,10.488088607788086,13.699999809265137,3.9761791229248047
143,13.199999809265137,4.7074408531188965,14.0,5.099019527435303,12.600000381469727,3.58329439163208,11.600000381469727,3.039736747741699,19.200000762939453,23.650794982910156,12.199999809265137,3.627671480178833
144,17.200000762939453,17.998889923095703,18.299999237060547,18.26499366760254,12.899999618530273,4.635730743408203,12.199999809265137,2.5219039916992188,19.200000762939453,22.688323974609375,13.100000381469727,4.459820747375488
145,16.600000381469727,8.76584243774414,25.700000762939453,27.817441940307617,12.100000381469727,2.1656408309936523,11.5,1.8027756214141846,17.100000381469727,9.669022560119629,12.100000381469727,2.1656408309936523
146,12.199999809265137,3.24961519241333,14.899999618530273,4.742362022399902,12.600000381469727,2.870539903640747,12.300000190734863,3.0675721168518066,12.800000190734863,7.573638916015625,12.5,2.906888246536255
147,18.899999618530273,20.762706756591797,13.199999809265137,4.955804824829102,12.699999809265137,3.2572994232177734,11.600000381469727,2.6907248497009277,12.399999618530273,2.4979991912841797,11.699999809265137,2.6476407051086426
148,13.800000190734863,7.54718542098999,17.5,8.720664978027344,13.699999809265137,5.292447090148926,12.899999618530273,5.1855573654174805,12.5,6.053924560546875,13.600000381469727,5.3888773918151855
149,12.5,3.8794329166412354,13.199999809265137,5.723634719848633,18.0,17.51570701599121,16.899999618530273,17.42670440673828,11.899999618530273,1.8681542873382568,18.5,17.321950912475586
150,15.600000381469727,6.68131685256958,16.899999618530273,9.700000762939453,13.5,3.956007957458496,11.800000190734863,1.600000023841858,11.5,1.8574175834655762,13.300000190734863,4.075536727905273
151,15.600000381469727,8.777243614196777,17.200000762939453,12.99846076965332,17.399999618530273,13.573502540588379,12.800000190734863,3.4583234786987305,11.600000381469727,1.9595918655395508,17.399999618530273,13.573502540588379
152,13.800000190734863,9.293007850646973,13.100000381469727,6.284106731414795,14.699999809265137,3.9255573749542236,12.100000381469727,1.7000000476837158,11.5,3.041381359100342,13.899999618530273,4.182104587554932
153,14.300000190734863,8.46226978302002,15.0,10.449880599975586,12.399999618530273,2.374868392944336,12.199999809265137,2.5612497329711914,13.199999809265137,3.429285764694214,12.399999618530273,2.374868392944336
154,16.299999237060547,13.09999942779541,13.699999809265137,5.5865912437438965,13.800000190734863,2.7129318714141846,14.300000190734863,2.758622884750366,12.199999809265137,2.5219039916992188,13.699999809265137,2.8301944732666016
155,16.600000381469727,12.523578643798828,23.600000381469727,32.939945220947266,11.399999618530273,2.332380771636963,11.899999618530273,2.586503267288208,13.399999618530273,8.260750770568848,11.399999618530273,2.332380771636963
156,18.5,20.071123123168945,12.600000381469727,3.4985711574554443,12.399999618530273,3.52703857421875,11.100000381469727,2.0223751068115234,32.400001525878906,62.57347869873047,12.399999618530273,3.52703857421875
157,17.700000762939453,20.828105926513672,12.300000190734863,3.377869129180908,11.600000381469727,2.939387321472168,11.100000381469727,1.5779733657836914,14.300000190734863,5.933802127838135,11.600000381469727,2.939387321472168
158,12.699999809265137,3.950949192047119,14.800000190734863,8.05977725982666,11.600000381469727,1.9595918655395508,11.699999809265137,2.1470909118652344,10.899999618530273,1.7000000476837158,11.600000381469727,1.9595918655395508
159,11.399999618530273,2.6153392791748047,14.899999618530273,13.434656143188477,12.899999618530273,5.31883430480957,10.699999809265137,1.7349351644515991,15.100000381469727,12.348685264587402,12.899999618530273,6.090156078338623
160,12.399999618530273,4.103656768798828,13.199999809265137,8.047359466552734,12.399999618530273,4.58693790435791,11.399999618530273,2.799999952316284,13.0,3.492849826812744,12.800000190734863,5.706137657165527
161,12.800000190734863,5.095095634460449,12.5,4.031128883361816,12.5,4.129164695739746,13.0,2.9325757026672363,12.800000190734863,4.749736785888672,13.399999618530273,7.3375749588012695
162,11.5,2.41867733001709,12.300000190734863,4.733920097351074,12.800000190734863,5.491812229156494,11.800000190734863,2.9597296714782715,12.0,1.8439089059829712,13.100000381469727,5.412023544311523
163,12.699999809265137,4.712749004364014,14.600000381469727,8.039900779724121,12.899999618530273,4.437341213226318,13.0,3.549647808074951,10.5,1.565247654914856,13.899999618530273,5.73498010635376
164,12.600000381469727,3.3226494789123535,13.300000190734863,5.0803542137146,13.300000190734863,7.071774959564209,13.800000190734863,7.846018314361572,13.399999618530273,4.31740665435791,16.399999618530273,16.082286834716797
165,14.699999809265137,7.12811279296875,17.700000762939453,15.349592208862305,12.100000381469727,2.8792359828948975,13.0,3.098386764526367,10.699999809265137,2.4515299797058105,14.300000190734863,8.820998191833496
166,14.899999618530273,8.745856285095215,17.0,15.21841049194336,13.5,7.102816581726074,11.300000190734863,2.3259406089782715,12.800000190734863,2.99332594871521,12.300000190734863,3.1953091621398926
167,11.5,4.248528957366943,12.699999809265137,7.335529804229736,14.600000381469727,11.92644214630127,12.100000381469727,4.276680946350098,10.399999618530273,2.1540660858154297,13.100000381469727,7.119691371917725
168,13.699999809265137,7.59012508392334,12.600000381469727,4.715929985046387,13.199999809265137,5.134199142456055,12.699999809265137,2.5709917545318604,13.0,6.148170471191406,16.299999237060547,12.083459854125977
169,14.5,5.953990459442139,16.399999618530273,10.919707298278809,13.199999809265137,6.645298957824707,12.699999809265137,5.532630443572998,13.899999618530273,4.54862642288208,11.699999809265137,2.368543863296509
170,12.100000381469727,2.2561028003692627,16.799999237060547,10.970870971679688,11.600000381469727,2.764054775238037,19.200000762939453,24.95916748046875,12.5,4.7169904708862305,12.0,3.2863354682922363
171,17.799999237060547,11.16064453125,16.600000381469727,7.914543151855469,12.399999618530273,4.152108192443848,22.600000381469727,32.705352783203125,13.0,3.8209946155548096,13.399999618530273,4.9234137535095215
172,13.699999809265137,5.6929779052734375,19.0,19.183326721191406,12.5,3.8794329166412354,14.100000381469727,6.992138385772705,11.100000381469727,4.846648693084717,13.300000190734863,4.980963706970215
173,20.700000762939453,18.655025482177734,20.899999618530273,19.15437126159668,15.600000381469727,14.887578964233398,11.600000381469727,2.6153392791748047,13.0,4.9598388671875,16.899999618530273,18.463205337524414
174,16.200000762939453,10.16661262512207,15.899999618530273,14.583894729614258,24.5,29.496610641479492,11.199999809265137,2.13541579246521,15.699999809265137,14.03602409362793,22.700000762939453,27.29487419128418
175,13.899999618530273,4.78434944152832,16.299999237060547,14.135416030883789,18.600000381469727,14.981322288513184,15.300000190734863,7.1421284675598145,25.799999237060547,22.116962432861328,16.100000381469727,7.980601787567139
176,18.399999618530273,14.492755889892578,22.5,18.543193817138672,15.100000381469727,9.364294052124023,20.5,23.53401756286621,17.100000381469727,16.083843231201172,20.100000381469727,15.814234733581543
177,18.200000762939453,20.395099639892578,21.899999618530273,20.90669822692871,19.299999237060547,20.484384536743164,14.100000381469727,5.821512222290039,16.700000762939453,11.584903717041016,13.399999618530273,5.161395072937012
178,11.399999618530273,2.576819896697998,15.600000381469727,12.713772773742676,16.299999237060547,7.746612071990967,19.299999237060547,15.836981773376465,13.800000190734863,9.20651912689209,16.5,8.81192398071289
179,16.399999618530273,14.207039833068848,16.600000381469727,14.29825210571289,16.600000381469727,11.706408500671387,14.100000381469727,4.592385292053223,12.0,6.066300392150879,19.200000762939453,15.998749732971191
180,12.300000190734863,5.848931789398193,17.700000762939453,15.735628128051758,12.699999809265137,3.661966562271118,13.0,3.549647808074951,12.5,5.643580436706543,13.600000381469727,6.264183521270752
181,17.100000381469727,11.911758422851562,16.700000762939453,16.88816261291504,14.0,10.237187385559082,15.100000381469727,11.665761947631836,16.700000762939453,14.311184883117676,15.800000190734863,13.287589073181152
182,15.100000381469727,8.27586841583252,16.799999237060547,11.338430404663086,18.299999237060547,12.806638717651367,21.100000381469727,22.079177856445312,14.600000381469727,11.262327194213867,19.5,14.235518455505371
183,16.799999237060547,12.278435707092285,15.0,8.0,16.100000381469727,11.246777534484863,15.300000190734863,11.428473472595215,10.899999618530273,3.910243034362793,16.5,14.650938034057617
184,15.100000381469727,4.0360870361328125,15.5,7.8771820068359375,20.899999618530273,29.16316032409668,16.5,16.414932250976562,16.799999237060547,16.216041564941406,17.5,13.485177040100098
185,16.700000762939453,13.069430351257324,17.799999237060547,11.805083274841309,17.200000762939453,10.225458145141602,20.0,19.05780792236328,13.5,8.003124237060547,17.299999237060547,8.82099723815918
186,15.300000190734863,5.550675868988037,16.600000381469727,11.119352340698242,18.700000762939453,13.528118133544922,18.700000762939453,13.733534812927246,13.600000381469727,6.651315689086914,20.5,18.18928337097168
187,16.399999618530273,11.850737571716309,17.200000762939453,15.367498397827148,19.899999618530273,14.68638801574707,16.5,10.623087882995605,14.5,8.464632034301758,17.0,13.572030067443848
188,17.5,11.951987266540527,29.100000381469727,27.497089385986328,25.5,24.187807083129883,30.0,29.151329040527344,13.399999618530273,5.462600231170654,23.899999618530273,24.126541137695312
189,15.800000190734863,12.172099113464355,17.399999618530273,16.51786994934082,15.899999618530273,9.24608039855957,15.5,7.214568614959717,15.399999618530273,6.755738258361816,16.899999618530273,11.742656707763672
190,18.5,11.412712097167969,19.799999237060547,24.408193588256836,22.899999618530273,32.31856918334961,14.899999618530273,5.448853015899658,19.200000762939453,12.40000057220459,22.200000762939453,32.83839416503906
191,14.600000381469727,6.374950885772705,16.899999618530273,9.126335144042969,14.800000190734863,8.207313537597656,16.799999237060547,14.218297958374023,17.200000762939453,12.95221996307373,15.300000190734863,6.87095308303833
192,25.0,20.342073440551758,17.200000762939453,16.86297607421875,24.600000381469727,40.227352142333984,16.399999618530273,11.262327194213867,16.5,18.36981201171875,13.800000190734863,7.277362823486328
193,17.0,10.945319175720215,19.100000381469727,19.38272476196289,15.699999809265137,11.798727989196777,14.0,7.4833149909973145,15.899999618530273,9.751409530639648,18.5,20.87702178955078
194,21.100000381469727,19.14392852783203,15.0,5.366562843322754,15.899999618530273,9.80255126953125,14.600000381469727,7.158212184906006,17.5,11.586629867553711,20.899999618530273,22.840534210205078
195,16.299999237060547,6.634003639221191,19.299999237060547,19.084287643432617,16.799999237060547,10.486180305480957,16.799999237060547,8.669486999511719,16.399999618530273,13.922642707824707,16.600000381469727,7.989994049072266
196,26.5,23.871530532836914,28.299999237060547,28.24907112121582,22.399999618530273,23.42733383178711,27.600000381469727,29.648609161376953,14.5,5.408327102661133,23.700000762939453,23.75310707092285
197,21.799999237060547,24.14042091369629,15.899999618530273,7.687001705169678,17.600000381469727,16.704490661621094,14.5,7.392563819885254,15.199999809265137,6.89637565612793,20.100000381469727,16.164466857910156
198,17.799999237060547,13.075166702270508,16.299999237060547,11.00045394897461,16.5,10.6887788772583,17.0,11.144505500793457,22.299999237060547,16.82884407043457,23.600000381469727,21.22357177734375
199,16.299999237060547,7.043436527252197,17.0,17.492855072021484,16.299999237060547,9.476814270019531,19.299999237060547,21.42918586730957,12.100000381469727,3.477067708969116,17.200000762939453,12.24581527709961
200,14.300000190734863,5.139066219329834,21.200000762939453,23.348663330078125,13.699999809265137,5.933801174163818,19.899999618530273,21.933761596679688,15.5,11.621101379394531,15.199999809265137,12.031624794006348
201,15.399999618530273,6.959885120391846,26.799999237060547,34.160797119140625,19.299999237060547,16.44414710998535,18.700000762939453,15.330035209655762,23.200000762939453,16.104658126831055,18.200000762939453,13.05986213684082
202,13.699999809265137,7.550496578216553,22.700000762939453,24.37642478942871,21.799999237060547,18.866901397705078,23.799999237060547,22.591148376464844,18.600000381469727,16.2308349609375,25.399999618530273,26.26861000061035
203,24.799999237060547,23.245643615722656,24.299999237060547,31.899999618530273,15.600000381469727,10.55651569366455,17.899999618530273,14.362798690795898,16.5,9.615092277526855,15.899999618530273,12.308126449584961
204,14.899999618530273,4.657252788543701,20.5,14.122676849365234,20.200000762939453,16.557777404785156,17.799999237060547,14.161920547485352,15.0,7.602631092071533,23.899999618530273,19.618614196777344
205,29.100000381469727,30.89805793762207,17.600000381469727,12.721635818481445,14.0,5.585696220397949,14.300000190734863,6.435060024261475,14.600000381469727,6.770524501800537,16.600000381469727,8.800000190734863
206,22.100000381469727,17.996944427490234,26.399999618530273,21.27533721923828,42.70000076293945,36.12769317626953,29.299999237060547,29.363412857055664,17.399999618530273,11.612061500549316,16.899999618530273,13.678084373474121
207,18.399999618530273,10.190191268920898,27.899999618530273,35.87603759765625,21.0,19.266551971435547,17.0,10.927030563354492,15.600000381469727,9.624967575073242,25.299999237060547,20.68840217590332
208,19.5,16.414932250976562,18.200000762939453,18.026647567749023,21.299999237060547,15.440530776977539,32.900001525878906,36.184112548828125,37.900001525878906,45.91829299926758,36.400001525878906,43.43547058105469
209,13.699999809265137,4.561797618865967,17.299999237060547,11.063904762268066,20.299999237060547,13.550276756286621,20.5,14.800337791442871,17.799999237060547,14.091132164001465,16.799999237060547,6.257795333862305
210,19.399999618530273,14.228140830993652,23.0,17.77638816833496,23.100000381469727,29.374990463256836,21.299999237060547,19.60637664794922,15.800000190734863,9.998000144958496,20.899999618530273,14.869095802307129
211,18.299999237060547,10.498095512390137,24.299999237060547,21.37311363220215,20.399999618530273,11.490866661071777,22.899999618530273,19.294816970825195,20.600000381469727,17.315889358520508,28.600000381469727,30.153606414794922
212,26.899999618530273,27.78650665283203,23.700000762939453,23.366857528686523,29.899999618530273,47.34015655517578,24.899999618530273,26.20858383178711,17.399999618530273,15.173661231994629,27.5,29.449108123779297
213,19.700000762939453,13.10763168334961,19.399999618530273,18.04549789428711,27.0,34.34821701049805,21.799999237060547,18.546157836914062,24.600000381469727,23.862943649291992,21.700000762939453,20.401226043701172
214,27.5,33.57752227783203,31.299999237060547,38.29112243652344,21.5,19.941164016723633,14.5,5.004997253417969,27.200000762939453,26.902790069580078,23.899999618530273,26.59492301940918
215,21.600000381469727,13.922643661499023,20.299999237060547,12.85340404510498,23.600000381469727,27.749595642089844,33.29999923706055,40.63016128540039,22.700000762939453,26.42745018005371,22.0,20.861448287963867
216,27.0,16.272676467895508,33.29999923706055,34.78807067871094,28.299999237060547,23.609533309936523,27.600000381469727,23.75794792175293,18.700000762939453,14.51929759979248,17.399999618530273,6.726068496704102
217,28.899999618530273,19.08114242553711,18.899999618530273,12.980369567871094,23.899999618530273,24.126541137695312,19.799999237060547,12.851458549499512,23.0,22.807893753051758,20.100000381469727,14.895974159240723
218,27.899999618530273,23.49659538269043,21.100000381469727,16.837160110473633,25.100000381469727,23.534868240356445,17.799999237060547,8.89719009399414,20.100000381469727,15.036290168762207,19.700000762939453,10.677546501159668
219,24.700000762939453,12.393950462341309,22.100000381469727,22.299999237060547,29.799999237060547,23.228431701660156,22.5,15.29869270324707,22.799999237060547,16.702096939086914,21.700000762939453,21.684326171875
220,20.700000762939453,14.839473724365234,23.5,20.01624298095703,20.200000762939453,14.891608238220215,32.20000076293945,52.28154754638672,23.899999618530273,21.39836311340332,21.700000762939453,13.6970796585083
221,25.600000381469727,16.835676193237305,25.899999618530273,25.0816650390625,41.099998474121094,46.513328552246094,28.100000381469727,25.571273803710938,21.799999237060547,25.05912971496582,29.600000381469727,23.521055221557617
222,31.799999237060547,27.465614318847656,33.900001525878906,32.7733154296875,25.399999618530273,18.100828170776367,22.799999237060547,17.11607551574707,24.700000762939453,17.07659149169922,30.799999237060547,26.93250846862793
223,29.299999237060547,21.382469177246094,19.899999618530273,11.175418853759766,30.700000762939453,31.119287490844727,23.5,14.712239265441895,24.700000762939453,25.643909454345703,24.0,14.268847465515137
224,37.29999923706055,26.427446365356445,34.0,25.561691284179688,38.099998474121094,33.610862731933594,31.299999237060547,19.225244522094727,22.0,10.99090576171875,35.099998474121094,31.373395919799805
225,39.5,41.21710968017578,26.799999237060547,19.681461334228516,33.099998474121094,32.858638763427734,24.100000381469727,23.922582626342773,39.20000076293945,34.86201477050781,33.29999923706055,24.56440544128418
226,32.20000076293945,29.949291229248047,26.5,20.756927490234375,37.20000076293945,34.07579803466797,30.299999237060547,26.245189666748047,29.299999237060547,20.479501724243164,39.29999923706055,36.93791961669922
227,36.70000076293945,30.512454986572266,28.299999237060547,20.813697814941406,34.70000076293945,42.32268524169922,24.200000762939453,19.497692108154297,25.299999237060547,19.703046798706055,38.0,30.916015625
228,23.399999618530273,11.723481178283691,35.79999923706055,30.902423858642578,37.5,43.998294830322266,27.0,28.761085510253906,43.0,26.279268264770508,28.700000762939453,27.542875289916992
229,31.299999237060547,31.805818557739258,36.099998474121094,31.139846801757812,28.899999618530273,16.80743980407715,24.200000762939453,13.385066032409668,19.200000762939453,7.972452640533447,37.900001525878906,37.73181915283203
230,37.900001525878906,29.16316032409668,28.799999237060547,29.929248809814453,29.200000762939453,21.42335319519043,25.100000381469727,17.823862075805664,25.5,11.791946411132812,34.79999923706055,29.892473220825195
231,31.200000762939453,24.107261657714844,21.200000762939453,14.743133544921875,39.400001525878906,45.29061508178711,48.599998474121094,50.90422058105469,23.0,20.938003540039062,31.799999237060547,21.752241134643555
232,35.20000076293945,31.002580642700195,34.099998474121094,32.3402214050293,30.200000762939453,21.77521514892578,28.600000381469727,20.88636016845703,33.900001525878906,27.30000114440918,26.600000381469727,23.854557037353516
233,40.400001525878906,37.10309982299805,33.0,26.95180892944336,21.399999618530273,11.508256912231445,35.099998474121094,38.62757873535156,38.79999923706055,34.347633361816406,30.299999237060547,20.000247955322266
234,58.29999923706055,38.16817855834961,36.70000076293945,21.734994888305664,29.700000762939453,22.627635955810547,30.899999618530273,25.65326499938965,50.400001525878906,48.59053421020508,35.099998474121094,33.75337219238281
235,53.0,49.46311950683594,44.099998474121094,52.48323440551758,42.70000076293945,43.06053924560547,34.900001525878906,26.105363845825195,34.099998474121094,21.7230281829834,36.20000076293945,30.2416934967041
236,37.099998474121094,35.10968780517578,39.0,40.995121002197266,38.5,33.15192413330078,38.400001525878906,34.1268196105957,34.099998474121094,18.45237159729004,45.70000076293945,28.414960861206055
237,45.0,28.579713821411133,38.599998474121094,34.39244079589844,31.399999618530273,21.744882583618164,35.0,25.965362548828125,48.900001525878906,43.40841293334961,35.79999923706055,24.854780197143555
238,45.900001525878906,41.066898345947266,30.200000762939453,24.33844757080078,39.29999923706055,43.76996612548828,31.899999618530273,23.062740325927734,33.79999923706055,20.409801483154297,34.20000076293945,23.6761474609375
239,61.099998474121094,45.93789291381836,37.900001525878906,47.312686920166016,34.20000076293945,21.268756866455078,29.799999237060547,18.21428108215332,35.599998474121094,29.873733520507812,38.099998474121094,34.748958587646484
240,43.70000076293945,33.12416076660156,25.600000381469727,15.29836654663086,28.799999237060547,21.27815818786621,34.5,28.426219940185547,29.700000762939453,11.558979034423828,31.799999237060547,15.727682113647461
241,37.099998474121094,28.00874900817871,37.20000076293945,26.805971145629883,36.29999923706055,28.284446716308594,30.100000381469727,25.86290740966797,34.099998474121094,15.306534767150879,41.599998474121094,33.233116149902344
242,56.0,38.22041320800781,41.29999923706055,24.14974021911621,40.29999923706055,30.737760543823242,31.100000381469727,22.27756690979004,37.5,26.46601676940918,57.70000076293945,43.879493713378906
243,37.099998474121094,23.50935935974121,35.5,28.196630477905273,28.5,23.7033748626709,31.0,26.332489013671875,40.29999923706055,26.02326011657715,47.29999923706055,36.77512741088867
244,41.599998474121094,27.21102523803711,29.700000762939453,21.279335021972656,37.599998474121094,28.47174072265625,33.29999923706055,29.762557983398438,31.899999618530273,12.06192398071289,37.400001525878906,37.05995178222656
245,64.0,66.32495880126953,41.79999923706055,33.319061279296875,60.70000076293945,75.29946899414062,41.70000076293945,21.443180084228516,44.900001525878906,36.76533889770508,27.600000381469727,14.326199531555176
246,42.5,32.404476165771484,37.79999923706055,32.947837829589844,33.599998474121094,23.787391662597656,31.299999237060547,19.575748443603516,60.099998474121094,51.14186096191406,47.5,42.055320739746094
247,53.0,46.04780197143555,36.70000076293945,22.176788330078125,37.900001525878906,31.611547470092773,31.899999618530273,24.378061294555664,47.79999923706055,34.400001525878906,42.099998474121094,24.805038452148438
248,55.099998474121094,49.84465789794922,35.400001525878906,29.323028564453125,28.700000762939453,16.205245971679688,32.099998474121094,19.033916473388672,63.0,55.295570373535156,31.399999618530273,20.09079360961914
249,49.20000076293945,54.81569290161133,38.599998474121094,25.916019439697266,37.5,28.66094970703125,26.100000381469727,13.981773376464844,26.899999618530273,11.458185195922852,47.29999923706055,56.91053771972656
250,38.0,33.8023681640625,46.599998474121094,30.44076156616211,39.400001525878906,23.3375244140625,38.20000076293945,16.539649963378906,57.5,51.82325744628906,36.79999923706055,14.770240783691406
251,44.0,30.229124069213867,47.599998474121094,28.404930114746094,29.200000762939453,19.7979793548584,39.29999923706055,30.149791717529297,41.900001525878906,23.32573699951172,51.599998474121094,53.072025299072266
252,36.599998474121094,25.227764129638672,42.099998474121094,32.50984573364258,34.599998474121094,32.54289245605469,28.700000762939453,19.188798904418945,57.099998474121094,52.01239776611328,51.29999923706055,48.01259994506836
253,45.29999923706055,31.90940284729004,53.099998474121094,34.39607620239258,47.400001525878906,45.620609283447266,40.20000076293945,30.383548736572266,44.400001525878906,29.92390251159668,47.099998474121094,33.016510009765625
254,50.29999923706055,33.4306755065918,30.399999618530273,17.715530395507812,42.099998474121094,41.66881561279297,46.29999923706055,44.099998474121094,51.0,41.18980407714844,47.20000076293945,31.694795608520508
255,35.599998474121094,22.707706451416016,35.5,17.4599552154541,45.400001525878906,50.95920181274414,46.70000076293945,36.38145446777344,46.900001525878906,21.4077091217041,58.5,33.08549499511719
256,33.900001525878906,18.960220336914062,46.5,45.528564453125,51.20000076293945,39.05073928833008,48.29999923706055,29.590707778930664,48.79999923706055,35.01656723022461,42.70000076293945,22.383255004882812
257,35.70000076293945,21.767175674438477,39.099998474121094,25.878368377685547,39.0,19.79899024963379,41.20000076293945,20.575712203979492,46.79999923706055,30.84736442565918,42.5,14.901342391967773
258,44.900001525878906,17.80140495300293,42.099998474121094,21.53810691833496,36.900001525878906,19.536888122558594,53.20000076293945,51.15818405151367,53.099998474121094,26.315204620361328,47.29999923706055,36.67982864379883
259,50.400001525878906,33.11555862426758,55.0,32.68027114868164,37.29999923706055,24.670021057128906,36.20000076293945,18.562326431274414,49.29999923706055,28.520343780517578,43.29999923706055,36.44461441040039
260,58.79999923706055,44.09943389892578,47.099998474121094,41.042537689208984,52.5,47.64084243774414,39.20000076293945,20.380382537841797,53.29999923706055,27.026098251342773,59.599998474121094,42.235530853271484
261,48.599998474121094,37.6356201171875,35.20000076293945,17.634057998657227,67.80000305175781,58.58293151855469,62.400001525878906,30.233095169067383,44.900001525878906,32.858638763427734,54.900001525878906,34.63654327392578
262,32.29999923706055,16.26068878173828,52.70000076293945,47.01287078857422,53.20000076293945,38.612953186035156,45.400001525878906,27.47071075439453,58.099998474121094,38.83156204223633,48.900001525878906,29.85782814025879
263,54.20000076293945,62.531272888183594,46.20000076293945,30.912132263183594,44.900001525878906,38.8572998046875,46.20000076293945,22.265668869018555,36.099998474121094,20.10198974609375,45.0,24.09979248046875
264,41.20000076293945,19.696701049804688,56.400001525878906,54.50724792480469,41.099998474121094,20.825225830078125,43.599998474121094,36.0782470703125,47.099998474121094,24.61483383178711,35.70000076293945,10.789346694946289
265,53.70000076293945,28.383270263671875,57.79999923706055,27.381746292114258,69.0,42.424049377441406,55.099998474121094,33.691097259521484,41.29999923706055,19.894973754882812,68.69999694824219,55.67054748535156
266,63.0,48.87535095214844,51.099998474121094,39.520755767822266,51.20000076293945,32.69801330566406,51.900001525878906,40.036109924316406,35.900001525878906,13.648809432983398,31.299999237060547,9.284934043884277
267,51.099998474121094,31.28721809387207,54.29999923706055,42.6005859375,72.69999694824219,68.87967681884766,51.900001525878906,34.88108444213867,36.599998474121094,24.07155990600586,60.79999923706055,59.60503005981445
268,42.20000076293945,27.984996795654297,45.099998474121094,18.299999237060547,45.70000076293945,37.93692398071289,66.0999984741211,34.46868133544922,44.599998474121094,26.367403030395508,50.599998474121094,48.0649528503418
269,56.20000076293945,38.433837890625,63.29999923706055,32.83306121826172,40.900001525878906,22.451950073242188,34.5,16.057708740234375,45.79999923706055,23.869646072387695,48.400001525878906,41.236392974853516
270,54.70000076293945,38.63172149658203,63.5,51.37363052368164,56.79999923706055,37.54144287109375,35.900001525878906,21.26711082458496,49.0,21.009521484375,45.0,51.917240142822266
271,69.5,62.09549331665039,59.29999923706055,28.639307022094727,62.900001525878906,48.55604934692383,44.599998474121094,20.895933151245117,82.30000305175781,46.46730041503906,61.599998474121094,29.459125518798828
272,45.0,22.768400192260742,52.70000076293945,40.244380950927734,58.599998474121094,39.60606002807617,60.099998474121094,35.79790496826172,48.70000076293945,19.19921875,55.20000076293945,23.667699813842773
273,47.099998474121094,32.1292724609375,48.900001525878906,30.151119232177734,69.19999694824219,38.14655685424805,53.900001525878906,24.784873962402344,62.5,44.96721267700195,67.30000305175781,41.687049865722656
274,70.19999694824219,52.17432403564453,66.69999694824219,37.06764221191406,84.9000015258789,58.745975494384766,61.79999923706055,44.647056579589844,48.29999923706055,22.454622268676758,73.19999694824219,41.23299789428711
275,48.599998474121094,28.426044464111328,76.0999984741211,51.35065460205078,70.30000305175781,60.49305725097656,58.0,21.60092544555664,49.099998474121094,19.325889587402344,88.80000305175781,62.04159927368164
276,57.70000076293945,33.573951721191406,72.0999984741211,50.07085037231445,73.4000015258789,56.68015670776367,56.5,22.61968231201172,82.0,44.308013916015625,66.80000305175781,41.49168395996094
277,56.79999923706055,46.175315856933594,60.20000076293945,44.388736724853516,76.5999984741211,124.0880355834961,65.0,35.33836364746094,62.29999923706055,24.544042587280273,66.80000305175781,51.07993698120117
278,46.0,24.572341918945312,61.5,50.026493072509766,57.900001525878906,26.97943687438965,78.0999984741211,39.49544143676758,67.19999694824219,35.54940414428711,99.5,109.2201919555664
279,81.5999984741211,55.5161247253418,68.30000305175781,64.36311340332031,71.5,56.14846420288086,47.099998474121094,19.1177921295166,66.0,37.199462890625,73.69999694824219,40.573516845703125
280,36.70000076293945,17.66380500793457,77.9000015258789,46.351806640625,55.29999923706055,35.20525360107422,64.0999984741211,46.678585052490234,63.599998474121094,41.785640716552734,56.400001525878906,51.18437576293945
281,61.20000076293945,61.758888244628906,50.70000076293945,28.383270263671875,57.29999923706055,42.317962646484375,63.099998474121094,24.93772315979004,48.79999923706055,20.073863983154297,46.900001525878906,22.264095306396484
282,52.29999923706055,35.60070037841797,60.79999923706055,48.14104461669922,72.0,67.22945404052734,41.900001525878906,22.988908767700195,58.20000076293945,30.19536590576172,68.30000305175781,43.76311111450195
283,65.19999694824219,35.00514221191406,72.0999984741211,42.587440490722656,67.80000305175781,45.294151306152344,52.0,20.818260192871094,48.29999923706055,17.911170959472656,72.5999984741211,46.83417510986328
284,55.20000076293945,37.44275665283203,70.5,53.02122116088867,60.79999923706055,62.310184478759766,64.0999984741211,34.93837356567383,56.5,27.313915252685547,75.9000015258789,45.87689971923828
285,48.70000076293945,33.75811004638672,69.19999694824219,85.62686157226562,73.4000015258789,62.11312484741211,59.79999923706055,39.198978424072266,71.0999984741211,44.27742004394531,65.9000015258789,38.86502456665039
286,81.4000015258789,103.44390106201172,78.0999984741211,52.17940139770508,77.9000015258789,74.16664123535156,81.69999694824219,35.04011917114258,65.0,31.745864868164062,75.5,50.29960250854492
287,43.099998474121094,21.59838104248047,66.0999984741211,85.52244567871094,72.5,76.81438446044922,89.0,107.39739227294922,62.79999923706055,38.07308578491211,49.0,35.56402587890625
288,48.79999923706055,28.020706176757812,52.0,55.409385681152344,67.5999984741211,72.9276351928711,72.0,43.9886360168457,83.69999694824219,107.95095825195312,39.0,27.774089813232422
289,57.5,33.927127838134766,74.30000305175781,48.10416030883789,76.0,66.70232391357422,70.5999984741211,35.12321090698242,56.599998474121094,35.858612060546875,57.29999923706055,41.400604248046875
290,53.20000076293945,46.98255157470703,74.5,64.09563446044922,60.0,33.475364685058594,71.30000305175781,42.972198486328125,59.5,30.666757583618164,70.5,50.02449417114258
291,54.20000076293945,50.28081130981445,53.900001525878906,24.369857788085938,59.599998474121094,39.7597770690918,75.9000015258789,80.57598876953125,62.0,34.31617736816406,100.69999694824219,116.33576202392578
292,62.20000076293945,59.872867584228516,69.5999984741211,42.902679443359375,70.0,48.26178741455078,63.20000076293945,31.789306640625,74.5,73.53264617919922,94.0,103.85182189941406
293,62.29999923706055,44.35549545288086,56.20000076293945,33.02665710449219,73.19999694824219,34.83905792236328,103.5,133.4872589111328,71.9000015258789,62.428279876708984,87.4000015258789,80.31214141845703
294,68.5999984741211,54.89298629760742,40.900001525878906,14.067338943481445,60.20000076293945,61.89959716796875,62.79999923706055,39.08656692504883,68.30000305175781,55.25223922729492,75.0,49.56813430786133
295,54.5,36.41222381591797,62.79999923706055,45.667930603027344,72.4000015258789,81.09278869628906,78.0999984741211,99.23350524902344,68.19999694824219,39.95447540283203,78.80000305175781,84.22327423095703
296,73.9000015258789,67.5062255859375,63.5,43.92778015136719,74.80000305175781,77.01532745361328,67.9000015258789,46.58208084106445,73.19999694824219,53.373775482177734,73.19999694824219,74.43628692626953
297,45.0,36.458194732666016,59.099998474121094,42.043907165527344,69.19999694824219,73.7818374633789,75.5999984741211,61.79838562011719,77.4000015258789,90.64127349853516,60.099998474121094,38.676734924316406
298,58.099998474121094,72.94853973388672,97.30000305175781,80.49726104736328,65.5999984741211,46.92802810668945,67.0999984741211,40.40903091430664,69.5999984741211,50.0523681640625,61.29999923706055,55.85704803466797
299,85.30000305175781,117.18622589111328,78.5999984741211,67.27288055419922,68.69999694824219,53.3330078125,66.0,24.770950317382812,71.5999984741211,49.59273910522461,98.4000015258789,119.247802734375
300,66.69999694824219,41.942935943603516,59.099998474121094,27.48617935180664,71.5,32.20326232910156,88.0999984741211,47.79425048828125,67.0,47.76400375366211,85.0,88.97190856933594
301,52.900001525878906,27.7504940032959,81.5999984741211,77.25567626953125,83.5999984741211,70.7448959350586,71.0999984741211,40.613914489746094,86.69999694824219,87.33504486083984,94.80000305175781,73.49938201904297
302,50.900001525878906,23.389955520629883,70.80000305175781,60.61979293823242,83.5999984741211,57.53989791870117,77.0999984741211,62.97213363647461,57.400001525878906,37.70729446411133,82.19999694824219,77.3625259399414
303,50.099998474121094,23.278532028198242,66.80000305175781,50.44759750366211,68.5999984741211,66.08811950683594,81.4000015258789,60.02699661254883,77.0,36.967552185058594,78.4000015258789,90.15675354003906
304,58.5,40.20509719848633,64.0999984741211,49.992897033691406,57.400001525878906,43.16758346557617,72.5,72.49724578857422,78.0999984741211,60.511898040771484,76.80000305175781,77.66827392578125
305,67.4000015258789,51.728519439697266,82.30000305175781,78.88859558105469,69.30000305175781,47.85404968261719,74.9000015258789,42.250328063964844,84.0999984741211,99.9344253540039,68.19999694824219,64.73762512207031
306,54.0,23.1689453125,80.19999694824219,52.55625534057617,84.69999694824219,70.46282958984375,69.5,49.27727508544922,59.5,47.15771484375,83.19999694824219,66.16162109375
307,56.0,25.97306251525879,104.4000015258789,73.52985382080078,88.0999984741211,75.22692108154297,55.29999923706055,40.72848892211914,88.4000015258789,137.6402587890625,74.80000305175781,72.75135803222656
308,60.599998474121094,36.78641128540039,95.69999694824219,116.94104766845703,97.5999984741211,86.82763671875,64.4000015258789,51.31121063232422,60.400001525878906,27.188968658447266,100.19999694824219,135.103515625
309,62.900001525878906,40.58189392089844,86.5999984741211,79.74359130859375,82.0999984741211,100.64835357666016,83.9000015258789,75.45654296875,66.0,48.166378021240234,56.70000076293945,48.047996520996094
310,67.5,52.09846496582031,86.80000305175781,97.48929595947266,63.5,48.992347717285156,60.400001525878906,57.46164321899414,99.5999984741211,92.2401123046875,64.9000015258789,50.78080368041992
311,48.400001525878906,28.744388580322266,88.69999694824219,99.2593002319336,84.80000305175781,89.29703521728516,101.0999984741211,120.95490264892578,87.30000305175781,107.8397445678711,71.69999694824219,85.27608489990234
312,52.900001525878906,11.78515911102295,107.0999984741211,106.4156494140625,80.4000015258789,80.9977798461914,63.5,50.19213104248047,99.19999694824219,135.73341369628906,86.0,49.634666442871094
313,38.79999923706055,8.506467819213867,79.80000305175781,74.3475570678711,69.80000305175781,83.67293548583984,65.4000015258789,44.98933410644531,70.19999694824219,59.5748291015625,100.19999694824219,95.39580535888672
314,58.79999923706055,32.627593994140625,87.5999984741211,81.33289337158203,79.19999694824219,51.148414611816406,68.9000015258789,34.517967224121094,92.80000305175781,137.146484375,82.30000305175781,88.34256744384766
315,53.900001525878906,26.782270431518555,93.5999984741211,70.35225677490234,93.69999694824219,129.81143188476562,68.69999694824219,34.493621826171875,107.30000305175781,134.97189331054688,83.69999694824219,93.8797607421875
316,63.099998474121094,49.10488510131836,94.0999984741211,68.80472564697266,83.9000015258789,68.02124786376953,75.19999694824219,47.633602142333984,107.80000305175781,139.7682342529297,68.30000305175781,73.46978759765625
317,48.900001525878906,24.574172973632812,90.5,96.572509765625,79.4000015258789,67.16130065917969,79.9000015258789,56.62588119506836,92.80000305175781,116.65230560302734,95.80000305175781,118.05744934082031
318,53.400001525878906,24.31954002380371,83.4000015258789,79.70344543457031,75.30000305175781,82.12557983398438,70.30000305175781,44.614009857177734,84.5,138.9901123046875,77.5999984741211,70.75337219238281
319,81.19999694824219,29.845600128173828,75.80000305175781,77.3832015991211,98.0999984741211,84.79439544677734,76.30000305175781,76.24703216552734,82.0,73.61386108398438,84.69999694824219,93.70063781738281
320,52.79999923706055,17.91535758972168,63.0,64.55075073242188,96.5,83.13152313232422,83.5,65.86539459228516,106.5,97.32856750488281,88.0999984741211,127.75245666503906
321,56.400001525878906,24.93671989440918,96.0,80.7242202758789,88.9000015258789,92.55209350585938,79.0,37.68553924560547,79.5,65.90940856933594,105.0999984741211,122.89869689941406
322,69.19999694824219,41.45793151855469,83.0,90.9549331665039,109.80000305175781,137.7126007080078,83.80000305175781,81.47858428955078,102.5999984741211,134.68199157714844,115.80000305175781,136.01014709472656
323,45.900001525878906,29.80419158935547,73.19999694824219,69.06489562988281,74.19999694824219,84.27194213867188,76.69999694824219,98.58605194091797,89.5,138.5714569091797,79.5999984741211,93.56302642822266
324,50.0,17.06458282470703,90.19999694824219,69.19652557373047,80.69999694824219,99.79082489013672,82.5999984741211,84.70914459228516,83.9000015258789,62.95307922363281,85.0,61.33840560913086
325,56.599998474121094,17.408044815063477,93.5,90.2266616821289,61.900001525878906,55.703590393066406,79.5999984741211,88.54060363769531,82.0,120.2322769165039,92.0999984741211,137.1630096435547
326,62.400001525878906,42.08134841918945,73.5,70.98626708984375,82.19999694824219,53.10329818725586,80.9000015258789,60.643959045410156,90.5,91.13863372802734,115.9000015258789,143.4862060546875
327,53.29999923706055,24.17043685913086,80.80000305175781,93.49310302734375,111.30000305175781,133.98959350585938,84.5,51.51747512817383,92.19999694824219,85.6081771850586,102.30000305175781,113.65654754638672
328,53.5,17.00735092163086,78.80000305175781,68.99101257324219,72.4000015258789,44.01863479614258,80.0999984741211,36.42375564575195,100.69999694824219,80.95684051513672,83.9000015258789,65.16663360595703
329,66.5999984741211,26.76639747619629,89.4000015258789,74.92689514160156,91.30000305175781,91.15925598144531,77.19999694824219,65.49778747558594,80.4000015258789,76.83775329589844,87.0999984741211,81.9175796508789
330,60.900001525878906,26.90520477294922,99.0,122.68822479248047,59.70000076293945,71.88053131103516,111.30000305175781,135.2183837890625,72.0999984741211,55.86492156982422,86.30000305175781,83.4758071899414
331,67.19999694824219,42.104156494140625,102.30000305175781,89.29843139648438,109.0,65.94694519042969,81.5999984741211,44.15925598144531,110.69999694824219,101.613037109375,110.80000305175781,87.87240600585938
332,59.599998474121094,31.077966690063477,70.4000015258789,79.89017486572266,90.4000015258789,102.28118133544922,64.0,48.63126754760742,100.5999984741211,135.4637908935547,105.5999984741211,133.56961059570312
333,56.900001525878906,24.622957229614258,99.0,136.38475036621094,92.30000305175781,78.44367218017578,93.30000305175781,131.55763244628906,82.80000305175781,65.45655059814453,92.69999694824219,121.50312805175781
334,60.5,29.934093475341797,95.9000015258789,102.21100616455078,89.19999694824219,87.05148315429688,82.19999694824219,72.68397521972656,122.5999984741211,99.24434661865234,97.0999984741211,136.83453369140625
335,59.70000076293945,29.812915802001953,106.19999694824219,99.19859313964844,107.5999984741211,111.02360534667969,69.4000015258789,64.19532775878906,108.0,115.69615173339844,99.30000305175781,134.84884643554688
336,65.5999984741211,37.59042739868164,76.30000305175781,76.44874572753906,76.5999984741211,61.48527908325195,79.4000015258789,53.19623947143555,114.0999984741211,106.57903289794922,82.30000305175781,70.16131591796875
337,74.0999984741211,65.54608917236328,91.5999984741211,78.36479187011719,77.5,84.7835464477539,88.80000305175781,80.91328430175781,107.30000305175781,97.06806945800781,100.69999694824219,113.03897094726562
338,72.5999984741211,35.42936706542969,93.0999984741211,81.37499237060547,87.30000305175781,66.28431701660156,102.5999984741211,84.03475189208984,88.30000305175781,72.82726287841797,76.80000305175781,66.27941131591797
339,51.599998474121094,18.725383758544922,90.4000015258789,87.19656372070312,103.9000015258789,133.89730834960938,103.5,78.85968780517578,173.10000610351562,166.6748046875,98.19999694824219,136.8428192138672
340,60.79999923706055,41.906558990478516,81.69999694824219,80.38165283203125,79.5999984741211,56.09669876098633,90.0,69.43486022949219,134.60000610351562,128.6819305419922,77.4000015258789,63.39748001098633
341,56.29999923706055,26.8627986907959,70.5,63.345481872558594,120.5999984741211,134.072509765625,107.9000015258789,81.9358901977539,97.5,134.83119201660156,128.89999389648438,151.69802856445312
342,58.20000076293945,40.94093322753906,91.19999694824219,74.78877258300781,109.80000305175781,135.85272216796875,91.5,122.10835266113281,85.5999984741211,108.20831298828125,106.80000305175781,84.73699951171875
343,94.5,85.33023834228516,98.0,74.83982849121094,107.0,96.19563293457031,106.5999984741211,85.92810821533203,93.5999984741211,85.99674224853516,122.0,130.26358032226562
344,84.4000015258789,67.84423828125,103.0,67.74658966064453,101.0999984741211,120.8018569946289,76.80000305175781,65.72335815429688,108.9000015258789,80.94869232177734,127.0999984741211,133.0807647705078
345,59.400001525878906,30.493276596069336,88.4000015258789,68.95535278320312,77.0,69.951416015625,66.30000305175781,62.54126739501953,117.4000015258789,95.83235931396484,101.4000015258789,135.07791137695312
346,77.5,43.3895149230957,105.0,77.23988342285156,104.0,98.74107360839844,86.5,94.48835754394531,107.19999694824219,120.23959350585938,118.30000305175781,108.0870590209961
347,75.9000015258789,37.98276138305664,82.69999694824219,79.99755859375,114.80000305175781,108.3917007446289,98.80000305175781,134.6386260986328,97.4000015258789,72.26091766357422,128.3000030517578,146.85438537597656
348,77.4000015258789,43.845638275146484,73.5999984741211,57.784423828125,99.19999694824219,94.62747955322266,94.0999984741211,57.09369659423828,139.6999969482422,147.84996032714844,110.19999694824219,74.81951904296875
349,73.9000015258789,51.93351745605469,79.0999984741211,70.73958587646484,84.0,63.63018035888672,79.0999984741211,75.5174789428711,106.80000305175781,90.56578063964844,134.3000030517578,136.83059692382812
350,65.0,33.33766555786133,104.0,96.65091705322266,102.30000305175781,74.86527252197266,107.9000015258789,127.69374084472656,110.19999694824219,109.25639343261719,120.4000015258789,125.93745422363281
351,92.5,52.52666091918945,113.4000015258789,86.19999694824219,94.80000305175781,100.56222534179688,86.5999984741211,67.63165283203125,130.1999969482422,91.03823852539062,97.0,65.69322967529297
352,76.0,51.54609680175781,105.30000305175781,73.06305694580078,114.19999694824219,118.1082534790039,118.5999984741211,132.34893798828125,100.4000015258789,133.87173461914062,121.80000305175781,128.50587463378906
353,77.0999984741211,66.86470794677734,96.69999694824219,109.05966186523438,101.0,88.40474700927734,92.0,89.29053497314453,96.69999694824219,85.38506317138672,123.4000015258789,137.73902893066406
354,70.5,33.65486526489258,120.19999694824219,119.83805084228516,104.19999694824219,61.96095657348633,75.9000015258789,49.605342864990234,95.0,63.034908294677734,119.5999984741211,69.03651428222656
355,87.80000305175781,74.4295654296875,87.0,83.38465118408203,109.9000015258789,90.49800872802734,75.5999984741211,56.63072967529297,107.5,104.02812194824219,136.6999969482422,161.5741424560547
356,82.19999694824219,44.60448455810547,81.19999694824219,62.695770263671875,84.19999694824219,67.01164245605469,89.4000015258789,89.56807708740234,103.69999694824219,128.75949096679688,102.5,60.29635238647461
357,82.30000305175781,53.09246826171875,103.4000015258789,67.8486557006836,103.9000015258789,86.24320983886719,115.30000305175781,138.81358337402344,145.5,135.13270568847656,89.0,83.77230834960938
358,71.0,41.35214614868164,137.5,125.59796905517578,102.5,115.25732421875,94.5,81.6042251586914,134.0,133.53126525878906,93.0999984741211,64.19415283203125
359,73.5,41.9195671081543,108.30000305175781,63.1158447265625,101.0999984741211,57.00078201293945,125.5999984741211,95.77181243896484,133.3000030517578,157.36395263671875,153.10000610351562,137.91189575195312
360,69.30000305175781,41.48265075683594,98.69999694824219,70.35772705078125,103.4000015258789,75.6891098022461,109.80000305175781,119.8814468383789,128.0,147.9689178466797,102.0999984741211,113.78264617919922
361,112.5,132.75184631347656,94.5,71.66484832763672,118.30000305175781,107.3387680053711,121.69999694824219,134.0679168701172,105.9000015258789,90.6801528930664,125.9000015258789,119.6548843383789
362,107.19999694824219,65.09961700439453,126.69999694824219,141.9281768798828,122.80000305175781,132.68820190429688,107.5999984741211,73.93943786621094,136.6999969482422,139.29612731933594,109.5999984741211,117.51953125
363,87.69999694824219,49.79568099975586,124.30000305175781,142.70953369140625,96.5999984741211,55.060325622558594,121.69999694824219,135.8734893798828,113.9000015258789,137.73194885253906,139.39999389648438,137.71144104003906
364,84.4000015258789,58.96813201904297,133.5,139.00521850585938,121.9000015258789,108.24459075927734,115.9000015258789,106.6043701171875,102.9000015258789,80.48410034179688,91.0999984741211,90.32435607910156
365,107.5999984741211,132.56484985351562,109.80000305175781,76.47325897216797,99.4000015258789,59.39393997192383,130.8000030517578,142.3262481689453,119.19999694824219,132.0990447998047,99.30000305175781,100.40523529052734
366,104.5,78.73912811279297,140.39999389648438,135.2281036376953,111.19999694824219,132.95999145507812,124.4000015258789,99.39436340332031,133.39999389648438,115.80345916748047,121.5,114.82878875732422
367,120.19999694824219,111.72268676757812,144.10000610351562,134.130126953125,84.0,50.40833282470703,122.4000015258789,135.46971130371094,124.0,147.83436584472656,102.0,80.45122528076172
368,64.0,47.58991622924805,125.0999984741211,121.24557495117188,122.0999984741211,101.28617095947266,117.30000305175781,111.59754180908203,99.4000015258789,111.69888305664062,99.9000015258789,136.31100463867188
369,98.4000015258789,56.349266052246094,125.19999694824219,133.0314178466797,103.5999984741211,64.7598648071289,104.80000305175781,103.36325073242188,105.69999694824219,110.24522399902344,138.3000030517578,115.20768737792969
370,94.19999694824219,110.930419921875,115.5,132.50906372070312,103.0,85.45056915283203,106.4000015258789,99.9802017211914,111.9000015258789,110.95445251464844,118.5,95.86996459960938
371,139.89999389648438,129.7855682373047,134.3000030517578,129.1007843017578,107.30000305175781,94.93476867675781,116.0,77.16864776611328,146.10000610351562,135.86276245117188,118.0999984741211,129.8579559326172
372,114.5,84.82953643798828,123.5999984741211,120.03350067138672,121.4000015258789,126.17623901367188,137.6999969482422,131.72702026367188,149.6999969482422,100.37435150146484,114.30000305175781,94.08618927001953
373,76.5999984741211,84.06925201416016,122.19999694824219,110.69218444824219,128.1999969482422,86.55610656738281,145.60000610351562,155.22576904296875,137.6999969482422,101.2709732055664,112.80000305175781,98.97960662841797
374,110.0,68.49525451660156,117.19999694824219,134.58737182617188,121.5,114.09228515625,147.8000030517578,146.3159637451172,135.39999389648438,135.353759765625,126.30000305175781,130.62164306640625
375,96.0999984741211,66.31658935546875,111.5,129.64353942871094,74.0999984741211,43.557891845703125,119.9000015258789,103.6749267578125,121.80000305175781,107.14644622802734,108.4000015258789,133.42428588867188
376,67.4000015258789,36.359867095947266,113.0,139.44891357421875,128.6999969482422,92.83647155761719,142.5,163.97576904296875,134.3000030517578,140.9525146484375,107.19999694824219,68.07760620117188
377,106.69999694824219,75.43082427978516,134.89999389648438,164.58642578125,94.69999694824219,59.81145095825195,110.5999984741211,77.67908477783203,151.89999389648438,115.90983581542969,107.30000305175781,121.86637115478516
378,96.9000015258789,51.95661926269531,152.5,171.4107666015625,158.6999969482422,132.6039581298828,174.8000030517578,166.50514221191406,116.0,76.73069763183594,120.19999694824219,101.6619873046875
379,107.4000015258789,95.9637451171875,123.0,109.91268920898438,132.1999969482422,139.3548126220703,128.6999969482422,131.87574768066406,136.1999969482422,143.08795166015625,132.10000610351562,126.63053131103516
380,102.30000305175781,77.89614868164062,121.80000305175781,137.01080322265625,141.1999969482422,125.4390640258789,166.0,169.46209716796875,150.3000030517578,176.08013916015625,136.0,108.18225860595703
381,78.5,40.55181884765625,121.4000015258789,113.42416381835938,143.1999969482422,127.1234130859375,155.1999969482422,141.436767578125,132.8000030517578,116.70030212402344,148.6999969482422,137.0328826904297
382,97.5,47.27631759643555,143.39999389648438,144.45843505859375,120.0999984741211,106.17668151855469,155.3000030517578,177.48635864257812,128.1999969482422,128.46461486816406,135.0,88.07496643066406
383,89.0,50.155757904052734,132.3000030517578,142.8223114013672,127.19999694824219,127.63213348388672,147.5,157.83741760253906,147.8000030517578,94.75948333740234,114.0,131.0892791748047
384,73.19999694824219,50.58616638183594,156.60000610351562,151.76705932617188,150.10000610351562,118.83808135986328,127.80000305175781,120.19717407226562,126.9000015258789,116.94139862060547,126.30000305175781,104.95433044433594
385,89.4000015258789,45.712581634521484,168.39999389648438,169.52296447753906,140.3000030517578,111.38676452636719,148.8000030517578,146.733642578125,183.89999389648438,173.4159393310547,124.30000305175781,115.84648895263672
386,83.19999694824219,39.58484649658203,173.6999969482422,140.98797607421875,126.19999694824219,128.98045349121094,117.5,115.755126953125,157.5,135.63424682617188,121.5,105.91435241699219
387,66.80000305175781,29.53235626220703,129.89999389648438,101.27629852294922,105.9000015258789,59.06682586669922,136.10000610351562,139.55032348632812,147.60000610351562,123.28195190429688,111.5,104.44256591796875
388,86.5999984741211,47.36496353149414,152.1999969482422,100.181640625,129.6999969482422,70.74185943603516,128.6999969482422,141.01138305664062,178.10000610351562,162.3763885498047,111.4000015258789,74.8921890258789
389,83.5,46.673866271972656,116.69999694824219,81.39415740966797,121.5999984741211,78.8050765991211,139.6999969482422,108.78883361816406,140.60000610351562,97.61475372314453,108.69999694824219,100.21880340576172
390,113.9000015258789,84.84038543701172,155.1999969482422,143.7211151123047,158.3000030517578,124.55766296386719,166.89999389648438,151.1790008544922,160.6999969482422,126.64283752441406,124.4000015258789,59.570465087890625
391,127.9000015258789,80.80650329589844,129.39999389648438,99.57128143310547,134.3000030517578,102.33772277832031,113.5999984741211,86.48606872558594,157.5,77.49354553222656,131.1999969482422,99.9217758178711
392,97.0999984741211,72.78523254394531,124.5,101.8854751586914,151.0,133.0496063232422,150.10000610351562,98.50629425048828,148.5,108.3782730102539,115.5,87.43597412109375
393,85.30000305175781,45.371910095214844,165.89999389648438,133.77401733398438,158.6999969482422,98.86560821533203,123.69999694824219,136.48593139648438,145.0,69.29646301269531,125.30000305175781,77.11815643310547
394,95.80000305175781,40.776954650878906,146.6999969482422,94.2210693359375,119.5999984741211,58.79489517211914,126.69999694824219,123.52007293701172,141.6999969482422,100.14095306396484,96.30000305175781,59.8515625
395,84.9000015258789,34.27083206176758,167.3000030517578,130.4898681640625,150.89999389648438,124.02454376220703,145.0,164.76953125,169.60000610351562,152.57797241210938,131.0,106.42274475097656
396,108.30000305175781,49.76755905151367,150.60000610351562,139.3802032470703,191.5,126.2681655883789,121.4000015258789,144.4709014892578,151.60000610351562,87.96385192871094,150.8000030517578,131.17149353027344
397,99.4000015258789,41.70659637451172,202.1999969482422,156.95335388183594,179.6999969482422,123.52979278564453,153.1999969482422,125.96411895751953,147.3000030517578,91.30175018310547,115.80000305175781,129.4386444091797
398,116.5999984741211,66.45630645751953,142.39999389648438,128.80776977539062,185.8000030517578,157.61270141601562,133.8000030517578,120.03900146484375,174.3000030517578,121.71282196044922,152.89999389648438,129.27757263183594
399,114.5,74.19197845458984,150.1999969482422,130.64364624023438,110.0999984741211,76.92391967773438,111.69999694824219,84.41925048828125,168.8000030517578,135.4524383544922,122.69999694824219,72.8656997680664
400,137.60000610351562,96.73490142822266,158.5,145.21380615234375,127.0999984741211,99.06204223632812,164.3000030517578,178.5755157470703,167.0,115.48246765136719,130.39999389648438,83.37769317626953
401,134.6999969482422,126.4437026977539,161.39999389648438,144.92771911621094,133.89999389648438,102.7243423461914,160.5,117.34244537353516,214.3000030517578,173.82810974121094,104.30000305175781,67.26968383789062
402,138.3000030517578,53.36300277709961,155.89999389648438,110.30271911621094,190.5,125.0082015991211,147.1999969482422,92.42163848876953,159.89999389648438,132.73992919921875,201.60000610351562,168.34677124023438
403,159.60000610351562,142.6290283203125,157.60000610351562,135.3345489501953,172.3000030517578,125.40338897705078,170.6999969482422,132.0454864501953,149.10000610351562,96.30622863769531,158.89999389648438,109.49014282226562
404,115.5,61.60397720336914,151.60000610351562,105.18574523925781,171.3000030517578,98.26092529296875,176.6999969482422,141.94085693359375,144.39999389648438,62.456703186035156,129.5,61.07740783691406
405,176.8000030517578,111.29133605957031,132.5,82.5,146.1999969482422,76.10098266601562,164.5,154.06637573242188,149.5,85.12608337402344,148.3000030517578,80.0725326538086
406,136.1999969482422,96.5378646850586,171.6999969482422,146.77944946289062,167.5,110.9209213256836,144.3000030517578,142.6394500732422,176.10000610351562,122.14291381835938,163.10000610351562,90.93123626708984
407,116.0999984741211,66.43861389160156,172.1999969482422,138.63462829589844,175.89999389648438,129.95726013183594,152.60000610351562,144.59127807617188,184.6999969482422,122.2669677734375,187.8000030517578,139.72531127929688
408,146.39999389648438,60.5114860534668,172.89999389648438,131.05148315429688,165.60000610351562,84.35188293457031,188.60000610351562,139.40245056152344,184.39999389648438,89.98799133300781,163.6999969482422,82.41243743896484
409,139.0,68.4002914428711,135.0,73.43568420410156,175.8000030517578,103.59033966064453,155.5,128.8109130859375,169.10000610351562,61.71782302856445,172.10000610351562,85.81893157958984
410,155.5,127.14813995361328,165.3000030517578,131.08474731445312,141.39999389648438,129.34542846679688,143.3000030517578,136.69679260253906,208.10000610351562,162.16192626953125,221.5,129.70986938476562
411,180.8000030517578,118.08538818359375,138.3000030517578,73.56908416748047,139.89999389648438,77.44216918945312,137.3000030517578,136.51817321777344,167.60000610351562,86.3506851196289,138.5,66.13055419921875
412,151.39999389648438,85.92927551269531,139.89999389648438,88.51152801513672,182.60000610351562,80.5024185180664,187.3000030517578,133.10150146484375,221.39999389648438,141.96844482421875,153.3000030517578,112.47048950195312
413,205.10000610351562,122.39889526367188,192.39999389648438,149.41432189941406,152.10000610351562,61.5750732421875,193.1999969482422,144.121337890625,220.6999969482422,106.79518127441406,217.1999969482422,141.93153381347656
414,166.60000610351562,132.57843017578125,132.10000610351562,70.39949798583984,199.60000610351562,152.20526123046875,163.1999969482422,129.56527709960938,208.5,115.51644897460938,167.5,83.33096313476562
415,141.6999969482422,69.58168029785156,170.39999389648438,138.11819458007812,155.60000610351562,132.87452697753906,165.6999969482422,133.52157592773438,155.10000610351562,75.67886352539062,178.89999389648438,120.17274475097656
416,164.10000610351562,117.27698516845703,156.0,115.6883773803711,150.3000030517578,114.23838806152344,157.6999969482422,140.2890167236328,222.0,129.6749725341797,197.5,116.49227905273438
417,169.8000030517578,111.67166137695312,178.39999389648438,90.5286636352539,135.6999969482422,93.57355499267578,143.8000030517578,129.22601318359375,180.10000610351562,101.6124496459961,163.10000610351562,71.92835998535156
418,269.3999938964844,173.694091796875,193.0,108.88710021972656,196.1999969482422,137.79098510742188,157.39999389648438,154.67721557617188,186.89999389648438,112.00843811035156,180.6999969482422,109.60205078125
419,191.1999969482422,131.1028594970703,156.6999969482422,131.5439453125,181.0,125.31560516357422,178.6999969482422,140.97732543945312,208.39999389648438,122.76009368896484,227.3000030517578,118.09069061279297
420,182.39999389648438,121.70965576171875,161.3000030517578,125.51897430419922,167.39999389648438,103.50865173339844,199.10000610351562,151.7283477783203,226.8000030517578,148.33462524414062,205.39999389648438,120.57212829589844
421,210.10000610351562,120.73727416992188,170.5,85.66475677490234,214.5,147.12257385253906,154.3000030517578,126.9717025756836,210.60000610351562,65.71331787109375,220.1999969482422,106.62157440185547
422,199.89999389648438,132.36575317382812,149.10000610351562,70.30426788330078,189.5,126.15882873535156,181.89999389648438,121.73368835449219,157.89999389648438,51.42654800415039,203.60000610351562,127.03006744384766
423,182.39999389648438,120.79917907714844,146.3000030517578,86.89769744873047,142.6999969482422,116.97525024414062,198.89999389648438,156.97671508789062,185.5,75.1229019165039,167.3000030517578,108.7658462524414
424,192.6999969482422,121.80891418457031,140.89999389648438,85.5586929321289,142.6999969482422,82.6692886352539,179.10000610351562,133.81214904785156,154.60000610351562,62.23857498168945,159.1999969482422,73.07913208007812
425,230.1999969482422,136.0204315185547,226.6999969482422,151.9329071044922,166.5,90.55081176757812,172.6999969482422,128.4095458984375,192.0,120.3677749633789,248.5,125.578857421875
426,192.10000610351562,118.48751068115234,185.1999969482422,129.07656860351562,224.0,148.60752868652344,170.10000610351562,131.1094512939453,213.89999389648438,88.05162811279297,259.29998779296875,128.23341369628906
427,207.0,92.83641052246094,205.89999389648438,124.0842056274414,157.6999969482422,100.97925567626953,184.39999389648438,126.59241485595703,215.0,123.89189147949219,250.89999389648438,135.09735107421875
428,215.39999389648438,98.3292465209961,184.0,121.73167419433594,158.89999389648438,108.5462646484375,173.0,122.32498168945312,238.0,114.15252685546875,207.6999969482422,62.92543029785156
429,206.10000610351562,92.55425262451172,206.8000030517578,153.55638122558594,237.8000030517578,157.99227905273438,208.6999969482422,149.25819396972656,165.60000610351562,54.97126388549805,271.5,143.79794311523438
430,161.6999969482422,66.3009033203125,215.1999969482422,138.83787536621094,209.60000610351562,132.2514190673828,197.39999389648438,130.77783203125,202.10000610351562,76.78990936279297,236.6999969482422,117.68011474609375
431,181.60000610351562,108.48612976074219,231.39999389648438,120.88192749023438,170.5,109.92475128173828,190.10000610351562,114.08895874023438,180.0,59.26719284057617,233.39999389648438,118.08319091796875
432,212.10000610351562,140.33848571777344,183.89999389648438,109.7811050415039,196.0,154.12657165527344,181.60000610351562,145.60232543945312,179.60000610351562,67.12853240966797,244.89999389648438,143.37255859375
433,240.10000610351562,132.24859619140625,175.5,103.2271728515625,208.39999389648438,161.9081268310547,203.60000610351562,138.44146728515625,198.39999389648438,110.61482238769531,233.6999969482422,143.25852966308594
434,236.89999389648438,113.08354949951172,204.0,117.41209411621094,205.8000030517578,127.44866180419922,200.10000610351562,128.63314819335938,208.6999969482422,98.23446655273438,222.60000610351562,135.1171417236328
435,239.1999969482422,130.3562774658203,211.39999389648438,134.60772705078125,198.10000610351562,110.23107147216797,210.8000030517578,134.07147216796875,199.60000610351562,96.23326110839844,257.6000061035156,166.90667724609375
436,278.1000061035156,123.43132019042969,193.60000610351562,98.0440673828125,241.0,143.5235137939453,217.89999389648438,136.40853881835938,236.0,104.8780288696289,233.39999389648438,118.7949447631836
437,228.1999969482422,62.97745895385742,242.8000030517578,115.1649169921875,187.60000610351562,124.7719497680664,252.0,167.8112030029297,221.1999969482422,93.38394165039062,255.8000030517578,139.9012451171875
438,222.10000610351562,126.07573699951172,171.1999969482422,96.44459533691406,189.3000030517578,128.32229614257812,258.20001220703125,165.34315490722656,218.10000610351562,86.6376953125,255.8000030517578,120.47306823730469
439,258.3999938964844,155.7036895751953,180.60000610351562,121.8287353515625,199.10000610351562,144.61566162109375,164.1999969482422,133.84976196289062,230.10000610351562,151.4176025390625,258.79998779296875,119.41758728027344
440,227.5,113.0789566040039,193.3000030517578,112.67657470703125,236.8000030517578,139.60716247558594,211.10000610351562,154.29611206054688,291.0,146.03834533691406,272.0,119.8724365234375
441,269.79998779296875,142.24049377441406,277.8999938964844,161.8452606201172,293.5,164.94923400878906,195.39999389648438,109.46981048583984,257.20001220703125,125.31464385986328,222.5,104.02139282226562
442,255.6999969482422,139.92430114746094,253.3000030517578,141.0432891845703,228.89999389648438,142.87860107421875,245.89999389648438,136.1385040283203,257.6000061035156,107.84730529785156,264.3999938964844,131.17559814453125
443,211.0,92.4845962524414,225.6999969482422,117.51940155029297,263.70001220703125,155.456787109375,223.5,132.40789794921875,252.89999389648438,104.83077239990234,241.3000030517578,125.69173431396484
444,234.89999389648438,115.11077117919922,216.60000610351562,125.41786193847656,226.10000610351562,152.79100036621094,116.69999694824219,71.2096176147461,233.5,112.76812744140625,231.10000610351562,117.58524322509766
445,204.8000030517578,123.92481994628906,230.89999389648438,152.85316467285156,257.79998779296875,164.981689453125,220.1999969482422,169.0170440673828,259.6000061035156,119.30482482910156,264.70001220703125,144.6582489013672
446,205.8000030517578,111.05565643310547,193.89999389648438,61.46617126464844,262.6000061035156,161.5049285888672,244.8000030517578,154.86497497558594,238.89999389648438,126.62104797363281,290.20001220703125,152.07550048828125
447,285.3999938964844,143.25584411621094,245.0,156.73800659179688,186.8000030517578,107.87751770019531,251.1999969482422,147.234375,219.10000610351562,102.44261932373047,264.6000061035156,110.16097259521484
448,235.6999969482422,139.6624755859375,218.6999969482422,127.3609390258789,220.3000030517578,131.4108428955078,229.5,114.9749984741211,241.8000030517578,132.31689453125,211.1999969482422,120.66963195800781
449,248.60000610351562,118.61213684082031,206.3000030517578,134.03733825683594,231.0,146.484130859375,224.6999969482422,132.44700622558594,221.60000610351562,115.2538070678711,266.3999938964844,123.0009765625
450,241.10000610351562,129.14599609375,212.89999389648438,151.5351104736328,177.0,76.42120361328125,253.1999969482422,143.76841735839844,212.5,87.43826293945312,224.1999969482422,121.71260833740234
451,222.1999969482422,108.52354431152344,217.0,119.43785095214844,268.29998779296875,146.22177124023438,219.3000030517578,129.4241485595703,284.29998779296875,154.90516662597656,192.3000030517578,101.2492446899414
452,254.3000030517578,127.12989044189453,217.60000610351562,114.19999694824219,205.1999969482422,89.96644592285156,189.60000610351562,134.5943603515625,259.3999938964844,147.79052734375,249.60000610351562,116.0389633178711
453,223.10000610351562,134.751220703125,254.3000030517578,146.4739227294922,213.10000610351562,138.01988220214844,215.8000030517578,136.4908905029297,238.89999389648438,121.0780258178711,240.10000610351562,135.23199462890625
454,220.60000610351562,94.06295013427734,228.3000030517578,158.03231811523438,196.0,93.14612579345703,263.5,168.1786346435547,290.3999938964844,141.8585205078125,272.29998779296875,138.2476348876953
455,233.0,147.61639404296875,245.5,172.9706573486328,222.1999969482422,99.53270721435547,240.10000610351562,128.46824645996094,258.1000061035156,134.5596160888672,270.70001220703125,130.20526123046875
456,218.8000030517578,85.5766372680664,234.5,162.53445434570312,240.5,125.71495819091797,205.1999969482422,110.73283386230469,194.3000030517578,74.91468811035156,235.5,98.06044006347656
457,234.39999389648438,101.8255386352539,233.0,146.75216674804688,246.8000030517578,115.06588745117188,250.8000030517578,159.5849609375,241.39999389648438,122.54158782958984,257.29998779296875,117.88304138183594
458,210.39999389648438,111.90460205078125,220.3000030517578,124.34231567382812,298.20001220703125,143.93873596191406,245.0,128.36276245117188,231.3000030517578,101.64747619628906,227.5,106.91328430175781
459,225.39999389648438,109.34276580810547,235.1999969482422,81.07132720947266,218.39999389648438,64.90485382080078,221.6999969482422,152.49855041503906,275.0,159.60763549804688,245.89999389648438,121.96183776855469
460,259.1000061035156,108.44026184082031,233.0,111.96964263916016,225.60000610351562,111.9564208984375,250.0,150.4818878173828,217.89999389648438,105.92020416259766,251.89999389648438,106.48704528808594
461,263.79998779296875,113.06794738769531,273.0,151.49917602539062,252.6999969482422,103.94233703613281,259.3999938964844,137.07896423339844,237.0,133.40914916992188,236.6999969482422,143.00213623046875
462,229.10000610351562,44.426231384277344,260.0,142.21463012695312,252.0,106.99906158447266,217.5,111.74815368652344,242.3000030517578,136.706298828125,277.3999938964844,129.7476043701172
463,245.5,106.85153198242188,202.6999969482422,103.43988037109375,281.5,139.1454315185547,294.79998779296875,142.586669921875,203.1999969482422,127.20282745361328,237.8000030517578,120.42242431640625
464,209.6999969482422,87.08277130126953,217.89999389648438,90.66801452636719,271.3999938964844,108.03536224365234,229.5,158.5946044921875,234.10000610351562,140.4645538330078,213.60000610351562,98.38008117675781
465,221.39999389648438,107.01327514648438,193.89999389648438,105.58262634277344,249.89999389648438,127.497802734375,206.6999969482422,105.56897735595703,261.5,138.27093505859375,243.89999389648438,103.4132080078125
466,217.0,85.08936309814453,257.29998779296875,148.09527587890625,235.0,114.79024505615234,251.39999389648438,151.03985595703125,209.3000030517578,87.76223754882812,249.3000030517578,122.39530181884766
467,212.3000030517578,88.34709930419922,243.10000610351562,120.36233520507812,240.3000030517578,133.4466552734375,192.0,87.22041320800781,223.1999969482422,130.4981231689453,308.5,153.8149871826172
468,213.60000610351562,114.3846206665039,219.6999969482422,79.19475555419922,262.6000061035156,129.5540008544922,250.0,120.81307983398438,237.0,120.1216049194336,235.0,116.59073638916016
469,208.10000610351562,76.9239273071289,255.10000610351562,115.78726196289062,271.5,115.657470703125,249.39999389648438,127.3563461303711,208.10000610351562,76.87450408935547,238.89999389648438,101.04894256591797
470,252.1999969482422,119.89395141601562,236.3000030517578,111.63874816894531,259.5,125.33335876464844,228.1999969482422,126.13151550292969,244.39999389648438,109.23480224609375,257.0,124.78621673583984
471,236.89999389648438,86.50716400146484,217.10000610351562,96.35293579101562,256.1000061035156,107.05274200439453,223.60000610351562,108.00759887695312,221.89999389648438,121.26950073242188,259.29998779296875,129.69737243652344
472,254.89999389648438,119.35028076171875,246.8000030517578,131.82852172851562,260.5,138.8526153564453,226.6999969482422,108.57075500488281,282.1000061035156,151.5601806640625,277.5,135.05572509765625
473,205.89999389648438,81.6902084350586,212.0,111.28791809082031,309.70001220703125,157.7574462890625,213.3000030517578,107.08506774902344,249.10000610351562,122.75704193115234,177.8000030517578,63.746063232421875
474,190.1999969482422,68.48619842529297,232.6999969482422,126.7241439819336,208.6999969482422,67.35436248779297,269.6000061035156,153.8961944580078,208.89999389648438,111.07154846191406,268.20001220703125,130.2089080810547
475,219.10000610351562,112.27417755126953,232.0,81.35723876953125,282.79998779296875,126.81940460205078,289.70001220703125,145.2591094970703,217.10000610351562,119.32514190673828,278.70001220703125,150.28775024414062
476,221.1999969482422,77.52006530761719,234.5,116.6209716796875,243.6999969482422,143.91041564941406,251.39999389648438,141.56849670410156,230.1999969482422,119.1652603149414,270.29998779296875,116.10688781738281
477,226.5,109.81006622314453,183.60000610351562,78.1513900756836,267.1000061035156,145.38394165039062,249.0,125.13192749023438,231.60000610351562,123.10093688964844,230.10000610351562,123.7137451171875
478,225.60000610351562,104.09053802490234,219.60000610351562,111.52147674560547,241.0,123.18360137939453,233.60000610351562,120.02599334716797,217.10000610351562,116.607421875,277.5,124.33201599121094
479,240.3000030517578,110.07638549804688,225.10000610351562,93.03273010253906,284.5,118.4822769165039,259.70001220703125,138.13113403320312,238.0,114.91213989257812,287.79998779296875,150.4166259765625
480,223.60000610351562,106.51309967041016,195.39999389648438,78.42474365234375,291.70001220703125,103.80082702636719,273.6000061035156,128.9466552734375,230.8000030517578,124.05143737792969,246.8000030517578,150.09117126464844
481,214.5,74.30780792236328,231.5,114.94281005859375,232.5,88.85859680175781,226.1999969482422,95.17542266845703,257.70001220703125,151.3096466064453,258.6000061035156,135.5228271484375
482,211.60000610351562,110.32243347167969,201.89999389648438,88.67180633544922,310.1000061035156,132.9033203125,260.1000061035156,156.97671508789062,210.39999389648438,110.25352478027344,241.6999969482422,126.25691986083984
483,220.89999389648438,73.79085540771484,265.1000061035156,139.28707885742188,302.5,127.01358032226562,237.3000030517578,108.97068786621094,269.79998779296875,143.6717071533203,284.70001220703125,131.79306030273438
484,240.39999389648438,120.03015899658203,226.10000610351562,84.8038330078125,301.6000061035156,131.79318237304688,273.5,152.7803955078125,224.10000610351562,122.9889907836914,262.29998779296875,136.06105041503906
485,213.0,68.6148681640625,203.0,82.12916564941406,272.0,118.51497650146484,238.8000030517578,141.74752807617188,225.0,107.53697204589844,258.8999938964844,129.4437713623047
486,200.5,96.22603607177734,232.89999389648438,105.44046020507812,295.5,130.4823760986328,242.5,130.09861755371094,256.0,118.26411437988281,286.6000061035156,126.93242645263672
487,229.1999969482422,119.22315979003906,208.6999969482422,82.6499252319336,266.8999938964844,118.0622329711914,287.1000061035156,146.6925048828125,234.5,118.42064666748047,278.0,124.98320007324219
488,230.3000030517578,88.75927734375,253.0,134.59791564941406,252.1999969482422,112.45870208740234,290.3999938964844,140.81634521484375,265.79998779296875,141.9850616455078,267.5,107.9622573852539
489,210.89999389648438,70.81023406982422,244.10000610351562,106.77775573730469,245.89999389648438,113.69384002685547,284.79998779296875,142.62664794921875,227.8000030517578,101.02653503417969,279.6000061035156,132.8481903076172
490,209.0,88.00682067871094,258.3999938964844,147.08038330078125,296.3999938964844,143.67129516601562,237.60000610351562,125.33650970458984,269.5,156.8191680908203,280.0,117.42316436767578
491,203.0,85.57569885253906,238.0,118.64737701416016,287.8999938964844,145.32615661621094,250.89999389648438,124.53469848632812,230.60000610351562,102.4648208618164,263.20001220703125,100.70034790039062
492,210.1999969482422,61.993221282958984,233.10000610351562,163.1492919921875,280.29998779296875,119.0244140625,273.0,146.4151611328125,263.70001220703125,142.29058837890625,260.70001220703125,131.9454803466797
493,200.10000610351562,60.70988464355469,218.89999389648438,102.60550689697266,242.1999969482422,113.97701263427734,254.1999969482422,143.602783203125,242.3000030517578,120.49983978271484,234.5,87.89567565917969
494,222.6999969482422,99.9560317993164,247.8000030517578,143.2458038330078,222.3000030517578,135.50575256347656,247.1999969482422,134.0125274658203,249.3000030517578,124.4452133178711,253.6999969482422,102.73174285888672
495,209.6999969482422,70.10855865478516,228.3000030517578,113.10884094238281,211.1999969482422,71.44900512695312,259.20001220703125,144.16574096679688,249.5,138.0465545654297,279.1000061035156,141.8685760498047
496,195.0,74.17816162109375,206.39999389648438,112.93910217285156,304.8999938964844,126.34274291992188,242.60000610351562,134.1083221435547,283.6000061035156,159.432861328125,320.79998779296875,129.22987365722656
497,199.8000030517578,73.9699935913086,276.70001220703125,150.76739501953125,270.8999938964844,118.7454833984375,257.29998779296875,142.24208068847656,253.10000610351562,137.374267578125,238.89999389648438,111.74117279052734
498,217.10000610351562,61.86186218261719,236.89999389648438,139.9503173828125,299.6000061035156,160.77076721191406,276.29998779296875,159.18104553222656,243.5,123.04084777832031,261.0,125.78394317626953
499,157.6999969482422,73.93517303466797,230.1999969482422,104.85398864746094,248.60000610351562,105.63825225830078,235.89999389648438,145.30963134765625,203.6999969482422,114.11840057373047,273.79998779296875,113.67655944824219
500,191.5,63.073368072509766,227.8000030517578,137.04583740234375,291.70001220703125,116.676513671875,250.10000610351562,144.83538818359375,233.5,151.92251586914062,259.5,118.39700317382812
