X,TD_mean,TD_std,TD+NOV_mean,TD+NOV_std,TD+UNC_mean,TD+UNC_std,FULL_mean,FULL_std,MULT_mean,MULT_std,GATE_mean,GATE_std
1,nan,nan,nan,nan,nan,nan,nan,nan,nan,nan,nan,nan
2,1.041632056236267,0.0,1.0418751239776611,0.0,1.0434937477111816,0.0,1.0437369346618652,0.0,1.0478523969650269,0.0,1.0435233116149902,0.0
3,1.0023876428604126,0.04107126221060753,1.0025911331176758,0.04110456630587578,1.004258155822754,0.04117818549275398,1.0044615268707275,0.04121154546737671,1.008296251296997,0.04156609997153282,1.0041409730911255,0.04121069982647896
4,1.0039678812026978,0.05837148055434227,1.0049352645874023,0.05904911831021309,1.009819507598877,0.062006473541259766,1.0107868909835815,0.0628211498260498,1.0218515396118164,0.07188818603754044,1.0096547603607178,0.06195168197154999
5,0.9872134923934937,0.03253452852368355,0.9873788952827454,0.03257900848984718,0.9890317916870117,0.03261303901672363,0.9891970753669739,0.03265785425901413,0.9926297068595886,0.03285755589604378,0.9889094233512878,0.032635245472192764
6,0.9767354130744934,0.03870721161365509,0.9768550992012024,0.03872716426849365,0.9784575700759888,0.03879779577255249,0.9785768389701843,0.038817793130874634,0.9818428754806519,0.03932993486523628,0.9783492088317871,0.038792140781879425
7,1.0034388303756714,0.02342485822737217,1.0035492181777954,0.02345322258770466,1.0052603483200073,0.02351195365190506,1.0053712129592896,0.023540258407592773,1.0087761878967285,0.023928577080368996,1.0051356554031372,0.023501519113779068
8,0.9868177175521851,0.03351922705769539,0.9869073629379272,0.03354456275701523,0.9885421991348267,0.03372342512011528,0.9886317253112793,0.03374895080924034,0.9919379949569702,0.03397989645600319,0.9883970022201538,0.0337081216275692
9,0.9824514389038086,0.03613920882344246,0.982519268989563,0.036155618727207184,0.9841625094413757,0.036210738122463226,0.9842301607131958,0.03622714802622795,0.9875830411911011,0.0366397388279438,0.9840269088745117,0.036185771226882935
10,0.9783797264099121,0.06186247244477272,0.9784387350082397,0.0618838332593441,0.9800596237182617,0.06197962164878845,0.9801170229911804,0.062001485377550125,0.9833317995071411,0.06270081549882889,0.9799071550369263,0.0619719997048378
11,0.9869996905326843,0.07275842130184174,0.9870470762252808,0.07277035713195801,0.9887247085571289,0.07290484756231308,0.9887722730636597,0.07291664183139801,0.9921067357063293,0.07358237355947495,0.9885705709457397,0.0728965625166893
12,0.9621250033378601,0.05806349590420723,0.9621635675430298,0.05807649344205856,0.9638765454292297,0.0581432580947876,0.9639156460762024,0.05815538018941879,0.9669998288154602,0.058686014264822006,0.9637196660041809,0.058125510811805725
13,0.9399657249450684,0.08669017255306244,0.9399949312210083,0.08670353144407272,0.9413727521896362,0.0870099663734436,0.9414045214653015,0.08702100813388824,0.9443252682685852,0.08771765232086182,0.9412616491317749,0.08699183166027069
14,0.9315508008003235,0.1009981781244278,0.9315739870071411,0.10100498050451279,0.9423326253890991,0.07620922476053238,0.942358136177063,0.07621665298938751,0.9454960823059082,0.07698185741901398,0.9421983957290649,0.07620405405759811
15,0.9713253974914551,0.07893234491348267,0.9713466763496399,0.07894042134284973,0.9808257818222046,0.056603506207466125,0.9808527231216431,0.05661165341734886,0.9844313859939575,0.05721473693847656,0.9806771278381348,0.0566040500998497
16,0.9849672317504883,0.05932340398430824,0.9849845170974731,0.05933019518852234,0.9873096346855164,0.05755682289600372,0.9874979257583618,0.0574454627931118,0.9911990165710449,0.05794169381260872,0.9871577024459839,0.057565197348594666
17,0.9687762260437012,0.08305298537015915,0.9687916040420532,0.08305811882019043,0.9792765378952026,0.074288509786129,0.975488543510437,0.07390782237052917,0.9791475534439087,0.07451771944761276,0.9791227579116821,0.07427352666854858
18,1.0082522630691528,0.04153343290090561,1.0082660913467407,0.04153230041265488,1.0094879865646362,0.041674163192510605,1.0162181854248047,0.033139072358608246,1.0200313329696655,0.033811915665864944,1.0093369483947754,0.041644010692834854
19,0.9949630498886108,0.08550554513931274,0.9949735403060913,0.08550741523504257,0.9614278078079224,0.16885381937026978,0.9815860986709595,0.16844552755355835,0.9853544235229492,0.1695411205291748,0.961286723613739,0.16884367167949677
20,0.9848400950431824,0.0963439792394638,0.984849750995636,0.09634660184383392,1.0175927877426147,0.028377247974276543,1.0131012201309204,0.03040526807308197,1.0173217058181763,0.0310348067432642,1.0174410343170166,0.02835957705974579
21,1.0256307125091553,0.05111674964427948,1.025638222694397,0.05111606419086456,1.025253415107727,0.04833410680294037,1.027014970779419,0.04686160758137703,1.0311670303344727,0.04744613543152809,1.0251047611236572,0.04827094078063965
22,1.0522258281707764,0.05146002769470215,1.0522334575653076,0.05146022513508797,1.0650265216827393,0.055088069289922714,1.064219355583191,0.056056153029203415,1.0688483715057373,0.05690225213766098,1.0648715496063232,0.05508652329444885
23,1.0543931722640991,0.06606487184762955,1.054399013519287,0.06606588512659073,1.0716238021850586,0.06101743131875992,1.0710113048553467,0.061376553028821945,1.075897455215454,0.062269195914268494,1.0714467763900757,0.06101209297776222
24,1.0258171558380127,0.07421225309371948,1.025821566581726,0.07421395182609558,1.0377590656280518,0.06593617796897888,1.0503116846084595,0.043853648006916046,1.0551517009735107,0.04475525766611099,1.0375961065292358,0.06593159586191177
25,1.084076166152954,0.04936297610402107,1.084080457687378,0.04936227574944496,1.1014801263809204,0.05455349013209343,1.0948097705841064,0.06413543224334717,1.0999016761779785,0.06490934640169144,1.1013164520263672,0.05454365164041519
26,1.1190077066421509,0.06879370659589767,1.119011640548706,0.06879293918609619,1.1085330247879028,0.04964079335331917,1.1082277297973633,0.04987206682562828,1.1138185262680054,0.05081147328019142,1.1083509922027588,0.04961023107171059
27,1.1276395320892334,0.06927207857370377,1.1276427507400513,0.06927120685577393,1.0976557731628418,0.04616641253232956,1.092191219329834,0.0511321946978569,1.0977343320846558,0.051701754331588745,1.0974631309509277,0.04614993557333946
28,1.1083800792694092,0.05750833824276924,1.1083835363388062,0.05750862509012222,1.0458040237426758,0.23707489669322968,1.0433731079101562,0.23629434406757355,1.0607585906982422,0.20224551856517792,1.0456548929214478,0.23702502250671387
29,1.121974229812622,0.06126946955919266,1.121976613998413,0.06126820668578148,1.132019281387329,0.06707923859357834,1.14504873752594,0.062189918011426926,1.1450854539871216,0.07381725311279297,1.1318309307098389,0.06711170822381973
30,1.169451117515564,0.06252770870923996,1.1694529056549072,0.0625283420085907,1.1486880779266357,0.11429563909769058,1.141367793083191,0.11276198923587799,1.1485397815704346,0.11570549756288528,1.1484942436218262,0.11430764198303223
31,1.1606109142303467,0.06915581971406937,1.1606101989746094,0.0691588819026947,1.1647800207138062,0.06596812605857849,1.1646474599838257,0.06601818650960922,1.170437216758728,0.06724697351455688,1.1645851135253906,0.06595556437969208
32,1.1874098777770996,0.09367494285106659,1.187408685684204,0.09366939216852188,1.1942975521087646,0.0715026706457138,1.2082064151763916,0.058493759483098984,1.2088344097137451,0.05529743805527687,1.1941065788269043,0.07152073830366135
33,1.2418802976608276,0.07351212948560715,1.2418782711029053,0.07350815832614899,1.2087342739105225,0.11044923961162567,1.1976122856140137,0.10513807088136673,1.2191424369812012,0.085574671626091,1.208510160446167,0.11044958233833313
34,1.2282968759536743,0.06924912333488464,1.2282934188842773,0.06924966722726822,1.214094877243042,0.07126227766275406,1.2236640453338623,0.0818394124507904,1.248805284500122,0.08741240948438644,1.2138699293136597,0.07123296707868576
35,1.269806146621704,0.10615267604589462,1.2698010206222534,0.10615270584821701,1.2605494260787964,0.11168742179870605,1.238186001777649,0.13038070499897003,1.2568647861480713,0.12075814604759216,1.260361909866333,0.11164458841085434
36,1.291621208190918,0.11680438369512558,1.2916160821914673,0.11679856479167938,1.2804524898529053,0.11286074668169022,1.2877905368804932,0.10501929372549057,1.3099650144577026,0.10155431181192398,1.2802141904830933,0.11282365769147873
37,1.2894179821014404,0.08017285913228989,1.2894130945205688,0.0801723524928093,1.3051351308822632,0.06923004239797592,1.2900854349136353,0.060114819556474686,1.2915318012237549,0.07026897370815277,1.3049191236495972,0.06920390576124191
38,1.3244305849075317,0.11166471987962723,1.3244211673736572,0.1116701290011406,1.3294322490692139,0.11326079070568085,1.3123244047164917,0.11506157368421555,1.3091645240783691,0.11668683588504791,1.3292315006256104,0.1132362112402916
39,1.3043509721755981,0.11606551706790924,1.304342269897461,0.11606503278017044,1.317165732383728,0.20159059762954712,1.3062750101089478,0.2091156393289566,1.3454900979995728,0.19079115986824036,1.3169336318969727,0.20155581831932068
40,1.3481488227844238,0.1175389438867569,1.348138451576233,0.11754218488931656,1.352384328842163,0.10972990840673447,1.3350422382354736,0.12321756780147552,1.330467939376831,0.15231953561306,1.3521355390548706,0.10970337688922882
41,1.3743200302124023,0.10485632717609406,1.3743109703063965,0.104852095246315,1.36978280544281,0.10261036455631256,1.3834880590438843,0.09311234951019287,1.3761169910430908,0.10139875113964081,1.369566559791565,0.10259640216827393
42,1.4008800983428955,0.11806061118841171,1.4008647203445435,0.11807308346033096,1.4303871393203735,0.1127440333366394,1.4322165250778198,0.11136678606271744,1.4317455291748047,0.1218477264046669,1.4301680326461792,0.11273298412561417
43,1.4567153453826904,0.1564100980758667,1.456700086593628,0.15638107061386108,1.4153716564178467,0.140417218208313,1.3699142932891846,0.14895613491535187,1.3533906936645508,0.14289693534374237,1.4151451587677002,0.14042024314403534
44,1.4398939609527588,0.13928312063217163,1.4398796558380127,0.13927359879016876,1.405686378479004,0.13224856555461884,1.4150893688201904,0.12091414630413055,1.4313260316848755,0.11401794105768204,1.4054205417633057,0.13222184777259827
45,1.4611722230911255,0.13800299167633057,1.4611566066741943,0.13799546658992767,1.4438583850860596,0.14832663536071777,1.427304983139038,0.14050447940826416,1.4949195384979248,0.11272052675485611,1.4435999393463135,0.1483059525489807
46,1.486069917678833,0.21182548999786377,1.4860492944717407,0.21179209649562836,1.4212759733200073,0.14359575510025024,1.461695671081543,0.16720344126224518,1.4611836671829224,0.16363099217414856,1.4210420846939087,0.143530011177063
47,1.5477440357208252,0.17444202303886414,1.5477267503738403,0.17442229390144348,1.5480589866638184,0.16919086873531342,1.5134575366973877,0.17150507867336273,1.5247459411621094,0.18955737352371216,1.5478099584579468,0.16916751861572266
48,1.5659661293029785,0.1802813559770584,1.5659472942352295,0.1802525818347931,1.5439029932022095,0.1556306928396225,1.5516473054885864,0.15182945132255554,1.528185486793518,0.18530963361263275,1.5436475276947021,0.1556706428527832
49,1.5337576866149902,0.23351210355758667,1.5337289571762085,0.2334703654050827,1.4984900951385498,0.24661096930503845,1.4614911079406738,0.24947978556156158,1.4826151132583618,0.2438133955001831,1.4982192516326904,0.24668355286121368
50,1.479243278503418,0.12976689636707306,1.4792152643203735,0.12976482510566711,1.4788076877593994,0.17997141182422638,1.477004051208496,0.18089015781879425,1.545456886291504,0.17592591047286987,1.4785170555114746,0.17989376187324524
51,1.5609222650527954,0.13690297305583954,1.5608892440795898,0.1369055062532425,1.5257556438446045,0.14556555449962616,1.5366113185882568,0.1319563090801239,1.5751066207885742,0.11323672533035278,1.5255041122436523,0.14550484716892242
52,1.6251872777938843,0.1757936030626297,1.6251647472381592,0.17571496963500977,1.5784244537353516,0.13496342301368713,1.6062870025634766,0.1371690034866333,1.6299943923950195,0.13015449047088623,1.5781736373901367,0.13496409356594086
53,1.6413837671279907,0.16778871417045593,1.6413646936416626,0.16781409084796906,1.5850785970687866,0.225460484623909,1.5673906803131104,0.21511194109916687,1.6274263858795166,0.13959471881389618,1.584886074066162,0.2255520075559616
54,1.6440095901489258,0.13934965431690216,1.644007682800293,0.1393313705921173,1.6168941259384155,0.1616726517677307,1.6362651586532593,0.16820040345191956,1.6722084283828735,0.1958179473876953,1.6166484355926514,0.1617383062839508
55,1.6397066116333008,0.16253651678562164,1.6396968364715576,0.16249722242355347,1.6110813617706299,0.1690053939819336,1.6089922189712524,0.17161361873149872,1.6549642086029053,0.19479621946811676,1.6108249425888062,0.16905063390731812
56,1.5952249765396118,0.08613129705190659,1.5952095985412598,0.08615940809249878,1.6248575448989868,0.09928861260414124,1.6237446069717407,0.10131873935461044,1.5912431478500366,0.11964774131774902,1.6246610879898071,0.09925194084644318
57,1.6136200428009033,0.1346847116947174,1.613605260848999,0.13464266061782837,1.6412551403045654,0.13791310787200928,1.6522334814071655,0.1271563321352005,1.65628981590271,0.12283006310462952,1.641019582748413,0.13789485394954681
58,1.651363730430603,0.1437600702047348,1.6513481140136719,0.14374259114265442,1.6098413467407227,0.17408640682697296,1.6544564962387085,0.18930813670158386,1.7097492218017578,0.1889023631811142,1.6095917224884033,0.17413891851902008
59,1.740086317062378,0.25737085938453674,1.7400728464126587,0.2573196589946747,1.7200984954833984,0.2413620948791504,1.7006820440292358,0.25399765372276306,1.6734365224838257,0.12891806662082672,1.7198143005371094,0.24142995476722717
60,1.7355352640151978,0.2864331007003784,1.7355378866195679,0.28641214966773987,1.7202526330947876,0.304090678691864,1.7387794256210327,0.2864982783794403,1.7321538925170898,0.2647939622402191,1.7199954986572266,0.30419284105300903
61,1.7614456415176392,0.18765120208263397,1.7614400386810303,0.1876848191022873,1.7696317434310913,0.16999192535877228,1.7570106983184814,0.18351700901985168,1.804787278175354,0.182786226272583,1.769325613975525,0.170005202293396
62,1.7570793628692627,0.2019166648387909,1.7570865154266357,0.2019447684288025,1.7129716873168945,0.18246299028396606,1.6717109680175781,0.19304564595222473,1.7238095998764038,0.21285516023635864,1.712669014930725,0.18252971768379211
63,1.8836147785186768,0.28513607382774353,1.8836050033569336,0.2851622998714447,1.89772629737854,0.2591967284679413,1.892615556716919,0.26431986689567566,1.863306999206543,0.3113459348678589,1.8974117040634155,0.2592228651046753
64,1.732293725013733,0.16799359023571014,1.7322874069213867,0.16797606647014618,1.749037742614746,0.17595280706882477,1.7558094263076782,0.16537262499332428,1.7858692407608032,0.1451871693134308,1.7487481832504272,0.17606504261493683
65,1.8546549081802368,0.23073835670948029,1.854656457901001,0.230679452419281,1.7601940631866455,0.20574750006198883,1.7347962856292725,0.21623145043849945,1.8470958471298218,0.19991853833198547,1.7598927021026611,0.20581530034542084
66,1.7436292171478271,0.17125628888607025,1.743600845336914,0.17132215201854706,1.7361360788345337,0.1856294572353363,1.7236210107803345,0.18460075557231903,1.7389036417007446,0.21094311773777008,1.735804796218872,0.18561597168445587
67,1.6853498220443726,0.23254095017910004,1.6853129863739014,0.23263579607009888,1.7169504165649414,0.21361003816127777,1.7043746709823608,0.22722093760967255,1.5922067165374756,0.1775038093328476,1.716658353805542,0.2135400027036667
68,1.6609792709350586,0.20510196685791016,1.660938024520874,0.20507483184337616,1.6523125171661377,0.20831428468227386,1.6175466775894165,0.19275915622711182,1.6776797771453857,0.161056250333786,1.6520169973373413,0.20832610130310059
69,1.8713983297348022,0.1944725662469864,1.8713462352752686,0.19450761377811432,1.8363498449325562,0.21910208463668823,1.8284095525741577,0.21712951362133026,1.8684755563735962,0.2444165199995041,1.8360779285430908,0.2191881388425827
70,1.8844139575958252,0.22988511621952057,1.8843475580215454,0.22982612252235413,1.8573871850967407,0.3621954619884491,1.8161550760269165,0.3846157491207123,1.7788625955581665,0.2869769334793091,1.85709547996521,0.3622598946094513
71,1.7094920873641968,0.14031890034675598,1.7094062566757202,0.14038223028182983,1.6379480361938477,0.16712641716003418,1.6394691467285156,0.16706225275993347,1.6814082860946655,0.17539247870445251,1.6376317739486694,0.16716860234737396
72,1.8704763650894165,0.23248134553432465,1.8704118728637695,0.23233991861343384,1.7874631881713867,0.2005358636379242,1.7849979400634766,0.20136219263076782,1.790196418762207,0.21384647488594055,1.7871605157852173,0.20060734450817108
73,1.7307878732681274,0.26890623569488525,1.7307336330413818,0.2689061462879181,1.670164704322815,0.2780049741268158,1.6536451578140259,0.30165737867355347,1.819470763206482,0.22701919078826904,1.6698497533798218,0.2781309187412262
74,1.7056143283843994,0.21649599075317383,1.7055408954620361,0.2166060358285904,1.734519600868225,0.2308654934167862,1.7102609872817993,0.2659989893436432,1.766129732131958,0.28081628680229187,1.7342077493667603,0.2309950441122055
75,1.8276628255844116,0.14934022724628448,1.827641487121582,0.14934328198432922,1.707964301109314,0.2326817512512207,1.7669241428375244,0.20482401549816132,1.6926437616348267,0.17448723316192627,1.707558274269104,0.23271901905536652
76,1.7356722354888916,0.2357281595468521,1.7356147766113281,0.23577569425106049,1.7620611190795898,0.22204864025115967,1.749651551246643,0.21501320600509644,1.843523621559143,0.23880892992019653,1.7617508172988892,0.22210310399532318
77,1.8846622705459595,0.29121533036231995,1.8845800161361694,0.2910536527633667,1.832883596420288,0.19374129176139832,1.8149909973144531,0.23014001548290253,1.8052181005477905,0.1731007695198059,1.8325140476226807,0.19383521378040314
78,1.7399412393569946,0.20541076362133026,1.739850401878357,0.20547282695770264,1.7079699039459229,0.18703429400920868,1.7039076089859009,0.20034141838550568,1.7659372091293335,0.23071539402008057,1.7075941562652588,0.1870543509721756
79,1.877677321434021,0.29830044507980347,1.8776077032089233,0.2983538508415222,1.777930498123169,0.26994794607162476,1.7571885585784912,0.28539785742759705,1.7609800100326538,0.16458506882190704,1.7776191234588623,0.2699948847293854
80,1.836498498916626,0.21371902525424957,1.8364235162734985,0.21378235518932343,1.7898366451263428,0.26294541358947754,1.766632318496704,0.2791009247303009,1.811526894569397,0.3750843405723572,1.7894563674926758,0.26303935050964355
81,1.8923397064208984,0.23948965966701508,1.8922843933105469,0.23945686221122742,1.7901427745819092,0.24598358571529388,1.7561540603637695,0.260522723197937,1.826123833656311,0.25687265396118164,1.7897460460662842,0.24609026312828064
82,1.8167349100112915,0.2561958134174347,1.8166725635528564,0.25615420937538147,1.8302453756332397,0.19763058423995972,1.757582664489746,0.19130878150463104,1.817671537399292,0.23574861884117126,1.8298791646957397,0.19771617650985718
83,1.7944600582122803,0.16558599472045898,1.794385313987732,0.16558809578418732,1.7235294580459595,0.20881566405296326,1.7024574279785156,0.24615205824375153,1.7666804790496826,0.2688043415546417,1.7231858968734741,0.20888936519622803
84,1.7014684677124023,0.16906502842903137,1.7013628482818604,0.16907937824726105,1.686427116394043,0.21856176853179932,1.6734641790390015,0.25645017623901367,1.7693933248519897,0.17522238194942474,1.6860425472259521,0.21865428984165192
85,1.8477020263671875,0.1728958636522293,1.8476730585098267,0.17289192974567413,1.768941879272461,0.2825871706008911,1.8133172988891602,0.19929787516593933,1.8083240985870361,0.25648733973503113,1.7685483694076538,0.2826908528804779
86,1.8155384063720703,0.27975183725357056,1.8155149221420288,0.2797934412956238,1.7800108194351196,0.22549396753311157,1.759240746498108,0.22668515145778656,1.7947200536727905,0.26302775740623474,1.7796674966812134,0.2255755364894867
87,1.7213417291641235,0.18064743280410767,1.7211220264434814,0.1804712861776352,1.840806007385254,0.3341682553291321,1.8322169780731201,0.36623358726501465,1.842660903930664,0.19481278955936432,1.8404029607772827,0.3343490958213806
88,1.771868109703064,0.18412362039089203,1.7717039585113525,0.18415933847427368,1.76424241065979,0.20246925950050354,1.7767375707626343,0.11225191503763199,1.7550334930419922,0.17284196615219116,1.7638447284698486,0.20251573622226715
89,1.9508056640625,0.27943894267082214,1.9504821300506592,0.27934902906417847,1.8631858825683594,0.33308807015419006,1.8963394165039062,0.2894240617752075,1.8541227579116821,0.23313122987747192,1.86282479763031,0.33324211835861206
90,1.7586349248886108,0.2655397653579712,1.7584606409072876,0.26557374000549316,1.7350671291351318,0.28081080317497253,1.802751898765564,0.24077945947647095,1.8534917831420898,0.17393887042999268,1.7347023487091064,0.28091421723365784
91,1.7114896774291992,0.1764596700668335,1.7112842798233032,0.17622368037700653,1.6729562282562256,0.181117445230484,1.6677049398422241,0.14854922890663147,1.672885537147522,0.08852025121450424,1.6725823879241943,0.18125209212303162
92,1.8122907876968384,0.23710469901561737,1.8121379613876343,0.23687352240085602,1.8086366653442383,0.20668677985668182,1.7632811069488525,0.22820131480693817,1.7605822086334229,0.23485605418682098,1.8082603216171265,0.20680101215839386
93,1.7515166997909546,0.31770530343055725,1.751355528831482,0.3175587058067322,1.6931467056274414,0.3198864161968231,1.8177570104599,0.2898329496383667,1.7636280059814453,0.32241886854171753,1.6927849054336548,0.31990599632263184
94,1.8544340133666992,0.24170111119747162,1.85440194606781,0.2416701316833496,1.8575986623764038,0.3379117250442505,1.8421146869659424,0.3044460117816925,1.7147817611694336,0.21420249342918396,1.8572616577148438,0.3379546105861664
95,1.6290380954742432,0.18027153611183167,1.6290194988250732,0.1802392601966858,1.7011172771453857,0.19877280294895172,1.6856963634490967,0.21507762372493744,1.7998526096343994,0.1597650796175003,1.700730323791504,0.19890986382961273
96,1.8754642009735107,0.2729016840457916,1.8753334283828735,0.27296680212020874,1.7947673797607422,0.187669575214386,1.759155035018921,0.1569540798664093,1.6607418060302734,0.1881050169467926,1.794400930404663,0.18772673606872559
97,1.7263402938842773,0.2800396680831909,1.7263081073760986,0.2799707353115082,1.7386934757232666,0.26514124870300293,1.6741775274276733,0.21669720113277435,1.6782567501068115,0.2869310975074768,1.7383286952972412,0.2650185227394104
98,1.75064218044281,0.2909674644470215,1.750575304031372,0.29090195894241333,1.9098879098892212,0.24716220796108246,1.8864825963974,0.2555973529815674,1.7998806238174438,0.21487754583358765,1.909558653831482,0.2471161037683487
99,1.8328250646591187,0.2755860984325409,1.8327109813690186,0.2756604552268982,1.8526594638824463,0.25040537118911743,1.8692359924316406,0.2390252649784088,1.7018959522247314,0.33029067516326904,1.852341651916504,0.2503858208656311
100,1.748152732849121,0.22533589601516724,1.7480590343475342,0.22541150450706482,1.7483030557632446,0.23295827209949493,1.7573788166046143,0.24216508865356445,1.779767394065857,0.26882117986679077,1.7479921579360962,0.23292718827724457
101,1.6677974462509155,0.24991479516029358,1.6677539348602295,0.24988123774528503,1.7017933130264282,0.23460586369037628,1.7168843746185303,0.24020159244537354,1.7547502517700195,0.2261442095041275,1.701364517211914,0.23459628224372864
102,1.7944605350494385,0.1350635141134262,1.7943528890609741,0.13506120443344116,1.7722734212875366,0.20216621458530426,1.7792351245880127,0.23493684828281403,1.6159063577651978,0.2036960870027542,1.7719835042953491,0.20212338864803314
103,1.6949291229248047,0.3104945421218872,1.6948511600494385,0.31048649549484253,1.639714002609253,0.3248595595359802,1.6500879526138306,0.23710255324840546,1.5094506740570068,0.31893834471702576,1.6393026113510132,0.3249157667160034
104,1.8006103038787842,0.3033537268638611,1.8005077838897705,0.303445041179657,1.7471134662628174,0.2658306658267975,1.7574613094329834,0.2423742115497589,1.7118889093399048,0.28449055552482605,1.7467718124389648,0.26584720611572266
105,1.739614486694336,0.275065153837204,1.7396589517593384,0.27487313747406006,1.7954120635986328,0.2769707143306732,1.7560065984725952,0.29173532128334045,1.6828229427337646,0.20560389757156372,1.7962334156036377,0.27788352966308594
106,1.5723851919174194,0.25011497735977173,1.5723861455917358,0.2500171959400177,1.6519168615341187,0.2917211055755615,1.7379539012908936,0.307573527097702,1.7327457666397095,0.22370906174182892,1.6514946222305298,0.2917245030403137
107,1.7164065837860107,0.2565324604511261,1.7163143157958984,0.2563614249229431,1.7485597133636475,0.20480893552303314,1.7930214405059814,0.2053159922361374,1.6985359191894531,0.21856661140918732,1.7481378316879272,0.20465289056301117
108,1.6396211385726929,0.1856866180896759,1.639552354812622,0.18556666374206543,1.6571811437606812,0.28876179456710815,1.7688201665878296,0.21215762197971344,1.6295099258422852,0.2584516108036041,1.6567914485931396,0.28886014223098755
109,1.6116163730621338,0.24552252888679504,1.611469030380249,0.24543556571006775,1.7080440521240234,0.17804425954818726,1.7134395837783813,0.20634673535823822,1.731239676475525,0.22472339868545532,1.6641696691513062,0.2371213734149933
110,1.7297874689102173,0.20739921927452087,1.7279237508773804,0.21006397902965546,1.838381052017212,0.31812962889671326,1.7547763586044312,0.33597004413604736,1.7030080556869507,0.25757306814193726,1.8530998229980469,0.31201717257499695
111,1.8086131811141968,0.21519076824188232,1.8085248470306396,0.2149810642004013,1.7707847356796265,0.20396952331066132,1.7479536533355713,0.2233203947544098,1.6224712133407593,0.20553840696811676,1.7630796432495117,0.20176047086715698
112,1.633035659790039,0.2763339877128601,1.6329796314239502,0.2762252688407898,1.5579874515533447,0.21732628345489502,1.5659584999084473,0.14651046693325043,1.667165994644165,0.39927271008491516,1.5372525453567505,0.1894826591014862
113,1.6664797067642212,0.17759285867214203,1.666476845741272,0.17755059897899628,1.7375898361206055,0.2106575220823288,1.7478357553482056,0.2569437026977539,1.7757742404937744,0.2478741705417633,1.7258789539337158,0.2119492143392563
114,1.5991182327270508,0.17075364291667938,1.5991262197494507,0.17085802555084229,1.7146530151367188,0.21909967064857483,1.7299432754516602,0.23649097979068756,1.6765282154083252,0.24886886775493622,1.6778761148452759,0.20725201070308685
115,1.7135894298553467,0.20386721193790436,1.713510274887085,0.20387683808803558,1.589293360710144,0.17100238800048828,1.640294075012207,0.19655252993106842,1.6348121166229248,0.25281399488449097,1.5930588245391846,0.17512883245944977
116,1.6637862920761108,0.26499661803245544,1.6636766195297241,0.26501592993736267,1.5533912181854248,0.32864296436309814,1.6908231973648071,0.4150855839252472,1.7186521291732788,0.2940394878387451,1.524559736251831,0.31063276529312134
117,1.5600714683532715,0.2801993489265442,1.560003638267517,0.27995842695236206,1.6717725992202759,0.27015945315361023,1.7503795623779297,0.3436463475227356,1.5551445484161377,0.2797388434410095,1.656733512878418,0.2773550748825073
118,1.5267919301986694,0.21665750443935394,1.526763916015625,0.21647632122039795,1.5834242105484009,0.3034394681453705,1.7718160152435303,0.4806869626045227,1.5958973169326782,0.3023545742034912,1.6071163415908813,0.28565269708633423
119,1.6038000583648682,0.2620893716812134,1.603724718093872,0.2619228959083557,1.6898988485336304,0.29751473665237427,1.7908138036727905,0.31944403052330017,1.7054589986801147,0.2791532874107361,1.703656792640686,0.2935171127319336
120,1.5802655220031738,0.23828625679016113,1.5802152156829834,0.23802252113819122,1.675238013267517,0.2875615060329437,1.6655486822128296,0.29879114031791687,1.5142061710357666,0.2519020438194275,1.6617683172225952,0.2890384793281555
121,1.5665066242218018,0.14368636906147003,1.566528558731079,0.143393874168396,1.555055856704712,0.16873469948768616,1.7208677530288696,0.3491937816143036,1.689316987991333,0.24491336941719055,1.5522773265838623,0.17182229459285736
122,1.402003526687622,0.25767436623573303,1.4020785093307495,0.2577812075614929,1.602433443069458,0.2868449091911316,1.8319034576416016,0.4995339512825012,1.6263487339019775,0.2855779230594635,1.6315832138061523,0.26267164945602417
123,1.422168254852295,0.24271515011787415,1.4220672845840454,0.24267663061618805,1.5533900260925293,0.2895801067352295,1.771317481994629,0.4874635934829712,1.692223310470581,0.3940766155719757,1.5914463996887207,0.2542719542980194
124,1.4137545824050903,0.18072782456874847,1.4137256145477295,0.18061670660972595,1.582564353942871,0.34804484248161316,1.627718210220337,0.29434216022491455,1.6415458917617798,0.2650715410709381,1.5959689617156982,0.3343560993671417
125,1.3606226444244385,0.23238417506217957,1.3607416152954102,0.23195382952690125,1.4468863010406494,0.3290409445762634,1.4524283409118652,0.3247051537036896,1.5238885879516602,0.19189439713954926,1.4586098194122314,0.33822089433670044
126,1.6843392848968506,0.3643992245197296,1.620070219039917,0.2748538553714752,1.4999672174453735,0.28482192754745483,1.609057068824768,0.341785192489624,1.5412262678146362,0.32679682970046997,1.5668888092041016,0.2816998064517975
127,1.486694097518921,0.3201996386051178,1.3895660638809204,0.24810585379600525,1.5029035806655884,0.4234970211982727,1.533623456954956,0.3759215176105499,1.5400696992874146,0.28787800669670105,1.5249136686325073,0.4059640169143677
128,1.4719901084899902,0.16915300488471985,1.4361293315887451,0.2027396410703659,1.6409072875976562,0.3259866237640381,1.7581100463867188,0.455821692943573,1.5363517999649048,0.34477698802948,1.6029479503631592,0.3485613465309143
129,1.4166982173919678,0.2634809613227844,1.4118609428405762,0.2654673755168915,1.3560444116592407,0.18387393653392792,1.5484319925308228,0.4897148907184601,1.496469259262085,0.24863038957118988,1.3711376190185547,0.20380324125289917
130,1.2920327186584473,0.22409702837467194,1.3773800134658813,0.2678452730178833,1.4378318786621094,0.2336174100637436,1.5499112606048584,0.33254024386405945,1.5825252532958984,0.3809444308280945,1.4578464031219482,0.24146965146064758
131,1.465104103088379,0.2632974684238434,1.3789856433868408,0.19465556740760803,1.5001575946807861,0.36209407448768616,1.504045009613037,0.4174192249774933,1.5117789506912231,0.3539755344390869,1.4720102548599243,0.3441884219646454
132,1.3827389478683472,0.19713427126407623,1.3775484561920166,0.19412077963352203,1.3736069202423096,0.3643855154514313,1.5815670490264893,0.47305330634117126,1.4766676425933838,0.27460408210754395,1.3995821475982666,0.3691927492618561
133,1.4703668355941772,0.17114809155464172,1.4465395212173462,0.17653153836727142,1.6368515491485596,0.49787062406539917,1.677306890487671,0.5000324845314026,1.6401033401489258,0.4681021571159363,1.63496994972229,0.4985272288322449
134,1.3621792793273926,0.19686506688594818,1.306840181350708,0.20744971930980682,1.5097579956054688,0.4345303177833557,1.599536418914795,0.47162315249443054,1.4694675207138062,0.29267382621765137,1.5210975408554077,0.43016377091407776
135,1.4660190343856812,0.3620865046977997,1.3961498737335205,0.3312588930130005,1.5658992528915405,0.5282296538352966,1.6401784420013428,0.5907588601112366,1.381887435913086,0.2920404076576233,1.49345862865448,0.5023455619812012
136,1.4449751377105713,0.3224164545536041,1.4982683658599854,0.29756590723991394,1.8002582788467407,0.8215117454528809,1.8585584163665771,0.8090236186981201,1.49429190158844,0.27691662311553955,1.7001707553863525,0.8036288619041443
137,1.475288987159729,0.43719953298568726,1.3801214694976807,0.2906954288482666,1.5109312534332275,0.32111746072769165,1.5859923362731934,0.4640979468822479,1.5347048044204712,0.29590898752212524,1.5260570049285889,0.3515903651714325
138,1.464686632156372,0.2140507698059082,1.543335199356079,0.3206199109554291,1.6026201248168945,0.4062803089618683,1.68312668800354,0.513022780418396,1.5095456838607788,0.3576579689979553,1.681378960609436,0.43397143483161926
139,1.433838963508606,0.21281404793262482,1.4019289016723633,0.218671977519989,1.701312780380249,0.5448670983314514,1.769116997718811,0.6197168231010437,1.5128238201141357,0.32039618492126465,1.6809890270233154,0.5268226265907288
140,1.410638451576233,0.25743287801742554,1.4003602266311646,0.2655540108680725,1.4491044282913208,0.24864426255226135,1.5325472354888916,0.3167417645454407,1.6201328039169312,0.3969818353652954,1.4526976346969604,0.2553814947605133
141,1.5076351165771484,0.3451070189476013,1.4320296049118042,0.2466631829738617,1.4710791110992432,0.356499582529068,1.5364441871643066,0.4898378252983093,1.5820282697677612,0.30554667115211487,1.3932048082351685,0.29182296991348267
142,1.3962900638580322,0.20499694347381592,1.4115747213363647,0.15556910634040833,1.4016568660736084,0.24285763502120972,1.4142019748687744,0.29674771428108215,1.4021292924880981,0.36331555247306824,1.3750380277633667,0.2049134224653244
143,1.3259873390197754,0.20756804943084717,1.3497869968414307,0.16066159307956696,1.5181115865707397,0.36871641874313354,1.5679646730422974,0.46163251996040344,1.4560586214065552,0.2786422073841095,1.5161011219024658,0.3654174506664276
144,1.319049596786499,0.33023637533187866,1.266959309577942,0.2954604923725128,1.4297986030578613,0.31872451305389404,1.4730693101882935,0.307452529668808,1.6447086334228516,0.4364670217037201,1.4889767169952393,0.3182401955127716
145,1.5500075817108154,0.2789774537086487,1.3905251026153564,0.3411816656589508,1.6025816202163696,0.3590135872364044,1.568149209022522,0.4005781412124634,1.5405447483062744,0.2814614772796631,1.630326509475708,0.3558776080608368
146,1.4122945070266724,0.2123945951461792,1.3455150127410889,0.1603437066078186,1.3917793035507202,0.2384965717792511,1.453087568283081,0.38292890787124634,1.6474130153656006,0.5059265494346619,1.413395881652832,0.2671844959259033
147,1.3169314861297607,0.2663143575191498,1.3856067657470703,0.4252558648586273,1.4347246885299683,0.30467489361763,1.5003432035446167,0.340264230966568,1.5244762897491455,0.4916955232620239,1.4280933141708374,0.29974105954170227
148,1.4546847343444824,0.3850686848163605,1.3924338817596436,0.2877791225910187,1.5261411666870117,0.3565315306186676,1.5661728382110596,0.3997519910335541,1.4761301279067993,0.3698149621486664,1.5491312742233276,0.4001938998699188
149,1.5364478826522827,0.3774268329143524,1.4116920232772827,0.16602393984794617,1.4995747804641724,0.31306761503219604,1.4925127029418945,0.34188517928123474,1.6405103206634521,0.40046826004981995,1.5350457429885864,0.34701117873191833
150,1.4206024408340454,0.1701260656118393,1.3730522394180298,0.15783341228961945,1.4657046794891357,0.2926658093929291,1.568432331085205,0.3654588460922241,1.5049464702606201,0.25145208835601807,1.4475466012954712,0.2773176431655884
151,1.3533958196640015,0.14860191941261292,1.428727149963379,0.4624444544315338,1.574537992477417,0.22978946566581726,1.6404348611831665,0.3527410626411438,1.501792311668396,0.30680933594703674,1.5999560356140137,0.28224194049835205
152,1.5509908199310303,0.21142137050628662,1.5596164464950562,0.2531622648239136,1.4307153224945068,0.30558037757873535,1.4367825984954834,0.2662593424320221,1.5982496738433838,0.36963173747062683,1.4429049491882324,0.33662039041519165
153,1.4046821594238281,0.25222575664520264,1.3511977195739746,0.1328953504562378,1.481243371963501,0.33043205738067627,1.6494938135147095,0.42807838320732117,1.4457873106002808,0.311246395111084,1.492578148841858,0.32754507660865784
154,1.2700955867767334,0.18654993176460266,1.369995355606079,0.32597118616104126,1.5667282342910767,0.47189468145370483,1.5660374164581299,0.4539913833141327,1.4428950548171997,0.3202769160270691,1.5325931310653687,0.4212363064289093
155,1.3608167171478271,0.25902459025382996,1.4377853870391846,0.4478365182876587,1.4370006322860718,0.30861592292785645,1.454793095588684,0.28251224756240845,1.6463209390640259,0.4482809007167816,1.4560967683792114,0.3298892676830292
156,1.5894200801849365,0.5907673835754395,1.5373756885528564,0.3612658977508545,1.526140570640564,0.41420531272888184,1.62992262840271,0.44264715909957886,1.5850634574890137,0.28983020782470703,1.5769435167312622,0.4078904986381531
157,1.4476096630096436,0.26958325505256653,1.4101483821868896,0.30811643600463867,1.4440786838531494,0.3246254026889801,1.5427120923995972,0.4132431447505951,1.5607988834381104,0.5161458253860474,1.4685064554214478,0.3426229655742645
158,1.6009912490844727,0.338265985250473,1.5882068872451782,0.32945361733436584,1.6082042455673218,0.3953002095222473,1.7191991806030273,0.4309641718864441,1.5024937391281128,0.2893119752407074,1.7356172800064087,0.47530171275138855
159,1.5382063388824463,0.35242053866386414,1.4966771602630615,0.2345569133758545,1.538909673690796,0.5555579662322998,1.632860541343689,0.58489990234375,1.7029517889022827,0.3903500437736511,1.573789119720459,0.5542572140693665
160,1.4910621643066406,0.2985323369503021,1.501867413520813,0.3321390450000763,1.3866490125656128,0.3001767694950104,1.5776182413101196,0.37909185886383057,1.6836754083633423,0.6631749272346497,1.5231211185455322,0.41692790389060974
161,1.5444082021713257,0.3970855176448822,1.5846065282821655,0.33508816361427307,1.627020239830017,0.3893199563026428,1.579360008239746,0.4252190887928009,1.5421702861785889,0.33264872431755066,1.5880783796310425,0.45392468571662903
162,1.561208963394165,0.32613787055015564,1.5115697383880615,0.15271425247192383,1.5851771831512451,0.330077201128006,1.5556175708770752,0.2764660716056824,1.5733606815338135,0.4385526180267334,1.5689375400543213,0.2879485487937927
163,1.35635244846344,0.20089761912822723,1.4603755474090576,0.235756516456604,1.6196441650390625,0.41485100984573364,1.881229043006897,0.49723148345947266,1.7909733057022095,0.5124635696411133,1.7058708667755127,0.40134096145629883
164,1.6430940628051758,0.6186910271644592,1.6186103820800781,0.6355096101760864,1.6942558288574219,0.5489760041236877,1.674477219581604,0.5465139746665955,1.6586897373199463,0.41610682010650635,1.6448354721069336,0.5239546895027161
165,1.4787914752960205,0.30166855454444885,1.4612555503845215,0.2881927192211151,1.6314738988876343,0.3954891562461853,1.5840305089950562,0.3830350339412689,1.5802361965179443,0.37504449486732483,1.5730310678482056,0.4606592655181885
166,1.612034797668457,0.4389171600341797,1.5116186141967773,0.3651699125766754,1.697638750076294,0.39773717522621155,1.6935962438583374,0.470053493976593,1.7501811981201172,0.45188623666763306,1.6572885513305664,0.37662577629089355
167,1.5129724740982056,0.3351985514163971,1.4868340492248535,0.3283475637435913,1.6063270568847656,0.3689274787902832,1.5639508962631226,0.33242174983024597,1.6803510189056396,0.5060238838195801,1.5640997886657715,0.34471839666366577
168,1.4303085803985596,0.2219601422548294,1.4625284671783447,0.35084372758865356,1.5743528604507446,0.3970082402229309,1.5393708944320679,0.45806756615638733,1.6918375492095947,0.38174518942832947,1.6471210718154907,0.3998490273952484
169,1.476715087890625,0.3065762519836426,1.5708543062210083,0.32275456190109253,1.6365512609481812,0.4966079294681549,1.570819616317749,0.4725970923900604,1.6655391454696655,0.6214679479598999,1.580794095993042,0.5221512317657471
170,1.4725053310394287,0.23241303861141205,1.455156922340393,0.21729080379009247,1.6760847568511963,0.5683130621910095,1.5634748935699463,0.5652955770492554,1.597099781036377,0.2714701294898987,1.5603243112564087,0.5764392614364624
171,1.7643409967422485,0.5824447274208069,1.7650501728057861,0.5870571136474609,1.5002422332763672,0.3239753246307373,1.525437593460083,0.3822467029094696,1.604427695274353,0.3358595669269562,1.4072949886322021,0.3221421241760254
172,1.6173661947250366,0.34918347001075745,1.6700270175933838,0.3963969051837921,1.5462414026260376,0.32414618134498596,1.6615816354751587,0.2712792754173279,1.7239904403686523,0.36472082138061523,1.5828039646148682,0.2924366295337677
173,1.5624969005584717,0.32361531257629395,1.5509064197540283,0.3502516746520996,1.6565748453140259,0.5733734965324402,1.6167471408843994,0.5478619337081909,1.7391284704208374,0.3628859519958496,1.617788553237915,0.4727625846862793
174,1.6169703006744385,0.3723510205745697,1.5942567586898804,0.3989599049091339,1.520438551902771,0.32132306694984436,1.5245680809020996,0.37316951155662537,1.7355445623397827,0.5815933346748352,1.6179462671279907,0.29147574305534363
175,1.557564377784729,0.33514130115509033,1.4385923147201538,0.2563680410385132,1.5101206302642822,0.30475905537605286,1.532226800918579,0.21539738774299622,1.6891047954559326,0.601413905620575,1.5589665174484253,0.32807186245918274
176,1.5490871667861938,0.4297519624233246,1.7572656869888306,0.5209546685218811,1.715088129043579,0.37813296914100647,1.7333492040634155,0.4437151849269867,1.7324552536010742,0.4337060749530792,1.6366363763809204,0.2889927625656128
177,1.6654084920883179,0.4428520202636719,1.681064248085022,0.5263614654541016,1.470291256904602,0.3956873118877411,1.370563268661499,0.3267328143119812,1.5309803485870361,0.4360484182834625,1.543770670890808,0.30034440755844116
178,1.650438904762268,0.381110280752182,1.5424295663833618,0.3739762008190155,1.6432530879974365,0.5178714394569397,1.546574592590332,0.2885519862174988,1.5643537044525146,0.3002222180366516,1.5986156463623047,0.3205018639564514
179,1.6530879735946655,0.513768196105957,1.5916029214859009,0.3793525695800781,1.7446686029434204,0.4100976884365082,1.7351982593536377,0.5030375719070435,1.7847877740859985,0.4735678434371948,1.7705618143081665,0.5298049449920654
180,1.52642822265625,0.2772666811943054,1.7448679208755493,0.44612938165664673,1.7263319492340088,0.5407938361167908,1.6793553829193115,0.42446771264076233,1.6141605377197266,0.3913469612598419,1.6871564388275146,0.5188887715339661
181,1.552702784538269,0.539132833480835,1.7098222970962524,0.5706654787063599,1.6664413213729858,0.44954052567481995,1.7324798107147217,0.5198950171470642,1.4648176431655884,0.36850833892822266,1.7128759622573853,0.5202961564064026
182,1.7196887731552124,0.34409186244010925,1.6937850713729858,0.3763885498046875,1.7006924152374268,0.5535694360733032,1.6258132457733154,0.5058675408363342,1.510162591934204,0.39723479747772217,1.7433764934539795,0.5612789392471313
183,1.6985156536102295,0.3857983648777008,1.553899884223938,0.37114107608795166,1.771820306777954,0.3286810517311096,1.6854480504989624,0.40823107957839966,1.843752145767212,0.6215460300445557,1.7012901306152344,0.3801523745059967
184,1.7029798030853271,0.44519728422164917,1.6636136770248413,0.38236021995544434,1.6382453441619873,0.29995498061180115,1.6207787990570068,0.3457562327384949,1.6549421548843384,0.3356315493583679,1.5923720598220825,0.3115524649620056
185,1.8168258666992188,0.7434366345405579,1.9349817037582397,0.726371705532074,1.570909857749939,0.3209913372993469,1.4771901369094849,0.3499467670917511,1.6002734899520874,0.3181014955043793,1.492144227027893,0.3202352225780487
186,1.591506004333496,0.49822187423706055,1.7271608114242554,0.4130778908729553,1.7869746685028076,0.6090041995048523,1.6444342136383057,0.23899877071380615,1.7039794921875,0.6932439804077148,1.7529618740081787,0.34847334027290344
187,1.6440833806991577,0.47783562541007996,1.5690370798110962,0.5448129773139954,1.581324815750122,0.4960712790489197,1.4957215785980225,0.45598480105400085,1.809011697769165,0.49664124846458435,1.5572458505630493,0.4973655343055725
188,1.7193721532821655,0.38049763441085815,1.6103559732437134,0.47234901785850525,1.9944413900375366,0.7350896000862122,1.8332757949829102,0.7438093423843384,1.638891577720642,0.5049694776535034,1.7984613180160522,0.7389183640480042
189,1.9155442714691162,0.42221781611442566,1.7026039361953735,0.4113945960998535,1.415673017501831,0.35440805554389954,1.3602981567382812,0.25360986590385437,1.6944109201431274,0.374348908662796,1.4752410650253296,0.41132062673568726
190,1.880100965499878,0.14443747699260712,1.765695571899414,0.3552263677120209,1.7370685338974,0.46480631828308105,1.7142693996429443,0.3737851083278656,1.6066232919692993,0.37764132022857666,1.8047136068344116,0.5459624528884888
191,1.9091854095458984,0.5772042274475098,1.8264808654785156,0.6037273406982422,1.7739620208740234,0.21505150198936462,1.7146670818328857,0.35122814774513245,1.7215042114257812,0.2779202461242676,1.664839506149292,0.23535029590129852
192,1.7412763833999634,0.6992533802986145,1.8156688213348389,0.6785641312599182,1.6006762981414795,0.45989498496055603,1.5932413339614868,0.4277721643447876,1.7804619073867798,0.5883101224899292,1.7002712488174438,0.5805662870407104
193,1.631697416305542,0.3683699667453766,1.705614447593689,0.47884321212768555,1.6728099584579468,0.593119204044342,1.3903224468231201,0.426401287317276,1.622881293296814,0.5129477977752686,1.665962815284729,0.4508182406425476
194,1.5722378492355347,0.4291978180408478,1.5936870574951172,0.5122228860855103,1.6766688823699951,0.23933760821819305,1.5570918321609497,0.26127076148986816,1.885114073753357,0.5364667773246765,1.6707518100738525,0.17316733300685883
195,1.7779508829116821,0.5163323879241943,1.7411623001098633,0.52394038438797,1.7657884359359741,0.2711026668548584,1.6525154113769531,0.3751658499240875,1.72308349609375,0.4693021774291992,1.9161102771759033,0.39513155817985535
196,1.818507432937622,0.2744100093841553,1.664451241493225,0.32672789692878723,1.737868070602417,0.34273403882980347,1.6781623363494873,0.3527509868144989,1.6868089437484741,0.5491029024124146,1.7681207656860352,0.42394351959228516
197,1.6493431329727173,0.5159498453140259,1.6937124729156494,0.43696990609169006,1.615028977394104,0.5242474675178528,1.6022841930389404,0.5361781716346741,1.511655569076538,0.3383462429046631,1.7046539783477783,0.583196759223938
198,1.5551515817642212,0.2992796301841736,1.6206070184707642,0.3421953618526459,1.7266767024993896,0.4053664803504944,1.642656683921814,0.4758740961551666,1.6292877197265625,0.5523853302001953,1.5745030641555786,0.37519681453704834
199,1.5641881227493286,0.4656733274459839,1.7395594120025635,0.45234644412994385,1.6026155948638916,0.3559724688529968,1.6285619735717773,0.3769116997718811,1.652906060218811,0.27655816078186035,1.6831070184707642,0.338049054145813
200,1.514899492263794,0.4089638888835907,1.6958459615707397,0.5449240207672119,1.7347437143325806,0.463634729385376,1.6230052709579468,0.41160455346107483,1.7805640697479248,0.3825352191925049,1.8499109745025635,0.5016188621520996
201,1.5398982763290405,0.3423033654689789,1.8313766717910767,0.41257211565971375,1.806361198425293,0.39713504910469055,1.720475435256958,0.42763155698776245,1.8717905282974243,0.5175594091415405,1.747135877609253,0.35018524527549744
202,1.5619463920593262,0.20506234467029572,1.3812377452850342,0.41271910071372986,1.4489496946334839,0.3393729329109192,1.6535495519638062,0.4073210060596466,1.6183497905731201,0.42344099283218384,1.7534887790679932,0.39874088764190674
203,1.4963232278823853,0.5094829201698303,1.605685830116272,0.37309491634368896,1.504500389099121,0.3182472288608551,1.5569515228271484,0.4308030903339386,1.6651579141616821,0.344479501247406,1.5430920124053955,0.29167020320892334
204,1.5982372760772705,0.42940983176231384,1.6672382354736328,0.454164057970047,1.7701795101165771,0.48799487948417664,1.5667579174041748,0.48763182759284973,1.583871603012085,0.3820302188396454,1.678318977355957,0.5222613215446472
205,1.551679253578186,0.3560020327568054,1.6673485040664673,0.3963024616241455,1.727750539779663,0.30052533745765686,1.605017066001892,0.32970884442329407,1.720333456993103,0.24285243451595306,1.6598424911499023,0.43872514367103577
206,1.7269998788833618,0.4581737518310547,1.7082350254058838,0.5413206219673157,1.4576857089996338,0.409963995218277,1.3569042682647705,0.3201781213283539,1.7083091735839844,0.4918869733810425,1.4435926675796509,0.357774019241333
207,1.5440237522125244,0.3483352065086365,1.4505841732025146,0.4148106276988983,1.7277021408081055,0.3572792708873749,1.7528760433197021,0.4084428548812866,1.7280375957489014,0.4143880605697632,1.7567638158798218,0.3192354440689087
208,1.7848327159881592,0.44761380553245544,1.6008437871932983,0.4331185221672058,1.5704883337020874,0.4437467157840729,1.7489690780639648,0.49466025829315186,1.3773102760314941,0.27559900283813477,1.8350340127944946,0.5049882531166077
209,1.534376859664917,0.42400920391082764,1.5408124923706055,0.43961694836616516,1.730128526687622,0.4548306167125702,1.6287959814071655,0.37522003054618835,1.715933084487915,0.3795055150985718,1.8811275959014893,0.48634102940559387
210,1.6205756664276123,0.4013173282146454,1.5071712732315063,0.44297948479652405,1.8674825429916382,0.632411777973175,1.783768653869629,0.5956159830093384,1.6421457529067993,0.4596351385116577,1.898961067199707,0.5131769180297852
211,1.6948165893554688,0.5173110961914062,1.592514991760254,0.4526149332523346,1.5900514125823975,0.4557446539402008,1.5488594770431519,0.44809481501579285,1.418798804283142,0.3404025733470917,1.8193862438201904,0.5448250770568848
212,1.6559512615203857,0.3944636881351471,1.6040185689926147,0.4636329114437103,1.3654024600982666,0.343005895614624,1.5211580991744995,0.39866432547569275,1.342944860458374,0.36229509115219116,1.7226186990737915,0.6651818752288818
213,1.683565378189087,0.48355647921562195,1.6835756301879883,0.3807407319545746,1.7460075616836548,0.42336368560791016,1.6643092632293701,0.46524500846862793,1.517857551574707,0.5353113412857056,1.6063244342803955,0.34640946984291077
214,1.5320639610290527,0.5989387035369873,1.884002685546875,0.5730826258659363,1.7911384105682373,0.6283553242683411,1.644538164138794,0.6091261506080627,1.6200225353240967,0.541398823261261,1.6743571758270264,0.4654398262500763
215,1.8251241445541382,0.6008230447769165,1.6770073175430298,0.4286816716194153,1.5703113079071045,0.2609400451183319,1.573580026626587,0.3698018789291382,1.5142438411712646,0.45399704575538635,1.7630596160888672,0.4191477298736572
216,1.7812070846557617,0.499593049287796,1.6206642389297485,0.5669706463813782,1.4769799709320068,0.3733222782611847,1.382550835609436,0.3885262608528137,1.5668374300003052,0.48846733570098877,1.544405460357666,0.3800739049911499
217,1.5772545337677002,0.4476323127746582,1.5377209186553955,0.5736123323440552,1.502774715423584,0.3067261874675751,1.4928971529006958,0.43475669622421265,1.3838486671447754,0.4174160659313202,1.6660678386688232,0.7732244729995728
218,1.352324366569519,0.444772869348526,1.5384492874145508,0.4160078763961792,1.4959371089935303,0.5057886242866516,1.3550326824188232,0.5462427735328674,1.5838096141815186,0.52327561378479,1.502558946609497,0.39647650718688965
219,1.6600784063339233,0.4529545307159424,1.7348899841308594,0.391605019569397,1.5782698392868042,0.26529213786125183,1.52482008934021,0.4227350652217865,1.7533199787139893,0.6541090607643127,1.500185251235962,0.33759716153144836
220,1.4918720722198486,0.503679633140564,1.9263654947280884,0.7120495438575745,1.494002103805542,0.3512447476387024,1.4889284372329712,0.30459898710250854,1.6961405277252197,0.28061801195144653,1.4645707607269287,0.3391159474849701
221,1.6568450927734375,0.5090130567550659,1.4896245002746582,0.34791499376296997,1.59381902217865,0.37934908270835876,1.6602544784545898,0.5318031907081604,1.8344615697860718,0.616773784160614,1.5484836101531982,0.4612525701522827
222,1.571218729019165,0.28259608149528503,1.5241206884384155,0.33239954710006714,1.4125921726226807,0.30579107999801636,1.4554675817489624,0.3691464960575104,1.4040554761886597,0.2763981223106384,1.604699730873108,0.49310263991355896
223,1.501501441001892,0.5257213711738586,1.6251766681671143,0.4825221598148346,1.4236074686050415,0.3097093105316162,1.5751187801361084,0.3574228882789612,1.5198363065719604,0.36375293135643005,1.4236456155776978,0.4626738727092743
224,1.2947434186935425,0.3463117480278015,1.5178024768829346,0.5179048776626587,1.4051883220672607,0.3777143955230713,1.422888994216919,0.45124563574790955,1.4832063913345337,0.5442122220993042,1.575155258178711,0.41367146372795105
225,1.5857490301132202,0.3711322247982025,1.6124550104141235,0.3943079113960266,1.495237112045288,0.5408825874328613,1.557321310043335,0.48685938119888306,1.301468849182129,0.30283409357070923,1.4804643392562866,0.4378891587257385
226,1.5030792951583862,0.42323946952819824,1.6774137020111084,0.42643454670906067,1.3653433322906494,0.4327409267425537,1.4654046297073364,0.29337814450263977,1.5692113637924194,0.3818383812904358,1.4061261415481567,0.4260178804397583
227,1.696556806564331,0.57218998670578,1.6924419403076172,0.608474612236023,1.448472023010254,0.5092426538467407,1.5571995973587036,0.48797500133514404,1.5150477886199951,0.5155676603317261,1.6933530569076538,0.6619821786880493
228,1.59627366065979,0.3705264925956726,1.7511796951293945,0.40999874472618103,1.2047866582870483,0.23457646369934082,1.49257493019104,0.5524892807006836,1.414082407951355,0.4708814322948456,1.66229248046875,0.476345032453537
229,1.608292818069458,0.3507069945335388,1.7908172607421875,0.4985105097293854,1.542507529258728,0.3771863877773285,1.5106918811798096,0.2491677701473236,1.5321485996246338,0.3488359749317169,1.4115698337554932,0.3688600957393646
230,1.5613149404525757,0.4271533489227295,1.6276687383651733,0.5435201525688171,1.5526041984558105,0.3446591794490814,1.4353792667388916,0.39944666624069214,1.3829972743988037,0.41681399941444397,1.5796678066253662,0.38461539149284363
231,1.5310317277908325,0.4346964955329895,1.5521913766860962,0.465713769197464,1.8917829990386963,0.3770260810852051,1.6886329650878906,0.46388721466064453,1.5619347095489502,0.38917818665504456,1.5521175861358643,0.42656153440475464
232,1.4190363883972168,0.3541305363178253,1.7529840469360352,0.5098478198051453,1.7169357538223267,0.5248954892158508,1.5182244777679443,0.5301335453987122,1.4430299997329712,0.36347702145576477,1.5572139024734497,0.484074205160141
233,1.3243364095687866,0.23776374757289886,1.294450283050537,0.24963778257369995,1.766471266746521,0.3673049509525299,1.5261741876602173,0.47392699122428894,1.4530165195465088,0.6198583245277405,1.5472780466079712,0.5283150672912598
234,1.3244946002960205,0.5376607775688171,1.725301742553711,0.44912001490592957,1.4214951992034912,0.46203434467315674,1.4885127544403076,0.4061550796031952,1.4741299152374268,0.2963019013404846,1.4310810565948486,0.548974871635437
235,1.474928617477417,0.3773137629032135,1.6000280380249023,0.35200849175453186,1.4199087619781494,0.2918339669704437,1.3071664571762085,0.34224966168403625,1.515250563621521,0.369307279586792,1.4020284414291382,0.48666679859161377
236,1.4036693572998047,0.3474324345588684,1.7519950866699219,0.491192489862442,1.6420519351959229,0.3947429358959198,1.51763117313385,0.3684910833835602,1.4588332176208496,0.6649547219276428,1.6418825387954712,0.6023377776145935
237,1.4184787273406982,0.2948262393474579,1.5772581100463867,0.30112695693969727,1.4054787158966064,0.4737418293952942,1.468515157699585,0.4351252317428589,1.5132594108581543,0.4895581901073456,1.7726287841796875,0.5338608026504517
238,1.431255578994751,0.47328218817710876,1.7056896686553955,0.3448742628097534,1.3746143579483032,0.2846291959285736,1.716996192932129,0.5513400435447693,1.5105177164077759,0.42990344762802124,1.647321343421936,0.5627712607383728
239,1.3322381973266602,0.4137430787086487,1.657248854637146,0.5493575930595398,1.200812816619873,0.3185567855834961,1.4368315935134888,0.4618162512779236,1.3968960046768188,0.2806156575679779,1.35031259059906,0.4196816086769104
240,1.7183167934417725,0.5824815034866333,1.473998785018921,0.6107056140899658,1.412129282951355,0.438248872756958,1.467612385749817,0.41327643394470215,1.3281831741333008,0.36920011043548584,1.5187333822250366,0.42612943053245544
241,1.4283393621444702,0.5090640783309937,1.6226789951324463,0.7262341976165771,1.7482624053955078,0.7234162092208862,1.5825666189193726,0.5718522667884827,1.460837960243225,0.24512067437171936,1.5251004695892334,0.6763831377029419
242,1.5148909091949463,0.5247001647949219,1.7298284769058228,0.4612868130207062,1.5615023374557495,0.44335269927978516,1.5709774494171143,0.4670242667198181,1.428485631942749,0.4269363582134247,1.526451587677002,0.24156244099140167
243,1.5315721035003662,0.471311092376709,1.5347377061843872,0.6147329807281494,1.3924564123153687,0.2249399572610855,1.3628860712051392,0.2620266079902649,1.4235737323760986,0.2563667893409729,1.4762169122695923,0.4666360020637512
244,1.7776868343353271,0.8817577362060547,1.6093189716339111,0.8900343775749207,1.5430889129638672,0.34773486852645874,1.6143699884414673,0.27377837896347046,1.2779514789581299,0.2683611512184143,1.6409895420074463,0.33558163046836853
245,1.5499874353408813,0.5912570953369141,1.4562747478485107,0.4118671119213104,1.6324443817138672,0.3584514260292053,1.618645429611206,0.4499432146549225,1.240897536277771,0.3616677522659302,1.5047500133514404,0.5194947719573975
246,1.5286709070205688,0.5013116002082825,1.8894706964492798,0.5532436966896057,1.5670312643051147,0.4364393949508667,1.5456557273864746,0.3702956438064575,1.3180485963821411,0.30870890617370605,1.565445899963379,0.3901388645172119
247,1.446548342704773,0.424212783575058,1.613705039024353,0.5488616228103638,1.2856862545013428,0.3339564800262451,1.2988979816436768,0.3757101595401764,1.300588846206665,0.27402034401893616,1.5883628129959106,0.3558807969093323
248,1.6077640056610107,0.6773712038993835,1.7325448989868164,0.37262776494026184,1.8582780361175537,0.24228955805301666,1.4322177171707153,0.38399070501327515,1.245754599571228,0.32058823108673096,1.5366617441177368,0.39566391706466675
249,1.4714876413345337,0.23269836604595184,1.3172627687454224,0.3629312217235565,1.2291556596755981,0.33554476499557495,1.4004573822021484,0.3534335792064667,1.4658206701278687,0.45572754740715027,1.2914470434188843,0.16450288891792297
250,1.3801829814910889,0.22960470616817474,1.4933401346206665,0.4712360203266144,1.5137574672698975,0.30040106177330017,1.5190341472625732,0.32136285305023193,1.256752610206604,0.3468845784664154,1.5518407821655273,0.3953087329864502
251,1.4940563440322876,0.5752885341644287,1.3967808485031128,0.47931212186813354,1.3004276752471924,0.36402273178100586,1.4240705966949463,0.4726126492023468,1.4185736179351807,0.294246107339859,1.470445990562439,0.42257338762283325
252,1.3836525678634644,0.4766739010810852,1.4981844425201416,0.6178933382034302,1.6812433004379272,0.4192885756492615,1.5833266973495483,0.26939114928245544,1.4921622276306152,0.5305659770965576,1.6095069646835327,0.400031179189682
253,1.4818058013916016,0.4686342477798462,1.3421214818954468,0.4591139554977417,1.612290620803833,0.6308760046958923,1.8675403594970703,0.3696803152561188,1.4185733795166016,0.3160051107406616,1.478306770324707,0.40121862292289734
254,1.7374101877212524,0.5673244595527649,1.6133865118026733,0.5262953639030457,1.4688975811004639,0.3719062805175781,1.6491012573242188,0.4778788983821869,1.3005034923553467,0.29164212942123413,1.3769350051879883,0.23973871767520905
255,1.5482772588729858,0.28299906849861145,1.5159013271331787,0.37700197100639343,1.8249542713165283,0.41812318563461304,1.5949370861053467,0.38422828912734985,1.4549081325531006,0.2726961374282837,1.5072572231292725,0.48212796449661255
256,1.4054114818572998,0.3953188955783844,1.6907390356063843,0.4197649657726288,1.6046377420425415,0.5172783136367798,1.5530803203582764,0.4187883138656616,1.4845751523971558,0.4069305956363678,1.555341124534607,0.4191395938396454
257,1.5875753164291382,0.48145121335983276,1.457560658454895,0.3856159746646881,1.4338932037353516,0.43608638644218445,1.5050684213638306,0.3286086320877075,1.1745409965515137,0.20892538130283356,1.4352483749389648,0.19585289061069489
258,1.4645589590072632,0.4733082354068756,1.558058500289917,0.5359798669815063,1.4118305444717407,0.22353172302246094,1.364227533340454,0.3369123935699463,1.6964519023895264,0.7022719979286194,1.5243617296218872,0.49519845843315125
259,1.4673467874526978,0.4979887902736664,1.4211442470550537,0.5684939622879028,1.524936318397522,0.34493646025657654,1.7315658330917358,0.49678388237953186,1.3088972568511963,0.3707607686519623,1.416778564453125,0.2984353005886078
260,1.399078607559204,0.2600743770599365,1.5760562419891357,0.29280805587768555,1.381111979484558,0.31780844926834106,1.5051367282867432,0.3583267629146576,1.7182899713516235,0.2967851161956787,1.4757095575332642,0.372812956571579
261,1.5401331186294556,0.3936642110347748,1.4602159261703491,0.44491782784461975,1.510474443435669,0.3970886468887329,1.600431203842163,0.6379387974739075,1.421007513999939,0.4276461899280548,1.3184529542922974,0.3235465884208679
262,1.631003975868225,0.4320623576641083,1.4708490371704102,0.37484806776046753,1.468735933303833,0.30800724029541016,1.4479305744171143,0.49002766609191895,1.39217209815979,0.29874372482299805,1.420103669166565,0.29091551899909973
263,1.4579246044158936,0.3316710591316223,1.5075175762176514,0.385195791721344,1.3783661127090454,0.299657940864563,1.3014302253723145,0.35987216234207153,1.490075707435608,0.4078966975212097,1.4274499416351318,0.38364237546920776
264,1.4349294900894165,0.4165133535861969,1.6122077703475952,0.5056774616241455,1.1954349279403687,0.19064930081367493,1.5121653079986572,0.6109387278556824,1.4354437589645386,0.30011317133903503,1.44541597366333,0.3692973852157593
265,1.8489716053009033,0.5638813972473145,1.2946562767028809,0.25016140937805176,1.6644337177276611,0.3551848828792572,1.4626843929290771,0.4482092559337616,1.4821715354919434,0.4498712122440338,1.4123051166534424,0.17049242556095123
266,1.5773648023605347,0.5566978454589844,1.4189281463623047,0.307893842458725,1.5540778636932373,0.34852492809295654,1.821232557296753,0.6728649735450745,1.2375391721725464,0.30237171053886414,1.6655080318450928,0.4275069534778595
267,1.8405582904815674,0.6063973307609558,1.5382171869277954,0.31668251752853394,1.5962588787078857,0.3871298134326935,1.4675962924957275,0.34466782212257385,1.3461270332336426,0.4163733422756195,1.5156503915786743,0.3170074224472046
268,1.8382031917572021,0.4125189483165741,1.432521939277649,0.41297993063926697,1.6530065536499023,0.45348256826400757,1.440185785293579,0.4013567268848419,1.5458903312683105,0.45540469884872437,1.4493839740753174,0.20024539530277252
269,1.5350735187530518,0.36727118492126465,1.673174500465393,0.6444109082221985,1.351078748703003,0.41177359223365784,1.405368685722351,0.22589127719402313,1.3329589366912842,0.2408764511346817,1.3245327472686768,0.4034740924835205
270,1.4677143096923828,0.40948307514190674,1.3804899454116821,0.2420680671930313,1.295189380645752,0.4043302834033966,1.5503207445144653,0.37692415714263916,1.3952929973602295,0.36590462923049927,1.2424612045288086,0.3392781913280487
271,1.5668941736221313,0.34501442313194275,1.5080591440200806,0.5540400743484497,1.4129256010055542,0.3728429973125458,1.3898351192474365,0.290480375289917,1.4329679012298584,0.4302802085876465,1.6023225784301758,0.36844491958618164
272,1.2970354557037354,0.28193503618240356,1.421933889389038,0.3061434328556061,1.4033360481262207,0.24210575222969055,1.3925811052322388,0.3572694957256317,1.3732023239135742,0.25966474413871765,1.443852186203003,0.4362366497516632
273,1.4976140260696411,0.31849998235702515,1.4991124868392944,0.5450801849365234,1.3162927627563477,0.49498477578163147,1.4934890270233154,0.3482235372066498,1.593928337097168,0.34206196665763855,1.4384993314743042,0.43128305673599243
274,1.3897671699523926,0.2505495846271515,1.4893845319747925,0.6210070252418518,1.3931009769439697,0.3602895438671112,1.514694333076477,0.5118801593780518,1.464433193206787,0.35901594161987305,1.4423152208328247,0.27321967482566833
275,1.5926496982574463,0.4724002778530121,1.5444400310516357,0.4980665445327759,1.5077927112579346,0.28491276502609253,1.5434871912002563,0.522855818271637,1.4971320629119873,0.40752625465393066,1.2509106397628784,0.37822937965393066
276,1.307381272315979,0.3829178810119629,1.5059447288513184,0.5538089275360107,1.4541523456573486,0.2403210997581482,1.4809919595718384,0.5057251453399658,1.476940631866455,0.31789520382881165,1.4878058433532715,0.303940087556839
277,1.5786840915679932,0.5571256875991821,1.3418422937393188,0.40532687306404114,1.4602630138397217,0.29940265417099,1.244913101196289,0.18584737181663513,1.520503044128418,0.44866102933883667,1.45343816280365,0.44596245884895325
278,1.714320421218872,0.7454705238342285,1.5730022192001343,0.38233232498168945,1.236961841583252,0.3146195411682129,1.6548728942871094,0.42413845658302307,1.451709508895874,0.37647679448127747,1.2672847509384155,0.31828394532203674
279,1.5181479454040527,0.3804614245891571,1.40224289894104,0.39605748653411865,1.3128635883331299,0.43002885580062866,1.6571464538574219,0.35599398612976074,1.4570001363754272,0.3806772828102112,1.5156173706054688,0.4781593382358551
280,1.6601645946502686,0.40240222215652466,1.4811756610870361,0.24944603443145752,1.4747693538665771,0.2653292119503021,1.7817646265029907,0.5801822543144226,1.4550660848617554,0.2908828556537628,1.663891077041626,0.2796834111213684
281,1.7125524282455444,0.4602591097354889,1.2584178447723389,0.3095850348472595,1.410915493965149,0.40786242485046387,1.6595563888549805,0.5094641447067261,1.9388675689697266,0.5788241624832153,1.600852608680725,0.5161835551261902
282,1.366491436958313,0.405700147151947,1.3757424354553223,0.5472069382667542,1.4966046810150146,0.35247451066970825,1.7226136922836304,0.4007178246974945,1.5355288982391357,0.23611308634281158,1.4077484607696533,0.32734665274620056
283,1.4627783298492432,0.567435622215271,1.1798142194747925,0.3822607100009918,1.4432828426361084,0.5547209978103638,1.590728521347046,0.4301179051399231,1.6485841274261475,0.4220750331878662,1.5152361392974854,0.4753786623477936
284,1.5987974405288696,0.3867790997028351,1.6446456909179688,0.24374763667583466,1.495739221572876,0.42053309082984924,1.4020240306854248,0.2935926914215088,1.6876182556152344,0.5662269592285156,1.7859065532684326,0.7094920873641968
285,1.5598461627960205,0.4203154742717743,1.625457525253296,0.5559362769126892,1.3671494722366333,0.19561557471752167,1.4998481273651123,0.3398347795009613,1.7643930912017822,0.4326249063014984,1.389832854270935,0.6146363615989685
286,1.5541741847991943,0.5136511325836182,1.5416101217269897,0.5289974808692932,1.2303993701934814,0.3443114459514618,1.3347904682159424,0.40223151445388794,1.625907301902771,0.5537127256393433,1.4713881015777588,0.5636159777641296
287,1.6439101696014404,0.3457028269767761,1.56436288356781,0.3231227397918701,1.6166139841079712,0.31845250725746155,1.6162192821502686,0.5060405731201172,1.671891212463379,0.26915666460990906,1.8359092473983765,0.3854098618030548
288,1.4764959812164307,0.4163772761821747,1.6462876796722412,0.5538322329521179,1.6917184591293335,0.5664198398590088,1.4978065490722656,0.3469221293926239,1.6327409744262695,0.38823598623275757,1.4058595895767212,0.4608284533023834
289,1.7123924493789673,0.6066226363182068,1.559709906578064,0.28764790296554565,1.767568826675415,0.4698738157749176,1.2962532043457031,0.35706737637519836,1.8226158618927002,0.4204549789428711,1.6507987976074219,0.46497952938079834
290,1.4758269786834717,0.6199374794960022,1.5277013778686523,0.4997774660587311,1.3478107452392578,0.39374157786369324,1.395085096359253,0.386199414730072,1.787858247756958,0.7265793085098267,1.5310887098312378,0.5019145011901855
291,1.3772566318511963,0.46983039379119873,1.4763513803482056,0.5427778363227844,1.7170088291168213,0.48659127950668335,1.4270999431610107,0.4318220615386963,1.512747883796692,0.4141019880771637,1.5874828100204468,0.24607011675834656
292,1.380048394203186,0.40133458375930786,1.3028086423873901,0.38505005836486816,1.3383985757827759,0.3928128182888031,1.5707870721817017,0.36495712399482727,1.5189298391342163,0.41186052560806274,1.300508975982666,0.25666654109954834
293,1.741503119468689,0.6101729273796082,1.6827701330184937,0.3602040112018585,1.5945065021514893,0.5607515573501587,1.6075328588485718,0.43561023473739624,1.5677701234817505,0.34889814257621765,1.4378085136413574,0.4292811453342438
294,1.8287359476089478,0.626789927482605,1.555840015411377,0.5790173411369324,1.454554796218872,0.26729100942611694,1.5134227275848389,0.44234687089920044,1.6055673360824585,0.4861983060836792,1.5769726037979126,0.4614255428314209
295,1.529449224472046,0.525772750377655,1.5983003377914429,0.6690979599952698,1.4410676956176758,0.47523948550224304,1.679091453552246,0.773212730884552,1.4284632205963135,0.4382418990135193,1.5193572044372559,0.5270299911499023
296,1.5872503519058228,0.3850533962249756,1.4728128910064697,0.4500870406627655,1.4815441370010376,0.3802332580089569,1.771336317062378,0.45534273982048035,1.5869234800338745,0.5389480590820312,1.8897022008895874,0.4993140399456024
297,1.5749120712280273,0.22292745113372803,1.662024736404419,0.30684345960617065,1.391295313835144,0.48347198963165283,1.3131213188171387,0.27751821279525757,1.7662782669067383,0.37483784556388855,1.5545971393585205,0.45323947072029114
298,1.6336040496826172,0.5556074380874634,1.3585703372955322,0.4494742751121521,1.725314736366272,0.6149276494979858,1.4316211938858032,0.35436367988586426,1.3410389423370361,0.4217957854270935,1.8778451681137085,0.48089349269866943
299,1.6995633840560913,0.36892998218536377,1.3301723003387451,0.2948506474494934,1.757144570350647,0.5658424496650696,1.7166738510131836,0.6742857694625854,1.513641357421875,0.5238158702850342,1.6266164779663086,0.7477561831474304
300,1.5816246271133423,0.3307650685310364,1.5581779479980469,0.33311307430267334,1.6059917211532593,0.37137526273727417,1.6025460958480835,0.4772397577762604,1.9010193347930908,0.55814129114151,1.6376368999481201,0.5634476542472839
301,1.4340424537658691,0.3663247227668762,1.4111499786376953,0.5255815982818604,1.7613823413848877,0.5562724471092224,1.5387449264526367,0.3810027837753296,1.7664598226547241,0.3777662515640259,1.78971266746521,0.621539831161499
302,1.410696029663086,0.22751681506633759,1.6853653192520142,0.461205393075943,1.373255968093872,0.5206120014190674,1.4069782495498657,0.4694506525993347,1.795516014099121,0.5094375014305115,1.4007165431976318,0.3956126868724823
303,1.398032546043396,0.30430349707603455,1.5408246517181396,0.3778477907180786,1.5669785737991333,0.6815446019172668,1.5034550428390503,0.6421041488647461,1.771320104598999,0.4470546543598175,1.4036566019058228,0.41152894496917725
304,1.6745885610580444,0.38413357734680176,1.5372031927108765,0.5960425734519958,1.3678920269012451,0.36601170897483826,1.8309940099716187,0.5693256258964539,1.6667925119400024,0.6240692734718323,1.689623236656189,0.6756085157394409
305,1.5578371286392212,0.5680728554725647,1.4741473197937012,0.4928800165653229,1.820465087890625,0.5333865284919739,1.5597877502441406,0.5546932220458984,1.5794130563735962,0.4998908042907715,1.5436345338821411,0.42908331751823425
306,1.5391852855682373,0.2674786150455475,1.3113499879837036,0.4868721663951874,1.5011545419692993,0.5431148409843445,1.618556022644043,0.41933202743530273,1.9588416814804077,0.421152800321579,1.593888759613037,0.45195290446281433
307,1.6640485525131226,0.7508847713470459,1.5660374164581299,0.6651414632797241,2.027008295059204,0.5810487270355225,1.6217769384384155,0.42948126792907715,1.6476898193359375,0.403239369392395,1.5762351751327515,0.45212021470069885
308,1.7802530527114868,0.4367796778678894,1.663795828819275,0.5059648752212524,1.6213691234588623,0.43334507942199707,1.4569437503814697,0.362145334482193,1.800992727279663,0.7032528519630432,1.550689935684204,0.5675656795501709
309,1.7860196828842163,0.6747452020645142,1.484805941581726,0.4309563934803009,1.59213387966156,0.4529275596141815,1.3698065280914307,0.4216862916946411,1.7382065057754517,0.40675410628318787,1.9025983810424805,0.7466973662376404
310,1.7999088764190674,0.5356574058532715,1.4344786405563354,0.43213024735450745,1.6117767095565796,0.5268515348434448,1.80739426612854,0.5237653255462646,1.6345374584197998,0.45799362659454346,1.640244722366333,0.5777864456176758
311,1.6417497396469116,0.7818558216094971,1.3890306949615479,0.4459973871707916,1.7001187801361084,0.4777461290359497,1.5228984355926514,0.29139280319213867,1.7538411617279053,0.3619123101234436,1.8645145893096924,0.6968793272972107
312,1.6229270696640015,0.6098421812057495,1.709585428237915,0.6737368106842041,1.4844417572021484,0.5009226202964783,1.6076557636260986,0.5213127136230469,1.6245797872543335,0.5091623067855835,1.8859550952911377,0.5601285099983215
313,1.5122382640838623,0.5041012167930603,1.7284168004989624,0.7779438495635986,1.3813530206680298,0.3011854290962219,1.6961209774017334,0.531692624092102,1.804418921470642,0.3980737328529358,1.6745433807373047,0.6975893974304199
314,1.401620626449585,0.4479908347129822,1.789232850074768,0.5486238598823547,1.4931560754776,0.41619592905044556,1.538583517074585,0.4910266697406769,1.8547286987304688,0.7026857733726501,1.998311996459961,0.7796081304550171
315,1.6219100952148438,0.487050861120224,1.6034564971923828,0.322485089302063,1.6323845386505127,0.45888710021972656,1.5186303853988647,0.45301446318626404,1.5034605264663696,0.5575094223022461,1.548796534538269,0.6479758024215698
316,1.6543222665786743,0.7371826767921448,1.5064610242843628,0.7438063025474548,1.6413770914077759,0.6791379451751709,1.4036575555801392,0.43269431591033936,1.4375803470611572,0.707992672920227,1.8021965026855469,0.7577812671661377
317,1.6750946044921875,0.5766064524650574,1.7577377557754517,0.42497727274894714,1.6145668029785156,0.4007987380027771,1.6078507900238037,0.587340772151947,1.5383765697479248,0.30464673042297363,1.6026760339736938,0.7268668413162231
318,1.5507434606552124,0.6265972852706909,1.6451812982559204,0.4781356453895569,1.9609153270721436,0.590981125831604,1.802801489830017,0.7374143600463867,1.8293702602386475,0.6579645276069641,1.5300654172897339,0.44727033376693726
319,1.9082810878753662,0.5159607529640198,1.6477978229522705,0.7364650964736938,1.455202579498291,0.5135585069656372,1.5270366668701172,0.6352710723876953,1.4601269960403442,0.6295639276504517,1.4308782815933228,0.47360140085220337
320,1.8434789180755615,0.725464940071106,1.6848957538604736,0.6836886405944824,1.464448094367981,0.7470606565475464,1.3909074068069458,0.48380976915359497,1.6932100057601929,0.46438518166542053,1.5324519872665405,0.6834269762039185
321,1.668818712234497,0.5689587593078613,1.7630977630615234,0.5386568903923035,1.3076127767562866,0.4931682348251343,1.6303402185440063,0.5132438540458679,1.2325161695480347,0.4178430736064911,1.4814693927764893,0.3970877528190613
322,1.5897753238677979,0.2968473732471466,1.3881160020828247,0.536261796951294,1.4732083082199097,0.614777147769928,1.7897335290908813,0.6230934262275696,1.4410948753356934,0.5836086273193359,1.8111627101898193,0.9302935004234314
323,1.8255653381347656,0.4824945330619812,1.390286922454834,0.5381677746772766,1.6811838150024414,0.7091819643974304,1.6762580871582031,0.5885583162307739,1.6902891397476196,0.6001662611961365,1.5479224920272827,0.6969178318977356
324,1.3714803457260132,0.42204052209854126,1.5544195175170898,0.6944152116775513,1.3940942287445068,0.44211921095848083,1.5959482192993164,0.44799599051475525,1.489959955215454,0.5158073306083679,1.458888292312622,0.7157396078109741
325,1.6411203145980835,0.471160352230072,1.4334166049957275,0.5740863680839539,1.7267402410507202,0.5406627058982849,1.9066593647003174,0.5480347275733948,1.61697256565094,0.65733402967453,1.7665812969207764,0.6979795098304749
326,1.8722507953643799,0.5588253140449524,1.5937166213989258,0.5211452841758728,1.7228763103485107,0.8265901803970337,1.6429309844970703,0.6257448792457581,1.38699209690094,0.6348516941070557,1.308589220046997,0.5320701599121094
327,1.5130600929260254,0.41347941756248474,1.6500670909881592,0.6897776126861572,1.8001762628555298,0.5489670038223267,1.5912981033325195,0.5719268918037415,1.665575623512268,0.7572765946388245,1.4574562311172485,0.4824131429195404
328,1.8103482723236084,0.6848451495170593,1.6180837154388428,0.4652251899242401,1.4441065788269043,0.5370271801948547,1.4640692472457886,0.2949129045009613,1.5547258853912354,0.6131983995437622,1.5449573993682861,0.6275656223297119
329,1.683144211769104,0.5116674900054932,1.543241262435913,0.7861053943634033,1.5348644256591797,0.615062415599823,1.7422794103622437,0.6471391320228577,1.8572295904159546,0.42493680119514465,1.5405019521713257,0.5447220802307129
330,1.9435205459594727,0.7082927227020264,1.5756032466888428,0.47048354148864746,1.513012170791626,0.5618478655815125,1.4933497905731201,0.6420533657073975,1.9478079080581665,0.8076058030128479,1.3888027667999268,0.7123337388038635
331,1.8034589290618896,0.642982006072998,1.3576949834823608,0.597283661365509,1.8332487344741821,0.7435374855995178,1.6002088785171509,0.4883747696876526,1.5694140195846558,0.26943451166152954,1.4591234922409058,0.5985891819000244
332,1.8637670278549194,0.6871399879455566,1.4991979598999023,0.5679628849029541,1.4086463451385498,0.4660373032093048,1.567058801651001,0.6919824481010437,1.6011005640029907,0.5472336411476135,1.6308276653289795,0.5310547947883606
333,1.7727882862091064,0.5458899736404419,1.4102140665054321,0.6306623816490173,1.5874892473220825,0.6103751063346863,1.4752399921417236,0.3906914293766022,1.8366668224334717,0.6549599766731262,1.7416412830352783,0.7569522261619568
334,1.6077919006347656,0.5115025639533997,1.4211320877075195,0.7016100287437439,1.6042358875274658,0.7522055506706238,1.7692797183990479,0.5659486055374146,1.519515872001648,0.5305135846138,1.5327987670898438,0.6197025179862976
335,1.6187177896499634,0.47332635521888733,1.603650689125061,0.6426098942756653,1.6974925994873047,0.6513146162033081,1.8551467657089233,0.8971578478813171,1.436484694480896,0.5803806185722351,1.7509464025497437,0.7283462285995483
336,1.5280721187591553,0.5507677793502808,1.537527084350586,0.6269795298576355,1.8545825481414795,0.7625009417533875,1.5106950998306274,0.6866206526756287,1.5434678792953491,0.4797801673412323,1.87881600856781,0.684850811958313
337,1.5582164525985718,0.4735499322414398,1.3963943719863892,0.6179028153419495,1.7791086435317993,0.8408807516098022,1.5301806926727295,0.6717089414596558,1.171854019165039,0.43381834030151367,1.790793776512146,0.7606609463691711
338,1.7527244091033936,0.6722431778907776,1.868963599205017,0.5908759236335754,1.3266918659210205,0.6611009240150452,1.6390470266342163,0.6293211579322815,1.8030116558074951,0.7841390371322632,1.4661190509796143,0.7104070782661438
339,1.5412342548370361,0.28211525082588196,1.5484564304351807,0.6396567821502686,1.940434217453003,0.9007529616355896,1.3059308528900146,0.39362454414367676,1.3472609519958496,0.725614607334137,1.6438525915145874,0.7342219352722168
340,2.4243288040161133,0.7929539680480957,1.5425450801849365,0.7875939607620239,1.4714893102645874,0.6490806937217712,1.3812878131866455,0.6303970813751221,1.4129807949066162,0.23917685449123383,1.7090187072753906,0.7519369721412659
341,1.7889283895492554,0.5562698245048523,1.3736780881881714,0.7631192207336426,1.6247469186782837,0.7733761072158813,1.4927241802215576,0.5770748257637024,1.8333606719970703,0.6114932298660278,1.8613545894622803,0.843752920627594
342,1.731858253479004,0.48983585834503174,1.511526107788086,0.594622015953064,1.6262261867523193,0.5653151869773865,1.5893633365631104,0.8748927116394043,1.6042613983154297,0.6978026628494263,1.5703355073928833,0.5459553003311157
343,1.6153637170791626,0.565156102180481,1.3723770380020142,0.6913983821868896,1.443941354751587,0.6567530632019043,1.5634227991104126,0.7275789380073547,1.6616582870483398,0.5787169933319092,1.6056619882583618,0.804523229598999
344,1.7241789102554321,0.5870081186294556,1.7866582870483398,0.7788893580436707,1.5671257972717285,0.5940504670143127,1.4226548671722412,0.551680326461792,1.588131070137024,0.6425036787986755,1.6975734233856201,0.9759824275970459
345,1.899816870689392,0.4590568244457245,1.532285213470459,0.720954179763794,1.5131571292877197,0.42900195717811584,1.7705228328704834,0.6300773620605469,1.444573163986206,0.5061625838279724,2.0201709270477295,0.9746819138526917
346,1.5736558437347412,0.7502219080924988,1.6423883438110352,0.7498329877853394,1.8305714130401611,0.9380886554718018,1.7247631549835205,0.8018200397491455,1.8119360208511353,0.5822003483772278,1.4145476818084717,0.7369076609611511
347,1.4689950942993164,0.3957805633544922,1.7370884418487549,0.6882918477058411,1.4799946546554565,0.8062952756881714,1.7222650051116943,1.0564610958099365,1.3808976411819458,0.6261916160583496,1.6533079147338867,0.7267608046531677
348,1.5527572631835938,0.778033435344696,1.4459675550460815,0.5754293203353882,1.7027686834335327,0.7275483012199402,1.7258083820343018,0.5917222499847412,1.4886434078216553,0.7426595091819763,1.3805115222930908,0.7101390957832336
349,1.9824211597442627,0.7590736150741577,1.4793603420257568,0.8723631501197815,1.7642133235931396,0.7593801617622375,1.4703476428985596,0.5478718280792236,1.4795832633972168,0.6416581869125366,1.5142767429351807,0.727018415927887
350,1.5813820362091064,0.6293498277664185,1.5596998929977417,0.6040593981742859,1.6080272197723389,0.6702975630760193,1.6470050811767578,0.6474854946136475,1.4729292392730713,0.5929904580116272,1.6710914373397827,0.6703963279724121
351,1.8010056018829346,0.8433555960655212,1.3314564228057861,0.5602436065673828,1.9640674591064453,0.9811075925827026,1.8154780864715576,0.7671138644218445,1.2809216976165771,0.458875834941864,1.305976152420044,0.7436794638633728
352,1.793810486793518,0.5061105489730835,1.613242506980896,0.7568926811218262,1.6098988056182861,0.7816534638404846,1.4167054891586304,0.6239359378814697,1.4654347896575928,0.5899898409843445,1.497249960899353,0.7953513264656067
353,1.3903244733810425,0.6143185496330261,1.3290159702301025,0.5460130572319031,1.5329149961471558,0.7194080948829651,1.5743281841278076,0.563500165939331,1.755035161972046,0.4826064109802246,1.5303435325622559,0.8510662913322449
354,1.7281723022460938,0.7639891505241394,1.65054190158844,0.8102331757545471,1.8807942867279053,0.8580918908119202,1.4724880456924438,0.703495979309082,1.0616772174835205,0.39371469616889954,1.4533549547195435,0.6799023747444153
355,1.8112118244171143,0.7332567572593689,1.6249271631240845,0.8410817980766296,1.4131823778152466,0.5255650281906128,1.8150066137313843,0.7837752103805542,1.4781850576400757,0.5776582360267639,1.4162343740463257,0.5595698356628418
356,1.4992201328277588,0.2824780344963074,1.4888379573822021,0.6107913255691528,1.678985834121704,0.8417544364929199,1.6538063287734985,0.9160943031311035,1.3525601625442505,0.5481070876121521,1.6729166507720947,0.8790649175643921
357,1.8437011241912842,0.4978046715259552,1.4174885749816895,0.5621123909950256,1.4453175067901611,0.6462797522544861,1.5240581035614014,0.529453456401825,1.2217509746551514,0.5271106958389282,1.4629862308502197,0.60431307554245
358,1.7969133853912354,0.39820370078086853,1.5433176755905151,0.9471601843833923,1.522155523300171,0.7117981910705566,1.7842381000518799,0.6962447166442871,1.1955323219299316,0.6681426763534546,1.4758769273757935,0.7956005930900574
359,1.839999794960022,0.7030584812164307,1.0143043994903564,0.43193867802619934,1.4030015468597412,0.6894324421882629,1.52895188331604,0.7889248132705688,1.7187719345092773,0.5698007941246033,1.8289365768432617,0.7846486568450928
360,1.9287195205688477,0.4181135892868042,1.1167676448822021,0.36358460783958435,1.3746511936187744,0.5280076265335083,1.4030497074127197,0.5965167284011841,1.038694977760315,0.46012523770332336,1.467222809791565,0.6394153237342834
361,1.6833572387695312,0.8640337586402893,1.5207183361053467,0.6857709288597107,1.8499863147735596,0.9379968643188477,1.6533024311065674,0.459787517786026,1.353030800819397,0.7281078100204468,1.3242013454437256,0.7192001342773438
362,1.715401291847229,0.6052854657173157,1.4507925510406494,0.6848768591880798,1.5540705919265747,0.7556987404823303,1.7664140462875366,0.8133834004402161,1.3791121244430542,0.6928799748420715,1.5426088571548462,0.6193035244941711
363,1.6090494394302368,0.6079393625259399,1.5713599920272827,0.5295264720916748,1.4262902736663818,0.6388827562332153,1.466689944267273,0.6679905652999878,1.5038719177246094,0.6694223284721375,1.6407989263534546,0.8155690431594849
364,1.7480628490447998,0.5150671601295471,1.3535683155059814,0.6348921656608582,1.3845462799072266,0.5474533438682556,1.3305517435073853,0.7080785036087036,1.380693793296814,0.6879190802574158,1.5702259540557861,0.65525883436203
365,1.366065502166748,0.30119404196739197,1.1503713130950928,0.47777828574180603,1.3927196264266968,0.5974778532981873,1.492374062538147,0.7794725298881531,1.4852426052093506,0.7090014815330505,1.4525812864303589,0.5823884606361389
366,1.7752645015716553,0.5509064793586731,1.5061664581298828,0.7907223105430603,1.7230079174041748,0.6478808522224426,1.5158915519714355,0.5468330383300781,1.7955061197280884,0.7308656573295593,1.4118595123291016,0.5406644344329834
367,1.8809053897857666,0.8615543246269226,1.6125049591064453,0.46112266182899475,1.4286227226257324,0.8790717720985413,1.5887364149093628,0.7910757660865784,1.3568081855773926,0.653015673160553,1.5112941265106201,0.6791974902153015
368,2.0422005653381348,0.9509627223014832,1.5007405281066895,0.8689855337142944,1.6972854137420654,0.6050393581390381,1.7074925899505615,0.6519103050231934,1.7584425210952759,0.8661168813705444,1.2118765115737915,0.6969810128211975
369,1.5620592832565308,0.5409454703330994,1.3527153730392456,0.49785739183425903,1.6218414306640625,0.8110681772232056,1.3314125537872314,0.5285033583641052,1.5388436317443848,0.7397119998931885,1.5513887405395508,0.8464881181716919
370,1.344987392425537,0.4497132897377014,1.6122729778289795,0.7475384473800659,1.4605516195297241,0.6796901822090149,1.5134729146957397,0.7508133053779602,1.2940294742584229,0.5446617603302002,1.6068155765533447,0.7588948607444763
371,1.6598325967788696,0.5520783066749573,1.748173713684082,0.8980048298835754,1.3373428583145142,0.5773091316223145,1.3098437786102295,0.4895690977573395,1.3248406648635864,0.7698132395744324,1.5728228092193604,0.9317485690116882
372,1.4146997928619385,0.4203825891017914,1.381264328956604,0.6321395039558411,2.212386131286621,1.203857660293579,1.6254571676254272,0.6945289373397827,1.4282786846160889,0.6520752310752869,1.395104169845581,0.7315077781677246
373,1.3603416681289673,0.6717802882194519,1.4036391973495483,0.6567754745483398,1.5688122510910034,0.7814183831214905,1.6775680780410767,1.038601279258728,1.5157400369644165,0.4352876842021942,1.536210060119629,0.6121234893798828
374,1.5579851865768433,0.5320717692375183,1.1576831340789795,0.6741745471954346,1.547429084777832,0.6102708578109741,1.1568920612335205,0.529693067073822,1.8018850088119507,1.0133401155471802,1.5643075704574585,0.8244438171386719
375,1.4778133630752563,0.5445401072502136,1.3278672695159912,0.7209516167640686,1.38335382938385,0.7226218581199646,1.2816051244735718,0.6637817025184631,1.6837947368621826,0.8075593113899231,1.8762861490249634,0.883294939994812
376,1.730287790298462,0.3973709046840668,1.3136250972747803,0.6500622034072876,1.495286226272583,0.6879682540893555,1.8461008071899414,0.7870847582817078,1.5567944049835205,0.6871932744979858,1.6880710124969482,0.9518418312072754
377,1.5995705127716064,0.7957290410995483,1.1490439176559448,0.4368101954460144,1.685908317565918,1.326874017715454,1.292432188987732,0.568324089050293,1.389808177947998,1.0155882835388184,1.7403686046600342,0.9418039321899414
378,1.6113951206207275,0.6023301482200623,1.4363152980804443,0.5489883422851562,1.5754212141036987,0.8447596430778503,1.1958343982696533,0.6951528191566467,1.5125055313110352,0.8632445931434631,1.7878862619400024,0.9908175468444824
379,1.4689956903457642,0.4908967614173889,1.4076989889144897,0.5760031342506409,1.5595662593841553,0.6641046404838562,1.4784914255142212,0.793936550617218,1.404257893562317,0.4380638301372528,1.2343870401382446,0.7425236105918884
380,1.2723541259765625,0.4782096743583679,1.4464372396469116,0.6871135234832764,1.3648126125335693,0.7067297697067261,1.4091789722442627,0.5602877140045166,1.4661368131637573,0.5157471895217896,1.31856369972229,0.6416018009185791
381,1.992600679397583,0.6982904672622681,1.2461599111557007,0.5770660042762756,1.4186972379684448,0.5810748934745789,1.3287485837936401,0.5466963648796082,1.6769943237304688,0.6408002376556396,1.6876039505004883,0.8147366046905518
382,1.9061199426651,0.7624504566192627,1.5761148929595947,0.7759237885475159,1.4805712699890137,0.7856224775314331,1.4518204927444458,0.791678249835968,1.3990375995635986,0.5879565477371216,1.4428216218948364,0.4680097699165344
383,1.6618560552597046,0.45671752095222473,1.6443288326263428,0.7959744930267334,1.3731330633163452,0.6242176294326782,1.331979513168335,0.7773181796073914,1.5037431716918945,0.7981725335121155,1.3559587001800537,0.5618631839752197
384,1.6060209274291992,0.6034343242645264,1.5492738485336304,0.7746096253395081,1.2550415992736816,0.5703258514404297,1.767822504043579,0.8273362517356873,1.40975821018219,0.8778283596038818,1.6836484670639038,0.6437638998031616
385,1.9455894231796265,0.7623259425163269,1.536122441291809,0.7206512689590454,1.3964229822158813,0.6261745095252991,1.2990827560424805,0.46918460726737976,1.1610091924667358,0.6101973056793213,1.0708868503570557,0.47811317443847656
386,1.6119893789291382,0.7260563969612122,1.325775384902954,0.689749538898468,1.6037687063217163,0.6679579615592957,1.188139796257019,0.5552610158920288,1.550635576248169,0.9463891386985779,1.531660795211792,0.7996006011962891
387,1.3266994953155518,0.5427080392837524,1.2170169353485107,0.5182260274887085,1.6796032190322876,0.7189530730247498,1.1526215076446533,0.5129979252815247,1.4055655002593994,0.8178668022155762,1.323357343673706,0.5335837602615356
388,1.7584575414657593,0.4788798987865448,1.413567066192627,0.7807658314704895,1.4801347255706787,0.6050399541854858,1.877018690109253,1.1313252449035645,1.168485403060913,0.6194961667060852,1.3666672706604004,0.5810750126838684
389,1.4891313314437866,0.6733101010322571,1.3549211025238037,0.7528377771377563,1.2881892919540405,0.6933996677398682,1.2833694219589233,0.7977275848388672,1.344781517982483,0.7424190640449524,1.589451789855957,0.5481120347976685
390,1.5167683362960815,0.6571400165557861,1.5490680932998657,0.8665362596511841,1.4671467542648315,0.7651833295822144,1.396999478340149,0.6776080131530762,1.5627481937408447,0.9725947380065918,1.218287706375122,0.5551826357841492
391,1.4500694274902344,0.5060172080993652,1.5476322174072266,0.7455710172653198,1.2254068851470947,0.5796979069709778,1.2586708068847656,0.588750422000885,1.3125994205474854,0.9669660329818726,1.5495197772979736,0.7834876775741577
392,1.559293508529663,0.5971816778182983,1.4065877199172974,0.717540442943573,1.642439603805542,0.4986794590950012,1.3478368520736694,0.5462563037872314,1.5646660327911377,0.9350998401641846,1.8596680164337158,0.985359251499176
393,1.9077905416488647,0.7026655077934265,1.4792215824127197,0.710707426071167,1.4133251905441284,0.654644250869751,1.5854969024658203,0.8842924237251282,1.1829853057861328,0.6855999231338501,1.4626219272613525,0.6016141176223755
394,1.7000640630722046,0.7953780293464661,1.260222315788269,0.7307959794998169,1.2298822402954102,0.8510034680366516,1.6573543548583984,0.6614892482757568,1.537190318107605,0.7812482714653015,1.1074531078338623,0.5921359658241272
395,1.4848203659057617,0.7058497667312622,1.1713624000549316,0.5692418217658997,1.6664984226226807,1.0675532817840576,1.6744282245635986,0.7613426446914673,0.8322583436965942,0.40654757618904114,0.9133995175361633,0.43784409761428833
396,1.6962482929229736,0.627991795539856,1.1884064674377441,0.6290923357009888,1.176563024520874,0.5831384062767029,1.678118109703064,0.7995792031288147,1.4331966638565063,0.5795260071754456,1.3450692892074585,0.6958776712417603
397,1.3682918548583984,0.8457692265510559,1.3751438856124878,0.928904116153717,1.4434558153152466,0.6439383625984192,1.2832322120666504,0.6973498463630676,1.4502317905426025,0.9795766472816467,1.3897126913070679,0.6257528066635132
398,1.4458355903625488,0.6209259033203125,1.2576597929000854,0.5320297479629517,1.294156551361084,0.7129817605018616,1.5341236591339111,0.756339967250824,1.10624098777771,0.5975141525268555,1.7915871143341064,1.0921169519424438
399,1.50587797164917,0.5693177580833435,0.9205489158630371,0.5168502926826477,1.4956917762756348,1.055911660194397,1.1041404008865356,0.6347647905349731,1.726945161819458,1.066856026649475,1.2156630754470825,0.611185610294342
400,1.7561779022216797,0.9702813029289246,1.3992048501968384,0.7648656368255615,1.2927473783493042,0.6835217475891113,1.3245640993118286,0.7059118151664734,1.434025526046753,0.7935780882835388,1.3929742574691772,0.6880508661270142
401,1.3893874883651733,0.40956911444664,1.1442153453826904,0.6835150718688965,1.3446378707885742,0.7375261783599854,1.195789098739624,0.709202229976654,1.3100378513336182,0.6360714435577393,1.1712089776992798,0.6146830916404724
402,1.3233438730239868,0.46263641119003296,1.23955237865448,0.5169796943664551,1.13454270362854,0.6564950346946716,1.3993589878082275,0.7426297664642334,1.6284191608428955,0.6992553472518921,1.304506540298462,0.8610228300094604
403,1.448716402053833,0.8224474787712097,1.6233043670654297,0.8017487525939941,1.1052658557891846,0.5339133143424988,1.220337986946106,0.5994522571563721,1.0361320972442627,0.6219960451126099,1.6108624935150146,0.7126787900924683
404,1.3322725296020508,0.7243395447731018,1.2969911098480225,0.9855273365974426,1.4192947149276733,0.9742580056190491,1.508934497833252,0.8167420029640198,1.250459909439087,0.6575756072998047,1.3663355112075806,0.7074642777442932
405,1.3937675952911377,0.30230391025543213,1.4218724966049194,0.9186248183250427,1.3768501281738281,0.5898681282997131,1.441911220550537,0.8799660801887512,0.9159706830978394,0.5551655292510986,1.2002956867218018,0.2625594139099121
406,1.1172130107879639,0.42434877157211304,1.237011194229126,0.5721068382263184,1.312290072441101,0.7792119979858398,1.4837719202041626,1.0103312730789185,1.2348496913909912,0.6849482655525208,1.3742597103118896,0.6502964496612549
407,1.1240886449813843,0.6705160737037659,0.9990413784980774,0.582633912563324,1.4914650917053223,1.1057777404785156,1.2492578029632568,0.8017778396606445,1.2814382314682007,0.757706880569458,1.3938305377960205,0.625943124294281
408,0.9873102903366089,0.3481244742870331,1.463326096534729,0.6253660917282104,1.0537278652191162,0.5983856320381165,1.005939245223999,0.5935570001602173,1.2458713054656982,0.6316341757774353,1.2478725910186768,0.7682640552520752
409,1.4344673156738281,0.8203142285346985,1.325627326965332,0.7318103313446045,1.4229762554168701,0.8315975069999695,1.1725914478302002,0.7592251300811768,1.4559478759765625,0.8254455327987671,1.108550786972046,0.844724714756012
410,1.3688908815383911,0.5727134943008423,1.222504734992981,0.8546649813652039,1.004863977432251,0.5047051310539246,1.3874636888504028,0.9124888777732849,1.2207247018814087,0.7494945526123047,1.2381170988082886,0.5353565812110901
411,1.3539906740188599,0.681867241859436,1.1676578521728516,0.7465910315513611,1.604203462600708,0.5722732543945312,1.4295074939727783,0.8415851593017578,1.0044825077056885,0.5394226312637329,1.2143452167510986,0.4216011166572571
412,1.158307671546936,0.5443651080131531,1.2623587846755981,1.0565484762191772,1.0547306537628174,0.6646198630332947,1.329727053642273,0.5377208590507507,1.174594759941101,0.8158339262008667,0.9790315628051758,0.3598155379295349
413,1.6342270374298096,0.6999984383583069,1.3196523189544678,0.6743960380554199,1.2179197072982788,0.6781409382820129,0.9971081018447876,0.6096042394638062,1.29256272315979,0.7485073804855347,1.2908538579940796,0.7387394905090332
414,1.4051220417022705,0.6635611653327942,1.605810523033142,0.5493849515914917,1.4096413850784302,0.5716882944107056,1.0658023357391357,0.42594727873802185,1.176561951637268,0.7235328555107117,1.3932294845581055,0.6923990249633789
415,1.0385183095932007,0.533149778842926,1.219907283782959,0.8518198132514954,1.1851121187210083,0.7529164552688599,1.2449358701705933,0.7202264666557312,0.8518217206001282,0.45783543586730957,1.2597377300262451,0.7724477648735046
416,1.2017147541046143,0.4816989600658417,1.037971019744873,0.6665552258491516,1.0478057861328125,0.48649951815605164,1.2470641136169434,0.8457356095314026,1.0790849924087524,0.5052021145820618,1.0991822481155396,0.7024126052856445
417,1.5990148782730103,0.7545674443244934,1.4410330057144165,0.7317997813224792,1.320253849029541,0.6966524124145508,1.4235093593597412,0.8292352557182312,1.194427728652954,0.6507759094238281,1.1617364883422852,0.483862042427063
418,1.2906291484832764,0.5955315232276917,1.4242569208145142,1.0220409631729126,1.2243592739105225,0.6134365200996399,1.1209204196929932,0.6864305138587952,1.1961864233016968,0.6260132193565369,1.052721381187439,0.5078344345092773
419,1.1966383457183838,0.49695485830307007,1.0920264720916748,0.578727662563324,1.1755889654159546,0.6811808943748474,1.1988002061843872,0.6814899444580078,0.967585563659668,0.7143594026565552,1.3785136938095093,0.7843438982963562
420,1.2099241018295288,0.6659855246543884,1.0388721227645874,0.5169247984886169,1.3089076280593872,0.6810570359230042,0.9645966291427612,0.5177426934242249,1.3611308336257935,0.8201712965965271,1.198100209236145,0.4992636442184448
421,1.4774173498153687,0.9046853184700012,1.3086661100387573,0.8082758784294128,1.0374982357025146,0.7951246500015259,1.2019352912902832,0.6750967502593994,1.1896634101867676,0.6915460228919983,1.193341612815857,0.8645357489585876
422,1.2785656452178955,0.8066294193267822,1.3134057521820068,0.7841128706932068,1.2418253421783447,0.9057262539863586,1.5128074884414673,0.7846642732620239,1.137202501296997,0.5968928337097168,1.088410496711731,0.8629384636878967
423,0.8546382784843445,0.4281735420227051,1.0566034317016602,0.5045202374458313,1.6692911386489868,1.1807854175567627,1.1423615217208862,0.7283979058265686,0.8418571352958679,0.50454181432724,1.2522919178009033,0.6229339838027954
424,1.5130021572113037,0.6976233124732971,1.0386312007904053,0.2158992439508438,1.0028822422027588,0.6382350921630859,1.0523000955581665,0.6913199424743652,1.3262836933135986,0.8025891184806824,1.3019189834594727,0.6669608950614929
425,0.9984970092773438,0.5521554350852966,1.0163476467132568,0.5693650841712952,1.2476052045822144,0.5820427536964417,0.9567112922668457,0.5361409783363342,1.1252567768096924,0.7095342874526978,1.3284145593643188,0.7746546864509583
426,1.1043670177459717,0.8080568313598633,1.1081191301345825,0.6625938415527344,1.1706018447875977,0.7328445911407471,1.0896645784378052,0.7099684476852417,1.2332370281219482,0.6379570960998535,1.240736484527588,0.5203984379768372
427,1.3622182607650757,0.648372232913971,1.1696182489395142,0.5931090712547302,1.0448960065841675,0.46406763792037964,1.1740309000015259,0.6320911049842834,1.1267101764678955,0.7443668246269226,1.1997449398040771,0.6354958415031433
428,1.3434197902679443,0.7443032264709473,1.3985955715179443,0.9168282151222229,1.132277011871338,0.5082905292510986,1.6322427988052368,0.7005457878112793,1.0558359622955322,0.773309588432312,1.1544033288955688,0.6342580318450928
429,1.1311061382293701,0.783541738986969,1.33943510055542,0.6864441633224487,0.9307950139045715,0.5066738128662109,1.5183007717132568,1.007290244102478,1.117591142654419,0.7144283652305603,1.1916645765304565,0.7399368286132812
430,0.908085823059082,0.4638459384441376,1.1014409065246582,0.6128767728805542,1.1214019060134888,0.6495469212532043,1.187434196472168,0.7372205257415771,1.117659091949463,0.7156777381896973,0.9860924482345581,0.5545755624771118
431,1.0382124185562134,0.5621948838233948,0.9884380102157593,0.5528925657272339,0.9778608083724976,0.4771191477775574,1.2648965120315552,0.448821097612381,0.944180965423584,0.6508714556694031,1.0035459995269775,0.7357971668243408
432,0.9815818071365356,0.5564427971839905,0.9033106565475464,0.604941189289093,0.9931473731994629,0.4984678030014038,1.0932928323745728,0.5491867661476135,0.9051690101623535,0.8833796381950378,1.0648720264434814,0.5034677982330322
433,0.7456868886947632,0.44906723499298096,1.124832272529602,0.7038581371307373,0.8680518269538879,0.5478230118751526,1.33699631690979,0.6931295990943909,0.8655640482902527,0.5994047522544861,0.8555310368537903,0.46838584542274475
434,0.8645383715629578,0.3851502239704132,0.8614099621772766,0.5669031143188477,1.1261578798294067,0.42443400621414185,1.2909276485443115,0.8047128915786743,0.8236080408096313,0.5523602962493896,0.8812124133110046,0.5536865592002869
435,1.0614404678344727,0.9148358106613159,1.0921049118041992,0.7432348132133484,1.0947613716125488,0.6613679528236389,1.3045827150344849,0.8676626086235046,0.8515156507492065,0.6300672888755798,0.9930130839347839,0.5529553294181824
436,1.093579888343811,0.7603635191917419,0.8785659670829773,0.6008512377738953,1.0013401508331299,0.6045120358467102,1.0306432247161865,0.5703254342079163,0.8756327629089355,0.49770596623420715,0.9898355603218079,0.591869056224823
437,0.6968180537223816,0.30944082140922546,0.963183581829071,0.6708455085754395,1.2656062841415405,0.9256100654602051,1.544882893562317,0.9974230527877808,0.7384821772575378,0.43703705072402954,1.081490159034729,0.7221477031707764
438,1.0155316591262817,0.6205229163169861,1.052064299583435,0.6304045915603638,1.201033592224121,0.6191461682319641,1.0296274423599243,0.5114060640335083,0.8148485422134399,0.35851743817329407,0.912056565284729,0.7222265601158142
439,0.9392867088317871,0.6095097661018372,1.0204598903656006,0.6116539239883423,1.0970017910003662,0.6409435868263245,1.1468515396118164,0.6403194665908813,0.6805819272994995,0.49219605326652527,0.8624449968338013,0.5868509411811829
440,0.7615042924880981,0.5757107138633728,1.077124834060669,0.6766781806945801,1.0532002449035645,0.6098248362541199,1.1331552267074585,0.5857934355735779,1.2149477005004883,0.8069657683372498,0.7876101732254028,0.4125904440879822
441,0.8368223309516907,0.5027674436569214,0.8733803629875183,0.565963625907898,0.8950694799423218,0.4426996111869812,0.9236029386520386,0.5977553129196167,1.0867849588394165,0.5945237278938293,0.7723022103309631,0.5088450908660889
442,0.9177840948104858,0.614599883556366,1.1514248847961426,0.72039395570755,0.9266276359558105,0.5646259188652039,1.0220839977264404,0.655086874961853,0.7212702035903931,0.6449472904205322,0.8207572102546692,0.44040852785110474
443,0.9765156507492065,0.41694164276123047,1.443305253982544,0.9131796360015869,0.8226835131645203,0.6175175905227661,1.0822818279266357,0.5460044741630554,1.0598366260528564,0.606751561164856,1.10329008102417,0.6860508918762207
444,1.1015013456344604,0.6558828353881836,0.9059022665023804,0.44754502177238464,1.2209486961364746,0.7838624715805054,1.2090519666671753,0.6561323404312134,0.8696309328079224,0.6095408201217651,0.7480543851852417,0.6731069087982178
445,1.141634225845337,0.9473446011543274,1.197437047958374,0.6177278757095337,1.1883955001831055,0.7677353620529175,1.0480133295059204,0.5175315141677856,0.6199662089347839,0.4681564271450043,1.0987027883529663,0.4242430627346039
446,0.7904849648475647,0.520808219909668,0.8192045092582703,0.5639707446098328,1.286541223526001,0.9575963616371155,0.829820454120636,0.587877631187439,0.9518569707870483,0.620842695236206,0.6570905447006226,0.46373409032821655
447,1.0144904851913452,0.669306218624115,1.0561585426330566,0.6977909803390503,0.9716847538948059,0.5376567840576172,1.0944054126739502,0.5961223840713501,0.8548682928085327,0.675260603427887,0.8696203231811523,0.5898681879043579
448,1.2055537700653076,0.7875023484230042,1.08646559715271,0.8307960033416748,0.782016932964325,0.44245097041130066,1.3248600959777832,0.7737759947776794,0.6994704008102417,0.45544639229774475,1.0381317138671875,0.6840720176696777
449,1.0144357681274414,0.6537876725196838,0.7326792478561401,0.48317766189575195,0.8605643510818481,0.5080880522727966,0.9318026304244995,0.5629511475563049,0.5855532884597778,0.4596196711063385,0.9834234118461609,0.6465950608253479
450,1.0356409549713135,0.7874563336372375,1.0421764850616455,0.8678131103515625,0.8592641949653625,0.5522502064704895,1.1002576351165771,0.6232653856277466,0.766180157661438,0.6757847666740417,0.7754067182540894,0.6223267316818237
451,0.9019569158554077,0.6799171566963196,0.7964216470718384,0.5962544679641724,0.6982631683349609,0.43405967950820923,0.9728938937187195,0.7968573570251465,0.9195699691772461,0.7421959638595581,0.7587088346481323,0.4612894356250763
452,0.7968016862869263,0.42683473229408264,0.9972600936889648,0.7075851559638977,0.8625097274780273,0.600336492061615,0.6648085713386536,0.43648672103881836,0.6622249484062195,0.5569733381271362,0.9050253629684448,0.6593314409255981
453,0.7524010539054871,0.5353755950927734,0.8612439036369324,0.6384575366973877,1.022041916847229,0.739196240901947,0.8785726428031921,0.6702202558517456,0.8244478106498718,0.5574741363525391,0.9218649864196777,0.5511837601661682
454,0.9432207942008972,0.7070305943489075,0.7436622381210327,0.5296677350997925,0.6542861461639404,0.5485695600509644,1.114558458328247,0.8025578856468201,0.6880889534950256,0.5531441569328308,0.6545076966285706,0.4259706437587738
455,0.8448389172554016,0.5871894955635071,0.8858232498168945,0.9695437550544739,1.1292157173156738,0.7648882865905762,1.2664244174957275,0.43241241574287415,0.9264432787895203,0.6411961317062378,0.7834388613700867,0.5501978397369385
456,0.817245364189148,0.5940601825714111,0.780530571937561,0.5782052874565125,0.9928666353225708,0.8590311408042908,0.8868194818496704,0.5107542276382446,1.1661399602890015,0.7852159738540649,0.8730182647705078,0.4640832841396332
457,0.9379768371582031,0.7959483861923218,1.0182690620422363,0.7642484307289124,0.9316369891166687,0.7937650680541992,1.0123735666275024,0.8120112419128418,0.9319877624511719,0.5406289100646973,0.7403765916824341,0.7769167423248291
458,1.005244493484497,0.764091968536377,0.8217430114746094,0.7327888607978821,0.8767800331115723,0.6828388571739197,1.440403699874878,0.748088002204895,0.6249996423721313,0.5422895550727844,0.9024373888969421,0.7106532454490662
459,0.7408499717712402,0.49943727254867554,0.7507325410842896,0.5221422910690308,0.7110331654548645,0.453379362821579,1.0420615673065186,0.6518272161483765,0.8013699650764465,0.7481769323348999,0.7531442642211914,0.5900093913078308
460,1.048505425453186,0.6800680756568909,0.7733136415481567,0.5396263003349304,0.6867033243179321,0.47445037961006165,0.8911145925521851,0.564479410648346,0.5883914828300476,0.4102947413921356,0.5608956813812256,0.39441147446632385
461,1.0150158405303955,0.7660314440727234,1.0592342615127563,0.5713927745819092,0.7867441773414612,0.5615041255950928,0.7344714999198914,0.6096267700195312,0.8417936563491821,0.5472503900527954,0.5921250581741333,0.33374378085136414
462,0.8224829435348511,0.5908713936805725,0.8125063180923462,0.6308841109275818,0.7339816093444824,0.3575402498245239,1.038575291633606,0.6203472018241882,0.8393405675888062,0.5598964691162109,0.4872988164424896,0.3902376592159271
463,0.7709649801254272,0.6610099077224731,0.8581479787826538,0.8819630742073059,0.6208186745643616,0.3884669244289398,0.9807777404785156,0.8240309357643127,0.6459382772445679,0.5585230588912964,0.5040637850761414,0.23954202234745026
464,0.8811821937561035,0.6604941487312317,0.6218419075012207,0.378962904214859,0.6831940412521362,0.5737417340278625,0.8103946447372437,0.5493171811103821,0.839218020439148,0.6692878603935242,0.5341706871986389,0.3627672493457794
465,1.1134202480316162,0.46046584844589233,0.684119462966919,0.5529763698577881,0.9882890582084656,0.7246191501617432,1.1367828845977783,0.640953540802002,0.6522486209869385,0.4117097854614258,0.7361173629760742,0.6190494894981384
466,0.79962557554245,0.6850111484527588,0.6567660570144653,0.44850414991378784,0.6038018465042114,0.33306363224983215,0.5688384771347046,0.49642977118492126,0.6293405294418335,0.5425599217414856,0.7554990649223328,0.36302903294563293
467,0.7434812188148499,0.6335766315460205,0.6762704849243164,0.5029992461204529,0.5094959735870361,0.4058806598186493,0.7373510599136353,0.7212269306182861,0.674404501914978,0.5594520568847656,0.41736945509910583,0.31363797187805176
468,0.5161854028701782,0.42659446597099304,0.5885205864906311,0.47590717673301697,0.8821176290512085,0.7379601001739502,0.6876586675643921,0.3426070213317871,0.9230962991714478,0.7484322786331177,0.7634533643722534,0.7587801218032837
469,0.432871013879776,0.31834396719932556,0.4309106767177582,0.30780431628227234,0.49207252264022827,0.4354287385940552,0.8303987383842468,0.3981151282787323,0.584968090057373,0.5441128611564636,0.5435998439788818,0.6354067325592041
470,0.767856240272522,0.5507320165634155,0.7496991753578186,0.6113706827163696,0.6815248727798462,0.5215064287185669,0.8692896962165833,0.5567979216575623,0.4627394676208496,0.3695968687534332,0.675414502620697,0.4018692672252655
471,0.6498481035232544,0.5229385495185852,0.7056304812431335,0.6135626435279846,0.7647179961204529,0.6272920966148376,0.6662483215332031,0.3794551193714142,0.840187668800354,0.6268511414527893,0.7932008504867554,0.4194714426994324
472,0.7661784291267395,0.6530697345733643,0.6229483485221863,0.4565046429634094,0.7014549970626831,0.6393722295761108,0.6511574387550354,0.38173121213912964,0.8277682065963745,0.7619568109512329,0.6044794917106628,0.38978374004364014
473,0.6478363871574402,0.5862410664558411,0.4408406615257263,0.2697157561779022,0.6392770409584045,0.6546351313591003,0.6017597913742065,0.44902515411376953,0.5237703323364258,0.335531622171402,0.6522335410118103,0.4679379463195801
474,0.6826835870742798,0.4982067048549652,0.8306983113288879,0.6458495259284973,0.7439965009689331,0.6962994337081909,0.7644916772842407,0.4760560393333435,0.7268967032432556,0.33547505736351013,0.9327742457389832,0.6333218216896057
475,0.5212822556495667,0.4117318093776703,0.5382295250892639,0.49599942564964294,0.6169565916061401,0.4717610776424408,0.47015810012817383,0.34416064620018005,0.7179547548294067,0.6994439959526062,0.751519501209259,0.5483470559120178
476,0.6383200287818909,0.48982322216033936,0.555444598197937,0.3709258437156677,0.7976008653640747,0.576662540435791,1.1638127565383911,0.7570971250534058,0.8100759387016296,0.6377013325691223,0.5615361928939819,0.35117173194885254
477,0.6475847959518433,0.5172637701034546,0.4089466631412506,0.38549545407295227,0.7576632499694824,0.5896586179733276,0.7496504187583923,0.532355785369873,0.3721405863761902,0.27737629413604736,0.36666736006736755,0.22838808596134186
478,0.6120365858078003,0.4597424864768982,0.6489956378936768,0.588922381401062,0.44986361265182495,0.40669572353363037,0.5815111398696899,0.46303966641426086,0.3062344491481781,0.2297011911869049,0.504104495048523,0.39240753650665283
479,0.5666555762290955,0.4256063401699066,0.5588339567184448,0.4252484142780304,0.5040850639343262,0.3603372275829315,0.6784847378730774,0.5385968685150146,0.40656980872154236,0.33179187774658203,0.6472349762916565,0.5120715498924255
480,0.5909903645515442,0.6087872982025146,0.6887445449829102,0.5113154053688049,0.5361111760139465,0.45333436131477356,0.8712736964225769,0.4794981777667999,0.764907956123352,0.805169939994812,0.5568515062332153,0.4312252998352051
481,0.6163641214370728,0.43735021352767944,0.5886409878730774,0.5511327385902405,0.5616780519485474,0.3513939678668976,0.8434569239616394,0.7200867533683777,0.5565682649612427,0.5375751852989197,0.7734654545783997,0.5351383686065674
482,0.7525603771209717,0.6491334438323975,0.8727176785469055,1.0554291009902954,0.9293205142021179,0.5755158066749573,0.7944812774658203,0.6309184432029724,0.6231443881988525,0.8064934015274048,0.4509715139865875,0.3391331136226654
483,0.6164388060569763,0.46309903264045715,0.7056297063827515,0.5282474160194397,0.5679534673690796,0.5082340836524963,0.8775259852409363,0.641638994216919,0.4308977723121643,0.2968767285346985,0.5023585557937622,0.38968735933303833
484,0.42402058839797974,0.28643879294395447,0.817125678062439,0.8003778457641602,0.5770610570907593,0.34861260652542114,0.9946352243423462,0.8590219020843506,0.47246304154396057,0.36672279238700867,0.7723773717880249,0.6287631988525391
485,0.5433632731437683,0.4414466321468353,0.5509740114212036,0.6168450117111206,0.5008681416511536,0.5638585090637207,0.7742955684661865,0.5295690298080444,0.6281073689460754,0.5995017290115356,0.36639145016670227,0.24074892699718475
486,0.606568455696106,0.35219529271125793,0.6412868499755859,0.47730305790901184,0.4897059500217438,0.6014202237129211,0.5698224306106567,0.46419185400009155,0.4179244935512543,0.3988112509250641,0.36149924993515015,0.3389505445957184
487,0.6903918385505676,0.4047144651412964,0.7647784948348999,0.46859100461006165,0.7579339146614075,0.720938503742218,0.722551167011261,0.4479135274887085,0.501308798789978,0.5255861878395081,0.7788389921188354,0.5570991039276123
488,0.3948671221733093,0.26383885741233826,0.6175223588943481,0.6340427994728088,0.6340140104293823,0.6690726280212402,0.7432202100753784,0.6746270060539246,0.45883139967918396,0.4727811813354492,0.4955529570579529,0.38737156987190247
489,0.8081916570663452,0.6953188180923462,0.710557758808136,0.8451716899871826,0.4181360602378845,0.2910297214984894,0.7158984541893005,0.8023074865341187,0.5017216801643372,0.6020225882530212,0.6712234616279602,0.49623334407806396
490,0.6966971158981323,0.5491788387298584,0.8170248866081238,0.5393466353416443,0.40571990609169006,0.3650690019130707,0.5818593502044678,0.512794017791748,0.6967736482620239,0.69436115026474,0.5840266942977905,0.42791080474853516
491,0.6406046748161316,0.5832346081733704,0.8236686587333679,0.7005810141563416,0.295124351978302,0.21598273515701294,0.6341825723648071,0.4545726478099823,0.5926822423934937,0.6732122898101807,0.7164210081100464,0.4037770926952362
492,0.6560938954353333,0.5501651763916016,0.4612885117530823,0.3209538161754608,0.6787552237510681,0.35938525199890137,0.8954523801803589,0.5324580669403076,0.42666810750961304,0.43612802028656006,0.38998717069625854,0.5454907417297363
493,0.37966376543045044,0.2938674986362457,0.5207394957542419,0.32930758595466614,0.41288095712661743,0.3586748540401459,0.45405158400535583,0.3667570650577545,0.4700492322444916,0.5018280744552612,0.33136114478111267,0.2849518358707428
494,0.47597765922546387,0.3632643222808838,0.5635812878608704,0.5592750310897827,0.8134605288505554,0.8009647130966187,0.5920485854148865,0.34945622086524963,0.5623472332954407,0.6481125950813293,0.39166492223739624,0.3367128372192383
495,0.6280747652053833,0.5703227519989014,0.5277685523033142,0.3516819179058075,0.6033943891525269,0.4946540892124176,0.6538825631141663,0.42255935072898865,0.39004188776016235,0.3548671007156372,0.5665420293807983,0.5639739036560059
496,0.47909289598464966,0.33326292037963867,0.5876915454864502,0.4307212233543396,0.7048413157463074,0.49658775329589844,0.5245434045791626,0.43368878960609436,0.5276004076004028,0.5399572849273682,0.31977730989456177,0.2973115146160126
497,0.4350903034210205,0.3842791020870209,0.673569917678833,0.3929498791694641,0.4950190484523773,0.5076652765274048,0.4842406213283539,0.42832669615745544,0.5155965089797974,0.6315516233444214,0.47357234358787537,0.4067203402519226
498,0.462458997964859,0.40153342485427856,0.4031679034233093,0.3312940001487732,0.32931089401245117,0.25311577320098877,0.6444123983383179,0.8088744878768921,0.5765808820724487,0.43800610303878784,0.47427257895469666,0.41192713379859924
499,0.6652125120162964,0.6687283515930176,1.046441912651062,0.7394365668296814,0.5758813619613647,0.5302861928939819,0.7744684815406799,0.4968108832836151,0.33403849601745605,0.33623945713043213,0.37491923570632935,0.35090500116348267
500,0.6042672395706177,0.5292251110076904,0.4454854428768158,0.455413818359375,0.37951406836509705,0.33417367935180664,0.5951677560806274,0.5047956109046936,0.6462012529373169,0.5670990347862244,0.46545886993408203,0.38878554105758667
