X,TD_mean,TD_std,TD+NOV_mean,TD+NOV_std,TD+UNC_mean,TD+UNC_std,FULL_mean,FULL_std,MULT_mean,MULT_std,GATE_mean,GATE_std
1,nan,nan,nan,nan,nan,nan,nan,nan,nan,nan,nan,nan
2,1.041632056236267,0.0,1.041632056236267,0.0,1.041632056236267,0.0,1.041632056236267,0.0,1.041632056236267,0.0,1.041632056236267,0.0
3,1.0023876428604126,0.04107126221060753,1.0023858547210693,0.04107232391834259,1.0023751258850098,0.04107905551791191,1.0023733377456665,0.04108014702796936,1.002347707748413,0.04109350964426994,1.0023753643035889,0.041079260408878326
4,1.0039678812026978,0.05837148055434227,1.0039671659469604,0.05837258696556091,1.0039598941802979,0.0583837628364563,1.0039591789245605,0.058384645730257034,1.003942847251892,0.05840888246893883,1.0039604902267456,0.05838238447904587
5,0.9872134923934937,0.03253452852368355,0.9872115850448608,0.032534390687942505,0.9871994853019714,0.032536353915929794,0.9871975183486938,0.03253638744354248,0.9871710538864136,0.03254115208983421,0.987200140953064,0.03253573924303055
6,0.9767354130744934,0.03870721161365509,0.976734459400177,0.038707517087459564,0.9767240285873413,0.03871288523077965,0.9767227172851562,0.038713179528713226,0.976695716381073,0.03871970623731613,0.9767246246337891,0.03871266171336174
7,1.0034388303756714,0.02342485822737217,1.0034382343292236,0.02342488430440426,1.0034310817718506,0.023426875472068787,1.0034308433532715,0.0234267245978117,1.0034167766571045,0.02342911623418331,1.0034313201904297,0.02342674322426319
8,0.9868177175521851,0.03351922705769539,0.9868173599243164,0.033519793301820755,0.9868081212043762,0.033523935824632645,0.9868077039718628,0.033524613827466965,0.9867877960205078,0.03353642672300339,0.9868086576461792,0.03352361172437668
9,0.9824514389038086,0.03613920882344246,0.9824512600898743,0.03613954782485962,0.9824406504631042,0.03614461049437523,0.9824402928352356,0.03614482656121254,0.9824181795120239,0.03615274280309677,0.9824414253234863,0.036144327372312546
10,0.9783797264099121,0.06186247244477272,0.978381335735321,0.061862628906965256,0.9783679246902466,0.061876773834228516,0.9783676266670227,0.06187735125422478,0.9783419370651245,0.06189565360546112,0.9783685803413391,0.0618758499622345
11,0.9869996905326843,0.07275842130184174,0.9869998693466187,0.07275915145874023,0.9869882464408875,0.07277360558509827,0.9869884252548218,0.07277416437864304,0.986968994140625,0.07279521226882935,0.9869888424873352,0.07277234643697739
12,0.9621250033378601,0.05806349590420723,0.9621246457099915,0.05806313455104828,0.9621063470840454,0.058075807988643646,0.9621064066886902,0.05807458609342575,0.9620777368545532,0.058100007474422455,0.9621079564094543,0.05807427316904068
13,0.9399657249450684,0.08669017255306244,0.9399649500846863,0.08669248223304749,0.9399508237838745,0.08670459687709808,0.9399523735046387,0.08670453727245331,0.9399226903915405,0.08672794699668884,0.9399514198303223,0.08670378476381302
14,0.9315508008003235,0.1009981781244278,0.9315499067306519,0.10099813342094421,0.9410750269889832,0.07626751810312271,0.9410764575004578,0.0762680247426033,0.9410581588745117,0.07627326250076294,0.9410761594772339,0.07626597583293915
15,0.9713253974914551,0.07893234491348267,0.9713252186775208,0.0789324939250946,0.9794303774833679,0.05657583847641945,0.9794357419013977,0.05657588690519333,0.9794273376464844,0.056594133377075195,0.9794307947158813,0.05657472088932991
16,0.9849672317504883,0.05932340398430824,0.9849671125411987,0.05932358652353287,0.986058235168457,0.057516466826200485,0.9861580729484558,0.057447582483291626,0.9861558079719543,0.05746040865778923,0.9860590100288391,0.057515211403369904
17,0.9687762260437012,0.08305298537015915,0.9687761068344116,0.08305306732654572,0.9780560731887817,0.0741579607129097,0.9743303060531616,0.0737810730934143,0.9743416905403137,0.07375921308994293,0.9780575037002563,0.07415658980607986
18,1.0082522630691528,0.04153343290090561,1.0082519054412842,0.04153308644890785,1.0081084966659546,0.041445158421993256,1.0147035121917725,0.03322021663188934,1.0147196054458618,0.03323144093155861,1.0081093311309814,0.041447434574365616
19,0.9949630498886108,0.08550554513931274,0.9949615597724915,0.08550485968589783,0.9601976275444031,0.1684281975030899,0.9802342653274536,0.16806209087371826,0.9802395105361938,0.16808544099330902,0.9602007865905762,0.1684272736310959
20,0.9848400950431824,0.0963439792394638,0.9848397970199585,0.09634418785572052,1.016497015953064,0.028314590454101562,1.01194429397583,0.030366498976945877,1.011974573135376,0.03038402460515499,1.0164978504180908,0.02831815555691719
21,1.0256307125091553,0.05111674964427948,1.025628924369812,0.05111672729253769,1.0240333080291748,0.04810139909386635,1.0257152318954468,0.04668421670794487,1.0257188081741333,0.04670869931578636,1.0240329504013062,0.04809984564781189
22,1.0522258281707764,0.05146002769470215,1.0522243976593018,0.0514598973095417,1.063844084739685,0.05537959560751915,1.0630308389663696,0.05634312704205513,1.0630877017974854,0.056364625692367554,1.063847303390503,0.05538059026002884
23,1.0543931722640991,0.06606487184762955,1.0543906688690186,0.06606478989124298,1.0704543590545654,0.06110411882400513,1.0697647333145142,0.06150767207145691,1.0698130130767822,0.06154355779290199,1.0704594850540161,0.061109352856874466
24,1.0258171558380127,0.07421225309371948,1.025814175605774,0.07421265542507172,1.0365432500839233,0.06583923101425171,1.0490058660507202,0.043958768248558044,1.0490559339523315,0.043977655470371246,1.0365456342697144,0.0658455342054367
25,1.084076166152954,0.04936297610402107,1.0840730667114258,0.049361638724803925,1.100234031677246,0.05468520149588585,1.0935089588165283,0.06432837247848511,1.093577265739441,0.06434321403503418,1.1002366542816162,0.05468408390879631
26,1.1190077066421509,0.06879370659589767,1.1190049648284912,0.06879406422376633,1.1074678897857666,0.04993589222431183,1.107146143913269,0.05017853155732155,1.1072336435317993,0.05019925907254219,1.1074721813201904,0.04994304105639458
27,1.1276395320892334,0.06927207857370377,1.1276360750198364,0.06927217543125153,1.0964168310165405,0.046255867928266525,1.0909912586212158,0.05117699131369591,1.091078519821167,0.05116812512278557,1.096418023109436,0.046260301023721695
28,1.1083800792694092,0.05750833824276924,1.1083767414093018,0.05750903859734535,1.0446999073028564,0.2366366982460022,1.0423682928085327,0.23588575422763824,1.0545692443847656,0.2003398984670639,1.0446991920471191,0.23663589358329773
29,1.121974229812622,0.06126946955919266,1.1219711303710938,0.06126813590526581,1.1309115886688232,0.06743200868368149,1.1441203355789185,0.0625402182340622,1.138136625289917,0.0730343833565712,1.130907654762268,0.06743743270635605
30,1.169451117515564,0.06252770870923996,1.1694473028182983,0.06252913922071457,1.1472870111465454,0.11468058079481125,1.140005111694336,0.11315905302762985,1.1413040161132812,0.11497543007135391,1.14727783203125,0.11467581242322922
31,1.1606109142303467,0.06915581971406937,1.1606048345565796,0.06915944814682007,1.1635448932647705,0.06622584909200668,1.1634448766708374,0.06626136600971222,1.1629637479782104,0.06633421033620834,1.1635358333587646,0.06622926145792007
32,1.1874098777770996,0.09367494285106659,1.1874032020568848,0.0936708152294159,1.1931068897247314,0.0716504231095314,1.2071739435195923,0.05855352804064751,1.2010420560836792,0.054956428706645966,1.1930954456329346,0.0716625452041626
33,1.2418802976608276,0.07351212948560715,1.241873025894165,0.07350832968950272,1.2078250646591187,0.11105729639530182,1.1967300176620483,0.10573208332061768,1.2109159231185913,0.08449464291334152,1.2078142166137695,0.11104915291070938
34,1.2282968759536743,0.06924912333488464,1.2282887697219849,0.0692492350935936,1.2127549648284912,0.07160740345716476,1.2224128246307373,0.08231291174888611,1.2399970293045044,0.08676561713218689,1.212744951248169,0.07160225510597229
35,1.269806146621704,0.10615267604589462,1.2697957754135132,0.10615311563014984,1.2591592073440552,0.11193090677261353,1.2367756366729736,0.13066399097442627,1.248266339302063,0.11890946328639984,1.2591482400894165,0.11192630231380463
36,1.291621208190918,0.11680438369512558,1.2916111946105957,0.11679908633232117,1.279022216796875,0.11320623755455017,1.2864946126937866,0.10518710315227509,1.3002419471740723,0.1002185121178627,1.2790098190307617,0.1132117435336113
37,1.2894179821014404,0.08017285913228989,1.2894084453582764,0.08017190545797348,1.3040590286254883,0.06920574605464935,1.289050579071045,0.06007461994886398,1.282362699508667,0.06953820586204529,1.3040434122085571,0.06918920576572418
38,1.3244305849075317,0.11166471987962723,1.3244167566299438,0.11166983842849731,1.3282711505889893,0.11351457238197327,1.3111622333526611,0.11540720611810684,1.2995941638946533,0.11528656631708145,1.3282601833343506,0.11350972205400467
39,1.3043509721755981,0.11606551706790924,1.3043380975723267,0.1160653606057167,1.3161776065826416,0.20156890153884888,1.3053767681121826,0.2090713530778885,1.33528733253479,0.18781867623329163,1.3161652088165283,0.2015676647424698
40,1.3481488227844238,0.1175389438867569,1.3481340408325195,0.11754266917705536,1.3511979579925537,0.10999291390180588,1.3337666988372803,0.12352792173624039,1.3205699920654297,0.14971740543842316,1.3511868715286255,0.10999017208814621
41,1.3743200302124023,0.10485632717609406,1.374306559562683,0.10485219955444336,1.3685299158096313,0.10262085497379303,1.3822646141052246,0.09303037077188492,1.365561604499817,0.10036596655845642,1.368515133857727,0.10262437909841537
42,1.4008800983428955,0.11806061118841171,1.4008605480194092,0.11807309091091156,1.4291126728057861,0.11292973160743713,1.4309537410736084,0.11154000461101532,1.420332431793213,0.11967810243368149,1.4290940761566162,0.11293284595012665
43,1.4567153453826904,0.1564100980758667,1.4566959142684937,0.1563815027475357,1.4138531684875488,0.14084674417972565,1.3682925701141357,0.1493174135684967,1.342869520187378,0.1412765085697174,1.4138282537460327,0.14083996415138245
44,1.4398939609527588,0.13928312063217163,1.4398759603500366,0.13927412033081055,1.4047163724899292,0.13267940282821655,1.4140468835830688,0.12146034836769104,1.4198987483978271,0.11180827021598816,1.4047019481658936,0.13267561793327332
45,1.4611722230911255,0.13800299167633057,1.4611525535583496,0.1379956603050232,1.4425182342529297,0.14877967536449432,1.426071047782898,0.140973761677742,1.4824588298797607,0.1120675578713417,1.4424868822097778,0.14878058433532715
46,1.486069917678833,0.21182548999786377,1.4860451221466064,0.21179285645484924,1.419482946395874,0.14388281106948853,1.4599517583847046,0.16766588389873505,1.4485032558441162,0.16146697103977203,1.4194639921188354,0.14387744665145874
47,1.5477440357208252,0.17444202303886414,1.5477229356765747,0.17442263662815094,1.5466945171356201,0.16929519176483154,1.5120954513549805,0.17165915668010712,1.5117387771606445,0.1859389692544937,1.5466668605804443,0.1692865490913391
48,1.5659661293029785,0.1802813559770584,1.5659438371658325,0.18025311827659607,1.542712926864624,0.15609098970890045,1.5504918098449707,0.15230949223041534,1.5146740674972534,0.1829545944929123,1.5426877737045288,0.15608808398246765
49,1.5337576866149902,0.23351210355758667,1.5337252616882324,0.23347100615501404,1.4968554973602295,0.24688559770584106,1.4598286151885986,0.24975618720054626,1.4695841073989868,0.24059365689754486,1.4968328475952148,0.24686741828918457
50,1.479243278503418,0.12976689636707306,1.479211449623108,0.12976467609405518,1.4770615100860596,0.17984932661056519,1.475271463394165,0.18075555562973022,1.5327303409576416,0.17351561784744263,1.477043628692627,0.17984521389007568
51,1.5609222650527954,0.13690297305583954,1.5608861446380615,0.13690617680549622,1.5244721174240112,0.14600317180156708,1.5354397296905518,0.13220493495464325,1.5611860752105713,0.11160066723823547,1.524454116821289,0.14600837230682373
52,1.6251872777938843,0.1757936030626297,1.6251615285873413,0.17571549117565155,1.5770057439804077,0.13504767417907715,1.6047508716583252,0.13728897273540497,1.6155064105987549,0.12905080616474152,1.576984167098999,0.1350465565919876
53,1.6413837671279907,0.16778871417045593,1.6413618326187134,0.16781426966190338,1.5835332870483398,0.22641105949878693,1.565833330154419,0.21604463458061218,1.6127293109893799,0.1394231766462326,1.5835050344467163,0.22638967633247375
54,1.6440095901489258,0.13934965431690216,1.644004464149475,0.13933171331882477,1.6150976419448853,0.16184693574905396,1.6346032619476318,0.16853004693984985,1.6572961807250977,0.19344677031040192,1.6150754690170288,0.16184115409851074
55,1.6397066116333008,0.16253651678562164,1.6396939754486084,0.1624976545572281,1.6095771789550781,0.16918396949768066,1.6075694561004639,0.17169317603111267,1.6407026052474976,0.19246597588062286,1.6095554828643799,0.16919296979904175
56,1.5952249765396118,0.08613129705190659,1.5952064990997314,0.086159348487854,1.6230627298355103,0.0994139239192009,1.6219682693481445,0.10140392929315567,1.5773522853851318,0.1165790855884552,1.6230430603027344,0.0994236171245575
57,1.6136200428009033,0.1346847116947174,1.6136020421981812,0.1346427947282791,1.6394726037979126,0.13841533660888672,1.650641679763794,0.12749381363391876,1.6414238214492798,0.11955180019140244,1.6394579410552979,0.13842155039310455
58,1.651363730430603,0.1437600702047348,1.6513452529907227,0.14374303817749023,1.6084247827529907,0.1748051792383194,1.6531155109405518,0.18982496857643127,1.6942932605743408,0.1863090991973877,1.6084064245224,0.17481116950511932
59,1.740086317062378,0.25737085938453674,1.7400693893432617,0.25732025504112244,1.7186063528060913,0.241951122879982,1.6991811990737915,0.254594624042511,1.658544898033142,0.12679694592952728,1.718589425086975,0.24195106327533722
60,1.7355352640151978,0.2864331007003784,1.7355352640151978,0.2864125967025757,1.7185519933700562,0.30483096837997437,1.7372121810913086,0.28712955117225647,1.7168604135513306,0.26308220624923706,1.7185291051864624,0.3048366606235504
61,1.7614456415176392,0.18765120208263397,1.7614374160766602,0.18768523633480072,1.768354058265686,0.17083334922790527,1.755824327468872,0.18426033854484558,1.7882333993911743,0.18048934638500214,1.7683331966400146,0.17084062099456787
62,1.7570793628692627,0.2019166648387909,1.7570836544036865,0.2019445300102234,1.7112057209014893,0.18267448246479034,1.6700022220611572,0.1933220475912094,1.7083396911621094,0.21108418703079224,1.7111839056015015,0.182662695646286
63,1.8836147785186768,0.28513607382774353,1.883602499961853,0.28516241908073425,1.8966928720474243,0.2591429650783539,1.8915637731552124,0.26427188515663147,1.8456519842147827,0.309208482503891,1.896674394607544,0.2591397166252136
64,1.732293725013733,0.16799359023571014,1.7322847843170166,0.16797661781311035,1.7473361492156982,0.17591682076454163,1.754011869430542,0.16546939313411713,1.767997145652771,0.14296960830688477,1.747327446937561,0.17591921985149384
65,1.8546549081802368,0.23073835670948029,1.854654312133789,0.23068001866340637,1.7584724426269531,0.20576442778110504,1.7331645488739014,0.21633365750312805,1.8293781280517578,0.1991129070520401,1.7584521770477295,0.20575997233390808
66,1.7436292171478271,0.17125628888607025,1.743598222732544,0.17132233083248138,1.7345035076141357,0.18595093488693237,1.7219425439834595,0.1848520189523697,1.7229955196380615,0.20721586048603058,1.7344881296157837,0.18594591319561005
67,1.6853498220443726,0.23254095017910004,1.6853103637695312,0.23263557255268097,1.714978814125061,0.21434743702411652,1.7024660110473633,0.22790001332759857,1.57793128490448,0.17421303689479828,1.7149569988250732,0.21435607969760895
68,1.6609792709350586,0.20510196685791016,1.660935640335083,0.20507468283176422,1.6504840850830078,0.20896759629249573,1.6156375408172607,0.1935451179742813,1.6632306575775146,0.15948601067066193,1.6504634618759155,0.20894965529441833
69,1.8713983297348022,0.1944725662469864,1.8713433742523193,0.19450809061527252,1.8348472118377686,0.21978554129600525,1.8269802331924438,0.21785257756710052,1.8498893976211548,0.24015730619430542,1.834829330444336,0.21978026628494263
70,1.8844139575958252,0.22988511621952057,1.8843446969985962,0.22982636094093323,1.8557058572769165,0.3625178635120392,1.8145942687988281,0.3850131034851074,1.7610485553741455,0.2806486189365387,1.8556770086288452,0.3625240623950958
71,1.7094920873641968,0.14031890034675598,1.70940363407135,0.14038227498531342,1.6360622644424438,0.16752010583877563,1.6378740072250366,0.16744276881217957,1.6664025783538818,0.17201218008995056,1.636048674583435,0.16752412915229797
72,1.8704763650894165,0.23248134553432465,1.8704099655151367,0.23233966529369354,1.7860095500946045,0.2009759545326233,1.7834432125091553,0.20181970298290253,1.7752606868743896,0.21159693598747253,1.7859933376312256,0.20097999274730682
73,1.7307878732681274,0.26890623569488525,1.7307307720184326,0.26890644431114197,1.6678653955459595,0.27866339683532715,1.6516262292861938,0.3022584915161133,1.801717758178711,0.22354795038700104,1.66786789894104,0.2786492705345154
74,1.7056143283843994,0.21649599075317383,1.7055385112762451,0.21660573780536652,1.7326490879058838,0.23111888766288757,1.708620309829712,0.2660992443561554,1.7495996952056885,0.27757593989372253,1.7326345443725586,0.23111210763454437
75,1.8276628255844116,0.14934022724628448,1.8276393413543701,0.14934344589710236,1.7060225009918213,0.23276449739933014,1.7650277614593506,0.20472711324691772,1.6774272918701172,0.17276839911937714,1.7059643268585205,0.23278239369392395
76,1.7356722354888916,0.2357281595468521,1.7356122732162476,0.23577582836151123,1.7604484558105469,0.2230704426765442,1.7482153177261353,0.21607892215251923,1.8259804248809814,0.23479172587394714,1.7604373693466187,0.22305656969547272
77,1.8846622705459595,0.29121533036231995,1.884577989578247,0.2910540699958801,1.8310234546661377,0.194105863571167,1.8130782842636108,0.23064108192920685,1.7886841297149658,0.17092959582805634,1.8310155868530273,0.19409891963005066
78,1.7399412393569946,0.20541076362133026,1.7398487329483032,0.2054729461669922,1.7063782215118408,0.187783345580101,1.702398657798767,0.2010728418827057,1.750178575515747,0.22681914269924164,1.7063748836517334,0.18778789043426514
79,1.877677321434021,0.29830044507980347,1.877605676651001,0.29835405945777893,1.776043176651001,0.26999130845069885,1.7554137706756592,0.28549328446388245,1.7445100545883179,0.16190023720264435,1.7760359048843384,0.26999542117118835
80,1.836498498916626,0.21371902525424957,1.836421251296997,0.213782399892807,1.787898302078247,0.2638736367225647,1.7646572589874268,0.2800132632255554,1.7937476634979248,0.3676696717739105,1.787888765335083,0.2638663649559021
81,1.8923397064208984,0.23948965966701508,1.892282485961914,0.23945707082748413,1.7884066104888916,0.2466590404510498,1.7544149160385132,0.26117655634880066,1.8084436655044556,0.25291088223457336,1.7883861064910889,0.24663908779621124
82,1.8167349100112915,0.2561958134174347,1.8166701793670654,0.2561543583869934,1.8286670446395874,0.19717416167259216,1.7559713125228882,0.19116897881031036,1.8010063171386719,0.23205940425395966,1.8286397457122803,0.19712403416633606
83,1.7944600582122803,0.16558599472045898,1.7943832874298096,0.1655881553888321,1.7215244770050049,0.20835740864276886,1.7004432678222656,0.2458530217409134,1.7515408992767334,0.2648783028125763,1.7214971780776978,0.20835767686367035
84,1.7014684677124023,0.16906502842903137,1.7013607025146484,0.1690794676542282,1.6842167377471924,0.219185009598732,1.6713718175888062,0.25714558362960815,1.753058671951294,0.1715799868106842,1.6841917037963867,0.2191934734582901
85,1.8477020263671875,0.1728958636522293,1.8476711511611938,0.17289234697818756,1.7675964832305908,0.28346753120422363,1.8123905658721924,0.19980388879776,1.7908926010131836,0.25192445516586304,1.7675586938858032,0.2834649085998535
86,1.8155384063720703,0.27975183725357056,1.815513253211975,0.27979353070259094,1.7783523797988892,0.22573988139629364,1.7576894760131836,0.22686639428138733,1.7766273021697998,0.2576301693916321,1.7783275842666626,0.22579887509346008
87,1.7213417291641235,0.18064743280410767,1.7211201190948486,0.1804712414741516,1.8383281230926514,0.3340893089771271,1.8299140930175781,0.3661237359046936,1.8267955780029297,0.19598595798015594,1.8383022546768188,0.33410632610321045
88,1.771868109703064,0.18412362039089203,1.7717020511627197,0.18415917456150055,1.7620365619659424,0.20268771052360535,1.7745904922485352,0.1122831329703331,1.7398097515106201,0.16938282549381256,1.7620108127593994,0.2026439607143402
89,1.9508056640625,0.27943894267082214,1.9504808187484741,0.2793492078781128,1.8619987964630127,0.3336893916130066,1.8952869176864624,0.28994086384773254,1.8366763591766357,0.22842325270175934,1.8619709014892578,0.3337055742740631
90,1.7586349248886108,0.2655397653579712,1.7584588527679443,0.26557397842407227,1.7337276935577393,0.2807638347148895,1.8013166189193726,0.24065664410591125,1.8377790451049805,0.17313413321971893,1.7336972951889038,0.2807401716709137
91,1.7114896774291992,0.1764596700668335,1.71128249168396,0.176223486661911,1.6709458827972412,0.18113785982131958,1.666041374206543,0.14893560111522675,1.6591122150421143,0.0887775719165802,1.6709215641021729,0.18110871315002441
92,1.8122907876968384,0.23710469901561737,1.8121362924575806,0.23687347769737244,1.8068441152572632,0.20728841423988342,1.7611258029937744,0.22892679274082184,1.7458314895629883,0.23099538683891296,1.8068243265151978,0.20729932188987732
93,1.7515166997909546,0.31770530343055725,1.7513538599014282,0.3175588846206665,1.6913789510726929,0.32047566771507263,1.8161643743515015,0.2902778685092926,1.7499020099639893,0.31801894307136536,1.6913725137710571,0.32046669721603394
94,1.8544340133666992,0.24170111119747162,1.854400396347046,0.24167028069496155,1.855786681175232,0.3379148542881012,1.8402849435806274,0.3047336935997009,1.6995849609375,0.2102716565132141,1.8557822704315186,0.3378945589065552
95,1.6290380954742432,0.18027153611183167,1.6290178298950195,0.1802392303943634,1.6984186172485352,0.19932951033115387,1.6831681728363037,0.21568897366523743,1.7838108539581299,0.1620890349149704,1.6984078884124756,0.19931891560554504
96,1.8754642009735107,0.2729016840457916,1.875332236289978,0.2729668915271759,1.7931125164031982,0.18789799511432648,1.7571375370025635,0.15700672566890717,1.6464786529541016,0.18522123992443085,1.7931054830551147,0.1878749281167984
97,1.7263402938842773,0.2800396680831909,1.7263062000274658,0.2799707353115082,1.7360661029815674,0.26540905237197876,1.671468734741211,0.21712489426136017,1.6638164520263672,0.28597667813301086,1.7360607385635376,0.26538822054862976
98,1.75064218044281,0.2909674644470215,1.7505738735198975,0.29090192914009094,1.9083677530288696,0.24715285003185272,1.8845793008804321,0.25576499104499817,1.7845633029937744,0.21165545284748077,1.9083671569824219,0.24715593457221985
99,1.8328250646591187,0.2755860984325409,1.8327096700668335,0.27566060423851013,1.8511375188827515,0.2509394884109497,1.8674228191375732,0.23977048695087433,1.6850197315216064,0.32421040534973145,1.851149559020996,0.25095537304878235
100,1.748152732849121,0.22533589601516724,1.7480577230453491,0.22541160881519318,1.7462621927261353,0.23300586640834808,1.7552602291107178,0.24219806492328644,1.764378309249878,0.26536738872528076,1.7462670803070068,0.23300801217556
101,1.6677974462509155,0.24991479516029358,1.6677525043487549,0.24988125264644623,1.6995084285736084,0.23514796793460846,1.7146793603897095,0.24086880683898926,1.7396013736724854,0.22304080426692963,1.6995270252227783,0.23514367640018463
102,1.7944605350494385,0.1350635141134262,1.794351577758789,0.13506098091602325,1.7707903385162354,0.2024451047182083,1.777504563331604,0.23484332859516144,1.6030460596084595,0.20174528658390045,1.7707931995391846,0.20241613686084747
103,1.6949291229248047,0.3104945421218872,1.6948497295379639,0.31048667430877686,1.6372274160385132,0.3246976137161255,1.6475673913955688,0.23720522224903107,1.4965746402740479,0.3158407211303711,1.637233018875122,0.3246912956237793
104,1.8006103038787842,0.3033537268638611,1.800506591796875,0.3034452497959137,1.7455161809921265,0.26612281799316406,1.7557655572891235,0.24260394275188446,1.6976474523544312,0.2823914587497711,1.7455323934555054,0.2661106288433075
105,1.739614486694336,0.275065153837204,1.7396576404571533,0.27487316727638245,1.7936904430389404,0.2771182358264923,1.754490613937378,0.29221418499946594,1.6677675247192383,0.20210805535316467,1.794867753982544,0.2780037820339203
106,1.5723851919174194,0.25011497735977173,1.5723848342895508,0.2500171959400177,1.6497722864151,0.2917332053184509,1.7359834909439087,0.307852178812027,1.7194840908050537,0.2233426421880722,1.6497576236724854,0.29174748063087463
107,1.7164065837860107,0.2565324604511261,1.7163130044937134,0.2563614845275879,1.7469838857650757,0.2048824429512024,1.791195273399353,0.20558111369609833,1.684197187423706,0.21793772280216217,1.7469104528427124,0.2047727108001709
108,1.6396211385726929,0.1856866180896759,1.6395511627197266,0.18556688725948334,1.655214548110962,0.28862276673316956,1.766959547996521,0.21198685467243195,1.6144731044769287,0.2545478940010071,1.6551955938339233,0.2887277603149414
109,1.6116163730621338,0.24552252888679504,1.611467957496643,0.24543572962284088,1.7063214778900146,0.1779535710811615,1.7113752365112305,0.20685935020446777,1.7181097269058228,0.22211256623268127,1.6625659465789795,0.23736615478992462
110,1.7297874689102173,0.20739921927452087,1.727922797203064,0.21006394922733307,1.836546540260315,0.31913357973098755,1.7528002262115479,0.33664414286613464,1.688228964805603,0.2563866376876831,1.8517563343048096,0.3128356337547302
111,1.8086131811141968,0.21519076824188232,1.8085235357284546,0.21498103439807892,1.7691484689712524,0.20419347286224365,1.7463886737823486,0.22372858226299286,1.6084091663360596,0.2025577574968338,1.761824607849121,0.2020554542541504
112,1.633035659790039,0.2763339877128601,1.6329782009124756,0.27622535824775696,1.555222988128662,0.2176203727722168,1.5633800029754639,0.1467796117067337,1.6526857614517212,0.3926801085472107,1.5349526405334473,0.18982204794883728
113,1.6664797067642212,0.17759285867214203,1.6664756536483765,0.17755068838596344,1.735527753829956,0.2107456773519516,1.7458473443984985,0.257286012172699,1.762641191482544,0.24490852653980255,1.7241697311401367,0.21201768517494202
114,1.5991182327270508,0.17075364291667938,1.5991251468658447,0.17085818946361542,1.71354079246521,0.2191806584596634,1.7289870977401733,0.23670856654644012,1.662581205368042,0.2454778403043747,1.6771109104156494,0.20759133994579315
115,1.7135894298553467,0.20386721193790436,1.7135093212127686,0.20387670397758484,1.5873582363128662,0.17123350501060486,1.6385647058486938,0.197057843208313,1.6214351654052734,0.25031083822250366,1.591376781463623,0.17520242929458618
116,1.6637862920761108,0.26499661803245544,1.6636756658554077,0.265016108751297,1.551116704940796,0.32861173152923584,1.6890844106674194,0.41554123163223267,1.7035865783691406,0.28921040892601013,1.522668719291687,0.31053605675697327
117,1.5600714683532715,0.2801993489265442,1.5600024461746216,0.2799583971500397,1.669857382774353,0.27001261711120605,1.748732328414917,0.34393563866615295,1.5422041416168213,0.27894163131713867,1.6550805568695068,0.2772999703884125
118,1.5267919301986694,0.21665750443935394,1.5267627239227295,0.21647639572620392,1.5818427801132202,0.30395805835723877,1.7707140445709229,0.4818159341812134,1.5807832479476929,0.2977994382381439,1.6059547662734985,0.2860511541366577
119,1.6038000583648682,0.2620893716812134,1.6037238836288452,0.2619229853153229,1.6879518032073975,0.29767757654190063,1.789078950881958,0.3196052014827728,1.691025733947754,0.2724800705909729,1.7021509408950806,0.29355207085609436
120,1.5802655220031738,0.23828625679016113,1.580214262008667,0.23802252113819122,1.6737200021743774,0.2873239815235138,1.663867712020874,0.29855772852897644,1.5021710395812988,0.24824270606040955,1.660341501235962,0.2888267934322357
121,1.5665066242218018,0.14368636906147003,1.5665277242660522,0.14339396357536316,1.5535240173339844,0.16877654194831848,1.7197202444076538,0.34964719414711,1.6738942861557007,0.2412470579147339,1.5509960651397705,0.1719036102294922
122,1.402003526687622,0.25767436623573303,1.4020774364471436,0.25778111815452576,1.6006234884262085,0.28714948892593384,1.8306516408920288,0.5002724528312683,1.6125640869140625,0.28089046478271484,1.6301536560058594,0.2628245949745178
123,1.422168254852295,0.24271515011787415,1.4220662117004395,0.2426767796278,1.5518544912338257,0.2900746166706085,1.770073652267456,0.4883245527744293,1.677050232887268,0.388692170381546,1.5902639627456665,0.2546274662017822
124,1.4137545824050903,0.18072782456874847,1.4137247800827026,0.18061673641204834,1.5808531045913696,0.34832632541656494,1.6260398626327515,0.294476181268692,1.6284847259521484,0.26188674569129944,1.594491958618164,0.3346925973892212
125,1.3606226444244385,0.23238417506217957,1.3607406616210938,0.2319539338350296,1.4452215433120728,0.3288801312446594,1.4509789943695068,0.32479235529899597,1.5108039379119873,0.18924272060394287,1.4573633670806885,0.3379475474357605
126,1.6843392848968506,0.3643992245197296,1.6200692653656006,0.27485379576683044,1.4983680248260498,0.2854757606983185,1.6075084209442139,0.3420233130455017,1.5297436714172363,0.3223075866699219,1.5660537481307983,0.28196659684181213
127,1.486694097518921,0.3201996386051178,1.3895652294158936,0.2481057494878769,1.5010008811950684,0.424030065536499,1.5317853689193726,0.37602314352989197,1.5267372131347656,0.2844747006893158,1.5234222412109375,0.4062408208847046
128,1.4719901084899902,0.16915300488471985,1.4361286163330078,0.2027396410703659,1.6396859884262085,0.3255755305290222,1.7571592330932617,0.4556683599948883,1.5234582424163818,0.34055155515670776,1.6020933389663696,0.34818628430366516
129,1.4166982173919678,0.2634809613227844,1.4118602275848389,0.2654673457145691,1.3541303873062134,0.18394699692726135,1.5471174716949463,0.49021634459495544,1.4843895435333252,0.24367091059684753,1.3695372343063354,0.20378097891807556
130,1.2920327186584473,0.22409702837467194,1.377379059791565,0.267845094203949,1.436014175415039,0.23347634077072144,1.5480506420135498,0.33271628618240356,1.5693126916885376,0.3762878179550171,1.4563190937042236,0.24128922820091248
131,1.465104103088379,0.2632974684238434,1.3789846897125244,0.19465574622154236,1.498587727546692,0.3622052073478699,1.5022923946380615,0.41741475462913513,1.5001919269561768,0.3488982319831848,1.4706997871398926,0.3442268669605255
132,1.3827389478683472,0.19713427126407623,1.3775476217269897,0.19412069022655487,1.3719528913497925,0.3640468716621399,1.580271601676941,0.47310715913772583,1.4623360633850098,0.2689284682273865,1.398306131362915,0.3687397539615631
133,1.4703668355941772,0.17114809155464172,1.4465388059616089,0.176531583070755,1.6355056762695312,0.4982815384864807,1.676059365272522,0.5003176331520081,1.6240469217300415,0.45987480878829956,1.6339778900146484,0.49881911277770996
134,1.3621792793273926,0.19686506688594818,1.3068397045135498,0.20744971930980682,1.5078246593475342,0.4345298707485199,1.5977613925933838,0.4715840518474579,1.4570409059524536,0.28750261664390564,1.5195591449737549,0.43004944920539856
135,1.4660190343856812,0.3620865046977997,1.3961490392684937,0.33125919103622437,1.5647512674331665,0.528433620929718,1.6387370824813843,0.5910125374794006,1.3712531328201294,0.2897051274776459,1.4923593997955322,0.5023651123046875
136,1.4449751377105713,0.3224164545536041,1.498267412185669,0.2975657880306244,1.7991597652435303,0.8221485018730164,1.8572466373443604,0.8095822930335999,1.482147216796875,0.27275922894477844,1.699073076248169,0.8040758967399597
137,1.475288987159729,0.43719953298568726,1.3801206350326538,0.2906954884529114,1.5096392631530762,0.3211210072040558,1.5846025943756104,0.4644303619861603,1.521116018295288,0.28975576162338257,1.525012493133545,0.35149723291397095
138,1.464686632156372,0.2140507698059082,1.5433346033096313,0.32061973214149475,1.6010313034057617,0.40641799569129944,1.6815382242202759,0.5134149789810181,1.4970427751541138,0.35279926657676697,1.6802486181259155,0.43412092328071594
139,1.433838963508606,0.21281404793262482,1.401928186416626,0.2186717987060547,1.699824333190918,0.5453596115112305,1.7676489353179932,0.6202894449234009,1.500144362449646,0.3159927427768707,1.6797733306884766,0.5271228551864624
140,1.410638451576233,0.25743287801742554,1.4003596305847168,0.2655537724494934,1.4471765756607056,0.2480066567659378,1.5307891368865967,0.316459059715271,1.6066064834594727,0.38958990573883057,1.4511250257492065,0.2547484040260315
141,1.5076351165771484,0.3451070189476013,1.4320287704467773,0.24666331708431244,1.4695502519607544,0.3569587767124176,1.5347473621368408,0.4903925955295563,1.567852258682251,0.2999390661716461,1.3916751146316528,0.29187828302383423
142,1.3962900638580322,0.20499694347381592,1.411574125289917,0.15556880831718445,1.4003775119781494,0.24277609586715698,1.4127776622772217,0.29661238193511963,1.3903167247772217,0.35798293352127075,1.3737386465072632,0.20437286794185638
143,1.3259873390197754,0.20756804943084717,1.3497862815856934,0.16066138446331024,1.5165393352508545,0.36905062198638916,1.5664206743240356,0.46208685636520386,1.445106863975525,0.2752978205680847,1.5147242546081543,0.3653385639190674
144,1.319049596786499,0.33023637533187866,1.2669585943222046,0.2954603135585785,1.4279078245162964,0.3186594247817993,1.4712527990341187,0.3071688413619995,1.6297979354858398,0.4303833842277527,1.4875741004943848,0.31800898909568787
145,1.5500075817108154,0.2789774537086487,1.3905242681503296,0.34118154644966125,1.6010347604751587,0.3589056134223938,1.5667037963867188,0.4003872275352478,1.5279005765914917,0.2762138247489929,1.6293058395385742,0.35572391748428345
146,1.4122945070266724,0.2123945951461792,1.3455142974853516,0.16034391522407532,1.3895143270492554,0.23787643015384674,1.4511500597000122,0.3831751048564911,1.6332288980484009,0.4982917904853821,1.4113271236419678,0.26643097400665283
147,1.3169314861297607,0.2663143575191498,1.385606050491333,0.42525580525398254,1.4332298040390015,0.30498069524765015,1.4985463619232178,0.34051477909088135,1.5123441219329834,0.4832272529602051,1.4267785549163818,0.299821138381958
148,1.4546847343444824,0.3850686848163605,1.3924330472946167,0.2877791225910187,1.524522304534912,0.3566465377807617,1.5647002458572388,0.40027716755867004,1.4626991748809814,0.3624851107597351,1.547873854637146,0.4003497064113617
149,1.5364478826522827,0.3774268329143524,1.411691427230835,0.1660238355398178,1.4978549480438232,0.31273818016052246,1.4904299974441528,0.3415631949901581,1.62680184841156,0.39636850357055664,1.5336180925369263,0.3468646705150604
150,1.4206024408340454,0.1701260656118393,1.373051643371582,0.15783368051052094,1.4640390872955322,0.29245591163635254,1.5667378902435303,0.3657049238681793,1.4925134181976318,0.24639469385147095,1.4460866451263428,0.27701082825660706
151,1.3533958196640015,0.14860191941261292,1.428726315498352,0.4624444246292114,1.5730198621749878,0.2301703840494156,1.638938546180725,0.3534228205680847,1.4898484945297241,0.3036845028400421,1.5986242294311523,0.28233686089515686
152,1.5509908199310303,0.21142137050628662,1.5596156120300293,0.25316211581230164,1.4289436340332031,0.3060035705566406,1.4349194765090942,0.2667098939418793,1.5835100412368774,0.36442831158638,1.4414432048797607,0.3369807302951813
153,1.4046821594238281,0.25222575664520264,1.3511970043182373,0.132895365357399,1.4791922569274902,0.3301296532154083,1.6476463079452515,0.4285656213760376,1.4342868328094482,0.3078569769859314,1.4908246994018555,0.3272594213485718
154,1.2700955867767334,0.18654993176460266,1.3699946403503418,0.325971394777298,1.5651212930679321,0.4719558656215668,1.5645735263824463,0.45425429940223694,1.430796504020691,0.3164042830467224,1.531312108039856,0.42115768790245056
155,1.3608167171478271,0.25902459025382996,1.4377845525741577,0.4478364586830139,1.4350253343582153,0.30821627378463745,1.4529402256011963,0.2823563814163208,1.6297250986099243,0.4396962821483612,1.4545642137527466,0.32963287830352783
156,1.5894200801849365,0.5907673835754395,1.5373750925064087,0.3612658381462097,1.5241607427597046,0.4139579236507416,1.628522515296936,0.4426537752151489,1.5711358785629272,0.2848508059978485,1.57516610622406,0.407553493976593
157,1.4476096630096436,0.26958325505256653,1.4101476669311523,0.30811646580696106,1.441937804222107,0.3247772455215454,1.5405572652816772,0.4136034846305847,1.545913577079773,0.5068214535713196,1.4668052196502686,0.34284108877182007
158,1.6009912490844727,0.338265985250473,1.5882060527801514,0.32945355772972107,1.6066268682479858,0.39587104320526123,1.7178308963775635,0.4313003718852997,1.4894895553588867,0.28610825538635254,1.7346580028533936,0.47565382719039917
159,1.5382063388824463,0.35242053866386414,1.4966764450073242,0.23455679416656494,1.5371910333633423,0.5558308362960815,1.6313937902450562,0.5853633880615234,1.6835778951644897,0.38138580322265625,1.5723435878753662,0.5542299151420593
160,1.4910621643066406,0.2985323369503021,1.5018665790557861,0.3321390450000763,1.3845009803771973,0.2999096214771271,1.5756957530975342,0.3793850541114807,1.6662527322769165,0.6541810035705566,1.5216419696807861,0.4174652397632599
161,1.5444082021713257,0.3970855176448822,1.5846059322357178,0.33508792519569397,1.6253105401992798,0.390042781829834,1.577946662902832,0.42577749490737915,1.5286740064620972,0.32554033398628235,1.5868452787399292,0.4544118344783783
162,1.561208963394165,0.32613787055015564,1.5115691423416138,0.15271420776844025,1.5835011005401611,0.33041030168533325,1.553715467453003,0.276388555765152,1.5598798990249634,0.433631032705307,1.5677112340927124,0.28784865140914917
163,1.35635244846344,0.20089761912822723,1.4603745937347412,0.23575648665428162,1.617727518081665,0.41475939750671387,1.8800668716430664,0.498022198677063,1.7747619152069092,0.5053409337997437,1.7042644023895264,0.401302307844162
164,1.6430940628051758,0.6186910271644592,1.6186097860336304,0.6355096697807312,1.6927982568740845,0.5495217442512512,1.672634482383728,0.5471333861351013,1.6436989307403564,0.41160649061203003,1.6436498165130615,0.5242765545845032
165,1.4787914752960205,0.30166855454444885,1.4612549543380737,0.2881928086280823,1.630011796951294,0.3956499695777893,1.5824624300003052,0.38318270444869995,1.5649998188018799,0.36595192551612854,1.5718902349472046,0.46083223819732666
166,1.612034797668457,0.4389171600341797,1.5116180181503296,0.36516985297203064,1.696218729019165,0.3984743654727936,1.6920413970947266,0.47018754482269287,1.734593152999878,0.44530510902404785,1.6556904315948486,0.3771056532859802
167,1.5129724740982056,0.3351985514163971,1.4868332147598267,0.32834741473197937,1.604707956314087,0.3694745898246765,1.5621954202651978,0.33270612359046936,1.6631196737289429,0.4955868422985077,1.5626572370529175,0.3452869951725006
168,1.4303085803985596,0.2219601422548294,1.4625275135040283,0.3508438467979431,1.5726295709609985,0.3976424038410187,1.5376017093658447,0.4586922526359558,1.6760222911834717,0.37482690811157227,1.6459509134292603,0.40038278698921204
169,1.476715087890625,0.3065762519836426,1.5708534717559814,0.3227546811103821,1.6343612670898438,0.4966100752353668,1.5689765214920044,0.47229018807411194,1.649774193763733,0.6118731498718262,1.5791542530059814,0.521935224533081
170,1.4725053310394287,0.23241303861141205,1.4551562070846558,0.21729063987731934,1.6746952533721924,0.5684875845909119,1.5617724657058716,0.5653385519981384,1.5823650360107422,0.2668199837207794,1.5588016510009766,0.5765463709831238
171,1.7643409967422485,0.5824447274208069,1.7650495767593384,0.5870572924613953,1.498464822769165,0.3244858682155609,1.523698329925537,0.3826252520084381,1.5911387205123901,0.3338918387889862,1.4058740139007568,0.32260221242904663
172,1.6173661947250366,0.34918347001075745,1.670026183128357,0.3963969349861145,1.5445666313171387,0.32407116889953613,1.6600412130355835,0.2714264392852783,1.7063839435577393,0.3595929443836212,1.5810966491699219,0.29281553626060486
173,1.5624969005584717,0.32361531257629395,1.550905704498291,0.3502514958381653,1.6548473834991455,0.5741040110588074,1.6151094436645508,0.5484824180603027,1.722861886024475,0.3570440709590912,1.6166807413101196,0.4729764759540558
174,1.6169703006744385,0.3723510205745697,1.594256043434143,0.39895978569984436,1.5185699462890625,0.3214097321033478,1.522822618484497,0.3736627995967865,1.7193790674209595,0.5702730417251587,1.6164833307266235,0.2915744185447693
175,1.557564377784729,0.33514130115509033,1.438591718673706,0.2563679814338684,1.5083773136138916,0.3046974539756775,1.5306318998336792,0.2154172956943512,1.6747547388076782,0.5957860350608826,1.5577805042266846,0.32818639278411865
176,1.5490871667861938,0.4297519624233246,1.7572650909423828,0.5209546685218811,1.7134952545166016,0.37826770544052124,1.7320600748062134,0.4443788230419159,1.7167797088623047,0.42620912194252014,1.6351979970932007,0.28904613852500916
177,1.6654084920883179,0.4428520202636719,1.6810636520385742,0.5263612866401672,1.4685070514678955,0.3956524133682251,1.3687368631362915,0.32637882232666016,1.5146347284317017,0.4276372492313385,1.5422414541244507,0.3002527058124542
178,1.650438904762268,0.381110280752182,1.542428970336914,0.3739762306213379,1.641479253768921,0.5187012553215027,1.5448734760284424,0.2887950539588928,1.5511099100112915,0.2982405722141266,1.5971676111221313,0.32062262296676636
179,1.6530879735946655,0.513768196105957,1.591602087020874,0.37935230135917664,1.7433881759643555,0.41047143936157227,1.733900785446167,0.5037683844566345,1.7681623697280884,0.46804970502853394,1.7695820331573486,0.5299876928329468
180,1.52642822265625,0.2772666811943054,1.7448673248291016,0.44612932205200195,1.724840521812439,0.5413017272949219,1.6778850555419922,0.4246368110179901,1.5994932651519775,0.3874211311340332,1.686336874961853,0.5189045071601868
181,1.552702784538269,0.539132833480835,1.7098214626312256,0.5706650614738464,1.6646808385849,0.44917839765548706,1.7307357788085938,0.5197600722312927,1.4529696702957153,0.3648410141468048,1.7115533351898193,0.5203325748443604
182,1.7196887731552124,0.34409186244010925,1.6937843561172485,0.3763885498046875,1.6993881464004517,0.5537872314453125,1.624691367149353,0.5058977007865906,1.4964925050735474,0.3904554843902588,1.7423286437988281,0.5615648627281189
183,1.6985156536102295,0.3857983648777008,1.5538990497589111,0.37114110589027405,1.770421028137207,0.328692764043808,1.6840308904647827,0.4083971381187439,1.8237407207489014,0.6084812879562378,1.7001835107803345,0.3801478445529938
184,1.7029798030853271,0.44519728422164917,1.663612961769104,0.3823601007461548,1.6365525722503662,0.2998519241809845,1.619121789932251,0.3458136022090912,1.640720009803772,0.3322109580039978,1.5910923480987549,0.3115980327129364
185,1.8168258666992188,0.7434366345405579,1.934981107711792,0.7263718247413635,1.5691167116165161,0.3216765224933624,1.4754669666290283,0.35017451643943787,1.5855441093444824,0.31202754378318787,1.4903992414474487,0.32063835859298706
186,1.591506004333496,0.49822187423706055,1.7271597385406494,0.41307780146598816,1.7858896255493164,0.6097823977470398,1.6430622339248657,0.23928821086883545,1.6854565143585205,0.6777850389480591,1.7518713474273682,0.34846657514572144
187,1.6440833806991577,0.47783562541007996,1.5690361261367798,0.5448132753372192,1.579436182975769,0.4963953495025635,1.493822455406189,0.45635730028152466,1.7924903631210327,0.48983466625213623,1.5555720329284668,0.49758180975914
188,1.7193721532821655,0.38049763441085815,1.6103553771972656,0.4723488986492157,1.9931942224502563,0.7358800768852234,1.8323447704315186,0.7445350289344788,1.6236302852630615,0.4968361258506775,1.7971470355987549,0.7396760582923889
189,1.9155442714691162,0.42221781611442566,1.7026031017303467,0.411394327878952,1.4138902425765991,0.35495778918266296,1.3583604097366333,0.25397974252700806,1.680011510848999,0.3693462312221527,1.4735733270645142,0.41175341606140137
190,1.880100965499878,0.14443747699260712,1.7656948566436768,0.3552263379096985,1.7356102466583252,0.46471405029296875,1.7129428386688232,0.3738425672054291,1.5932785272598267,0.37311771512031555,1.8037195205688477,0.5465107560157776
191,1.9091854095458984,0.5772042274475098,1.8264802694320679,0.6037271618843079,1.7726223468780518,0.21504604816436768,1.713479995727539,0.35099244117736816,1.7001259326934814,0.27044111490249634,1.6638984680175781,0.23537404835224152
192,1.7412763833999634,0.6992533802986145,1.8156681060791016,0.6785641312599182,1.5989160537719727,0.4602920413017273,1.591330885887146,0.42852190136909485,1.7620201110839844,0.5812861919403076,1.6988357305526733,0.581078290939331
193,1.631697416305542,0.3683699667453766,1.7056137323379517,0.4788431227207184,1.6712062358856201,0.5940823554992676,1.3883321285247803,0.4265614151954651,1.607720971107483,0.5062813758850098,1.664549469947815,0.45141682028770447
194,1.5722378492355347,0.4291978180408478,1.5936864614486694,0.5122228860855103,1.674978494644165,0.23966896533966064,1.5550376176834106,0.2616807520389557,1.8666694164276123,0.5273748636245728,1.669402837753296,0.1731138825416565
195,1.7779508829116821,0.5163323879241943,1.741161584854126,0.5239405035972595,1.7643142938613892,0.2713584303855896,1.6507257223129272,0.37542685866355896,1.7050998210906982,0.45980846881866455,1.9148679971694946,0.39558669924736023
196,1.818507432937622,0.2744100093841553,1.6644506454467773,0.32672762870788574,1.736463189125061,0.3426164984703064,1.6767269372940063,0.35255011916160583,1.669498085975647,0.5388382077217102,1.766996145248413,0.42395859956741333
197,1.6493431329727173,0.5159498453140259,1.6937116384506226,0.4369700253009796,1.6134498119354248,0.524421215057373,1.6005195379257202,0.5362340807914734,1.4969079494476318,0.33382073044776917,1.7034966945648193,0.5833075642585754
198,1.5551515817642212,0.2992796301841736,1.6206061840057373,0.3421953022480011,1.7250969409942627,0.4057275354862213,1.6410385370254517,0.47578319907188416,1.6131370067596436,0.5436069369316101,1.5729882717132568,0.37524116039276123
199,1.5641881227493286,0.4656733274459839,1.7395588159561157,0.4523466229438782,1.6010868549346924,0.355859637260437,1.6269700527191162,0.3769114911556244,1.6394338607788086,0.27144965529441833,1.6820497512817383,0.33843794465065
200,1.514899492263794,0.4089638888835907,1.695845365524292,0.5449240803718567,1.7327888011932373,0.46382859349250793,1.6209818124771118,0.4111889898777008,1.76485276222229,0.37784990668296814,1.8482592105865479,0.5015689134597778
201,1.5398982763290405,0.3423033654689789,1.831376075744629,0.41257205605506897,1.8052343130111694,0.3969578146934509,1.719101905822754,0.4274890720844269,1.8524940013885498,0.5117782354354858,1.7457748651504517,0.3502025902271271
202,1.5619463920593262,0.20506234467029572,1.381237268447876,0.41271916031837463,1.4468656778335571,0.3392854332923889,1.6517845392227173,0.4073806703090668,1.6041431427001953,0.41890445351600647,1.7520477771759033,0.39886724948883057
203,1.4963232278823853,0.5094829201698303,1.6056852340698242,0.3730948865413666,1.502511739730835,0.318837434053421,1.5550336837768555,0.43164998292922974,1.6478097438812256,0.337877094745636,1.541609764099121,0.29197195172309875
204,1.5982372760772705,0.42940983176231384,1.667237639427185,0.45416393876075745,1.7692744731903076,0.4885824918746948,1.565436601638794,0.48782116174697876,1.5711696147918701,0.37863585352897644,1.676917314529419,0.5228806138038635
205,1.551679253578186,0.3560020327568054,1.6673476696014404,0.39630255103111267,1.7266117334365845,0.30098363757133484,1.6038281917572021,0.3301100432872772,1.705657958984375,0.23843981325626373,1.658937692642212,0.43886637687683105
206,1.7269998788833618,0.4581737518310547,1.7082340717315674,0.5413205027580261,1.4559247493743896,0.4099644124507904,1.354477882385254,0.3195255994796753,1.6913591623306274,0.4869517683982849,1.4423179626464844,0.3577244281768799
207,1.5440237522125244,0.3483352065086365,1.450583577156067,0.41481053829193115,1.7265117168426514,0.35711434483528137,1.7513492107391357,0.4083446264266968,1.7137750387191772,0.41015753149986267,1.755578637123108,0.31906387209892273
208,1.7848327159881592,0.44761380553245544,1.600842833518982,0.43311837315559387,1.5686753988265991,0.44352564215660095,1.7473180294036865,0.4947231709957123,1.366153359413147,0.2715868651866913,1.8339488506317139,0.5051018595695496
209,1.534376859664917,0.42400920391082764,1.5408118963241577,0.4396169185638428,1.7289435863494873,0.4550175666809082,1.627471685409546,0.37502795457839966,1.699121117591858,0.37193360924720764,1.8803189992904663,0.4866196811199188
210,1.6205756664276123,0.4013173282146454,1.5071706771850586,0.44297918677330017,1.8663074970245361,0.6331315040588379,1.7826182842254639,0.5961130261421204,1.6260290145874023,0.45380911231040955,1.8977712392807007,0.5138326287269592
211,1.6948165893554688,0.5173110961914062,1.5925143957138062,0.45261481404304504,1.5884466171264648,0.45632603764533997,1.5474932193756104,0.4486289322376251,1.4060335159301758,0.3347075283527374,1.8181501626968384,0.5453425645828247
212,1.6559512615203857,0.3944636881351471,1.6040178537368774,0.4636327922344208,1.363882064819336,0.3432580232620239,1.5196857452392578,0.3989931046962738,1.3298670053482056,0.35478752851486206,1.7219302654266357,0.6656834483146667
213,1.683565378189087,0.48355647921562195,1.6835750341415405,0.38074079155921936,1.7445348501205444,0.4235481321811676,1.662721872329712,0.4649307131767273,1.50475013256073,0.5299467444419861,1.6044855117797852,0.34608790278434753
214,1.5320639610290527,0.5989387035369873,1.8840019702911377,0.5730827450752258,1.790008306503296,0.6283840537071228,1.643079400062561,0.6090098023414612,1.6066312789916992,0.5359190106391907,1.6731722354888916,0.4658007323741913
215,1.8251241445541382,0.6008230447769165,1.677006483078003,0.42868173122406006,1.5685222148895264,0.2607015073299408,1.5720127820968628,0.36953404545783997,1.4998223781585693,0.448222279548645,1.7616815567016602,0.41930538415908813
216,1.7812070846557617,0.499593049287796,1.6206636428833008,0.5669705867767334,1.47530198097229,0.37350744009017944,1.3807405233383179,0.3881283402442932,1.5534001588821411,0.4838041365146637,1.5428816080093384,0.37984830141067505
217,1.5772545337677002,0.4476323127746582,1.5377203226089478,0.5736123919487,1.5016393661499023,0.3065098226070404,1.4918934106826782,0.4345396161079407,1.3698146343231201,0.40931791067123413,1.6650766134262085,0.7732560038566589
218,1.352324366569519,0.444772869348526,1.5384485721588135,0.41600799560546875,1.4940497875213623,0.5057320594787598,1.352980613708496,0.546336829662323,1.5693080425262451,0.5154041051864624,1.5015106201171875,0.39610105752944946
219,1.6600784063339233,0.4529545307159424,1.7348893880844116,0.39160504937171936,1.5768578052520752,0.26547592878341675,1.52330482006073,0.4232349693775177,1.737219214439392,0.6418859958648682,1.4990203380584717,0.3372688889503479
220,1.4918720722198486,0.503679633140564,1.9263648986816406,0.7120494246482849,1.4926501512527466,0.35171619057655334,1.4873769283294678,0.30475735664367676,1.6823794841766357,0.2783769965171814,1.4631497859954834,0.3388364613056183
221,1.6568450927734375,0.5090130567550659,1.489623785018921,0.3479149043560028,1.5926282405853271,0.3794649541378021,1.6591933965682983,0.5321686863899231,1.8187038898468018,0.6093972325325012,1.5471373796463013,0.4611889719963074
222,1.571218729019165,0.28259608149528503,1.5241202116012573,0.3323994576931,1.4112074375152588,0.30600446462631226,1.4539316892623901,0.3693597912788391,1.3925256729125977,0.2737294137477875,1.603650450706482,0.49342259764671326
223,1.501501441001892,0.5257213711738586,1.6251760721206665,0.48252224922180176,1.4218660593032837,0.30973437428474426,1.573804497718811,0.3572554290294647,1.5065251588821411,0.3605363667011261,1.4224512577056885,0.4627070724964142
224,1.2947434186935425,0.3463117480278015,1.5178020000457764,0.5179049372673035,1.4038044214248657,0.37767723202705383,1.421460509300232,0.451198011636734,1.4705772399902344,0.5395163297653198,1.5747768878936768,0.4140147268772125
225,1.5857490301132202,0.3711322247982025,1.6124544143676758,0.39430806040763855,1.4939430952072144,0.5413455367088318,1.5561436414718628,0.48719629645347595,1.291350245475769,0.29970139265060425,1.479487419128418,0.4379096031188965
226,1.5030792951583862,0.42323946952819824,1.6774132251739502,0.42643436789512634,1.3641579151153564,0.432297021150589,1.4637829065322876,0.2925513684749603,1.5560978651046753,0.37790051102638245,1.4054081439971924,0.4258265495300293
227,1.696556806564331,0.57218998670578,1.6924413442611694,0.6084742546081543,1.4473059177398682,0.5091547966003418,1.5558743476867676,0.487823486328125,1.499895691871643,0.5081860423088074,1.692850112915039,0.6619831323623657
228,1.59627366065979,0.3705264925956726,1.7511790990829468,0.40999871492385864,1.2036573886871338,0.23405948281288147,1.4913132190704346,0.5526526570320129,1.402328610420227,0.4642166495323181,1.6613222360610962,0.47648435831069946
229,1.608292818069458,0.3507069945335388,1.7908165454864502,0.4985104501247406,1.5417029857635498,0.3777755796909332,1.5095512866973877,0.24931727349758148,1.5193166732788086,0.33937835693359375,1.4107027053833008,0.3689155876636505
230,1.5613149404525757,0.4271533489227295,1.6276681423187256,0.5435200929641724,1.5510114431381226,0.344414621591568,1.433740258216858,0.39897069334983826,1.3700639009475708,0.4107494354248047,1.5785952806472778,0.38419264554977417
231,1.5310317277908325,0.4346964955329895,1.552190899848938,0.465713769197464,1.8910446166992188,0.3768327236175537,1.6879398822784424,0.4640127420425415,1.550180196762085,0.38411054015159607,1.551081895828247,0.42643800377845764
232,1.4190363883972168,0.3541305363178253,1.7529836893081665,0.50984787940979,1.715397596359253,0.5251526236534119,1.516635537147522,0.5303663611412048,1.4316471815109253,0.35934194922447205,1.5553958415985107,0.48408979177474976
233,1.3243364095687866,0.23776374757289886,1.2944495677947998,0.249637633562088,1.7656352519989014,0.3675585985183716,1.525019884109497,0.4743194878101349,1.4413045644760132,0.6120379567146301,1.5461984872817993,0.5285385251045227
234,1.3244946002960205,0.5376607775688171,1.7253005504608154,0.44912001490592957,1.4203450679779053,0.46253448724746704,1.4874573945999146,0.4063006639480591,1.4629623889923096,0.29231536388397217,1.429916501045227,0.5490900278091431
235,1.474928617477417,0.3773137629032135,1.6000274419784546,0.3520084619522095,1.4184308052062988,0.2920953929424286,1.3051939010620117,0.34270694851875305,1.5036777257919312,0.3649395704269409,1.4008352756500244,0.48709815740585327
236,1.4036693572998047,0.3474324345588684,1.7519944906234741,0.491192489862442,1.6406757831573486,0.39502158761024475,1.516059398651123,0.36879003047943115,1.4456758499145508,0.6567116379737854,1.6413376331329346,0.60245680809021
237,1.4184787273406982,0.2948262393474579,1.577257752418518,0.3011268675327301,1.4043498039245605,0.47383540868759155,1.4672980308532715,0.4352313280105591,1.4994946718215942,0.4823811948299408,1.7721140384674072,0.5339472889900208
238,1.431255578994751,0.47328218817710876,1.7056890726089478,0.34487420320510864,1.3729645013809204,0.28405898809432983,1.7158145904541016,0.5521131157875061,1.4993677139282227,0.4255152940750122,1.6459859609603882,0.5626376271247864
239,1.3322381973266602,0.4137430787086487,1.6572482585906982,0.5493574738502502,1.1993250846862793,0.31807029247283936,1.4350870847702026,0.46214815974235535,1.3865901231765747,0.2778943181037903,1.349016785621643,0.4193609654903412
240,1.7183167934417725,0.5824815034866333,1.4739983081817627,0.6107054352760315,1.4106926918029785,0.4379437565803528,1.4662195444107056,0.4132636785507202,1.3168197870254517,0.3653702735900879,1.5176335573196411,0.42633700370788574
241,1.4283393621444702,0.5090640783309937,1.6226783990859985,0.7262340188026428,1.7474197149276733,0.7238693237304688,1.5816261768341064,0.5724767446517944,1.4493954181671143,0.24387353658676147,1.524152398109436,0.6768428683280945
242,1.5148909091949463,0.5247001647949219,1.7298282384872437,0.46128660440444946,1.5605547428131104,0.4434313476085663,1.5698729753494263,0.4671988785266876,1.4180221557617188,0.42276397347450256,1.5254724025726318,0.24142402410507202
243,1.5315721035003662,0.471311092376709,1.534737467765808,0.6147329807281494,1.3914155960083008,0.22459280490875244,1.3615267276763916,0.26215460896492004,1.4128305912017822,0.25367453694343567,1.4753884077072144,0.4665522277355194
244,1.7776868343353271,0.8817577362060547,1.609318494796753,0.8900343179702759,1.54208505153656,0.3476652204990387,1.6133556365966797,0.27372804284095764,1.2679635286331177,0.2653008699417114,1.6396093368530273,0.3357385993003845
245,1.5499874353408813,0.5912570953369141,1.456274390220642,0.4118669629096985,1.6309998035430908,0.3583758473396301,1.617753028869629,0.4501369595527649,1.2307016849517822,0.3557061553001404,1.5037943124771118,0.5199803709983826
246,1.5286709070205688,0.5013116002082825,1.8894703388214111,0.55324387550354,1.5660704374313354,0.4363826811313629,1.5444462299346924,0.3703070282936096,1.309268593788147,0.30628252029418945,1.5644166469573975,0.3903639316558838
247,1.446548342704773,0.424212783575058,1.6137043237686157,0.5488615036010742,1.2845180034637451,0.3336067795753479,1.2976099252700806,0.37520310282707214,1.290026307106018,0.26970186829566956,1.5871384143829346,0.35582247376441956
248,1.6077640056610107,0.6773712038993835,1.7325446605682373,0.3726278245449066,1.857069730758667,0.2429155856370926,1.430979609489441,0.3838554322719574,1.2372843027114868,0.31623998284339905,1.5361824035644531,0.3958595395088196
249,1.4714876413345337,0.23269836604595184,1.3172624111175537,0.36293110251426697,1.2275073528289795,0.33506324887275696,1.398838758468628,0.35347312688827515,1.4547830820083618,0.45045891404151917,1.2898989915847778,0.16463641822338104
250,1.3801829814910889,0.22960470616817474,1.4933397769927979,0.47123590111732483,1.5124964714050293,0.3005962371826172,1.517250657081604,0.3219689428806305,1.247399926185608,0.34167182445526123,1.5503363609313965,0.395621120929718
251,1.4940563440322876,0.5752885341644287,1.3967804908752441,0.479312002658844,1.2998149394989014,0.36428916454315186,1.4229274988174438,0.4726874828338623,1.4080890417099,0.28937557339668274,1.4695851802825928,0.4230387508869171
252,1.3836525678634644,0.4766739010810852,1.4981839656829834,0.6178930997848511,1.6800798177719116,0.41930797696113586,1.5825964212417603,0.2691144347190857,1.4811713695526123,0.525139331817627,1.608365774154663,0.40018561482429504
253,1.4818058013916016,0.4686342477798462,1.3421212434768677,0.4591136574745178,1.6114591360092163,0.6312795877456665,1.8669286966323853,0.37049660086631775,1.4086467027664185,0.31209689378738403,1.4772703647613525,0.4017922282218933
254,1.7374101877212524,0.5673244595527649,1.6133861541748047,0.5262953639030457,1.4678281545639038,0.371759295463562,1.647914171218872,0.47783955931663513,1.2902437448501587,0.2883288264274597,1.3757894039154053,0.23936451971530914
255,1.5482772588729858,0.28299906849861145,1.5159006118774414,0.37700194120407104,1.8243837356567383,0.41834062337875366,1.5940419435501099,0.3841937184333801,1.4441053867340088,0.269455224275589,1.5063151121139526,0.48232197761535645
256,1.4054114818572998,0.3953188955783844,1.6907390356063843,0.4197649657726288,1.6034094095230103,0.5176085829734802,1.5518252849578857,0.4192420542240143,1.472812533378601,0.40181076526641846,1.553572416305542,0.4195203185081482
257,1.5875753164291382,0.48145121335983276,1.4575603008270264,0.38561615347862244,1.4333722591400146,0.4365401864051819,1.504143476486206,0.3289544880390167,1.1656534671783447,0.20655065774917603,1.4344345331192017,0.1963978111743927
258,1.4645589590072632,0.4733082354068756,1.5580583810806274,0.5359798073768616,1.4107801914215088,0.22336935997009277,1.3630493879318237,0.3371608555316925,1.6841762065887451,0.696721076965332,1.5229145288467407,0.4955589473247528
259,1.4673467874526978,0.4979887902736664,1.4211437702178955,0.5684939622879028,1.5241671800613403,0.34466978907585144,1.7310168743133545,0.4970450699329376,1.2993870973587036,0.3672299385070801,1.4156649112701416,0.29866406321525574
260,1.399078607559204,0.2600743770599365,1.5760560035705566,0.29280805587768555,1.379741907119751,0.3179653286933899,1.5034767389297485,0.3580039441585541,1.7060331106185913,0.29501596093177795,1.4749330282211304,0.3726860582828522
261,1.5401331186294556,0.3936642110347748,1.460215449333191,0.4449179470539093,1.5092296600341797,0.3970840871334076,1.5993666648864746,0.6380046010017395,1.411027431488037,0.4251447319984436,1.3171870708465576,0.32341861724853516
262,1.631003975868225,0.4320623576641083,1.470848798751831,0.3748479187488556,1.4672420024871826,0.30866357684135437,1.44675612449646,0.4906769394874573,1.381001591682434,0.29417428374290466,1.4193319082260132,0.2911807596683502
263,1.4579246044158936,0.3316710591316223,1.5075174570083618,0.385195791721344,1.3769859075546265,0.30040958523750305,1.3001766204833984,0.3602883815765381,1.4809651374816895,0.4051613211631775,1.4267224073410034,0.38326001167297363
264,1.4349294900894165,0.4165133535861969,1.612207055091858,0.5056774020195007,1.1944959163665771,0.19018490612506866,1.5110056400299072,0.6113664507865906,1.4259724617004395,0.2972511947154999,1.4449480772018433,0.3694332242012024
265,1.8489716053009033,0.5638813972473145,1.2946560382843018,0.25016140937805176,1.6637998819351196,0.35538631677627563,1.4613815546035767,0.44853684306144714,1.471335768699646,0.4449002146720886,1.4112263917922974,0.17048509418964386
266,1.5773648023605347,0.5566978454589844,1.4189279079437256,0.30789390206336975,1.5534640550613403,0.3491276204586029,1.820535659790039,0.6732977032661438,1.2283607721328735,0.2996595501899719,1.6649986505508423,0.4276913106441498
267,1.8449089527130127,0.6144682765007019,1.5382168292999268,0.3166825473308563,1.5952563285827637,0.387315958738327,1.466172695159912,0.34463077783584595,1.337245225906372,0.4129280745983124,1.5146489143371582,0.3173221945762634
268,1.8382031917572021,0.4125189483165741,1.4325215816497803,0.41297993063926697,1.6526120901107788,0.4537539780139923,1.4390114545822144,0.40155571699142456,1.5353820323944092,0.45298150181770325,1.4484013319015503,0.20060142874717712
269,1.5350735187530518,0.36727118492126465,1.6731736660003662,0.6444112658500671,1.3502962589263916,0.41210106015205383,1.4043041467666626,0.22560150921344757,1.3246815204620361,0.23979467153549194,1.3238072395324707,0.4035886824131012
270,1.4677143096923828,0.40948307514190674,1.380489468574524,0.24206805229187012,1.2941696643829346,0.404448002576828,1.5491466522216797,0.3775063455104828,1.3853404521942139,0.36262908577919006,1.2415275573730469,0.33907440304756165
271,1.5668941736221313,0.34501442313194275,1.5080591440200806,0.5540403127670288,1.4115902185440063,0.3731646239757538,1.38875412940979,0.2907804548740387,1.4226077795028687,0.4247414171695709,1.6013939380645752,0.3683374226093292
272,1.2970354557037354,0.28193503618240356,1.4219334125518799,0.30614346265792847,1.4020521640777588,0.2424212098121643,1.3920588493347168,0.35716575384140015,1.3652563095092773,0.2575798034667969,1.4422401189804077,0.43657922744750977
273,1.5036709308624268,0.33031943440437317,1.4991122484207153,0.545080304145813,1.3156607151031494,0.49484774470329285,1.493056058883667,0.34859365224838257,1.583620309829712,0.3390780985355377,1.437767744064331,0.43123534321784973
274,1.3898537158966064,0.2505520284175873,1.489384412765503,0.6210071444511414,1.3924167156219482,0.36024028062820435,1.5135341882705688,0.5121339559555054,1.45223867893219,0.3552512526512146,1.4410594701766968,0.2731071710586548
275,1.5991990566253662,0.48130306601524353,1.544439673423767,0.4980664849281311,1.5074667930603027,0.2847862243652344,1.5429960489273071,0.5228878259658813,1.4857094287872314,0.40540561079978943,1.249963641166687,0.3778224587440491
276,1.307381272315979,0.3829178810119629,1.5059444904327393,0.5538091063499451,1.45317804813385,0.24077630043029785,1.479968786239624,0.5057756304740906,1.464727759361267,0.31350183486938477,1.4873310327529907,0.3044118583202362
277,1.5786840915679932,0.5571256875991821,1.3418419361114502,0.40532684326171875,1.4590157270431519,0.2994650602340698,1.2438504695892334,0.18543881177902222,1.519803762435913,0.4705182611942291,1.4524379968643188,0.4459206163883209
278,1.7233154773712158,0.7550480961799622,1.5730020999908447,0.38233235478401184,1.2364104986190796,0.31441476941108704,1.654313087463379,0.4241754412651062,1.4402849674224854,0.3731764554977417,1.2663379907608032,0.31827276945114136
279,1.5181479454040527,0.3804614245891571,1.40224289894104,0.39605745673179626,1.311551570892334,0.4307536482810974,1.656800627708435,0.3565780520439148,1.4467164278030396,0.3762539029121399,1.51449716091156,0.47820961475372314
280,1.6601645946502686,0.40240222215652466,1.481175184249878,0.24944597482681274,1.4738729000091553,0.2656124234199524,1.780774712562561,0.5803910493850708,1.4451600313186646,0.2900533676147461,1.6783735752105713,0.3082534372806549
281,1.7125524282455444,0.4602591097354889,1.2584178447723389,0.30958500504493713,1.4101252555847168,0.40790408849716187,1.6589107513427734,0.5099228620529175,1.9245011806488037,0.5736222863197327,1.5998814105987549,0.5161102414131165
282,1.375598669052124,0.4134567975997925,1.3757420778274536,0.5472069382667542,1.4958863258361816,0.3527615964412689,1.7210229635238647,0.4005459249019623,1.5224127769470215,0.23274368047714233,1.4069652557373047,0.3277573883533478
283,1.4627783298492432,0.567435622215271,1.179814100265503,0.38226082921028137,1.4423340559005737,0.554572582244873,1.5897791385650635,0.43039506673812866,1.6354143619537354,0.41676267981529236,1.5147898197174072,0.47590556740760803
284,1.613831877708435,0.3862541913986206,1.6446456909179688,0.24374765157699585,1.4950330257415771,0.4207138419151306,1.4014806747436523,0.2939680218696594,1.671217679977417,0.5594215393066406,1.7853866815567017,0.7097225785255432
285,1.5598461627960205,0.4203154742717743,1.6254574060440063,0.5559364557266235,1.3661999702453613,0.19545498490333557,1.4988882541656494,0.3402453660964966,1.7477586269378662,0.4244723320007324,1.3893102407455444,0.6146510243415833
286,1.5541741847991943,0.5136511325836182,1.5416100025177002,0.5289974212646484,1.229383111000061,0.34384381771087646,1.334289789199829,0.4019686281681061,1.6139945983886719,0.5495902895927429,1.4708819389343262,0.564197838306427
287,1.6439101696014404,0.3457028269767761,1.5775307416915894,0.3271649479866028,1.615378975868225,0.3183477818965912,1.615216851234436,0.5060918927192688,1.6588398218154907,0.2666243016719818,1.8348411321640015,0.38547050952911377
288,1.4928418397903442,0.4308168590068817,1.654240608215332,0.5540982484817505,1.6908155679702759,0.5666711330413818,1.496813416481018,0.3471323549747467,1.6195409297943115,0.3863678276538849,1.4047460556030273,0.46048542857170105
289,1.7123924493789673,0.6066226363182068,1.5597097873687744,0.28764790296554565,1.7669975757598877,0.470375120639801,1.2946592569351196,0.3566371500492096,1.8102333545684814,0.41703981161117554,1.6499617099761963,0.4651133716106415
290,1.4758269786834717,0.6199374794960022,1.5277013778686523,0.4997774362564087,1.3466193675994873,0.3933911621570587,1.3944412469863892,0.38644033670425415,1.7720016241073608,0.7200895547866821,1.5300041437149048,0.5023879408836365
291,1.3772566318511963,0.46983039379119873,1.476351022720337,0.5427777171134949,1.7165324687957764,0.48667261004447937,1.4260103702545166,0.4316461682319641,1.5019710063934326,0.41105324029922485,1.58701491355896,0.2458825409412384
292,1.380048394203186,0.40133458375930786,1.3028085231781006,0.3850500285625458,1.3375486135482788,0.39306560158729553,1.5700666904449463,0.36477306485176086,1.506146788597107,0.40897953510284424,1.2993948459625244,0.25659534335136414
293,1.741503119468689,0.6101729273796082,1.682769775390625,0.36020395159721375,1.593691110610962,0.5613537430763245,1.6063754558563232,0.4357198476791382,1.555710792541504,0.34625351428985596,1.437138319015503,0.42933106422424316
294,1.8287359476089478,0.626789927482605,1.5558398962020874,0.5790173411369324,1.4535033702850342,0.2674697935581207,1.5122098922729492,0.4422156512737274,1.5926399230957031,0.4795823395252228,1.576213002204895,0.4616409242153168
295,1.529449224472046,0.525772750377655,1.5983000993728638,0.6690979599952698,1.4405704736709595,0.4752233922481537,1.6782938241958618,0.7728707790374756,1.4165109395980835,0.4345300793647766,1.5562485456466675,0.5780549645423889
296,1.6115697622299194,0.4177548289299011,1.4728128910064697,0.4500870406627655,1.4806309938430786,0.37985169887542725,1.770320177078247,0.4553375840187073,1.5716675519943237,0.5309424996376038,1.8886092901229858,0.49957990646362305
297,1.578526258468628,0.2265552282333374,1.6620242595672607,0.30684342980384827,1.3904821872711182,0.48313000798225403,1.3122011423110962,0.27797022461891174,1.7515029907226562,0.3708699941635132,1.5535876750946045,0.4526244103908539
298,1.6336040496826172,0.5556074380874634,1.3640971183776855,0.462296724319458,1.7301355600357056,0.6237354874610901,1.4312089681625366,0.3541582524776459,1.3301327228546143,0.4187982976436615,1.8768131732940674,0.4814413785934448
299,1.7203270196914673,0.3719238042831421,1.330171823501587,0.2948506772518158,1.7565053701400757,0.5658189058303833,1.716392159461975,0.6743322610855103,1.5013240575790405,0.5175012350082397,1.626042366027832,0.7478935718536377
300,1.5816246271133423,0.3307650685310364,1.5581775903701782,0.3331131041049957,1.605041742324829,0.3719058632850647,1.601605772972107,0.47753751277923584,1.9263379573822021,0.5976498126983643,1.6366478204727173,0.5637837052345276
301,1.4607980251312256,0.35737743973731995,1.4111497402191162,0.5255814790725708,1.7606372833251953,0.5560771822929382,1.5382206439971924,0.38124895095825195,1.7488315105438232,0.37428975105285645,1.7888686656951904,0.6218064427375793
302,1.4195057153701782,0.23983991146087646,1.685365080833435,0.461205393075943,1.372286081314087,0.520595371723175,1.4057276248931885,0.46948695182800293,1.7824957370758057,0.5041194558143616,1.3996655941009521,0.39567750692367554
303,1.398032546043396,0.30430349707603455,1.54082453250885,0.3778478503227234,1.5664780139923096,0.6819121241569519,1.5026127099990845,0.6423194408416748,1.7515567541122437,0.44118598103523254,1.4028749465942383,0.41218194365501404
304,1.6989850997924805,0.3715578615665436,1.5393527746200562,0.5947542190551758,1.3670010566711426,0.366160124540329,1.8300073146820068,0.5692456364631653,1.6687034368515015,0.6509363055229187,1.6889369487762451,0.6754818558692932
305,1.5828578472137451,0.5639986395835876,1.474147081375122,0.4928799569606781,1.8195031881332397,0.5335924029350281,1.5587027072906494,0.5543474555015564,1.5652425289154053,0.49405235052108765,1.542815089225769,0.42904412746429443
306,1.5450116395950317,0.2691603899002075,1.3113497495651245,0.48687219619750977,1.5004806518554688,0.543678879737854,1.6177009344100952,0.41939398646354675,1.9387012720108032,0.4152875542640686,1.5980051755905151,0.44955015182495117
307,1.6640485525131226,0.7508847713470459,1.5660371780395508,0.6651414036750793,2.029259204864502,0.5875091552734375,1.6209394931793213,0.4292958080768585,1.6334006786346436,0.39930710196495056,1.575244426727295,0.45256003737449646
308,1.8012444972991943,0.4172295928001404,1.6637957096099854,0.5059648156166077,1.6294047832489014,0.44837990403175354,1.5236215591430664,0.4705660045146942,1.784105896949768,0.6968875527381897,1.5500576496124268,0.5674362778663635
309,1.7860196828842163,0.6747452020645142,1.4848058223724365,0.43095633387565613,1.5934779644012451,0.4511335492134094,1.3687243461608887,0.422453910112381,1.7247874736785889,0.4008510708808899,1.9015916585922241,0.7470929026603699
310,1.7999088764190674,0.5356574058532715,1.434478521347046,0.43213018774986267,1.6112743616104126,0.5265855193138123,1.8059974908828735,0.5236479640007019,1.6228857040405273,0.4547404646873474,1.6390373706817627,0.5775822401046753
311,1.6417497396469116,0.7818558216094971,1.3890306949615479,0.445997416973114,1.6990382671356201,0.47809529304504395,1.522199273109436,0.2918456494808197,1.7363102436065674,0.3563918471336365,1.864291787147522,0.6970954537391663
312,1.6229270696640015,0.6098421812057495,1.709585189819336,0.6737368106842041,1.485141396522522,0.5022881627082825,1.6067721843719482,0.5214169025421143,1.6472409963607788,0.5123150944709778,1.8849143981933594,0.5598772764205933
313,1.5122382640838623,0.5041012167930603,1.7284168004989624,0.7779439687728882,1.380071997642517,0.3013836145401001,1.695248007774353,0.532250702381134,1.7946670055389404,0.4030485153198242,1.6735588312149048,0.6973813772201538
314,1.4352142810821533,0.46198511123657227,1.789232611656189,0.5486238598823547,1.4921672344207764,0.4160286486148834,1.5378444194793701,0.4907955527305603,1.8387823104858398,0.6945123076438904,1.9970111846923828,0.7797296643257141
315,1.6229350566864014,0.4892105460166931,1.6034564971923828,0.3224850594997406,1.6314847469329834,0.4589262306690216,1.5179636478424072,0.4528641700744629,1.4922595024108887,0.5536269545555115,1.6329505443572998,0.746565580368042
316,1.6663509607315063,0.7549171447753906,1.5064610242843628,0.7438063025474548,1.6404918432235718,0.6795316338539124,1.4035987854003906,0.43303152918815613,1.42600417137146,0.7025259733200073,1.8452867269515991,0.8438854217529297
317,1.6750946044921875,0.5766064524650574,1.7577375173568726,0.42497721314430237,1.613949179649353,0.4010254740715027,1.6066755056381226,0.5869089365005493,1.533412218093872,0.30101028084754944,1.6015363931655884,0.7271374464035034
318,1.5507434606552124,0.6265972852706909,1.6451810598373413,0.4781356453895569,1.960245132446289,0.5914125442504883,1.8023121356964111,0.7379242777824402,1.8322460651397705,0.6690481901168823,1.5293056964874268,0.44733911752700806
319,1.9490610361099243,0.542634904384613,1.6477975845336914,0.7364650964736938,1.4542361497879028,0.5134074091911316,1.5260951519012451,0.6355432868003845,1.4484955072402954,0.6230403780937195,1.429998755455017,0.4734790325164795
320,1.861917495727539,0.7317460179328918,1.6848952770233154,0.6836887001991272,1.4634970426559448,0.7469107508659363,1.3898142576217651,0.48354572057724,1.6771234273910522,0.45748570561408997,1.5314708948135376,0.6834524869918823
321,1.668818712234497,0.5689587593078613,1.7630977630615234,0.5386568903923035,1.306833028793335,0.4931734800338745,1.6297706365585327,0.5131521224975586,1.218961477279663,0.4095988869667053,1.484938144683838,0.39332085847854614
322,1.5897753238677979,0.2968473732471466,1.3881158828735352,0.5362617373466492,1.472778558731079,0.6147714257240295,1.7890446186065674,0.6234734058380127,1.4297977685928345,0.5783783197402954,1.8103452920913696,0.9301407933235168
323,1.8255653381347656,0.4824945330619812,1.3902868032455444,0.5381677746772766,1.6885086297988892,0.7153975367546082,1.6750171184539795,0.5892245769500732,1.6852890253067017,0.5992625951766968,1.5849990844726562,0.719447672367096
324,1.3714803457260132,0.42204052209854126,1.5544193983078003,0.6944151520729065,1.393646478652954,0.44176334142684937,1.5951404571533203,0.4482130706310272,1.4896116256713867,0.527677059173584,1.4581669569015503,0.716259777545929
325,1.666245698928833,0.47481685876846313,1.4334163665771484,0.5740862488746643,1.7263174057006836,0.5405951738357544,1.9061219692230225,0.5484987497329712,1.603463888168335,0.6500099301338196,1.7657839059829712,0.697681188583374
326,1.8859283924102783,0.5923352837562561,1.5937163829803467,0.521145224571228,1.7223371267318726,0.8260014653205872,1.6414753198623657,0.626067042350769,1.3736975193023682,0.6268205642700195,1.3081185817718506,0.5316700339317322
327,1.5130600929260254,0.41347941756248474,1.6557995080947876,0.6904706954956055,1.7994180917739868,0.5489741563796997,1.5908801555633545,0.572356104850769,1.6458371877670288,0.7435580492019653,1.4566919803619385,0.48230859637260437
328,1.8211863040924072,0.6920766234397888,1.6180835962295532,0.4652252793312073,1.4428455829620361,0.5368667840957642,1.4692775011062622,0.29363545775413513,1.5417511463165283,0.6051099896430969,1.5442696809768677,0.6273226141929626
329,1.7201961278915405,0.5253632068634033,1.5648391246795654,0.8192064166069031,1.5347371101379395,0.6150693893432617,1.7415014505386353,0.6474644541740417,1.851015329360962,0.42410433292388916,1.5398645401000977,0.5445507168769836
330,1.9740073680877686,0.7303374409675598,1.5787391662597656,0.4777710437774658,1.5125012397766113,0.5616880655288696,1.4929473400115967,0.6423898935317993,1.9292047023773193,0.796693742275238,1.3881982564926147,0.7123364806175232
331,1.8485229015350342,0.6724439859390259,1.3576948642730713,0.5972836017608643,1.8330272436141968,0.743262767791748,1.599255084991455,0.4885815382003784,1.5550031661987305,0.2666318714618683,1.458680510520935,0.5987721681594849
332,1.8796402215957642,0.6769546270370483,1.4991977214813232,0.5679629445075989,1.4081509113311768,0.46593618392944336,1.566042184829712,0.6921405792236328,1.5865556001663208,0.5380423069000244,1.6300522089004517,0.5309150218963623
333,1.7752437591552734,0.5468288660049438,1.4102139472961426,0.6306623816490173,1.5865713357925415,0.6101268529891968,1.4743058681488037,0.39084091782569885,1.8367359638214111,0.6347857713699341,1.7408527135849,0.7571612000465393
334,1.6077919006347656,0.5115025639533997,1.4211318492889404,0.7016100883483887,1.6039702892303467,0.7522911429405212,1.7685610055923462,0.5658056139945984,1.5085670948028564,0.5195485949516296,1.5830425024032593,0.654152512550354
335,1.628136396408081,0.4873339533805847,1.603650689125061,0.6426100134849548,1.6964820623397827,0.6512134671211243,1.8542391061782837,0.8972334265708923,1.4249467849731445,0.572447657585144,1.7497743368148804,0.7279916405677795
336,1.5280721187591553,0.5507677793502808,1.5469112396240234,0.6451765298843384,1.8535066843032837,0.762191116809845,1.509281873703003,0.6861122846603394,1.549443006515503,0.4577116072177887,1.9068832397460938,0.7073401808738708
337,1.5582164525985718,0.4735499322414398,1.39639413356781,0.6179027557373047,1.7981176376342773,0.8570970892906189,1.5292689800262451,0.6715866327285767,1.160992980003357,0.427383154630661,1.7898788452148438,0.7603453397750854
338,1.76082444190979,0.680118203163147,1.868963599205017,0.5908758640289307,1.3257582187652588,0.6610660552978516,1.6383895874023438,0.6292441487312317,1.8656028509140015,0.9613444805145264,1.521225929260254,0.7462508678436279
339,1.5412342548370361,0.28211525082588196,1.5505083799362183,0.6437131762504578,1.939748764038086,0.900375247001648,1.305224895477295,0.3933018445968628,1.3371113538742065,0.7191173434257507,1.6504405736923218,0.7406242489814758
340,2.5064570903778076,0.8376520872116089,1.542544960975647,0.7875939011573792,1.4782503843307495,0.6540145874023438,1.3808495998382568,0.6306379437446594,1.469005823135376,0.383588969707489,1.7085068225860596,0.7514767646789551
341,1.7889283895492554,0.5562698245048523,1.3736779689788818,0.7631191611289978,1.6243226528167725,0.773622989654541,1.4922531843185425,0.5765463709831238,1.8468157052993774,0.6046052575111389,1.8903509378433228,0.8536732196807861
342,1.731858253479004,0.48983585834503174,1.5115259885787964,0.5946220755577087,1.6258208751678467,0.5651827454566956,1.6270148754119873,0.9189746975898743,1.589540719985962,0.6890900135040283,1.5697978734970093,0.545528769493103
343,1.6153637170791626,0.565156102180481,1.3723770380020142,0.6913983821868896,1.4683053493499756,0.6966160535812378,1.5634257793426514,0.7276433110237122,1.68182373046875,0.5437219738960266,1.6293703317642212,0.8116648197174072
344,1.7248423099517822,0.58754962682724,1.7914988994598389,0.7798022627830505,1.566434621810913,0.5941364169120789,1.4213778972625732,0.5518553853034973,1.5821244716644287,0.6404649019241333,1.7223293781280518,1.0174505710601807
345,1.9068498611450195,0.4759660065174103,1.5420202016830444,0.728529691696167,1.5125272274017334,0.42910030484199524,1.7697703838348389,0.6296095848083496,1.4329971075057983,0.4999074339866638,2.0195021629333496,0.9742768406867981
346,1.5838871002197266,0.7788786292076111,1.642388105392456,0.7498329877853394,1.8455536365509033,0.9582833647727966,1.7244713306427002,0.8013690710067749,1.831488847732544,0.5335550904273987,1.4138025045394897,0.7369138598442078
347,1.4751332998275757,0.4105907082557678,1.7370879650115967,0.6882917881011963,1.4796833992004395,0.8059194684028625,1.7707901000976562,1.150113582611084,1.3689056634902954,0.6195327043533325,1.6571309566497803,0.729916512966156
348,1.5527572631835938,0.778033435344696,1.4467942714691162,0.5755659937858582,1.7097669839859009,0.7396342754364014,1.7244699001312256,0.5920445919036865,1.4791066646575928,0.7384130954742432,1.3801090717315674,0.7099999189376831
349,1.9824211597442627,0.7590736150741577,1.4793602228164673,0.8723631501197815,1.7634109258651733,0.7591853737831116,1.4696651697158813,0.5473255515098572,1.4674814939498901,0.6353878974914551,1.513063669204712,0.7268381714820862
350,1.5813820362091064,0.6293498277664185,1.5680910348892212,0.6176573038101196,1.6077734231948853,0.6706068515777588,1.6461480855941772,0.6475290656089783,1.4622392654418945,0.5877419710159302,1.6702286005020142,0.6700814366340637
351,1.8766889572143555,0.9607354998588562,1.331456184387207,0.5602436065673828,1.963210105895996,0.9805091023445129,1.8149089813232422,0.7669764757156372,1.2727413177490234,0.45595937967300415,1.305504322052002,0.74333655834198
352,1.855050802230835,0.5289985537528992,1.6132423877716064,0.7568926215171814,1.6286275386810303,0.8161880970001221,1.4159228801727295,0.6241324543952942,1.4525741338729858,0.5853921175003052,1.4969154596328735,0.7953222990036011
353,1.3903244733810425,0.6143185496330261,1.3290157318115234,0.5460129976272583,1.5322855710983276,0.7193921804428101,1.573978066444397,0.5640043616294861,1.737706184387207,0.4770381450653076,1.529440999031067,0.8511140942573547
354,1.7281723022460938,0.7639891505241394,1.6579902172088623,0.8187686800956726,1.880279302597046,0.8587868213653564,1.4719446897506714,0.7035719156265259,1.0515108108520508,0.3890496790409088,1.4531714916229248,0.6803027987480164
355,1.8212559223175049,0.7354871034622192,1.6364696025848389,0.8475207090377808,1.4122346639633179,0.5251217484474182,1.8143278360366821,0.7835990190505981,1.4651317596435547,0.5713248252868652,1.4154634475708008,0.5598227381706238
356,1.4992201328277588,0.2824780344963074,1.493670105934143,0.614003598690033,1.6788330078125,0.8418333530426025,1.715092658996582,0.9766661524772644,1.3511698246002197,0.5583415031433105,1.672311544418335,0.8790686726570129
357,1.867213487625122,0.5238027572631836,1.4174883365631104,0.5621123313903809,1.4446467161178589,0.6465155482292175,1.536250352859497,0.5421866178512573,1.21206796169281,0.5220783948898315,1.461960792541504,0.6036826968193054
358,1.8759492635726929,0.5277330875396729,1.5687912702560425,0.9886008501052856,1.5215870141983032,0.7117446660995483,1.7915834188461304,0.7080493569374084,1.1855026483535767,0.6609935760498047,1.474923849105835,0.7952577471733093
359,1.8674991130828857,0.7271287441253662,1.0143043994903564,0.43193861842155457,1.4018230438232422,0.6891456842422485,1.528445839881897,0.7892000675201416,1.7529237270355225,0.5120200514793396,1.8278547525405884,0.7847382426261902
360,1.9429575204849243,0.4343324601650238,1.1167675256729126,0.36358457803726196,1.3731944561004639,0.5274366736412048,1.40291428565979,0.5966681838035583,1.0309159755706787,0.4555782675743103,1.4664976596832275,0.6396070122718811
361,1.7510802745819092,1.0205556154251099,1.5313142538070679,0.7016130089759827,1.849567174911499,0.937598466873169,1.6808452606201172,0.5087252855300903,1.3422263860702515,0.7211837768554688,1.3237485885620117,0.7192896008491516
362,1.7191619873046875,0.6081045866012573,1.4507924318313599,0.6848768591880798,1.5534816980361938,0.7556324601173401,1.7659790515899658,0.8137446641921997,1.3686407804489136,0.6868299841880798,1.5910347700119019,0.6739481091499329
363,1.6090494394302368,0.6079393625259399,1.5713598728179932,0.5295264720916748,1.4256327152252197,0.6384631395339966,1.4665682315826416,0.6680869460105896,1.5025137662887573,0.6697089672088623,1.85629141330719,1.14822518825531
364,1.7980222702026367,0.5888817310333252,1.3535683155059814,0.6348921656608582,1.3834174871444702,0.5470202565193176,1.330130696296692,0.7079769372940063,1.4126293659210205,0.766477644443512,1.6243349313735962,0.6772330403327942
365,1.4076917171478271,0.3583039939403534,1.1623295545578003,0.49390652775764465,1.392291784286499,0.5970907807350159,1.4915767908096313,0.7795929908752441,1.4736545085906982,0.7028442025184631,1.470198392868042,0.568628191947937
366,1.8429946899414062,0.5923823118209839,1.5061662197113037,0.7907222509384155,1.7220627069473267,0.6477208733558655,1.5150196552276611,0.5465295314788818,1.8151280879974365,0.7354635000228882,1.4109972715377808,0.5401647686958313
367,1.881967306137085,0.8609821200370789,1.6282682418823242,0.4578230679035187,1.428221344947815,0.8787344098091125,1.5883238315582275,0.7914050817489624,1.3668521642684937,0.6465509533882141,1.582945704460144,0.7103890776634216
368,2.0968003273010254,1.0461457967758179,1.5007402896881104,0.8689855933189392,1.7196356058120728,0.6181790828704834,1.7073242664337158,0.6520981192588806,1.7556575536727905,0.8489524126052856,1.2109687328338623,0.696963369846344
369,1.6219255924224854,0.6002206802368164,1.352715253829956,0.49785733222961426,1.6205787658691406,0.8107479810714722,1.3310554027557373,0.528292715549469,1.5236625671386719,0.7313376069068909,1.5508466958999634,0.8468345999717712
370,1.344987392425537,0.4497132897377014,1.61227285861969,0.7475385069847107,1.4601200819015503,0.6798180937767029,1.513031244277954,0.7516502141952515,1.2819796800613403,0.5380799174308777,1.6169641017913818,0.7715691328048706
371,1.730494737625122,0.5908611416816711,1.748408317565918,0.8984773755073547,1.3370709419250488,0.5768747925758362,1.3294453620910645,0.4972321689128876,1.3131756782531738,0.7620478272438049,1.5720398426055908,0.9316323399543762
372,1.4235111474990845,0.4295508861541748,1.3887568712234497,0.638152539730072,2.2315495014190674,1.2070573568344116,1.6443641185760498,0.7290709018707275,1.4385149478912354,0.6642851233482361,1.3945245742797852,0.7315868735313416
373,1.3603416681289673,0.6717802882194519,1.4609419107437134,0.7301489114761353,1.5739331245422363,0.7845519185066223,1.6770589351654053,1.0382808446884155,1.55025053024292,0.37586942315101624,1.53572678565979,0.6120853424072266
374,1.587181806564331,0.5860378742218018,1.1767165660858154,0.7191992998123169,1.5951251983642578,0.6638619899749756,1.1572896242141724,0.5304877758026123,1.7882788181304932,1.0041590929031372,1.6613267660140991,0.9879953265190125
375,1.5252348184585571,0.5846086740493774,1.3802716732025146,0.7655205726623535,1.382836103439331,0.7227226495742798,1.2813209295272827,0.6639746427536011,1.7138221263885498,0.82588130235672,1.935202956199646,0.9994829297065735
376,1.7648334503173828,0.4025731682777405,1.3136250972747803,0.6500622034072876,1.4947385787963867,0.6880642175674438,1.8454580307006836,0.7867978811264038,1.546327829360962,0.6817710399627686,1.6877580881118774,0.951954185962677
377,1.6213414669036865,0.8073960542678833,1.1490437984466553,0.43681013584136963,1.6892426013946533,1.33912992477417,1.2918182611465454,0.5676681995391846,1.3766798973083496,1.0044199228286743,1.8283274173736572,1.0977544784545898
378,1.619471549987793,0.6008550524711609,1.4363150596618652,0.5489882826805115,1.5738013982772827,0.8452298641204834,1.195441484451294,0.6957456469535828,1.5155092477798462,0.8879121541976929,1.7874044179916382,0.9914808869361877
379,1.5713002681732178,0.6700010299682617,1.4076988697052002,0.5760030746459961,1.5587050914764404,0.6639375686645508,1.487830638885498,0.8139539361000061,1.4454783201217651,0.4040341079235077,1.2336342334747314,0.7428024411201477
380,1.3220775127410889,0.5512954592704773,1.446437120437622,0.6871134638786316,1.3661556243896484,0.7104116082191467,1.4084495306015015,0.5599960684776306,1.5229575634002686,0.46304118633270264,1.3314063549041748,0.6432618498802185
381,2.1444754600524902,0.7950376868247986,1.2461597919464111,0.5770660042762756,1.4316842555999756,0.5866866707801819,1.3280060291290283,0.5469271540641785,1.7159407138824463,0.5996602177619934,1.7603517770767212,0.8413256406784058
382,1.9727989435195923,0.8342045545578003,1.5761148929595947,0.7759237885475159,1.5264759063720703,0.873225212097168,1.45167875289917,0.7914841771125793,1.3940461874008179,0.5890451669692993,1.5626274347305298,0.5178934931755066
383,1.6666240692138672,0.45585915446281433,1.7541322708129883,0.891719400882721,1.372828722000122,0.624610185623169,1.3459869623184204,0.7971590161323547,1.4883227348327637,0.7888513207435608,1.3841346502304077,0.5728731751441956
384,1.6411170959472656,0.6013723015785217,1.588785171508789,0.7944275736808777,1.2542060613632202,0.5703182220458984,1.7737691402435303,0.838294506072998,1.3972004652023315,0.8700048923492432,1.807848334312439,0.7536694407463074
385,2.003053903579712,0.7550582885742188,1.536122441291809,0.7206512689590454,1.395263910293579,0.6259133815765381,1.2982784509658813,0.4688178598880768,1.1517064571380615,0.6045271754264832,1.0697479248046875,0.47730034589767456
386,1.6226905584335327,0.7426528334617615,1.325775384902954,0.689749538898468,1.6525676250457764,0.7459423542022705,1.1879111528396606,0.5552952289581299,1.597355604171753,0.9357442855834961,1.5708897113800049,0.873971700668335
387,1.3337528705596924,0.5491777062416077,1.292830467224121,0.5511081218719482,1.8012571334838867,0.8061349391937256,1.1524121761322021,0.5128648281097412,1.4005672931671143,0.8134980797767639,1.418790578842163,0.7222220301628113
388,1.8074901103973389,0.48761776089668274,1.4602299928665161,0.8393844962120056,1.4824904203414917,0.6078489422798157,1.9100439548492432,1.1170806884765625,1.1584022045135498,0.6151373982429504,1.3662302494049072,0.580954909324646
389,1.5069772005081177,0.6801571846008301,1.3549211025238037,0.7528377771377563,1.2878363132476807,0.693278968334198,1.2834255695343018,0.7981410026550293,1.3327287435531616,0.7329309582710266,1.6312077045440674,0.5857575535774231
390,1.5542476177215576,0.681387722492218,1.575150728225708,0.8796280026435852,1.5094289779663086,0.7708568572998047,1.396743655204773,0.6774805784225464,1.565142035484314,0.9742147922515869,1.2178733348846436,0.5552786588668823
391,1.4627987146377563,0.5224748253822327,1.555402159690857,0.7517311573028564,1.2533624172210693,0.594757616519928,1.2585134506225586,0.5889942646026611,1.2995846271514893,0.9523523449897766,1.5490357875823975,0.783656656742096
392,1.5905187129974365,0.594819188117981,1.4183874130249023,0.72968989610672,1.6426584720611572,0.49826931953430176,1.3907541036605835,0.5232366919517517,1.6450128555297852,0.9660096764564514,1.894087791442871,0.9916127324104309
393,2.029017448425293,0.754705548286438,1.49557626247406,0.7326712012290955,1.4139007329940796,0.6541610360145569,1.6510292291641235,1.0060582160949707,1.1770061254501343,0.6863419413566589,1.462656021118164,0.6017044186592102
394,1.7941186428070068,0.8425928354263306,1.2602221965789795,0.7307959198951721,1.2446763515472412,0.8777008056640625,1.698338508605957,0.6350221633911133,1.538219690322876,0.7853907346725464,1.1070773601531982,0.5918065905570984
395,1.6131417751312256,0.748100996017456,1.1807098388671875,0.5769608616828918,1.6660032272338867,1.0680361986160278,1.7017087936401367,0.8114879727363586,0.8256276845932007,0.40218156576156616,0.9126256704330444,0.4376250207424164
396,1.7084745168685913,0.6373983025550842,1.1884063482284546,0.6290923357009888,1.2628228664398193,0.6766253113746643,1.6774489879608154,0.7992585301399231,1.42146897315979,0.5731683969497681,1.3442037105560303,0.6957054734230042
397,1.371921420097351,0.8464189171791077,1.441236972808838,0.9696605801582336,1.442598819732666,0.643625020980835,1.2836124897003174,0.6978016495704651,1.437957525253296,0.9684276580810547,1.6484012603759766,1.0517343282699585
398,1.4693260192871094,0.6243374943733215,1.321039080619812,0.5646722316741943,1.3450651168823242,0.7726128101348877,1.6034634113311768,0.7513362765312195,1.100808024406433,0.594608724117279,1.9171682596206665,1.26999032497406
399,1.5112181901931763,0.5671899318695068,0.9205487966537476,0.5168501734733582,1.6729040145874023,1.2620108127593994,1.1036577224731445,0.6348768472671509,1.7120071649551392,1.053815245628357,1.2876781225204468,0.6664302349090576
400,1.834110975265503,0.9569417238235474,1.4258692264556885,0.7759881615638733,1.2923299074172974,0.6837421655654907,1.3236291408538818,0.7058088779449463,1.4240564107894897,0.7878868579864502,1.3921252489089966,0.6878796219825745
401,1.5014609098434448,0.45919713377952576,1.153808832168579,0.6992618441581726,1.385402798652649,0.7508239150047302,1.1948250532150269,0.7087562084197998,1.3157284259796143,0.6296286582946777,1.1704013347625732,0.6143004894256592
402,1.3233438730239868,0.46263641119003296,1.3252276182174683,0.5469726920127869,1.1594407558441162,0.7117524743080139,1.398851990699768,0.7425974607467651,1.6850087642669678,0.6841627955436707,1.3248564004898071,0.8709823489189148
403,1.452844500541687,0.8282516002655029,1.7246183156967163,0.7812895774841309,1.1257622241973877,0.5841224789619446,1.2200829982757568,0.5993872880935669,1.0266058444976807,0.6150714159011841,1.750445008277893,0.7700378894805908
404,1.3405272960662842,0.7281225919723511,1.2969911098480225,0.9855272769927979,1.4753557443618774,1.073457956314087,1.5194294452667236,0.8241716623306274,1.282230019569397,0.6653424501419067,1.365397572517395,0.7070789337158203
405,1.460671067237854,0.3910772204399109,1.5099748373031616,0.9246082305908203,1.4798378944396973,0.6596471667289734,1.4411386251449585,0.8798335790634155,0.9093666076660156,0.5497196912765503,1.345637321472168,0.3465055823326111
406,1.1470680236816406,0.44082462787628174,1.3165526390075684,0.6650797128677368,1.3117141723632812,0.7791574597358704,1.485209345817566,1.0122157335281372,1.2291460037231445,0.6814662218093872,1.3745168447494507,0.6509513854980469
407,1.1240886449813843,0.6705160737037659,0.9990413784980774,0.5826339721679688,1.4906423091888428,1.106008529663086,1.3266395330429077,0.9463675022125244,1.319324016571045,0.7562509179115295,1.4141604900360107,0.6644248366355896
408,0.9873102903366089,0.3481244742870331,1.5897661447525024,0.6825602650642395,1.052666425704956,0.5982860326766968,1.005279779434204,0.5937774181365967,1.2916778326034546,0.672064483165741,1.2474595308303833,0.7685723304748535
409,1.492075800895691,0.8942083120346069,1.4131202697753906,0.7390066385269165,1.4221398830413818,0.8314822316169739,1.172334909439087,0.7591120600700378,1.459938645362854,0.8316336870193481,1.1073939800262451,0.8437862992286682
410,1.5579205751419067,0.9164904952049255,1.2617096900939941,0.9131110906600952,1.0039952993392944,0.5043150782585144,1.3873639106750488,0.912611186504364,1.2112228870391846,0.7424280047416687,1.2525204420089722,0.5440723299980164
411,1.5355985164642334,0.8397607803344727,1.1676576137542725,0.7465909123420715,1.686347246170044,0.7597224712371826,1.428869605064392,0.8412486910820007,0.9977550506591797,0.53480464220047,1.218802571296692,0.42591947317123413
412,1.2679574489593506,0.6147445440292358,1.28623628616333,1.08380925655365,1.0543731451034546,0.6643794178962708,1.3309024572372437,0.5390489101409912,1.1845746040344238,0.830832839012146,1.0647752285003662,0.46244779229164124
413,1.7705345153808594,0.75706547498703,1.3196523189544678,0.6743960380554199,1.2177813053131104,0.6795091032981873,0.9967564344406128,0.6092089414596558,1.4147740602493286,0.8751415610313416,1.319252371788025,0.7586691975593567
414,1.5046666860580444,0.7794381380081177,1.8185341358184814,0.5744101405143738,1.465576171875,0.6095455884933472,1.065405011177063,0.42579030990600586,1.167165994644165,0.7160759568214417,1.4378173351287842,0.7377702593803406
415,1.0385183095932007,0.533149778842926,1.240441918373108,0.872475802898407,1.1844751834869385,0.7524767518043518,1.2567883729934692,0.7337254881858826,0.847825825214386,0.4555094838142395,1.3079335689544678,0.8529441952705383
416,1.2017147541046143,0.4816989600658417,1.058318853378296,0.7010954022407532,1.1093412637710571,0.520534873008728,1.246533751487732,0.8455796837806702,1.1191837787628174,0.500702440738678,1.1757516860961914,0.8475488424301147
417,1.66261887550354,0.893159031867981,1.4764761924743652,0.7437199950218201,1.48617684841156,0.9776981472969055,1.4223591089248657,0.8290735483169556,1.2585136890411377,0.694705069065094,1.1611964702606201,0.4838464856147766
418,1.3257499933242798,0.6365830302238464,1.4242569208145142,1.0220409631729126,1.4494521617889404,1.0010607242584229,1.1204150915145874,0.6865038275718689,1.3086856603622437,0.6832959055900574,1.0890939235687256,0.5906264781951904
419,1.2122626304626465,0.5044721364974976,1.0982232093811035,0.5841008424758911,1.174692153930664,0.6804702281951904,1.1983692646026611,0.6813810467720032,0.959104061126709,0.7037944793701172,1.4036812782287598,0.8028786182403564
420,1.4191352128982544,0.9706541299819946,1.0388720035552979,0.5169247388839722,1.3074897527694702,0.6811573505401611,0.9643071293830872,0.5176551342010498,1.4060144424438477,0.854656457901001,1.1976091861724854,0.4987795650959015
421,1.6007826328277588,0.9835046529769897,1.3491171598434448,0.8572920560836792,1.146255612373352,0.9415496587753296,1.2804616689682007,0.7448365688323975,1.2950661182403564,0.7918654084205627,1.192617654800415,0.8644730448722839
422,1.3643674850463867,0.8874567747116089,1.3325649499893188,0.799885094165802,1.316894769668579,0.9203967452049255,1.5326565504074097,0.8024171590805054,1.2477362155914307,0.5955602526664734,1.1055643558502197,0.9067036509513855
423,0.8546382784843445,0.4281735420227051,1.155316948890686,0.566733717918396,1.7600704431533813,1.2314857244491577,1.1419035196304321,0.7286783456802368,0.8372799754142761,0.502184271812439,1.3117477893829346,0.6064814329147339
424,1.8291717767715454,0.864565372467041,1.1470121145248413,0.30067119002342224,1.00150728225708,0.6379967331886292,1.0562779903411865,0.6964659690856934,1.3163527250289917,0.7968363761901855,1.4740020036697388,0.8004351258277893
425,1.0018341541290283,0.5543941855430603,1.0163475275039673,0.5693650841712952,1.2516238689422607,0.5866127014160156,0.9559235572814941,0.5357326865196228,1.143612027168274,0.7324972748756409,1.7074272632598877,1.538330078125
426,1.1155962944030762,0.8377842903137207,1.1164610385894775,0.6732012629508972,1.3268756866455078,0.9238399267196655,1.1140313148498535,0.735759973526001,1.3416287899017334,0.6819754242897034,1.3752691745758057,0.5978088974952698
427,1.4714343547821045,0.6822688579559326,1.2915499210357666,0.6442358493804932,1.0650768280029297,0.48628121614456177,1.17304527759552,0.6316747069358826,1.1536941528320312,0.7757459282875061,1.2832516431808472,0.7285510897636414
428,1.3481624126434326,0.7478881478309631,1.4416229724884033,0.939394474029541,1.1340112686157227,0.5091547966003418,1.9164682626724243,0.9850798845291138,1.1155931949615479,0.8588681221008301,1.1685867309570312,0.6442508101463318
429,1.190597653388977,0.8597941398620605,1.4003355503082275,0.7252169251441956,0.9301317930221558,0.5065844058990479,1.529718279838562,1.0145263671875,1.1278246641159058,0.7310627698898315,1.2596900463104248,0.8797466158866882
430,1.0224864482879639,0.6095902919769287,1.1417882442474365,0.6558026075363159,1.281368613243103,0.9082369208335876,1.1918615102767944,0.74019855260849,1.347578763961792,1.028831124305725,0.9970635175704956,0.5814233422279358
431,1.0908573865890503,0.6146842837333679,0.9884379506111145,0.5528925061225891,0.9964556694030762,0.5115808844566345,1.4760208129882812,0.6672012209892273,1.1950916051864624,1.0042155981063843,1.0838909149169922,0.8203409910202026
432,1.1765066385269165,0.9886149168014526,1.0010745525360107,0.6703107357025146,0.9922906160354614,0.49809467792510986,1.1514761447906494,0.5519883036613464,0.9207693338394165,0.935066282749176,1.1589460372924805,0.6155260801315308
433,0.8483442068099976,0.5942189693450928,1.1248321533203125,0.7038580179214478,0.8982771039009094,0.620485246181488,1.5032204389572144,0.75177001953125,0.9834996461868286,0.7438801527023315,0.9250800013542175,0.5694549083709717
434,1.029463529586792,0.6051260232925415,0.8614098429679871,0.5669029951095581,1.270334243774414,0.5877822637557983,1.398776650428772,0.9099410772323608,0.81736820936203,0.5471093654632568,0.9233754277229309,0.6317108869552612
435,1.1912246942520142,1.0740482807159424,1.0921046733856201,0.7432348132133484,1.2493717670440674,0.8792332410812378,1.3368382453918457,0.9075340628623962,0.8643878698348999,0.6431413292884827,1.0987682342529297,0.6555253863334656
436,1.1919982433319092,0.8926941156387329,0.8896905183792114,0.6153470873832703,1.3372082710266113,1.1673595905303955,1.030380129814148,0.569762110710144,0.8971568942070007,0.5348588228225708,1.1317640542984009,0.657733678817749
437,0.6968180537223816,0.30944082140922546,0.9790471196174622,0.6851499080657959,1.2669190168380737,0.9265334606170654,1.59676992893219,0.9728569388389587,0.734248161315918,0.4339618980884552,1.0806622505187988,0.7221815586090088
438,1.1394250392913818,0.8620214462280273,1.1244111061096191,0.6924393177032471,1.272822618484497,0.641829252243042,1.040104866027832,0.5163528919219971,0.8421332240104675,0.37144359946250916,0.9949175715446472,0.9281750321388245
439,1.067180871963501,0.7592566609382629,1.070120930671692,0.6356132626533508,1.2657173871994019,1.005987286567688,1.1501829624176025,0.6427386403083801,0.6757698059082031,0.4869649410247803,0.8616323471069336,0.5868509411811829
440,0.7615042924880981,0.5757107138633728,1.077124834060669,0.6766781806945801,1.1586490869522095,0.7855832576751709,1.175490379333496,0.6460302472114563,1.2124375104904175,0.8050957918167114,0.8518290519714355,0.5260264277458191
441,1.0010274648666382,0.7311642169952393,0.8733803033828735,0.5659635663032532,0.8947361707687378,0.44270825386047363,0.9345141649246216,0.6188803315162659,1.5409257411956787,1.349906086921692,0.9009324312210083,0.6862277984619141
442,0.9379218816757202,0.6303906440734863,1.2603793144226074,0.810336172580719,1.0097434520721436,0.7302489876747131,1.0449368953704834,0.6855233311653137,0.7179144620895386,0.6409316658973694,1.1379387378692627,0.9097799062728882
443,1.1674200296401978,0.5885952115058899,1.5846374034881592,0.978073000907898,0.822446346282959,0.6182296276092529,1.4308663606643677,1.333768367767334,1.692552924156189,1.9297226667404175,1.4246691465377808,0.9667664766311646
444,1.5381799936294556,1.2914087772369385,0.9388424158096313,0.45367521047592163,1.3167574405670166,0.8884187340736389,1.2544025182724,0.6962023973464966,1.2760978937149048,1.185882806777954,0.8471261858940125,0.9503087997436523
445,1.261371374130249,1.0534523725509644,1.4212653636932373,0.9736185073852539,1.26785409450531,0.8468928337097168,1.0636636018753052,0.5251623392105103,0.6163896918296814,0.46449193358421326,1.3071266412734985,0.647229015827179
446,0.7910937666893005,0.5211930871009827,0.9382814168930054,0.7380497455596924,1.4616115093231201,1.0555460453033447,0.8468847274780273,0.6205645203590393,1.0051827430725098,0.6842597126960754,0.6845616698265076,0.5381874442100525
447,1.1201517581939697,0.7405534386634827,1.1659631729125977,0.8432024717330933,1.0112864971160889,0.561737060546875,1.2745227813720703,0.7281255125999451,0.9902324676513672,0.8638124465942383,1.037366271018982,0.8014289140701294
448,1.4346873760223389,1.1315381526947021,1.2361351251602173,1.0937613248825073,1.0692981481552124,0.9262362718582153,1.4446170330047607,0.8939589858055115,0.7728156447410583,0.6108535528182983,1.1664316654205322,0.8268314599990845
449,1.2093009948730469,0.7808732390403748,0.7679296731948853,0.5545714497566223,0.8604939579963684,0.5086455345153809,1.1160433292388916,0.7696275115013123,0.5822102427482605,0.45669955015182495,1.1183195114135742,0.8786632418632507
450,1.2840112447738647,0.9960724711418152,1.1590906381607056,1.0779320001602173,1.0147756338119507,0.6964272260665894,1.099792718887329,0.6234822273254395,0.7685296535491943,0.6872496008872986,0.944255530834198,1.0005732774734497
451,0.9019569158554077,0.6799171566963196,0.8920564651489258,0.7703468799591064,0.6978493928909302,0.43384143710136414,1.0183480978012085,0.8962635397911072,0.9192365407943726,0.7489889860153198,0.8338479995727539,0.5405344367027283
452,0.7968016862869263,0.42683473229408264,1.0225048065185547,0.7482982277870178,0.9415239095687866,0.6812450885772705,0.6642490029335022,0.43609338998794556,0.698785126209259,0.5922656655311584,0.9939214587211609,0.8215970993041992
453,0.7524010539054871,0.5353755950927734,0.8612438440322876,0.6384574770927429,1.199917197227478,0.9719322323799133,0.884652316570282,0.678918182849884,0.8201330304145813,0.5545188188552856,1.070930004119873,0.6802130937576294
454,1.1414616107940674,1.0957252979278564,0.7436622381210327,0.5296677350997925,0.653216540813446,0.546898603439331,1.3589224815368652,0.9286611676216125,0.7543293833732605,0.707511842250824,0.7185817360877991,0.5219791531562805
455,1.0863440036773682,0.8770473003387451,0.8929730653762817,0.98749840259552,1.37184739112854,0.9501360654830933,1.5719573497772217,0.8127769231796265,1.2997534275054932,1.3643825054168701,0.9302033185958862,0.8220155239105225
456,1.1050503253936768,1.1315021514892578,0.8372147679328918,0.65874183177948,1.1308133602142334,1.009432077407837,0.9142824411392212,0.5366284251213074,1.455996036529541,1.1530039310455322,0.9793626070022583,0.5527853965759277
457,1.10511314868927,0.9340580105781555,1.0423332452774048,0.7798648476600647,1.178900122642517,1.2280396223068237,1.1902283430099487,0.9587212204933167,0.9603582620620728,0.5596848130226135,0.7400528192520142,0.7768259644508362
458,1.3661189079284668,1.124428391456604,0.8217430114746094,0.7327888607978821,1.1173646450042725,1.160473108291626,1.5292986631393433,0.7529748678207397,0.618963360786438,0.5323624610900879,1.1022878885269165,0.9785483479499817
459,0.8358553051948547,0.6689853668212891,0.8915752172470093,0.7764995098114014,0.7105240821838379,0.45326003432273865,1.049961805343628,0.6573659181594849,0.8380905389785767,0.8233879804611206,1.1304789781570435,1.014544129371643
460,1.4157339334487915,1.0872132778167725,0.7733136415481567,0.5396263003349304,0.7411009669303894,0.5451844930648804,1.0116569995880127,0.8330617547035217,0.6029434204101562,0.44778937101364136,0.560261607170105,0.3938698470592499
461,1.0849311351776123,0.8891111612319946,1.284779667854309,1.0032323598861694,0.8126077651977539,0.6009925603866577,0.7342322468757629,0.6092296242713928,0.8895169496536255,0.6150484085083008,0.7378327250480652,0.6154927611351013
462,1.0241501331329346,0.823508083820343,0.8839777112007141,0.7435193657875061,0.8604591488838196,0.606731653213501,1.2106479406356812,0.8470728993415833,0.9819793701171875,0.6591940522193909,0.48683634400367737,0.39048728346824646
463,0.7845751047134399,0.6802093386650085,0.9428741335868835,1.0302391052246094,0.7393789291381836,0.6242944002151489,1.021175742149353,0.8547686338424683,0.9137598276138306,1.2373852729797363,0.5926638841629028,0.47147080302238464
464,1.1565210819244385,1.1577719449996948,0.6525036692619324,0.43481820821762085,0.6826511025428772,0.5727412104606628,0.8101654052734375,0.5494672656059265,1.2745119333267212,1.3808848857879639,0.6370100975036621,0.5749310851097107
465,1.3640789985656738,0.8119808435440063,0.6841194033622742,0.5529763102531433,1.4144299030303955,1.3859808444976807,1.3220590353012085,0.7941009402275085,0.6973293423652649,0.4938276410102844,0.808886706829071,0.6963260769844055
466,0.870976448059082,0.8212316632270813,0.6567659974098206,0.4485040605068207,0.6037505865097046,0.332815557718277,0.5684197545051575,0.49544456601142883,1.0326522588729858,1.2420400381088257,1.0860064029693604,0.7675328850746155
467,0.8702173233032227,0.8894407749176025,0.8869249224662781,0.815862238407135,0.5090482831001282,0.40594252943992615,0.7458673119544983,0.7445940375328064,0.8473029136657715,1.0423405170440674,0.6044380068778992,0.8334288001060486
468,0.6010419130325317,0.6071850061416626,0.6906198263168335,0.6218231320381165,1.1234058141708374,1.008758783340454,0.8761035203933716,0.724577009677887,1.8012460470199585,2.676055431365967,0.8670037388801575,1.0296114683151245
469,0.432871013879776,0.31834396719932556,0.4309106469154358,0.30780425667762756,0.49200600385665894,0.43551817536354065,1.2259867191314697,0.968111515045166,0.69666588306427,0.7434414625167847,0.5427044630050659,0.6354469060897827
470,1.048534870147705,0.9608833193778992,0.8551622629165649,0.7063940167427063,0.7986546158790588,0.7293758988380432,1.0513519048690796,0.7127620577812195,0.4612438678741455,0.3681924343109131,0.993599534034729,0.887836754322052
471,0.9218388795852661,1.129251480102539,0.8400490880012512,0.8042860627174377,0.8939757347106934,0.7900869846343994,0.6650374531745911,0.3800702393054962,0.9423278570175171,0.7113218903541565,0.9587670564651489,0.596468448638916
472,0.9138752818107605,0.9579766392707825,0.6959726214408875,0.5397531390190125,0.8022603988647461,0.920890212059021,0.6644630432128906,0.3962591588497162,1.1816774606704712,1.4384280443191528,0.8206009864807129,0.7128387093544006
473,0.8646860122680664,1.1123709678649902,0.5466943979263306,0.5291120409965515,0.8074639439582825,1.0566293001174927,0.6059839725494385,0.4580686092376709,0.5349820852279663,0.3490059971809387,0.7063388228416443,0.5560364127159119
474,0.7920993566513062,0.6535468101501465,1.0200918912887573,0.9244972467422485,0.8640756607055664,0.9163181185722351,0.9399355053901672,0.743009626865387,0.8802725076675415,0.6025980710983276,1.1358449459075928,0.7781215310096741
475,0.5212822556495667,0.4117318093776703,0.5898764133453369,0.5943419337272644,0.7027022838592529,0.6013329029083252,0.4696085453033447,0.3442346751689911,1.1490072011947632,1.4344749450683594,1.0802758932113647,0.9736613035202026
476,0.8562467694282532,0.7371541261672974,0.555444598197937,0.37092581391334534,1.0684059858322144,1.2432953119277954,1.4868663549423218,1.0365561246871948,0.8204288482666016,0.6442945003509521,0.6820622682571411,0.5786306262016296
477,0.9937904477119446,1.2167444229125977,0.4089466631412506,0.38549548387527466,0.9069437980651855,0.7660046815872192,0.7494102120399475,0.532061755657196,0.3705492317676544,0.2761811912059784,0.3664305806159973,0.22833611071109772
478,0.6831207275390625,0.545531153678894,0.8130468130111694,0.8325433135032654,0.4870017170906067,0.5090521574020386,0.5811840295791626,0.4630663990974426,0.3053145408630371,0.22859008610248566,0.9463254809379578,1.6003295183181763
479,0.707362711429596,0.6417533755302429,0.6636469960212708,0.5905234813690186,0.9521379470825195,1.3140766620635986,0.67798912525177,0.5384337306022644,0.4041377902030945,0.32676494121551514,0.9702576398849487,0.9782243371009827
480,0.5909903645515442,0.6087872982025146,0.8068445920944214,0.6491867303848267,0.6723190546035767,0.6692798733711243,1.2674243450164795,1.4135018587112427,1.3373117446899414,1.6522798538208008,0.7008702158927917,0.6747207045555115
481,0.9779363870620728,0.913855254650116,0.7104891538619995,0.8525667190551758,0.6381838321685791,0.5051327347755432,1.201827049255371,1.3654358386993408,0.6265543103218079,0.7200458645820618,1.1065456867218018,1.0933955907821655
482,0.9841880798339844,0.9860426783561707,1.027496099472046,1.2400156259536743,1.3716305494308472,1.060399055480957,1.0605602264404297,0.9181278347969055,0.7871285676956177,1.250619649887085,0.5428524613380432,0.5388092398643494
483,0.8547886610031128,0.7937024831771851,0.8093832731246948,0.6635798811912537,0.8715785145759583,1.0878301858901978,1.1914042234420776,1.0226184129714966,0.5209717154502869,0.4973633587360382,0.6002804040908813,0.5788456201553345
484,0.42402058839797974,0.28643879294395447,1.3340213298797607,1.5574995279312134,0.9166015386581421,1.0527929067611694,1.4947484731674194,1.6747922897338867,0.4689449369907379,0.3643079102039337,1.6138145923614502,1.7520958185195923
485,0.6704807281494141,0.7091687321662903,0.6549137234687805,0.7403978705406189,0.5947573781013489,0.8317343592643738,0.9452520608901978,0.7815635800361633,1.2674795389175415,1.8431174755096436,0.45983022451400757,0.4975103735923767
486,0.8692180514335632,0.7133410573005676,0.681800901889801,0.5201333165168762,0.4903334975242615,0.6029618382453918,0.5989624857902527,0.5315089225769043,0.4133986830711365,0.39385437965393066,0.36150625348091125,0.33874860405921936
487,1.153307557106018,0.9323487281799316,1.0369793176651,0.8071643710136414,1.0119965076446533,1.1158148050308228,0.8191941976547241,0.5421704053878784,0.9138886332511902,1.6785755157470703,1.2829985618591309,1.4412661790847778
488,0.5132665038108826,0.5554018020629883,0.7705875635147095,0.9296845197677612,0.7482735514640808,0.872638463973999,0.9422616958618164,1.1691540479660034,0.5895084142684937,0.8145649433135986,0.8741467595100403,1.0823768377304077
489,1.3620331287384033,1.7934908866882324,0.8287490606307983,1.1475987434387207,0.502417266368866,0.49662452936172485,1.3122954368591309,2.045823335647583,1.0197560787200928,2.019143581390381,1.129245400428772,1.1070955991744995
490,0.8690323829650879,0.7170242071151733,1.051159143447876,0.8376519083976746,0.4052616059780121,0.36479464173316956,0.9806639552116394,1.6195282936096191,0.912370502948761,1.0984687805175781,1.0925743579864502,1.074700951576233
491,0.9460927248001099,0.9585661888122559,0.9959229230880737,0.9501463770866394,0.29491549730300903,0.2160102277994156,0.8560442924499512,0.8342404365539551,0.6864057183265686,0.764238178730011,0.8053414225578308,0.5219125151634216
492,0.8673104047775269,0.8805476427078247,0.4612884521484375,0.3209538161754608,1.0260812044143677,0.8033646941184998,1.1748464107513428,0.8248467445373535,0.905838668346405,1.476058840751648,0.3891982138156891,0.5450844168663025
493,0.48246845602989197,0.5588324666023254,0.5297361016273499,0.3447706401348114,0.4655004143714905,0.4903743267059326,0.4537695348262787,0.36695143580436707,0.46822553873062134,0.4999639093875885,0.4317806661128998,0.5768957734107971
494,0.5125613212585449,0.42450395226478577,0.5635812878608704,0.5592750310897827,1.026770830154419,1.009357213973999,0.5954948663711548,0.35194775462150574,0.748532772064209,0.9939306974411011,0.9391471743583679,1.6009457111358643
495,0.9602945446968079,1.2236461639404297,0.6309090852737427,0.5411461591720581,1.2824132442474365,1.6141237020492554,1.0341944694519043,1.0013818740844727,0.3878553509712219,0.3528374135494232,0.7703448534011841,0.8151466846466064
496,0.6235314607620239,0.6194750070571899,0.6873027086257935,0.5741526484489441,1.0213208198547363,0.9961556792259216,0.9975390434265137,1.6746675968170166,1.036895751953125,1.582062005996704,0.35258492827415466,0.3915444314479828
497,0.5440737009048462,0.588217556476593,0.848347008228302,0.5899564027786255,0.6485050916671753,0.8640040755271912,0.4836672246456146,0.4278937876224518,1.0218030214309692,1.8685731887817383,0.658779501914978,0.7290875315666199
498,0.6392165422439575,0.8143280148506165,0.4031679034233093,0.3312940299510956,0.3290954828262329,0.2527916729450226,0.8893910646438599,1.4581605195999146,0.8027615547180176,0.7744272351264954,0.5877732634544373,0.6053761839866638
499,0.8946173787117004,1.126255750656128,1.5985455513000488,1.2932491302490234,1.1868354082107544,1.4673312902450562,1.4038761854171753,1.723002552986145,0.32997623085975647,0.3294883966445923,0.5000864863395691,0.6024889349937439
500,0.7977544665336609,0.8682096600532532,0.5169132351875305,0.6317885518074036,0.37936511635780334,0.33397939801216125,0.6109197735786438,0.5306419134140015,1.1424572467803955,1.2688206434249878,0.8696082830429077,1.064396619796753
