X,TD_mean,TD_std,TD+NOV_mean,TD+NOV_std,TD+UNC_mean,TD+UNC_std,FULL_mean,FULL_std,MULT_mean,MULT_std,GATE_mean,GATE_std
1,nan,nan,nan,nan,nan,nan,nan,nan,nan,nan,nan,nan
2,0.9823574423789978,0.0,0.9823598265647888,0.0,0.9823766350746155,0.0,0.9823790788650513,0.0,0.9824258089065552,0.0,0.9823761582374573,0.0
3,0.9449861645698547,0.027295783162117004,0.9449896812438965,0.027295244857668877,0.9450125694274902,0.027291342616081238,0.9450160264968872,0.02729080431163311,0.9450710415840149,0.02728572115302086,0.9450119137763977,0.027291232720017433
4,0.9254280924797058,0.051048822700977325,0.9254319667816162,0.05104857310652733,0.9254584908485413,0.05104043707251549,0.9254624247550964,0.0510401576757431,0.9255240559577942,0.051024485379457474,0.9254572987556458,0.0510413758456707
5,0.8744750022888184,0.05857381597161293,0.8744797706604004,0.05857366696000099,0.8745146989822388,0.058563776314258575,0.8745195269584656,0.05856364220380783,0.8745983242988586,0.058540478348731995,0.874512791633606,0.05856560915708542
6,0.8160774111747742,0.055573731660842896,0.8160829544067383,0.05557379126548767,0.8161271214485168,0.05556509643793106,0.816132664680481,0.05556517466902733,0.8162306547164917,0.055545784533023834,0.8161246180534363,0.05556679517030716
7,0.7899366617202759,0.057364653795957565,0.7899423241615295,0.05736478045582771,0.7899908423423767,0.05735613405704498,0.7899965047836304,0.05735627934336662,0.7901034355163574,0.05733644589781761,0.7899878621101379,0.05735782906413078
8,0.7545188665390015,0.053564008325338364,0.7545247077941895,0.053564444184303284,0.7545791864395142,0.0535571351647377,0.7545850872993469,0.053557563573122025,0.7547038793563843,0.053539324551820755,0.754575788974762,0.053558625280857086
9,0.7182883620262146,0.05453024432063103,0.7182942628860474,0.05453086271882057,0.7183550596237183,0.05452343821525574,0.7183610200881958,0.054524075239896774,0.7184916138648987,0.05450928583741188,0.7183511257171631,0.05452462658286095
10,0.6829396486282349,0.06620218604803085,0.6829456090927124,0.06620299071073532,0.6830124258995056,0.06619343161582947,0.6830183863639832,0.06619425117969513,0.6831594705581665,0.06618146598339081,0.683008074760437,0.06619448214769363
11,0.6536895036697388,0.06966087222099304,0.6536953449249268,0.06966178119182587,0.6537673473358154,0.06965193152427673,0.6537731885910034,0.06965283304452896,0.6539226770401001,0.06964390724897385,0.6537623405456543,0.06965286284685135
12,0.6249744296073914,0.07638470083475113,0.6249801516532898,0.07638566941022873,0.6250563859939575,0.07637576758861542,0.6250621676445007,0.07637674361467361,0.6252202987670898,0.07636518031358719,0.6250511407852173,0.07637695968151093
13,0.5914953947067261,0.08386511355638504,0.5915010571479797,0.08386610448360443,0.5915803909301758,0.08385751396417618,0.5915859341621399,0.08385848253965378,0.5917530059814453,0.08384393155574799,0.5915745496749878,0.08385878056287766
14,0.5633741021156311,0.08754248917102814,0.5633794665336609,0.0875435397028923,0.5643434524536133,0.08557803928852081,0.5643488764762878,0.08557906001806259,0.564525306224823,0.0855659618973732,0.5643371939659119,0.0855792984366417
15,0.544094443321228,0.08963079750537872,0.5440996885299683,0.08963187783956528,0.5457308292388916,0.08605276048183441,0.5457360744476318,0.08605378121137619,0.5459197759628296,0.08604219555854797,0.545724093914032,0.08605398237705231
16,0.5231104493141174,0.08683041483163834,0.5231154561042786,0.0868314653635025,0.5246548056602478,0.08348813652992249,0.5250189900398254,0.08321065455675125,0.5252114534378052,0.08319935202598572,0.5246476531028748,0.08348942548036575
17,0.503986656665802,0.08922186493873596,0.5039914846420288,0.08922295272350311,0.5063011050224304,0.08430685847997665,0.5059677362442017,0.08454737067222595,0.5061681866645813,0.08453519642353058,0.5062937140464783,0.08430816978216171
18,0.4885750412940979,0.08521925657987595,0.48857975006103516,0.08522029221057892,0.49063926935195923,0.0809168890118599,0.49130988121032715,0.0804533064365387,0.49151745438575745,0.08044271171092987,0.4906315803527832,0.08091817051172256
19,0.47411927580833435,0.08629144728183746,0.47412389516830444,0.08629246801137924,0.472243070602417,0.09068874269723892,0.4753684103488922,0.08856230974197388,0.475580632686615,0.08855713903903961,0.4722351133823395,0.09069020301103592
20,0.4617244303226471,0.08596330881118774,0.46172887086868286,0.0859643742442131,0.4613350033760071,0.087067149579525,0.46377143263816833,0.08540523797273636,0.46399012207984924,0.08540154993534088,0.4613268971443176,0.08706855773925781
21,0.4465212821960449,0.07968476414680481,0.44652557373046875,0.0796857625246048,0.445882648229599,0.08138249069452286,0.44822216033935547,0.07979076355695724,0.44845080375671387,0.07978911697864532,0.4458742141723633,0.08138389140367508
22,0.436165988445282,0.07738306373357773,0.43617019057273865,0.07738403975963593,0.43582281470298767,0.07839790731668472,0.4378019869327545,0.07701420038938522,0.43803733587265015,0.07701308280229568,0.4358142018318176,0.07839929312467575
23,0.42596644163131714,0.07420331239700317,0.4259706139564514,0.07420428842306137,0.4256533086299896,0.075163334608078,0.42784708738327026,0.07366184890270233,0.4280899465084076,0.07366295158863068,0.4256444573402405,0.07516468316316605
24,0.4139515459537506,0.07495053112506866,0.4139555096626282,0.07495150715112686,0.41433364152908325,0.07429435849189758,0.41790637373924255,0.07144942134618759,0.4181569516658783,0.07145167142152786,0.4143245816230774,0.07429578900337219
25,0.40607428550720215,0.07294780015945435,0.40607815980911255,0.07294873893260956,0.40647387504577637,0.07225053012371063,0.4096677303314209,0.06961739808320999,0.4099256992340088,0.06961976736783981,0.4064645767211914,0.07225203514099121
26,0.39844128489494324,0.07112603634595871,0.3984450697898865,0.07112697511911392,0.3986782431602478,0.07079963386058807,0.4017791748046875,0.06823434680700302,0.40204501152038574,0.06823771446943283,0.39866870641708374,0.07080116868019104
27,0.3900105357170105,0.06853578239679337,0.3900141716003418,0.06853669136762619,0.39012378454208374,0.06849844753742218,0.3929107189178467,0.0662461519241333,0.3931860327720642,0.06624982506036758,0.3901140093803406,0.06850000470876694
28,0.38104844093322754,0.06660947948694229,0.3810519576072693,0.06661038100719452,0.37377992272377014,0.07460203766822815,0.3765031695365906,0.07304064184427261,0.3772353529930115,0.07237644493579865,0.3737700283527374,0.07460320740938187
29,0.3726089298725128,0.06455505639314651,0.3726123869419098,0.06455592811107635,0.3657817542552948,0.07218755036592484,0.36884254217147827,0.0704450011253357,0.36928433179855347,0.07023201882839203,0.3657715618610382,0.07218876481056213
30,0.3651965260505676,0.06273203343153,0.36519983410835266,0.06273289024829865,0.3583187460899353,0.07039429247379303,0.36110466718673706,0.06887084245681763,0.3615548610687256,0.06866760551929474,0.3583083152770996,0.07039554417133331
31,0.3576721251010895,0.06114589422941208,0.35767537355422974,0.061146751046180725,0.35125458240509033,0.06826779991388321,0.3541557192802429,0.06672626733779907,0.35472458600997925,0.06636127829551697,0.35124388337135315,0.0682690441608429
32,0.350669801235199,0.05947716161608696,0.3506729006767273,0.059477996081113815,0.3443576991558075,0.06653773784637451,0.34711769223213196,0.06500757485628128,0.34782499074935913,0.0644615888595581,0.3443467319011688,0.06653904169797897
33,0.34492748975753784,0.05705743283033371,0.3449305295944214,0.05705827474594116,0.3384793996810913,0.0643668994307518,0.3411586880683899,0.06293582171201706,0.3419943153858185,0.06220865249633789,0.33846813440322876,0.06436814367771149
34,0.33944013714790344,0.05578713119029999,0.33944302797317505,0.055787961930036545,0.333172082901001,0.0627332404255867,0.33575716614723206,0.06132715567946434,0.3366226255893707,0.06057974696159363,0.3331605792045593,0.06273452192544937
35,0.3338453471660614,0.05441282317042351,0.33384817838668823,0.05441366881132126,0.3277971148490906,0.061163242906332016,0.33006802201271057,0.05988333374261856,0.3309077322483063,0.05919286981225014,0.3277854323387146,0.06116453558206558
36,0.3290991485118866,0.053313516080379486,0.32910194993019104,0.05331436172127724,0.32331228256225586,0.0597892627120018,0.32582104206085205,0.05832691490650177,0.326686292886734,0.05761409178376198,0.3233003616333008,0.05979057773947716
37,0.3235212564468384,0.05133870616555214,0.32352393865585327,0.05133954808115959,0.31779175996780396,0.057728223502635956,0.3200611174106598,0.05643364414572716,0.32082462310791016,0.05589722469449043,0.3177795708179474,0.05772954598069191
38,0.318038672208786,0.049887750297784805,0.31804126501083374,0.04988861083984375,0.312593013048172,0.05605926364660263,0.3146090805530548,0.05488070845603943,0.3153524100780487,0.0543978214263916,0.31258055567741394,0.056060612201690674
39,0.3111620545387268,0.047458466142416,0.3111644983291626,0.047459352761507034,0.3060479462146759,0.05328454077243805,0.30784347653388977,0.052232496440410614,0.3087894320487976,0.051715534180402756,0.30603519082069397,0.0532858744263649
40,0.3065420389175415,0.04559142142534256,0.30654436349868774,0.04559233784675598,0.30149176716804504,0.05133725702762604,0.3030907213687897,0.05040005221962929,0.3041439652442932,0.04993380233645439,0.30147868394851685,0.05133865401148796
41,0.3018462061882019,0.04436281695961952,0.30184847116470337,0.04436377063393593,0.29696589708328247,0.04985407739877701,0.29865479469299316,0.0488869734108448,0.29976606369018555,0.048398617655038834,0.2969525456428528,0.04985545948147774
42,0.2976961135864258,0.04314259812235832,0.2976982593536377,0.04314359277486801,0.292779803276062,0.048649370670318604,0.2944115102291107,0.047708917409181595,0.29552021622657776,0.04721107333898544,0.29276615381240845,0.048650775104761124
43,0.2939867377281189,0.041660234332084656,0.29398876428604126,0.041661281138658524,0.2892093062400818,0.047071292996406555,0.2906144857406616,0.04625389724969864,0.29164114594459534,0.045893896371126175,0.2891954779624939,0.04707268998026848
44,0.2897701561450958,0.040208496153354645,0.289772093296051,0.040209587663412094,0.2852531373500824,0.045324649661779404,0.2867075204849243,0.04443690925836563,0.28760626912117004,0.044070009142160416,0.285239040851593,0.04532601311802864
45,0.286282479763031,0.039029981940984726,0.28628435730934143,0.039031121879816055,0.28172001242637634,0.0442221574485302,0.28285595774650574,0.04352520778775215,0.28393077850341797,0.04296039044857025,0.28170567750930786,0.04422353208065033
46,0.2831125855445862,0.03832821920514107,0.28311437368392944,0.038329411298036575,0.2785973846912384,0.043400656431913376,0.2798181176185608,0.04262033477425575,0.2809832692146301,0.04208933189511299,0.27858278155326843,0.04340217635035515
47,0.2801813781261444,0.036985836923122406,0.2801830470561981,0.0369870588183403,0.27558034658432007,0.042275577783584595,0.2766123116016388,0.0416124202311039,0.2778618037700653,0.041003525257110596,0.27556556463241577,0.04227713122963905
48,0.2768492102622986,0.035768765956163406,0.27685075998306274,0.035770025104284286,0.27243876457214355,0.04093420132994652,0.2735110819339752,0.04024628922343254,0.2744291424751282,0.03979836031794548,0.2724236249923706,0.04093590006232262
49,0.2734214663505554,0.03456864133477211,0.2734229266643524,0.03456995263695717,0.2691316604614258,0.039624057710170746,0.27010807394981384,0.03902037441730499,0.2712953984737396,0.038526587188243866,0.26911625266075134,0.03962579742074013
50,0.27043601870536804,0.03351643308997154,0.2704373896121979,0.033517830073833466,0.2660343647003174,0.03881131112575531,0.2669803202152252,0.03822115808725357,0.26833727955818176,0.037356436252593994,0.26601868867874146,0.038813021034002304
51,0.2673012614250183,0.03230493143200874,0.2673025131225586,0.032306402921676636,0.262997031211853,0.0374961756169796,0.2638644576072693,0.03694887459278107,0.2653734087944031,0.03603971749544144,0.2629810869693756,0.03749794885516167
52,0.2648659646511078,0.03167913109064102,0.2648671269416809,0.031680699437856674,0.26064053177833557,0.036753930151462555,0.261539101600647,0.036178506910800934,0.26303336024284363,0.03541087359189987,0.26062437891960144,0.036755722016096115
53,0.2620878517627716,0.030508123338222504,0.26208892464637756,0.030509797856211662,0.25790053606033325,0.03550369292497635,0.2588222622871399,0.03491561859846115,0.26028409600257874,0.034074749797582626,0.25788432359695435,0.03550552949309349
54,0.26002711057662964,0.02969229780137539,0.2600281834602356,0.029694005846977234,0.2558652460575104,0.03470266982913017,0.2566950023174286,0.03416699171066284,0.25819775462150574,0.03334368020296097,0.25584885478019714,0.034704532474279404
55,0.25769805908203125,0.028981061652302742,0.2576991021633148,0.028982877731323242,0.253603994846344,0.03396378830075264,0.2543930113315582,0.03343994915485382,0.2559027075767517,0.03257495164871216,0.25358742475509644,0.03396560251712799
56,0.25539493560791016,0.028146136552095413,0.25539591908454895,0.028148069977760315,0.25144606828689575,0.03296200931072235,0.25226035714149475,0.032406169921159744,0.2536211311817169,0.03173482045531273,0.25142934918403625,0.032963827252388
57,0.25286298990249634,0.026950694620609283,0.25286391377449036,0.02695268951356411,0.24901679158210754,0.03166477382183075,0.24974007904529572,0.031164804473519325,0.25118309259414673,0.030458807945251465,0.24899983406066895,0.03166668489575386
58,0.25041982531547546,0.026006631553173065,0.25042062997817993,0.026008840650320053,0.246364563703537,0.03115612454712391,0.24718758463859558,0.030610667541623116,0.24895253777503967,0.029352586716413498,0.24634723365306854,0.031158411875367165
59,0.2487436830997467,0.025534357875585556,0.2487444430589676,0.02553669735789299,0.24475827813148499,0.03060317225754261,0.2453933209180832,0.030165571719408035,0.24716034531593323,0.028834307566285133,0.24474063515663147,0.030605552718043327
60,0.2467370331287384,0.024926191195845604,0.2467377483844757,0.0249286200851202,0.24291181564331055,0.029876749962568283,0.24353384971618652,0.02943015657365322,0.2452842891216278,0.028141923248767853,0.24289390444755554,0.02987920306622982
61,0.24494118988513947,0.02433360554277897,0.2449418604373932,0.024336103349924088,0.24130646884441376,0.02909565158188343,0.24194248020648956,0.02863387018442154,0.2436274290084839,0.027459006756544113,0.24128834903240204,0.029098106548190117
62,0.2433212548494339,0.023799879476428032,0.24332192540168762,0.023802386596798897,0.23978742957115173,0.028345009312033653,0.2403220385313034,0.027951130643486977,0.24204309284687042,0.02687772735953331,0.23976902663707733,0.028347637504339218
63,0.24183496832847595,0.02310062013566494,0.24183562397956848,0.023103225976228714,0.23807506263256073,0.02805204875767231,0.23853842914104462,0.027718594297766685,0.24048857390880585,0.02608906291425228,0.2380562126636505,0.028055019676685333
64,0.24048307538032532,0.022603148594498634,0.24048364162445068,0.022605830803513527,0.23678040504455566,0.02756505087018013,0.23720383644104004,0.027258852496743202,0.23918285965919495,0.025595813989639282,0.23676124215126038,0.027568137273192406
65,0.2391083687543869,0.022045722231268883,0.23910894989967346,0.022048404440283775,0.23536960780620575,0.02716207131743431,0.23572447896003723,0.026906007900834084,0.23787526786327362,0.02509656548500061,0.23535022139549255,0.027165254577994347
66,0.2376897782087326,0.02154283970594406,0.2376902997493744,0.021545667201280594,0.2339465171098709,0.02671019919216633,0.23420099914073944,0.026525231078267097,0.23647236824035645,0.02461831644177437,0.23392681777477264,0.026713399216532707
67,0.23640795052051544,0.020997093990445137,0.23640835285186768,0.021000124514102936,0.23267073929309845,0.026111537590622902,0.23289385437965393,0.025949746370315552,0.23514039814472198,0.024101214483380318,0.23265090584754944,0.02611478418111801
68,0.2350073754787445,0.020558994263410568,0.23500771820545197,0.02056216634809971,0.23134252429008484,0.025645455345511436,0.2314780205488205,0.025549234822392464,0.2335900068283081,0.023690011352300644,0.2313224822282791,0.025648778304457664
69,0.23392517864704132,0.02006249502301216,0.23392537236213684,0.020065804943442345,0.23024387657642365,0.025204190984368324,0.23037227988243103,0.025113003328442574,0.2324788123369217,0.02348947897553444,0.23022358119487762,0.025207744911313057
70,0.23292724788188934,0.01962612383067608,0.23292727768421173,0.019629724323749542,0.22929099202156067,0.02480127103626728,0.2293585240840912,0.024754058569669724,0.23144295811653137,0.022899415343999863,0.22927036881446838,0.024804983288049698
71,0.23148754239082336,0.019252635538578033,0.231487438082695,0.019256509840488434,0.22782555222511292,0.024442410096526146,0.22787876427173615,0.024406056851148605,0.2300950586795807,0.022640705108642578,0.22780470550060272,0.024446262046694756
72,0.23024781048297882,0.01851976476609707,0.23024749755859375,0.01852387562394142,0.22634156048297882,0.02421151101589203,0.22637951374053955,0.02418658696115017,0.228688046336174,0.022156381979584694,0.22632047533988953,0.024215465411543846
73,0.22923555970191956,0.018089281395077705,0.22923508286476135,0.01809367723762989,0.22525446116924286,0.023849721997976303,0.225051611661911,0.02417268417775631,0.2275559902191162,0.02185346931219101,0.22523319721221924,0.023853721097111702
74,0.22800087928771973,0.017945770174264908,0.228000208735466,0.01795038767158985,0.2241392880678177,0.023510193452239037,0.22396302223205566,0.023777278140187263,0.2263651341199875,0.02163717895746231,0.22411775588989258,0.023514430969953537
75,0.22689254581928253,0.017480209469795227,0.22689180076122284,0.017484895884990692,0.2227582186460495,0.023568524047732353,0.22265414893627167,0.02373330667614937,0.22496703267097473,0.021247677505016327,0.22273609042167664,0.02357335574924946
76,0.2259882688522339,0.017303476110100746,0.22598738968372345,0.017308343201875687,0.22201776504516602,0.023149924352765083,0.2218637764453888,0.023399807512760162,0.22412577271461487,0.021094489842653275,0.22199542820453644,0.023154884576797485
77,0.22487175464630127,0.016878575086593628,0.2248707115650177,0.016883552074432373,0.22085747122764587,0.022805755957961082,0.22072724997997284,0.023029722273349762,0.22308382391929626,0.020808035507798195,0.22083480656147003,0.022810781374573708
78,0.2237471640110016,0.016682185232639313,0.22374586760997772,0.016687432304024696,0.2198188602924347,0.022394778206944466,0.21961233019828796,0.022752366960048676,0.22205862402915955,0.02069355919957161,0.21979589760303497,0.0223997849971056
79,0.2228091061115265,0.016567494720220566,0.22280769050121307,0.016572849825024605,0.2190263271331787,0.02216850221157074,0.21882519125938416,0.022474559023976326,0.22120817005634308,0.02042165957391262,0.21900315582752228,0.022173570469021797
80,0.2220144271850586,0.016421522945165634,0.22201284766197205,0.01642712391912937,0.21825209259986877,0.021974241361021996,0.218049094080925,0.022247059270739555,0.22028525173664093,0.020287415012717247,0.21822865307331085,0.021979307755827904
81,0.2212367057800293,0.016072064638137817,0.22123506665229797,0.016077639535069466,0.21734413504600525,0.021831080317497253,0.21716244518756866,0.02211599051952362,0.21944260597229004,0.02019834890961647,0.217320516705513,0.021836064755916595
82,0.22042688727378845,0.015606853179633617,0.22042515873908997,0.015612483955919743,0.21655181050300598,0.021512608975172043,0.21640832722187042,0.021688727661967278,0.21872448921203613,0.019866375252604485,0.21652784943580627,0.021517636254429817
83,0.21973499655723572,0.015233876183629036,0.2197330743074417,0.015239613130688667,0.21579965949058533,0.02129157818853855,0.21561333537101746,0.021497946232557297,0.2179049700498581,0.019472584128379822,0.21577544510364532,0.021296661347150803
84,0.21881262958049774,0.015053525567054749,0.21881048381328583,0.015059364028275013,0.21497170627117157,0.020961031317710876,0.21480174362659454,0.021171707659959793,0.21710939705371857,0.01906668208539486,0.2149471789598465,0.0209663063287735
85,0.2181357890367508,0.014549297280609608,0.21813353896141052,0.014555172994732857,0.21416819095611572,0.020727401599287987,0.21398627758026123,0.020827705040574074,0.21626457571983337,0.01887008547782898,0.2141432762145996,0.020732764154672623
86,0.21717038750648499,0.014251128770411015,0.21716788411140442,0.014256893657147884,0.2133598029613495,0.020145736634731293,0.21320298314094543,0.02029963955283165,0.21544066071510315,0.018315346911549568,0.21333464980125427,0.020151235163211823
87,0.21638557314872742,0.014067423529922962,0.21638266742229462,0.01407308503985405,0.21280410885810852,0.01961582899093628,0.21265742182731628,0.019815996289253235,0.2148393839597702,0.017908643931150436,0.2127787321805954,0.019621577113866806
88,0.21575753390789032,0.01387990452349186,0.21575431525707245,0.013885361142456532,0.21222952008247375,0.019342564046382904,0.21207797527313232,0.01946401782333851,0.21409359574317932,0.0177090335637331,0.21220390498638153,0.01934858225286007
89,0.21508798003196716,0.013657817617058754,0.21508440375328064,0.013662959448993206,0.21164926886558533,0.01905079185962677,0.2115146666765213,0.019193531945347786,0.2134513109922409,0.01751943863928318,0.21162328124046326,0.01905696839094162
90,0.2141093760728836,0.01352490484714508,0.21410539746284485,0.013529743067920208,0.2108982503414154,0.018476547673344612,0.21079251170158386,0.018628761172294617,0.21271952986717224,0.01715877279639244,0.21087200939655304,0.01848282851278782
91,0.2133144587278366,0.0129275256767869,0.21331004798412323,0.012931828387081623,0.2100537270307541,0.017954209819436073,0.2099086344242096,0.01814263127744198,0.21182498335838318,0.016824964433908463,0.21002726256847382,0.017960315570235252
92,0.21264159679412842,0.012704486958682537,0.21263699233531952,0.012708204798400402,0.2094639539718628,0.01756465435028076,0.20937713980674744,0.01766546070575714,0.21114738285541534,0.01653326116502285,0.2094373255968094,0.01757073402404785
93,0.21204793453216553,0.012355772778391838,0.2120431363582611,0.012358840554952621,0.20882651209831238,0.017368899658322334,0.20884151756763458,0.017281046137213707,0.21031038463115692,0.016441719606518745,0.20879971981048584,0.017375031486153603
94,0.21123215556144714,0.012108027935028076,0.21122732758522034,0.012110656127333641,0.20817354321479797,0.016932524740695953,0.20827820897102356,0.016674170270562172,0.20950956642627716,0.016016488894820213,0.20814648270606995,0.01693863421678543
95,0.21048691868782043,0.011965806595981121,0.21048204600811005,0.011968112550675869,0.20750048756599426,0.01665821298956871,0.20762033760547638,0.01639964058995247,0.209015890955925,0.015809835866093636,0.20747312903404236,0.016664210706949234
96,0.20983704924583435,0.01148470863699913,0.20983202755451202,0.011486251838505268,0.20681917667388916,0.016493210569024086,0.20709875226020813,0.01590035855770111,0.2082880735397339,0.015489642508327961,0.2067917287349701,0.016499219462275505
97,0.20917832851409912,0.011239111423492432,0.2091730833053589,0.011239979416131973,0.20621223747730255,0.01618507131934166,0.20643654465675354,0.015704834833741188,0.20754320919513702,0.015094832517206669,0.20618467032909393,0.016190992668271065
98,0.20847320556640625,0.011150323785841465,0.20846769213676453,0.01115104928612709,0.20564015209674835,0.016052458435297012,0.20609787106513977,0.015115749090909958,0.20683149993419647,0.015137293376028538,0.20561258494853973,0.01605837792158127
99,0.20781099796295166,0.010740967467427254,0.20780551433563232,0.01074140053242445,0.20502972602844238,0.015661070123314857,0.20549793541431427,0.014744855463504791,0.2062850296497345,0.014894591644406319,0.20500202476978302,0.015666846185922623
100,0.20708246529102325,0.01077057234942913,0.20707683265209198,0.010770844295620918,0.20440873503684998,0.015492696315050125,0.20490241050720215,0.014592178165912628,0.205712229013443,0.014693202450871468,0.2043808251619339,0.015498346649110317
101,0.20648720860481262,0.010531466454267502,0.20648157596588135,0.010531390085816383,0.20383214950561523,0.015145485289394855,0.20430760085582733,0.01422844361513853,0.20492176711559296,0.014519319869577885,0.20380404591560364,0.015150941908359528
102,0.20575082302093506,0.010285524651408195,0.20574505627155304,0.01028464362025261,0.20313218235969543,0.014787505380809307,0.20366442203521729,0.013801569119095802,0.20395617187023163,0.014116191305220127,0.2031039446592331,0.014792799949645996
103,0.20519551634788513,0.009990436024963856,0.20518973469734192,0.009989061392843723,0.20253972709178925,0.014595048502087593,0.2031479775905609,0.013462760485708714,0.2031172811985016,0.014101572334766388,0.20251131057739258,0.014600362628698349
104,0.20453038811683655,0.009590881876647472,0.20452448725700378,0.009589090943336487,0.2019091099500656,0.014213815331459045,0.20247802138328552,0.013072201050817966,0.2024689018726349,0.013921894133090973,0.2018805295228958,0.014219192788004875
105,0.20386581122875214,0.00954573042690754,0.2038591206073761,0.009545428678393364,0.20146444439888,0.013719553127884865,0.2019375115633011,0.012798374518752098,0.20178458094596863,0.013685476034879684,0.201436847448349,0.013724314980208874
106,0.2030259072780609,0.00953371450304985,0.203020840883255,0.009529576636850834,0.2007581889629364,0.013520668260753155,0.20122520625591278,0.012761595658957958,0.20108389854431152,0.013435604982078075,0.20073023438453674,0.013525407761335373
107,0.20229068398475647,0.009369728155434132,0.20228561758995056,0.009365095756947994,0.20003218948841095,0.013293769210577011,0.2005172073841095,0.012343537993729115,0.2004965990781784,0.01322346180677414,0.20000381767749786,0.013298667967319489
108,0.20166222751140594,0.009380978532135487,0.20165705680847168,0.009376022033393383,0.19937388598918915,0.013361102901399136,0.20000037550926208,0.012088306248188019,0.19985754787921906,0.013218591921031475,0.19934514164924622,0.013366174884140491
109,0.20076565444469452,0.009461178444325924,0.20076055824756622,0.009455887600779533,0.19863465428352356,0.013272598385810852,0.1994376927614212,0.011761961504817009,0.19923575222492218,0.01316050160676241,0.19862914085388184,0.013267002068459988
110,0.20000311732292175,0.009420144371688366,0.19999614357948303,0.009418018162250519,0.19803006947040558,0.012858930043876171,0.19887271523475647,0.011378291063010693,0.19866693019866943,0.012773827649652958,0.1980154812335968,0.012856750749051571
111,0.19944891333580017,0.00907667726278305,0.19944196939468384,0.00907453428953886,0.19746056199073792,0.012303323484957218,0.1982400268316269,0.010993500240147114,0.19809052348136902,0.012587168253958225,0.19744053483009338,0.012303820811212063
112,0.19881846010684967,0.008908780291676521,0.19881027936935425,0.00890793651342392,0.19693061709403992,0.012117443606257439,0.19773539900779724,0.010829808190464973,0.19743528962135315,0.01225232146680355,0.19689401984214783,0.012125968933105469
113,0.19811692833900452,0.008597402833402157,0.19811038672924042,0.008593376725912094,0.19629935920238495,0.012030526995658875,0.19715511798858643,0.010685372166335583,0.19674421846866608,0.011835252866148949,0.19628851115703583,0.012027031742036343
114,0.19731846451759338,0.008398409001529217,0.19731232523918152,0.008393307216465473,0.19560906291007996,0.011517682112753391,0.1964206099510193,0.010316962376236916,0.19608013331890106,0.011503959074616432,0.1955588161945343,0.011532321572303772
115,0.19661352038383484,0.008317152969539165,0.19660736620426178,0.008311664685606956,0.1950613111257553,0.011386620812118053,0.19590535759925842,0.010148639790713787,0.1954202651977539,0.011344692669808865,0.1950141340494156,0.011399398557841778
116,0.19577941298484802,0.008323012851178646,0.19577351212501526,0.008316997438669205,0.1943647563457489,0.01115772221237421,0.1953800618648529,0.009603611193597317,0.19471189379692078,0.011134420521557331,0.19429130852222443,0.011180893518030643
117,0.19489595293998718,0.00838401447981596,0.19489042460918427,0.008376146666705608,0.19371077418327332,0.010941668413579464,0.19487369060516357,0.009113028645515442,0.1938893347978592,0.010767174884676933,0.19367745518684387,0.010948684997856617
118,0.1941179633140564,0.008261773735284805,0.1941126137971878,0.008252996951341629,0.1929851472377777,0.01060227770358324,0.19439366459846497,0.008741647005081177,0.19345761835575104,0.010693397372961044,0.19305333495140076,0.010565840639173985
119,0.1931307315826416,0.008055626414716244,0.19312556087970734,0.00804590992629528,0.19214928150177002,0.010167215950787067,0.19374604523181915,0.008459758944809437,0.19271478056907654,0.010644723661243916,0.1921941339969635,0.01014029048383236
120,0.19239681959152222,0.007897579111158848,0.1923920065164566,0.007886968553066254,0.19161541759967804,0.009867257438600063,0.19327130913734436,0.008188549429178238,0.19194288551807404,0.010639477521181107,0.19169023633003235,0.009829075075685978
121,0.19138456881046295,0.007924345321953297,0.1913800835609436,0.007912362925708294,0.19062328338623047,0.009700566530227661,0.1925811469554901,0.008087342604994774,0.1913280189037323,0.010376778431236744,0.1907033771276474,0.009664449840784073
122,0.19009098410606384,0.007966095581650734,0.1900867074728012,0.007953078486025333,0.19001874327659607,0.009550623595714569,0.192249596118927,0.008013107813894749,0.19076648354530334,0.010308080352842808,0.19007721543312073,0.00952019914984703
123,0.1891157180070877,0.008006195537745953,0.18911141157150269,0.00799308530986309,0.1892174929380417,0.00942970160394907,0.19174781441688538,0.007877700962126255,0.19017139077186584,0.010011005215346813,0.18929511308670044,0.009389885701239109
124,0.1881825476884842,0.007656225003302097,0.18817853927612305,0.007643620017915964,0.18860356509685516,0.009278223849833012,0.19112130999565125,0.008017320185899734,0.1894029676914215,0.009770839475095272,0.1887134611606598,0.009214157238602638
125,0.1870006024837494,0.00786321796476841,0.1869969367980957,0.007850907742977142,0.18796972930431366,0.00917013455182314,0.19049033522605896,0.008153386414051056,0.188698872923851,0.009644707664847374,0.1881120353937149,0.009091337211430073
126,0.18614444136619568,0.0075422171503305435,0.18611596524715424,0.007576547097414732,0.18699733912944794,0.008927210234105587,0.18970295786857605,0.008100928738713264,0.1878792941570282,0.009609777480363846,0.1871035099029541,0.008873332291841507
127,0.185319185256958,0.007522867061197758,0.18521779775619507,0.007689578924328089,0.18632464110851288,0.008954833261668682,0.1891147792339325,0.008347844704985619,0.18724752962589264,0.009815595112740993,0.18640001118183136,0.008916346356272697
128,0.184275284409523,0.00771671999245882,0.1841716766357422,0.00788124743849039,0.1856202632188797,0.008968452922999859,0.1886223703622818,0.00857686810195446,0.18660083413124084,0.010079284198582172,0.18547165393829346,0.009037273935973644
129,0.18317972123622894,0.00768074719235301,0.18316826224327087,0.0076807416044175625,0.18475285172462463,0.008791584521532059,0.1879560947418213,0.008914581499993801,0.18584555387496948,0.010300377383828163,0.18465085327625275,0.008832301944494247
130,0.18211911618709564,0.007416856475174427,0.18214845657348633,0.0073872641660273075,0.18406665325164795,0.008540117181837559,0.18734616041183472,0.008762085810303688,0.185110941529274,0.010146801359951496,0.18396303057670593,0.008581665344536304
131,0.18154031038284302,0.0072194361127913,0.18129315972328186,0.0075840274803340435,0.18343766033649445,0.008539265021681786,0.1867150068283081,0.009037792682647705,0.1842893362045288,0.010181509889662266,0.18329688906669617,0.00859440490603447
132,0.18053266406059265,0.00715378113090992,0.1799812763929367,0.00809489842504263,0.18262945115566254,0.00895873922854662,0.18619313836097717,0.009545987471938133,0.18365153670310974,0.010308289900422096,0.1823754608631134,0.009045841172337532
133,0.17961697280406952,0.0071493517607450485,0.1788518726825714,0.00848801713436842,0.18212828040122986,0.009153245016932487,0.18566125631332397,0.010015072301030159,0.18324048817157745,0.010466814041137695,0.18183979392051697,0.009249461814761162
134,0.1787063032388687,0.007086132187396288,0.177822545170784,0.008793466724455357,0.18130168318748474,0.009631634689867496,0.18526366353034973,0.010622814297676086,0.18244431912899017,0.010454146191477776,0.18099649250507355,0.009709329344332218
135,0.17756685614585876,0.006782036740332842,0.17663219571113586,0.008367086760699749,0.18048924207687378,0.009863374754786491,0.1845727413892746,0.011108623817563057,0.1817336082458496,0.010460522025823593,0.18015597760677338,0.009919514879584312
136,0.17666445672512054,0.007380394730716944,0.17604497075080872,0.008373238146305084,0.18015310168266296,0.011263006366789341,0.1844305694103241,0.012577000074088573,0.18108633160591125,0.010789704509079456,0.17972113192081451,0.011307214386761189
137,0.17585793137550354,0.0075921607203781605,0.17518354952335358,0.008429093286395073,0.17942723631858826,0.011672720313072205,0.18377834558486938,0.01345111709088087,0.18053773045539856,0.011069477535784245,0.17902837693691254,0.011686288751661777
138,0.17503808438777924,0.007429356221109629,0.1745375543832779,0.008161728270351887,0.17873702943325043,0.011929373256862164,0.18320825695991516,0.014045672491192818,0.17974677681922913,0.011403906159102917,0.17845246195793152,0.01192605309188366
139,0.17456911504268646,0.007237299811094999,0.1740686446428299,0.007968985475599766,0.17848777770996094,0.011979697272181511,0.18301859498023987,0.01445743814110756,0.17930737137794495,0.011749493889510632,0.1781615912914276,0.011958112008869648
140,0.17377865314483643,0.007162547670304775,0.17336249351501465,0.00770147517323494,0.17775776982307434,0.012312326580286026,0.1823602169752121,0.01490000169724226,0.17880120873451233,0.012151814065873623,0.1774807721376419,0.012275018729269505
141,0.1731157898902893,0.007414388936012983,0.17242714762687683,0.007965683937072754,0.17712177336215973,0.012696604244410992,0.18163520097732544,0.015518663451075554,0.17862893640995026,0.01287044957280159,0.17671571671962738,0.01261765044182539
142,0.17226991057395935,0.00762599753215909,0.1708315908908844,0.009366434998810291,0.17640568315982819,0.013428236357867718,0.1809174120426178,0.016426000744104385,0.1774236112833023,0.01376920286566019,0.1760847121477127,0.013362553901970387
143,0.17135317623615265,0.008168572559952736,0.16999928653240204,0.009486762806773186,0.17577657103538513,0.01373386662453413,0.18036559224128723,0.0170222707092762,0.17658290266990662,0.01458230335265398,0.1754944622516632,0.013675106689333916
144,0.17022022604942322,0.009082061238586903,0.1688128262758255,0.01019321195781231,0.17516763508319855,0.014283528551459312,0.17966976761817932,0.017521165311336517,0.17593209445476532,0.015561643056571484,0.1749204844236374,0.014230458997189999
145,0.1697734296321869,0.009155130945146084,0.16747698187828064,0.011513467878103256,0.17494919896125793,0.014949861913919449,0.17928990721702576,0.018071802332997322,0.17534077167510986,0.0159092266112566,0.17467990517616272,0.014893445186316967
146,0.16932854056358337,0.00918895285576582,0.16700825095176697,0.010981952771544456,0.17436034977436066,0.015290381386876106,0.17871806025505066,0.018525978550314903,0.17503607273101807,0.016171878203749657,0.174088716506958,0.015224987640976906
147,0.16906191408634186,0.009115904569625854,0.16674074530601501,0.011086749844253063,0.17380622029304504,0.015123054385185242,0.17823651432991028,0.01849227584898472,0.1744231879711151,0.016866816207766533,0.17364174127578735,0.015085335820913315
148,0.16848231852054596,0.00935431569814682,0.1661059558391571,0.011141152121126652,0.1735582798719406,0.015200977213680744,0.17790989577770233,0.01874476484954357,0.17398686707019806,0.016962075605988503,0.1735011786222458,0.015198498964309692
149,0.16817177832126617,0.009359300136566162,0.1658446490764618,0.010786788538098335,0.17280323803424835,0.01573232375085354,0.17718838155269623,0.01940290257334709,0.17358559370040894,0.016924330964684486,0.1728689968585968,0.015785444527864456
150,0.1677691787481308,0.009359478950500488,0.165451318025589,0.010052256286144257,0.17221574485301971,0.01581597328186035,0.17668503522872925,0.019565429538488388,0.17325714230537415,0.017201364040374756,0.17227491736412048,0.01586875692009926
151,0.16704270243644714,0.009128176607191563,0.16480742394924164,0.01005473081022501,0.17214930057525635,0.015749959275126457,0.17659029364585876,0.01966048590838909,0.1729317307472229,0.01717977784574032,0.1722741276025772,0.015842074528336525
152,0.1668623387813568,0.008849715813994408,0.1646306812763214,0.009898966178297997,0.17166849970817566,0.01584388129413128,0.1762688159942627,0.019893042743206024,0.17301948368549347,0.017249947413802147,0.17182834446430206,0.015966443344950676
153,0.16614602506160736,0.008887121453881264,0.16424775123596191,0.009484576061367989,0.17137615382671356,0.015910914167761803,0.17613402009010315,0.019950004294514656,0.17247958481311798,0.017169225960969925,0.17156121134757996,0.01604393497109413
154,0.16509339213371277,0.008786022663116455,0.16366581618785858,0.009104683995246887,0.1710011065006256,0.01608993299305439,0.1757068932056427,0.020104195922613144,0.17192985117435455,0.01717776246368885,0.17110171914100647,0.016180381178855896
155,0.16451974213123322,0.00863830465823412,0.162751704454422,0.009998125024139881,0.1705346256494522,0.016050653532147408,0.17539699375629425,0.020150693133473396,0.17180564999580383,0.0177284087985754,0.17075935006141663,0.016232933849096298
156,0.16434940695762634,0.009093143977224827,0.16249600052833557,0.009803269058465958,0.17029422521591187,0.01610838621854782,0.17510029673576355,0.020439742133021355,0.17053565382957458,0.0178984384983778,0.17063380777835846,0.016379596665501595
157,0.16402509808540344,0.009312490001320839,0.16255037486553192,0.009524097666144371,0.17001692950725555,0.016364848241209984,0.17513829469680786,0.020774507895112038,0.1705860197544098,0.018306393176317215,0.17036423087120056,0.016661573201417923
158,0.16404250264167786,0.009201370179653168,0.16243091225624084,0.009296836331486702,0.169834166765213,0.01649262197315693,0.1749061644077301,0.02102648839354515,0.17028754949569702,0.018408970907330513,0.1704234927892685,0.016994625329971313
159,0.16408482193946838,0.009109202772378922,0.16243436932563782,0.008980214595794678,0.16960200667381287,0.017120804637670517,0.17491690814495087,0.02156051993370056,0.17038594186306,0.018715152516961098,0.1703510582447052,0.017768025398254395
160,0.1639198213815689,0.00954093225300312,0.16209416091442108,0.009352984838187695,0.16910478472709656,0.017420688644051552,0.17465493083000183,0.021670999005436897,0.17049670219421387,0.01893148571252823,0.17010535299777985,0.018330782651901245
161,0.16369903087615967,0.009391373954713345,0.16180257499217987,0.00900034885853529,0.16902042925357819,0.01756482943892479,0.17439988255500793,0.021671637892723083,0.17040342092514038,0.01883738860487938,0.16984513401985168,0.018447594717144966
162,0.1634381115436554,0.009405785240232944,0.16157014667987823,0.00847643706947565,0.16886526346206665,0.0181097574532032,0.17418672144412994,0.021974239498376846,0.17040424048900604,0.018735097721219063,0.1698334515094757,0.01905643939971924
163,0.16330714523792267,0.009204630739986897,0.1614755094051361,0.007872046902775764,0.16893689334392548,0.018558362498879433,0.1744505912065506,0.022606538608670235,0.1705988496541977,0.019314954057335854,0.16992226243019104,0.01953584887087345
164,0.16319605708122253,0.008977200835943222,0.1612267941236496,0.007431995123624802,0.1688159555196762,0.01909218169748783,0.17425785958766937,0.02296997234225273,0.1706651747226715,0.019624127075076103,0.1697569042444229,0.020052047446370125
165,0.1629721224308014,0.008896972984075546,0.1610376536846161,0.0069943638518452644,0.16865290701389313,0.019243162125349045,0.1739499419927597,0.02311478741466999,0.17055808007717133,0.020221807062625885,0.16942086815834045,0.0201618243008852
166,0.16298288106918335,0.008953262120485306,0.1606798619031906,0.007563300896435976,0.1689368486404419,0.019235162064433098,0.17393580079078674,0.023156505078077316,0.17052458226680756,0.02035875990986824,0.16969893872737885,0.020098978653550148
167,0.16290231049060822,0.00874912366271019,0.16076593101024628,0.007202684413641691,0.1686839610338211,0.019237665459513664,0.1736753284931183,0.023198196664452553,0.17048509418964386,0.020642036572098732,0.16943266987800598,0.020109478384256363
168,0.16264691948890686,0.009024908766150475,0.1606692373752594,0.00684993015602231,0.1685471385717392,0.019229939207434654,0.17356577515602112,0.023369530215859413,0.17048794031143188,0.02085120975971222,0.16935542225837708,0.020098844543099403
169,0.16236375272274017,0.00867980532348156,0.16075921058654785,0.006611016113311052,0.16856449842453003,0.019480237737298012,0.17331020534038544,0.023334402590990067,0.1703854203224182,0.021158367395401,0.16931766271591187,0.020352261140942574
170,0.16208425164222717,0.008749268017709255,0.1604703962802887,0.006333032622933388,0.1684882789850235,0.019878702238202095,0.17264816164970398,0.023614943027496338,0.1702309548854828,0.021097956225275993,0.16916191577911377,0.020880287513136864
171,0.16264608502388,0.008647968992590904,0.16086024045944214,0.006486976984888315,0.1684628427028656,0.019995247945189476,0.1719345599412918,0.023917468264698982,0.17031070590019226,0.021157938987016678,0.16899719834327698,0.020958295091986656
172,0.16281330585479736,0.008731861598789692,0.16104942560195923,0.006377541460096836,0.16856813430786133,0.02025960013270378,0.17194388806819916,0.02412429265677929,0.17056319117546082,0.02114357426762581,0.1693769097328186,0.02114734798669815
173,0.16270576417446136,0.008463122881948948,0.16119131445884705,0.006467823404818773,0.16848823428153992,0.02065420150756836,0.1719648689031601,0.024539845064282417,0.17076273262500763,0.021175870671868324,0.1690637171268463,0.02144194394350052
174,0.16310057044029236,0.007996870204806328,0.16136929392814636,0.006945989094674587,0.16805213689804077,0.02054150588810444,0.17171910405158997,0.024397950619459152,0.17070648074150085,0.021725060418248177,0.1687418669462204,0.021189669147133827
175,0.1631210297346115,0.007895251736044884,0.16118428111076355,0.00683806324377656,0.167756587266922,0.02101692371070385,0.17133143544197083,0.024474015459418297,0.17084446549415588,0.021966809406876564,0.16839493811130524,0.021636325865983963
176,0.1627899408340454,0.008606876246631145,0.1613253802061081,0.007626987062394619,0.16760480403900146,0.021099982783198357,0.1710774153470993,0.024645891040563583,0.17118144035339355,0.02199598401784897,0.16826529800891876,0.02159520424902439
177,0.1627819836139679,0.00861386675387621,0.16167569160461426,0.00769460154697299,0.16773506999015808,0.02107071690261364,0.17090824246406555,0.024372385814785957,0.1711597740650177,0.02198578231036663,0.16824892163276672,0.021474117413163185
178,0.1630595326423645,0.008882483467459679,0.16164426505565643,0.00772170489653945,0.16807806491851807,0.02119450271129608,0.17068712413311005,0.02435966208577156,0.17117519676685333,0.021834056824445724,0.16847403347492218,0.021632635965943336
179,0.16323375701904297,0.00921628251671791,0.16163340210914612,0.008227263577282429,0.1682289093732834,0.021068187430500984,0.17080499231815338,0.024109510704874992,0.17122316360473633,0.02207484468817711,0.16863486170768738,0.021540192887187004
180,0.16328467428684235,0.00920736975967884,0.16186824440956116,0.008427897468209267,0.16835398972034454,0.02136995643377304,0.17083293199539185,0.024215595796704292,0.17130033671855927,0.022033365443348885,0.1688079833984375,0.021778158843517303
181,0.16364611685276031,0.009786452166736126,0.16194793581962585,0.00927120540291071,0.16862720251083374,0.02157888375222683,0.17077510058879852,0.023872969672083855,0.17115572094917297,0.022121107205748558,0.16878490149974823,0.02229193225502968
182,0.16386233270168304,0.009770119562745094,0.16219088435173035,0.00938741210848093,0.16858848929405212,0.021754996851086617,0.17027419805526733,0.02419615350663662,0.17108391225337982,0.02204825170338154,0.168823704123497,0.02245999686419964
183,0.16403798758983612,0.01015152595937252,0.16238044202327728,0.00918450579047203,0.1687774658203125,0.021803496405482292,0.17008419334888458,0.024385321885347366,0.1715858429670334,0.022113412618637085,0.16900107264518738,0.022564437240362167
184,0.164266437292099,0.01071002334356308,0.16266490519046783,0.009312191978096962,0.16837430000305176,0.0221515204757452,0.16984720528125763,0.024596374481916428,0.17132090032100677,0.022266238927841187,0.16880273818969727,0.022841278463602066
185,0.16423098742961884,0.01112448051571846,0.1631298065185547,0.009396764449775219,0.16850298643112183,0.02231772243976593,0.16958962380886078,0.024831097573041916,0.17119446396827698,0.022118594497442245,0.16883769631385803,0.023009467869997025
186,0.1646055281162262,0.011486032046377659,0.1634741723537445,0.009525432251393795,0.16841928660869598,0.022896595299243927,0.1695396602153778,0.02517302706837654,0.1714470535516739,0.022443469613790512,0.16888447105884552,0.023404309526085854
187,0.1645442545413971,0.011596173979341984,0.16336828470230103,0.009748641401529312,0.1686030626296997,0.023163896054029465,0.1693820208311081,0.025391312316060066,0.17160725593566895,0.022571666166186333,0.1689460575580597,0.02365574799478054
188,0.16482548415660858,0.011456497013568878,0.16289827227592468,0.010191110894083977,0.16891111433506012,0.024039365351200104,0.16898924112319946,0.026531053707003593,0.1716967225074768,0.022433526813983917,0.16893863677978516,0.024738306179642677
189,0.16530223190784454,0.011546548455953598,0.16326147317886353,0.010657948441803455,0.16906240582466125,0.02351113222539425,0.16881117224693298,0.025813225656747818,0.17176847159862518,0.022065790370106697,0.16921839118003845,0.024388233199715614
190,0.16581344604492188,0.011614481918513775,0.16375264525413513,0.010505030862987041,0.1693761795759201,0.023400353267788887,0.16880209743976593,0.025652391836047173,0.1715240627527237,0.021696824580430984,0.17025436460971832,0.024075083434581757
191,0.1661706566810608,0.011642590165138245,0.16430501639842987,0.010648014023900032,0.16965170204639435,0.023243822157382965,0.1687837690114975,0.0254188384860754,0.17214341461658478,0.021869797259569168,0.1705428659915924,0.02373146265745163
192,0.16628940403461456,0.011779719963669777,0.16472077369689941,0.011182984337210655,0.16950666904449463,0.023539213463664055,0.16874442994594574,0.02506697177886963,0.17230820655822754,0.021533792838454247,0.1708451807498932,0.023793211206793785
193,0.16657331585884094,0.011796760372817516,0.16483049094676971,0.011572174727916718,0.16989974677562714,0.02350485511124134,0.16838063299655914,0.024980340152978897,0.1726061999797821,0.02118745446205139,0.1708514243364334,0.023909369483590126
194,0.16664168238639832,0.012187128886580467,0.1651497334241867,0.011934232898056507,0.17009124159812927,0.023157935589551926,0.16861236095428467,0.02469533495604992,0.17291541397571564,0.02070162631571293,0.17072740197181702,0.023611044511198997
195,0.16655521094799042,0.012066960334777832,0.16570225358009338,0.011866188608109951,0.17032679915428162,0.023049090057611465,0.16842368245124817,0.024430129677057266,0.1731194406747818,0.02094385027885437,0.17101742327213287,0.023720502853393555
196,0.1669033020734787,0.011478694155812263,0.16587230563163757,0.01221430953592062,0.1706731617450714,0.023319000378251076,0.16876885294914246,0.024330735206604004,0.17313088476657867,0.020785115659236908,0.1714584082365036,0.02384091168642044
197,0.16667473316192627,0.01161996554583311,0.16603274643421173,0.01238629873842001,0.170811265707016,0.023313527926802635,0.1684015691280365,0.02414710633456707,0.17299994826316833,0.020375696942210197,0.1712891161441803,0.02384265512228012
198,0.16702596843242645,0.011450151912868023,0.16643767058849335,0.012399586848914623,0.17072130739688873,0.02327960543334484,0.16834226250648499,0.02410697750747204,0.1727863848209381,0.020195139572024345,0.1711108684539795,0.02410862408578396
199,0.1673567146062851,0.011435025371611118,0.16736041009426117,0.01232727337628603,0.17086420953273773,0.02325696498155594,0.168680801987648,0.02371123991906643,0.17272678017616272,0.01989959552884102,0.17157213389873505,0.023873478174209595
200,0.16726647317409515,0.011380213312804699,0.16728492081165314,0.012682106345891953,0.17126944661140442,0.0231892392039299,0.16882798075675964,0.023640310391783714,0.17283949255943298,0.019748704507946968,0.1719435155391693,0.02418476715683937
201,0.1672373116016388,0.01130756177008152,0.16753455996513367,0.012543695978820324,0.171269953250885,0.023165816441178322,0.1689213216304779,0.023274946957826614,0.17337271571159363,0.019868632778525352,0.17181098461151123,0.02405223809182644
202,0.1673085242509842,0.011319711804389954,0.16701795160770416,0.013070262037217617,0.17163798213005066,0.02254435420036316,0.1691470444202423,0.023004744201898575,0.17327460646629333,0.019522400572896004,0.17195576429367065,0.02358934096992016
203,0.1666869819164276,0.011646389029920101,0.16719120740890503,0.01317551638931036,0.17182427644729614,0.022516680881381035,0.16877621412277222,0.02312680520117283,0.17344169318675995,0.019588017836213112,0.17224867641925812,0.02329115755856037
204,0.16646845638751984,0.011888990178704262,0.1669933795928955,0.013634616509079933,0.17144964635372162,0.022745251655578613,0.16852796077728271,0.02310943230986595,0.17316432297229767,0.019107459113001823,0.17193304002285004,0.022336237132549286
205,0.16598086059093475,0.012104872614145279,0.16722747683525085,0.013683385215699673,0.17165876924991608,0.02249993197619915,0.16852663457393646,0.022863952443003654,0.17296984791755676,0.01877637393772602,0.17175261676311493,0.02255336195230484
206,0.1655447781085968,0.01279374584555626,0.1666509211063385,0.01471079234033823,0.17049503326416016,0.02160646766424179,0.1677553504705429,0.022844789549708366,0.17296068370342255,0.019012879580259323,0.17139142751693726,0.02220989763736725
207,0.16579444706439972,0.013062740676105022,0.16585387289524078,0.015739744529128075,0.17053866386413574,0.021563103422522545,0.1677689552307129,0.022874146699905396,0.17283053696155548,0.01889599859714508,0.17148223519325256,0.022290892899036407
208,0.16609454154968262,0.013584990054368973,0.16606362164020538,0.015960218384861946,0.17059150338172913,0.02130630798637867,0.16761894524097443,0.021839145570993423,0.17253853380680084,0.018604593351483345,0.17213110625743866,0.022061629220843315
209,0.16591277718544006,0.014234441332519054,0.16636289656162262,0.016360167413949966,0.17074765264987946,0.021354539319872856,0.16743171215057373,0.020944351330399513,0.1726434826850891,0.018573204055428505,0.17202773690223694,0.021747656166553497
210,0.166265070438385,0.014582328498363495,0.16688856482505798,0.015970000997185707,0.1714581698179245,0.021511442959308624,0.1678614765405655,0.020552581176161766,0.17275509238243103,0.018283654004335403,0.17240799963474274,0.02175317518413067
211,0.16609516739845276,0.015136540867388248,0.16646724939346313,0.016597431153059006,0.17155112326145172,0.021083835512399673,0.1676836609840393,0.020210793241858482,0.172260120511055,0.018428264185786247,0.17272168397903442,0.02120080217719078
212,0.16626578569412231,0.01498301699757576,0.1662834733724594,0.017183303833007812,0.17113488912582397,0.02088036946952343,0.167548269033432,0.020097611472010612,0.17205557227134705,0.018580855801701546,0.17193593084812164,0.02145625837147236
213,0.16562381386756897,0.01570557802915573,0.1663251370191574,0.01704535260796547,0.17073360085487366,0.019960634410381317,0.1675175279378891,0.01992056891322136,0.17105311155319214,0.01857881061732769,0.17214007675647736,0.020955542102456093
214,0.16480708122253418,0.015827253460884094,0.16558890044689178,0.01887533813714981,0.17073793709278107,0.019696911796927452,0.16742923855781555,0.019557826220989227,0.17102399468421936,0.01893402263522148,0.1719423234462738,0.02072833478450775
215,0.16482004523277283,0.016943464055657387,0.16615498065948486,0.018883412703871727,0.17038550972938538,0.019130924716591835,0.16666197776794434,0.01930452324450016,0.17095114290714264,0.019299237057566643,0.1723524034023285,0.02016535773873329
216,0.16460153460502625,0.01792781986296177,0.16637882590293884,0.01949978806078434,0.16992290318012238,0.019428079947829247,0.16604545712471008,0.019190099090337753,0.17055073380470276,0.01922515779733658,0.17178410291671753,0.019818153232336044
217,0.1641385406255722,0.01897823065519333,0.16636459529399872,0.02016240730881691,0.1698281615972519,0.019578387960791588,0.16535525023937225,0.018883924931287766,0.17023779451847076,0.019422845914959908,0.17136123776435852,0.020096415653824806
218,0.16356918215751648,0.019889576360583305,0.16645559668540955,0.0202492568641901,0.16955947875976562,0.01945836842060089,0.16478893160820007,0.018891777843236923,0.170161634683609,0.019398042932152748,0.17057690024375916,0.019940460100769997
219,0.16304795444011688,0.020439093932509422,0.16621769964694977,0.02042393386363983,0.1690058559179306,0.018901200965046883,0.16422820091247559,0.018828410655260086,0.17008760571479797,0.019725549966096878,0.17043201625347137,0.019721293821930885
220,0.16305576264858246,0.020900225266814232,0.1666332334280014,0.021032189950346947,0.168743297457695,0.01871633343398571,0.16303156316280365,0.020344918593764305,0.1700272411108017,0.01921240985393524,0.17015282809734344,0.019472302868962288
221,0.16292378306388855,0.021060289815068245,0.1664545238018036,0.022068293765187263,0.16817764937877655,0.01919771544635296,0.16269734501838684,0.019888268783688545,0.17023758590221405,0.019390929490327835,0.1694677323102951,0.01962757483124733
222,0.16372743248939514,0.020941978320479393,0.16627749800682068,0.02224881947040558,0.16765539348125458,0.018106598407030106,0.162514328956604,0.019753526896238327,0.1695498526096344,0.019384633749723434,0.16953277587890625,0.019406400620937347
223,0.16366145014762878,0.021753283217549324,0.165983647108078,0.022319061681628227,0.1670224964618683,0.017934437841176987,0.1625029444694519,0.019768601283431053,0.16956157982349396,0.019687075167894363,0.16864070296287537,0.01909310556948185
224,0.16343097388744354,0.02226093038916588,0.1663399487733841,0.022612906992435455,0.16583237051963806,0.01778661459684372,0.16172701120376587,0.02000693790614605,0.16939470171928406,0.01973956637084484,0.16770538687705994,0.019279560074210167
225,0.16366557776927948,0.022027092054486275,0.16668912768363953,0.022520938888192177,0.16501130163669586,0.0180865079164505,0.1617537885904312,0.019846124574542046,0.16939207911491394,0.01955016888678074,0.1674174964427948,0.019032232463359833
226,0.16334190964698792,0.02247304655611515,0.1664975881576538,0.023231619969010353,0.1639038622379303,0.019059164449572563,0.1615959256887436,0.020102079957723618,0.16932334005832672,0.01966889575123787,0.16660460829734802,0.019405238330364227
227,0.1634557545185089,0.023183245211839676,0.16600874066352844,0.024023011326789856,0.16330674290657043,0.018932947888970375,0.16156677901744843,0.01997365802526474,0.16908076405525208,0.019849615171551704,0.16525685787200928,0.01896771974861622
228,0.16351433098316193,0.02336767129600048,0.16560053825378418,0.0238878782838583,0.16224513947963715,0.019421588629484177,0.1611873358488083,0.020360786467790604,0.16788780689239502,0.020534414798021317,0.16582995653152466,0.01897953450679779
229,0.16313409805297852,0.023396821692585945,0.16552990674972534,0.023669373244047165,0.1623782515525818,0.019188081845641136,0.16092751920223236,0.019898880273103714,0.16763420403003693,0.02117876335978508,0.16562354564666748,0.01866285316646099
230,0.16274142265319824,0.022963697090744972,0.16488252580165863,0.02382444404065609,0.16231682896614075,0.018883679062128067,0.16126768290996552,0.01963127590715885,0.16757187247276306,0.021159665659070015,0.16508015990257263,0.01900704950094223
231,0.16220280528068542,0.022999020293354988,0.164876788854599,0.023945564404129982,0.16219979524612427,0.018612556159496307,0.16051623225212097,0.018906524404883385,0.16704533994197845,0.021119726821780205,0.16448159515857697,0.019127124920487404
232,0.16206420958042145,0.023248258978128433,0.16451381146907806,0.02403455786406994,0.16226594150066376,0.017643647268414497,0.16052600741386414,0.01881452463567257,0.1665334701538086,0.02134239301085472,0.16467759013175964,0.019262393936514854
233,0.1622275412082672,0.022854693233966827,0.16402825713157654,0.024137422442436218,0.16283901035785675,0.017317291349172592,0.16009187698364258,0.018312184140086174,0.1657181680202484,0.0213080532848835,0.16421787440776825,0.01873406209051609
234,0.16097590327262878,0.022553768008947372,0.16393251717090607,0.02382868528366089,0.16277089715003967,0.016842205077409744,0.16006188094615936,0.017873510718345642,0.16380195319652557,0.021625185385346413,0.16315409541130066,0.018195295706391335
235,0.1604083627462387,0.022142095491290092,0.16321280598640442,0.02415766380727291,0.16245891153812408,0.016589049249887466,0.15973973274230957,0.017677541822195053,0.16369077563285828,0.021178800612688065,0.16199931502342224,0.01822814531624317
236,0.16054871678352356,0.02199639566242695,0.16353538632392883,0.024202167987823486,0.16254976391792297,0.01614619791507721,0.15991559624671936,0.017150716856122017,0.16341082751750946,0.021248532459139824,0.16172188520431519,0.018684403970837593
237,0.16018876433372498,0.02212202176451683,0.16411834955215454,0.02387871965765953,0.16255570948123932,0.01515132188796997,0.15992769598960876,0.01650116965174675,0.16180768609046936,0.02140110172331333,0.16167159378528595,0.019404789432883263
238,0.16016095876693726,0.021548444405198097,0.16453948616981506,0.023456403985619545,0.16161969304084778,0.014700831845402718,0.1603442132472992,0.016585933044552803,0.16162897646427155,0.02159566804766655,0.16135433316230774,0.019555337727069855
239,0.16014572978019714,0.021172817796468735,0.16527236998081207,0.0233286302536726,0.16154438257217407,0.014800097793340683,0.15988978743553162,0.017290733754634857,0.16135458648204803,0.02192663960158825,0.16096241772174835,0.019813401624560356
240,0.16101117432117462,0.021346790716052055,0.16475360095500946,0.024058237671852112,0.1608843207359314,0.014617471024394035,0.15951743721961975,0.017123162746429443,0.1609642505645752,0.02175171673297882,0.16057854890823364,0.019869759678840637
241,0.16138602793216705,0.021671542897820473,0.16483598947525024,0.02479039505124092,0.1612548679113388,0.015576631762087345,0.1596192717552185,0.017318081110715866,0.16072013974189758,0.021516239270567894,0.15958507359027863,0.020135007798671722
242,0.16130390763282776,0.021903488785028458,0.16487185657024384,0.024945564568042755,0.16160166263580322,0.015764523297548294,0.15950797498226166,0.01709597185254097,0.16020484268665314,0.02160620503127575,0.1596684753894806,0.01975085213780403
243,0.16256912052631378,0.02079128846526146,0.1639316827058792,0.025184644386172295,0.16095009446144104,0.01598544605076313,0.15927742421627045,0.01755303516983986,0.1595088541507721,0.020921697840094566,0.15942901372909546,0.01981801725924015
244,0.16357111930847168,0.021193906664848328,0.16377724707126617,0.02545022964477539,0.16107332706451416,0.016339164227247238,0.1590351015329361,0.01804698072373867,0.15870420634746552,0.020235219970345497,0.16002720594406128,0.02029537595808506
245,0.16230924427509308,0.02216695249080658,0.1646023988723755,0.02531874179840088,0.16225400567054749,0.016176681965589523,0.159266859292984,0.017100591212511063,0.15778133273124695,0.02058049663901329,0.16061757504940033,0.02065466344356537
246,0.16166672110557556,0.021923108026385307,0.1650833785533905,0.025399401783943176,0.16222746670246124,0.01679871417582035,0.15981554985046387,0.017226167023181915,0.1568876951932907,0.019963813945651054,0.1598348766565323,0.01997530087828636
247,0.16101618111133575,0.02192973531782627,0.16505880653858185,0.025687657296657562,0.16189201176166534,0.01668228581547737,0.15957525372505188,0.017065739259123802,0.156521737575531,0.019952835515141487,0.16048631072044373,0.019044680520892143
248,0.16024373471736908,0.02257024124264717,0.1652234047651291,0.025617800652980804,0.16226118803024292,0.016847839578986168,0.1592744141817093,0.016765346750617027,0.15598982572555542,0.020725108683109283,0.16072878241539001,0.018712807446718216
249,0.16023603081703186,0.021828485652804375,0.16446563601493835,0.025934893637895584,0.16161619126796722,0.01669510267674923,0.15967519581317902,0.016701586544513702,0.1559559553861618,0.020575789734721184,0.15990562736988068,0.017624681815505028
250,0.16020707786083221,0.02112516202032566,0.16409313678741455,0.02517903968691826,0.16222204267978668,0.016782473772764206,0.16024181246757507,0.016888055950403214,0.15474891662597656,0.02032480575144291,0.16039396822452545,0.017558302730321884
251,0.16031844913959503,0.0206544678658247,0.16319699585437775,0.024885861203074455,0.1621173769235611,0.016897566616535187,0.16046109795570374,0.01647271029651165,0.15494053065776825,0.02017931081354618,0.15980684757232666,0.016128862276673317
252,0.1605326235294342,0.020902082324028015,0.16237981617450714,0.025031113997101784,0.16262955963611603,0.016714686527848244,0.16126562654972076,0.015434076078236103,0.1545838713645935,0.020652683451771736,0.15887442231178284,0.01612631045281887
253,0.16077478229999542,0.020863419398665428,0.16273948550224304,0.024859661236405373,0.162662535905838,0.016021789982914925,0.16190800070762634,0.015292300842702389,0.1541118323802948,0.020690234377980232,0.15884031355381012,0.016693131998181343
254,0.16037124395370483,0.020950922742486,0.162995845079422,0.02426583133637905,0.16251173615455627,0.015171333216130733,0.16159357130527496,0.01497088372707367,0.1541282832622528,0.02128179930150509,0.1594528704881668,0.016485534608364105
255,0.1605679839849472,0.020702222362160683,0.16309824585914612,0.023959387093782425,0.16236433386802673,0.014924073591828346,0.16257710754871368,0.014392643235623837,0.1542133092880249,0.021019402891397476,0.15913453698158264,0.015524047426879406
256,0.16102978587150574,0.020003383979201317,0.16263757646083832,0.023827295750379562,0.16207672655582428,0.014202788472175598,0.16210821270942688,0.01382280420511961,0.15481147170066833,0.020825745537877083,0.1590554416179657,0.014804298058152199
257,0.1616351157426834,0.019371457397937775,0.1620882749557495,0.02355755865573883,0.1622428596019745,0.014110553078353405,0.16169437766075134,0.013026488944888115,0.1543947458267212,0.019596783444285393,0.1591615378856659,0.014124248176813126
258,0.16196557879447937,0.018850916996598244,0.16249537467956543,0.02339867316186428,0.16150501370429993,0.01369115523993969,0.16120174527168274,0.012468837201595306,0.15456637740135193,0.019560160115361214,0.15992684662342072,0.013730729930102825
259,0.16230200231075287,0.018702201545238495,0.1619235724210739,0.02227826975286007,0.16152352094650269,0.013538355007767677,0.1620788425207138,0.012577609159052372,0.15409313142299652,0.01891569048166275,0.15944142639636993,0.013190798461437225
260,0.16293339431285858,0.01847987249493599,0.1624194085597992,0.021592386066913605,0.16126686334609985,0.013021988794207573,0.1628267616033554,0.012901035137474537,0.15431050956249237,0.019018501043319702,0.15915647149085999,0.01217015739530325
261,0.16178913414478302,0.017812145873904228,0.1627475768327713,0.020433334633708,0.162066251039505,0.01240584347397089,0.1635846048593521,0.014232400804758072,0.15398409962654114,0.018348321318626404,0.15812146663665771,0.012213082052767277
262,0.16236457228660583,0.017137929797172546,0.1628410518169403,0.020062917843461037,0.16059382259845734,0.011147188022732735,0.16239069402217865,0.011651461012661457,0.1540699303150177,0.018500687554478645,0.15855351090431213,0.011675010435283184
263,0.16275285184383392,0.01644532009959221,0.1622987985610962,0.019459718838334084,0.16049686074256897,0.010788100771605968,0.1615012288093567,0.010772899724543095,0.15385401248931885,0.017650160938501358,0.1589374840259552,0.010890481062233448
264,0.16316263377666473,0.016262797638773918,0.16278858482837677,0.019172269850969315,0.16107165813446045,0.010056337341666222,0.1612468808889389,0.009938488714396954,0.1537819802761078,0.01684628799557686,0.158929705619812,0.010410809889435768
265,0.16208408772945404,0.015994228422641754,0.1630009412765503,0.01830480992794037,0.16021931171417236,0.009755861945450306,0.1611233651638031,0.008491642773151398,0.15406471490859985,0.017178498208522797,0.15854083001613617,0.00984131172299385
266,0.16106560826301575,0.014989237301051617,0.16297557950019836,0.017627952620387077,0.1601679027080536,0.009438004344701767,0.161167174577713,0.006039101164788008,0.15381251275539398,0.016206277534365654,0.15904025733470917,0.009225808084011078
267,0.1630421280860901,0.014264979399740696,0.1628526747226715,0.016978450119495392,0.15979845821857452,0.008343450725078583,0.16146895289421082,0.005396497901529074,0.15383312106132507,0.015536322258412838,0.1586821973323822,0.008630482479929924
268,0.16355229914188385,0.013579543679952621,0.16242597997188568,0.0158454068005085,0.15947534143924713,0.0079798037186265,0.16161049902439117,0.004859220236539841,0.15451471507549286,0.014873426407575607,0.15894755721092224,0.008726242929697037
269,0.16375789046287537,0.013070335611701012,0.16114357113838196,0.015674151480197906,0.15874716639518738,0.007497498299926519,0.1616392582654953,0.0046802605502307415,0.153838649392128,0.014803031459450722,0.15815290808677673,0.008454715833067894
270,0.1627044975757599,0.012715949676930904,0.161115363240242,0.014969661831855774,0.15898433327674866,0.006851262878626585,0.16092225909233093,0.004175181034952402,0.1546984761953354,0.014885332435369492,0.15847383439540863,0.007805028930306435
271,0.16243724524974823,0.012695977464318275,0.1603676825761795,0.014181779697537422,0.15921267867088318,0.008146965876221657,0.16061924397945404,0.004210684448480606,0.154696986079216,0.015153452754020691,0.1584252119064331,0.0074853659607470036
272,0.16247768700122833,0.012570993974804878,0.160626620054245,0.01376897282898426,0.1595909744501114,0.00803010817617178,0.15984198451042175,0.002839877735823393,0.15493144094944,0.014706054702401161,0.1582399308681488,0.006731563713401556
273,0.1623210608959198,0.012130161747336388,0.1606346219778061,0.012965315021574497,0.15854541957378387,0.007870955392718315,0.1596534550189972,0.004157609306275845,0.15533319115638733,0.015232004225254059,0.1579022854566574,0.006793227046728134
274,0.16300314664840698,0.01132168062031269,0.15900132060050964,0.012665823101997375,0.15721304714679718,0.008220613934099674,0.15973512828350067,0.00628609349951148,0.1564665138721466,0.015716178342700005,0.15748286247253418,0.00701673049479723
275,0.1638050675392151,0.010746154002845287,0.15906718373298645,0.012525546364486217,0.1565248966217041,0.008478781208395958,0.15950044989585876,0.005448854528367519,0.15693709254264832,0.014679130166769028,0.15710243582725525,0.006600979249924421
276,0.16357502341270447,0.010210047475993633,0.15942546725273132,0.011877375654876232,0.15623745322227478,0.008450095541775227,0.15881207585334778,0.005858330987393856,0.15742166340351105,0.015395496040582657,0.15631605684757233,0.0075109535828232765
277,0.16228923201560974,0.01125414203852415,0.16011956334114075,0.011410652659833431,0.15807293355464935,0.008058197796344757,0.1578870266675949,0.006473009008914232,0.15815487504005432,0.01508874911814928,0.15662088990211487,0.007996898144483566
278,0.1629660576581955,0.01065983809530735,0.15933942794799805,0.01165310014039278,0.1573856920003891,0.007764131762087345,0.15726619958877563,0.0059937466867268085,0.15879091620445251,0.015041365288197994,0.15605153143405914,0.008902191184461117
279,0.16256183385849,0.010571470484137535,0.1600075513124466,0.010141851380467415,0.15750887989997864,0.00827675499022007,0.15735112130641937,0.0065260580740869045,0.15907208621501923,0.014388687908649445,0.1566859781742096,0.009744771756231785
280,0.16281536221504211,0.010691812261939049,0.15900686383247375,0.01039584819227457,0.15830177068710327,0.009678875096142292,0.15846309065818787,0.00727490009739995,0.15846383571624756,0.013124028220772743,0.15718762576580048,0.009981134906411171
281,0.1632528454065323,0.010293410159647465,0.1581384390592575,0.010650995187461376,0.1583300530910492,0.009393617510795593,0.15946976840496063,0.008112230338156223,0.1599413901567459,0.013517538085579872,0.1581345498561859,0.010184266604483128
282,0.16321727633476257,0.01058556605130434,0.15876835584640503,0.009498554281890392,0.15866105258464813,0.00977826863527298,0.16059069335460663,0.009130011312663555,0.15974193811416626,0.013268664479255676,0.15812671184539795,0.010368389077484608
283,0.16391344368457794,0.009737654589116573,0.157925546169281,0.009079214185476303,0.15895074605941772,0.010419219732284546,0.16089925169944763,0.010100155137479305,0.1611137092113495,0.013114661909639835,0.1585557907819748,0.010299128480255604
284,0.1644163280725479,0.010391355492174625,0.15811538696289062,0.009088321588933468,0.1595613658428192,0.010222847573459148,0.16114279627799988,0.009815242141485214,0.16110867261886597,0.013366364873945713,0.15800020098686218,0.011049261316657066
285,0.16521300375461578,0.009523367509245872,0.15729492902755737,0.010440777987241745,0.1597926914691925,0.011771375313401222,0.16229841113090515,0.010179509408771992,0.16149286925792694,0.013819446787238121,0.15901073813438416,0.01115567795932293
286,0.16487076878547668,0.010941135697066784,0.1574486494064331,0.010836056433618069,0.15805956721305847,0.012493244372308254,0.16149170696735382,0.01138077862560749,0.16216476261615753,0.013407399877905846,0.15903808176517487,0.011217751540243626
287,0.16665226221084595,0.009346390143036842,0.15763330459594727,0.010722305625677109,0.1586896926164627,0.012669583782553673,0.16146457195281982,0.010136290453374386,0.16299691796302795,0.01280087511986494,0.16017581522464752,0.010784687474370003
288,0.1663651019334793,0.008926153182983398,0.15766896307468414,0.011882571503520012,0.15921731293201447,0.012166070751845837,0.1604907363653183,0.008725074119865894,0.16352726519107819,0.01284866128116846,0.16052477061748505,0.009961429052054882
289,0.16809560358524323,0.007415742613375187,0.15727785229682922,0.013208380900323391,0.15960711240768433,0.012756924144923687,0.16047188639640808,0.009715653955936432,0.16423657536506653,0.012831267900764942,0.1606745421886444,0.010994304902851582
290,0.1670970618724823,0.008449085988104343,0.15740901231765747,0.014384591951966286,0.16010896861553192,0.01236507948487997,0.15965014696121216,0.009847816079854965,0.1649554967880249,0.012666872702538967,0.16172021627426147,0.012005653232336044
291,0.16623172163963318,0.009883323684334755,0.1584802269935608,0.014476977288722992,0.16013717651367188,0.012886707670986652,0.15897245705127716,0.01068133395165205,0.16519518196582794,0.01108117587864399,0.16118130087852478,0.01287092361599207
292,0.16652026772499084,0.01111926045268774,0.15868258476257324,0.013812903314828873,0.1598891317844391,0.012871380895376205,0.15874013304710388,0.010285344906151295,0.1653750240802765,0.010816793888807297,0.1609262377023697,0.014125715009868145
293,0.16821323335170746,0.010202468372881413,0.15957164764404297,0.01324787549674511,0.16112318634986877,0.014191278256475925,0.15964838862419128,0.010567131452262402,0.1659897267818451,0.010874476283788681,0.1616661697626114,0.014770280569791794
294,0.1682913899421692,0.011827168054878712,0.1608106791973114,0.012750296853482723,0.16163495182991028,0.013220812194049358,0.16068904101848602,0.010950123891234398,0.16581758856773376,0.010402441956102848,0.16119186580181122,0.01544764544814825
295,0.16831594705581665,0.010331565514206886,0.1599363386631012,0.013676405884325504,0.1602313220500946,0.015222709625959396,0.16108305752277374,0.011733166873455048,0.164719820022583,0.010366094298660755,0.1616199016571045,0.013798483647406101
296,0.16952064633369446,0.012120434083044529,0.1598648726940155,0.014214839786291122,0.16063573956489563,0.01627238281071186,0.16211935877799988,0.012734857387840748,0.16577613353729248,0.011227495037019253,0.16269296407699585,0.013139665126800537
297,0.16902083158493042,0.013415521942079067,0.16082309186458588,0.015231520868837833,0.16094574332237244,0.01703759841620922,0.16204985976219177,0.012049113400280476,0.16554878652095795,0.011228878982365131,0.1628536880016327,0.014921775087714195
298,0.1700226068496704,0.015177136287093163,0.16033130884170532,0.012320318259298801,0.16172289848327637,0.016539590433239937,0.16269618272781372,0.011977269314229488,0.1661243736743927,0.012530884705483913,0.16464492678642273,0.015378760173916817
299,0.16908641159534454,0.01829824596643448,0.15948565304279327,0.014510693959891796,0.1614471822977066,0.01850765198469162,0.16319486498832703,0.013744302093982697,0.16592159867286682,0.012203202582895756,0.1641084998846054,0.01716945506632328
300,0.16968493163585663,0.01913410611450672,0.1605808436870575,0.012705210596323013,0.16167055070400238,0.017616411671042442,0.1635492891073227,0.015006828121840954,0.1665182113647461,0.012870931066572666,0.16324736177921295,0.01996997743844986
301,0.1702916920185089,0.0187159925699234,0.1596299111843109,0.014910047873854637,0.16214552521705627,0.018240023404359818,0.1643143743276596,0.01481459941715002,0.16814090311527252,0.011381871066987514,0.16460558772087097,0.01961192488670349
302,0.17076405882835388,0.01862955652177334,0.15962907671928406,0.01714409328997135,0.16303564608097076,0.01850726269185543,0.16561290621757507,0.014652242884039879,0.16946850717067719,0.011569077149033546,0.1646852344274521,0.019397975876927376
303,0.171584352850914,0.01600925251841545,0.160271555185318,0.01678040437400341,0.16243544220924377,0.02090456523001194,0.16474023461341858,0.015090014785528183,0.1714424192905426,0.012127947993576527,0.16439136862754822,0.02101265825331211
304,0.1716422140598297,0.016115374863147736,0.15984494984149933,0.017053140327334404,0.16284513473510742,0.019654719159007072,0.1641150563955307,0.01565050333738327,0.17120032012462616,0.010952014476060867,0.16425590217113495,0.022888241335749626
305,0.17229285836219788,0.01629774086177349,0.16102385520935059,0.016499679535627365,0.16460606455802917,0.018395064398646355,0.16426818072795868,0.014930620789527893,0.16923615336418152,0.012858252041041851,0.16440428793430328,0.020310960710048676
306,0.1722058802843094,0.015456524677574635,0.16142363846302032,0.01739293523132801,0.16599246859550476,0.014815475791692734,0.16500553488731384,0.015156514942646027,0.17010173201560974,0.013072156347334385,0.16569609940052032,0.019268617033958435
307,0.17220044136047363,0.01629508100450039,0.16046752035617828,0.019249988719820976,0.16602912545204163,0.016842985525727272,0.16570284962654114,0.01532062143087387,0.17067572474479675,0.013045210391283035,0.16732308268547058,0.016108989715576172
308,0.17187829315662384,0.016785835847258568,0.1608898937702179,0.01841670274734497,0.16538161039352417,0.018044590950012207,0.16569042205810547,0.014373448677361012,0.1716414988040924,0.013549428433179855,0.16772359609603882,0.016481058672070503
309,0.17201641201972961,0.017885522916913033,0.16061833500862122,0.01872744970023632,0.165744811296463,0.01866389438509941,0.16661682724952698,0.015871046110987663,0.17211903631687164,0.013555548153817654,0.1686079353094101,0.01646103896200657
310,0.17013077437877655,0.01870887354016304,0.15989433228969574,0.018422000110149384,0.16533617675304413,0.018478568643331528,0.16728350520133972,0.015824323520064354,0.16995380818843842,0.013692118227481842,0.1686995029449463,0.01866806671023369
311,0.17010679841041565,0.018320811912417412,0.1595771610736847,0.017314553260803223,0.16389265656471252,0.020756062120199203,0.16588525474071503,0.01596442051231861,0.16982750594615936,0.015747224912047386,0.16847442090511322,0.0196873527020216
312,0.17036427557468414,0.017216568812727928,0.15999896824359894,0.020367704331874847,0.16326937079429626,0.021398935467004776,0.16652870178222656,0.014971268363296986,0.1697552502155304,0.015056412667036057,0.17023856937885284,0.01840498298406601
313,0.17111626267433167,0.017280343919992447,0.15950164198875427,0.022048350423574448,0.16225047409534454,0.023633228614926338,0.1665399968624115,0.01536377239972353,0.1715889573097229,0.015210121870040894,0.17026016116142273,0.019786564633250237
314,0.17025931179523468,0.01716632954776287,0.16136878728866577,0.02120457962155342,0.16370609402656555,0.0238754041492939,0.1673831045627594,0.01603095978498459,0.17050300538539886,0.017089655622839928,0.17062252759933472,0.023592183366417885
315,0.17198576033115387,0.015695083886384964,0.16092056035995483,0.02294336073100567,0.16359519958496094,0.02626621536910534,0.1674528419971466,0.01619829423725605,0.1692313402891159,0.019233282655477524,0.17191290855407715,0.024063032120466232
316,0.1712518036365509,0.015403462573885918,0.1615694910287857,0.021909894421696663,0.1651233583688736,0.02627837471663952,0.16758227348327637,0.01450967974960804,0.17026443779468536,0.018881477415561676,0.17275607585906982,0.026549048721790314
317,0.17166660726070404,0.016475344076752663,0.1609092652797699,0.024001333862543106,0.16482624411582947,0.02760869637131691,0.1677219569683075,0.013805490918457508,0.17171505093574524,0.017498979344964027,0.17285630106925964,0.02860441245138645
318,0.17154400050640106,0.015665791928768158,0.16267991065979004,0.023847658187150955,0.16595879197120667,0.029777415096759796,0.16689883172512054,0.014331122860312462,0.17131081223487854,0.019218405708670616,0.17172816395759583,0.03163684904575348
319,0.17201413214206696,0.01568799465894699,0.16304130852222443,0.026552574709057808,0.16561929881572723,0.03292493894696236,0.16735276579856873,0.015751291066408157,0.17213913798332214,0.01817910000681877,0.17134496569633484,0.03332725167274475
320,0.17319656908512115,0.015535973012447357,0.16244623064994812,0.02855244092643261,0.16478025913238525,0.034279417246580124,0.167048379778862,0.015165315940976143,0.17209136486053467,0.01785685308277607,0.17032602429389954,0.034668996930122375
321,0.1743655502796173,0.015194197185337543,0.16247063875198364,0.0298975370824337,0.16339947283267975,0.03580639138817787,0.16651184856891632,0.017708251252770424,0.17225579917430878,0.01724257506430149,0.16938520967960358,0.03542985022068024
322,0.17425879836082458,0.013543915003538132,0.1614413857460022,0.030982360243797302,0.16396212577819824,0.03449588641524315,0.16841216385364532,0.016144106164574623,0.16839024424552917,0.02163154073059559,0.1687372475862503,0.03520141541957855
323,0.17430183291435242,0.013214556500315666,0.1607920229434967,0.02926233783364296,0.16367267072200775,0.036900926381349564,0.16865620017051697,0.017774289473891258,0.16855056583881378,0.022446319460868835,0.16993214190006256,0.03592000529170036
324,0.17356577515602112,0.014517269097268581,0.16072610020637512,0.03208301216363907,0.16416576504707336,0.03705654293298721,0.1699807345867157,0.017771929502487183,0.17002706229686737,0.0230775885283947,0.16895067691802979,0.03648538142442703
325,0.174529030919075,0.013844464905560017,0.16005101799964905,0.033116187900304794,0.16445273160934448,0.03762304410338402,0.17092545330524445,0.01795407198369503,0.17026281356811523,0.02512587234377861,0.16954585909843445,0.03710177168250084
326,0.1765633523464203,0.01226566731929779,0.16075938940048218,0.033035703003406525,0.16522732377052307,0.038511596620082855,0.17167074978351593,0.018987681716680527,0.17126251757144928,0.022266719490289688,0.16707266867160797,0.0386568047106266
327,0.17772872745990753,0.013350267894566059,0.16226749122142792,0.03162149339914322,0.1646355241537094,0.039673320949077606,0.17134179174900055,0.01996445283293724,0.17060533165931702,0.025675738230347633,0.16778314113616943,0.039081983268260956
328,0.17725610733032227,0.012767013162374496,0.16160354018211365,0.03320470452308655,0.16550850868225098,0.04013773053884506,0.17015427350997925,0.019534273073077202,0.16942010819911957,0.026449602097272873,0.16805711388587952,0.039760563522577286
329,0.17687515914440155,0.014235807582736015,0.16092154383659363,0.03400646895170212,0.1654762327671051,0.040794190019369125,0.1712927371263504,0.019677577540278435,0.1688835322856903,0.028079375624656677,0.16803351044654846,0.04162465035915375
330,0.17773373425006866,0.013174748048186302,0.16134312748908997,0.03294280171394348,0.16549111902713776,0.04109742119908333,0.16894856095314026,0.023735182359814644,0.16947518289089203,0.026484353467822075,0.16582253575325012,0.04130382463335991
331,0.1782306283712387,0.013229777105152607,0.16145791113376617,0.033865973353385925,0.16551004350185394,0.04141785204410553,0.1688314825296402,0.022093025967478752,0.16938845813274384,0.02703123167157173,0.16422507166862488,0.041179269552230835
332,0.17686663568019867,0.013732030056416988,0.16225627064704895,0.03410959243774414,0.16668154299259186,0.04157575964927673,0.168542742729187,0.023053759709000587,0.16835689544677734,0.029996629804372787,0.16581127047538757,0.04192286729812622
333,0.1783408522605896,0.012923850677907467,0.1628716140985489,0.03479661047458649,0.16691270470619202,0.04221298173069954,0.1700226366519928,0.022401850670576096,0.16811564564704895,0.029163077473640442,0.16633419692516327,0.04275169596076012
334,0.17922842502593994,0.012558119371533394,0.16221535205841064,0.0349646620452404,0.16558201611042023,0.04221678525209427,0.17016229033470154,0.024188395589590073,0.16819769144058228,0.028576001524925232,0.1667095273733139,0.04300563782453537
335,0.17874881625175476,0.012226367369294167,0.16122865676879883,0.03490818664431572,0.16622154414653778,0.042991939932107925,0.17038267850875854,0.02914499305188656,0.1672818511724472,0.03104826994240284,0.1673523634672165,0.04328572377562523
336,0.17853638529777527,0.011983324773609638,0.1609429568052292,0.03490057960152626,0.16641561686992645,0.043630845844745636,0.1699666678905487,0.030270066112279892,0.1658496856689453,0.031234757974743843,0.1684097945690155,0.04421517252922058
337,0.17892733216285706,0.012707596644759178,0.16003644466400146,0.03558320924639702,0.1667284071445465,0.04410111904144287,0.17098577320575714,0.03247629478573799,0.16570276021957397,0.03261411190032959,0.168552428483963,0.04530072957277298
338,0.17913037538528442,0.010196483694016933,0.1608901470899582,0.0362745001912117,0.16677840054035187,0.04408926144242287,0.17137113213539124,0.03527889400720596,0.16623498499393463,0.034448571503162384,0.16919782757759094,0.045312680304050446
339,0.17985400557518005,0.009817131794989109,0.1617700308561325,0.03817753866314888,0.1671583354473114,0.04472089558839798,0.169549822807312,0.03574419021606445,0.16428276896476746,0.03415115550160408,0.1694479137659073,0.045634038746356964
340,0.18219564855098724,0.010602441616356373,0.16352657973766327,0.03889257833361626,0.16795702278614044,0.04547726362943649,0.1683042049407959,0.034831173717975616,0.16220888495445251,0.03473679721355438,0.170080304145813,0.04588298127055168
341,0.18178777396678925,0.010736665688455105,0.163558691740036,0.038728415966033936,0.16915135085582733,0.04715515300631523,0.1684916913509369,0.03542912006378174,0.16272380948066711,0.03552582487463951,0.1698855608701706,0.046365611255168915
342,0.18251921236515045,0.01110871136188507,0.16296429932117462,0.03855405002832413,0.16939595341682434,0.04703666269779205,0.1682763546705246,0.03731841593980789,0.1627817451953888,0.037433918565511703,0.1690366566181183,0.04608213156461716
343,0.1829172670841217,0.00978295598179102,0.16184821724891663,0.03892934322357178,0.1679648458957672,0.047107622027397156,0.16661815345287323,0.03773816302418709,0.16281838715076447,0.036374133080244064,0.16906896233558655,0.04636735841631889
344,0.1830829381942749,0.00899196695536375,0.1629669964313507,0.038317907601594925,0.16851761937141418,0.0479452945291996,0.16714587807655334,0.037405677139759064,0.16355764865875244,0.0372597835958004,0.1676197499036789,0.046810392290353775
345,0.1817363202571869,0.009748976677656174,0.1625310480594635,0.03900337964296341,0.16754719614982605,0.04668915644288063,0.16830912232398987,0.038446344435214996,0.1627807766199112,0.03789703920483589,0.16900047659873962,0.04708508774638176
346,0.1802133470773697,0.011085485108196735,0.16123516857624054,0.03927287459373474,0.16810475289821625,0.04703850671648979,0.16774985194206238,0.03918641060590744,0.16390185058116913,0.039284586906433105,0.16816464066505432,0.04691460356116295
347,0.18083646893501282,0.011013416573405266,0.16427041590213776,0.04079151898622513,0.16899193823337555,0.04794185608625412,0.16881918907165527,0.03958291932940483,0.1634032279253006,0.04083173722028732,0.16822093725204468,0.04845454916357994
348,0.17981745302677155,0.009799262508749962,0.16422156989574432,0.040232378989458084,0.1688275933265686,0.04828369989991188,0.16983723640441895,0.03908463940024376,0.16374120116233826,0.04125787690281868,0.1673695147037506,0.04793655872344971
349,0.1814955770969391,0.010908691212534904,0.16346673667430878,0.03901050239801407,0.16916033625602722,0.048546258360147476,0.17064008116722107,0.04076223447918892,0.16371700167655945,0.039420127868652344,0.1670002043247223,0.04808799922466278
350,0.18161770701408386,0.012157694436609745,0.16285422444343567,0.040141861885786057,0.17004141211509705,0.04795576632022858,0.17097601294517517,0.04250060021877289,0.1631988286972046,0.04039448872208595,0.1662900447845459,0.04749463126063347
351,0.18065333366394043,0.010318505577743053,0.16251644492149353,0.039422959089279175,0.17082154750823975,0.0481041856110096,0.17047563195228577,0.04305708408355713,0.16087980568408966,0.040063660591840744,0.16498272120952606,0.048025019466876984
352,0.17855213582515717,0.011121685616672039,0.1626688539981842,0.04023481160402298,0.16935566067695618,0.047520868480205536,0.17045599222183228,0.04427932947874069,0.16154758632183075,0.039716072380542755,0.16573253273963928,0.04835059121251106
353,0.17755667865276337,0.013439496979117393,0.16233612596988678,0.04139233008027077,0.16790930926799774,0.04753510281443596,0.1712891012430191,0.04393073916435242,0.16264787316322327,0.04073469713330269,0.16482636332511902,0.048310887068510056
354,0.17627236247062683,0.015004809014499187,0.16161635518074036,0.04143935814499855,0.16827057301998138,0.04826347529888153,0.17022116482257843,0.04467829316854477,0.1620037853717804,0.04081753268837929,0.1660047471523285,0.04838668927550316
355,0.17671337723731995,0.016399746760725975,0.16311383247375488,0.04199879616498947,0.16814881563186646,0.04867912083864212,0.16914795339107513,0.04392146319150925,0.16303247213363647,0.042004864662885666,0.16439512372016907,0.04891999810934067
356,0.177128404378891,0.016285089775919914,0.16325554251670837,0.04238700121641159,0.16719266772270203,0.048844750970602036,0.16911621391773224,0.04440698400139809,0.16289399564266205,0.04280136153101921,0.16462694108486176,0.049955736845731735
357,0.17755915224552155,0.014936561696231365,0.16246777772903442,0.04219069704413414,0.1672411561012268,0.04857886582612991,0.16774651408195496,0.04553501307964325,0.16111963987350464,0.04229892045259476,0.16472633183002472,0.04942695051431656
358,0.1798982173204422,0.014956270344555378,0.16100504994392395,0.041803788393735886,0.16688290238380432,0.04816349595785141,0.16768459975719452,0.04559009522199631,0.15853609144687653,0.042888350784778595,0.16438746452331543,0.050005413591861725
359,0.179146870970726,0.013844321481883526,0.1601119190454483,0.041329797357320786,0.16687250137329102,0.0473216287791729,0.1678982675075531,0.046423234045505524,0.1595369577407837,0.04154618829488754,0.16681721806526184,0.049620501697063446
360,0.18027272820472717,0.016876082867383957,0.1609913408756256,0.04084283113479614,0.166553795337677,0.0475270040333271,0.1666603833436966,0.04662767052650452,0.15754686295986176,0.04097740724682808,0.1675330549478531,0.04896297678351402
361,0.1805208921432495,0.014648121781647205,0.16022753715515137,0.04180891066789627,0.16730695962905884,0.047923244535923004,0.1668393909931183,0.04674653336405754,0.15704050660133362,0.041136208921670914,0.16511069238185883,0.04965273290872574
362,0.18071870505809784,0.0157112218439579,0.16126282513141632,0.04251300171017647,0.16704913973808289,0.04602215066552162,0.16742870211601257,0.04695333540439606,0.1567390263080597,0.03944862261414528,0.16546764969825745,0.04927253723144531
363,0.17946434020996094,0.01526544988155365,0.1604592502117157,0.04240374639630318,0.16660867631435394,0.046749573200941086,0.1677590012550354,0.04604063183069229,0.15620733797550201,0.03861257806420326,0.16544799506664276,0.048834510147571564
364,0.18095991015434265,0.01449031662195921,0.1583181917667389,0.043155375868082047,0.1666058599948883,0.0469488762319088,0.1662728637456894,0.046250712126493454,0.15752555429935455,0.03946791589260101,0.16628985106945038,0.04836229979991913
365,0.18192553520202637,0.01632409542798996,0.15710119903087616,0.04270254820585251,0.16604448854923248,0.046945590525865555,0.1650521159172058,0.04696040600538254,0.15797007083892822,0.04110542684793472,0.16623905301094055,0.04898252710700035
366,0.17884448170661926,0.01672043278813362,0.1580277383327484,0.04361449182033539,0.16614075005054474,0.047370292246341705,0.16506943106651306,0.046623557806015015,0.15842491388320923,0.04199220985174179,0.1657082438468933,0.048937778919935226
367,0.17935238778591156,0.01816878281533718,0.1578271985054016,0.04308352619409561,0.16592112183570862,0.04753933846950531,0.16615357995033264,0.04642392322421074,0.1574404537677765,0.0416126549243927,0.16474492847919464,0.049500271677970886
368,0.17959490418434143,0.01806650683283806,0.15786799788475037,0.04235547408461571,0.1650642603635788,0.046609487384557724,0.16481247544288635,0.04550670087337494,0.15810051560401917,0.04311881214380264,0.16469518840312958,0.04925636202096939
369,0.179436594247818,0.01565800979733467,0.15882399678230286,0.043301772326231,0.1668865978717804,0.04609227553009987,0.1655266284942627,0.04635044187307358,0.1580440104007721,0.043061885982751846,0.16519533097743988,0.05010446161031723
370,0.1778462678194046,0.018197739496827126,0.1580166518688202,0.04335246980190277,0.16602063179016113,0.04582781344652176,0.16503052413463593,0.0463152751326561,0.15731263160705566,0.04374796152114868,0.16678985953330994,0.050837840884923935
371,0.17701168358325958,0.01825607754290104,0.15927231311798096,0.043349090963602066,0.16512392461299896,0.046604834496974945,0.16542795300483704,0.0470324382185936,0.15886978805065155,0.0420030876994133,0.167472705245018,0.05152546986937523
372,0.17544297873973846,0.01943465881049633,0.15798188745975494,0.0438929907977581,0.1660127341747284,0.04735092446208,0.1635579913854599,0.046245768666267395,0.15790757536888123,0.04300447180867195,0.16807329654693604,0.05041065439581871
373,0.17689356207847595,0.016852330416440964,0.15799249708652496,0.04337500035762787,0.1658516824245453,0.04617821425199509,0.16425810754299164,0.04855482280254364,0.15929792821407318,0.04309708997607231,0.1688234806060791,0.04982491210103035
374,0.17477229237556458,0.013719546608626842,0.15796999633312225,0.04336612671613693,0.1644231081008911,0.04627304896712303,0.16335608065128326,0.048383381217718124,0.16087810695171356,0.04442404583096504,0.16825762391090393,0.05014174059033394
375,0.17534449696540833,0.014365038834512234,0.15699860453605652,0.045032378286123276,0.16199301183223724,0.04678668454289436,0.16239602863788605,0.04733199253678322,0.16003812849521637,0.04555616155266762,0.168361097574234,0.05055953189730644
376,0.1749005764722824,0.013782822526991367,0.15785560011863708,0.045447319746017456,0.1630142629146576,0.04690290242433548,0.16282065212726593,0.047924771904945374,0.15916451811790466,0.047210339456796646,0.16848094761371613,0.04974447563290596
377,0.17468935251235962,0.015959829092025757,0.1569875031709671,0.045120447874069214,0.1626351773738861,0.04806011915206909,0.16429395973682404,0.049556631594896317,0.15928906202316284,0.04695812612771988,0.16873137652873993,0.0506172701716423
378,0.17274557054042816,0.018732132390141487,0.15733370184898376,0.04537208005785942,0.16194531321525574,0.04754560440778732,0.16169103980064392,0.04932695999741554,0.1614278256893158,0.04717385023832321,0.16728419065475464,0.050464048981666565
379,0.17340007424354553,0.01585409976541996,0.15826484560966492,0.046086058020591736,0.1623249053955078,0.04690606892108917,0.16050802171230316,0.04917963966727257,0.1614692360162735,0.0459851436316967,0.16555586457252502,0.049579132348299026
380,0.171959787607193,0.015345902182161808,0.1588710993528366,0.04501591995358467,0.16112461686134338,0.04720838740468025,0.1598038226366043,0.04876864328980446,0.15789541602134705,0.04743831977248192,0.16417762637138367,0.04851791635155678
381,0.172952339053154,0.016682496294379234,0.1579785794019699,0.04471547529101372,0.16175559163093567,0.04668392986059189,0.1614341288805008,0.04866543784737587,0.1575951725244522,0.04669219255447388,0.16369029879570007,0.048665061593055725
382,0.17344558238983154,0.016246885061264038,0.1564793884754181,0.04801814258098602,0.161673903465271,0.04592724144458771,0.16023537516593933,0.04967154562473297,0.15707270801067352,0.04790285602211952,0.16563811898231506,0.04896846041083336
383,0.17334909737110138,0.01707451418042183,0.1566515862941742,0.047444142401218414,0.16171470284461975,0.04613906145095825,0.15777264535427094,0.04972613975405693,0.15380284190177917,0.048389386385679245,0.1653245985507965,0.04913243651390076
384,0.17237158119678497,0.017468025907874107,0.15576547384262085,0.04924936220049858,0.15979036688804626,0.04758593440055847,0.15865015983581543,0.048710402101278305,0.15358257293701172,0.05003533139824867,0.16644620895385742,0.047642361372709274
385,0.17210379242897034,0.018013743683695793,0.1539139449596405,0.04973800107836723,0.15923185646533966,0.04659073054790497,0.15728847682476044,0.04803702235221863,0.1517406404018402,0.047126952558755875,0.1640894114971161,0.048634544014930725
386,0.17099638283252716,0.012663289904594421,0.15321166813373566,0.049775995314121246,0.15754011273384094,0.047061312943696976,0.15723006427288055,0.04991430044174194,0.14962080121040344,0.047460827976465225,0.16346341371536255,0.04815834015607834
387,0.17103317379951477,0.012991897761821747,0.15198801457881927,0.04871590435504913,0.15633109211921692,0.04743468016386032,0.15640679001808167,0.0507538765668869,0.1492551863193512,0.04927661269903183,0.1619279980659485,0.04621952399611473
388,0.17056027054786682,0.01415063813328743,0.1502261459827423,0.05087737366557121,0.15679271519184113,0.04659571871161461,0.1556951254606247,0.05161990597844124,0.150319904088974,0.048881422728300095,0.1619948297739029,0.04754696041345596
389,0.16884413361549377,0.01532282866537571,0.14986330270767212,0.05152273178100586,0.15634793043136597,0.04554739221930504,0.15404543280601501,0.05218122899532318,0.15025654435157776,0.048514652997255325,0.16218654811382294,0.04834188520908356
390,0.16948242485523224,0.016070686280727386,0.15130236744880676,0.05202594771981239,0.15598365664482117,0.04593350365757942,0.15238791704177856,0.05269438028335571,0.1510351598262787,0.050141945481300354,0.16142889857292175,0.04704561457037926
391,0.17053115367889404,0.015158232301473618,0.15184344351291656,0.04997511953115463,0.154596745967865,0.04675697535276413,0.15321160852909088,0.05141676589846611,0.150447815656662,0.050535812973976135,0.16156630218029022,0.04760153591632843
392,0.16840901970863342,0.017537513747811317,0.1497856229543686,0.0520794503390789,0.155282661318779,0.0439092181622982,0.15349996089935303,0.052033670246601105,0.1486385315656662,0.04962136223912239,0.16127510368824005,0.04813491925597191
393,0.16828982532024384,0.019774053245782852,0.14853158593177795,0.05025671049952507,0.1541234254837036,0.04530925303697586,0.15283626317977905,0.05330174043774605,0.14886374771595,0.05061110854148865,0.15984413027763367,0.048002954572439194
394,0.16679859161376953,0.020623663440346718,0.14830787479877472,0.04929827153682709,0.15181533992290497,0.047511108219623566,0.15231870114803314,0.053844284266233444,0.14632058143615723,0.0498942993581295,0.1588839590549469,0.04747661203145981
395,0.16790370643138885,0.019569022580981255,0.14681895077228546,0.04783837869763374,0.15429139137268066,0.04629506543278694,0.15213140845298767,0.05341983586549759,0.1462186872959137,0.05084113031625748,0.1576235443353653,0.04638676717877388
396,0.1664988398551941,0.019688725471496582,0.1448138803243637,0.04961082711815834,0.1535305678844452,0.0457182303071022,0.15261664986610413,0.05450241640210152,0.146048903465271,0.05014036223292351,0.1572994738817215,0.04711412265896797
397,0.16535684466362,0.018911315128207207,0.14410105347633362,0.04971273988485336,0.1536320298910141,0.047616731375455856,0.15131409466266632,0.05611552298069,0.1474265307188034,0.051565609872341156,0.15637549757957458,0.04625759646296501
398,0.16437910497188568,0.019048167392611504,0.14156018197536469,0.05014685541391373,0.1534224897623062,0.048833247274160385,0.1524019092321396,0.05579359084367752,0.14765599370002747,0.05166462063789368,0.156376451253891,0.04705946892499924
399,0.16228695213794708,0.019430160522460938,0.14209726452827454,0.048846784979104996,0.1539284735918045,0.05061166733503342,0.15288035571575165,0.055962931364774704,0.146981880068779,0.0518067367374897,0.15487439930438995,0.04704589769244194
400,0.16125088930130005,0.021502191200852394,0.14351341128349304,0.05103408172726631,0.15248551964759827,0.050798654556274414,0.15175092220306396,0.05526251345872879,0.1471988707780838,0.05176912993192673,0.15637172758579254,0.04664674773812294
401,0.1606554090976715,0.021480929106473923,0.14416447281837463,0.051298122853040695,0.15372507274150848,0.04908984154462814,0.15170037746429443,0.057530272752046585,0.14451445639133453,0.051673587411642075,0.15598125755786896,0.04621434956789017
402,0.159500390291214,0.021044066175818443,0.14362548291683197,0.05020447075366974,0.15244396030902863,0.049601905047893524,0.1510448008775711,0.05668492615222931,0.14267496764659882,0.05280819907784462,0.15229099988937378,0.04682603105902672
403,0.1586548238992691,0.02285381406545639,0.14338147640228271,0.05264699086546898,0.15002526342868805,0.0491819866001606,0.1478852927684784,0.0568472221493721,0.14283983409404755,0.050891224294900894,0.1513514518737793,0.04652412608265877
404,0.15714745223522186,0.022236913442611694,0.1429136097431183,0.05241028964519501,0.1528811901807785,0.0492904894053936,0.1488225758075714,0.05660625547170639,0.14276006817817688,0.050523772835731506,0.1533118337392807,0.04612056910991669
405,0.1577244997024536,0.024407489225268364,0.14244511723518372,0.05155090242624283,0.1521739363670349,0.04780474677681923,0.14965423941612244,0.055741045624017715,0.14151330292224884,0.05176360160112381,0.1522856205701828,0.04592074081301689
406,0.15502402186393738,0.026087168604135513,0.14065119624137878,0.05122838541865349,0.14898869395256042,0.047725751996040344,0.14873890578746796,0.055945008993148804,0.1417015641927719,0.05037781968712807,0.15261805057525635,0.04611656442284584
407,0.15144723653793335,0.02641739882528782,0.14106321334838867,0.05230977013707161,0.14875870943069458,0.048032693564891815,0.14729762077331543,0.05519038438796997,0.13998040556907654,0.05075344443321228,0.1519106775522232,0.046742089092731476
408,0.1489616334438324,0.026548948138952255,0.14097480475902557,0.05134885758161545,0.14677247405052185,0.04827146232128143,0.14611302316188812,0.05452606454491615,0.1395374834537506,0.05024566501379013,0.14954861998558044,0.04532495513558388
409,0.15108589828014374,0.027805158868432045,0.14060640335083008,0.049384865909814835,0.1460644155740738,0.04723391681909561,0.14633333683013916,0.05562494695186615,0.13918113708496094,0.04968443885445595,0.1488771140575409,0.04611019417643547
410,0.15330944955348969,0.025152286514639854,0.1392030119895935,0.05053986981511116,0.1475483477115631,0.04618373513221741,0.14645273983478546,0.05693893879652023,0.13831761479377747,0.049399081617593765,0.14460785686969757,0.045032043009996414
411,0.15028707683086395,0.02565869875252247,0.139225572347641,0.05093977972865105,0.144654780626297,0.045289047062397,0.14759157598018646,0.0577089861035347,0.13786372542381287,0.05004113167524338,0.14418695867061615,0.04576462507247925
412,0.14884129166603088,0.026589524000883102,0.13988378643989563,0.049919333308935165,0.14273616671562195,0.04430325701832771,0.14550969004631042,0.05740368738770485,0.13678476214408875,0.04894394800066948,0.14344361424446106,0.04509909451007843
413,0.14950276911258698,0.027205146849155426,0.13598337769508362,0.053158171474933624,0.14261308312416077,0.04427061602473259,0.14221151173114777,0.05548107996582985,0.13606558740139008,0.04800009727478027,0.14419934153556824,0.043524984270334244
414,0.15036137402057648,0.0274894367903471,0.13769343495368958,0.05251603201031685,0.1439824402332306,0.043490443378686905,0.14309261739253998,0.054561398923397064,0.13534867763519287,0.04734893888235092,0.14334669709205627,0.04217955097556114
415,0.15019014477729797,0.027676556259393692,0.13849368691444397,0.05160818248987198,0.1433277428150177,0.04577985778450966,0.14180117845535278,0.05452952906489372,0.13505414128303528,0.04843636602163315,0.14542417228221893,0.04555487260222435
416,0.1483570784330368,0.026496319100260735,0.1367182433605194,0.05213606730103493,0.1406109631061554,0.04666408523917198,0.14243409037590027,0.054962966591119766,0.13460570573806763,0.04494229331612587,0.14412792026996613,0.04493492841720581
417,0.14628739655017853,0.026662638410925865,0.13837064802646637,0.05270155146718025,0.14263612031936646,0.04420330747961998,0.14240814745426178,0.05502338334918022,0.13270635902881622,0.044649917632341385,0.14577172696590424,0.04264679178595543
418,0.14409561455249786,0.028858350589871407,0.13861308991909027,0.053217269480228424,0.13994595408439636,0.043712809681892395,0.14366061985492706,0.05432993546128273,0.1314966082572937,0.04666348174214363,0.14222612977027893,0.04333733394742012
419,0.1409836709499359,0.02864524908363819,0.13762202858924866,0.0530356802046299,0.13979215919971466,0.04496382921934128,0.14284642040729523,0.05343177542090416,0.13273222744464874,0.04607848450541496,0.1388677954673767,0.04397810995578766
420,0.13916698098182678,0.029920898377895355,0.13780052959918976,0.050996243953704834,0.13968203961849213,0.045406244695186615,0.14287732541561127,0.054370492696762085,0.13205938041210175,0.045486390590667725,0.1383472979068756,0.0435144379734993
421,0.13714814186096191,0.02823885902762413,0.1344670057296753,0.05051609128713608,0.1396273821592331,0.04514670744538307,0.14356084167957306,0.05360376462340355,0.12989681959152222,0.04572847858071327,0.13735760748386383,0.040571924299001694
422,0.13414914906024933,0.029214780777692795,0.1369388848543167,0.05098484456539154,0.1396476924419403,0.04606996104121208,0.1437808871269226,0.05260758101940155,0.1291937530040741,0.047842252999544144,0.13702870905399323,0.04127838835120201
423,0.13335825502872467,0.029974855482578278,0.13903972506523132,0.05168123170733452,0.1397245228290558,0.047223418951034546,0.14252586662769318,0.051867954432964325,0.1294814795255661,0.047254595905542374,0.13763189315795898,0.04155108332633972
424,0.13417787849903107,0.03170519694685936,0.1384345144033432,0.05102132633328438,0.13879327476024628,0.04710621386766434,0.14057192206382751,0.05267849937081337,0.12856170535087585,0.047310393303632736,0.13771572709083557,0.040094684809446335
425,0.13216647505760193,0.030142392963171005,0.13832275569438934,0.050674304366111755,0.1394096314907074,0.04593398794531822,0.140091210603714,0.05230968818068504,0.1288982629776001,0.0480068065226078,0.1383410543203354,0.041999541223049164
426,0.1323077529668808,0.031122732907533646,0.1372590959072113,0.05021880939602852,0.13798809051513672,0.04560202732682228,0.140409454703331,0.05370783060789108,0.12760552763938904,0.044785935431718826,0.13677439093589783,0.0419611856341362
427,0.13066531717777252,0.03018425777554512,0.13816210627555847,0.04944116622209549,0.13607844710350037,0.04515997692942619,0.1426408588886261,0.05178125202655792,0.12778882682323456,0.04531256482005119,0.13555869460105896,0.041600167751312256
428,0.1305845081806183,0.029912618920207024,0.13732217252254486,0.050479378551244736,0.13664397597312927,0.04505595937371254,0.14373020827770233,0.05196324735879898,0.12284417450428009,0.043816808611154556,0.13447318971157074,0.041043661534786224
429,0.13001421093940735,0.03311951458454132,0.1347765475511551,0.05013721436262131,0.13335445523262024,0.04474753886461258,0.14231279492378235,0.05303158238530159,0.1225554496049881,0.04288363456726074,0.13009938597679138,0.037947025150060654
430,0.12945982813835144,0.03172425553202629,0.13215655088424683,0.0491233728826046,0.13296166062355042,0.04314415529370308,0.14116975665092468,0.05159959942102432,0.1212182492017746,0.04593667387962341,0.13037338852882385,0.03796284645795822
431,0.12674930691719055,0.03144817426800728,0.12905138731002808,0.046485669910907745,0.13273173570632935,0.04380647465586662,0.14004012942314148,0.05183222144842148,0.1201605573296547,0.047814738005399704,0.1276925504207611,0.03701358661055565
432,0.12513533234596252,0.03319387137889862,0.12776654958724976,0.046420931816101074,0.13260290026664734,0.04374329000711441,0.1406380981206894,0.05164453014731407,0.12168268859386444,0.047286223620176315,0.12942945957183838,0.03764210268855095
433,0.12118540704250336,0.033889513462781906,0.12676893174648285,0.04480533301830292,0.13298407196998596,0.04611832648515701,0.13990405201911926,0.05051017180085182,0.12133674323558807,0.04677601158618927,0.1273077428340912,0.03767695277929306
434,0.11961992084980011,0.03230636194348335,0.12311483919620514,0.04562294855713844,0.13333448767662048,0.04470546916127205,0.1377072036266327,0.049388520419597626,0.11861462891101837,0.04622578248381615,0.12755317986011505,0.038497816771268845
435,0.1234813779592514,0.03263907879590988,0.12571337819099426,0.04710393026471138,0.13297854363918304,0.043868012726306915,0.13818785548210144,0.048758164048194885,0.11846242845058441,0.04546898230910301,0.12740613520145416,0.039917100220918655
436,0.12227543443441391,0.032961249351501465,0.12354059517383575,0.04796571657061577,0.12953563034534454,0.04238394647836685,0.13785210251808167,0.0486212894320488,0.1149216741323471,0.04677186533808708,0.12811721861362457,0.03857368230819702
437,0.12014077603816986,0.031877126544713974,0.12299100309610367,0.046315211802721024,0.12886662781238556,0.04192014038562775,0.13565100729465485,0.04711756482720375,0.11573991924524307,0.046832360327243805,0.12464436143636703,0.04055061191320419
438,0.12030424922704697,0.031159155070781708,0.12271448224782944,0.045590247958898544,0.13047878444194794,0.04425794631242752,0.13297779858112335,0.04735894501209259,0.11654585599899292,0.04530363529920578,0.12366677820682526,0.04133300855755806
439,0.1182081550359726,0.03460955619812012,0.12178794294595718,0.045960426330566406,0.13043437898159027,0.04488355293869972,0.13256940245628357,0.04665708169341087,0.11554548889398575,0.045020539313554764,0.12241148948669434,0.0381753109395504
440,0.11788566410541534,0.035900093615055084,0.12144434452056885,0.0458291694521904,0.12966015934944153,0.0442010872066021,0.1308724582195282,0.04744034260511398,0.11517497152090073,0.043454788625240326,0.1201423853635788,0.040665026754140854
441,0.11826759576797485,0.03436712175607681,0.11850575357675552,0.0462208017706871,0.12846022844314575,0.044769372791051865,0.13050201535224915,0.04594702273607254,0.11486151069402695,0.043703269213438034,0.12079007923603058,0.038397036492824554
442,0.11886133998632431,0.035479236394166946,0.1173269972205162,0.04552667960524559,0.13180440664291382,0.04537566378712654,0.1290425807237625,0.04738961160182953,0.11418177932500839,0.04498715698719025,0.11812315136194229,0.03378988057374954
443,0.11840806156396866,0.036008432507514954,0.11752861738204956,0.045860521495342255,0.13076253235340118,0.045531585812568665,0.12729166448116302,0.046600326895713806,0.11741602420806885,0.048342615365982056,0.11730527877807617,0.03470715135335922
444,0.11770246177911758,0.03674565255641937,0.11734984070062637,0.04702294245362282,0.12610872089862823,0.04643569886684418,0.12700986862182617,0.047727182507514954,0.11498317867517471,0.04657655954360962,0.11557216942310333,0.035020820796489716
445,0.1174997091293335,0.03792448714375496,0.11324279010295868,0.046987034380435944,0.12531018257141113,0.04663800820708275,0.1257132589817047,0.049218419939279556,0.11135246604681015,0.04475538060069084,0.1153409481048584,0.033619288355112076
446,0.11613072454929352,0.03827768564224243,0.11506454646587372,0.04753343015909195,0.12066400051116943,0.04861397668719292,0.1234452873468399,0.050785161554813385,0.11106137931346893,0.0460212267935276,0.11111340671777725,0.032321996986866
447,0.11617495119571686,0.038421664386987686,0.11421898752450943,0.0468873456120491,0.12104818969964981,0.04880337044596672,0.12052430957555771,0.04895567148923874,0.1106288805603981,0.04613625630736351,0.10698486864566803,0.031670767813920975
448,0.11346002668142319,0.03892946243286133,0.11366184800863266,0.04646434262394905,0.12305264174938202,0.048735715448856354,0.11799938976764679,0.04799524322152138,0.10701165348291397,0.04745664820075035,0.10684438794851303,0.030151288956403732
449,0.11158020794391632,0.039309218525886536,0.1137709841132164,0.046552371233701706,0.1186627596616745,0.0475272610783577,0.11490289866924286,0.04886588081717491,0.10838405787944794,0.049124300479888916,0.107312873005867,0.030062353238463402
450,0.11240863800048828,0.04061177000403404,0.11315979063510895,0.04761303961277008,0.11811040341854095,0.04706194996833801,0.11540929973125458,0.04812709614634514,0.10929255187511444,0.04540407285094261,0.1053900346159935,0.0306345596909523
451,0.10958395153284073,0.04108269512653351,0.10864289104938507,0.046601809561252594,0.1141345351934433,0.04600631445646286,0.11899056285619736,0.044796817004680634,0.10668729245662689,0.045702215284109116,0.10354296118021011,0.032166630029678345
452,0.10945067554712296,0.04047292843461037,0.10923615843057632,0.04701286554336548,0.11192604154348373,0.045082639902830124,0.11897511780261993,0.047188617289066315,0.10601051896810532,0.04501590132713318,0.10590231418609619,0.03181702271103859
453,0.10861442983150482,0.041307926177978516,0.10981401056051254,0.04910898581147194,0.1099611148238182,0.045120611786842346,0.11917076259851456,0.04901271313428879,0.10686825215816498,0.0449272096157074,0.10551925003528595,0.03195105120539665
454,0.10697617381811142,0.04022933915257454,0.10774631798267365,0.04849500209093094,0.10927961021661758,0.047529857605695724,0.11951480060815811,0.04906073957681656,0.10507740080356598,0.04433825612068176,0.1045982837677002,0.031040793284773827
455,0.10665903985500336,0.04070356488227844,0.10827884823083878,0.04838491976261139,0.11095385253429413,0.047162845730781555,0.11585310846567154,0.04583238437771797,0.10804589092731476,0.046042319387197495,0.10234434902667999,0.029820984229445457
456,0.10708431899547577,0.03977906331419945,0.10451342165470123,0.05030315741896629,0.10949305444955826,0.04720237851142883,0.11654078960418701,0.04478705674409866,0.10656030476093292,0.04747360199689865,0.10120213031768799,0.03142312914133072
457,0.10828886181116104,0.03894923999905586,0.10598523914813995,0.048997268080711365,0.10973839461803436,0.04888886213302612,0.11227597296237946,0.04331493377685547,0.10602601617574692,0.04790525883436203,0.10019989311695099,0.030308306217193604
458,0.10741360485553741,0.040308404713869095,0.10534168779850006,0.05038696527481079,0.10969690978527069,0.047884099185466766,0.11338615417480469,0.043923571705818176,0.10365086793899536,0.04748990759253502,0.10013961791992188,0.030047232285141945
459,0.10579918324947357,0.041910238564014435,0.10480187833309174,0.04811519384384155,0.10541868209838867,0.046209197491407394,0.11346529424190521,0.04500812292098999,0.10416741669178009,0.04772888123989105,0.09974223375320435,0.030185772106051445
460,0.10370242595672607,0.041490618139505386,0.10378152132034302,0.04578479006886482,0.10290251672267914,0.04698088392615318,0.11287673562765121,0.04432336986064911,0.1056588739156723,0.04751419275999069,0.09870638698339462,0.02905505709350109
461,0.10282494872808456,0.03997012600302696,0.10218740999698639,0.04359600692987442,0.10392041504383087,0.04966083541512489,0.11064158380031586,0.04497811943292618,0.10373671352863312,0.04680267721414566,0.09982416033744812,0.03033205308020115
462,0.10464582592248917,0.038442015647888184,0.10098329931497574,0.04236724600195885,0.10256333649158478,0.050540365278720856,0.11251542717218399,0.04594454541802406,0.10184653848409653,0.045334044843912125,0.09841243177652359,0.0321037620306015
463,0.10215337574481964,0.036569494754076004,0.09938105195760727,0.043984707444906235,0.102564737200737,0.04904385283589363,0.11132766306400299,0.04700985178351402,0.10219067335128784,0.048207007348537445,0.09920540452003479,0.029180074110627174
464,0.1028023213148117,0.0383385568857193,0.09845086932182312,0.0446927547454834,0.10253526270389557,0.04993237555027008,0.11082419008016586,0.046032607555389404,0.10159121453762054,0.050566166639328,0.09769831597805023,0.028185760602355003
465,0.10206274688243866,0.03853568062186241,0.09698794782161713,0.04359018802642822,0.10212469100952148,0.05011729151010513,0.10943623632192612,0.04593067988753319,0.09803657233715057,0.04974767193198204,0.09752456843852997,0.02832787111401558
466,0.10133011639118195,0.0400516502559185,0.09780550003051758,0.042329296469688416,0.10125849395990372,0.04914297163486481,0.10777004063129425,0.0486864373087883,0.09862079471349716,0.05256589502096176,0.09909879416227341,0.028207197785377502
467,0.09882920235395432,0.038252998143434525,0.09668226540088654,0.04202106222510338,0.1013137549161911,0.050170864909887314,0.10785627365112305,0.04821869730949402,0.09866829961538315,0.05408588424324989,0.0921003594994545,0.027093805372714996
468,0.10082819312810898,0.03788479045033455,0.09524881094694138,0.03909772261977196,0.10161149501800537,0.05171649158000946,0.10718514770269394,0.046694908291101456,0.09703542292118073,0.05473746731877327,0.09503825008869171,0.02784745581448078
469,0.0990193784236908,0.03733810409903526,0.09315108507871628,0.03724341094493866,0.10116936266422272,0.049754515290260315,0.10673625767230988,0.043547116219997406,0.09776481240987778,0.055283427238464355,0.09683893620967865,0.02683631144464016
470,0.09696425497531891,0.03647391125559807,0.09026286005973816,0.03837193176150322,0.10013580322265625,0.05023834481835365,0.10594470798969269,0.044339414685964584,0.09518712013959885,0.052288878709077835,0.0968090146780014,0.030327681452035904
471,0.09374559670686722,0.03517815098166466,0.0929422453045845,0.037014372646808624,0.10255440324544907,0.05191415175795555,0.10558965057134628,0.04644829407334328,0.09680812060832977,0.05303110182285309,0.09500177204608917,0.028679411858320236
472,0.09399295598268509,0.03737383335828781,0.09160498529672623,0.035607293248176575,0.10243751853704453,0.05492542311549187,0.10615571588277817,0.04417925328016281,0.09784906357526779,0.05487966537475586,0.09569133818149567,0.028532477095723152
473,0.09412313252687454,0.03499756008386612,0.09032527357339859,0.035126637667417526,0.1017654687166214,0.05533497780561447,0.1055828332901001,0.041008446365594864,0.09467703104019165,0.05363089591264725,0.0897747129201889,0.02593064121901989
474,0.09431155025959015,0.03642798587679863,0.09031404554843903,0.0378684438765049,0.09828363358974457,0.05170925706624985,0.10324148088693619,0.04017966613173485,0.09471670538187027,0.05309666693210602,0.08774682134389877,0.025767290964722633
475,0.0936790257692337,0.03712868317961693,0.08869509398937225,0.03662462905049324,0.09815023839473724,0.052304644137620926,0.10244064033031464,0.04361987113952637,0.09096217900514603,0.05304865539073944,0.08840275555849075,0.028500625863671303
476,0.09144897758960724,0.03572334721684456,0.08856486529111862,0.03572368249297142,0.09956027567386627,0.054365601390600204,0.10431941598653793,0.04426507279276848,0.08993454277515411,0.052833590656518936,0.08959738910198212,0.02540649101138115
477,0.09250150620937347,0.034455303102731705,0.09033135324716568,0.03536241874098778,0.10028950124979019,0.05524299293756485,0.10442224889993668,0.042712870985269547,0.08910229802131653,0.05166896432638168,0.08825787156820297,0.022872382774949074
478,0.09384617209434509,0.032943446189165115,0.0870591551065445,0.03571709245443344,0.0959625095129013,0.05269686132669449,0.10385183244943619,0.0447879396378994,0.08777755498886108,0.05179501324892044,0.08679826557636261,0.02285214699804783
479,0.0928596556186676,0.030899766832590103,0.0876070111989975,0.03633614256978035,0.09657258540391922,0.04891251027584076,0.10336160659790039,0.04612979665398598,0.08849887549877167,0.05002257600426674,0.0893852561712265,0.02443455159664154
480,0.09198318421840668,0.03048633225262165,0.08696392178535461,0.0374457873404026,0.09275315701961517,0.047322265803813934,0.1016460657119751,0.04587824270129204,0.08904910087585449,0.05209266394376755,0.0879659429192543,0.02413102053105831
481,0.09217992424964905,0.030378395691514015,0.08704354614019394,0.0356062576174736,0.09023933112621307,0.04780474305152893,0.1021689921617508,0.04484584182500839,0.08910740166902542,0.050423793494701385,0.08905141800642014,0.02215162105858326
482,0.09302952885627747,0.031850215047597885,0.08867614716291428,0.037454936653375626,0.08961918950080872,0.0447210893034935,0.10080339014530182,0.04691292718052864,0.09174155443906784,0.053211770951747894,0.08813978731632233,0.022741321474313736
483,0.09189502894878387,0.03150518238544464,0.08788098394870758,0.03675564378499985,0.08867819607257843,0.04358652979135513,0.10152903944253922,0.04474976286292076,0.08907429873943329,0.053568560630083084,0.08575581759214401,0.025284800678491592
484,0.08920235931873322,0.028869932517409325,0.0887586921453476,0.0380241759121418,0.0885152816772461,0.046640969812870026,0.09706564992666245,0.04457363486289978,0.08906824886798859,0.05242638662457466,0.08599361032247543,0.026054607704281807
485,0.09014143794775009,0.03129301220178604,0.08694279193878174,0.03824952617287636,0.0885021835565567,0.047029878944158554,0.09585076570510864,0.04449833184480667,0.08597639948129654,0.0512811616063118,0.08408362418413162,0.02751879394054413
486,0.09211120754480362,0.029345210641622543,0.08671746402978897,0.03785352408885956,0.08996602147817612,0.04631868377327919,0.09131889045238495,0.04344940930604935,0.0877387672662735,0.05458506569266319,0.08410145342350006,0.026977570727467537
487,0.09190893173217773,0.028359785676002502,0.08675941079854965,0.03921811282634735,0.09310567378997803,0.04679089039564133,0.08952536433935165,0.04085835814476013,0.08820103853940964,0.05654079467058182,0.08632795512676239,0.027775675058364868
488,0.09251569211483002,0.02802308462560177,0.08566033095121384,0.039416633546352386,0.09210719168186188,0.045586563646793365,0.0880395770072937,0.0404675155878067,0.087868332862854,0.054303690791130066,0.08835951238870621,0.028664205223321915
489,0.09082027524709702,0.027562379837036133,0.08686881512403488,0.03979916125535965,0.08687219023704529,0.04516186565160751,0.09064386785030365,0.043975040316581726,0.08720247447490692,0.05519372969865799,0.08610072731971741,0.028664980083703995
490,0.09039468318223953,0.03043000027537346,0.08805970102548599,0.03850805386900902,0.08432335406541824,0.044620223343372345,0.09087112545967102,0.042427077889442444,0.08696357905864716,0.058782219886779785,0.08735279738903046,0.027067113667726517
491,0.08841805905103683,0.03052620217204094,0.08673121780157089,0.04076245799660683,0.08500756323337555,0.04278886318206787,0.08823376148939133,0.04231734573841095,0.09071631729602814,0.060565587133169174,0.08890368789434433,0.026913370937108994
492,0.08931279182434082,0.02709113620221615,0.08866094052791595,0.04148828983306885,0.08238847553730011,0.03980204463005066,0.08730286359786987,0.040671925991773605,0.08775599300861359,0.060369618237018585,0.08754830807447433,0.026251165196299553
493,0.09125132113695145,0.028906766325235367,0.09002473205327988,0.042842838913202286,0.08250965178012848,0.03904643654823303,0.08755163848400116,0.04070703685283661,0.08982694149017334,0.06116269528865814,0.0879034698009491,0.03103477507829666
494,0.089661605656147,0.03010662831366062,0.08901090174913406,0.04249520227313042,0.0806954875588417,0.04098539426922798,0.08688804507255554,0.04024989902973175,0.08727052062749863,0.0572858564555645,0.0865391418337822,0.02887081727385521
495,0.08750803023576736,0.029438918456435204,0.08649811148643494,0.041826922446489334,0.08333092927932739,0.040121905505657196,0.08559789508581161,0.04007716476917267,0.08801166713237762,0.05742419511079788,0.08654219657182693,0.03049381636083126
496,0.0870341882109642,0.030110659077763557,0.08692063391208649,0.04143653064966202,0.08226800709962845,0.04137179255485535,0.08578883856534958,0.039015993475914,0.08905841410160065,0.05676472932100296,0.08492111414670944,0.028888331726193428
497,0.08790476620197296,0.028018347918987274,0.08388328552246094,0.0410105399787426,0.0819171667098999,0.04098667576909065,0.08827117830514908,0.04445501044392586,0.08779549598693848,0.06256957352161407,0.08361461758613586,0.02439066767692566
498,0.08990570902824402,0.02990812622010708,0.08210475742816925,0.04176349565386772,0.08058424293994904,0.04046929255127907,0.08772816509008408,0.04348098859190941,0.08772732317447662,0.06388185918331146,0.0824185386300087,0.025111516937613487
499,0.09430636465549469,0.03207869082689285,0.08742894232273102,0.04221949726343155,0.08461640775203705,0.043851472437381744,0.09275968372821808,0.04646074026823044,0.0868336409330368,0.06420285254716873,0.08416533470153809,0.028935177251696587
500,0.0947965458035469,0.0314917229115963,0.08394058048725128,0.04093373566865921,0.08386197686195374,0.04324575141072273,0.09144578874111176,0.043812479823827744,0.09008559584617615,0.06274021416902542,0.08317546546459198,0.02922121249139309
