Condition,Seed,CurveType,X,Value
TD,0,train,1,11.0
TD,0,train,2,20.0
TD,0,train,3,26.0
TD,0,train,4,10.0
TD,0,train,5,27.0
TD,0,train,6,16.0
TD,0,train,7,13.0
TD,0,train,8,20.0
TD,0,train,9,22.0
TD,0,train,10,11.0
TD,0,train,11,24.0
TD,0,train,12,12.0
TD,0,train,13,15.0
TD,0,train,14,19.0
TD,0,train,15,13.0
TD,0,train,16,9.0
TD,0,train,17,10.0
TD,0,train,18,10.0
TD,0,train,19,10.0
TD,0,train,20,15.0
TD,0,train,21,25.0
TD,0,train,22,13.0
TD,0,train,23,23.0
TD,0,train,24,11.0
TD,0,train,25,12.0
TD,0,train,26,8.0
TD,0,train,27,11.0
TD,0,train,28,13.0
TD,0,train,29,13.0
TD,0,train,30,9.0
TD,0,train,31,12.0
TD,0,train,32,9.0
TD,0,train,33,17.0
TD,0,train,34,9.0
TD,0,train,35,11.0
TD,0,train,36,11.0
TD,0,train,37,10.0
TD,0,train,38,12.0
TD,0,train,39,8.0
TD,0,train,40,10.0
TD,0,train,41,12.0
TD,0,train,42,10.0
TD,0,train,43,11.0
TD,0,train,44,11.0
TD,0,train,45,10.0
TD,0,train,46,9.0
TD,0,train,47,11.0
TD,0,train,48,10.0
TD,0,train,49,10.0
TD,0,train,50,10.0
TD,0,train,51,12.0
TD,0,train,52,10.0
TD,0,train,53,10.0
TD,0,train,54,14.0
TD,0,train,55,10.0
TD,0,train,56,14.0
TD,0,train,57,17.0
TD,0,train,58,10.0
TD,0,train,59,9.0
TD,0,train,60,13.0
TD,0,train,61,10.0
TD,0,train,62,14.0
TD,0,train,63,9.0
TD,0,train,64,10.0
TD,0,train,65,9.0
TD,0,train,66,8.0
TD,0,train,67,11.0
TD,0,train,68,12.0
TD,0,train,69,12.0
TD,0,train,70,11.0
TD,0,train,71,10.0
TD,0,train,72,12.0
TD,0,train,73,9.0
TD,0,train,74,10.0
TD,0,train,75,10.0
TD,0,train,76,11.0
TD,0,train,77,10.0
TD,0,train,78,11.0
TD,0,train,79,12.0
TD,0,train,80,9.0
TD,0,train,81,8.0
TD,0,train,82,11.0
TD,0,train,83,10.0
TD,0,train,84,9.0
TD,0,train,85,11.0
TD,0,train,86,10.0
TD,0,train,87,10.0
TD,0,train,88,9.0
TD,0,train,89,9.0
TD,0,train,90,11.0
TD,0,train,91,10.0
TD,0,train,92,11.0
TD,0,train,93,11.0
TD,0,train,94,14.0
TD,0,train,95,10.0
TD,0,train,96,10.0
TD,0,train,97,10.0
TD,0,train,98,8.0
TD,0,train,99,9.0
TD,0,train,100,12.0
TD,0,train,101,10.0
TD,0,train,102,11.0
TD,0,train,103,10.0
TD,0,train,104,11.0
TD,0,train,105,8.0
TD,0,train,106,10.0
TD,0,train,107,12.0
TD,0,train,108,8.0
TD,0,train,109,13.0
TD,0,train,110,13.0
TD,0,train,111,15.0
TD,0,train,112,10.0
TD,0,train,113,9.0
TD,0,train,114,12.0
TD,0,train,115,11.0
TD,0,train,116,13.0
TD,0,train,117,10.0
TD,0,train,118,11.0
TD,0,train,119,13.0
TD,0,train,120,12.0
TD,0,train,121,13.0
TD,0,train,122,11.0
TD,0,train,123,9.0
TD,0,train,124,12.0
TD,0,train,125,10.0
TD,0,train,126,12.0
TD,0,train,127,12.0
TD,0,train,128,9.0
TD,0,train,129,13.0
TD,0,train,130,9.0
TD,0,train,131,11.0
TD,0,train,132,10.0
TD,0,train,133,11.0
TD,0,train,134,19.0
TD,0,train,135,14.0
TD,0,train,136,10.0
TD,0,train,137,10.0
TD,0,train,138,17.0
TD,0,train,139,9.0
TD,0,train,140,15.0
TD,0,train,141,9.0
TD,0,train,142,14.0
TD,0,train,143,11.0
TD,0,train,144,10.0
TD,0,train,145,15.0
TD,0,train,146,11.0
TD,0,train,147,13.0
TD,0,train,148,13.0
TD,0,train,149,12.0
TD,0,train,150,14.0
TD,0,train,151,16.0
TD,0,train,152,12.0
TD,0,train,153,11.0
TD,0,train,154,13.0
TD,0,train,155,13.0
TD,0,train,156,10.0
TD,0,train,157,11.0
TD,0,train,158,14.0
TD,0,train,159,11.0
TD,0,train,160,11.0
TD,0,train,161,11.0
TD,0,train,162,12.0
TD,0,train,163,13.0
TD,0,train,164,12.0
TD,0,train,165,16.0
TD,0,train,166,12.0
TD,0,train,167,12.0
TD,0,train,168,13.0
TD,0,train,169,11.0
TD,0,train,170,12.0
TD,0,train,171,13.0
TD,0,train,172,13.0
TD,0,train,173,12.0
TD,0,train,174,15.0
TD,0,train,175,10.0
TD,0,train,176,23.0
TD,0,train,177,13.0
TD,0,train,178,12.0
TD,0,train,179,17.0
TD,0,train,180,15.0
TD,0,train,181,14.0
TD,0,train,182,12.0
TD,0,train,183,14.0
TD,0,train,184,17.0
TD,0,train,185,12.0
TD,0,train,186,15.0
TD,0,train,187,39.0
TD,0,train,188,47.0
TD,0,train,189,15.0
TD,0,train,190,23.0
TD,0,train,191,14.0
TD,0,train,192,14.0
TD,0,train,193,22.0
TD,0,train,194,18.0
TD,0,train,195,29.0
TD,0,train,196,19.0
TD,0,train,197,18.0
TD,0,train,198,13.0
TD,0,train,199,16.0
TD,0,train,200,14.0
TD,0,train,201,15.0
TD,0,train,202,13.0
TD,0,train,203,13.0
TD,0,train,204,16.0
TD,0,train,205,19.0
TD,0,train,206,18.0
TD,0,train,207,25.0
TD,0,train,208,39.0
TD,0,train,209,23.0
TD,0,train,210,16.0
TD,0,train,211,19.0
TD,0,train,212,20.0
TD,0,train,213,20.0
TD,0,train,214,18.0
TD,0,train,215,47.0
TD,0,train,216,30.0
TD,0,train,217,33.0
TD,0,train,218,27.0
TD,0,train,219,30.0
TD,0,train,220,22.0
TD,0,train,221,34.0
TD,0,train,222,31.0
TD,0,train,223,18.0
TD,0,train,224,104.0
TD,0,train,225,52.0
TD,0,train,226,44.0
TD,0,train,227,26.0
TD,0,train,228,44.0
TD,0,train,229,19.0
TD,0,train,230,55.0
TD,0,train,231,48.0
TD,0,train,232,26.0
TD,0,train,233,103.0
TD,0,train,234,63.0
TD,0,train,235,38.0
TD,0,train,236,31.0
TD,0,train,237,52.0
TD,0,train,238,52.0
TD,0,train,239,34.0
TD,0,train,240,25.0
TD,0,train,241,28.0
TD,0,train,242,31.0
TD,0,train,243,32.0
TD,0,train,244,31.0
TD,0,train,245,43.0
TD,0,train,246,40.0
TD,0,train,247,41.0
TD,0,train,248,112.0
TD,0,train,249,19.0
TD,0,train,250,49.0
TD,0,train,251,66.0
TD,0,train,252,89.0
TD,0,train,253,100.0
TD,0,train,254,46.0
TD,0,train,255,52.0
TD,0,train,256,57.0
TD,0,train,257,30.0
TD,0,train,258,77.0
TD,0,train,259,20.0
TD,0,train,260,26.0
TD,0,train,261,29.0
TD,0,train,262,27.0
TD,0,train,263,35.0
TD,0,train,264,71.0
TD,0,train,265,38.0
TD,0,train,266,31.0
TD,0,train,267,54.0
TD,0,train,268,34.0
TD,0,train,269,45.0
TD,0,train,270,59.0
TD,0,train,271,75.0
TD,0,train,272,74.0
TD,0,train,273,29.0
TD,0,train,274,167.0
TD,0,train,275,97.0
TD,0,train,276,62.0
TD,0,train,277,91.0
TD,0,train,278,47.0
TD,0,train,279,85.0
TD,0,train,280,28.0
TD,0,train,281,76.0
TD,0,train,282,40.0
TD,0,train,283,87.0
TD,0,train,284,55.0
TD,0,train,285,28.0
TD,0,train,286,48.0
TD,0,train,287,45.0
TD,0,train,288,29.0
TD,0,train,289,65.0
TD,0,train,290,70.0
TD,0,train,291,31.0
TD,0,train,292,22.0
TD,0,train,293,56.0
TD,0,train,294,28.0
TD,0,train,295,28.0
TD,0,train,296,69.0
TD,0,train,297,57.0
TD,0,train,298,97.0
TD,0,train,299,89.0
TD,0,train,300,85.0
TD,0,train,301,45.0
TD,0,train,302,24.0
TD,0,train,303,28.0
TD,0,train,304,44.0
TD,0,train,305,54.0
TD,0,train,306,51.0
TD,0,train,307,29.0
TD,0,train,308,30.0
TD,0,train,309,30.0
TD,0,train,310,35.0
TD,0,train,311,38.0
TD,0,train,312,43.0
TD,0,train,313,30.0
TD,0,train,314,29.0
TD,0,train,315,30.0
TD,0,train,316,33.0
TD,0,train,317,20.0
TD,0,train,318,37.0
TD,0,train,319,102.0
TD,0,train,320,69.0
TD,0,train,321,46.0
TD,0,train,322,59.0
TD,0,train,323,29.0
TD,0,train,324,37.0
TD,0,train,325,32.0
TD,0,train,326,27.0
TD,0,train,327,27.0
TD,0,train,328,32.0
TD,0,train,329,37.0
TD,0,train,330,31.0
TD,0,train,331,72.0
TD,0,train,332,63.0
TD,0,train,333,69.0
TD,0,train,334,88.0
TD,0,train,335,56.0
TD,0,train,336,44.0
TD,0,train,337,31.0
TD,0,train,338,47.0
TD,0,train,339,36.0
TD,0,train,340,33.0
TD,0,train,341,38.0
TD,0,train,342,72.0
TD,0,train,343,72.0
TD,0,train,344,34.0
TD,0,train,345,28.0
TD,0,train,346,52.0
TD,0,train,347,32.0
TD,0,train,348,62.0
TD,0,train,349,38.0
TD,0,train,350,39.0
TD,0,train,351,95.0
TD,0,train,352,31.0
TD,0,train,353,43.0
TD,0,train,354,64.0
TD,0,train,355,60.0
TD,0,train,356,81.0
TD,0,train,357,129.0
TD,0,train,358,107.0
TD,0,train,359,53.0
TD,0,train,360,57.0
TD,0,train,361,53.0
TD,0,train,362,99.0
TD,0,train,363,43.0
TD,0,train,364,72.0
TD,0,train,365,78.0
TD,0,train,366,68.0
TD,0,train,367,38.0
TD,0,train,368,64.0
TD,0,train,369,93.0
TD,0,train,370,188.0
TD,0,train,371,58.0
TD,0,train,372,127.0
TD,0,train,373,51.0
TD,0,train,374,80.0
TD,0,train,375,134.0
TD,0,train,376,50.0
TD,0,train,377,143.0
TD,0,train,378,163.0
TD,0,train,379,35.0
TD,0,train,380,38.0
TD,0,train,381,37.0
TD,0,train,382,31.0
TD,0,train,383,31.0
TD,0,train,384,42.0
TD,0,train,385,139.0
TD,0,train,386,34.0
TD,0,train,387,45.0
TD,0,train,388,31.0
TD,0,train,389,36.0
TD,0,train,390,38.0
TD,0,train,391,139.0
TD,0,train,392,31.0
TD,0,train,393,34.0
TD,0,train,394,50.0
TD,0,train,395,125.0
TD,0,train,396,60.0
TD,0,train,397,67.0
TD,0,train,398,55.0
TD,0,train,399,46.0
TD,0,train,400,45.0
TD,0,train,401,84.0
TD,0,train,402,66.0
TD,0,train,403,62.0
TD,0,train,404,77.0
TD,0,train,405,81.0
TD,0,train,406,80.0
TD,0,train,407,132.0
TD,0,train,408,205.0
TD,0,train,409,221.0
TD,0,train,410,50.0
TD,0,train,411,138.0
TD,0,train,412,303.0
TD,0,train,413,187.0
TD,0,train,414,47.0
TD,0,train,415,92.0
TD,0,train,416,148.0
TD,0,train,417,106.0
TD,0,train,418,71.0
TD,0,train,419,138.0
TD,0,train,420,189.0
TD,0,train,421,190.0
TD,0,train,422,146.0
TD,0,train,423,194.0
TD,0,train,424,167.0
TD,0,train,425,322.0
TD,0,train,426,211.0
TD,0,train,427,166.0
TD,0,train,428,161.0
TD,0,train,429,176.0
TD,0,train,430,150.0
TD,0,train,431,293.0
TD,0,train,432,322.0
TD,0,train,433,309.0
TD,0,train,434,424.0
TD,0,train,435,322.0
TD,0,train,436,411.0
TD,0,train,437,293.0
TD,0,train,438,454.0
TD,0,train,439,428.0
TD,0,train,440,242.0
TD,0,train,441,293.0
TD,0,train,442,236.0
TD,0,train,443,208.0
TD,0,train,444,323.0
TD,0,train,445,256.0
TD,0,train,446,232.0
TD,0,train,447,267.0
TD,0,train,448,247.0
TD,0,train,449,215.0
TD,0,train,450,279.0
TD,0,train,451,256.0
TD,0,train,452,351.0
TD,0,train,453,176.0
TD,0,train,454,296.0
TD,0,train,455,500.0
TD,0,train,456,282.0
TD,0,train,457,247.0
TD,0,train,458,225.0
TD,0,train,459,209.0
TD,0,train,460,500.0
TD,0,train,461,500.0
TD,0,train,462,264.0
TD,0,train,463,260.0
TD,0,train,464,433.0
TD,0,train,465,226.0
TD,0,train,466,336.0
TD,0,train,467,209.0
TD,0,train,468,248.0
TD,0,train,469,228.0
TD,0,train,470,214.0
TD,0,train,471,226.0
TD,0,train,472,210.0
TD,0,train,473,184.0
TD,0,train,474,202.0
TD,0,train,475,256.0
TD,0,train,476,207.0
TD,0,train,477,155.0
TD,0,train,478,436.0
TD,0,train,479,177.0
TD,0,train,480,188.0
TD,0,train,481,187.0
TD,0,train,482,157.0
TD,0,train,483,283.0
TD,0,train,484,164.0
TD,0,train,485,270.0
TD,0,train,486,184.0
TD,0,train,487,144.0
TD,0,train,488,202.0
TD,0,train,489,153.0
TD,0,train,490,233.0
TD,0,train,491,191.0
TD,0,train,492,159.0
TD,0,train,493,191.0
TD,0,train,494,178.0
TD,0,train,495,193.0
TD,0,train,496,202.0
TD,0,train,497,165.0
TD,0,train,498,212.0
TD,0,train,499,173.0
TD,0,train,500,159.0
TD,1,train,1,19.0
TD,1,train,2,22.0
TD,1,train,3,11.0
TD,1,train,4,17.0
TD,1,train,5,58.0
TD,1,train,6,28.0
TD,1,train,7,19.0
TD,1,train,8,15.0
TD,1,train,9,26.0
TD,1,train,10,9.0
TD,1,train,11,18.0
TD,1,train,12,19.0
TD,1,train,13,13.0
TD,1,train,14,11.0
TD,1,train,15,21.0
TD,1,train,16,39.0
TD,1,train,17,32.0
TD,1,train,18,13.0
TD,1,train,19,17.0
TD,1,train,20,9.0
TD,1,train,21,12.0
TD,1,train,22,16.0
TD,1,train,23,11.0
TD,1,train,24,19.0
TD,1,train,25,13.0
TD,1,train,26,12.0
TD,1,train,27,9.0
TD,1,train,28,10.0
TD,1,train,29,27.0
TD,1,train,30,16.0
TD,1,train,31,14.0
TD,1,train,32,9.0
TD,1,train,33,10.0
TD,1,train,34,10.0
TD,1,train,35,8.0
TD,1,train,36,12.0
TD,1,train,37,14.0
TD,1,train,38,10.0
TD,1,train,39,17.0
TD,1,train,40,14.0
TD,1,train,41,10.0
TD,1,train,42,14.0
TD,1,train,43,10.0
TD,1,train,44,9.0
TD,1,train,45,12.0
TD,1,train,46,10.0
TD,1,train,47,11.0
TD,1,train,48,19.0
TD,1,train,49,9.0
TD,1,train,50,10.0
TD,1,train,51,11.0
TD,1,train,52,10.0
TD,1,train,53,14.0
TD,1,train,54,12.0
TD,1,train,55,8.0
TD,1,train,56,9.0
TD,1,train,57,11.0
TD,1,train,58,20.0
TD,1,train,59,10.0
TD,1,train,60,10.0
TD,1,train,61,15.0
TD,1,train,62,10.0
TD,1,train,63,10.0
TD,1,train,64,10.0
TD,1,train,65,12.0
TD,1,train,66,14.0
TD,1,train,67,9.0
TD,1,train,68,8.0
TD,1,train,69,10.0
TD,1,train,70,9.0
TD,1,train,71,11.0
TD,1,train,72,14.0
TD,1,train,73,9.0
TD,1,train,74,10.0
TD,1,train,75,9.0
TD,1,train,76,15.0
TD,1,train,77,9.0
TD,1,train,78,9.0
TD,1,train,79,12.0
TD,1,train,80,8.0
TD,1,train,81,16.0
TD,1,train,82,11.0
TD,1,train,83,11.0
TD,1,train,84,9.0
TD,1,train,85,10.0
TD,1,train,86,13.0
TD,1,train,87,9.0
TD,1,train,88,10.0
TD,1,train,89,12.0
TD,1,train,90,9.0
TD,1,train,91,10.0
TD,1,train,92,11.0
TD,1,train,93,9.0
TD,1,train,94,11.0
TD,1,train,95,12.0
TD,1,train,96,9.0
TD,1,train,97,14.0
TD,1,train,98,9.0
TD,1,train,99,14.0
TD,1,train,100,11.0
TD,1,train,101,9.0
TD,1,train,102,11.0
TD,1,train,103,11.0
TD,1,train,104,11.0
TD,1,train,105,10.0
TD,1,train,106,11.0
TD,1,train,107,12.0
TD,1,train,108,10.0
TD,1,train,109,10.0
TD,1,train,110,11.0
TD,1,train,111,10.0
TD,1,train,112,14.0
TD,1,train,113,10.0
TD,1,train,114,9.0
TD,1,train,115,10.0
TD,1,train,116,10.0
TD,1,train,117,10.0
TD,1,train,118,10.0
TD,1,train,119,11.0
TD,1,train,120,9.0
TD,1,train,121,10.0
TD,1,train,122,17.0
TD,1,train,123,9.0
TD,1,train,124,12.0
TD,1,train,125,11.0
TD,1,train,126,14.0
TD,1,train,127,12.0
TD,1,train,128,11.0
TD,1,train,129,17.0
TD,1,train,130,13.0
TD,1,train,131,11.0
TD,1,train,132,11.0
TD,1,train,133,10.0
TD,1,train,134,11.0
TD,1,train,135,16.0
TD,1,train,136,17.0
TD,1,train,137,10.0
TD,1,train,138,13.0
TD,1,train,139,11.0
TD,1,train,140,14.0
TD,1,train,141,13.0
TD,1,train,142,10.0
TD,1,train,143,14.0
TD,1,train,144,11.0
TD,1,train,145,31.0
TD,1,train,146,11.0
TD,1,train,147,10.0
TD,1,train,148,36.0
TD,1,train,149,11.0
TD,1,train,150,11.0
TD,1,train,151,17.0
TD,1,train,152,9.0
TD,1,train,153,9.0
TD,1,train,154,10.0
TD,1,train,155,14.0
TD,1,train,156,20.0
TD,1,train,157,10.0
TD,1,train,158,13.0
TD,1,train,159,9.0
TD,1,train,160,9.0
TD,1,train,161,18.0
TD,1,train,162,12.0
TD,1,train,163,9.0
TD,1,train,164,14.0
TD,1,train,165,10.0
TD,1,train,166,9.0
TD,1,train,167,10.0
TD,1,train,168,14.0
TD,1,train,169,17.0
TD,1,train,170,11.0
TD,1,train,171,15.0
TD,1,train,172,9.0
TD,1,train,173,10.0
TD,1,train,174,10.0
TD,1,train,175,11.0
TD,1,train,176,10.0
TD,1,train,177,10.0
TD,1,train,178,13.0
TD,1,train,179,9.0
TD,1,train,180,9.0
TD,1,train,181,15.0
TD,1,train,182,16.0
TD,1,train,183,12.0
TD,1,train,184,22.0
TD,1,train,185,10.0
TD,1,train,186,25.0
TD,1,train,187,11.0
TD,1,train,188,9.0
TD,1,train,189,15.0
TD,1,train,190,24.0
TD,1,train,191,23.0
TD,1,train,192,18.0
TD,1,train,193,34.0
TD,1,train,194,23.0
TD,1,train,195,14.0
TD,1,train,196,20.0
TD,1,train,197,8.0
TD,1,train,198,24.0
TD,1,train,199,23.0
TD,1,train,200,10.0
TD,1,train,201,17.0
TD,1,train,202,8.0
TD,1,train,203,15.0
TD,1,train,204,10.0
TD,1,train,205,85.0
TD,1,train,206,14.0
TD,1,train,207,12.0
TD,1,train,208,10.0
TD,1,train,209,9.0
TD,1,train,210,15.0
TD,1,train,211,14.0
TD,1,train,212,12.0
TD,1,train,213,8.0
TD,1,train,214,16.0
TD,1,train,215,10.0
TD,1,train,216,13.0
TD,1,train,217,14.0
TD,1,train,218,10.0
TD,1,train,219,23.0
TD,1,train,220,17.0
TD,1,train,221,14.0
TD,1,train,222,14.0
TD,1,train,223,72.0
TD,1,train,224,51.0
TD,1,train,225,19.0
TD,1,train,226,9.0
TD,1,train,227,17.0
TD,1,train,228,8.0
TD,1,train,229,12.0
TD,1,train,230,10.0
TD,1,train,231,11.0
TD,1,train,232,13.0
TD,1,train,233,11.0
TD,1,train,234,14.0
TD,1,train,235,14.0
TD,1,train,236,12.0
TD,1,train,237,13.0
TD,1,train,238,15.0
TD,1,train,239,14.0
TD,1,train,240,14.0
TD,1,train,241,17.0
TD,1,train,242,20.0
TD,1,train,243,14.0
TD,1,train,244,14.0
TD,1,train,245,15.0
TD,1,train,246,14.0
TD,1,train,247,15.0
TD,1,train,248,18.0
TD,1,train,249,14.0
TD,1,train,250,14.0
TD,1,train,251,14.0
TD,1,train,252,10.0
TD,1,train,253,13.0
TD,1,train,254,15.0
TD,1,train,255,22.0
TD,1,train,256,15.0
TD,1,train,257,16.0
TD,1,train,258,17.0
TD,1,train,259,32.0
TD,1,train,260,103.0
TD,1,train,261,30.0
TD,1,train,262,13.0
TD,1,train,263,13.0
TD,1,train,264,19.0
TD,1,train,265,30.0
TD,1,train,266,86.0
TD,1,train,267,37.0
TD,1,train,268,21.0
TD,1,train,269,49.0
TD,1,train,270,24.0
TD,1,train,271,30.0
TD,1,train,272,32.0
TD,1,train,273,52.0
TD,1,train,274,14.0
TD,1,train,275,18.0
TD,1,train,276,31.0
TD,1,train,277,21.0
TD,1,train,278,33.0
TD,1,train,279,60.0
TD,1,train,280,47.0
TD,1,train,281,48.0
TD,1,train,282,91.0
TD,1,train,283,122.0
TD,1,train,284,80.0
TD,1,train,285,27.0
TD,1,train,286,16.0
TD,1,train,287,37.0
TD,1,train,288,17.0
TD,1,train,289,17.0
TD,1,train,290,51.0
TD,1,train,291,37.0
TD,1,train,292,48.0
TD,1,train,293,25.0
TD,1,train,294,108.0
TD,1,train,295,44.0
TD,1,train,296,76.0
TD,1,train,297,51.0
TD,1,train,298,25.0
TD,1,train,299,38.0
TD,1,train,300,30.0
TD,1,train,301,46.0
TD,1,train,302,69.0
TD,1,train,303,40.0
TD,1,train,304,36.0
TD,1,train,305,34.0
TD,1,train,306,92.0
TD,1,train,307,90.0
TD,1,train,308,38.0
TD,1,train,309,61.0
TD,1,train,310,69.0
TD,1,train,311,76.0
TD,1,train,312,47.0
TD,1,train,313,49.0
TD,1,train,314,40.0
TD,1,train,315,34.0
TD,1,train,316,67.0
TD,1,train,317,41.0
TD,1,train,318,51.0
TD,1,train,319,158.0
TD,1,train,320,57.0
TD,1,train,321,26.0
TD,1,train,322,97.0
TD,1,train,323,44.0
TD,1,train,324,80.0
TD,1,train,325,72.0
TD,1,train,326,54.0
TD,1,train,327,98.0
TD,1,train,328,34.0
TD,1,train,329,78.0
TD,1,train,330,77.0
TD,1,train,331,57.0
TD,1,train,332,41.0
TD,1,train,333,24.0
TD,1,train,334,94.0
TD,1,train,335,107.0
TD,1,train,336,57.0
TD,1,train,337,65.0
TD,1,train,338,60.0
TD,1,train,339,44.0
TD,1,train,340,56.0
TD,1,train,341,119.0
TD,1,train,342,70.0
TD,1,train,343,81.0
TD,1,train,344,59.0
TD,1,train,345,54.0
TD,1,train,346,101.0
TD,1,train,347,43.0
TD,1,train,348,182.0
TD,1,train,349,58.0
TD,1,train,350,122.0
TD,1,train,351,146.0
TD,1,train,352,57.0
TD,1,train,353,57.0
TD,1,train,354,95.0
TD,1,train,355,53.0
TD,1,train,356,87.0
TD,1,train,357,78.0
TD,1,train,358,78.0
TD,1,train,359,101.0
TD,1,train,360,124.0
TD,1,train,361,56.0
TD,1,train,362,236.0
TD,1,train,363,34.0
TD,1,train,364,90.0
TD,1,train,365,69.0
TD,1,train,366,196.0
TD,1,train,367,245.0
TD,1,train,368,51.0
TD,1,train,369,215.0
TD,1,train,370,60.0
TD,1,train,371,92.0
TD,1,train,372,49.0
TD,1,train,373,48.0
TD,1,train,374,67.0
TD,1,train,375,59.0
TD,1,train,376,71.0
TD,1,train,377,48.0
TD,1,train,378,55.0
TD,1,train,379,347.0
TD,1,train,380,251.0
TD,1,train,381,59.0
TD,1,train,382,80.0
TD,1,train,383,154.0
TD,1,train,384,79.0
TD,1,train,385,131.0
TD,1,train,386,130.0
TD,1,train,387,69.0
TD,1,train,388,117.0
TD,1,train,389,136.0
TD,1,train,390,139.0
TD,1,train,391,180.0
TD,1,train,392,133.0
TD,1,train,393,91.0
TD,1,train,394,129.0
TD,1,train,395,93.0
TD,1,train,396,75.0
TD,1,train,397,73.0
TD,1,train,398,279.0
TD,1,train,399,78.0
TD,1,train,400,107.0
TD,1,train,401,70.0
TD,1,train,402,215.0
TD,1,train,403,76.0
TD,1,train,404,97.0
TD,1,train,405,119.0
TD,1,train,406,210.0
TD,1,train,407,95.0
TD,1,train,408,108.0
TD,1,train,409,160.0
TD,1,train,410,248.0
TD,1,train,411,293.0
TD,1,train,412,139.0
TD,1,train,413,500.0
TD,1,train,414,287.0
TD,1,train,415,133.0
TD,1,train,416,202.0
TD,1,train,417,175.0
TD,1,train,418,484.0
TD,1,train,419,363.0
TD,1,train,420,214.0
TD,1,train,421,232.0
TD,1,train,422,500.0
TD,1,train,423,322.0
TD,1,train,424,204.0
TD,1,train,425,284.0
TD,1,train,426,357.0
TD,1,train,427,262.0
TD,1,train,428,441.0
TD,1,train,429,251.0
TD,1,train,430,253.0
TD,1,train,431,233.0
TD,1,train,432,500.0
TD,1,train,433,500.0
TD,1,train,434,337.0
TD,1,train,435,290.0
TD,1,train,436,411.0
TD,1,train,437,259.0
TD,1,train,438,223.0
TD,1,train,439,304.0
TD,1,train,440,269.0
TD,1,train,441,500.0
TD,1,train,442,307.0
TD,1,train,443,212.0
TD,1,train,444,205.0
TD,1,train,445,257.0
TD,1,train,446,273.0
TD,1,train,447,258.0
TD,1,train,448,201.0
TD,1,train,449,287.0
TD,1,train,450,210.0
TD,1,train,451,212.0
TD,1,train,452,289.0
TD,1,train,453,319.0
TD,1,train,454,246.0
TD,1,train,455,287.0
TD,1,train,456,272.0
TD,1,train,457,283.0
TD,1,train,458,244.0
TD,1,train,459,231.0
TD,1,train,460,264.0
TD,1,train,461,267.0
TD,1,train,462,217.0
TD,1,train,463,232.0
TD,1,train,464,221.0
TD,1,train,465,254.0
TD,1,train,466,242.0
TD,1,train,467,249.0
TD,1,train,468,474.0
TD,1,train,469,240.0
TD,1,train,470,348.0
TD,1,train,471,349.0
TD,1,train,472,226.0
TD,1,train,473,205.0
TD,1,train,474,329.0
TD,1,train,475,226.0
TD,1,train,476,229.0
TD,1,train,477,500.0
TD,1,train,478,379.0
TD,1,train,479,231.0
TD,1,train,480,266.0
TD,1,train,481,194.0
TD,1,train,482,240.0
TD,1,train,483,295.0
TD,1,train,484,279.0
TD,1,train,485,195.0
TD,1,train,486,258.0
TD,1,train,487,183.0
TD,1,train,488,265.0
TD,1,train,489,234.0
TD,1,train,490,214.0
TD,1,train,491,231.0
TD,1,train,492,244.0
TD,1,train,493,241.0
TD,1,train,494,272.0
TD,1,train,495,282.0
TD,1,train,496,188.0
TD,1,train,497,331.0
TD,1,train,498,208.0
TD,1,train,499,214.0
TD,1,train,500,264.0
TD,2,train,1,19.0
TD,2,train,2,12.0
TD,2,train,3,16.0
TD,2,train,4,10.0
TD,2,train,5,23.0
TD,2,train,6,69.0
TD,2,train,7,16.0
TD,2,train,8,21.0
TD,2,train,9,20.0
TD,2,train,10,37.0
TD,2,train,11,12.0
TD,2,train,12,14.0
TD,2,train,13,13.0
TD,2,train,14,22.0
TD,2,train,15,38.0
TD,2,train,16,17.0
TD,2,train,17,16.0
TD,2,train,18,17.0
TD,2,train,19,9.0
TD,2,train,20,17.0
TD,2,train,21,10.0
TD,2,train,22,9.0
TD,2,train,23,11.0
TD,2,train,24,13.0
TD,2,train,25,13.0
TD,2,train,26,14.0
TD,2,train,27,12.0
TD,2,train,28,20.0
TD,2,train,29,9.0
TD,2,train,30,18.0
TD,2,train,31,15.0
TD,2,train,32,13.0
TD,2,train,33,9.0
TD,2,train,34,12.0
TD,2,train,35,13.0
TD,2,train,36,9.0
TD,2,train,37,12.0
TD,2,train,38,14.0
TD,2,train,39,14.0
TD,2,train,40,11.0
TD,2,train,41,16.0
TD,2,train,42,9.0
TD,2,train,43,9.0
TD,2,train,44,11.0
TD,2,train,45,10.0
TD,2,train,46,11.0
TD,2,train,47,10.0
TD,2,train,48,10.0
TD,2,train,49,13.0
TD,2,train,50,10.0
TD,2,train,51,10.0
TD,2,train,52,15.0
TD,2,train,53,13.0
TD,2,train,54,9.0
TD,2,train,55,11.0
TD,2,train,56,15.0
TD,2,train,57,11.0
TD,2,train,58,10.0
TD,2,train,59,10.0
TD,2,train,60,9.0
TD,2,train,61,10.0
TD,2,train,62,11.0
TD,2,train,63,14.0
TD,2,train,64,11.0
TD,2,train,65,10.0
TD,2,train,66,10.0
TD,2,train,67,12.0
TD,2,train,68,10.0
TD,2,train,69,11.0
TD,2,train,70,12.0
TD,2,train,71,12.0
TD,2,train,72,20.0
TD,2,train,73,9.0
TD,2,train,74,10.0
TD,2,train,75,10.0
TD,2,train,76,11.0
TD,2,train,77,9.0
TD,2,train,78,18.0
TD,2,train,79,8.0
TD,2,train,80,10.0
TD,2,train,81,9.0
TD,2,train,82,12.0
TD,2,train,83,10.0
TD,2,train,84,9.0
TD,2,train,85,13.0
TD,2,train,86,13.0
TD,2,train,87,11.0
TD,2,train,88,9.0
TD,2,train,89,9.0
TD,2,train,90,10.0
TD,2,train,91,17.0
TD,2,train,92,9.0
TD,2,train,93,12.0
TD,2,train,94,9.0
TD,2,train,95,11.0
TD,2,train,96,13.0
TD,2,train,97,11.0
TD,2,train,98,11.0
TD,2,train,99,12.0
TD,2,train,100,10.0
TD,2,train,101,11.0
TD,2,train,102,11.0
TD,2,train,103,13.0
TD,2,train,104,14.0
TD,2,train,105,11.0
TD,2,train,106,13.0
TD,2,train,107,10.0
TD,2,train,108,12.0
TD,2,train,109,13.0
TD,2,train,110,11.0
TD,2,train,111,12.0
TD,2,train,112,11.0
TD,2,train,113,13.0
TD,2,train,114,8.0
TD,2,train,115,14.0
TD,2,train,116,12.0
TD,2,train,117,10.0
TD,2,train,118,13.0
TD,2,train,119,12.0
TD,2,train,120,12.0
TD,2,train,121,12.0
TD,2,train,122,10.0
TD,2,train,123,12.0
TD,2,train,124,17.0
TD,2,train,125,19.0
TD,2,train,126,15.0
TD,2,train,127,9.0
TD,2,train,128,13.0
TD,2,train,129,11.0
TD,2,train,130,12.0
TD,2,train,131,11.0
TD,2,train,132,12.0
TD,2,train,133,10.0
TD,2,train,134,18.0
TD,2,train,135,16.0
TD,2,train,136,13.0
TD,2,train,137,13.0
TD,2,train,138,11.0
TD,2,train,139,14.0
TD,2,train,140,12.0
TD,2,train,141,12.0
TD,2,train,142,13.0
TD,2,train,143,11.0
TD,2,train,144,12.0
TD,2,train,145,15.0
TD,2,train,146,16.0
TD,2,train,147,12.0
TD,2,train,148,11.0
TD,2,train,149,11.0
TD,2,train,150,13.0
TD,2,train,151,19.0
TD,2,train,152,9.0
TD,2,train,153,17.0
TD,2,train,154,14.0
TD,2,train,155,12.0
TD,2,train,156,13.0
TD,2,train,157,15.0
TD,2,train,158,14.0
TD,2,train,159,14.0
TD,2,train,160,13.0
TD,2,train,161,13.0
TD,2,train,162,16.0
TD,2,train,163,14.0
TD,2,train,164,14.0
TD,2,train,165,16.0
TD,2,train,166,16.0
TD,2,train,167,18.0
TD,2,train,168,11.0
TD,2,train,169,22.0
TD,2,train,170,12.0
TD,2,train,171,21.0
TD,2,train,172,14.0
TD,2,train,173,74.0
TD,2,train,174,15.0
TD,2,train,175,18.0
TD,2,train,176,59.0
TD,2,train,177,13.0
TD,2,train,178,9.0
TD,2,train,179,22.0
TD,2,train,180,9.0
TD,2,train,181,11.0
TD,2,train,182,10.0
TD,2,train,183,11.0
TD,2,train,184,14.0
TD,2,train,185,11.0
TD,2,train,186,11.0
TD,2,train,187,9.0
TD,2,train,188,13.0
TD,2,train,189,8.0
TD,2,train,190,8.0
TD,2,train,191,10.0
TD,2,train,192,12.0
TD,2,train,193,10.0
TD,2,train,194,10.0
TD,2,train,195,13.0
TD,2,train,196,8.0
TD,2,train,197,10.0
TD,2,train,198,8.0
TD,2,train,199,11.0
TD,2,train,200,10.0
TD,2,train,201,10.0
TD,2,train,202,10.0
TD,2,train,203,11.0
TD,2,train,204,11.0
TD,2,train,205,11.0
TD,2,train,206,9.0
TD,2,train,207,10.0
TD,2,train,208,9.0
TD,2,train,209,9.0
TD,2,train,210,12.0
TD,2,train,211,10.0
TD,2,train,212,8.0
TD,2,train,213,11.0
TD,2,train,214,10.0
TD,2,train,215,12.0
TD,2,train,216,10.0
TD,2,train,217,14.0
TD,2,train,218,10.0
TD,2,train,219,10.0
TD,2,train,220,13.0
TD,2,train,221,12.0
TD,2,train,222,10.0
TD,2,train,223,11.0
TD,2,train,224,17.0
TD,2,train,225,15.0
TD,2,train,226,109.0
TD,2,train,227,8.0
TD,2,train,228,11.0
TD,2,train,229,9.0
TD,2,train,230,12.0
TD,2,train,231,10.0
TD,2,train,232,9.0
TD,2,train,233,9.0
TD,2,train,234,108.0
TD,2,train,235,28.0
TD,2,train,236,21.0
TD,2,train,237,26.0
TD,2,train,238,19.0
TD,2,train,239,14.0
TD,2,train,240,42.0
TD,2,train,241,19.0
TD,2,train,242,17.0
TD,2,train,243,19.0
TD,2,train,244,18.0
TD,2,train,245,25.0
TD,2,train,246,22.0
TD,2,train,247,35.0
TD,2,train,248,23.0
TD,2,train,249,21.0
TD,2,train,250,17.0
TD,2,train,251,52.0
TD,2,train,252,17.0
TD,2,train,253,25.0
TD,2,train,254,16.0
TD,2,train,255,24.0
TD,2,train,256,22.0
TD,2,train,257,19.0
TD,2,train,258,45.0
TD,2,train,259,90.0
TD,2,train,260,32.0
TD,2,train,261,18.0
TD,2,train,262,30.0
TD,2,train,263,35.0
TD,2,train,264,36.0
TD,2,train,265,32.0
TD,2,train,266,85.0
TD,2,train,267,36.0
TD,2,train,268,41.0
TD,2,train,269,51.0
TD,2,train,270,60.0
TD,2,train,271,113.0
TD,2,train,272,26.0
TD,2,train,273,20.0
TD,2,train,274,25.0
TD,2,train,275,30.0
TD,2,train,276,33.0
TD,2,train,277,26.0
TD,2,train,278,44.0
TD,2,train,279,21.0
TD,2,train,280,20.0
TD,2,train,281,38.0
TD,2,train,282,29.0
TD,2,train,283,84.0
TD,2,train,284,74.0
TD,2,train,285,51.0
TD,2,train,286,51.0
TD,2,train,287,33.0
TD,2,train,288,40.0
TD,2,train,289,25.0
TD,2,train,290,27.0
TD,2,train,291,33.0
TD,2,train,292,31.0
TD,2,train,293,46.0
TD,2,train,294,39.0
TD,2,train,295,28.0
TD,2,train,296,30.0
TD,2,train,297,30.0
TD,2,train,298,26.0
TD,2,train,299,35.0
TD,2,train,300,96.0
TD,2,train,301,61.0
TD,2,train,302,36.0
TD,2,train,303,50.0
TD,2,train,304,65.0
TD,2,train,305,191.0
TD,2,train,306,70.0
TD,2,train,307,47.0
TD,2,train,308,58.0
TD,2,train,309,50.0
TD,2,train,310,32.0
TD,2,train,311,50.0
TD,2,train,312,68.0
TD,2,train,313,44.0
TD,2,train,314,131.0
TD,2,train,315,62.0
TD,2,train,316,190.0
TD,2,train,317,39.0
TD,2,train,318,37.0
TD,2,train,319,56.0
TD,2,train,320,46.0
TD,2,train,321,61.0
TD,2,train,322,36.0
TD,2,train,323,46.0
TD,2,train,324,52.0
TD,2,train,325,88.0
TD,2,train,326,66.0
TD,2,train,327,40.0
TD,2,train,328,61.0
TD,2,train,329,37.0
TD,2,train,330,30.0
TD,2,train,331,45.0
TD,2,train,332,27.0
TD,2,train,333,29.0
TD,2,train,334,41.0
TD,2,train,335,40.0
TD,2,train,336,62.0
TD,2,train,337,47.0
TD,2,train,338,78.0
TD,2,train,339,39.0
TD,2,train,340,46.0
TD,2,train,341,41.0
TD,2,train,342,31.0
TD,2,train,343,31.0
TD,2,train,344,20.0
TD,2,train,345,28.0
TD,2,train,346,26.0
TD,2,train,347,36.0
TD,2,train,348,33.0
TD,2,train,349,23.0
TD,2,train,350,58.0
TD,2,train,351,110.0
TD,2,train,352,48.0
TD,2,train,353,51.0
TD,2,train,354,28.0
TD,2,train,355,22.0
TD,2,train,356,21.0
TD,2,train,357,29.0
TD,2,train,358,38.0
TD,2,train,359,29.0
TD,2,train,360,32.0
TD,2,train,361,55.0
TD,2,train,362,58.0
TD,2,train,363,113.0
TD,2,train,364,49.0
TD,2,train,365,70.0
TD,2,train,366,36.0
TD,2,train,367,43.0
TD,2,train,368,25.0
TD,2,train,369,45.0
TD,2,train,370,50.0
TD,2,train,371,72.0
TD,2,train,372,53.0
TD,2,train,373,41.0
TD,2,train,374,60.0
TD,2,train,375,52.0
TD,2,train,376,52.0
TD,2,train,377,60.0
TD,2,train,378,52.0
TD,2,train,379,104.0
TD,2,train,380,64.0
TD,2,train,381,70.0
TD,2,train,382,120.0
TD,2,train,383,53.0
TD,2,train,384,50.0
TD,2,train,385,45.0
TD,2,train,386,66.0
TD,2,train,387,56.0
TD,2,train,388,85.0
TD,2,train,389,66.0
TD,2,train,390,88.0
TD,2,train,391,50.0
TD,2,train,392,48.0
TD,2,train,393,89.0
TD,2,train,394,79.0
TD,2,train,395,68.0
TD,2,train,396,121.0
TD,2,train,397,87.0
TD,2,train,398,130.0
TD,2,train,399,199.0
TD,2,train,400,41.0
TD,2,train,401,111.0
TD,2,train,402,110.0
TD,2,train,403,115.0
TD,2,train,404,108.0
TD,2,train,405,125.0
TD,2,train,406,40.0
TD,2,train,407,51.0
TD,2,train,408,157.0
TD,2,train,409,84.0
TD,2,train,410,110.0
TD,2,train,411,99.0
TD,2,train,412,40.0
TD,2,train,413,124.0
TD,2,train,414,114.0
TD,2,train,415,107.0
TD,2,train,416,48.0
TD,2,train,417,72.0
TD,2,train,418,102.0
TD,2,train,419,59.0
TD,2,train,420,58.0
TD,2,train,421,154.0
TD,2,train,422,155.0
TD,2,train,423,80.0
TD,2,train,424,78.0
TD,2,train,425,190.0
TD,2,train,426,115.0
TD,2,train,427,137.0
TD,2,train,428,186.0
TD,2,train,429,140.0
TD,2,train,430,93.0
TD,2,train,431,80.0
TD,2,train,432,137.0
TD,2,train,433,157.0
TD,2,train,434,132.0
TD,2,train,435,93.0
TD,2,train,436,185.0
TD,2,train,437,192.0
TD,2,train,438,166.0
TD,2,train,439,120.0
TD,2,train,440,70.0
TD,2,train,441,175.0
TD,2,train,442,180.0
TD,2,train,443,131.0
TD,2,train,444,170.0
TD,2,train,445,51.0
TD,2,train,446,60.0
TD,2,train,447,340.0
TD,2,train,448,176.0
TD,2,train,449,196.0
TD,2,train,450,198.0
TD,2,train,451,194.0
TD,2,train,452,176.0
TD,2,train,453,114.0
TD,2,train,454,165.0
TD,2,train,455,114.0
TD,2,train,456,176.0
TD,2,train,457,154.0
TD,2,train,458,207.0
TD,2,train,459,179.0
TD,2,train,460,222.0
TD,2,train,461,185.0
TD,2,train,462,241.0
TD,2,train,463,292.0
TD,2,train,464,205.0
TD,2,train,465,253.0
TD,2,train,466,258.0
TD,2,train,467,243.0
TD,2,train,468,202.0
TD,2,train,469,210.0
TD,2,train,470,500.0
TD,2,train,471,346.0
TD,2,train,472,494.0
TD,2,train,473,260.0
TD,2,train,474,250.0
TD,2,train,475,261.0
TD,2,train,476,338.0
TD,2,train,477,305.0
TD,2,train,478,247.0
TD,2,train,479,246.0
TD,2,train,480,264.0
TD,2,train,481,238.0
TD,2,train,482,290.0
TD,2,train,483,290.0
TD,2,train,484,500.0
TD,2,train,485,346.0
TD,2,train,486,399.0
TD,2,train,487,363.0
TD,2,train,488,354.0
TD,2,train,489,252.0
TD,2,train,490,227.0
TD,2,train,491,397.0
TD,2,train,492,263.0
TD,2,train,493,293.0
TD,2,train,494,481.0
TD,2,train,495,244.0
TD,2,train,496,184.0
TD,2,train,497,331.0
TD,2,train,498,201.0
TD,2,train,499,236.0
TD,2,train,500,313.0
TD,3,train,1,35.0
TD,3,train,2,33.0
TD,3,train,3,12.0
TD,3,train,4,15.0
TD,3,train,5,14.0
TD,3,train,6,11.0
TD,3,train,7,13.0
TD,3,train,8,53.0
TD,3,train,9,23.0
TD,3,train,10,15.0
TD,3,train,11,26.0
TD,3,train,12,11.0
TD,3,train,13,19.0
TD,3,train,14,21.0
TD,3,train,15,18.0
TD,3,train,16,23.0
TD,3,train,17,15.0
TD,3,train,18,12.0
TD,3,train,19,17.0
TD,3,train,20,17.0
TD,3,train,21,15.0
TD,3,train,22,19.0
TD,3,train,23,13.0
TD,3,train,24,9.0
TD,3,train,25,10.0
TD,3,train,26,12.0
TD,3,train,27,12.0
TD,3,train,28,13.0
TD,3,train,29,12.0
TD,3,train,30,15.0
TD,3,train,31,9.0
TD,3,train,32,15.0
TD,3,train,33,10.0
TD,3,train,34,10.0
TD,3,train,35,12.0
TD,3,train,36,9.0
TD,3,train,37,14.0
TD,3,train,38,11.0
TD,3,train,39,17.0
TD,3,train,40,10.0
TD,3,train,41,10.0
TD,3,train,42,12.0
TD,3,train,43,9.0
TD,3,train,44,9.0
TD,3,train,45,11.0
TD,3,train,46,9.0
TD,3,train,47,11.0
TD,3,train,48,9.0
TD,3,train,49,11.0
TD,3,train,50,11.0
TD,3,train,51,15.0
TD,3,train,52,10.0
TD,3,train,53,12.0
TD,3,train,54,10.0
TD,3,train,55,11.0
TD,3,train,56,10.0
TD,3,train,57,9.0
TD,3,train,58,12.0
TD,3,train,59,10.0
TD,3,train,60,9.0
TD,3,train,61,9.0
TD,3,train,62,10.0
TD,3,train,63,8.0
TD,3,train,64,10.0
TD,3,train,65,11.0
TD,3,train,66,12.0
TD,3,train,67,9.0
TD,3,train,68,10.0
TD,3,train,69,9.0
TD,3,train,70,11.0
TD,3,train,71,11.0
TD,3,train,72,10.0
TD,3,train,73,10.0
TD,3,train,74,9.0
TD,3,train,75,10.0
TD,3,train,76,10.0
TD,3,train,77,13.0
TD,3,train,78,14.0
TD,3,train,79,9.0
TD,3,train,80,13.0
TD,3,train,81,11.0
TD,3,train,82,12.0
TD,3,train,83,10.0
TD,3,train,84,9.0
TD,3,train,85,12.0
TD,3,train,86,13.0
TD,3,train,87,9.0
TD,3,train,88,10.0
TD,3,train,89,9.0
TD,3,train,90,9.0
TD,3,train,91,12.0
TD,3,train,92,10.0
TD,3,train,93,11.0
TD,3,train,94,11.0
TD,3,train,95,9.0
TD,3,train,96,10.0
TD,3,train,97,10.0
TD,3,train,98,12.0
TD,3,train,99,11.0
TD,3,train,100,11.0
TD,3,train,101,9.0
TD,3,train,102,9.0
TD,3,train,103,8.0
TD,3,train,104,9.0
TD,3,train,105,8.0
TD,3,train,106,10.0
TD,3,train,107,13.0
TD,3,train,108,11.0
TD,3,train,109,11.0
TD,3,train,110,10.0
TD,3,train,111,11.0
TD,3,train,112,11.0
TD,3,train,113,12.0
TD,3,train,114,13.0
TD,3,train,115,10.0
TD,3,train,116,10.0
TD,3,train,117,9.0
TD,3,train,118,14.0
TD,3,train,119,9.0
TD,3,train,120,10.0
TD,3,train,121,11.0
TD,3,train,122,9.0
TD,3,train,123,10.0
TD,3,train,124,9.0
TD,3,train,125,9.0
TD,3,train,126,12.0
TD,3,train,127,9.0
TD,3,train,128,9.0
TD,3,train,129,15.0
TD,3,train,130,10.0
TD,3,train,131,12.0
TD,3,train,132,10.0
TD,3,train,133,10.0
TD,3,train,134,10.0
TD,3,train,135,10.0
TD,3,train,136,11.0
TD,3,train,137,10.0
TD,3,train,138,9.0
TD,3,train,139,12.0
TD,3,train,140,11.0
TD,3,train,141,10.0
TD,3,train,142,9.0
TD,3,train,143,10.0
TD,3,train,144,10.0
TD,3,train,145,11.0
TD,3,train,146,10.0
TD,3,train,147,13.0
TD,3,train,148,12.0
TD,3,train,149,10.0
TD,3,train,150,12.0
TD,3,train,151,10.0
TD,3,train,152,12.0
TD,3,train,153,10.0
TD,3,train,154,13.0
TD,3,train,155,9.0
TD,3,train,156,10.0
TD,3,train,157,10.0
TD,3,train,158,11.0
TD,3,train,159,10.0
TD,3,train,160,9.0
TD,3,train,161,12.0
TD,3,train,162,9.0
TD,3,train,163,9.0
TD,3,train,164,9.0
TD,3,train,165,9.0
TD,3,train,166,9.0
TD,3,train,167,10.0
TD,3,train,168,9.0
TD,3,train,169,11.0
TD,3,train,170,12.0
TD,3,train,171,9.0
TD,3,train,172,13.0
TD,3,train,173,10.0
TD,3,train,174,9.0
TD,3,train,175,13.0
TD,3,train,176,8.0
TD,3,train,177,15.0
TD,3,train,178,11.0
TD,3,train,179,10.0
TD,3,train,180,9.0
TD,3,train,181,8.0
TD,3,train,182,11.0
TD,3,train,183,10.0
TD,3,train,184,9.0
TD,3,train,185,13.0
TD,3,train,186,10.0
TD,3,train,187,9.0
TD,3,train,188,10.0
TD,3,train,189,11.0
TD,3,train,190,9.0
TD,3,train,191,10.0
TD,3,train,192,9.0
TD,3,train,193,9.0
TD,3,train,194,9.0
TD,3,train,195,10.0
TD,3,train,196,16.0
TD,3,train,197,12.0
TD,3,train,198,9.0
TD,3,train,199,10.0
TD,3,train,200,10.0
TD,3,train,201,18.0
TD,3,train,202,17.0
TD,3,train,203,18.0
TD,3,train,204,18.0
TD,3,train,205,16.0
TD,3,train,206,52.0
TD,3,train,207,28.0
TD,3,train,208,17.0
TD,3,train,209,16.0
TD,3,train,210,20.0
TD,3,train,211,40.0
TD,3,train,212,24.0
TD,3,train,213,37.0
TD,3,train,214,20.0
TD,3,train,215,27.0
TD,3,train,216,38.0
TD,3,train,217,48.0
TD,3,train,218,72.0
TD,3,train,219,32.0
TD,3,train,220,25.0
TD,3,train,221,25.0
TD,3,train,222,39.0
TD,3,train,223,27.0
TD,3,train,224,16.0
TD,3,train,225,21.0
TD,3,train,226,17.0
TD,3,train,227,70.0
TD,3,train,228,32.0
TD,3,train,229,25.0
TD,3,train,230,33.0
TD,3,train,231,62.0
TD,3,train,232,44.0
TD,3,train,233,20.0
TD,3,train,234,28.0
TD,3,train,235,25.0
TD,3,train,236,39.0
TD,3,train,237,59.0
TD,3,train,238,38.0
TD,3,train,239,103.0
TD,3,train,240,33.0
TD,3,train,241,42.0
TD,3,train,242,74.0
TD,3,train,243,52.0
TD,3,train,244,42.0
TD,3,train,245,65.0
TD,3,train,246,28.0
TD,3,train,247,80.0
TD,3,train,248,31.0
TD,3,train,249,19.0
TD,3,train,250,27.0
TD,3,train,251,27.0
TD,3,train,252,26.0
TD,3,train,253,27.0
TD,3,train,254,100.0
TD,3,train,255,28.0
TD,3,train,256,26.0
TD,3,train,257,34.0
TD,3,train,258,44.0
TD,3,train,259,20.0
TD,3,train,260,33.0
TD,3,train,261,50.0
TD,3,train,262,30.0
TD,3,train,263,25.0
TD,3,train,264,32.0
TD,3,train,265,25.0
TD,3,train,266,48.0
TD,3,train,267,55.0
TD,3,train,268,43.0
TD,3,train,269,36.0
TD,3,train,270,35.0
TD,3,train,271,58.0
TD,3,train,272,56.0
TD,3,train,273,54.0
TD,3,train,274,73.0
TD,3,train,275,58.0
TD,3,train,276,42.0
TD,3,train,277,26.0
TD,3,train,278,40.0
TD,3,train,279,42.0
TD,3,train,280,57.0
TD,3,train,281,32.0
TD,3,train,282,42.0
TD,3,train,283,67.0
TD,3,train,284,58.0
TD,3,train,285,22.0
TD,3,train,286,44.0
TD,3,train,287,36.0
TD,3,train,288,45.0
TD,3,train,289,40.0
TD,3,train,290,43.0
TD,3,train,291,60.0
TD,3,train,292,37.0
TD,3,train,293,20.0
TD,3,train,294,30.0
TD,3,train,295,24.0
TD,3,train,296,42.0
TD,3,train,297,29.0
TD,3,train,298,35.0
TD,3,train,299,23.0
TD,3,train,300,33.0
TD,3,train,301,56.0
TD,3,train,302,45.0
TD,3,train,303,53.0
TD,3,train,304,20.0
TD,3,train,305,33.0
TD,3,train,306,38.0
TD,3,train,307,39.0
TD,3,train,308,42.0
TD,3,train,309,38.0
TD,3,train,310,20.0
TD,3,train,311,26.0
TD,3,train,312,70.0
TD,3,train,313,31.0
TD,3,train,314,40.0
TD,3,train,315,32.0
TD,3,train,316,26.0
TD,3,train,317,24.0
TD,3,train,318,32.0
TD,3,train,319,59.0
TD,3,train,320,31.0
TD,3,train,321,50.0
TD,3,train,322,39.0
TD,3,train,323,37.0
TD,3,train,324,40.0
TD,3,train,325,34.0
TD,3,train,326,42.0
TD,3,train,327,33.0
TD,3,train,328,52.0
TD,3,train,329,58.0
TD,3,train,330,34.0
TD,3,train,331,102.0
TD,3,train,332,65.0
TD,3,train,333,35.0
TD,3,train,334,40.0
TD,3,train,335,52.0
TD,3,train,336,48.0
TD,3,train,337,58.0
TD,3,train,338,34.0
TD,3,train,339,80.0
TD,3,train,340,60.0
TD,3,train,341,32.0
TD,3,train,342,39.0
TD,3,train,343,89.0
TD,3,train,344,35.0
TD,3,train,345,49.0
TD,3,train,346,27.0
TD,3,train,347,38.0
TD,3,train,348,108.0
TD,3,train,349,36.0
TD,3,train,350,36.0
TD,3,train,351,65.0
TD,3,train,352,40.0
TD,3,train,353,101.0
TD,3,train,354,62.0
TD,3,train,355,55.0
TD,3,train,356,58.0
TD,3,train,357,35.0
TD,3,train,358,94.0
TD,3,train,359,45.0
TD,3,train,360,52.0
TD,3,train,361,85.0
TD,3,train,362,81.0
TD,3,train,363,98.0
TD,3,train,364,37.0
TD,3,train,365,45.0
TD,3,train,366,87.0
TD,3,train,367,69.0
TD,3,train,368,64.0
TD,3,train,369,51.0
TD,3,train,370,34.0
TD,3,train,371,132.0
TD,3,train,372,40.0
TD,3,train,373,54.0
TD,3,train,374,130.0
TD,3,train,375,99.0
TD,3,train,376,68.0
TD,3,train,377,64.0
TD,3,train,378,24.0
TD,3,train,379,57.0
TD,3,train,380,38.0
TD,3,train,381,78.0
TD,3,train,382,55.0
TD,3,train,383,42.0
TD,3,train,384,59.0
TD,3,train,385,37.0
TD,3,train,386,65.0
TD,3,train,387,38.0
TD,3,train,388,55.0
TD,3,train,389,36.0
TD,3,train,390,43.0
TD,3,train,391,51.0
TD,3,train,392,40.0
TD,3,train,393,61.0
TD,3,train,394,46.0
TD,3,train,395,54.0
TD,3,train,396,47.0
TD,3,train,397,36.0
TD,3,train,398,60.0
TD,3,train,399,84.0
TD,3,train,400,332.0
TD,3,train,401,55.0
TD,3,train,402,140.0
TD,3,train,403,475.0
TD,3,train,404,60.0
TD,3,train,405,257.0
TD,3,train,406,150.0
TD,3,train,407,68.0
TD,3,train,408,106.0
TD,3,train,409,67.0
TD,3,train,410,131.0
TD,3,train,411,323.0
TD,3,train,412,217.0
TD,3,train,413,279.0
TD,3,train,414,62.0
TD,3,train,415,256.0
TD,3,train,416,93.0
TD,3,train,417,390.0
TD,3,train,418,236.0
TD,3,train,419,94.0
TD,3,train,420,206.0
TD,3,train,421,106.0
TD,3,train,422,166.0
TD,3,train,423,72.0
TD,3,train,424,184.0
TD,3,train,425,146.0
TD,3,train,426,92.0
TD,3,train,427,247.0
TD,3,train,428,132.0
TD,3,train,429,148.0
TD,3,train,430,250.0
TD,3,train,431,151.0
TD,3,train,432,91.0
TD,3,train,433,192.0
TD,3,train,434,116.0
TD,3,train,435,93.0
TD,3,train,436,165.0
TD,3,train,437,124.0
TD,3,train,438,125.0
TD,3,train,439,104.0
TD,3,train,440,173.0
TD,3,train,441,142.0
TD,3,train,442,121.0
TD,3,train,443,236.0
TD,3,train,444,158.0
TD,3,train,445,126.0
TD,3,train,446,126.0
TD,3,train,447,116.0
TD,3,train,448,122.0
TD,3,train,449,170.0
TD,3,train,450,130.0
TD,3,train,451,146.0
TD,3,train,452,66.0
TD,3,train,453,117.0
TD,3,train,454,114.0
TD,3,train,455,80.0
TD,3,train,456,81.0
TD,3,train,457,123.0
TD,3,train,458,111.0
TD,3,train,459,209.0
TD,3,train,460,126.0
TD,3,train,461,219.0
TD,3,train,462,152.0
TD,3,train,463,165.0
TD,3,train,464,100.0
TD,3,train,465,71.0
TD,3,train,466,99.0
TD,3,train,467,118.0
TD,3,train,468,87.0
TD,3,train,469,61.0
TD,3,train,470,102.0
TD,3,train,471,114.0
TD,3,train,472,122.0
TD,3,train,473,132.0
TD,3,train,474,110.0
TD,3,train,475,77.0
TD,3,train,476,79.0
TD,3,train,477,135.0
TD,3,train,478,91.0
TD,3,train,479,81.0
TD,3,train,480,102.0
TD,3,train,481,60.0
TD,3,train,482,56.0
TD,3,train,483,62.0
TD,3,train,484,77.0
TD,3,train,485,137.0
TD,3,train,486,37.0
TD,3,train,487,80.0
TD,3,train,488,46.0
TD,3,train,489,38.0
TD,3,train,490,38.0
TD,3,train,491,42.0
TD,3,train,492,98.0
TD,3,train,493,74.0
TD,3,train,494,100.0
TD,3,train,495,33.0
TD,3,train,496,30.0
TD,3,train,497,95.0
TD,3,train,498,119.0
TD,3,train,499,59.0
TD,3,train,500,64.0
TD,4,train,1,18.0
TD,4,train,2,31.0
TD,4,train,3,41.0
TD,4,train,4,17.0
TD,4,train,5,24.0
TD,4,train,6,51.0
TD,4,train,7,20.0
TD,4,train,8,14.0
TD,4,train,9,15.0
TD,4,train,10,22.0
TD,4,train,11,11.0
TD,4,train,12,10.0
TD,4,train,13,90.0
TD,4,train,14,11.0
TD,4,train,15,11.0
TD,4,train,16,9.0
TD,4,train,17,12.0
TD,4,train,18,10.0
TD,4,train,19,12.0
TD,4,train,20,14.0
TD,4,train,21,19.0
TD,4,train,22,8.0
TD,4,train,23,12.0
TD,4,train,24,11.0
TD,4,train,25,10.0
TD,4,train,26,8.0
TD,4,train,27,18.0
TD,4,train,28,15.0
TD,4,train,29,10.0
TD,4,train,30,21.0
TD,4,train,31,14.0
TD,4,train,32,15.0
TD,4,train,33,11.0
TD,4,train,34,12.0
TD,4,train,35,9.0
TD,4,train,36,11.0
TD,4,train,37,13.0
TD,4,train,38,13.0
TD,4,train,39,15.0
TD,4,train,40,13.0
TD,4,train,41,11.0
TD,4,train,42,13.0
TD,4,train,43,9.0
TD,4,train,44,9.0
TD,4,train,45,11.0
TD,4,train,46,10.0
TD,4,train,47,10.0
TD,4,train,48,9.0
TD,4,train,49,13.0
TD,4,train,50,9.0
TD,4,train,51,12.0
TD,4,train,52,15.0
TD,4,train,53,10.0
TD,4,train,54,10.0
TD,4,train,55,8.0
TD,4,train,56,8.0
TD,4,train,57,17.0
TD,4,train,58,10.0
TD,4,train,59,10.0
TD,4,train,60,8.0
TD,4,train,61,9.0
TD,4,train,62,12.0
TD,4,train,63,9.0
TD,4,train,64,11.0
TD,4,train,65,10.0
TD,4,train,66,12.0
TD,4,train,67,10.0
TD,4,train,68,9.0
TD,4,train,69,12.0
TD,4,train,70,12.0
TD,4,train,71,13.0
TD,4,train,72,11.0
TD,4,train,73,9.0
TD,4,train,74,13.0
TD,4,train,75,14.0
TD,4,train,76,9.0
TD,4,train,77,12.0
TD,4,train,78,9.0
TD,4,train,79,10.0
TD,4,train,80,11.0
TD,4,train,81,12.0
TD,4,train,82,11.0
TD,4,train,83,11.0
TD,4,train,84,13.0
TD,4,train,85,13.0
TD,4,train,86,9.0
TD,4,train,87,11.0
TD,4,train,88,9.0
TD,4,train,89,10.0
TD,4,train,90,12.0
TD,4,train,91,9.0
TD,4,train,92,11.0
TD,4,train,93,10.0
TD,4,train,94,15.0
TD,4,train,95,11.0
TD,4,train,96,9.0
TD,4,train,97,12.0
TD,4,train,98,10.0
TD,4,train,99,9.0
TD,4,train,100,9.0
TD,4,train,101,8.0
TD,4,train,102,9.0
TD,4,train,103,12.0
TD,4,train,104,8.0
TD,4,train,105,11.0
TD,4,train,106,10.0
TD,4,train,107,14.0
TD,4,train,108,13.0
TD,4,train,109,11.0
TD,4,train,110,13.0
TD,4,train,111,12.0
TD,4,train,112,13.0
TD,4,train,113,10.0
TD,4,train,114,11.0
TD,4,train,115,15.0
TD,4,train,116,9.0
TD,4,train,117,14.0
TD,4,train,118,9.0
TD,4,train,119,27.0
TD,4,train,120,16.0
TD,4,train,121,10.0
TD,4,train,122,9.0
TD,4,train,123,10.0
TD,4,train,124,18.0
TD,4,train,125,16.0
TD,4,train,126,11.0
TD,4,train,127,11.0
TD,4,train,128,21.0
TD,4,train,129,15.0
TD,4,train,130,11.0
TD,4,train,131,17.0
TD,4,train,132,14.0
TD,4,train,133,11.0
TD,4,train,134,19.0
TD,4,train,135,11.0
TD,4,train,136,25.0
TD,4,train,137,35.0
TD,4,train,138,12.0
TD,4,train,139,14.0
TD,4,train,140,10.0
TD,4,train,141,15.0
TD,4,train,142,20.0
TD,4,train,143,24.0
TD,4,train,144,71.0
TD,4,train,145,36.0
TD,4,train,146,20.0
TD,4,train,147,15.0
TD,4,train,148,13.0
TD,4,train,149,16.0
TD,4,train,150,33.0
TD,4,train,151,10.0
TD,4,train,152,10.0
TD,4,train,153,10.0
TD,4,train,154,9.0
TD,4,train,155,10.0
TD,4,train,156,10.0
TD,4,train,157,10.0
TD,4,train,158,9.0
TD,4,train,159,11.0
TD,4,train,160,10.0
TD,4,train,161,10.0
TD,4,train,162,9.0
TD,4,train,163,9.0
TD,4,train,164,9.0
TD,4,train,165,11.0
TD,4,train,166,10.0
TD,4,train,167,11.0
TD,4,train,168,9.0
TD,4,train,169,11.0
TD,4,train,170,8.0
TD,4,train,171,11.0
TD,4,train,172,8.0
TD,4,train,173,9.0
TD,4,train,174,14.0
TD,4,train,175,8.0
TD,4,train,176,16.0
TD,4,train,177,9.0
TD,4,train,178,10.0
TD,4,train,179,10.0
TD,4,train,180,10.0
TD,4,train,181,10.0
TD,4,train,182,8.0
TD,4,train,183,9.0
TD,4,train,184,9.0
TD,4,train,185,9.0
TD,4,train,186,10.0
TD,4,train,187,10.0
TD,4,train,188,11.0
TD,4,train,189,9.0
TD,4,train,190,12.0
TD,4,train,191,12.0
TD,4,train,192,10.0
TD,4,train,193,10.0
TD,4,train,194,17.0
TD,4,train,195,18.0
TD,4,train,196,21.0
TD,4,train,197,14.0
TD,4,train,198,9.0
TD,4,train,199,11.0
TD,4,train,200,20.0
TD,4,train,201,16.0
TD,4,train,202,8.0
TD,4,train,203,8.0
TD,4,train,204,19.0
TD,4,train,205,9.0
TD,4,train,206,10.0
TD,4,train,207,16.0
TD,4,train,208,10.0
TD,4,train,209,12.0
TD,4,train,210,10.0
TD,4,train,211,8.0
TD,4,train,212,10.0
TD,4,train,213,12.0
TD,4,train,214,11.0
TD,4,train,215,10.0
TD,4,train,216,9.0
TD,4,train,217,23.0
TD,4,train,218,11.0
TD,4,train,219,31.0
TD,4,train,220,9.0
TD,4,train,221,43.0
TD,4,train,222,42.0
TD,4,train,223,15.0
TD,4,train,224,11.0
TD,4,train,225,13.0
TD,4,train,226,10.0
TD,4,train,227,31.0
TD,4,train,228,28.0
TD,4,train,229,12.0
TD,4,train,230,90.0
TD,4,train,231,36.0
TD,4,train,232,11.0
TD,4,train,233,10.0
TD,4,train,234,10.0
TD,4,train,235,42.0
TD,4,train,236,13.0
TD,4,train,237,63.0
TD,4,train,238,112.0
TD,4,train,239,72.0
TD,4,train,240,30.0
TD,4,train,241,21.0
TD,4,train,242,130.0
TD,4,train,243,40.0
TD,4,train,244,42.0
TD,4,train,245,47.0
TD,4,train,246,105.0
TD,4,train,247,33.0
TD,4,train,248,100.0
TD,4,train,249,203.0
TD,4,train,250,23.0
TD,4,train,251,111.0
TD,4,train,252,68.0
TD,4,train,253,91.0
TD,4,train,254,68.0
TD,4,train,255,40.0
TD,4,train,256,35.0
TD,4,train,257,71.0
TD,4,train,258,63.0
TD,4,train,259,121.0
TD,4,train,260,153.0
TD,4,train,261,107.0
TD,4,train,262,35.0
TD,4,train,263,32.0
TD,4,train,264,43.0
TD,4,train,265,83.0
TD,4,train,266,183.0
TD,4,train,267,45.0
TD,4,train,268,46.0
TD,4,train,269,81.0
TD,4,train,270,52.0
TD,4,train,271,70.0
TD,4,train,272,52.0
TD,4,train,273,50.0
TD,4,train,274,79.0
TD,4,train,275,66.0
TD,4,train,276,33.0
TD,4,train,277,72.0
TD,4,train,278,30.0
TD,4,train,279,200.0
TD,4,train,280,29.0
TD,4,train,281,32.0
TD,4,train,282,27.0
TD,4,train,283,40.0
TD,4,train,284,31.0
TD,4,train,285,69.0
TD,4,train,286,83.0
TD,4,train,287,47.0
TD,4,train,288,45.0
TD,4,train,289,54.0
TD,4,train,290,24.0
TD,4,train,291,36.0
TD,4,train,292,83.0
TD,4,train,293,38.0
TD,4,train,294,68.0
TD,4,train,295,105.0
TD,4,train,296,61.0
TD,4,train,297,32.0
TD,4,train,298,17.0
TD,4,train,299,30.0
TD,4,train,300,26.0
TD,4,train,301,30.0
TD,4,train,302,65.0
TD,4,train,303,53.0
TD,4,train,304,44.0
TD,4,train,305,25.0
TD,4,train,306,23.0
TD,4,train,307,39.0
TD,4,train,308,32.0
TD,4,train,309,38.0
TD,4,train,310,25.0
TD,4,train,311,38.0
TD,4,train,312,38.0
TD,4,train,313,45.0
TD,4,train,314,36.0
TD,4,train,315,61.0
TD,4,train,316,29.0
TD,4,train,317,55.0
TD,4,train,318,111.0
TD,4,train,319,93.0
TD,4,train,320,57.0
TD,4,train,321,72.0
TD,4,train,322,46.0
TD,4,train,323,130.0
TD,4,train,324,75.0
TD,4,train,325,80.0
TD,4,train,326,171.0
TD,4,train,327,30.0
TD,4,train,328,57.0
TD,4,train,329,106.0
TD,4,train,330,83.0
TD,4,train,331,175.0
TD,4,train,332,77.0
TD,4,train,333,85.0
TD,4,train,334,122.0
TD,4,train,335,103.0
TD,4,train,336,163.0
TD,4,train,337,257.0
TD,4,train,338,128.0
TD,4,train,339,76.0
TD,4,train,340,175.0
TD,4,train,341,62.0
TD,4,train,342,173.0
TD,4,train,343,111.0
TD,4,train,344,243.0
TD,4,train,345,107.0
TD,4,train,346,165.0
TD,4,train,347,132.0
TD,4,train,348,103.0
TD,4,train,349,150.0
TD,4,train,350,111.0
TD,4,train,351,220.0
TD,4,train,352,209.0
TD,4,train,353,265.0
TD,4,train,354,118.0
TD,4,train,355,285.0
TD,4,train,356,169.0
TD,4,train,357,190.0
TD,4,train,358,171.0
TD,4,train,359,178.0
TD,4,train,360,170.0
TD,4,train,361,500.0
TD,4,train,362,220.0
TD,4,train,363,208.0
TD,4,train,364,253.0
TD,4,train,365,500.0
TD,4,train,366,75.0
TD,4,train,367,397.0
TD,4,train,368,201.0
TD,4,train,369,174.0
TD,4,train,370,399.0
TD,4,train,371,500.0
TD,4,train,372,279.0
TD,4,train,373,322.0
TD,4,train,374,183.0
TD,4,train,375,269.0
TD,4,train,376,136.0
TD,4,train,377,313.0
TD,4,train,378,191.0
TD,4,train,379,214.0
TD,4,train,380,213.0
TD,4,train,381,137.0
TD,4,train,382,181.0
TD,4,train,383,183.0
TD,4,train,384,219.0
TD,4,train,385,89.0
TD,4,train,386,116.0
TD,4,train,387,140.0
TD,4,train,388,170.0
TD,4,train,389,91.0
TD,4,train,390,118.0
TD,4,train,391,305.0
TD,4,train,392,198.0
TD,4,train,393,61.0
TD,4,train,394,155.0
TD,4,train,395,57.0
TD,4,train,396,130.0
TD,4,train,397,143.0
TD,4,train,398,111.0
TD,4,train,399,60.0
TD,4,train,400,133.0
TD,4,train,401,55.0
TD,4,train,402,119.0
TD,4,train,403,152.0
TD,4,train,404,73.0
TD,4,train,405,122.0
TD,4,train,406,113.0
TD,4,train,407,133.0
TD,4,train,408,120.0
TD,4,train,409,112.0
TD,4,train,410,141.0
TD,4,train,411,126.0
TD,4,train,412,153.0
TD,4,train,413,198.0
TD,4,train,414,88.0
TD,4,train,415,124.0
TD,4,train,416,194.0
TD,4,train,417,102.0
TD,4,train,418,181.0
TD,4,train,419,187.0
TD,4,train,420,190.0
TD,4,train,421,100.0
TD,4,train,422,131.0
TD,4,train,423,167.0
TD,4,train,424,184.0
TD,4,train,425,123.0
TD,4,train,426,239.0
TD,4,train,427,183.0
TD,4,train,428,141.0
TD,4,train,429,105.0
TD,4,train,430,122.0
TD,4,train,431,100.0
TD,4,train,432,127.0
TD,4,train,433,103.0
TD,4,train,434,175.0
TD,4,train,435,205.0
TD,4,train,436,287.0
TD,4,train,437,161.0
TD,4,train,438,139.0
TD,4,train,439,179.0
TD,4,train,440,211.0
TD,4,train,441,170.0
TD,4,train,442,177.0
TD,4,train,443,160.0
TD,4,train,444,157.0
TD,4,train,445,138.0
TD,4,train,446,199.0
TD,4,train,447,426.0
TD,4,train,448,180.0
TD,4,train,449,168.0
TD,4,train,450,132.0
TD,4,train,451,114.0
TD,4,train,452,146.0
TD,4,train,453,115.0
TD,4,train,454,144.0
TD,4,train,455,196.0
TD,4,train,456,152.0
TD,4,train,457,148.0
TD,4,train,458,122.0
TD,4,train,459,149.0
TD,4,train,460,273.0
TD,4,train,461,142.0
TD,4,train,462,188.0
TD,4,train,463,110.0
TD,4,train,464,112.0
TD,4,train,465,114.0
TD,4,train,466,138.0
TD,4,train,467,144.0
TD,4,train,468,111.0
TD,4,train,469,109.0
TD,4,train,470,121.0
TD,4,train,471,128.0
TD,4,train,472,172.0
TD,4,train,473,139.0
TD,4,train,474,142.0
TD,4,train,475,138.0
TD,4,train,476,198.0
TD,4,train,477,108.0
TD,4,train,478,149.0
TD,4,train,479,140.0
TD,4,train,480,119.0
TD,4,train,481,182.0
TD,4,train,482,127.0
TD,4,train,483,144.0
TD,4,train,484,170.0
TD,4,train,485,177.0
TD,4,train,486,92.0
TD,4,train,487,162.0
TD,4,train,488,168.0
TD,4,train,489,159.0
TD,4,train,490,109.0
TD,4,train,491,188.0
TD,4,train,492,154.0
TD,4,train,493,180.0
TD,4,train,494,135.0
TD,4,train,495,164.0
TD,4,train,496,166.0
TD,4,train,497,155.0
TD,4,train,498,197.0
TD,4,train,499,15.0
TD,4,train,500,165.0
TD,5,train,1,18.0
TD,5,train,2,24.0
TD,5,train,3,29.0
TD,5,train,4,40.0
TD,5,train,5,16.0
TD,5,train,6,20.0
TD,5,train,7,12.0
TD,5,train,8,14.0
TD,5,train,9,15.0
TD,5,train,10,24.0
TD,5,train,11,14.0
TD,5,train,12,21.0
TD,5,train,13,13.0
TD,5,train,14,18.0
TD,5,train,15,8.0
TD,5,train,16,12.0
TD,5,train,17,12.0
TD,5,train,18,15.0
TD,5,train,19,14.0
TD,5,train,20,11.0
TD,5,train,21,19.0
TD,5,train,22,13.0
TD,5,train,23,13.0
TD,5,train,24,10.0
TD,5,train,25,10.0
TD,5,train,26,12.0
TD,5,train,27,9.0
TD,5,train,28,15.0
TD,5,train,29,9.0
TD,5,train,30,11.0
TD,5,train,31,15.0
TD,5,train,32,9.0
TD,5,train,33,14.0
TD,5,train,34,9.0
TD,5,train,35,10.0
TD,5,train,36,9.0
TD,5,train,37,11.0
TD,5,train,38,12.0
TD,5,train,39,35.0
TD,5,train,40,13.0
TD,5,train,41,11.0
TD,5,train,42,14.0
TD,5,train,43,11.0
TD,5,train,44,18.0
TD,5,train,45,10.0
TD,5,train,46,10.0
TD,5,train,47,10.0
TD,5,train,48,16.0
TD,5,train,49,13.0
TD,5,train,50,10.0
TD,5,train,51,13.0
TD,5,train,52,10.0
TD,5,train,53,11.0
TD,5,train,54,10.0
TD,5,train,55,8.0
TD,5,train,56,11.0
TD,5,train,57,10.0
TD,5,train,58,11.0
TD,5,train,59,11.0
TD,5,train,60,15.0
TD,5,train,61,11.0
TD,5,train,62,9.0
TD,5,train,63,16.0
TD,5,train,64,12.0
TD,5,train,65,9.0
TD,5,train,66,10.0
TD,5,train,67,9.0
TD,5,train,68,10.0
TD,5,train,69,10.0
TD,5,train,70,12.0
TD,5,train,71,10.0
TD,5,train,72,12.0
TD,5,train,73,10.0
TD,5,train,74,15.0
TD,5,train,75,9.0
TD,5,train,76,10.0
TD,5,train,77,10.0
TD,5,train,78,10.0
TD,5,train,79,10.0
TD,5,train,80,10.0
TD,5,train,81,10.0
TD,5,train,82,9.0
TD,5,train,83,10.0
TD,5,train,84,10.0
TD,5,train,85,9.0
TD,5,train,86,10.0
TD,5,train,87,9.0
TD,5,train,88,9.0
TD,5,train,89,10.0
TD,5,train,90,10.0
TD,5,train,91,9.0
TD,5,train,92,12.0
TD,5,train,93,8.0
TD,5,train,94,13.0
TD,5,train,95,9.0
TD,5,train,96,12.0
TD,5,train,97,11.0
TD,5,train,98,9.0
TD,5,train,99,9.0
TD,5,train,100,11.0
TD,5,train,101,8.0
TD,5,train,102,11.0
TD,5,train,103,9.0
TD,5,train,104,10.0
TD,5,train,105,11.0
TD,5,train,106,11.0
TD,5,train,107,10.0
TD,5,train,108,14.0
TD,5,train,109,12.0
TD,5,train,110,11.0
TD,5,train,111,11.0
TD,5,train,112,13.0
TD,5,train,113,9.0
TD,5,train,114,13.0
TD,5,train,115,11.0
TD,5,train,116,14.0
TD,5,train,117,10.0
TD,5,train,118,10.0
TD,5,train,119,13.0
TD,5,train,120,10.0
TD,5,train,121,15.0
TD,5,train,122,10.0
TD,5,train,123,16.0
TD,5,train,124,15.0
TD,5,train,125,10.0
TD,5,train,126,11.0
TD,5,train,127,12.0
TD,5,train,128,12.0
TD,5,train,129,10.0
TD,5,train,130,12.0
TD,5,train,131,10.0
TD,5,train,132,12.0
TD,5,train,133,13.0
TD,5,train,134,10.0
TD,5,train,135,14.0
TD,5,train,136,9.0
TD,5,train,137,13.0
TD,5,train,138,11.0
TD,5,train,139,10.0
TD,5,train,140,15.0
TD,5,train,141,14.0
TD,5,train,142,14.0
TD,5,train,143,20.0
TD,5,train,144,11.0
TD,5,train,145,13.0
TD,5,train,146,13.0
TD,5,train,147,9.0
TD,5,train,148,11.0
TD,5,train,149,15.0
TD,5,train,150,12.0
TD,5,train,151,10.0
TD,5,train,152,16.0
TD,5,train,153,18.0
TD,5,train,154,17.0
TD,5,train,155,20.0
TD,5,train,156,14.0
TD,5,train,157,9.0
TD,5,train,158,14.0
TD,5,train,159,10.0
TD,5,train,160,12.0
TD,5,train,161,9.0
TD,5,train,162,9.0
TD,5,train,163,15.0
TD,5,train,164,10.0
TD,5,train,165,23.0
TD,5,train,166,13.0
TD,5,train,167,9.0
TD,5,train,168,10.0
TD,5,train,169,9.0
TD,5,train,170,13.0
TD,5,train,171,22.0
TD,5,train,172,24.0
TD,5,train,173,18.0
TD,5,train,174,42.0
TD,5,train,175,15.0
TD,5,train,176,9.0
TD,5,train,177,10.0
TD,5,train,178,9.0
TD,5,train,179,8.0
TD,5,train,180,10.0
TD,5,train,181,10.0
TD,5,train,182,9.0
TD,5,train,183,9.0
TD,5,train,184,13.0
TD,5,train,185,10.0
TD,5,train,186,12.0
TD,5,train,187,11.0
TD,5,train,188,9.0
TD,5,train,189,10.0
TD,5,train,190,46.0
TD,5,train,191,11.0
TD,5,train,192,27.0
TD,5,train,193,11.0
TD,5,train,194,14.0
TD,5,train,195,14.0
TD,5,train,196,9.0
TD,5,train,197,9.0
TD,5,train,198,19.0
TD,5,train,199,28.0
TD,5,train,200,10.0
TD,5,train,201,10.0
TD,5,train,202,10.0
TD,5,train,203,23.0
TD,5,train,204,11.0
TD,5,train,205,10.0
TD,5,train,206,10.0
TD,5,train,207,10.0
TD,5,train,208,10.0
TD,5,train,209,10.0
TD,5,train,210,8.0
TD,5,train,211,10.0
TD,5,train,212,96.0
TD,5,train,213,9.0
TD,5,train,214,127.0
TD,5,train,215,15.0
TD,5,train,216,43.0
TD,5,train,217,13.0
TD,5,train,218,16.0
TD,5,train,219,20.0
TD,5,train,220,15.0
TD,5,train,221,17.0
TD,5,train,222,24.0
TD,5,train,223,23.0
TD,5,train,224,47.0
TD,5,train,225,22.0
TD,5,train,226,25.0
TD,5,train,227,22.0
TD,5,train,228,28.0
TD,5,train,229,113.0
TD,5,train,230,31.0
TD,5,train,231,16.0
TD,5,train,232,57.0
TD,5,train,233,15.0
TD,5,train,234,56.0
TD,5,train,235,166.0
TD,5,train,236,53.0
TD,5,train,237,44.0
TD,5,train,238,21.0
TD,5,train,239,117.0
TD,5,train,240,61.0
TD,5,train,241,21.0
TD,5,train,242,92.0
TD,5,train,243,36.0
TD,5,train,244,26.0
TD,5,train,245,62.0
TD,5,train,246,32.0
TD,5,train,247,26.0
TD,5,train,248,27.0
TD,5,train,249,36.0
TD,5,train,250,23.0
TD,5,train,251,18.0
TD,5,train,252,18.0
TD,5,train,253,20.0
TD,5,train,254,21.0
TD,5,train,255,18.0
TD,5,train,256,23.0
TD,5,train,257,26.0
TD,5,train,258,40.0
TD,5,train,259,31.0
TD,5,train,260,23.0
TD,5,train,261,19.0
TD,5,train,262,24.0
TD,5,train,263,29.0
TD,5,train,264,51.0
TD,5,train,265,59.0
TD,5,train,266,21.0
TD,5,train,267,22.0
TD,5,train,268,20.0
TD,5,train,269,33.0
TD,5,train,270,82.0
TD,5,train,271,23.0
TD,5,train,272,25.0
TD,5,train,273,68.0
TD,5,train,274,133.0
TD,5,train,275,37.0
TD,5,train,276,70.0
TD,5,train,277,30.0
TD,5,train,278,51.0
TD,5,train,279,51.0
TD,5,train,280,30.0
TD,5,train,281,59.0
TD,5,train,282,59.0
TD,5,train,283,24.0
TD,5,train,284,39.0
TD,5,train,285,96.0
TD,5,train,286,31.0
TD,5,train,287,44.0
TD,5,train,288,61.0
TD,5,train,289,80.0
TD,5,train,290,26.0
TD,5,train,291,47.0
TD,5,train,292,30.0
TD,5,train,293,89.0
TD,5,train,294,65.0
TD,5,train,295,32.0
TD,5,train,296,121.0
TD,5,train,297,28.0
TD,5,train,298,33.0
TD,5,train,299,39.0
TD,5,train,300,66.0
TD,5,train,301,30.0
TD,5,train,302,47.0
TD,5,train,303,38.0
TD,5,train,304,126.0
TD,5,train,305,48.0
TD,5,train,306,41.0
TD,5,train,307,52.0
TD,5,train,308,42.0
TD,5,train,309,49.0
TD,5,train,310,30.0
TD,5,train,311,19.0
TD,5,train,312,43.0
TD,5,train,313,40.0
TD,5,train,314,62.0
TD,5,train,315,71.0
TD,5,train,316,27.0
TD,5,train,317,29.0
TD,5,train,318,32.0
TD,5,train,319,54.0
TD,5,train,320,50.0
TD,5,train,321,38.0
TD,5,train,322,39.0
TD,5,train,323,22.0
TD,5,train,324,25.0
TD,5,train,325,52.0
TD,5,train,326,34.0
TD,5,train,327,33.0
TD,5,train,328,58.0
TD,5,train,329,39.0
TD,5,train,330,106.0
TD,5,train,331,31.0
TD,5,train,332,31.0
TD,5,train,333,45.0
TD,5,train,334,47.0
TD,5,train,335,32.0
TD,5,train,336,45.0
TD,5,train,337,113.0
TD,5,train,338,130.0
TD,5,train,339,49.0
TD,5,train,340,52.0
TD,5,train,341,65.0
TD,5,train,342,34.0
TD,5,train,343,340.0
TD,5,train,344,138.0
TD,5,train,345,45.0
TD,5,train,346,99.0
TD,5,train,347,100.0
TD,5,train,348,94.0
TD,5,train,349,181.0
TD,5,train,350,63.0
TD,5,train,351,79.0
TD,5,train,352,111.0
TD,5,train,353,47.0
TD,5,train,354,50.0
TD,5,train,355,149.0
TD,5,train,356,143.0
TD,5,train,357,122.0
TD,5,train,358,35.0
TD,5,train,359,59.0
TD,5,train,360,67.0
TD,5,train,361,71.0
TD,5,train,362,105.0
TD,5,train,363,112.0
TD,5,train,364,68.0
TD,5,train,365,112.0
TD,5,train,366,105.0
TD,5,train,367,143.0
TD,5,train,368,38.0
TD,5,train,369,124.0
TD,5,train,370,68.0
TD,5,train,371,234.0
TD,5,train,372,121.0
TD,5,train,373,90.0
TD,5,train,374,118.0
TD,5,train,375,49.0
TD,5,train,376,57.0
TD,5,train,377,92.0
TD,5,train,378,69.0
TD,5,train,379,129.0
TD,5,train,380,187.0
TD,5,train,381,166.0
TD,5,train,382,115.0
TD,5,train,383,80.0
TD,5,train,384,52.0
TD,5,train,385,157.0
TD,5,train,386,135.0
TD,5,train,387,70.0
TD,5,train,388,146.0
TD,5,train,389,172.0
TD,5,train,390,134.0
TD,5,train,391,172.0
TD,5,train,392,246.0
TD,5,train,393,136.0
TD,5,train,394,132.0
TD,5,train,395,102.0
TD,5,train,396,197.0
TD,5,train,397,196.0
TD,5,train,398,104.0
TD,5,train,399,274.0
TD,5,train,400,212.0
TD,5,train,401,500.0
TD,5,train,402,178.0
TD,5,train,403,375.0
TD,5,train,404,204.0
TD,5,train,405,478.0
TD,5,train,406,387.0
TD,5,train,407,225.0
TD,5,train,408,232.0
TD,5,train,409,255.0
TD,5,train,410,500.0
TD,5,train,411,420.0
TD,5,train,412,261.0
TD,5,train,413,244.0
TD,5,train,414,500.0
TD,5,train,415,282.0
TD,5,train,416,276.0
TD,5,train,417,310.0
TD,5,train,418,406.0
TD,5,train,419,205.0
TD,5,train,420,188.0
TD,5,train,421,205.0
TD,5,train,422,257.0
TD,5,train,423,175.0
TD,5,train,424,200.0
TD,5,train,425,401.0
TD,5,train,426,169.0
TD,5,train,427,172.0
TD,5,train,428,187.0
TD,5,train,429,226.0
TD,5,train,430,170.0
TD,5,train,431,158.0
TD,5,train,432,179.0
TD,5,train,433,250.0
TD,5,train,434,326.0
TD,5,train,435,321.0
TD,5,train,436,258.0
TD,5,train,437,219.0
TD,5,train,438,183.0
TD,5,train,439,282.0
TD,5,train,440,184.0
TD,5,train,441,356.0
TD,5,train,442,311.0
TD,5,train,443,167.0
TD,5,train,444,251.0
TD,5,train,445,209.0
TD,5,train,446,193.0
TD,5,train,447,203.0
TD,5,train,448,213.0
TD,5,train,449,173.0
TD,5,train,450,164.0
TD,5,train,451,206.0
TD,5,train,452,179.0
TD,5,train,453,188.0
TD,5,train,454,186.0
TD,5,train,455,218.0
TD,5,train,456,186.0
TD,5,train,457,233.0
TD,5,train,458,195.0
TD,5,train,459,215.0
TD,5,train,460,243.0
TD,5,train,461,210.0
TD,5,train,462,241.0
TD,5,train,463,200.0
TD,5,train,464,189.0
TD,5,train,465,193.0
TD,5,train,466,189.0
TD,5,train,467,214.0
TD,5,train,468,187.0
TD,5,train,469,247.0
TD,5,train,470,162.0
TD,5,train,471,342.0
TD,5,train,472,177.0
TD,5,train,473,161.0
TD,5,train,474,159.0
TD,5,train,475,178.0
TD,5,train,476,212.0
TD,5,train,477,192.0
TD,5,train,478,157.0
TD,5,train,479,259.0
TD,5,train,480,213.0
TD,5,train,481,150.0
TD,5,train,482,218.0
TD,5,train,483,208.0
TD,5,train,484,193.0
TD,5,train,485,213.0
TD,5,train,486,211.0
TD,5,train,487,213.0
TD,5,train,488,208.0
TD,5,train,489,249.0
TD,5,train,490,220.0
TD,5,train,491,164.0
TD,5,train,492,238.0
TD,5,train,493,183.0
TD,5,train,494,186.0
TD,5,train,495,231.0
TD,5,train,496,220.0
TD,5,train,497,201.0
TD,5,train,498,192.0
TD,5,train,499,184.0
TD,5,train,500,195.0
TD,6,train,1,44.0
TD,6,train,2,14.0
TD,6,train,3,53.0
TD,6,train,4,12.0
TD,6,train,5,25.0
TD,6,train,6,40.0
TD,6,train,7,14.0
TD,6,train,8,13.0
TD,6,train,9,48.0
TD,6,train,10,67.0
TD,6,train,11,67.0
TD,6,train,12,49.0
TD,6,train,13,31.0
TD,6,train,14,67.0
TD,6,train,15,54.0
TD,6,train,16,25.0
TD,6,train,17,34.0
TD,6,train,18,10.0
TD,6,train,19,25.0
TD,6,train,20,44.0
TD,6,train,21,10.0
TD,6,train,22,14.0
TD,6,train,23,16.0
TD,6,train,24,29.0
TD,6,train,25,11.0
TD,6,train,26,10.0
TD,6,train,27,8.0
TD,6,train,28,10.0
TD,6,train,29,8.0
TD,6,train,30,11.0
TD,6,train,31,13.0
TD,6,train,32,11.0
TD,6,train,33,12.0
TD,6,train,34,10.0
TD,6,train,35,13.0
TD,6,train,36,9.0
TD,6,train,37,8.0
TD,6,train,38,9.0
TD,6,train,39,9.0
TD,6,train,40,12.0
TD,6,train,41,13.0
TD,6,train,42,9.0
TD,6,train,43,11.0
TD,6,train,44,12.0
TD,6,train,45,12.0
TD,6,train,46,10.0
TD,6,train,47,10.0
TD,6,train,48,9.0
TD,6,train,49,9.0
TD,6,train,50,8.0
TD,6,train,51,9.0
TD,6,train,52,9.0
TD,6,train,53,10.0
TD,6,train,54,11.0
TD,6,train,55,9.0
TD,6,train,56,9.0
TD,6,train,57,10.0
TD,6,train,58,14.0
TD,6,train,59,11.0
TD,6,train,60,12.0
TD,6,train,61,11.0
TD,6,train,62,10.0
TD,6,train,63,10.0
TD,6,train,64,10.0
TD,6,train,65,9.0
TD,6,train,66,11.0
TD,6,train,67,12.0
TD,6,train,68,9.0
TD,6,train,69,9.0
TD,6,train,70,10.0
TD,6,train,71,11.0
TD,6,train,72,9.0
TD,6,train,73,9.0
TD,6,train,74,13.0
TD,6,train,75,12.0
TD,6,train,76,11.0
TD,6,train,77,9.0
TD,6,train,78,9.0
TD,6,train,79,12.0
TD,6,train,80,13.0
TD,6,train,81,10.0
TD,6,train,82,11.0
TD,6,train,83,9.0
TD,6,train,84,10.0
TD,6,train,85,14.0
TD,6,train,86,10.0
TD,6,train,87,10.0
TD,6,train,88,11.0
TD,6,train,89,11.0
TD,6,train,90,9.0
TD,6,train,91,9.0
TD,6,train,92,12.0
TD,6,train,93,12.0
TD,6,train,94,11.0
TD,6,train,95,9.0
TD,6,train,96,11.0
TD,6,train,97,10.0
TD,6,train,98,11.0
TD,6,train,99,10.0
TD,6,train,100,14.0
TD,6,train,101,16.0
TD,6,train,102,14.0
TD,6,train,103,13.0
TD,6,train,104,13.0
TD,6,train,105,17.0
TD,6,train,106,16.0
TD,6,train,107,9.0
TD,6,train,108,9.0
TD,6,train,109,23.0
TD,6,train,110,13.0
TD,6,train,111,11.0
TD,6,train,112,30.0
TD,6,train,113,18.0
TD,6,train,114,19.0
TD,6,train,115,14.0
TD,6,train,116,18.0
TD,6,train,117,24.0
TD,6,train,118,12.0
TD,6,train,119,16.0
TD,6,train,120,23.0
TD,6,train,121,18.0
TD,6,train,122,29.0
TD,6,train,123,15.0
TD,6,train,124,26.0
TD,6,train,125,22.0
TD,6,train,126,17.0
TD,6,train,127,24.0
TD,6,train,128,14.0
TD,6,train,129,15.0
TD,6,train,130,25.0
TD,6,train,131,10.0
TD,6,train,132,13.0
TD,6,train,133,25.0
TD,6,train,134,37.0
TD,6,train,135,9.0
TD,6,train,136,20.0
TD,6,train,137,26.0
TD,6,train,138,10.0
TD,6,train,139,13.0
TD,6,train,140,11.0
TD,6,train,141,12.0
TD,6,train,142,19.0
TD,6,train,143,12.0
TD,6,train,144,15.0
TD,6,train,145,15.0
TD,6,train,146,9.0
TD,6,train,147,81.0
TD,6,train,148,10.0
TD,6,train,149,22.0
TD,6,train,150,22.0
TD,6,train,151,40.0
TD,6,train,152,41.0
TD,6,train,153,38.0
TD,6,train,154,55.0
TD,6,train,155,53.0
TD,6,train,156,78.0
TD,6,train,157,80.0
TD,6,train,158,23.0
TD,6,train,159,18.0
TD,6,train,160,23.0
TD,6,train,161,26.0
TD,6,train,162,15.0
TD,6,train,163,25.0
TD,6,train,164,20.0
TD,6,train,165,32.0
TD,6,train,166,40.0
TD,6,train,167,21.0
TD,6,train,168,36.0
TD,6,train,169,28.0
TD,6,train,170,17.0
TD,6,train,171,49.0
TD,6,train,172,24.0
TD,6,train,173,21.0
TD,6,train,174,28.0
TD,6,train,175,26.0
TD,6,train,176,22.0
TD,6,train,177,79.0
TD,6,train,178,18.0
TD,6,train,179,57.0
TD,6,train,180,29.0
TD,6,train,181,46.0
TD,6,train,182,29.0
TD,6,train,183,51.0
TD,6,train,184,18.0
TD,6,train,185,53.0
TD,6,train,186,26.0
TD,6,train,187,41.0
TD,6,train,188,32.0
TD,6,train,189,51.0
TD,6,train,190,27.0
TD,6,train,191,28.0
TD,6,train,192,64.0
TD,6,train,193,41.0
TD,6,train,194,77.0
TD,6,train,195,27.0
TD,6,train,196,52.0
TD,6,train,197,93.0
TD,6,train,198,54.0
TD,6,train,199,28.0
TD,6,train,200,22.0
TD,6,train,201,34.0
TD,6,train,202,34.0
TD,6,train,203,71.0
TD,6,train,204,23.0
TD,6,train,205,95.0
TD,6,train,206,61.0
TD,6,train,207,43.0
TD,6,train,208,61.0
TD,6,train,209,19.0
TD,6,train,210,59.0
TD,6,train,211,33.0
TD,6,train,212,63.0
TD,6,train,213,37.0
TD,6,train,214,27.0
TD,6,train,215,31.0
TD,6,train,216,33.0
TD,6,train,217,67.0
TD,6,train,218,62.0
TD,6,train,219,47.0
TD,6,train,220,61.0
TD,6,train,221,66.0
TD,6,train,222,108.0
TD,6,train,223,50.0
TD,6,train,224,40.0
TD,6,train,225,135.0
TD,6,train,226,58.0
TD,6,train,227,72.0
TD,6,train,228,36.0
TD,6,train,229,42.0
TD,6,train,230,87.0
TD,6,train,231,81.0
TD,6,train,232,64.0
TD,6,train,233,104.0
TD,6,train,234,107.0
TD,6,train,235,119.0
TD,6,train,236,131.0
TD,6,train,237,107.0
TD,6,train,238,48.0
TD,6,train,239,66.0
TD,6,train,240,130.0
TD,6,train,241,55.0
TD,6,train,242,83.0
TD,6,train,243,36.0
TD,6,train,244,108.0
TD,6,train,245,98.0
TD,6,train,246,103.0
TD,6,train,247,123.0
TD,6,train,248,40.0
TD,6,train,249,34.0
TD,6,train,250,32.0
TD,6,train,251,73.0
TD,6,train,252,54.0
TD,6,train,253,83.0
TD,6,train,254,75.0
TD,6,train,255,94.0
TD,6,train,256,52.0
TD,6,train,257,84.0
TD,6,train,258,61.0
TD,6,train,259,61.0
TD,6,train,260,100.0
TD,6,train,261,134.0
TD,6,train,262,70.0
TD,6,train,263,64.0
TD,6,train,264,70.0
TD,6,train,265,87.0
TD,6,train,266,91.0
TD,6,train,267,121.0
TD,6,train,268,122.0
TD,6,train,269,163.0
TD,6,train,270,154.0
TD,6,train,271,236.0
TD,6,train,272,89.0
TD,6,train,273,129.0
TD,6,train,274,126.0
TD,6,train,275,93.0
TD,6,train,276,125.0
TD,6,train,277,167.0
TD,6,train,278,113.0
TD,6,train,279,170.0
TD,6,train,280,59.0
TD,6,train,281,239.0
TD,6,train,282,143.0
TD,6,train,283,120.0
TD,6,train,284,147.0
TD,6,train,285,120.0
TD,6,train,286,377.0
TD,6,train,287,104.0
TD,6,train,288,53.0
TD,6,train,289,143.0
TD,6,train,290,188.0
TD,6,train,291,202.0
TD,6,train,292,230.0
TD,6,train,293,66.0
TD,6,train,294,215.0
TD,6,train,295,128.0
TD,6,train,296,257.0
TD,6,train,297,149.0
TD,6,train,298,267.0
TD,6,train,299,429.0
TD,6,train,300,115.0
TD,6,train,301,121.0
TD,6,train,302,109.0
TD,6,train,303,110.0
TD,6,train,304,143.0
TD,6,train,305,138.0
TD,6,train,306,84.0
TD,6,train,307,101.0
TD,6,train,308,143.0
TD,6,train,309,83.0
TD,6,train,310,112.0
TD,6,train,311,123.0
TD,6,train,312,43.0
TD,6,train,313,36.0
TD,6,train,314,39.0
TD,6,train,315,103.0
TD,6,train,316,40.0
TD,6,train,317,51.0
TD,6,train,318,86.0
TD,6,train,319,70.0
TD,6,train,320,34.0
TD,6,train,321,47.0
TD,6,train,322,59.0
TD,6,train,323,54.0
TD,6,train,324,57.0
TD,6,train,325,48.0
TD,6,train,326,94.0
TD,6,train,327,50.0
TD,6,train,328,42.0
TD,6,train,329,107.0
TD,6,train,330,48.0
TD,6,train,331,35.0
TD,6,train,332,101.0
TD,6,train,333,84.0
TD,6,train,334,37.0
TD,6,train,335,41.0
TD,6,train,336,30.0
TD,6,train,337,25.0
TD,6,train,338,33.0
TD,6,train,339,28.0
TD,6,train,340,25.0
TD,6,train,341,28.0
TD,6,train,342,26.0
TD,6,train,343,29.0
TD,6,train,344,40.0
TD,6,train,345,21.0
TD,6,train,346,112.0
TD,6,train,347,103.0
TD,6,train,348,63.0
TD,6,train,349,114.0
TD,6,train,350,108.0
TD,6,train,351,47.0
TD,6,train,352,108.0
TD,6,train,353,100.0
TD,6,train,354,130.0
TD,6,train,355,106.0
TD,6,train,356,85.0
TD,6,train,357,34.0
TD,6,train,358,37.0
TD,6,train,359,55.0
TD,6,train,360,43.0
TD,6,train,361,54.0
TD,6,train,362,61.0
TD,6,train,363,109.0
TD,6,train,364,101.0
TD,6,train,365,48.0
TD,6,train,366,101.0
TD,6,train,367,59.0
TD,6,train,368,40.0
TD,6,train,369,45.0
TD,6,train,370,29.0
TD,6,train,371,99.0
TD,6,train,372,32.0
TD,6,train,373,24.0
TD,6,train,374,111.0
TD,6,train,375,63.0
TD,6,train,376,133.0
TD,6,train,377,132.0
TD,6,train,378,137.0
TD,6,train,379,49.0
TD,6,train,380,48.0
TD,6,train,381,33.0
TD,6,train,382,140.0
TD,6,train,383,112.0
TD,6,train,384,83.0
TD,6,train,385,128.0
TD,6,train,386,60.0
TD,6,train,387,64.0
TD,6,train,388,121.0
TD,6,train,389,127.0
TD,6,train,390,206.0
TD,6,train,391,159.0
TD,6,train,392,111.0
TD,6,train,393,163.0
TD,6,train,394,150.0
TD,6,train,395,92.0
TD,6,train,396,132.0
TD,6,train,397,100.0
TD,6,train,398,103.0
TD,6,train,399,128.0
TD,6,train,400,174.0
TD,6,train,401,143.0
TD,6,train,402,100.0
TD,6,train,403,102.0
TD,6,train,404,178.0
TD,6,train,405,188.0
TD,6,train,406,151.0
TD,6,train,407,109.0
TD,6,train,408,187.0
TD,6,train,409,134.0
TD,6,train,410,140.0
TD,6,train,411,183.0
TD,6,train,412,152.0
TD,6,train,413,152.0
TD,6,train,414,187.0
TD,6,train,415,153.0
TD,6,train,416,184.0
TD,6,train,417,211.0
TD,6,train,418,500.0
TD,6,train,419,157.0
TD,6,train,420,153.0
TD,6,train,421,500.0
TD,6,train,422,231.0
TD,6,train,423,199.0
TD,6,train,424,383.0
TD,6,train,425,177.0
TD,6,train,426,186.0
TD,6,train,427,399.0
TD,6,train,428,335.0
TD,6,train,429,372.0
TD,6,train,430,203.0
TD,6,train,431,413.0
TD,6,train,432,302.0
TD,6,train,433,363.0
TD,6,train,434,318.0
TD,6,train,435,500.0
TD,6,train,436,485.0
TD,6,train,437,268.0
TD,6,train,438,433.0
TD,6,train,439,500.0
TD,6,train,440,324.0
TD,6,train,441,500.0
TD,6,train,442,500.0
TD,6,train,443,318.0
TD,6,train,444,301.0
TD,6,train,445,310.0
TD,6,train,446,403.0
TD,6,train,447,500.0
TD,6,train,448,500.0
TD,6,train,449,500.0
TD,6,train,450,500.0
TD,6,train,451,500.0
TD,6,train,452,500.0
TD,6,train,453,463.0
TD,6,train,454,242.0
TD,6,train,455,224.0
TD,6,train,456,382.0
TD,6,train,457,469.0
TD,6,train,458,457.0
TD,6,train,459,500.0
TD,6,train,460,397.0
TD,6,train,461,423.0
TD,6,train,462,294.0
TD,6,train,463,406.0
TD,6,train,464,243.0
TD,6,train,465,481.0
TD,6,train,466,336.0
TD,6,train,467,358.0
TD,6,train,468,332.0
TD,6,train,469,361.0
TD,6,train,470,356.0
TD,6,train,471,197.0
TD,6,train,472,350.0
TD,6,train,473,347.0
TD,6,train,474,180.0
TD,6,train,475,270.0
TD,6,train,476,262.0
TD,6,train,477,186.0
TD,6,train,478,258.0
TD,6,train,479,269.0
TD,6,train,480,279.0
TD,6,train,481,306.0
TD,6,train,482,178.0
TD,6,train,483,310.0
TD,6,train,484,244.0
TD,6,train,485,307.0
TD,6,train,486,234.0
TD,6,train,487,166.0
TD,6,train,488,265.0
TD,6,train,489,250.0
TD,6,train,490,205.0
TD,6,train,491,263.0
TD,6,train,492,316.0
TD,6,train,493,190.0
TD,6,train,494,218.0
TD,6,train,495,250.0
TD,6,train,496,277.0
TD,6,train,497,168.0
TD,6,train,498,289.0
TD,6,train,499,182.0
TD,6,train,500,182.0
TD,7,train,1,15.0
TD,7,train,2,16.0
TD,7,train,3,17.0
TD,7,train,4,95.0
TD,7,train,5,29.0
TD,7,train,6,19.0
TD,7,train,7,16.0
TD,7,train,8,30.0
TD,7,train,9,30.0
TD,7,train,10,21.0
TD,7,train,11,10.0
TD,7,train,12,19.0
TD,7,train,13,30.0
TD,7,train,14,34.0
TD,7,train,15,9.0
TD,7,train,16,16.0
TD,7,train,17,46.0
TD,7,train,18,21.0
TD,7,train,19,9.0
TD,7,train,20,8.0
TD,7,train,21,17.0
TD,7,train,22,11.0
TD,7,train,23,12.0
TD,7,train,24,14.0
TD,7,train,25,10.0
TD,7,train,26,12.0
TD,7,train,27,10.0
TD,7,train,28,27.0
TD,7,train,29,13.0
TD,7,train,30,10.0
TD,7,train,31,17.0
TD,7,train,32,9.0
TD,7,train,33,10.0
TD,7,train,34,9.0
TD,7,train,35,12.0
TD,7,train,36,9.0
TD,7,train,37,11.0
TD,7,train,38,14.0
TD,7,train,39,16.0
TD,7,train,40,10.0
TD,7,train,41,11.0
TD,7,train,42,9.0
TD,7,train,43,12.0
TD,7,train,44,9.0
TD,7,train,45,10.0
TD,7,train,46,9.0
TD,7,train,47,8.0
TD,7,train,48,10.0
TD,7,train,49,13.0
TD,7,train,50,10.0
TD,7,train,51,12.0
TD,7,train,52,8.0
TD,7,train,53,9.0
TD,7,train,54,10.0
TD,7,train,55,12.0
TD,7,train,56,10.0
TD,7,train,57,11.0
TD,7,train,58,9.0
TD,7,train,59,9.0
TD,7,train,60,17.0
TD,7,train,61,10.0
TD,7,train,62,12.0
TD,7,train,63,10.0
TD,7,train,64,10.0
TD,7,train,65,14.0
TD,7,train,66,10.0
TD,7,train,67,10.0
TD,7,train,68,11.0
TD,7,train,69,12.0
TD,7,train,70,14.0
TD,7,train,71,10.0
TD,7,train,72,10.0
TD,7,train,73,9.0
TD,7,train,74,14.0
TD,7,train,75,10.0
TD,7,train,76,14.0
TD,7,train,77,10.0
TD,7,train,78,10.0
TD,7,train,79,13.0
TD,7,train,80,10.0
TD,7,train,81,16.0
TD,7,train,82,10.0
TD,7,train,83,10.0
TD,7,train,84,11.0
TD,7,train,85,9.0
TD,7,train,86,10.0
TD,7,train,87,10.0
TD,7,train,88,9.0
TD,7,train,89,9.0
TD,7,train,90,10.0
TD,7,train,91,9.0
TD,7,train,92,10.0
TD,7,train,93,9.0
TD,7,train,94,11.0
TD,7,train,95,10.0
TD,7,train,96,9.0
TD,7,train,97,9.0
TD,7,train,98,8.0
TD,7,train,99,10.0
TD,7,train,100,9.0
TD,7,train,101,10.0
TD,7,train,102,11.0
TD,7,train,103,10.0
TD,7,train,104,9.0
TD,7,train,105,10.0
TD,7,train,106,11.0
TD,7,train,107,10.0
TD,7,train,108,11.0
TD,7,train,109,14.0
TD,7,train,110,12.0
TD,7,train,111,9.0
TD,7,train,112,10.0
TD,7,train,113,9.0
TD,7,train,114,10.0
TD,7,train,115,10.0
TD,7,train,116,9.0
TD,7,train,117,12.0
TD,7,train,118,9.0
TD,7,train,119,10.0
TD,7,train,120,13.0
TD,7,train,121,10.0
TD,7,train,122,12.0
TD,7,train,123,9.0
TD,7,train,124,11.0
TD,7,train,125,11.0
TD,7,train,126,12.0
TD,7,train,127,10.0
TD,7,train,128,12.0
TD,7,train,129,9.0
TD,7,train,130,13.0
TD,7,train,131,12.0
TD,7,train,132,11.0
TD,7,train,133,12.0
TD,7,train,134,10.0
TD,7,train,135,12.0
TD,7,train,136,10.0
TD,7,train,137,9.0
TD,7,train,138,9.0
TD,7,train,139,10.0
TD,7,train,140,16.0
TD,7,train,141,14.0
TD,7,train,142,10.0
TD,7,train,143,11.0
TD,7,train,144,11.0
TD,7,train,145,10.0
TD,7,train,146,11.0
TD,7,train,147,11.0
TD,7,train,148,11.0
TD,7,train,149,9.0
TD,7,train,150,10.0
TD,7,train,151,14.0
TD,7,train,152,10.0
TD,7,train,153,10.0
TD,7,train,154,10.0
TD,7,train,155,10.0
TD,7,train,156,10.0
TD,7,train,157,12.0
TD,7,train,158,9.0
TD,7,train,159,9.0
TD,7,train,160,9.0
TD,7,train,161,9.0
TD,7,train,162,9.0
TD,7,train,163,8.0
TD,7,train,164,12.0
TD,7,train,165,11.0
TD,7,train,166,11.0
TD,7,train,167,8.0
TD,7,train,168,11.0
TD,7,train,169,10.0
TD,7,train,170,14.0
TD,7,train,171,14.0
TD,7,train,172,8.0
TD,7,train,173,9.0
TD,7,train,174,9.0
TD,7,train,175,12.0
TD,7,train,176,9.0
TD,7,train,177,9.0
TD,7,train,178,11.0
TD,7,train,179,8.0
TD,7,train,180,12.0
TD,7,train,181,11.0
TD,7,train,182,10.0
TD,7,train,183,9.0
TD,7,train,184,13.0
TD,7,train,185,12.0
TD,7,train,186,12.0
TD,7,train,187,10.0
TD,7,train,188,9.0
TD,7,train,189,10.0
TD,7,train,190,9.0
TD,7,train,191,10.0
TD,7,train,192,13.0
TD,7,train,193,11.0
TD,7,train,194,13.0
TD,7,train,195,9.0
TD,7,train,196,13.0
TD,7,train,197,13.0
TD,7,train,198,9.0
TD,7,train,199,8.0
TD,7,train,200,8.0
TD,7,train,201,10.0
TD,7,train,202,10.0
TD,7,train,203,10.0
TD,7,train,204,12.0
TD,7,train,205,10.0
TD,7,train,206,10.0
TD,7,train,207,14.0
TD,7,train,208,8.0
TD,7,train,209,12.0
TD,7,train,210,9.0
TD,7,train,211,12.0
TD,7,train,212,8.0
TD,7,train,213,9.0
TD,7,train,214,9.0
TD,7,train,215,10.0
TD,7,train,216,9.0
TD,7,train,217,14.0
TD,7,train,218,9.0
TD,7,train,219,8.0
TD,7,train,220,10.0
TD,7,train,221,10.0
TD,7,train,222,12.0
TD,7,train,223,10.0
TD,7,train,224,13.0
TD,7,train,225,10.0
TD,7,train,226,10.0
TD,7,train,227,11.0
TD,7,train,228,12.0
TD,7,train,229,9.0
TD,7,train,230,10.0
TD,7,train,231,8.0
TD,7,train,232,9.0
TD,7,train,233,12.0
TD,7,train,234,13.0
TD,7,train,235,13.0
TD,7,train,236,10.0
TD,7,train,237,13.0
TD,7,train,238,10.0
TD,7,train,239,11.0
TD,7,train,240,11.0
TD,7,train,241,14.0
TD,7,train,242,8.0
TD,7,train,243,11.0
TD,7,train,244,16.0
TD,7,train,245,9.0
TD,7,train,246,10.0
TD,7,train,247,12.0
TD,7,train,248,10.0
TD,7,train,249,11.0
TD,7,train,250,12.0
TD,7,train,251,9.0
TD,7,train,252,10.0
TD,7,train,253,15.0
TD,7,train,254,9.0
TD,7,train,255,8.0
TD,7,train,256,15.0
TD,7,train,257,20.0
TD,7,train,258,18.0
TD,7,train,259,14.0
TD,7,train,260,11.0
TD,7,train,261,22.0
TD,7,train,262,10.0
TD,7,train,263,20.0
TD,7,train,264,9.0
TD,7,train,265,16.0
TD,7,train,266,9.0
TD,7,train,267,9.0
TD,7,train,268,27.0
TD,7,train,269,23.0
TD,7,train,270,13.0
TD,7,train,271,15.0
TD,7,train,272,12.0
TD,7,train,273,9.0
TD,7,train,274,24.0
TD,7,train,275,10.0
TD,7,train,276,11.0
TD,7,train,277,10.0
TD,7,train,278,15.0
TD,7,train,279,35.0
TD,7,train,280,10.0
TD,7,train,281,9.0
TD,7,train,282,25.0
TD,7,train,283,27.0
TD,7,train,284,9.0
TD,7,train,285,16.0
TD,7,train,286,10.0
TD,7,train,287,23.0
TD,7,train,288,8.0
TD,7,train,289,42.0
TD,7,train,290,38.0
TD,7,train,291,24.0
TD,7,train,292,18.0
TD,7,train,293,12.0
TD,7,train,294,18.0
TD,7,train,295,16.0
TD,7,train,296,19.0
TD,7,train,297,18.0
TD,7,train,298,17.0
TD,7,train,299,16.0
TD,7,train,300,17.0
TD,7,train,301,22.0
TD,7,train,302,31.0
TD,7,train,303,22.0
TD,7,train,304,20.0
TD,7,train,305,25.0
TD,7,train,306,28.0
TD,7,train,307,32.0
TD,7,train,308,27.0
TD,7,train,309,17.0
TD,7,train,310,36.0
TD,7,train,311,34.0
TD,7,train,312,50.0
TD,7,train,313,25.0
TD,7,train,314,77.0
TD,7,train,315,25.0
TD,7,train,316,68.0
TD,7,train,317,87.0
TD,7,train,318,46.0
TD,7,train,319,70.0
TD,7,train,320,42.0
TD,7,train,321,115.0
TD,7,train,322,70.0
TD,7,train,323,20.0
TD,7,train,324,36.0
TD,7,train,325,55.0
TD,7,train,326,24.0
TD,7,train,327,84.0
TD,7,train,328,49.0
TD,7,train,329,94.0
TD,7,train,330,80.0
TD,7,train,331,38.0
TD,7,train,332,24.0
TD,7,train,333,97.0
TD,7,train,334,34.0
TD,7,train,335,35.0
TD,7,train,336,36.0
TD,7,train,337,28.0
TD,7,train,338,90.0
TD,7,train,339,39.0
TD,7,train,340,21.0
TD,7,train,341,41.0
TD,7,train,342,51.0
TD,7,train,343,57.0
TD,7,train,344,31.0
TD,7,train,345,81.0
TD,7,train,346,28.0
TD,7,train,347,98.0
TD,7,train,348,28.0
TD,7,train,349,34.0
TD,7,train,350,32.0
TD,7,train,351,33.0
TD,7,train,352,42.0
TD,7,train,353,37.0
TD,7,train,354,84.0
TD,7,train,355,69.0
TD,7,train,356,102.0
TD,7,train,357,125.0
TD,7,train,358,39.0
TD,7,train,359,103.0
TD,7,train,360,48.0
TD,7,train,361,38.0
TD,7,train,362,53.0
TD,7,train,363,56.0
TD,7,train,364,61.0
TD,7,train,365,38.0
TD,7,train,366,38.0
TD,7,train,367,47.0
TD,7,train,368,49.0
TD,7,train,369,96.0
TD,7,train,370,49.0
TD,7,train,371,79.0
TD,7,train,372,71.0
TD,7,train,373,32.0
TD,7,train,374,23.0
TD,7,train,375,41.0
TD,7,train,376,30.0
TD,7,train,377,68.0
TD,7,train,378,93.0
TD,7,train,379,30.0
TD,7,train,380,44.0
TD,7,train,381,47.0
TD,7,train,382,54.0
TD,7,train,383,35.0
TD,7,train,384,40.0
TD,7,train,385,30.0
TD,7,train,386,22.0
TD,7,train,387,27.0
TD,7,train,388,21.0
TD,7,train,389,33.0
TD,7,train,390,27.0
TD,7,train,391,27.0
TD,7,train,392,25.0
TD,7,train,393,27.0
TD,7,train,394,96.0
TD,7,train,395,59.0
TD,7,train,396,58.0
TD,7,train,397,85.0
TD,7,train,398,44.0
TD,7,train,399,50.0
TD,7,train,400,44.0
TD,7,train,401,56.0
TD,7,train,402,99.0
TD,7,train,403,37.0
TD,7,train,404,27.0
TD,7,train,405,140.0
TD,7,train,406,75.0
TD,7,train,407,74.0
TD,7,train,408,47.0
TD,7,train,409,95.0
TD,7,train,410,45.0
TD,7,train,411,52.0
TD,7,train,412,56.0
TD,7,train,413,29.0
TD,7,train,414,59.0
TD,7,train,415,53.0
TD,7,train,416,33.0
TD,7,train,417,56.0
TD,7,train,418,79.0
TD,7,train,419,84.0
TD,7,train,420,44.0
TD,7,train,421,102.0
TD,7,train,422,33.0
TD,7,train,423,47.0
TD,7,train,424,56.0
TD,7,train,425,120.0
TD,7,train,426,50.0
TD,7,train,427,78.0
TD,7,train,428,131.0
TD,7,train,429,60.0
TD,7,train,430,60.0
TD,7,train,431,58.0
TD,7,train,432,50.0
TD,7,train,433,55.0
TD,7,train,434,60.0
TD,7,train,435,76.0
TD,7,train,436,53.0
TD,7,train,437,173.0
TD,7,train,438,25.0
TD,7,train,439,76.0
TD,7,train,440,132.0
TD,7,train,441,40.0
TD,7,train,442,40.0
TD,7,train,443,39.0
TD,7,train,444,54.0
TD,7,train,445,47.0
TD,7,train,446,55.0
TD,7,train,447,108.0
TD,7,train,448,79.0
TD,7,train,449,120.0
TD,7,train,450,80.0
TD,7,train,451,87.0
TD,7,train,452,146.0
TD,7,train,453,45.0
TD,7,train,454,96.0
TD,7,train,455,39.0
TD,7,train,456,131.0
TD,7,train,457,117.0
TD,7,train,458,27.0
TD,7,train,459,90.0
TD,7,train,460,169.0
TD,7,train,461,124.0
TD,7,train,462,187.0
TD,7,train,463,201.0
TD,7,train,464,171.0
TD,7,train,465,199.0
TD,7,train,466,86.0
TD,7,train,467,59.0
TD,7,train,468,74.0
TD,7,train,469,227.0
TD,7,train,470,164.0
TD,7,train,471,183.0
TD,7,train,472,176.0
TD,7,train,473,114.0
TD,7,train,474,82.0
TD,7,train,475,118.0
TD,7,train,476,209.0
TD,7,train,477,161.0
TD,7,train,478,165.0
TD,7,train,479,500.0
TD,7,train,480,138.0
TD,7,train,481,295.0
TD,7,train,482,203.0
TD,7,train,483,219.0
TD,7,train,484,399.0
TD,7,train,485,140.0
TD,7,train,486,224.0
TD,7,train,487,500.0
TD,7,train,488,357.0
TD,7,train,489,283.0
TD,7,train,490,277.0
TD,7,train,491,147.0
TD,7,train,492,196.0
TD,7,train,493,290.0
TD,7,train,494,219.0
TD,7,train,495,292.0
TD,7,train,496,192.0
TD,7,train,497,138.0
TD,7,train,498,155.0
TD,7,train,499,128.0
TD,7,train,500,158.0
TD,8,train,1,20.0
TD,8,train,2,20.0
TD,8,train,3,44.0
TD,8,train,4,17.0
TD,8,train,5,62.0
TD,8,train,6,31.0
TD,8,train,7,20.0
TD,8,train,8,17.0
TD,8,train,9,14.0
TD,8,train,10,22.0
TD,8,train,11,11.0
TD,8,train,12,53.0
TD,8,train,13,39.0
TD,8,train,14,22.0
TD,8,train,15,14.0
TD,8,train,16,26.0
TD,8,train,17,13.0
TD,8,train,18,20.0
TD,8,train,19,43.0
TD,8,train,20,9.0
TD,8,train,21,16.0
TD,8,train,22,14.0
TD,8,train,23,11.0
TD,8,train,24,40.0
TD,8,train,25,11.0
TD,8,train,26,11.0
TD,8,train,27,9.0
TD,8,train,28,10.0
TD,8,train,29,14.0
TD,8,train,30,9.0
TD,8,train,31,13.0
TD,8,train,32,13.0
TD,8,train,33,10.0
TD,8,train,34,12.0
TD,8,train,35,13.0
TD,8,train,36,13.0
TD,8,train,37,10.0
TD,8,train,38,10.0
TD,8,train,39,12.0
TD,8,train,40,10.0
TD,8,train,41,10.0
TD,8,train,42,13.0
TD,8,train,43,10.0
TD,8,train,44,14.0
TD,8,train,45,10.0
TD,8,train,46,14.0
TD,8,train,47,10.0
TD,8,train,48,10.0
TD,8,train,49,9.0
TD,8,train,50,10.0
TD,8,train,51,14.0
TD,8,train,52,14.0
TD,8,train,53,12.0
TD,8,train,54,9.0
TD,8,train,55,14.0
TD,8,train,56,10.0
TD,8,train,57,10.0
TD,8,train,58,12.0
TD,8,train,59,11.0
TD,8,train,60,15.0
TD,8,train,61,12.0
TD,8,train,62,14.0
TD,8,train,63,13.0
TD,8,train,64,17.0
TD,8,train,65,14.0
TD,8,train,66,9.0
TD,8,train,67,9.0
TD,8,train,68,9.0
TD,8,train,69,10.0
TD,8,train,70,11.0
TD,8,train,71,9.0
TD,8,train,72,10.0
TD,8,train,73,10.0
TD,8,train,74,14.0
TD,8,train,75,15.0
TD,8,train,76,9.0
TD,8,train,77,14.0
TD,8,train,78,10.0
TD,8,train,79,11.0
TD,8,train,80,9.0
TD,8,train,81,10.0
TD,8,train,82,10.0
TD,8,train,83,13.0
TD,8,train,84,10.0
TD,8,train,85,12.0
TD,8,train,86,11.0
TD,8,train,87,10.0
TD,8,train,88,13.0
TD,8,train,89,11.0
TD,8,train,90,13.0
TD,8,train,91,9.0
TD,8,train,92,11.0
TD,8,train,93,11.0
TD,8,train,94,9.0
TD,8,train,95,15.0
TD,8,train,96,10.0
TD,8,train,97,12.0
TD,8,train,98,11.0
TD,8,train,99,10.0
TD,8,train,100,11.0
TD,8,train,101,10.0
TD,8,train,102,10.0
TD,8,train,103,10.0
TD,8,train,104,11.0
TD,8,train,105,14.0
TD,8,train,106,10.0
TD,8,train,107,11.0
TD,8,train,108,9.0
TD,8,train,109,10.0
TD,8,train,110,11.0
TD,8,train,111,9.0
TD,8,train,112,11.0
TD,8,train,113,10.0
TD,8,train,114,11.0
TD,8,train,115,10.0
TD,8,train,116,8.0
TD,8,train,117,13.0
TD,8,train,118,11.0
TD,8,train,119,12.0
TD,8,train,120,11.0
TD,8,train,121,12.0
TD,8,train,122,14.0
TD,8,train,123,10.0
TD,8,train,124,10.0
TD,8,train,125,14.0
TD,8,train,126,10.0
TD,8,train,127,13.0
TD,8,train,128,25.0
TD,8,train,129,9.0
TD,8,train,130,12.0
TD,8,train,131,10.0
TD,8,train,132,10.0
TD,8,train,133,8.0
TD,8,train,134,11.0
TD,8,train,135,10.0
TD,8,train,136,9.0
TD,8,train,137,10.0
TD,8,train,138,9.0
TD,8,train,139,11.0
TD,8,train,140,10.0
TD,8,train,141,9.0
TD,8,train,142,10.0
TD,8,train,143,11.0
TD,8,train,144,9.0
TD,8,train,145,9.0
TD,8,train,146,9.0
TD,8,train,147,12.0
TD,8,train,148,8.0
TD,8,train,149,9.0
TD,8,train,150,17.0
TD,8,train,151,9.0
TD,8,train,152,9.0
TD,8,train,153,9.0
TD,8,train,154,10.0
TD,8,train,155,10.0
TD,8,train,156,9.0
TD,8,train,157,10.0
TD,8,train,158,10.0
TD,8,train,159,12.0
TD,8,train,160,16.0
TD,8,train,161,9.0
TD,8,train,162,12.0
TD,8,train,163,13.0
TD,8,train,164,10.0
TD,8,train,165,9.0
TD,8,train,166,12.0
TD,8,train,167,8.0
TD,8,train,168,12.0
TD,8,train,169,10.0
TD,8,train,170,10.0
TD,8,train,171,10.0
TD,8,train,172,9.0
TD,8,train,173,27.0
TD,8,train,174,9.0
TD,8,train,175,13.0
TD,8,train,176,11.0
TD,8,train,177,9.0
TD,8,train,178,12.0
TD,8,train,179,9.0
TD,8,train,180,11.0
TD,8,train,181,34.0
TD,8,train,182,13.0
TD,8,train,183,22.0
TD,8,train,184,17.0
TD,8,train,185,10.0
TD,8,train,186,17.0
TD,8,train,187,12.0
TD,8,train,188,15.0
TD,8,train,189,10.0
TD,8,train,190,9.0
TD,8,train,191,8.0
TD,8,train,192,65.0
TD,8,train,193,10.0
TD,8,train,194,10.0
TD,8,train,195,19.0
TD,8,train,196,89.0
TD,8,train,197,23.0
TD,8,train,198,18.0
TD,8,train,199,15.0
TD,8,train,200,18.0
TD,8,train,201,15.0
TD,8,train,202,18.0
TD,8,train,203,70.0
TD,8,train,204,20.0
TD,8,train,205,25.0
TD,8,train,206,26.0
TD,8,train,207,17.0
TD,8,train,208,20.0
TD,8,train,209,17.0
TD,8,train,210,19.0
TD,8,train,211,26.0
TD,8,train,212,18.0
TD,8,train,213,43.0
TD,8,train,214,21.0
TD,8,train,215,44.0
TD,8,train,216,60.0
TD,8,train,217,52.0
TD,8,train,218,53.0
TD,8,train,219,37.0
TD,8,train,220,27.0
TD,8,train,221,23.0
TD,8,train,222,17.0
TD,8,train,223,58.0
TD,8,train,224,30.0
TD,8,train,225,99.0
TD,8,train,226,29.0
TD,8,train,227,100.0
TD,8,train,228,24.0
TD,8,train,229,62.0
TD,8,train,230,41.0
TD,8,train,231,30.0
TD,8,train,232,107.0
TD,8,train,233,46.0
TD,8,train,234,101.0
TD,8,train,235,76.0
TD,8,train,236,52.0
TD,8,train,237,61.0
TD,8,train,238,133.0
TD,8,train,239,148.0
TD,8,train,240,63.0
TD,8,train,241,42.0
TD,8,train,242,75.0
TD,8,train,243,98.0
TD,8,train,244,56.0
TD,8,train,245,248.0
TD,8,train,246,46.0
TD,8,train,247,150.0
TD,8,train,248,167.0
TD,8,train,249,67.0
TD,8,train,250,51.0
TD,8,train,251,33.0
TD,8,train,252,43.0
TD,8,train,253,28.0
TD,8,train,254,50.0
TD,8,train,255,37.0
TD,8,train,256,21.0
TD,8,train,257,26.0
TD,8,train,258,44.0
TD,8,train,259,45.0
TD,8,train,260,33.0
TD,8,train,261,40.0
TD,8,train,262,47.0
TD,8,train,263,237.0
TD,8,train,264,55.0
TD,8,train,265,103.0
TD,8,train,266,54.0
TD,8,train,267,92.0
TD,8,train,268,28.0
TD,8,train,269,42.0
TD,8,train,270,21.0
TD,8,train,271,42.0
TD,8,train,272,52.0
TD,8,train,273,30.0
TD,8,train,274,41.0
TD,8,train,275,50.0
TD,8,train,276,66.0
TD,8,train,277,91.0
TD,8,train,278,50.0
TD,8,train,279,69.0
TD,8,train,280,64.0
TD,8,train,281,50.0
TD,8,train,282,36.0
TD,8,train,283,50.0
TD,8,train,284,42.0
TD,8,train,285,19.0
TD,8,train,286,123.0
TD,8,train,287,36.0
TD,8,train,288,84.0
TD,8,train,289,41.0
TD,8,train,290,41.0
TD,8,train,291,27.0
TD,8,train,292,82.0
TD,8,train,293,164.0
TD,8,train,294,45.0
TD,8,train,295,84.0
TD,8,train,296,23.0
TD,8,train,297,33.0
TD,8,train,298,36.0
TD,8,train,299,63.0
TD,8,train,300,48.0
TD,8,train,301,39.0
TD,8,train,302,41.0
TD,8,train,303,65.0
TD,8,train,304,37.0
TD,8,train,305,65.0
TD,8,train,306,75.0
TD,8,train,307,39.0
TD,8,train,308,97.0
TD,8,train,309,101.0
TD,8,train,310,157.0
TD,8,train,311,39.0
TD,8,train,312,57.0
TD,8,train,313,53.0
TD,8,train,314,102.0
TD,8,train,315,92.0
TD,8,train,316,41.0
TD,8,train,317,44.0
TD,8,train,318,49.0
TD,8,train,319,64.0
TD,8,train,320,96.0
TD,8,train,321,32.0
TD,8,train,322,65.0
TD,8,train,323,42.0
TD,8,train,324,38.0
TD,8,train,325,55.0
TD,8,train,326,36.0
TD,8,train,327,78.0
TD,8,train,328,96.0
TD,8,train,329,66.0
TD,8,train,330,86.0
TD,8,train,331,80.0
TD,8,train,332,122.0
TD,8,train,333,61.0
TD,8,train,334,30.0
TD,8,train,335,30.0
TD,8,train,336,71.0
TD,8,train,337,54.0
TD,8,train,338,33.0
TD,8,train,339,81.0
TD,8,train,340,84.0
TD,8,train,341,87.0
TD,8,train,342,45.0
TD,8,train,343,54.0
TD,8,train,344,105.0
TD,8,train,345,70.0
TD,8,train,346,100.0
TD,8,train,347,128.0
TD,8,train,348,58.0
TD,8,train,349,49.0
TD,8,train,350,45.0
TD,8,train,351,58.0
TD,8,train,352,69.0
TD,8,train,353,35.0
TD,8,train,354,28.0
TD,8,train,355,43.0
TD,8,train,356,37.0
TD,8,train,357,47.0
TD,8,train,358,46.0
TD,8,train,359,74.0
TD,8,train,360,63.0
TD,8,train,361,154.0
TD,8,train,362,120.0
TD,8,train,363,45.0
TD,8,train,364,59.0
TD,8,train,365,77.0
TD,8,train,366,299.0
TD,8,train,367,128.0
TD,8,train,368,70.0
TD,8,train,369,104.0
TD,8,train,370,30.0
TD,8,train,371,60.0
TD,8,train,372,264.0
TD,8,train,373,75.0
TD,8,train,374,270.0
TD,8,train,375,136.0
TD,8,train,376,54.0
TD,8,train,377,96.0
TD,8,train,378,126.0
TD,8,train,379,60.0
TD,8,train,380,92.0
TD,8,train,381,71.0
TD,8,train,382,146.0
TD,8,train,383,127.0
TD,8,train,384,64.0
TD,8,train,385,97.0
TD,8,train,386,131.0
TD,8,train,387,82.0
TD,8,train,388,64.0
TD,8,train,389,96.0
TD,8,train,390,308.0
TD,8,train,391,144.0
TD,8,train,392,104.0
TD,8,train,393,143.0
TD,8,train,394,75.0
TD,8,train,395,157.0
TD,8,train,396,181.0
TD,8,train,397,104.0
TD,8,train,398,184.0
TD,8,train,399,49.0
TD,8,train,400,247.0
TD,8,train,401,145.0
TD,8,train,402,243.0
TD,8,train,403,184.0
TD,8,train,404,223.0
TD,8,train,405,164.0
TD,8,train,406,100.0
TD,8,train,407,242.0
TD,8,train,408,223.0
TD,8,train,409,218.0
TD,8,train,410,113.0
TD,8,train,411,130.0
TD,8,train,412,155.0
TD,8,train,413,248.0
TD,8,train,414,205.0
TD,8,train,415,135.0
TD,8,train,416,428.0
TD,8,train,417,242.0
TD,8,train,418,500.0
TD,8,train,419,500.0
TD,8,train,420,500.0
TD,8,train,421,353.0
TD,8,train,422,335.0
TD,8,train,423,463.0
TD,8,train,424,430.0
TD,8,train,425,500.0
TD,8,train,426,434.0
TD,8,train,427,312.0
TD,8,train,428,280.0
TD,8,train,429,270.0
TD,8,train,430,226.0
TD,8,train,431,251.0
TD,8,train,432,346.0
TD,8,train,433,348.0
TD,8,train,434,302.0
TD,8,train,435,333.0
TD,8,train,436,287.0
TD,8,train,437,253.0
TD,8,train,438,251.0
TD,8,train,439,479.0
TD,8,train,440,500.0
TD,8,train,441,269.0
TD,8,train,442,481.0
TD,8,train,443,388.0
TD,8,train,444,500.0
TD,8,train,445,482.0
TD,8,train,446,366.0
TD,8,train,447,500.0
TD,8,train,448,500.0
TD,8,train,449,439.0
TD,8,train,450,435.0
TD,8,train,451,237.0
TD,8,train,452,303.0
TD,8,train,453,431.0
TD,8,train,454,416.0
TD,8,train,455,487.0
TD,8,train,456,293.0
TD,8,train,457,264.0
TD,8,train,458,317.0
TD,8,train,459,328.0
TD,8,train,460,251.0
TD,8,train,461,298.0
TD,8,train,462,294.0
TD,8,train,463,456.0
TD,8,train,464,236.0
TD,8,train,465,280.0
TD,8,train,466,277.0
TD,8,train,467,342.0
TD,8,train,468,232.0
TD,8,train,469,220.0
TD,8,train,470,322.0
TD,8,train,471,304.0
TD,8,train,472,434.0
TD,8,train,473,352.0
TD,8,train,474,217.0
TD,8,train,475,500.0
TD,8,train,476,346.0
TD,8,train,477,297.0
TD,8,train,478,230.0
TD,8,train,479,330.0
TD,8,train,480,489.0
TD,8,train,481,312.0
TD,8,train,482,488.0
TD,8,train,483,206.0
TD,8,train,484,239.0
TD,8,train,485,198.0
TD,8,train,486,249.0
TD,8,train,487,312.0
TD,8,train,488,272.0
TD,8,train,489,272.0
TD,8,train,490,387.0
TD,8,train,491,215.0
TD,8,train,492,261.0
TD,8,train,493,200.0
TD,8,train,494,267.0
TD,8,train,495,215.0
TD,8,train,496,330.0
TD,8,train,497,231.0
TD,8,train,498,348.0
TD,8,train,499,265.0
TD,8,train,500,205.0
TD,9,train,1,19.0
TD,9,train,2,15.0
TD,9,train,3,15.0
TD,9,train,4,17.0
TD,9,train,5,14.0
TD,9,train,6,32.0
TD,9,train,7,15.0
TD,9,train,8,12.0
TD,9,train,9,17.0
TD,9,train,10,12.0
TD,9,train,11,30.0
TD,9,train,12,18.0
TD,9,train,13,19.0
TD,9,train,14,25.0
TD,9,train,15,14.0
TD,9,train,16,19.0
TD,9,train,17,11.0
TD,9,train,18,24.0
TD,9,train,19,17.0
TD,9,train,20,9.0
TD,9,train,21,25.0
TD,9,train,22,10.0
TD,9,train,23,10.0
TD,9,train,24,10.0
TD,9,train,25,11.0
TD,9,train,26,11.0
TD,9,train,27,11.0
TD,9,train,28,10.0
TD,9,train,29,14.0
TD,9,train,30,13.0
TD,9,train,31,8.0
TD,9,train,32,11.0
TD,9,train,33,9.0
TD,9,train,34,10.0
TD,9,train,35,9.0
TD,9,train,36,9.0
TD,9,train,37,15.0
TD,9,train,38,11.0
TD,9,train,39,11.0
TD,9,train,40,13.0
TD,9,train,41,11.0
TD,9,train,42,12.0
TD,9,train,43,15.0
TD,9,train,44,14.0
TD,9,train,45,13.0
TD,9,train,46,10.0
TD,9,train,47,9.0
TD,9,train,48,9.0
TD,9,train,49,16.0
TD,9,train,50,10.0
TD,9,train,51,13.0
TD,9,train,52,9.0
TD,9,train,53,10.0
TD,9,train,54,11.0
TD,9,train,55,10.0
TD,9,train,56,10.0
TD,9,train,57,14.0
TD,9,train,58,20.0
TD,9,train,59,10.0
TD,9,train,60,8.0
TD,9,train,61,10.0
TD,9,train,62,9.0
TD,9,train,63,10.0
TD,9,train,64,11.0
TD,9,train,65,12.0
TD,9,train,66,11.0
TD,9,train,67,9.0
TD,9,train,68,10.0
TD,9,train,69,11.0
TD,9,train,70,11.0
TD,9,train,71,11.0
TD,9,train,72,11.0
TD,9,train,73,10.0
TD,9,train,74,9.0
TD,9,train,75,9.0
TD,9,train,76,14.0
TD,9,train,77,9.0
TD,9,train,78,10.0
TD,9,train,79,9.0
TD,9,train,80,9.0
TD,9,train,81,10.0
TD,9,train,82,9.0
TD,9,train,83,10.0
TD,9,train,84,13.0
TD,9,train,85,9.0
TD,9,train,86,13.0
TD,9,train,87,10.0
TD,9,train,88,11.0
TD,9,train,89,11.0
TD,9,train,90,12.0
TD,9,train,91,13.0
TD,9,train,92,9.0
TD,9,train,93,9.0
TD,9,train,94,12.0
TD,9,train,95,13.0
TD,9,train,96,11.0
TD,9,train,97,13.0
TD,9,train,98,12.0
TD,9,train,99,11.0
TD,9,train,100,13.0
TD,9,train,101,13.0
TD,9,train,102,11.0
TD,9,train,103,11.0
TD,9,train,104,15.0
TD,9,train,105,11.0
TD,9,train,106,10.0
TD,9,train,107,9.0
TD,9,train,108,10.0
TD,9,train,109,13.0
TD,9,train,110,10.0
TD,9,train,111,12.0
TD,9,train,112,9.0
TD,9,train,113,11.0
TD,9,train,114,12.0
TD,9,train,115,9.0
TD,9,train,116,11.0
TD,9,train,117,18.0
TD,9,train,118,12.0
TD,9,train,119,11.0
TD,9,train,120,8.0
TD,9,train,121,15.0
TD,9,train,122,12.0
TD,9,train,123,9.0
TD,9,train,124,10.0
TD,9,train,125,9.0
TD,9,train,126,11.0
TD,9,train,127,12.0
TD,9,train,128,11.0
TD,9,train,129,9.0
TD,9,train,130,12.0
TD,9,train,131,11.0
TD,9,train,132,13.0
TD,9,train,133,9.0
TD,9,train,134,9.0
TD,9,train,135,11.0
TD,9,train,136,10.0
TD,9,train,137,12.0
TD,9,train,138,10.0
TD,9,train,139,9.0
TD,9,train,140,11.0
TD,9,train,141,10.0
TD,9,train,142,10.0
TD,9,train,143,8.0
TD,9,train,144,12.0
TD,9,train,145,11.0
TD,9,train,146,12.0
TD,9,train,147,13.0
TD,9,train,148,13.0
TD,9,train,149,10.0
TD,9,train,150,12.0
TD,9,train,151,11.0
TD,9,train,152,10.0
TD,9,train,153,11.0
TD,9,train,154,12.0
TD,9,train,155,15.0
TD,9,train,156,11.0
TD,9,train,157,10.0
TD,9,train,158,10.0
TD,9,train,159,10.0
TD,9,train,160,12.0
TD,9,train,161,11.0
TD,9,train,162,12.0
TD,9,train,163,12.0
TD,9,train,164,16.0
TD,9,train,165,10.0
TD,9,train,166,17.0
TD,9,train,167,8.0
TD,9,train,168,12.0
TD,9,train,169,16.0
TD,9,train,170,12.0
TD,9,train,171,14.0
TD,9,train,172,15.0
TD,9,train,173,17.0
TD,9,train,174,11.0
TD,9,train,175,13.0
TD,9,train,176,17.0
TD,9,train,177,15.0
TD,9,train,178,9.0
TD,9,train,179,14.0
TD,9,train,180,9.0
TD,9,train,181,12.0
TD,9,train,182,33.0
TD,9,train,183,21.0
TD,9,train,184,19.0
TD,9,train,185,27.0
TD,9,train,186,15.0
TD,9,train,187,12.0
TD,9,train,188,20.0
TD,9,train,189,19.0
TD,9,train,190,18.0
TD,9,train,191,20.0
TD,9,train,192,18.0
TD,9,train,193,12.0
TD,9,train,194,20.0
TD,9,train,195,10.0
TD,9,train,196,18.0
TD,9,train,197,18.0
TD,9,train,198,15.0
TD,9,train,199,13.0
TD,9,train,200,21.0
TD,9,train,201,9.0
TD,9,train,202,9.0
TD,9,train,203,9.0
TD,9,train,204,9.0
TD,9,train,205,11.0
TD,9,train,206,11.0
TD,9,train,207,9.0
TD,9,train,208,11.0
TD,9,train,209,10.0
TD,9,train,210,26.0
TD,9,train,211,11.0
TD,9,train,212,10.0
TD,9,train,213,11.0
TD,9,train,214,16.0
TD,9,train,215,10.0
TD,9,train,216,25.0
TD,9,train,217,11.0
TD,9,train,218,9.0
TD,9,train,219,9.0
TD,9,train,220,8.0
TD,9,train,221,12.0
TD,9,train,222,21.0
TD,9,train,223,9.0
TD,9,train,224,44.0
TD,9,train,225,9.0
TD,9,train,226,11.0
TD,9,train,227,10.0
TD,9,train,228,11.0
TD,9,train,229,10.0
TD,9,train,230,10.0
TD,9,train,231,10.0
TD,9,train,232,12.0
TD,9,train,233,74.0
TD,9,train,234,83.0
TD,9,train,235,9.0
TD,9,train,236,9.0
TD,9,train,237,12.0
TD,9,train,238,11.0
TD,9,train,239,32.0
TD,9,train,240,28.0
TD,9,train,241,112.0
TD,9,train,242,30.0
TD,9,train,243,33.0
TD,9,train,244,63.0
TD,9,train,245,28.0
TD,9,train,246,25.0
TD,9,train,247,15.0
TD,9,train,248,23.0
TD,9,train,249,68.0
TD,9,train,250,132.0
TD,9,train,251,37.0
TD,9,train,252,31.0
TD,9,train,253,51.0
TD,9,train,254,103.0
TD,9,train,255,33.0
TD,9,train,256,73.0
TD,9,train,257,31.0
TD,9,train,258,40.0
TD,9,train,259,70.0
TD,9,train,260,74.0
TD,9,train,261,37.0
TD,9,train,262,37.0
TD,9,train,263,52.0
TD,9,train,264,26.0
TD,9,train,265,64.0
TD,9,train,266,22.0
TD,9,train,267,40.0
TD,9,train,268,40.0
TD,9,train,269,39.0
TD,9,train,270,47.0
TD,9,train,271,33.0
TD,9,train,272,32.0
TD,9,train,273,30.0
TD,9,train,274,20.0
TD,9,train,275,27.0
TD,9,train,276,104.0
TD,9,train,277,34.0
TD,9,train,278,37.0
TD,9,train,279,83.0
TD,9,train,280,23.0
TD,9,train,281,29.0
TD,9,train,282,31.0
TD,9,train,283,31.0
TD,9,train,284,17.0
TD,9,train,285,39.0
TD,9,train,286,31.0
TD,9,train,287,26.0
TD,9,train,288,106.0
TD,9,train,289,68.0
TD,9,train,290,24.0
TD,9,train,291,45.0
TD,9,train,292,41.0
TD,9,train,293,107.0
TD,9,train,294,70.0
TD,9,train,295,56.0
TD,9,train,296,41.0
TD,9,train,297,23.0
TD,9,train,298,28.0
TD,9,train,299,91.0
TD,9,train,300,151.0
TD,9,train,301,79.0
TD,9,train,302,42.0
TD,9,train,303,42.0
TD,9,train,304,50.0
TD,9,train,305,61.0
TD,9,train,306,38.0
TD,9,train,307,92.0
TD,9,train,308,97.0
TD,9,train,309,162.0
TD,9,train,310,159.0
TD,9,train,311,41.0
TD,9,train,312,70.0
TD,9,train,313,35.0
TD,9,train,314,32.0
TD,9,train,315,29.0
TD,9,train,316,110.0
TD,9,train,317,99.0
TD,9,train,318,53.0
TD,9,train,319,86.0
TD,9,train,320,46.0
TD,9,train,321,77.0
TD,9,train,322,182.0
TD,9,train,323,35.0
TD,9,train,324,60.0
TD,9,train,325,50.0
TD,9,train,326,76.0
TD,9,train,327,60.0
TD,9,train,328,54.0
TD,9,train,329,44.0
TD,9,train,330,34.0
TD,9,train,331,37.0
TD,9,train,332,45.0
TD,9,train,333,40.0
TD,9,train,334,72.0
TD,9,train,335,101.0
TD,9,train,336,100.0
TD,9,train,337,63.0
TD,9,train,338,93.0
TD,9,train,339,44.0
TD,9,train,340,56.0
TD,9,train,341,50.0
TD,9,train,342,41.0
TD,9,train,343,81.0
TD,9,train,344,139.0
TD,9,train,345,111.0
TD,9,train,346,65.0
TD,9,train,347,49.0
TD,9,train,348,43.0
TD,9,train,349,56.0
TD,9,train,350,36.0
TD,9,train,351,72.0
TD,9,train,352,45.0
TD,9,train,353,35.0
TD,9,train,354,46.0
TD,9,train,355,36.0
TD,9,train,356,39.0
TD,9,train,357,34.0
TD,9,train,358,65.0
TD,9,train,359,38.0
TD,9,train,360,37.0
TD,9,train,361,59.0
TD,9,train,362,39.0
TD,9,train,363,59.0
TD,9,train,364,54.0
TD,9,train,365,39.0
TD,9,train,366,40.0
TD,9,train,367,33.0
TD,9,train,368,38.0
TD,9,train,369,37.0
TD,9,train,370,35.0
TD,9,train,371,73.0
TD,9,train,372,109.0
TD,9,train,373,29.0
TD,9,train,374,58.0
TD,9,train,375,59.0
TD,9,train,376,23.0
TD,9,train,377,51.0
TD,9,train,378,59.0
TD,9,train,379,49.0
TD,9,train,380,48.0
TD,9,train,381,87.0
TD,9,train,382,53.0
TD,9,train,383,73.0
TD,9,train,384,44.0
TD,9,train,385,41.0
TD,9,train,386,73.0
TD,9,train,387,77.0
TD,9,train,388,56.0
TD,9,train,389,42.0
TD,9,train,390,38.0
TD,9,train,391,52.0
TD,9,train,392,35.0
TD,9,train,393,48.0
TD,9,train,394,46.0
TD,9,train,395,42.0
TD,9,train,396,82.0
TD,9,train,397,103.0
TD,9,train,398,96.0
TD,9,train,399,177.0
TD,9,train,400,41.0
TD,9,train,401,128.0
TD,9,train,402,113.0
TD,9,train,403,18.0
TD,9,train,404,108.0
TD,9,train,405,94.0
TD,9,train,406,56.0
TD,9,train,407,32.0
TD,9,train,408,79.0
TD,9,train,409,44.0
TD,9,train,410,77.0
TD,9,train,411,44.0
TD,9,train,412,38.0
TD,9,train,413,90.0
TD,9,train,414,117.0
TD,9,train,415,82.0
TD,9,train,416,35.0
TD,9,train,417,34.0
TD,9,train,418,135.0
TD,9,train,419,125.0
TD,9,train,420,82.0
TD,9,train,421,159.0
TD,9,train,422,45.0
TD,9,train,423,105.0
TD,9,train,424,41.0
TD,9,train,425,39.0
TD,9,train,426,68.0
TD,9,train,427,114.0
TD,9,train,428,160.0
TD,9,train,429,313.0
TD,9,train,430,90.0
TD,9,train,431,79.0
TD,9,train,432,67.0
TD,9,train,433,124.0
TD,9,train,434,179.0
TD,9,train,435,159.0
TD,9,train,436,239.0
TD,9,train,437,340.0
TD,9,train,438,222.0
TD,9,train,439,112.0
TD,9,train,440,170.0
TD,9,train,441,253.0
TD,9,train,442,204.0
TD,9,train,443,251.0
TD,9,train,444,230.0
TD,9,train,445,172.0
TD,9,train,446,151.0
TD,9,train,447,136.0
TD,9,train,448,139.0
TD,9,train,449,218.0
TD,9,train,450,283.0
TD,9,train,451,270.0
TD,9,train,452,387.0
TD,9,train,453,263.0
TD,9,train,454,301.0
TD,9,train,455,185.0
TD,9,train,456,233.0
TD,9,train,457,306.0
TD,9,train,458,199.0
TD,9,train,459,144.0
TD,9,train,460,146.0
TD,9,train,461,270.0
TD,9,train,462,213.0
TD,9,train,463,133.0
TD,9,train,464,187.0
TD,9,train,465,143.0
TD,9,train,466,209.0
TD,9,train,467,187.0
TD,9,train,468,189.0
TD,9,train,469,178.0
TD,9,train,470,233.0
TD,9,train,471,180.0
TD,9,train,472,188.0
TD,9,train,473,165.0
TD,9,train,474,231.0
TD,9,train,475,167.0
TD,9,train,476,132.0
TD,9,train,477,226.0
TD,9,train,478,144.0
TD,9,train,479,170.0
TD,9,train,480,178.0
TD,9,train,481,221.0
TD,9,train,482,159.0
TD,9,train,483,192.0
TD,9,train,484,139.0
TD,9,train,485,147.0
TD,9,train,486,117.0
TD,9,train,487,169.0
TD,9,train,488,166.0
TD,9,train,489,219.0
TD,9,train,490,180.0
TD,9,train,491,192.0
TD,9,train,492,173.0
TD,9,train,493,159.0
TD,9,train,494,171.0
TD,9,train,495,193.0
TD,9,train,496,161.0
TD,9,train,497,183.0
TD,9,train,498,250.0
TD,9,train,499,121.0
TD,9,train,500,210.0
TD,0,eval,25,9.6
TD,0,eval,50,9.0
TD,0,eval,75,8.6
TD,0,eval,100,9.6
TD,0,eval,125,10.2
TD,0,eval,150,12.8
TD,0,eval,175,13.0
TD,0,eval,200,19.8
TD,0,eval,225,37.8
TD,0,eval,250,43.2
TD,0,eval,275,63.8
TD,0,eval,300,35.2
TD,0,eval,325,32.2
TD,0,eval,350,81.0
TD,0,eval,375,62.8
TD,0,eval,400,84.6
TD,0,eval,425,225.2
TD,0,eval,450,334.8
TD,0,eval,475,205.8
TD,0,eval,500,219.8
TD,1,eval,25,9.4
TD,1,eval,50,8.8
TD,1,eval,75,9.2
TD,1,eval,100,9.6
TD,1,eval,125,10.2
TD,1,eval,150,11.0
TD,1,eval,175,12.0
TD,1,eval,200,12.4
TD,1,eval,225,13.2
TD,1,eval,250,13.8
TD,1,eval,275,28.0
TD,1,eval,300,29.2
TD,1,eval,325,67.0
TD,1,eval,350,177.8
TD,1,eval,375,126.0
TD,1,eval,400,283.6
TD,1,eval,425,399.8
TD,1,eval,450,249.0
TD,1,eval,475,278.0
TD,1,eval,500,382.6
TD,2,eval,25,10.2
TD,2,eval,50,8.8
TD,2,eval,75,9.0
TD,2,eval,100,10.0
TD,2,eval,125,10.4
TD,2,eval,150,14.8
TD,2,eval,175,19.6
TD,2,eval,200,9.8
TD,2,eval,225,44.0
TD,2,eval,250,69.0
TD,2,eval,275,41.8
TD,2,eval,300,107.6
TD,2,eval,325,100.8
TD,2,eval,350,117.0
TD,2,eval,375,160.2
TD,2,eval,400,98.4
TD,2,eval,425,137.8
TD,2,eval,450,219.8
TD,2,eval,475,315.6
TD,2,eval,500,211.4
TD,3,eval,25,9.6
TD,3,eval,50,8.8
TD,3,eval,75,9.4
TD,3,eval,100,9.4
TD,3,eval,125,9.6
TD,3,eval,150,9.0
TD,3,eval,175,9.4
TD,3,eval,200,12.8
TD,3,eval,225,44.2
TD,3,eval,250,22.2
TD,3,eval,275,37.0
TD,3,eval,300,49.4
TD,3,eval,325,36.8
TD,3,eval,350,58.6
TD,3,eval,375,75.2
TD,3,eval,400,205.0
TD,3,eval,425,107.8
TD,3,eval,450,152.4
TD,3,eval,475,107.2
TD,3,eval,500,58.2
TD,4,eval,25,9.2
TD,4,eval,50,9.2
TD,4,eval,75,10.0
TD,4,eval,100,10.4
TD,4,eval,125,13.4
TD,4,eval,150,8.8
TD,4,eval,175,9.4
TD,4,eval,200,11.4
TD,4,eval,225,14.4
TD,4,eval,250,48.4
TD,4,eval,275,82.8
TD,4,eval,300,55.4
TD,4,eval,325,108.6
TD,4,eval,350,161.2
TD,4,eval,375,136.4
TD,4,eval,400,107.8
TD,4,eval,425,193.8
TD,4,eval,450,189.4
TD,4,eval,475,137.4
TD,4,eval,500,112.8
TD,5,eval,25,9.2
TD,5,eval,50,9.2
TD,5,eval,75,9.8
TD,5,eval,100,10.0
TD,5,eval,125,11.0
TD,5,eval,150,16.2
TD,5,eval,175,9.8
TD,5,eval,200,14.2
TD,5,eval,225,19.2
TD,5,eval,250,26.0
TD,5,eval,275,107.4
TD,5,eval,300,48.8
TD,5,eval,325,60.8
TD,5,eval,350,114.6
TD,5,eval,375,74.4
TD,5,eval,400,321.8
TD,5,eval,425,287.4
TD,5,eval,450,249.2
TD,5,eval,475,197.8
TD,5,eval,500,202.6
TD,6,eval,25,9.2
TD,6,eval,50,9.6
TD,6,eval,75,9.2
TD,6,eval,100,9.8
TD,6,eval,125,33.6
TD,6,eval,150,41.6
TD,6,eval,175,91.0
TD,6,eval,200,43.0
TD,6,eval,225,57.4
TD,6,eval,250,51.8
TD,6,eval,275,218.2
TD,6,eval,300,171.2
TD,6,eval,325,72.6
TD,6,eval,350,100.2
TD,6,eval,375,84.4
TD,6,eval,400,125.0
TD,6,eval,425,330.6
TD,6,eval,450,500.0
TD,6,eval,475,321.2
TD,6,eval,500,204.4
TD,7,eval,25,29.6
TD,7,eval,50,9.6
TD,7,eval,75,9.0
TD,7,eval,100,9.4
TD,7,eval,125,10.8
TD,7,eval,150,11.8
TD,7,eval,175,9.2
TD,7,eval,200,9.6
TD,7,eval,225,9.6
TD,7,eval,250,9.2
TD,7,eval,275,17.0
TD,7,eval,300,19.0
TD,7,eval,325,39.2
TD,7,eval,350,31.2
TD,7,eval,375,57.0
TD,7,eval,400,58.4
TD,7,eval,425,50.4
TD,7,eval,450,44.4
TD,7,eval,475,134.2
TD,7,eval,500,200.0
TD,8,eval,25,9.2
TD,8,eval,50,9.6
TD,8,eval,75,9.0
TD,8,eval,100,9.8
TD,8,eval,125,12.0
TD,8,eval,150,9.2
TD,8,eval,175,10.8
TD,8,eval,200,11.6
TD,8,eval,225,36.8
TD,8,eval,250,39.6
TD,8,eval,275,58.0
TD,8,eval,300,161.6
TD,8,eval,325,161.6
TD,8,eval,350,85.4
TD,8,eval,375,79.8
TD,8,eval,400,157.0
TD,8,eval,425,451.4
TD,8,eval,450,343.4
TD,8,eval,475,261.0
TD,8,eval,500,311.2
TD,9,eval,25,8.4
TD,9,eval,50,9.2
TD,9,eval,75,9.8
TD,9,eval,100,9.0
TD,9,eval,125,9.6
TD,9,eval,150,12.0
TD,9,eval,175,16.8
TD,9,eval,200,9.4
TD,9,eval,225,10.0
TD,9,eval,250,51.2
TD,9,eval,275,34.6
TD,9,eval,300,61.8
TD,9,eval,325,90.0
TD,9,eval,350,58.6
TD,9,eval,375,37.8
TD,9,eval,400,59.8
TD,9,eval,425,68.2
TD,9,eval,450,234.2
TD,9,eval,475,205.2
TD,9,eval,500,250.8
TD+NOV,0,train,1,11.0
TD+NOV,0,train,2,20.0
TD+NOV,0,train,3,26.0
TD+NOV,0,train,4,10.0
TD+NOV,0,train,5,27.0
TD+NOV,0,train,6,16.0
TD+NOV,0,train,7,13.0
TD+NOV,0,train,8,20.0
TD+NOV,0,train,9,22.0
TD+NOV,0,train,10,11.0
TD+NOV,0,train,11,24.0
TD+NOV,0,train,12,12.0
TD+NOV,0,train,13,15.0
TD+NOV,0,train,14,19.0
TD+NOV,0,train,15,13.0
TD+NOV,0,train,16,9.0
TD+NOV,0,train,17,10.0
TD+NOV,0,train,18,10.0
TD+NOV,0,train,19,10.0
TD+NOV,0,train,20,15.0
TD+NOV,0,train,21,25.0
TD+NOV,0,train,22,13.0
TD+NOV,0,train,23,23.0
TD+NOV,0,train,24,11.0
TD+NOV,0,train,25,12.0
TD+NOV,0,train,26,8.0
TD+NOV,0,train,27,11.0
TD+NOV,0,train,28,13.0
TD+NOV,0,train,29,13.0
TD+NOV,0,train,30,9.0
TD+NOV,0,train,31,12.0
TD+NOV,0,train,32,9.0
TD+NOV,0,train,33,17.0
TD+NOV,0,train,34,9.0
TD+NOV,0,train,35,11.0
TD+NOV,0,train,36,11.0
TD+NOV,0,train,37,10.0
TD+NOV,0,train,38,12.0
TD+NOV,0,train,39,8.0
TD+NOV,0,train,40,10.0
TD+NOV,0,train,41,12.0
TD+NOV,0,train,42,10.0
TD+NOV,0,train,43,11.0
TD+NOV,0,train,44,11.0
TD+NOV,0,train,45,10.0
TD+NOV,0,train,46,9.0
TD+NOV,0,train,47,11.0
TD+NOV,0,train,48,10.0
TD+NOV,0,train,49,10.0
TD+NOV,0,train,50,10.0
TD+NOV,0,train,51,12.0
TD+NOV,0,train,52,10.0
TD+NOV,0,train,53,10.0
TD+NOV,0,train,54,14.0
TD+NOV,0,train,55,10.0
TD+NOV,0,train,56,14.0
TD+NOV,0,train,57,17.0
TD+NOV,0,train,58,10.0
TD+NOV,0,train,59,9.0
TD+NOV,0,train,60,13.0
TD+NOV,0,train,61,10.0
TD+NOV,0,train,62,14.0
TD+NOV,0,train,63,9.0
TD+NOV,0,train,64,10.0
TD+NOV,0,train,65,9.0
TD+NOV,0,train,66,8.0
TD+NOV,0,train,67,11.0
TD+NOV,0,train,68,12.0
TD+NOV,0,train,69,12.0
TD+NOV,0,train,70,11.0
TD+NOV,0,train,71,10.0
TD+NOV,0,train,72,12.0
TD+NOV,0,train,73,9.0
TD+NOV,0,train,74,10.0
TD+NOV,0,train,75,10.0
TD+NOV,0,train,76,11.0
TD+NOV,0,train,77,10.0
TD+NOV,0,train,78,11.0
TD+NOV,0,train,79,12.0
TD+NOV,0,train,80,9.0
TD+NOV,0,train,81,8.0
TD+NOV,0,train,82,11.0
TD+NOV,0,train,83,10.0
TD+NOV,0,train,84,9.0
TD+NOV,0,train,85,11.0
TD+NOV,0,train,86,10.0
TD+NOV,0,train,87,10.0
TD+NOV,0,train,88,9.0
TD+NOV,0,train,89,9.0
TD+NOV,0,train,90,11.0
TD+NOV,0,train,91,10.0
TD+NOV,0,train,92,11.0
TD+NOV,0,train,93,11.0
TD+NOV,0,train,94,14.0
TD+NOV,0,train,95,10.0
TD+NOV,0,train,96,10.0
TD+NOV,0,train,97,10.0
TD+NOV,0,train,98,8.0
TD+NOV,0,train,99,9.0
TD+NOV,0,train,100,12.0
TD+NOV,0,train,101,10.0
TD+NOV,0,train,102,11.0
TD+NOV,0,train,103,10.0
TD+NOV,0,train,104,11.0
TD+NOV,0,train,105,8.0
TD+NOV,0,train,106,10.0
TD+NOV,0,train,107,12.0
TD+NOV,0,train,108,8.0
TD+NOV,0,train,109,13.0
TD+NOV,0,train,110,13.0
TD+NOV,0,train,111,15.0
TD+NOV,0,train,112,10.0
TD+NOV,0,train,113,9.0
TD+NOV,0,train,114,12.0
TD+NOV,0,train,115,11.0
TD+NOV,0,train,116,13.0
TD+NOV,0,train,117,10.0
TD+NOV,0,train,118,11.0
TD+NOV,0,train,119,13.0
TD+NOV,0,train,120,12.0
TD+NOV,0,train,121,13.0
TD+NOV,0,train,122,11.0
TD+NOV,0,train,123,9.0
TD+NOV,0,train,124,12.0
TD+NOV,0,train,125,10.0
TD+NOV,0,train,126,12.0
TD+NOV,0,train,127,12.0
TD+NOV,0,train,128,9.0
TD+NOV,0,train,129,13.0
TD+NOV,0,train,130,9.0
TD+NOV,0,train,131,11.0
TD+NOV,0,train,132,10.0
TD+NOV,0,train,133,11.0
TD+NOV,0,train,134,19.0
TD+NOV,0,train,135,14.0
TD+NOV,0,train,136,10.0
TD+NOV,0,train,137,10.0
TD+NOV,0,train,138,17.0
TD+NOV,0,train,139,9.0
TD+NOV,0,train,140,15.0
TD+NOV,0,train,141,9.0
TD+NOV,0,train,142,14.0
TD+NOV,0,train,143,11.0
TD+NOV,0,train,144,10.0
TD+NOV,0,train,145,15.0
TD+NOV,0,train,146,11.0
TD+NOV,0,train,147,13.0
TD+NOV,0,train,148,13.0
TD+NOV,0,train,149,12.0
TD+NOV,0,train,150,14.0
TD+NOV,0,train,151,16.0
TD+NOV,0,train,152,12.0
TD+NOV,0,train,153,11.0
TD+NOV,0,train,154,13.0
TD+NOV,0,train,155,13.0
TD+NOV,0,train,156,10.0
TD+NOV,0,train,157,11.0
TD+NOV,0,train,158,14.0
TD+NOV,0,train,159,11.0
TD+NOV,0,train,160,11.0
TD+NOV,0,train,161,11.0
TD+NOV,0,train,162,12.0
TD+NOV,0,train,163,13.0
TD+NOV,0,train,164,12.0
TD+NOV,0,train,165,16.0
TD+NOV,0,train,166,12.0
TD+NOV,0,train,167,12.0
TD+NOV,0,train,168,13.0
TD+NOV,0,train,169,11.0
TD+NOV,0,train,170,12.0
TD+NOV,0,train,171,13.0
TD+NOV,0,train,172,13.0
TD+NOV,0,train,173,12.0
TD+NOV,0,train,174,15.0
TD+NOV,0,train,175,10.0
TD+NOV,0,train,176,23.0
TD+NOV,0,train,177,13.0
TD+NOV,0,train,178,12.0
TD+NOV,0,train,179,17.0
TD+NOV,0,train,180,15.0
TD+NOV,0,train,181,14.0
TD+NOV,0,train,182,12.0
TD+NOV,0,train,183,14.0
TD+NOV,0,train,184,17.0
TD+NOV,0,train,185,12.0
TD+NOV,0,train,186,15.0
TD+NOV,0,train,187,26.0
TD+NOV,0,train,188,90.0
TD+NOV,0,train,189,16.0
TD+NOV,0,train,190,21.0
TD+NOV,0,train,191,20.0
TD+NOV,0,train,192,16.0
TD+NOV,0,train,193,23.0
TD+NOV,0,train,194,18.0
TD+NOV,0,train,195,22.0
TD+NOV,0,train,196,91.0
TD+NOV,0,train,197,18.0
TD+NOV,0,train,198,13.0
TD+NOV,0,train,199,15.0
TD+NOV,0,train,200,14.0
TD+NOV,0,train,201,22.0
TD+NOV,0,train,202,20.0
TD+NOV,0,train,203,17.0
TD+NOV,0,train,204,25.0
TD+NOV,0,train,205,22.0
TD+NOV,0,train,206,31.0
TD+NOV,0,train,207,19.0
TD+NOV,0,train,208,21.0
TD+NOV,0,train,209,25.0
TD+NOV,0,train,210,32.0
TD+NOV,0,train,211,30.0
TD+NOV,0,train,212,36.0
TD+NOV,0,train,213,17.0
TD+NOV,0,train,214,17.0
TD+NOV,0,train,215,30.0
TD+NOV,0,train,216,49.0
TD+NOV,0,train,217,19.0
TD+NOV,0,train,218,19.0
TD+NOV,0,train,219,34.0
TD+NOV,0,train,220,24.0
TD+NOV,0,train,221,26.0
TD+NOV,0,train,222,27.0
TD+NOV,0,train,223,25.0
TD+NOV,0,train,224,67.0
TD+NOV,0,train,225,24.0
TD+NOV,0,train,226,33.0
TD+NOV,0,train,227,39.0
TD+NOV,0,train,228,45.0
TD+NOV,0,train,229,72.0
TD+NOV,0,train,230,29.0
TD+NOV,0,train,231,27.0
TD+NOV,0,train,232,105.0
TD+NOV,0,train,233,31.0
TD+NOV,0,train,234,45.0
TD+NOV,0,train,235,22.0
TD+NOV,0,train,236,36.0
TD+NOV,0,train,237,53.0
TD+NOV,0,train,238,91.0
TD+NOV,0,train,239,26.0
TD+NOV,0,train,240,18.0
TD+NOV,0,train,241,86.0
TD+NOV,0,train,242,45.0
TD+NOV,0,train,243,83.0
TD+NOV,0,train,244,44.0
TD+NOV,0,train,245,38.0
TD+NOV,0,train,246,88.0
TD+NOV,0,train,247,50.0
TD+NOV,0,train,248,43.0
TD+NOV,0,train,249,96.0
TD+NOV,0,train,250,61.0
TD+NOV,0,train,251,73.0
TD+NOV,0,train,252,37.0
TD+NOV,0,train,253,117.0
TD+NOV,0,train,254,32.0
TD+NOV,0,train,255,32.0
TD+NOV,0,train,256,22.0
TD+NOV,0,train,257,27.0
TD+NOV,0,train,258,30.0
TD+NOV,0,train,259,44.0
TD+NOV,0,train,260,22.0
TD+NOV,0,train,261,17.0
TD+NOV,0,train,262,82.0
TD+NOV,0,train,263,33.0
TD+NOV,0,train,264,63.0
TD+NOV,0,train,265,36.0
TD+NOV,0,train,266,36.0
TD+NOV,0,train,267,41.0
TD+NOV,0,train,268,28.0
TD+NOV,0,train,269,44.0
TD+NOV,0,train,270,52.0
TD+NOV,0,train,271,40.0
TD+NOV,0,train,272,54.0
TD+NOV,0,train,273,94.0
TD+NOV,0,train,274,37.0
TD+NOV,0,train,275,63.0
TD+NOV,0,train,276,40.0
TD+NOV,0,train,277,146.0
TD+NOV,0,train,278,43.0
TD+NOV,0,train,279,74.0
TD+NOV,0,train,280,30.0
TD+NOV,0,train,281,26.0
TD+NOV,0,train,282,31.0
TD+NOV,0,train,283,64.0
TD+NOV,0,train,284,103.0
TD+NOV,0,train,285,32.0
TD+NOV,0,train,286,41.0
TD+NOV,0,train,287,39.0
TD+NOV,0,train,288,26.0
TD+NOV,0,train,289,68.0
TD+NOV,0,train,290,116.0
TD+NOV,0,train,291,52.0
TD+NOV,0,train,292,33.0
TD+NOV,0,train,293,63.0
TD+NOV,0,train,294,28.0
TD+NOV,0,train,295,32.0
TD+NOV,0,train,296,67.0
TD+NOV,0,train,297,86.0
TD+NOV,0,train,298,50.0
TD+NOV,0,train,299,56.0
TD+NOV,0,train,300,61.0
TD+NOV,0,train,301,27.0
TD+NOV,0,train,302,32.0
TD+NOV,0,train,303,35.0
TD+NOV,0,train,304,64.0
TD+NOV,0,train,305,54.0
TD+NOV,0,train,306,52.0
TD+NOV,0,train,307,29.0
TD+NOV,0,train,308,27.0
TD+NOV,0,train,309,23.0
TD+NOV,0,train,310,35.0
TD+NOV,0,train,311,30.0
TD+NOV,0,train,312,30.0
TD+NOV,0,train,313,33.0
TD+NOV,0,train,314,42.0
TD+NOV,0,train,315,47.0
TD+NOV,0,train,316,21.0
TD+NOV,0,train,317,30.0
TD+NOV,0,train,318,24.0
TD+NOV,0,train,319,37.0
TD+NOV,0,train,320,36.0
TD+NOV,0,train,321,58.0
TD+NOV,0,train,322,45.0
TD+NOV,0,train,323,30.0
TD+NOV,0,train,324,46.0
TD+NOV,0,train,325,41.0
TD+NOV,0,train,326,60.0
TD+NOV,0,train,327,52.0
TD+NOV,0,train,328,32.0
TD+NOV,0,train,329,83.0
TD+NOV,0,train,330,20.0
TD+NOV,0,train,331,64.0
TD+NOV,0,train,332,45.0
TD+NOV,0,train,333,47.0
TD+NOV,0,train,334,79.0
TD+NOV,0,train,335,63.0
TD+NOV,0,train,336,32.0
TD+NOV,0,train,337,35.0
TD+NOV,0,train,338,51.0
TD+NOV,0,train,339,39.0
TD+NOV,0,train,340,34.0
TD+NOV,0,train,341,40.0
TD+NOV,0,train,342,122.0
TD+NOV,0,train,343,78.0
TD+NOV,0,train,344,63.0
TD+NOV,0,train,345,34.0
TD+NOV,0,train,346,146.0
TD+NOV,0,train,347,43.0
TD+NOV,0,train,348,57.0
TD+NOV,0,train,349,54.0
TD+NOV,0,train,350,60.0
TD+NOV,0,train,351,139.0
TD+NOV,0,train,352,92.0
TD+NOV,0,train,353,69.0
TD+NOV,0,train,354,108.0
TD+NOV,0,train,355,90.0
TD+NOV,0,train,356,51.0
TD+NOV,0,train,357,57.0
TD+NOV,0,train,358,77.0
TD+NOV,0,train,359,65.0
TD+NOV,0,train,360,52.0
TD+NOV,0,train,361,87.0
TD+NOV,0,train,362,164.0
TD+NOV,0,train,363,68.0
TD+NOV,0,train,364,61.0
TD+NOV,0,train,365,72.0
TD+NOV,0,train,366,88.0
TD+NOV,0,train,367,81.0
TD+NOV,0,train,368,61.0
TD+NOV,0,train,369,70.0
TD+NOV,0,train,370,105.0
TD+NOV,0,train,371,112.0
TD+NOV,0,train,372,99.0
TD+NOV,0,train,373,96.0
TD+NOV,0,train,374,53.0
TD+NOV,0,train,375,60.0
TD+NOV,0,train,376,102.0
TD+NOV,0,train,377,108.0
TD+NOV,0,train,378,66.0
TD+NOV,0,train,379,120.0
TD+NOV,0,train,380,65.0
TD+NOV,0,train,381,43.0
TD+NOV,0,train,382,49.0
TD+NOV,0,train,383,47.0
TD+NOV,0,train,384,169.0
TD+NOV,0,train,385,243.0
TD+NOV,0,train,386,143.0
TD+NOV,0,train,387,94.0
TD+NOV,0,train,388,142.0
TD+NOV,0,train,389,97.0
TD+NOV,0,train,390,150.0
TD+NOV,0,train,391,129.0
TD+NOV,0,train,392,51.0
TD+NOV,0,train,393,184.0
TD+NOV,0,train,394,219.0
TD+NOV,0,train,395,130.0
TD+NOV,0,train,396,120.0
TD+NOV,0,train,397,234.0
TD+NOV,0,train,398,63.0
TD+NOV,0,train,399,143.0
TD+NOV,0,train,400,92.0
TD+NOV,0,train,401,139.0
TD+NOV,0,train,402,159.0
TD+NOV,0,train,403,98.0
TD+NOV,0,train,404,91.0
TD+NOV,0,train,405,106.0
TD+NOV,0,train,406,167.0
TD+NOV,0,train,407,153.0
TD+NOV,0,train,408,191.0
TD+NOV,0,train,409,182.0
TD+NOV,0,train,410,173.0
TD+NOV,0,train,411,165.0
TD+NOV,0,train,412,199.0
TD+NOV,0,train,413,216.0
TD+NOV,0,train,414,133.0
TD+NOV,0,train,415,216.0
TD+NOV,0,train,416,379.0
TD+NOV,0,train,417,323.0
TD+NOV,0,train,418,248.0
TD+NOV,0,train,419,190.0
TD+NOV,0,train,420,185.0
TD+NOV,0,train,421,219.0
TD+NOV,0,train,422,240.0
TD+NOV,0,train,423,206.0
TD+NOV,0,train,424,237.0
TD+NOV,0,train,425,299.0
TD+NOV,0,train,426,500.0
TD+NOV,0,train,427,246.0
TD+NOV,0,train,428,263.0
TD+NOV,0,train,429,500.0
TD+NOV,0,train,430,446.0
TD+NOV,0,train,431,470.0
TD+NOV,0,train,432,240.0
TD+NOV,0,train,433,367.0
TD+NOV,0,train,434,422.0
TD+NOV,0,train,435,256.0
TD+NOV,0,train,436,267.0
TD+NOV,0,train,437,247.0
TD+NOV,0,train,438,189.0
TD+NOV,0,train,439,172.0
TD+NOV,0,train,440,367.0
TD+NOV,0,train,441,361.0
TD+NOV,0,train,442,236.0
TD+NOV,0,train,443,197.0
TD+NOV,0,train,444,281.0
TD+NOV,0,train,445,301.0
TD+NOV,0,train,446,277.0
TD+NOV,0,train,447,179.0
TD+NOV,0,train,448,314.0
TD+NOV,0,train,449,212.0
TD+NOV,0,train,450,235.0
TD+NOV,0,train,451,288.0
TD+NOV,0,train,452,253.0
TD+NOV,0,train,453,336.0
TD+NOV,0,train,454,362.0
TD+NOV,0,train,455,235.0
TD+NOV,0,train,456,313.0
TD+NOV,0,train,457,224.0
TD+NOV,0,train,458,209.0
TD+NOV,0,train,459,200.0
TD+NOV,0,train,460,278.0
TD+NOV,0,train,461,290.0
TD+NOV,0,train,462,149.0
TD+NOV,0,train,463,175.0
TD+NOV,0,train,464,161.0
TD+NOV,0,train,465,146.0
TD+NOV,0,train,466,247.0
TD+NOV,0,train,467,189.0
TD+NOV,0,train,468,223.0
TD+NOV,0,train,469,220.0
TD+NOV,0,train,470,171.0
TD+NOV,0,train,471,253.0
TD+NOV,0,train,472,199.0
TD+NOV,0,train,473,219.0
TD+NOV,0,train,474,144.0
TD+NOV,0,train,475,342.0
TD+NOV,0,train,476,188.0
TD+NOV,0,train,477,197.0
TD+NOV,0,train,478,237.0
TD+NOV,0,train,479,220.0
TD+NOV,0,train,480,201.0
TD+NOV,0,train,481,200.0
TD+NOV,0,train,482,159.0
TD+NOV,0,train,483,221.0
TD+NOV,0,train,484,269.0
TD+NOV,0,train,485,173.0
TD+NOV,0,train,486,216.0
TD+NOV,0,train,487,209.0
TD+NOV,0,train,488,211.0
TD+NOV,0,train,489,208.0
TD+NOV,0,train,490,244.0
TD+NOV,0,train,491,250.0
TD+NOV,0,train,492,243.0
TD+NOV,0,train,493,183.0
TD+NOV,0,train,494,191.0
TD+NOV,0,train,495,254.0
TD+NOV,0,train,496,190.0
TD+NOV,0,train,497,196.0
TD+NOV,0,train,498,220.0
TD+NOV,0,train,499,210.0
TD+NOV,0,train,500,197.0
TD+NOV,1,train,1,19.0
TD+NOV,1,train,2,22.0
TD+NOV,1,train,3,11.0
TD+NOV,1,train,4,17.0
TD+NOV,1,train,5,58.0
TD+NOV,1,train,6,28.0
TD+NOV,1,train,7,19.0
TD+NOV,1,train,8,15.0
TD+NOV,1,train,9,26.0
TD+NOV,1,train,10,9.0
TD+NOV,1,train,11,18.0
TD+NOV,1,train,12,19.0
TD+NOV,1,train,13,13.0
TD+NOV,1,train,14,11.0
TD+NOV,1,train,15,21.0
TD+NOV,1,train,16,39.0
TD+NOV,1,train,17,32.0
TD+NOV,1,train,18,13.0
TD+NOV,1,train,19,17.0
TD+NOV,1,train,20,9.0
TD+NOV,1,train,21,12.0
TD+NOV,1,train,22,16.0
TD+NOV,1,train,23,11.0
TD+NOV,1,train,24,19.0
TD+NOV,1,train,25,13.0
TD+NOV,1,train,26,12.0
TD+NOV,1,train,27,9.0
TD+NOV,1,train,28,10.0
TD+NOV,1,train,29,27.0
TD+NOV,1,train,30,16.0
TD+NOV,1,train,31,14.0
TD+NOV,1,train,32,9.0
TD+NOV,1,train,33,10.0
TD+NOV,1,train,34,10.0
TD+NOV,1,train,35,8.0
TD+NOV,1,train,36,12.0
TD+NOV,1,train,37,14.0
TD+NOV,1,train,38,10.0
TD+NOV,1,train,39,17.0
TD+NOV,1,train,40,14.0
TD+NOV,1,train,41,10.0
TD+NOV,1,train,42,14.0
TD+NOV,1,train,43,10.0
TD+NOV,1,train,44,9.0
TD+NOV,1,train,45,12.0
TD+NOV,1,train,46,10.0
TD+NOV,1,train,47,11.0
TD+NOV,1,train,48,19.0
TD+NOV,1,train,49,9.0
TD+NOV,1,train,50,10.0
TD+NOV,1,train,51,11.0
TD+NOV,1,train,52,10.0
TD+NOV,1,train,53,14.0
TD+NOV,1,train,54,12.0
TD+NOV,1,train,55,8.0
TD+NOV,1,train,56,9.0
TD+NOV,1,train,57,11.0
TD+NOV,1,train,58,20.0
TD+NOV,1,train,59,10.0
TD+NOV,1,train,60,10.0
TD+NOV,1,train,61,15.0
TD+NOV,1,train,62,10.0
TD+NOV,1,train,63,10.0
TD+NOV,1,train,64,10.0
TD+NOV,1,train,65,12.0
TD+NOV,1,train,66,14.0
TD+NOV,1,train,67,9.0
TD+NOV,1,train,68,8.0
TD+NOV,1,train,69,10.0
TD+NOV,1,train,70,9.0
TD+NOV,1,train,71,11.0
TD+NOV,1,train,72,14.0
TD+NOV,1,train,73,9.0
TD+NOV,1,train,74,10.0
TD+NOV,1,train,75,9.0
TD+NOV,1,train,76,15.0
TD+NOV,1,train,77,9.0
TD+NOV,1,train,78,9.0
TD+NOV,1,train,79,12.0
TD+NOV,1,train,80,8.0
TD+NOV,1,train,81,16.0
TD+NOV,1,train,82,11.0
TD+NOV,1,train,83,11.0
TD+NOV,1,train,84,9.0
TD+NOV,1,train,85,10.0
TD+NOV,1,train,86,13.0
TD+NOV,1,train,87,9.0
TD+NOV,1,train,88,10.0
TD+NOV,1,train,89,12.0
TD+NOV,1,train,90,9.0
TD+NOV,1,train,91,10.0
TD+NOV,1,train,92,11.0
TD+NOV,1,train,93,9.0
TD+NOV,1,train,94,11.0
TD+NOV,1,train,95,12.0
TD+NOV,1,train,96,9.0
TD+NOV,1,train,97,14.0
TD+NOV,1,train,98,9.0
TD+NOV,1,train,99,14.0
TD+NOV,1,train,100,11.0
TD+NOV,1,train,101,9.0
TD+NOV,1,train,102,11.0
TD+NOV,1,train,103,11.0
TD+NOV,1,train,104,11.0
TD+NOV,1,train,105,10.0
TD+NOV,1,train,106,11.0
TD+NOV,1,train,107,12.0
TD+NOV,1,train,108,10.0
TD+NOV,1,train,109,10.0
TD+NOV,1,train,110,11.0
TD+NOV,1,train,111,10.0
TD+NOV,1,train,112,14.0
TD+NOV,1,train,113,10.0
TD+NOV,1,train,114,9.0
TD+NOV,1,train,115,10.0
TD+NOV,1,train,116,10.0
TD+NOV,1,train,117,10.0
TD+NOV,1,train,118,10.0
TD+NOV,1,train,119,11.0
TD+NOV,1,train,120,9.0
TD+NOV,1,train,121,10.0
TD+NOV,1,train,122,17.0
TD+NOV,1,train,123,9.0
TD+NOV,1,train,124,12.0
TD+NOV,1,train,125,11.0
TD+NOV,1,train,126,14.0
TD+NOV,1,train,127,12.0
TD+NOV,1,train,128,11.0
TD+NOV,1,train,129,17.0
TD+NOV,1,train,130,13.0
TD+NOV,1,train,131,11.0
TD+NOV,1,train,132,11.0
TD+NOV,1,train,133,10.0
TD+NOV,1,train,134,11.0
TD+NOV,1,train,135,16.0
TD+NOV,1,train,136,17.0
TD+NOV,1,train,137,10.0
TD+NOV,1,train,138,13.0
TD+NOV,1,train,139,11.0
TD+NOV,1,train,140,14.0
TD+NOV,1,train,141,13.0
TD+NOV,1,train,142,10.0
TD+NOV,1,train,143,14.0
TD+NOV,1,train,144,11.0
TD+NOV,1,train,145,31.0
TD+NOV,1,train,146,11.0
TD+NOV,1,train,147,10.0
TD+NOV,1,train,148,36.0
TD+NOV,1,train,149,11.0
TD+NOV,1,train,150,11.0
TD+NOV,1,train,151,17.0
TD+NOV,1,train,152,9.0
TD+NOV,1,train,153,9.0
TD+NOV,1,train,154,10.0
TD+NOV,1,train,155,14.0
TD+NOV,1,train,156,20.0
TD+NOV,1,train,157,10.0
TD+NOV,1,train,158,13.0
TD+NOV,1,train,159,9.0
TD+NOV,1,train,160,9.0
TD+NOV,1,train,161,18.0
TD+NOV,1,train,162,12.0
TD+NOV,1,train,163,9.0
TD+NOV,1,train,164,14.0
TD+NOV,1,train,165,10.0
TD+NOV,1,train,166,9.0
TD+NOV,1,train,167,10.0
TD+NOV,1,train,168,14.0
TD+NOV,1,train,169,17.0
TD+NOV,1,train,170,11.0
TD+NOV,1,train,171,15.0
TD+NOV,1,train,172,9.0
TD+NOV,1,train,173,10.0
TD+NOV,1,train,174,10.0
TD+NOV,1,train,175,11.0
TD+NOV,1,train,176,10.0
TD+NOV,1,train,177,10.0
TD+NOV,1,train,178,13.0
TD+NOV,1,train,179,9.0
TD+NOV,1,train,180,9.0
TD+NOV,1,train,181,15.0
TD+NOV,1,train,182,16.0
TD+NOV,1,train,183,12.0
TD+NOV,1,train,184,22.0
TD+NOV,1,train,185,10.0
TD+NOV,1,train,186,23.0
TD+NOV,1,train,187,11.0
TD+NOV,1,train,188,19.0
TD+NOV,1,train,189,11.0
TD+NOV,1,train,190,9.0
TD+NOV,1,train,191,24.0
TD+NOV,1,train,192,10.0
TD+NOV,1,train,193,17.0
TD+NOV,1,train,194,10.0
TD+NOV,1,train,195,18.0
TD+NOV,1,train,196,17.0
TD+NOV,1,train,197,20.0
TD+NOV,1,train,198,33.0
TD+NOV,1,train,199,8.0
TD+NOV,1,train,200,10.0
TD+NOV,1,train,201,10.0
TD+NOV,1,train,202,24.0
TD+NOV,1,train,203,21.0
TD+NOV,1,train,204,26.0
TD+NOV,1,train,205,12.0
TD+NOV,1,train,206,32.0
TD+NOV,1,train,207,14.0
TD+NOV,1,train,208,13.0
TD+NOV,1,train,209,11.0
TD+NOV,1,train,210,12.0
TD+NOV,1,train,211,12.0
TD+NOV,1,train,212,12.0
TD+NOV,1,train,213,10.0
TD+NOV,1,train,214,18.0
TD+NOV,1,train,215,13.0
TD+NOV,1,train,216,11.0
TD+NOV,1,train,217,16.0
TD+NOV,1,train,218,19.0
TD+NOV,1,train,219,12.0
TD+NOV,1,train,220,10.0
TD+NOV,1,train,221,11.0
TD+NOV,1,train,222,14.0
TD+NOV,1,train,223,10.0
TD+NOV,1,train,224,20.0
TD+NOV,1,train,225,17.0
TD+NOV,1,train,226,13.0
TD+NOV,1,train,227,10.0
TD+NOV,1,train,228,8.0
TD+NOV,1,train,229,13.0
TD+NOV,1,train,230,10.0
TD+NOV,1,train,231,10.0
TD+NOV,1,train,232,9.0
TD+NOV,1,train,233,16.0
TD+NOV,1,train,234,29.0
TD+NOV,1,train,235,15.0
TD+NOV,1,train,236,14.0
TD+NOV,1,train,237,15.0
TD+NOV,1,train,238,29.0
TD+NOV,1,train,239,13.0
TD+NOV,1,train,240,17.0
TD+NOV,1,train,241,15.0
TD+NOV,1,train,242,14.0
TD+NOV,1,train,243,11.0
TD+NOV,1,train,244,12.0
TD+NOV,1,train,245,12.0
TD+NOV,1,train,246,12.0
TD+NOV,1,train,247,11.0
TD+NOV,1,train,248,12.0
TD+NOV,1,train,249,12.0
TD+NOV,1,train,250,11.0
TD+NOV,1,train,251,12.0
TD+NOV,1,train,252,13.0
TD+NOV,1,train,253,19.0
TD+NOV,1,train,254,15.0
TD+NOV,1,train,255,24.0
TD+NOV,1,train,256,10.0
TD+NOV,1,train,257,10.0
TD+NOV,1,train,258,18.0
TD+NOV,1,train,259,13.0
TD+NOV,1,train,260,14.0
TD+NOV,1,train,261,12.0
TD+NOV,1,train,262,11.0
TD+NOV,1,train,263,11.0
TD+NOV,1,train,264,21.0
TD+NOV,1,train,265,77.0
TD+NOV,1,train,266,94.0
TD+NOV,1,train,267,40.0
TD+NOV,1,train,268,47.0
TD+NOV,1,train,269,106.0
TD+NOV,1,train,270,51.0
TD+NOV,1,train,271,57.0
TD+NOV,1,train,272,27.0
TD+NOV,1,train,273,26.0
TD+NOV,1,train,274,38.0
TD+NOV,1,train,275,54.0
TD+NOV,1,train,276,30.0
TD+NOV,1,train,277,34.0
TD+NOV,1,train,278,62.0
TD+NOV,1,train,279,35.0
TD+NOV,1,train,280,94.0
TD+NOV,1,train,281,68.0
TD+NOV,1,train,282,37.0
TD+NOV,1,train,283,29.0
TD+NOV,1,train,284,36.0
TD+NOV,1,train,285,78.0
TD+NOV,1,train,286,24.0
TD+NOV,1,train,287,37.0
TD+NOV,1,train,288,31.0
TD+NOV,1,train,289,64.0
TD+NOV,1,train,290,53.0
TD+NOV,1,train,291,62.0
TD+NOV,1,train,292,75.0
TD+NOV,1,train,293,41.0
TD+NOV,1,train,294,37.0
TD+NOV,1,train,295,44.0
TD+NOV,1,train,296,39.0
TD+NOV,1,train,297,62.0
TD+NOV,1,train,298,114.0
TD+NOV,1,train,299,37.0
TD+NOV,1,train,300,60.0
TD+NOV,1,train,301,68.0
TD+NOV,1,train,302,81.0
TD+NOV,1,train,303,58.0
TD+NOV,1,train,304,61.0
TD+NOV,1,train,305,53.0
TD+NOV,1,train,306,109.0
TD+NOV,1,train,307,212.0
TD+NOV,1,train,308,43.0
TD+NOV,1,train,309,87.0
TD+NOV,1,train,310,75.0
TD+NOV,1,train,311,40.0
TD+NOV,1,train,312,49.0
TD+NOV,1,train,313,109.0
TD+NOV,1,train,314,57.0
TD+NOV,1,train,315,91.0
TD+NOV,1,train,316,32.0
TD+NOV,1,train,317,55.0
TD+NOV,1,train,318,49.0
TD+NOV,1,train,319,60.0
TD+NOV,1,train,320,58.0
TD+NOV,1,train,321,62.0
TD+NOV,1,train,322,46.0
TD+NOV,1,train,323,59.0
TD+NOV,1,train,324,88.0
TD+NOV,1,train,325,39.0
TD+NOV,1,train,326,41.0
TD+NOV,1,train,327,52.0
TD+NOV,1,train,328,29.0
TD+NOV,1,train,329,133.0
TD+NOV,1,train,330,52.0
TD+NOV,1,train,331,147.0
TD+NOV,1,train,332,62.0
TD+NOV,1,train,333,79.0
TD+NOV,1,train,334,108.0
TD+NOV,1,train,335,59.0
TD+NOV,1,train,336,53.0
TD+NOV,1,train,337,21.0
TD+NOV,1,train,338,73.0
TD+NOV,1,train,339,58.0
TD+NOV,1,train,340,29.0
TD+NOV,1,train,341,26.0
TD+NOV,1,train,342,35.0
TD+NOV,1,train,343,83.0
TD+NOV,1,train,344,168.0
TD+NOV,1,train,345,75.0
TD+NOV,1,train,346,130.0
TD+NOV,1,train,347,80.0
TD+NOV,1,train,348,84.0
TD+NOV,1,train,349,121.0
TD+NOV,1,train,350,49.0
TD+NOV,1,train,351,139.0
TD+NOV,1,train,352,57.0
TD+NOV,1,train,353,29.0
TD+NOV,1,train,354,104.0
TD+NOV,1,train,355,60.0
TD+NOV,1,train,356,67.0
TD+NOV,1,train,357,83.0
TD+NOV,1,train,358,173.0
TD+NOV,1,train,359,119.0
TD+NOV,1,train,360,93.0
TD+NOV,1,train,361,40.0
TD+NOV,1,train,362,121.0
TD+NOV,1,train,363,50.0
TD+NOV,1,train,364,131.0
TD+NOV,1,train,365,90.0
TD+NOV,1,train,366,183.0
TD+NOV,1,train,367,70.0
TD+NOV,1,train,368,58.0
TD+NOV,1,train,369,59.0
TD+NOV,1,train,370,84.0
TD+NOV,1,train,371,98.0
TD+NOV,1,train,372,102.0
TD+NOV,1,train,373,45.0
TD+NOV,1,train,374,107.0
TD+NOV,1,train,375,62.0
TD+NOV,1,train,376,37.0
TD+NOV,1,train,377,76.0
TD+NOV,1,train,378,52.0
TD+NOV,1,train,379,72.0
TD+NOV,1,train,380,57.0
TD+NOV,1,train,381,75.0
TD+NOV,1,train,382,79.0
TD+NOV,1,train,383,93.0
TD+NOV,1,train,384,36.0
TD+NOV,1,train,385,109.0
TD+NOV,1,train,386,61.0
TD+NOV,1,train,387,71.0
TD+NOV,1,train,388,51.0
TD+NOV,1,train,389,90.0
TD+NOV,1,train,390,225.0
TD+NOV,1,train,391,125.0
TD+NOV,1,train,392,136.0
TD+NOV,1,train,393,239.0
TD+NOV,1,train,394,204.0
TD+NOV,1,train,395,403.0
TD+NOV,1,train,396,70.0
TD+NOV,1,train,397,160.0
TD+NOV,1,train,398,94.0
TD+NOV,1,train,399,171.0
TD+NOV,1,train,400,98.0
TD+NOV,1,train,401,73.0
TD+NOV,1,train,402,124.0
TD+NOV,1,train,403,86.0
TD+NOV,1,train,404,105.0
TD+NOV,1,train,405,143.0
TD+NOV,1,train,406,98.0
TD+NOV,1,train,407,82.0
TD+NOV,1,train,408,54.0
TD+NOV,1,train,409,86.0
TD+NOV,1,train,410,130.0
TD+NOV,1,train,411,108.0
TD+NOV,1,train,412,105.0
TD+NOV,1,train,413,111.0
TD+NOV,1,train,414,145.0
TD+NOV,1,train,415,77.0
TD+NOV,1,train,416,76.0
TD+NOV,1,train,417,257.0
TD+NOV,1,train,418,89.0
TD+NOV,1,train,419,60.0
TD+NOV,1,train,420,112.0
TD+NOV,1,train,421,114.0
TD+NOV,1,train,422,159.0
TD+NOV,1,train,423,113.0
TD+NOV,1,train,424,63.0
TD+NOV,1,train,425,135.0
TD+NOV,1,train,426,140.0
TD+NOV,1,train,427,118.0
TD+NOV,1,train,428,143.0
TD+NOV,1,train,429,230.0
TD+NOV,1,train,430,156.0
TD+NOV,1,train,431,157.0
TD+NOV,1,train,432,378.0
TD+NOV,1,train,433,323.0
TD+NOV,1,train,434,175.0
TD+NOV,1,train,435,168.0
TD+NOV,1,train,436,160.0
TD+NOV,1,train,437,291.0
TD+NOV,1,train,438,346.0
TD+NOV,1,train,439,120.0
TD+NOV,1,train,440,224.0
TD+NOV,1,train,441,167.0
TD+NOV,1,train,442,201.0
TD+NOV,1,train,443,389.0
TD+NOV,1,train,444,163.0
TD+NOV,1,train,445,500.0
TD+NOV,1,train,446,217.0
TD+NOV,1,train,447,266.0
TD+NOV,1,train,448,298.0
TD+NOV,1,train,449,318.0
TD+NOV,1,train,450,273.0
TD+NOV,1,train,451,268.0
TD+NOV,1,train,452,310.0
TD+NOV,1,train,453,301.0
TD+NOV,1,train,454,211.0
TD+NOV,1,train,455,500.0
TD+NOV,1,train,456,500.0
TD+NOV,1,train,457,494.0
TD+NOV,1,train,458,291.0
TD+NOV,1,train,459,371.0
TD+NOV,1,train,460,317.0
TD+NOV,1,train,461,500.0
TD+NOV,1,train,462,289.0
TD+NOV,1,train,463,277.0
TD+NOV,1,train,464,233.0
TD+NOV,1,train,465,257.0
TD+NOV,1,train,466,278.0
TD+NOV,1,train,467,283.0
TD+NOV,1,train,468,231.0
TD+NOV,1,train,469,433.0
TD+NOV,1,train,470,279.0
TD+NOV,1,train,471,245.0
TD+NOV,1,train,472,228.0
TD+NOV,1,train,473,200.0
TD+NOV,1,train,474,238.0
TD+NOV,1,train,475,221.0
TD+NOV,1,train,476,477.0
TD+NOV,1,train,477,217.0
TD+NOV,1,train,478,217.0
TD+NOV,1,train,479,314.0
TD+NOV,1,train,480,217.0
TD+NOV,1,train,481,214.0
TD+NOV,1,train,482,233.0
TD+NOV,1,train,483,242.0
TD+NOV,1,train,484,257.0
TD+NOV,1,train,485,262.0
TD+NOV,1,train,486,247.0
TD+NOV,1,train,487,292.0
TD+NOV,1,train,488,279.0
TD+NOV,1,train,489,321.0
TD+NOV,1,train,490,473.0
TD+NOV,1,train,491,354.0
TD+NOV,1,train,492,500.0
TD+NOV,1,train,493,319.0
TD+NOV,1,train,494,332.0
TD+NOV,1,train,495,157.0
TD+NOV,1,train,496,157.0
TD+NOV,1,train,497,277.0
TD+NOV,1,train,498,349.0
TD+NOV,1,train,499,332.0
TD+NOV,1,train,500,278.0
TD+NOV,2,train,1,19.0
TD+NOV,2,train,2,12.0
TD+NOV,2,train,3,16.0
TD+NOV,2,train,4,10.0
TD+NOV,2,train,5,23.0
TD+NOV,2,train,6,69.0
TD+NOV,2,train,7,16.0
TD+NOV,2,train,8,21.0
TD+NOV,2,train,9,20.0
TD+NOV,2,train,10,37.0
TD+NOV,2,train,11,12.0
TD+NOV,2,train,12,14.0
TD+NOV,2,train,13,13.0
TD+NOV,2,train,14,22.0
TD+NOV,2,train,15,38.0
TD+NOV,2,train,16,17.0
TD+NOV,2,train,17,16.0
TD+NOV,2,train,18,17.0
TD+NOV,2,train,19,9.0
TD+NOV,2,train,20,17.0
TD+NOV,2,train,21,10.0
TD+NOV,2,train,22,9.0
TD+NOV,2,train,23,11.0
TD+NOV,2,train,24,13.0
TD+NOV,2,train,25,13.0
TD+NOV,2,train,26,14.0
TD+NOV,2,train,27,12.0
TD+NOV,2,train,28,20.0
TD+NOV,2,train,29,9.0
TD+NOV,2,train,30,18.0
TD+NOV,2,train,31,15.0
TD+NOV,2,train,32,13.0
TD+NOV,2,train,33,9.0
TD+NOV,2,train,34,12.0
TD+NOV,2,train,35,13.0
TD+NOV,2,train,36,9.0
TD+NOV,2,train,37,12.0
TD+NOV,2,train,38,14.0
TD+NOV,2,train,39,14.0
TD+NOV,2,train,40,11.0
TD+NOV,2,train,41,16.0
TD+NOV,2,train,42,9.0
TD+NOV,2,train,43,9.0
TD+NOV,2,train,44,11.0
TD+NOV,2,train,45,10.0
TD+NOV,2,train,46,11.0
TD+NOV,2,train,47,10.0
TD+NOV,2,train,48,10.0
TD+NOV,2,train,49,13.0
TD+NOV,2,train,50,10.0
TD+NOV,2,train,51,10.0
TD+NOV,2,train,52,15.0
TD+NOV,2,train,53,13.0
TD+NOV,2,train,54,9.0
TD+NOV,2,train,55,11.0
TD+NOV,2,train,56,15.0
TD+NOV,2,train,57,11.0
TD+NOV,2,train,58,10.0
TD+NOV,2,train,59,10.0
TD+NOV,2,train,60,9.0
TD+NOV,2,train,61,10.0
TD+NOV,2,train,62,11.0
TD+NOV,2,train,63,14.0
TD+NOV,2,train,64,11.0
TD+NOV,2,train,65,10.0
TD+NOV,2,train,66,10.0
TD+NOV,2,train,67,12.0
TD+NOV,2,train,68,10.0
TD+NOV,2,train,69,11.0
TD+NOV,2,train,70,12.0
TD+NOV,2,train,71,12.0
TD+NOV,2,train,72,20.0
TD+NOV,2,train,73,9.0
TD+NOV,2,train,74,10.0
TD+NOV,2,train,75,10.0
TD+NOV,2,train,76,11.0
TD+NOV,2,train,77,9.0
TD+NOV,2,train,78,18.0
TD+NOV,2,train,79,8.0
TD+NOV,2,train,80,10.0
TD+NOV,2,train,81,9.0
TD+NOV,2,train,82,12.0
TD+NOV,2,train,83,10.0
TD+NOV,2,train,84,9.0
TD+NOV,2,train,85,13.0
TD+NOV,2,train,86,13.0
TD+NOV,2,train,87,11.0
TD+NOV,2,train,88,9.0
TD+NOV,2,train,89,9.0
TD+NOV,2,train,90,10.0
TD+NOV,2,train,91,17.0
TD+NOV,2,train,92,9.0
TD+NOV,2,train,93,12.0
TD+NOV,2,train,94,9.0
TD+NOV,2,train,95,11.0
TD+NOV,2,train,96,13.0
TD+NOV,2,train,97,11.0
TD+NOV,2,train,98,11.0
TD+NOV,2,train,99,12.0
TD+NOV,2,train,100,10.0
TD+NOV,2,train,101,11.0
TD+NOV,2,train,102,11.0
TD+NOV,2,train,103,13.0
TD+NOV,2,train,104,14.0
TD+NOV,2,train,105,11.0
TD+NOV,2,train,106,13.0
TD+NOV,2,train,107,10.0
TD+NOV,2,train,108,12.0
TD+NOV,2,train,109,13.0
TD+NOV,2,train,110,11.0
TD+NOV,2,train,111,12.0
TD+NOV,2,train,112,11.0
TD+NOV,2,train,113,13.0
TD+NOV,2,train,114,8.0
TD+NOV,2,train,115,14.0
TD+NOV,2,train,116,12.0
TD+NOV,2,train,117,10.0
TD+NOV,2,train,118,13.0
TD+NOV,2,train,119,12.0
TD+NOV,2,train,120,12.0
TD+NOV,2,train,121,12.0
TD+NOV,2,train,122,10.0
TD+NOV,2,train,123,12.0
TD+NOV,2,train,124,17.0
TD+NOV,2,train,125,19.0
TD+NOV,2,train,126,15.0
TD+NOV,2,train,127,9.0
TD+NOV,2,train,128,13.0
TD+NOV,2,train,129,11.0
TD+NOV,2,train,130,12.0
TD+NOV,2,train,131,11.0
TD+NOV,2,train,132,12.0
TD+NOV,2,train,133,10.0
TD+NOV,2,train,134,18.0
TD+NOV,2,train,135,16.0
TD+NOV,2,train,136,13.0
TD+NOV,2,train,137,13.0
TD+NOV,2,train,138,11.0
TD+NOV,2,train,139,14.0
TD+NOV,2,train,140,12.0
TD+NOV,2,train,141,12.0
TD+NOV,2,train,142,13.0
TD+NOV,2,train,143,11.0
TD+NOV,2,train,144,12.0
TD+NOV,2,train,145,15.0
TD+NOV,2,train,146,16.0
TD+NOV,2,train,147,12.0
TD+NOV,2,train,148,11.0
TD+NOV,2,train,149,11.0
TD+NOV,2,train,150,13.0
TD+NOV,2,train,151,19.0
TD+NOV,2,train,152,9.0
TD+NOV,2,train,153,17.0
TD+NOV,2,train,154,14.0
TD+NOV,2,train,155,12.0
TD+NOV,2,train,156,13.0
TD+NOV,2,train,157,15.0
TD+NOV,2,train,158,14.0
TD+NOV,2,train,159,14.0
TD+NOV,2,train,160,13.0
TD+NOV,2,train,161,13.0
TD+NOV,2,train,162,16.0
TD+NOV,2,train,163,14.0
TD+NOV,2,train,164,14.0
TD+NOV,2,train,165,16.0
TD+NOV,2,train,166,16.0
TD+NOV,2,train,167,18.0
TD+NOV,2,train,168,11.0
TD+NOV,2,train,169,22.0
TD+NOV,2,train,170,12.0
TD+NOV,2,train,171,21.0
TD+NOV,2,train,172,14.0
TD+NOV,2,train,173,74.0
TD+NOV,2,train,174,15.0
TD+NOV,2,train,175,18.0
TD+NOV,2,train,176,59.0
TD+NOV,2,train,177,13.0
TD+NOV,2,train,178,9.0
TD+NOV,2,train,179,24.0
TD+NOV,2,train,180,28.0
TD+NOV,2,train,181,11.0
TD+NOV,2,train,182,14.0
TD+NOV,2,train,183,23.0
TD+NOV,2,train,184,10.0
TD+NOV,2,train,185,9.0
TD+NOV,2,train,186,12.0
TD+NOV,2,train,187,9.0
TD+NOV,2,train,188,12.0
TD+NOV,2,train,189,8.0
TD+NOV,2,train,190,10.0
TD+NOV,2,train,191,10.0
TD+NOV,2,train,192,11.0
TD+NOV,2,train,193,12.0
TD+NOV,2,train,194,15.0
TD+NOV,2,train,195,12.0
TD+NOV,2,train,196,10.0
TD+NOV,2,train,197,8.0
TD+NOV,2,train,198,8.0
TD+NOV,2,train,199,11.0
TD+NOV,2,train,200,10.0
TD+NOV,2,train,201,33.0
TD+NOV,2,train,202,12.0
TD+NOV,2,train,203,11.0
TD+NOV,2,train,204,10.0
TD+NOV,2,train,205,15.0
TD+NOV,2,train,206,9.0
TD+NOV,2,train,207,10.0
TD+NOV,2,train,208,9.0
TD+NOV,2,train,209,12.0
TD+NOV,2,train,210,12.0
TD+NOV,2,train,211,9.0
TD+NOV,2,train,212,8.0
TD+NOV,2,train,213,11.0
TD+NOV,2,train,214,11.0
TD+NOV,2,train,215,13.0
TD+NOV,2,train,216,15.0
TD+NOV,2,train,217,12.0
TD+NOV,2,train,218,10.0
TD+NOV,2,train,219,12.0
TD+NOV,2,train,220,11.0
TD+NOV,2,train,221,12.0
TD+NOV,2,train,222,10.0
TD+NOV,2,train,223,10.0
TD+NOV,2,train,224,12.0
TD+NOV,2,train,225,9.0
TD+NOV,2,train,226,9.0
TD+NOV,2,train,227,8.0
TD+NOV,2,train,228,14.0
TD+NOV,2,train,229,9.0
TD+NOV,2,train,230,10.0
TD+NOV,2,train,231,10.0
TD+NOV,2,train,232,9.0
TD+NOV,2,train,233,10.0
TD+NOV,2,train,234,10.0
TD+NOV,2,train,235,11.0
TD+NOV,2,train,236,12.0
TD+NOV,2,train,237,10.0
TD+NOV,2,train,238,9.0
TD+NOV,2,train,239,10.0
TD+NOV,2,train,240,9.0
TD+NOV,2,train,241,69.0
TD+NOV,2,train,242,70.0
TD+NOV,2,train,243,9.0
TD+NOV,2,train,244,23.0
TD+NOV,2,train,245,29.0
TD+NOV,2,train,246,15.0
TD+NOV,2,train,247,69.0
TD+NOV,2,train,248,22.0
TD+NOV,2,train,249,22.0
TD+NOV,2,train,250,73.0
TD+NOV,2,train,251,84.0
TD+NOV,2,train,252,26.0
TD+NOV,2,train,253,27.0
TD+NOV,2,train,254,40.0
TD+NOV,2,train,255,45.0
TD+NOV,2,train,256,59.0
TD+NOV,2,train,257,95.0
TD+NOV,2,train,258,51.0
TD+NOV,2,train,259,41.0
TD+NOV,2,train,260,47.0
TD+NOV,2,train,261,28.0
TD+NOV,2,train,262,32.0
TD+NOV,2,train,263,100.0
TD+NOV,2,train,264,37.0
TD+NOV,2,train,265,92.0
TD+NOV,2,train,266,47.0
TD+NOV,2,train,267,137.0
TD+NOV,2,train,268,32.0
TD+NOV,2,train,269,37.0
TD+NOV,2,train,270,62.0
TD+NOV,2,train,271,54.0
TD+NOV,2,train,272,40.0
TD+NOV,2,train,273,26.0
TD+NOV,2,train,274,25.0
TD+NOV,2,train,275,35.0
TD+NOV,2,train,276,29.0
TD+NOV,2,train,277,24.0
TD+NOV,2,train,278,53.0
TD+NOV,2,train,279,28.0
TD+NOV,2,train,280,35.0
TD+NOV,2,train,281,30.0
TD+NOV,2,train,282,50.0
TD+NOV,2,train,283,66.0
TD+NOV,2,train,284,44.0
TD+NOV,2,train,285,22.0
TD+NOV,2,train,286,46.0
TD+NOV,2,train,287,36.0
TD+NOV,2,train,288,26.0
TD+NOV,2,train,289,44.0
TD+NOV,2,train,290,29.0
TD+NOV,2,train,291,28.0
TD+NOV,2,train,292,33.0
TD+NOV,2,train,293,40.0
TD+NOV,2,train,294,31.0
TD+NOV,2,train,295,33.0
TD+NOV,2,train,296,57.0
TD+NOV,2,train,297,23.0
TD+NOV,2,train,298,36.0
TD+NOV,2,train,299,33.0
TD+NOV,2,train,300,71.0
TD+NOV,2,train,301,59.0
TD+NOV,2,train,302,49.0
TD+NOV,2,train,303,47.0
TD+NOV,2,train,304,18.0
TD+NOV,2,train,305,56.0
TD+NOV,2,train,306,59.0
TD+NOV,2,train,307,39.0
TD+NOV,2,train,308,25.0
TD+NOV,2,train,309,25.0
TD+NOV,2,train,310,33.0
TD+NOV,2,train,311,29.0
TD+NOV,2,train,312,95.0
TD+NOV,2,train,313,25.0
TD+NOV,2,train,314,33.0
TD+NOV,2,train,315,42.0
TD+NOV,2,train,316,46.0
TD+NOV,2,train,317,30.0
TD+NOV,2,train,318,29.0
TD+NOV,2,train,319,50.0
TD+NOV,2,train,320,30.0
TD+NOV,2,train,321,101.0
TD+NOV,2,train,322,46.0
TD+NOV,2,train,323,62.0
TD+NOV,2,train,324,72.0
TD+NOV,2,train,325,64.0
TD+NOV,2,train,326,48.0
TD+NOV,2,train,327,32.0
TD+NOV,2,train,328,52.0
TD+NOV,2,train,329,41.0
TD+NOV,2,train,330,42.0
TD+NOV,2,train,331,56.0
TD+NOV,2,train,332,31.0
TD+NOV,2,train,333,38.0
TD+NOV,2,train,334,46.0
TD+NOV,2,train,335,42.0
TD+NOV,2,train,336,49.0
TD+NOV,2,train,337,181.0
TD+NOV,2,train,338,34.0
TD+NOV,2,train,339,49.0
TD+NOV,2,train,340,28.0
TD+NOV,2,train,341,29.0
TD+NOV,2,train,342,55.0
TD+NOV,2,train,343,46.0
TD+NOV,2,train,344,24.0
TD+NOV,2,train,345,41.0
TD+NOV,2,train,346,44.0
TD+NOV,2,train,347,54.0
TD+NOV,2,train,348,40.0
TD+NOV,2,train,349,22.0
TD+NOV,2,train,350,36.0
TD+NOV,2,train,351,30.0
TD+NOV,2,train,352,26.0
TD+NOV,2,train,353,27.0
TD+NOV,2,train,354,38.0
TD+NOV,2,train,355,34.0
TD+NOV,2,train,356,36.0
TD+NOV,2,train,357,47.0
TD+NOV,2,train,358,66.0
TD+NOV,2,train,359,26.0
TD+NOV,2,train,360,24.0
TD+NOV,2,train,361,30.0
TD+NOV,2,train,362,27.0
TD+NOV,2,train,363,36.0
TD+NOV,2,train,364,52.0
TD+NOV,2,train,365,66.0
TD+NOV,2,train,366,37.0
TD+NOV,2,train,367,24.0
TD+NOV,2,train,368,26.0
TD+NOV,2,train,369,31.0
TD+NOV,2,train,370,29.0
TD+NOV,2,train,371,62.0
TD+NOV,2,train,372,47.0
TD+NOV,2,train,373,39.0
TD+NOV,2,train,374,20.0
TD+NOV,2,train,375,33.0
TD+NOV,2,train,376,23.0
TD+NOV,2,train,377,14.0
TD+NOV,2,train,378,30.0
TD+NOV,2,train,379,34.0
TD+NOV,2,train,380,118.0
TD+NOV,2,train,381,99.0
TD+NOV,2,train,382,72.0
TD+NOV,2,train,383,41.0
TD+NOV,2,train,384,62.0
TD+NOV,2,train,385,81.0
TD+NOV,2,train,386,69.0
TD+NOV,2,train,387,69.0
TD+NOV,2,train,388,102.0
TD+NOV,2,train,389,116.0
TD+NOV,2,train,390,62.0
TD+NOV,2,train,391,58.0
TD+NOV,2,train,392,48.0
TD+NOV,2,train,393,79.0
TD+NOV,2,train,394,57.0
TD+NOV,2,train,395,58.0
TD+NOV,2,train,396,55.0
TD+NOV,2,train,397,113.0
TD+NOV,2,train,398,68.0
TD+NOV,2,train,399,30.0
TD+NOV,2,train,400,34.0
TD+NOV,2,train,401,36.0
TD+NOV,2,train,402,41.0
TD+NOV,2,train,403,72.0
TD+NOV,2,train,404,77.0
TD+NOV,2,train,405,74.0
TD+NOV,2,train,406,40.0
TD+NOV,2,train,407,54.0
TD+NOV,2,train,408,83.0
TD+NOV,2,train,409,123.0
TD+NOV,2,train,410,78.0
TD+NOV,2,train,411,48.0
TD+NOV,2,train,412,55.0
TD+NOV,2,train,413,134.0
TD+NOV,2,train,414,93.0
TD+NOV,2,train,415,73.0
TD+NOV,2,train,416,94.0
TD+NOV,2,train,417,78.0
TD+NOV,2,train,418,161.0
TD+NOV,2,train,419,69.0
TD+NOV,2,train,420,102.0
TD+NOV,2,train,421,167.0
TD+NOV,2,train,422,78.0
TD+NOV,2,train,423,46.0
TD+NOV,2,train,424,81.0
TD+NOV,2,train,425,500.0
TD+NOV,2,train,426,135.0
TD+NOV,2,train,427,157.0
TD+NOV,2,train,428,178.0
TD+NOV,2,train,429,101.0
TD+NOV,2,train,430,98.0
TD+NOV,2,train,431,206.0
TD+NOV,2,train,432,117.0
TD+NOV,2,train,433,133.0
TD+NOV,2,train,434,189.0
TD+NOV,2,train,435,126.0
TD+NOV,2,train,436,159.0
TD+NOV,2,train,437,500.0
TD+NOV,2,train,438,95.0
TD+NOV,2,train,439,146.0
TD+NOV,2,train,440,160.0
TD+NOV,2,train,441,213.0
TD+NOV,2,train,442,350.0
TD+NOV,2,train,443,248.0
TD+NOV,2,train,444,257.0
TD+NOV,2,train,445,197.0
TD+NOV,2,train,446,141.0
TD+NOV,2,train,447,197.0
TD+NOV,2,train,448,210.0
TD+NOV,2,train,449,347.0
TD+NOV,2,train,450,97.0
TD+NOV,2,train,451,126.0
TD+NOV,2,train,452,253.0
TD+NOV,2,train,453,217.0
TD+NOV,2,train,454,224.0
TD+NOV,2,train,455,196.0
TD+NOV,2,train,456,334.0
TD+NOV,2,train,457,180.0
TD+NOV,2,train,458,317.0
TD+NOV,2,train,459,148.0
TD+NOV,2,train,460,288.0
TD+NOV,2,train,461,387.0
TD+NOV,2,train,462,500.0
TD+NOV,2,train,463,344.0
TD+NOV,2,train,464,289.0
TD+NOV,2,train,465,266.0
TD+NOV,2,train,466,392.0
TD+NOV,2,train,467,302.0
TD+NOV,2,train,468,258.0
TD+NOV,2,train,469,294.0
TD+NOV,2,train,470,327.0
TD+NOV,2,train,471,286.0
TD+NOV,2,train,472,190.0
TD+NOV,2,train,473,234.0
TD+NOV,2,train,474,196.0
TD+NOV,2,train,475,191.0
TD+NOV,2,train,476,225.0
TD+NOV,2,train,477,173.0
TD+NOV,2,train,478,262.0
TD+NOV,2,train,479,286.0
TD+NOV,2,train,480,184.0
TD+NOV,2,train,481,218.0
TD+NOV,2,train,482,153.0
TD+NOV,2,train,483,244.0
TD+NOV,2,train,484,250.0
TD+NOV,2,train,485,181.0
TD+NOV,2,train,486,246.0
TD+NOV,2,train,487,195.0
TD+NOV,2,train,488,250.0
TD+NOV,2,train,489,173.0
TD+NOV,2,train,490,223.0
TD+NOV,2,train,491,145.0
TD+NOV,2,train,492,190.0
TD+NOV,2,train,493,199.0
TD+NOV,2,train,494,240.0
TD+NOV,2,train,495,135.0
TD+NOV,2,train,496,328.0
TD+NOV,2,train,497,347.0
TD+NOV,2,train,498,232.0
TD+NOV,2,train,499,232.0
TD+NOV,2,train,500,272.0
TD+NOV,3,train,1,35.0
TD+NOV,3,train,2,33.0
TD+NOV,3,train,3,12.0
TD+NOV,3,train,4,15.0
TD+NOV,3,train,5,14.0
TD+NOV,3,train,6,11.0
TD+NOV,3,train,7,13.0
TD+NOV,3,train,8,53.0
TD+NOV,3,train,9,23.0
TD+NOV,3,train,10,15.0
TD+NOV,3,train,11,26.0
TD+NOV,3,train,12,11.0
TD+NOV,3,train,13,19.0
TD+NOV,3,train,14,21.0
TD+NOV,3,train,15,18.0
TD+NOV,3,train,16,23.0
TD+NOV,3,train,17,15.0
TD+NOV,3,train,18,12.0
TD+NOV,3,train,19,17.0
TD+NOV,3,train,20,17.0
TD+NOV,3,train,21,15.0
TD+NOV,3,train,22,19.0
TD+NOV,3,train,23,13.0
TD+NOV,3,train,24,9.0
TD+NOV,3,train,25,10.0
TD+NOV,3,train,26,12.0
TD+NOV,3,train,27,12.0
TD+NOV,3,train,28,13.0
TD+NOV,3,train,29,12.0
TD+NOV,3,train,30,15.0
TD+NOV,3,train,31,9.0
TD+NOV,3,train,32,15.0
TD+NOV,3,train,33,10.0
TD+NOV,3,train,34,10.0
TD+NOV,3,train,35,12.0
TD+NOV,3,train,36,9.0
TD+NOV,3,train,37,14.0
TD+NOV,3,train,38,11.0
TD+NOV,3,train,39,17.0
TD+NOV,3,train,40,10.0
TD+NOV,3,train,41,10.0
TD+NOV,3,train,42,12.0
TD+NOV,3,train,43,9.0
TD+NOV,3,train,44,9.0
TD+NOV,3,train,45,11.0
TD+NOV,3,train,46,9.0
TD+NOV,3,train,47,11.0
TD+NOV,3,train,48,9.0
TD+NOV,3,train,49,11.0
TD+NOV,3,train,50,11.0
TD+NOV,3,train,51,15.0
TD+NOV,3,train,52,10.0
TD+NOV,3,train,53,12.0
TD+NOV,3,train,54,10.0
TD+NOV,3,train,55,11.0
TD+NOV,3,train,56,10.0
TD+NOV,3,train,57,9.0
TD+NOV,3,train,58,12.0
TD+NOV,3,train,59,10.0
TD+NOV,3,train,60,9.0
TD+NOV,3,train,61,9.0
TD+NOV,3,train,62,10.0
TD+NOV,3,train,63,8.0
TD+NOV,3,train,64,10.0
TD+NOV,3,train,65,11.0
TD+NOV,3,train,66,12.0
TD+NOV,3,train,67,9.0
TD+NOV,3,train,68,10.0
TD+NOV,3,train,69,9.0
TD+NOV,3,train,70,11.0
TD+NOV,3,train,71,11.0
TD+NOV,3,train,72,10.0
TD+NOV,3,train,73,10.0
TD+NOV,3,train,74,9.0
TD+NOV,3,train,75,10.0
TD+NOV,3,train,76,10.0
TD+NOV,3,train,77,13.0
TD+NOV,3,train,78,14.0
TD+NOV,3,train,79,9.0
TD+NOV,3,train,80,13.0
TD+NOV,3,train,81,11.0
TD+NOV,3,train,82,12.0
TD+NOV,3,train,83,10.0
TD+NOV,3,train,84,9.0
TD+NOV,3,train,85,12.0
TD+NOV,3,train,86,13.0
TD+NOV,3,train,87,9.0
TD+NOV,3,train,88,10.0
TD+NOV,3,train,89,9.0
TD+NOV,3,train,90,9.0
TD+NOV,3,train,91,12.0
TD+NOV,3,train,92,10.0
TD+NOV,3,train,93,11.0
TD+NOV,3,train,94,11.0
TD+NOV,3,train,95,9.0
TD+NOV,3,train,96,10.0
TD+NOV,3,train,97,10.0
TD+NOV,3,train,98,12.0
TD+NOV,3,train,99,11.0
TD+NOV,3,train,100,11.0
TD+NOV,3,train,101,9.0
TD+NOV,3,train,102,9.0
TD+NOV,3,train,103,8.0
TD+NOV,3,train,104,9.0
TD+NOV,3,train,105,8.0
TD+NOV,3,train,106,10.0
TD+NOV,3,train,107,13.0
TD+NOV,3,train,108,11.0
TD+NOV,3,train,109,11.0
TD+NOV,3,train,110,10.0
TD+NOV,3,train,111,11.0
TD+NOV,3,train,112,11.0
TD+NOV,3,train,113,12.0
TD+NOV,3,train,114,13.0
TD+NOV,3,train,115,10.0
TD+NOV,3,train,116,10.0
TD+NOV,3,train,117,9.0
TD+NOV,3,train,118,14.0
TD+NOV,3,train,119,9.0
TD+NOV,3,train,120,10.0
TD+NOV,3,train,121,11.0
TD+NOV,3,train,122,9.0
TD+NOV,3,train,123,10.0
TD+NOV,3,train,124,9.0
TD+NOV,3,train,125,9.0
TD+NOV,3,train,126,12.0
TD+NOV,3,train,127,9.0
TD+NOV,3,train,128,9.0
TD+NOV,3,train,129,15.0
TD+NOV,3,train,130,10.0
TD+NOV,3,train,131,12.0
TD+NOV,3,train,132,10.0
TD+NOV,3,train,133,10.0
TD+NOV,3,train,134,10.0
TD+NOV,3,train,135,10.0
TD+NOV,3,train,136,11.0
TD+NOV,3,train,137,10.0
TD+NOV,3,train,138,9.0
TD+NOV,3,train,139,12.0
TD+NOV,3,train,140,11.0
TD+NOV,3,train,141,10.0
TD+NOV,3,train,142,9.0
TD+NOV,3,train,143,10.0
TD+NOV,3,train,144,10.0
TD+NOV,3,train,145,11.0
TD+NOV,3,train,146,10.0
TD+NOV,3,train,147,13.0
TD+NOV,3,train,148,12.0
TD+NOV,3,train,149,10.0
TD+NOV,3,train,150,12.0
TD+NOV,3,train,151,10.0
TD+NOV,3,train,152,12.0
TD+NOV,3,train,153,10.0
TD+NOV,3,train,154,13.0
TD+NOV,3,train,155,9.0
TD+NOV,3,train,156,10.0
TD+NOV,3,train,157,10.0
TD+NOV,3,train,158,11.0
TD+NOV,3,train,159,10.0
TD+NOV,3,train,160,9.0
TD+NOV,3,train,161,12.0
TD+NOV,3,train,162,9.0
TD+NOV,3,train,163,9.0
TD+NOV,3,train,164,9.0
TD+NOV,3,train,165,9.0
TD+NOV,3,train,166,9.0
TD+NOV,3,train,167,10.0
TD+NOV,3,train,168,9.0
TD+NOV,3,train,169,11.0
TD+NOV,3,train,170,12.0
TD+NOV,3,train,171,9.0
TD+NOV,3,train,172,13.0
TD+NOV,3,train,173,10.0
TD+NOV,3,train,174,9.0
TD+NOV,3,train,175,13.0
TD+NOV,3,train,176,8.0
TD+NOV,3,train,177,15.0
TD+NOV,3,train,178,11.0
TD+NOV,3,train,179,10.0
TD+NOV,3,train,180,9.0
TD+NOV,3,train,181,8.0
TD+NOV,3,train,182,11.0
TD+NOV,3,train,183,10.0
TD+NOV,3,train,184,9.0
TD+NOV,3,train,185,13.0
TD+NOV,3,train,186,10.0
TD+NOV,3,train,187,9.0
TD+NOV,3,train,188,10.0
TD+NOV,3,train,189,11.0
TD+NOV,3,train,190,9.0
TD+NOV,3,train,191,10.0
TD+NOV,3,train,192,9.0
TD+NOV,3,train,193,9.0
TD+NOV,3,train,194,9.0
TD+NOV,3,train,195,10.0
TD+NOV,3,train,196,16.0
TD+NOV,3,train,197,12.0
TD+NOV,3,train,198,9.0
TD+NOV,3,train,199,10.0
TD+NOV,3,train,200,10.0
TD+NOV,3,train,201,18.0
TD+NOV,3,train,202,17.0
TD+NOV,3,train,203,18.0
TD+NOV,3,train,204,18.0
TD+NOV,3,train,205,16.0
TD+NOV,3,train,206,52.0
TD+NOV,3,train,207,28.0
TD+NOV,3,train,208,18.0
TD+NOV,3,train,209,17.0
TD+NOV,3,train,210,30.0
TD+NOV,3,train,211,79.0
TD+NOV,3,train,212,78.0
TD+NOV,3,train,213,23.0
TD+NOV,3,train,214,127.0
TD+NOV,3,train,215,31.0
TD+NOV,3,train,216,77.0
TD+NOV,3,train,217,23.0
TD+NOV,3,train,218,31.0
TD+NOV,3,train,219,20.0
TD+NOV,3,train,220,42.0
TD+NOV,3,train,221,95.0
TD+NOV,3,train,222,109.0
TD+NOV,3,train,223,22.0
TD+NOV,3,train,224,31.0
TD+NOV,3,train,225,42.0
TD+NOV,3,train,226,70.0
TD+NOV,3,train,227,32.0
TD+NOV,3,train,228,64.0
TD+NOV,3,train,229,46.0
TD+NOV,3,train,230,49.0
TD+NOV,3,train,231,25.0
TD+NOV,3,train,232,30.0
TD+NOV,3,train,233,10.0
TD+NOV,3,train,234,30.0
TD+NOV,3,train,235,18.0
TD+NOV,3,train,236,26.0
TD+NOV,3,train,237,27.0
TD+NOV,3,train,238,41.0
TD+NOV,3,train,239,48.0
TD+NOV,3,train,240,56.0
TD+NOV,3,train,241,48.0
TD+NOV,3,train,242,37.0
TD+NOV,3,train,243,29.0
TD+NOV,3,train,244,26.0
TD+NOV,3,train,245,92.0
TD+NOV,3,train,246,22.0
TD+NOV,3,train,247,53.0
TD+NOV,3,train,248,58.0
TD+NOV,3,train,249,34.0
TD+NOV,3,train,250,41.0
TD+NOV,3,train,251,31.0
TD+NOV,3,train,252,26.0
TD+NOV,3,train,253,38.0
TD+NOV,3,train,254,29.0
TD+NOV,3,train,255,41.0
TD+NOV,3,train,256,26.0
TD+NOV,3,train,257,57.0
TD+NOV,3,train,258,33.0
TD+NOV,3,train,259,26.0
TD+NOV,3,train,260,65.0
TD+NOV,3,train,261,57.0
TD+NOV,3,train,262,29.0
TD+NOV,3,train,263,18.0
TD+NOV,3,train,264,21.0
TD+NOV,3,train,265,16.0
TD+NOV,3,train,266,27.0
TD+NOV,3,train,267,45.0
TD+NOV,3,train,268,42.0
TD+NOV,3,train,269,32.0
TD+NOV,3,train,270,27.0
TD+NOV,3,train,271,43.0
TD+NOV,3,train,272,45.0
TD+NOV,3,train,273,54.0
TD+NOV,3,train,274,125.0
TD+NOV,3,train,275,45.0
TD+NOV,3,train,276,74.0
TD+NOV,3,train,277,17.0
TD+NOV,3,train,278,26.0
TD+NOV,3,train,279,25.0
TD+NOV,3,train,280,36.0
TD+NOV,3,train,281,35.0
TD+NOV,3,train,282,23.0
TD+NOV,3,train,283,76.0
TD+NOV,3,train,284,52.0
TD+NOV,3,train,285,70.0
TD+NOV,3,train,286,86.0
TD+NOV,3,train,287,35.0
TD+NOV,3,train,288,47.0
TD+NOV,3,train,289,50.0
TD+NOV,3,train,290,48.0
TD+NOV,3,train,291,43.0
TD+NOV,3,train,292,24.0
TD+NOV,3,train,293,81.0
TD+NOV,3,train,294,62.0
TD+NOV,3,train,295,44.0
TD+NOV,3,train,296,93.0
TD+NOV,3,train,297,51.0
TD+NOV,3,train,298,40.0
TD+NOV,3,train,299,32.0
TD+NOV,3,train,300,41.0
TD+NOV,3,train,301,56.0
TD+NOV,3,train,302,54.0
TD+NOV,3,train,303,50.0
TD+NOV,3,train,304,37.0
TD+NOV,3,train,305,37.0
TD+NOV,3,train,306,48.0
TD+NOV,3,train,307,35.0
TD+NOV,3,train,308,38.0
TD+NOV,3,train,309,38.0
TD+NOV,3,train,310,30.0
TD+NOV,3,train,311,41.0
TD+NOV,3,train,312,47.0
TD+NOV,3,train,313,28.0
TD+NOV,3,train,314,35.0
TD+NOV,3,train,315,62.0
TD+NOV,3,train,316,126.0
TD+NOV,3,train,317,54.0
TD+NOV,3,train,318,34.0
TD+NOV,3,train,319,38.0
TD+NOV,3,train,320,32.0
TD+NOV,3,train,321,41.0
TD+NOV,3,train,322,49.0
TD+NOV,3,train,323,24.0
TD+NOV,3,train,324,52.0
TD+NOV,3,train,325,37.0
TD+NOV,3,train,326,64.0
TD+NOV,3,train,327,66.0
TD+NOV,3,train,328,74.0
TD+NOV,3,train,329,68.0
TD+NOV,3,train,330,38.0
TD+NOV,3,train,331,44.0
TD+NOV,3,train,332,38.0
TD+NOV,3,train,333,35.0
TD+NOV,3,train,334,35.0
TD+NOV,3,train,335,78.0
TD+NOV,3,train,336,24.0
TD+NOV,3,train,337,69.0
TD+NOV,3,train,338,37.0
TD+NOV,3,train,339,40.0
TD+NOV,3,train,340,56.0
TD+NOV,3,train,341,31.0
TD+NOV,3,train,342,32.0
TD+NOV,3,train,343,68.0
TD+NOV,3,train,344,40.0
TD+NOV,3,train,345,55.0
TD+NOV,3,train,346,35.0
TD+NOV,3,train,347,43.0
TD+NOV,3,train,348,65.0
TD+NOV,3,train,349,42.0
TD+NOV,3,train,350,37.0
TD+NOV,3,train,351,89.0
TD+NOV,3,train,352,108.0
TD+NOV,3,train,353,42.0
TD+NOV,3,train,354,72.0
TD+NOV,3,train,355,39.0
TD+NOV,3,train,356,62.0
TD+NOV,3,train,357,40.0
TD+NOV,3,train,358,80.0
TD+NOV,3,train,359,107.0
TD+NOV,3,train,360,97.0
TD+NOV,3,train,361,101.0
TD+NOV,3,train,362,42.0
TD+NOV,3,train,363,65.0
TD+NOV,3,train,364,54.0
TD+NOV,3,train,365,58.0
TD+NOV,3,train,366,74.0
TD+NOV,3,train,367,80.0
TD+NOV,3,train,368,96.0
TD+NOV,3,train,369,96.0
TD+NOV,3,train,370,39.0
TD+NOV,3,train,371,44.0
TD+NOV,3,train,372,65.0
TD+NOV,3,train,373,61.0
TD+NOV,3,train,374,55.0
TD+NOV,3,train,375,63.0
TD+NOV,3,train,376,69.0
TD+NOV,3,train,377,48.0
TD+NOV,3,train,378,69.0
TD+NOV,3,train,379,72.0
TD+NOV,3,train,380,35.0
TD+NOV,3,train,381,94.0
TD+NOV,3,train,382,79.0
TD+NOV,3,train,383,78.0
TD+NOV,3,train,384,118.0
TD+NOV,3,train,385,50.0
TD+NOV,3,train,386,182.0
TD+NOV,3,train,387,50.0
TD+NOV,3,train,388,136.0
TD+NOV,3,train,389,38.0
TD+NOV,3,train,390,40.0
TD+NOV,3,train,391,83.0
TD+NOV,3,train,392,61.0
TD+NOV,3,train,393,48.0
TD+NOV,3,train,394,41.0
TD+NOV,3,train,395,193.0
TD+NOV,3,train,396,113.0
TD+NOV,3,train,397,78.0
TD+NOV,3,train,398,127.0
TD+NOV,3,train,399,131.0
TD+NOV,3,train,400,155.0
TD+NOV,3,train,401,289.0
TD+NOV,3,train,402,171.0
TD+NOV,3,train,403,78.0
TD+NOV,3,train,404,230.0
TD+NOV,3,train,405,289.0
TD+NOV,3,train,406,256.0
TD+NOV,3,train,407,138.0
TD+NOV,3,train,408,280.0
TD+NOV,3,train,409,74.0
TD+NOV,3,train,410,170.0
TD+NOV,3,train,411,85.0
TD+NOV,3,train,412,167.0
TD+NOV,3,train,413,148.0
TD+NOV,3,train,414,175.0
TD+NOV,3,train,415,100.0
TD+NOV,3,train,416,91.0
TD+NOV,3,train,417,200.0
TD+NOV,3,train,418,113.0
TD+NOV,3,train,419,85.0
TD+NOV,3,train,420,195.0
TD+NOV,3,train,421,70.0
TD+NOV,3,train,422,134.0
TD+NOV,3,train,423,134.0
TD+NOV,3,train,424,203.0
TD+NOV,3,train,425,179.0
TD+NOV,3,train,426,156.0
TD+NOV,3,train,427,175.0
TD+NOV,3,train,428,172.0
TD+NOV,3,train,429,41.0
TD+NOV,3,train,430,86.0
TD+NOV,3,train,431,69.0
TD+NOV,3,train,432,52.0
TD+NOV,3,train,433,53.0
TD+NOV,3,train,434,56.0
TD+NOV,3,train,435,163.0
TD+NOV,3,train,436,75.0
TD+NOV,3,train,437,189.0
TD+NOV,3,train,438,91.0
TD+NOV,3,train,439,36.0
TD+NOV,3,train,440,45.0
TD+NOV,3,train,441,93.0
TD+NOV,3,train,442,97.0
TD+NOV,3,train,443,73.0
TD+NOV,3,train,444,50.0
TD+NOV,3,train,445,63.0
TD+NOV,3,train,446,147.0
TD+NOV,3,train,447,57.0
TD+NOV,3,train,448,51.0
TD+NOV,3,train,449,108.0
TD+NOV,3,train,450,36.0
TD+NOV,3,train,451,45.0
TD+NOV,3,train,452,51.0
TD+NOV,3,train,453,76.0
TD+NOV,3,train,454,30.0
TD+NOV,3,train,455,98.0
TD+NOV,3,train,456,53.0
TD+NOV,3,train,457,149.0
TD+NOV,3,train,458,89.0
TD+NOV,3,train,459,110.0
TD+NOV,3,train,460,129.0
TD+NOV,3,train,461,124.0
TD+NOV,3,train,462,121.0
TD+NOV,3,train,463,112.0
TD+NOV,3,train,464,134.0
TD+NOV,3,train,465,73.0
TD+NOV,3,train,466,112.0
TD+NOV,3,train,467,87.0
TD+NOV,3,train,468,89.0
TD+NOV,3,train,469,93.0
TD+NOV,3,train,470,43.0
TD+NOV,3,train,471,111.0
TD+NOV,3,train,472,45.0
TD+NOV,3,train,473,54.0
TD+NOV,3,train,474,63.0
TD+NOV,3,train,475,57.0
TD+NOV,3,train,476,28.0
TD+NOV,3,train,477,43.0
TD+NOV,3,train,478,36.0
TD+NOV,3,train,479,67.0
TD+NOV,3,train,480,32.0
TD+NOV,3,train,481,61.0
TD+NOV,3,train,482,53.0
TD+NOV,3,train,483,39.0
TD+NOV,3,train,484,37.0
TD+NOV,3,train,485,47.0
TD+NOV,3,train,486,34.0
TD+NOV,3,train,487,37.0
TD+NOV,3,train,488,45.0
TD+NOV,3,train,489,51.0
TD+NOV,3,train,490,46.0
TD+NOV,3,train,491,38.0
TD+NOV,3,train,492,60.0
TD+NOV,3,train,493,45.0
TD+NOV,3,train,494,56.0
TD+NOV,3,train,495,23.0
TD+NOV,3,train,496,43.0
TD+NOV,3,train,497,27.0
TD+NOV,3,train,498,47.0
TD+NOV,3,train,499,47.0
TD+NOV,3,train,500,42.0
TD+NOV,4,train,1,18.0
TD+NOV,4,train,2,31.0
TD+NOV,4,train,3,41.0
TD+NOV,4,train,4,17.0
TD+NOV,4,train,5,24.0
TD+NOV,4,train,6,51.0
TD+NOV,4,train,7,20.0
TD+NOV,4,train,8,14.0
TD+NOV,4,train,9,15.0
TD+NOV,4,train,10,22.0
TD+NOV,4,train,11,11.0
TD+NOV,4,train,12,10.0
TD+NOV,4,train,13,90.0
TD+NOV,4,train,14,11.0
TD+NOV,4,train,15,11.0
TD+NOV,4,train,16,9.0
TD+NOV,4,train,17,12.0
TD+NOV,4,train,18,10.0
TD+NOV,4,train,19,12.0
TD+NOV,4,train,20,14.0
TD+NOV,4,train,21,19.0
TD+NOV,4,train,22,8.0
TD+NOV,4,train,23,12.0
TD+NOV,4,train,24,11.0
TD+NOV,4,train,25,10.0
TD+NOV,4,train,26,8.0
TD+NOV,4,train,27,18.0
TD+NOV,4,train,28,15.0
TD+NOV,4,train,29,10.0
TD+NOV,4,train,30,21.0
TD+NOV,4,train,31,14.0
TD+NOV,4,train,32,15.0
TD+NOV,4,train,33,11.0
TD+NOV,4,train,34,12.0
TD+NOV,4,train,35,9.0
TD+NOV,4,train,36,11.0
TD+NOV,4,train,37,13.0
TD+NOV,4,train,38,13.0
TD+NOV,4,train,39,15.0
TD+NOV,4,train,40,13.0
TD+NOV,4,train,41,11.0
TD+NOV,4,train,42,13.0
TD+NOV,4,train,43,9.0
TD+NOV,4,train,44,9.0
TD+NOV,4,train,45,11.0
TD+NOV,4,train,46,10.0
TD+NOV,4,train,47,10.0
TD+NOV,4,train,48,9.0
TD+NOV,4,train,49,13.0
TD+NOV,4,train,50,9.0
TD+NOV,4,train,51,12.0
TD+NOV,4,train,52,15.0
TD+NOV,4,train,53,10.0
TD+NOV,4,train,54,10.0
TD+NOV,4,train,55,8.0
TD+NOV,4,train,56,8.0
TD+NOV,4,train,57,17.0
TD+NOV,4,train,58,10.0
TD+NOV,4,train,59,10.0
TD+NOV,4,train,60,8.0
TD+NOV,4,train,61,9.0
TD+NOV,4,train,62,12.0
TD+NOV,4,train,63,9.0
TD+NOV,4,train,64,11.0
TD+NOV,4,train,65,10.0
TD+NOV,4,train,66,12.0
TD+NOV,4,train,67,10.0
TD+NOV,4,train,68,9.0
TD+NOV,4,train,69,12.0
TD+NOV,4,train,70,12.0
TD+NOV,4,train,71,13.0
TD+NOV,4,train,72,11.0
TD+NOV,4,train,73,9.0
TD+NOV,4,train,74,13.0
TD+NOV,4,train,75,14.0
TD+NOV,4,train,76,9.0
TD+NOV,4,train,77,12.0
TD+NOV,4,train,78,9.0
TD+NOV,4,train,79,10.0
TD+NOV,4,train,80,11.0
TD+NOV,4,train,81,12.0
TD+NOV,4,train,82,11.0
TD+NOV,4,train,83,11.0
TD+NOV,4,train,84,13.0
TD+NOV,4,train,85,13.0
TD+NOV,4,train,86,9.0
TD+NOV,4,train,87,11.0
TD+NOV,4,train,88,9.0
TD+NOV,4,train,89,10.0
TD+NOV,4,train,90,12.0
TD+NOV,4,train,91,9.0
TD+NOV,4,train,92,11.0
TD+NOV,4,train,93,10.0
TD+NOV,4,train,94,15.0
TD+NOV,4,train,95,11.0
TD+NOV,4,train,96,9.0
TD+NOV,4,train,97,12.0
TD+NOV,4,train,98,10.0
TD+NOV,4,train,99,9.0
TD+NOV,4,train,100,9.0
TD+NOV,4,train,101,8.0
TD+NOV,4,train,102,9.0
TD+NOV,4,train,103,12.0
TD+NOV,4,train,104,8.0
TD+NOV,4,train,105,11.0
TD+NOV,4,train,106,10.0
TD+NOV,4,train,107,14.0
TD+NOV,4,train,108,13.0
TD+NOV,4,train,109,11.0
TD+NOV,4,train,110,13.0
TD+NOV,4,train,111,12.0
TD+NOV,4,train,112,13.0
TD+NOV,4,train,113,10.0
TD+NOV,4,train,114,11.0
TD+NOV,4,train,115,15.0
TD+NOV,4,train,116,9.0
TD+NOV,4,train,117,14.0
TD+NOV,4,train,118,9.0
TD+NOV,4,train,119,27.0
TD+NOV,4,train,120,16.0
TD+NOV,4,train,121,10.0
TD+NOV,4,train,122,9.0
TD+NOV,4,train,123,10.0
TD+NOV,4,train,124,18.0
TD+NOV,4,train,125,16.0
TD+NOV,4,train,126,11.0
TD+NOV,4,train,127,11.0
TD+NOV,4,train,128,21.0
TD+NOV,4,train,129,15.0
TD+NOV,4,train,130,11.0
TD+NOV,4,train,131,17.0
TD+NOV,4,train,132,14.0
TD+NOV,4,train,133,11.0
TD+NOV,4,train,134,19.0
TD+NOV,4,train,135,11.0
TD+NOV,4,train,136,25.0
TD+NOV,4,train,137,35.0
TD+NOV,4,train,138,12.0
TD+NOV,4,train,139,14.0
TD+NOV,4,train,140,10.0
TD+NOV,4,train,141,15.0
TD+NOV,4,train,142,20.0
TD+NOV,4,train,143,24.0
TD+NOV,4,train,144,71.0
TD+NOV,4,train,145,36.0
TD+NOV,4,train,146,20.0
TD+NOV,4,train,147,15.0
TD+NOV,4,train,148,13.0
TD+NOV,4,train,149,16.0
TD+NOV,4,train,150,33.0
TD+NOV,4,train,151,10.0
TD+NOV,4,train,152,10.0
TD+NOV,4,train,153,10.0
TD+NOV,4,train,154,9.0
TD+NOV,4,train,155,10.0
TD+NOV,4,train,156,10.0
TD+NOV,4,train,157,10.0
TD+NOV,4,train,158,9.0
TD+NOV,4,train,159,11.0
TD+NOV,4,train,160,10.0
TD+NOV,4,train,161,10.0
TD+NOV,4,train,162,9.0
TD+NOV,4,train,163,9.0
TD+NOV,4,train,164,9.0
TD+NOV,4,train,165,11.0
TD+NOV,4,train,166,10.0
TD+NOV,4,train,167,11.0
TD+NOV,4,train,168,9.0
TD+NOV,4,train,169,11.0
TD+NOV,4,train,170,8.0
TD+NOV,4,train,171,11.0
TD+NOV,4,train,172,8.0
TD+NOV,4,train,173,9.0
TD+NOV,4,train,174,14.0
TD+NOV,4,train,175,8.0
TD+NOV,4,train,176,16.0
TD+NOV,4,train,177,9.0
TD+NOV,4,train,178,10.0
TD+NOV,4,train,179,10.0
TD+NOV,4,train,180,10.0
TD+NOV,4,train,181,10.0
TD+NOV,4,train,182,8.0
TD+NOV,4,train,183,9.0
TD+NOV,4,train,184,9.0
TD+NOV,4,train,185,9.0
TD+NOV,4,train,186,10.0
TD+NOV,4,train,187,10.0
TD+NOV,4,train,188,11.0
TD+NOV,4,train,189,9.0
TD+NOV,4,train,190,12.0
TD+NOV,4,train,191,12.0
TD+NOV,4,train,192,10.0
TD+NOV,4,train,193,10.0
TD+NOV,4,train,194,17.0
TD+NOV,4,train,195,18.0
TD+NOV,4,train,196,21.0
TD+NOV,4,train,197,14.0
TD+NOV,4,train,198,9.0
TD+NOV,4,train,199,11.0
TD+NOV,4,train,200,20.0
TD+NOV,4,train,201,16.0
TD+NOV,4,train,202,8.0
TD+NOV,4,train,203,8.0
TD+NOV,4,train,204,19.0
TD+NOV,4,train,205,9.0
TD+NOV,4,train,206,10.0
TD+NOV,4,train,207,16.0
TD+NOV,4,train,208,10.0
TD+NOV,4,train,209,11.0
TD+NOV,4,train,210,10.0
TD+NOV,4,train,211,16.0
TD+NOV,4,train,212,10.0
TD+NOV,4,train,213,17.0
TD+NOV,4,train,214,9.0
TD+NOV,4,train,215,18.0
TD+NOV,4,train,216,8.0
TD+NOV,4,train,217,12.0
TD+NOV,4,train,218,18.0
TD+NOV,4,train,219,9.0
TD+NOV,4,train,220,9.0
TD+NOV,4,train,221,15.0
TD+NOV,4,train,222,84.0
TD+NOV,4,train,223,45.0
TD+NOV,4,train,224,9.0
TD+NOV,4,train,225,42.0
TD+NOV,4,train,226,15.0
TD+NOV,4,train,227,29.0
TD+NOV,4,train,228,60.0
TD+NOV,4,train,229,107.0
TD+NOV,4,train,230,19.0
TD+NOV,4,train,231,19.0
TD+NOV,4,train,232,25.0
TD+NOV,4,train,233,43.0
TD+NOV,4,train,234,32.0
TD+NOV,4,train,235,185.0
TD+NOV,4,train,236,61.0
TD+NOV,4,train,237,28.0
TD+NOV,4,train,238,34.0
TD+NOV,4,train,239,52.0
TD+NOV,4,train,240,26.0
TD+NOV,4,train,241,20.0
TD+NOV,4,train,242,59.0
TD+NOV,4,train,243,45.0
TD+NOV,4,train,244,82.0
TD+NOV,4,train,245,22.0
TD+NOV,4,train,246,87.0
TD+NOV,4,train,247,31.0
TD+NOV,4,train,248,43.0
TD+NOV,4,train,249,41.0
TD+NOV,4,train,250,64.0
TD+NOV,4,train,251,77.0
TD+NOV,4,train,252,46.0
TD+NOV,4,train,253,60.0
TD+NOV,4,train,254,28.0
TD+NOV,4,train,255,54.0
TD+NOV,4,train,256,24.0
TD+NOV,4,train,257,34.0
TD+NOV,4,train,258,78.0
TD+NOV,4,train,259,50.0
TD+NOV,4,train,260,156.0
TD+NOV,4,train,261,41.0
TD+NOV,4,train,262,62.0
TD+NOV,4,train,263,60.0
TD+NOV,4,train,264,203.0
TD+NOV,4,train,265,69.0
TD+NOV,4,train,266,40.0
TD+NOV,4,train,267,67.0
TD+NOV,4,train,268,55.0
TD+NOV,4,train,269,106.0
TD+NOV,4,train,270,195.0
TD+NOV,4,train,271,84.0
TD+NOV,4,train,272,45.0
TD+NOV,4,train,273,54.0
TD+NOV,4,train,274,66.0
TD+NOV,4,train,275,94.0
TD+NOV,4,train,276,128.0
TD+NOV,4,train,277,56.0
TD+NOV,4,train,278,42.0
TD+NOV,4,train,279,60.0
TD+NOV,4,train,280,131.0
TD+NOV,4,train,281,45.0
TD+NOV,4,train,282,78.0
TD+NOV,4,train,283,76.0
TD+NOV,4,train,284,49.0
TD+NOV,4,train,285,42.0
TD+NOV,4,train,286,68.0
TD+NOV,4,train,287,37.0
TD+NOV,4,train,288,65.0
TD+NOV,4,train,289,116.0
TD+NOV,4,train,290,98.0
TD+NOV,4,train,291,52.0
TD+NOV,4,train,292,128.0
TD+NOV,4,train,293,49.0
TD+NOV,4,train,294,34.0
TD+NOV,4,train,295,152.0
TD+NOV,4,train,296,59.0
TD+NOV,4,train,297,63.0
TD+NOV,4,train,298,296.0
TD+NOV,4,train,299,69.0
TD+NOV,4,train,300,68.0
TD+NOV,4,train,301,43.0
TD+NOV,4,train,302,57.0
TD+NOV,4,train,303,44.0
TD+NOV,4,train,304,71.0
TD+NOV,4,train,305,91.0
TD+NOV,4,train,306,48.0
TD+NOV,4,train,307,165.0
TD+NOV,4,train,308,61.0
TD+NOV,4,train,309,213.0
TD+NOV,4,train,310,58.0
TD+NOV,4,train,311,146.0
TD+NOV,4,train,312,115.0
TD+NOV,4,train,313,53.0
TD+NOV,4,train,314,69.0
TD+NOV,4,train,315,225.0
TD+NOV,4,train,316,66.0
TD+NOV,4,train,317,136.0
TD+NOV,4,train,318,91.0
TD+NOV,4,train,319,26.0
TD+NOV,4,train,320,68.0
TD+NOV,4,train,321,206.0
TD+NOV,4,train,322,149.0
TD+NOV,4,train,323,81.0
TD+NOV,4,train,324,55.0
TD+NOV,4,train,325,52.0
TD+NOV,4,train,326,65.0
TD+NOV,4,train,327,65.0
TD+NOV,4,train,328,71.0
TD+NOV,4,train,329,62.0
TD+NOV,4,train,330,69.0
TD+NOV,4,train,331,72.0
TD+NOV,4,train,332,40.0
TD+NOV,4,train,333,52.0
TD+NOV,4,train,334,71.0
TD+NOV,4,train,335,290.0
TD+NOV,4,train,336,84.0
TD+NOV,4,train,337,52.0
TD+NOV,4,train,338,147.0
TD+NOV,4,train,339,46.0
TD+NOV,4,train,340,107.0
TD+NOV,4,train,341,132.0
TD+NOV,4,train,342,78.0
TD+NOV,4,train,343,191.0
TD+NOV,4,train,344,151.0
TD+NOV,4,train,345,79.0
TD+NOV,4,train,346,114.0
TD+NOV,4,train,347,92.0
TD+NOV,4,train,348,45.0
TD+NOV,4,train,349,135.0
TD+NOV,4,train,350,66.0
TD+NOV,4,train,351,144.0
TD+NOV,4,train,352,215.0
TD+NOV,4,train,353,360.0
TD+NOV,4,train,354,255.0
TD+NOV,4,train,355,78.0
TD+NOV,4,train,356,67.0
TD+NOV,4,train,357,220.0
TD+NOV,4,train,358,385.0
TD+NOV,4,train,359,208.0
TD+NOV,4,train,360,251.0
TD+NOV,4,train,361,200.0
TD+NOV,4,train,362,246.0
TD+NOV,4,train,363,500.0
TD+NOV,4,train,364,277.0
TD+NOV,4,train,365,262.0
TD+NOV,4,train,366,500.0
TD+NOV,4,train,367,411.0
TD+NOV,4,train,368,373.0
TD+NOV,4,train,369,200.0
TD+NOV,4,train,370,115.0
TD+NOV,4,train,371,190.0
TD+NOV,4,train,372,112.0
TD+NOV,4,train,373,278.0
TD+NOV,4,train,374,112.0
TD+NOV,4,train,375,176.0
TD+NOV,4,train,376,211.0
TD+NOV,4,train,377,417.0
TD+NOV,4,train,378,497.0
TD+NOV,4,train,379,121.0
TD+NOV,4,train,380,224.0
TD+NOV,4,train,381,192.0
TD+NOV,4,train,382,380.0
TD+NOV,4,train,383,485.0
TD+NOV,4,train,384,482.0
TD+NOV,4,train,385,477.0
TD+NOV,4,train,386,500.0
TD+NOV,4,train,387,323.0
TD+NOV,4,train,388,391.0
TD+NOV,4,train,389,220.0
TD+NOV,4,train,390,500.0
TD+NOV,4,train,391,279.0
TD+NOV,4,train,392,311.0
TD+NOV,4,train,393,493.0
TD+NOV,4,train,394,324.0
TD+NOV,4,train,395,321.0
TD+NOV,4,train,396,312.0
TD+NOV,4,train,397,500.0
TD+NOV,4,train,398,182.0
TD+NOV,4,train,399,352.0
TD+NOV,4,train,400,500.0
TD+NOV,4,train,401,440.0
TD+NOV,4,train,402,401.0
TD+NOV,4,train,403,307.0
TD+NOV,4,train,404,276.0
TD+NOV,4,train,405,151.0
TD+NOV,4,train,406,362.0
TD+NOV,4,train,407,496.0
TD+NOV,4,train,408,206.0
TD+NOV,4,train,409,192.0
TD+NOV,4,train,410,283.0
TD+NOV,4,train,411,195.0
TD+NOV,4,train,412,212.0
TD+NOV,4,train,413,302.0
TD+NOV,4,train,414,249.0
TD+NOV,4,train,415,500.0
TD+NOV,4,train,416,229.0
TD+NOV,4,train,417,235.0
TD+NOV,4,train,418,267.0
TD+NOV,4,train,419,223.0
TD+NOV,4,train,420,249.0
TD+NOV,4,train,421,209.0
TD+NOV,4,train,422,137.0
TD+NOV,4,train,423,259.0
TD+NOV,4,train,424,226.0
TD+NOV,4,train,425,214.0
TD+NOV,4,train,426,264.0
TD+NOV,4,train,427,211.0
TD+NOV,4,train,428,125.0
TD+NOV,4,train,429,147.0
TD+NOV,4,train,430,176.0
TD+NOV,4,train,431,232.0
TD+NOV,4,train,432,200.0
TD+NOV,4,train,433,191.0
TD+NOV,4,train,434,278.0
TD+NOV,4,train,435,253.0
TD+NOV,4,train,436,255.0
TD+NOV,4,train,437,173.0
TD+NOV,4,train,438,124.0
TD+NOV,4,train,439,182.0
TD+NOV,4,train,440,152.0
TD+NOV,4,train,441,183.0
TD+NOV,4,train,442,173.0
TD+NOV,4,train,443,216.0
TD+NOV,4,train,444,166.0
TD+NOV,4,train,445,223.0
TD+NOV,4,train,446,221.0
TD+NOV,4,train,447,209.0
TD+NOV,4,train,448,175.0
TD+NOV,4,train,449,121.0
TD+NOV,4,train,450,160.0
TD+NOV,4,train,451,159.0
TD+NOV,4,train,452,193.0
TD+NOV,4,train,453,188.0
TD+NOV,4,train,454,178.0
TD+NOV,4,train,455,127.0
TD+NOV,4,train,456,132.0
TD+NOV,4,train,457,206.0
TD+NOV,4,train,458,138.0
TD+NOV,4,train,459,191.0
TD+NOV,4,train,460,234.0
TD+NOV,4,train,461,198.0
TD+NOV,4,train,462,161.0
TD+NOV,4,train,463,135.0
TD+NOV,4,train,464,185.0
TD+NOV,4,train,465,184.0
TD+NOV,4,train,466,117.0
TD+NOV,4,train,467,168.0
TD+NOV,4,train,468,135.0
TD+NOV,4,train,469,193.0
TD+NOV,4,train,470,221.0
TD+NOV,4,train,471,156.0
TD+NOV,4,train,472,193.0
TD+NOV,4,train,473,132.0
TD+NOV,4,train,474,210.0
TD+NOV,4,train,475,199.0
TD+NOV,4,train,476,201.0
TD+NOV,4,train,477,190.0
TD+NOV,4,train,478,200.0
TD+NOV,4,train,479,118.0
TD+NOV,4,train,480,160.0
TD+NOV,4,train,481,123.0
TD+NOV,4,train,482,182.0
TD+NOV,4,train,483,123.0
TD+NOV,4,train,484,159.0
TD+NOV,4,train,485,203.0
TD+NOV,4,train,486,165.0
TD+NOV,4,train,487,119.0
TD+NOV,4,train,488,108.0
TD+NOV,4,train,489,174.0
TD+NOV,4,train,490,231.0
TD+NOV,4,train,491,178.0
TD+NOV,4,train,492,115.0
TD+NOV,4,train,493,210.0
TD+NOV,4,train,494,198.0
TD+NOV,4,train,495,128.0
TD+NOV,4,train,496,217.0
TD+NOV,4,train,497,193.0
TD+NOV,4,train,498,231.0
TD+NOV,4,train,499,176.0
TD+NOV,4,train,500,150.0
TD+NOV,5,train,1,18.0
TD+NOV,5,train,2,24.0
TD+NOV,5,train,3,29.0
TD+NOV,5,train,4,40.0
TD+NOV,5,train,5,16.0
TD+NOV,5,train,6,20.0
TD+NOV,5,train,7,12.0
TD+NOV,5,train,8,14.0
TD+NOV,5,train,9,15.0
TD+NOV,5,train,10,24.0
TD+NOV,5,train,11,14.0
TD+NOV,5,train,12,21.0
TD+NOV,5,train,13,13.0
TD+NOV,5,train,14,18.0
TD+NOV,5,train,15,8.0
TD+NOV,5,train,16,12.0
TD+NOV,5,train,17,12.0
TD+NOV,5,train,18,15.0
TD+NOV,5,train,19,14.0
TD+NOV,5,train,20,11.0
TD+NOV,5,train,21,19.0
TD+NOV,5,train,22,13.0
TD+NOV,5,train,23,13.0
TD+NOV,5,train,24,10.0
TD+NOV,5,train,25,10.0
TD+NOV,5,train,26,12.0
TD+NOV,5,train,27,9.0
TD+NOV,5,train,28,15.0
TD+NOV,5,train,29,9.0
TD+NOV,5,train,30,11.0
TD+NOV,5,train,31,15.0
TD+NOV,5,train,32,9.0
TD+NOV,5,train,33,14.0
TD+NOV,5,train,34,9.0
TD+NOV,5,train,35,10.0
TD+NOV,5,train,36,9.0
TD+NOV,5,train,37,11.0
TD+NOV,5,train,38,12.0
TD+NOV,5,train,39,35.0
TD+NOV,5,train,40,13.0
TD+NOV,5,train,41,11.0
TD+NOV,5,train,42,14.0
TD+NOV,5,train,43,11.0
TD+NOV,5,train,44,18.0
TD+NOV,5,train,45,10.0
TD+NOV,5,train,46,10.0
TD+NOV,5,train,47,10.0
TD+NOV,5,train,48,16.0
TD+NOV,5,train,49,13.0
TD+NOV,5,train,50,10.0
TD+NOV,5,train,51,13.0
TD+NOV,5,train,52,10.0
TD+NOV,5,train,53,11.0
TD+NOV,5,train,54,10.0
TD+NOV,5,train,55,8.0
TD+NOV,5,train,56,11.0
TD+NOV,5,train,57,10.0
TD+NOV,5,train,58,11.0
TD+NOV,5,train,59,11.0
TD+NOV,5,train,60,15.0
TD+NOV,5,train,61,11.0
TD+NOV,5,train,62,9.0
TD+NOV,5,train,63,16.0
TD+NOV,5,train,64,12.0
TD+NOV,5,train,65,9.0
TD+NOV,5,train,66,10.0
TD+NOV,5,train,67,9.0
TD+NOV,5,train,68,10.0
TD+NOV,5,train,69,10.0
TD+NOV,5,train,70,12.0
TD+NOV,5,train,71,10.0
TD+NOV,5,train,72,12.0
TD+NOV,5,train,73,10.0
TD+NOV,5,train,74,15.0
TD+NOV,5,train,75,9.0
TD+NOV,5,train,76,10.0
TD+NOV,5,train,77,10.0
TD+NOV,5,train,78,10.0
TD+NOV,5,train,79,10.0
TD+NOV,5,train,80,10.0
TD+NOV,5,train,81,10.0
TD+NOV,5,train,82,9.0
TD+NOV,5,train,83,10.0
TD+NOV,5,train,84,10.0
TD+NOV,5,train,85,9.0
TD+NOV,5,train,86,10.0
TD+NOV,5,train,87,9.0
TD+NOV,5,train,88,9.0
TD+NOV,5,train,89,10.0
TD+NOV,5,train,90,10.0
TD+NOV,5,train,91,9.0
TD+NOV,5,train,92,12.0
TD+NOV,5,train,93,8.0
TD+NOV,5,train,94,13.0
TD+NOV,5,train,95,9.0
TD+NOV,5,train,96,12.0
TD+NOV,5,train,97,11.0
TD+NOV,5,train,98,9.0
TD+NOV,5,train,99,9.0
TD+NOV,5,train,100,11.0
TD+NOV,5,train,101,8.0
TD+NOV,5,train,102,11.0
TD+NOV,5,train,103,9.0
TD+NOV,5,train,104,10.0
TD+NOV,5,train,105,11.0
TD+NOV,5,train,106,11.0
TD+NOV,5,train,107,10.0
TD+NOV,5,train,108,14.0
TD+NOV,5,train,109,12.0
TD+NOV,5,train,110,11.0
TD+NOV,5,train,111,11.0
TD+NOV,5,train,112,13.0
TD+NOV,5,train,113,9.0
TD+NOV,5,train,114,13.0
TD+NOV,5,train,115,11.0
TD+NOV,5,train,116,14.0
TD+NOV,5,train,117,10.0
TD+NOV,5,train,118,10.0
TD+NOV,5,train,119,13.0
TD+NOV,5,train,120,10.0
TD+NOV,5,train,121,15.0
TD+NOV,5,train,122,10.0
TD+NOV,5,train,123,16.0
TD+NOV,5,train,124,15.0
TD+NOV,5,train,125,10.0
TD+NOV,5,train,126,11.0
TD+NOV,5,train,127,12.0
TD+NOV,5,train,128,12.0
TD+NOV,5,train,129,10.0
TD+NOV,5,train,130,12.0
TD+NOV,5,train,131,10.0
TD+NOV,5,train,132,12.0
TD+NOV,5,train,133,13.0
TD+NOV,5,train,134,10.0
TD+NOV,5,train,135,14.0
TD+NOV,5,train,136,9.0
TD+NOV,5,train,137,13.0
TD+NOV,5,train,138,11.0
TD+NOV,5,train,139,10.0
TD+NOV,5,train,140,15.0
TD+NOV,5,train,141,14.0
TD+NOV,5,train,142,14.0
TD+NOV,5,train,143,20.0
TD+NOV,5,train,144,11.0
TD+NOV,5,train,145,13.0
TD+NOV,5,train,146,13.0
TD+NOV,5,train,147,9.0
TD+NOV,5,train,148,11.0
TD+NOV,5,train,149,15.0
TD+NOV,5,train,150,12.0
TD+NOV,5,train,151,10.0
TD+NOV,5,train,152,16.0
TD+NOV,5,train,153,18.0
TD+NOV,5,train,154,17.0
TD+NOV,5,train,155,20.0
TD+NOV,5,train,156,14.0
TD+NOV,5,train,157,9.0
TD+NOV,5,train,158,14.0
TD+NOV,5,train,159,10.0
TD+NOV,5,train,160,12.0
TD+NOV,5,train,161,9.0
TD+NOV,5,train,162,9.0
TD+NOV,5,train,163,15.0
TD+NOV,5,train,164,10.0
TD+NOV,5,train,165,23.0
TD+NOV,5,train,166,13.0
TD+NOV,5,train,167,9.0
TD+NOV,5,train,168,10.0
TD+NOV,5,train,169,9.0
TD+NOV,5,train,170,13.0
TD+NOV,5,train,171,22.0
TD+NOV,5,train,172,24.0
TD+NOV,5,train,173,21.0
TD+NOV,5,train,174,8.0
TD+NOV,5,train,175,10.0
TD+NOV,5,train,176,9.0
TD+NOV,5,train,177,70.0
TD+NOV,5,train,178,10.0
TD+NOV,5,train,179,8.0
TD+NOV,5,train,180,13.0
TD+NOV,5,train,181,10.0
TD+NOV,5,train,182,9.0
TD+NOV,5,train,183,9.0
TD+NOV,5,train,184,13.0
TD+NOV,5,train,185,8.0
TD+NOV,5,train,186,10.0
TD+NOV,5,train,187,14.0
TD+NOV,5,train,188,16.0
TD+NOV,5,train,189,10.0
TD+NOV,5,train,190,9.0
TD+NOV,5,train,191,13.0
TD+NOV,5,train,192,9.0
TD+NOV,5,train,193,10.0
TD+NOV,5,train,194,11.0
TD+NOV,5,train,195,11.0
TD+NOV,5,train,196,10.0
TD+NOV,5,train,197,9.0
TD+NOV,5,train,198,12.0
TD+NOV,5,train,199,10.0
TD+NOV,5,train,200,11.0
TD+NOV,5,train,201,8.0
TD+NOV,5,train,202,11.0
TD+NOV,5,train,203,10.0
TD+NOV,5,train,204,9.0
TD+NOV,5,train,205,10.0
TD+NOV,5,train,206,10.0
TD+NOV,5,train,207,10.0
TD+NOV,5,train,208,10.0
TD+NOV,5,train,209,15.0
TD+NOV,5,train,210,9.0
TD+NOV,5,train,211,11.0
TD+NOV,5,train,212,10.0
TD+NOV,5,train,213,9.0
TD+NOV,5,train,214,8.0
TD+NOV,5,train,215,11.0
TD+NOV,5,train,216,8.0
TD+NOV,5,train,217,9.0
TD+NOV,5,train,218,13.0
TD+NOV,5,train,219,11.0
TD+NOV,5,train,220,13.0
TD+NOV,5,train,221,12.0
TD+NOV,5,train,222,11.0
TD+NOV,5,train,223,13.0
TD+NOV,5,train,224,12.0
TD+NOV,5,train,225,8.0
TD+NOV,5,train,226,10.0
TD+NOV,5,train,227,15.0
TD+NOV,5,train,228,10.0
TD+NOV,5,train,229,13.0
TD+NOV,5,train,230,12.0
TD+NOV,5,train,231,8.0
TD+NOV,5,train,232,10.0
TD+NOV,5,train,233,12.0
TD+NOV,5,train,234,12.0
TD+NOV,5,train,235,10.0
TD+NOV,5,train,236,9.0
TD+NOV,5,train,237,10.0
TD+NOV,5,train,238,10.0
TD+NOV,5,train,239,11.0
TD+NOV,5,train,240,11.0
TD+NOV,5,train,241,9.0
TD+NOV,5,train,242,9.0
TD+NOV,5,train,243,13.0
TD+NOV,5,train,244,8.0
TD+NOV,5,train,245,13.0
TD+NOV,5,train,246,11.0
TD+NOV,5,train,247,9.0
TD+NOV,5,train,248,17.0
TD+NOV,5,train,249,12.0
TD+NOV,5,train,250,12.0
TD+NOV,5,train,251,16.0
TD+NOV,5,train,252,11.0
TD+NOV,5,train,253,20.0
TD+NOV,5,train,254,11.0
TD+NOV,5,train,255,20.0
TD+NOV,5,train,256,10.0
TD+NOV,5,train,257,11.0
TD+NOV,5,train,258,36.0
TD+NOV,5,train,259,118.0
TD+NOV,5,train,260,12.0
TD+NOV,5,train,261,14.0
TD+NOV,5,train,262,24.0
TD+NOV,5,train,263,13.0
TD+NOV,5,train,264,16.0
TD+NOV,5,train,265,90.0
TD+NOV,5,train,266,16.0
TD+NOV,5,train,267,19.0
TD+NOV,5,train,268,32.0
TD+NOV,5,train,269,23.0
TD+NOV,5,train,270,45.0
TD+NOV,5,train,271,126.0
TD+NOV,5,train,272,22.0
TD+NOV,5,train,273,22.0
TD+NOV,5,train,274,78.0
TD+NOV,5,train,275,78.0
TD+NOV,5,train,276,126.0
TD+NOV,5,train,277,41.0
TD+NOV,5,train,278,106.0
TD+NOV,5,train,279,49.0
TD+NOV,5,train,280,105.0
TD+NOV,5,train,281,33.0
TD+NOV,5,train,282,117.0
TD+NOV,5,train,283,109.0
TD+NOV,5,train,284,143.0
TD+NOV,5,train,285,33.0
TD+NOV,5,train,286,74.0
TD+NOV,5,train,287,28.0
TD+NOV,5,train,288,31.0
TD+NOV,5,train,289,27.0
TD+NOV,5,train,290,23.0
TD+NOV,5,train,291,54.0
TD+NOV,5,train,292,129.0
TD+NOV,5,train,293,56.0
TD+NOV,5,train,294,53.0
TD+NOV,5,train,295,60.0
TD+NOV,5,train,296,40.0
TD+NOV,5,train,297,60.0
TD+NOV,5,train,298,88.0
TD+NOV,5,train,299,188.0
TD+NOV,5,train,300,34.0
TD+NOV,5,train,301,104.0
TD+NOV,5,train,302,36.0
TD+NOV,5,train,303,37.0
TD+NOV,5,train,304,62.0
TD+NOV,5,train,305,42.0
TD+NOV,5,train,306,109.0
TD+NOV,5,train,307,131.0
TD+NOV,5,train,308,100.0
TD+NOV,5,train,309,64.0
TD+NOV,5,train,310,100.0
TD+NOV,5,train,311,157.0
TD+NOV,5,train,312,47.0
TD+NOV,5,train,313,97.0
TD+NOV,5,train,314,146.0
TD+NOV,5,train,315,61.0
TD+NOV,5,train,316,87.0
TD+NOV,5,train,317,51.0
TD+NOV,5,train,318,267.0
TD+NOV,5,train,319,114.0
TD+NOV,5,train,320,31.0
TD+NOV,5,train,321,32.0
TD+NOV,5,train,322,28.0
TD+NOV,5,train,323,51.0
TD+NOV,5,train,324,192.0
TD+NOV,5,train,325,261.0
TD+NOV,5,train,326,80.0
TD+NOV,5,train,327,65.0
TD+NOV,5,train,328,80.0
TD+NOV,5,train,329,84.0
TD+NOV,5,train,330,119.0
TD+NOV,5,train,331,83.0
TD+NOV,5,train,332,50.0
TD+NOV,5,train,333,123.0
TD+NOV,5,train,334,81.0
TD+NOV,5,train,335,114.0
TD+NOV,5,train,336,48.0
TD+NOV,5,train,337,106.0
TD+NOV,5,train,338,109.0
TD+NOV,5,train,339,177.0
TD+NOV,5,train,340,79.0
TD+NOV,5,train,341,58.0
TD+NOV,5,train,342,125.0
TD+NOV,5,train,343,65.0
TD+NOV,5,train,344,43.0
TD+NOV,5,train,345,198.0
TD+NOV,5,train,346,196.0
TD+NOV,5,train,347,52.0
TD+NOV,5,train,348,82.0
TD+NOV,5,train,349,54.0
TD+NOV,5,train,350,154.0
TD+NOV,5,train,351,75.0
TD+NOV,5,train,352,160.0
TD+NOV,5,train,353,45.0
TD+NOV,5,train,354,37.0
TD+NOV,5,train,355,36.0
TD+NOV,5,train,356,92.0
TD+NOV,5,train,357,135.0
TD+NOV,5,train,358,53.0
TD+NOV,5,train,359,135.0
TD+NOV,5,train,360,123.0
TD+NOV,5,train,361,156.0
TD+NOV,5,train,362,53.0
TD+NOV,5,train,363,71.0
TD+NOV,5,train,364,80.0
TD+NOV,5,train,365,57.0
TD+NOV,5,train,366,85.0
TD+NOV,5,train,367,271.0
TD+NOV,5,train,368,111.0
TD+NOV,5,train,369,85.0
TD+NOV,5,train,370,76.0
TD+NOV,5,train,371,142.0
TD+NOV,5,train,372,83.0
TD+NOV,5,train,373,122.0
TD+NOV,5,train,374,166.0
TD+NOV,5,train,375,57.0
TD+NOV,5,train,376,23.0
TD+NOV,5,train,377,48.0
TD+NOV,5,train,378,70.0
TD+NOV,5,train,379,214.0
TD+NOV,5,train,380,74.0
TD+NOV,5,train,381,85.0
TD+NOV,5,train,382,56.0
TD+NOV,5,train,383,89.0
TD+NOV,5,train,384,89.0
TD+NOV,5,train,385,62.0
TD+NOV,5,train,386,295.0
TD+NOV,5,train,387,107.0
TD+NOV,5,train,388,160.0
TD+NOV,5,train,389,116.0
TD+NOV,5,train,390,79.0
TD+NOV,5,train,391,44.0
TD+NOV,5,train,392,106.0
TD+NOV,5,train,393,127.0
TD+NOV,5,train,394,121.0
TD+NOV,5,train,395,76.0
TD+NOV,5,train,396,165.0
TD+NOV,5,train,397,177.0
TD+NOV,5,train,398,72.0
TD+NOV,5,train,399,68.0
TD+NOV,5,train,400,70.0
TD+NOV,5,train,401,62.0
TD+NOV,5,train,402,46.0
TD+NOV,5,train,403,189.0
TD+NOV,5,train,404,223.0
TD+NOV,5,train,405,97.0
TD+NOV,5,train,406,111.0
TD+NOV,5,train,407,182.0
TD+NOV,5,train,408,374.0
TD+NOV,5,train,409,189.0
TD+NOV,5,train,410,155.0
TD+NOV,5,train,411,145.0
TD+NOV,5,train,412,169.0
TD+NOV,5,train,413,500.0
TD+NOV,5,train,414,88.0
TD+NOV,5,train,415,204.0
TD+NOV,5,train,416,199.0
TD+NOV,5,train,417,217.0
TD+NOV,5,train,418,157.0
TD+NOV,5,train,419,225.0
TD+NOV,5,train,420,161.0
TD+NOV,5,train,421,227.0
TD+NOV,5,train,422,144.0
TD+NOV,5,train,423,159.0
TD+NOV,5,train,424,144.0
TD+NOV,5,train,425,145.0
TD+NOV,5,train,426,172.0
TD+NOV,5,train,427,341.0
TD+NOV,5,train,428,248.0
TD+NOV,5,train,429,156.0
TD+NOV,5,train,430,255.0
TD+NOV,5,train,431,205.0
TD+NOV,5,train,432,218.0
TD+NOV,5,train,433,148.0
TD+NOV,5,train,434,262.0
TD+NOV,5,train,435,388.0
TD+NOV,5,train,436,279.0
TD+NOV,5,train,437,233.0
TD+NOV,5,train,438,255.0
TD+NOV,5,train,439,280.0
TD+NOV,5,train,440,205.0
TD+NOV,5,train,441,500.0
TD+NOV,5,train,442,500.0
TD+NOV,5,train,443,268.0
TD+NOV,5,train,444,208.0
TD+NOV,5,train,445,201.0
TD+NOV,5,train,446,260.0
TD+NOV,5,train,447,375.0
TD+NOV,5,train,448,172.0
TD+NOV,5,train,449,156.0
TD+NOV,5,train,450,469.0
TD+NOV,5,train,451,178.0
TD+NOV,5,train,452,154.0
TD+NOV,5,train,453,432.0
TD+NOV,5,train,454,159.0
TD+NOV,5,train,455,500.0
TD+NOV,5,train,456,170.0
TD+NOV,5,train,457,169.0
TD+NOV,5,train,458,135.0
TD+NOV,5,train,459,176.0
TD+NOV,5,train,460,197.0
TD+NOV,5,train,461,175.0
TD+NOV,5,train,462,186.0
TD+NOV,5,train,463,188.0
TD+NOV,5,train,464,242.0
TD+NOV,5,train,465,147.0
TD+NOV,5,train,466,178.0
TD+NOV,5,train,467,302.0
TD+NOV,5,train,468,162.0
TD+NOV,5,train,469,151.0
TD+NOV,5,train,470,312.0
TD+NOV,5,train,471,197.0
TD+NOV,5,train,472,475.0
TD+NOV,5,train,473,121.0
TD+NOV,5,train,474,137.0
TD+NOV,5,train,475,168.0
TD+NOV,5,train,476,147.0
TD+NOV,5,train,477,163.0
TD+NOV,5,train,478,138.0
TD+NOV,5,train,479,129.0
TD+NOV,5,train,480,157.0
TD+NOV,5,train,481,147.0
TD+NOV,5,train,482,127.0
TD+NOV,5,train,483,171.0
TD+NOV,5,train,484,180.0
TD+NOV,5,train,485,178.0
TD+NOV,5,train,486,159.0
TD+NOV,5,train,487,158.0
TD+NOV,5,train,488,128.0
TD+NOV,5,train,489,413.0
TD+NOV,5,train,490,20.0
TD+NOV,5,train,491,158.0
TD+NOV,5,train,492,21.0
TD+NOV,5,train,493,128.0
TD+NOV,5,train,494,22.0
TD+NOV,5,train,495,295.0
TD+NOV,5,train,496,19.0
TD+NOV,5,train,497,400.0
TD+NOV,5,train,498,21.0
TD+NOV,5,train,499,144.0
TD+NOV,5,train,500,13.0
TD+NOV,6,train,1,44.0
TD+NOV,6,train,2,14.0
TD+NOV,6,train,3,53.0
TD+NOV,6,train,4,12.0
TD+NOV,6,train,5,25.0
TD+NOV,6,train,6,40.0
TD+NOV,6,train,7,14.0
TD+NOV,6,train,8,13.0
TD+NOV,6,train,9,48.0
TD+NOV,6,train,10,67.0
TD+NOV,6,train,11,67.0
TD+NOV,6,train,12,49.0
TD+NOV,6,train,13,31.0
TD+NOV,6,train,14,67.0
TD+NOV,6,train,15,54.0
TD+NOV,6,train,16,25.0
TD+NOV,6,train,17,34.0
TD+NOV,6,train,18,10.0
TD+NOV,6,train,19,25.0
TD+NOV,6,train,20,44.0
TD+NOV,6,train,21,10.0
TD+NOV,6,train,22,14.0
TD+NOV,6,train,23,16.0
TD+NOV,6,train,24,29.0
TD+NOV,6,train,25,11.0
TD+NOV,6,train,26,10.0
TD+NOV,6,train,27,8.0
TD+NOV,6,train,28,10.0
TD+NOV,6,train,29,8.0
TD+NOV,6,train,30,11.0
TD+NOV,6,train,31,13.0
TD+NOV,6,train,32,11.0
TD+NOV,6,train,33,12.0
TD+NOV,6,train,34,10.0
TD+NOV,6,train,35,13.0
TD+NOV,6,train,36,9.0
TD+NOV,6,train,37,8.0
TD+NOV,6,train,38,9.0
TD+NOV,6,train,39,9.0
TD+NOV,6,train,40,12.0
TD+NOV,6,train,41,13.0
TD+NOV,6,train,42,9.0
TD+NOV,6,train,43,11.0
TD+NOV,6,train,44,12.0
TD+NOV,6,train,45,12.0
TD+NOV,6,train,46,10.0
TD+NOV,6,train,47,10.0
TD+NOV,6,train,48,9.0
TD+NOV,6,train,49,9.0
TD+NOV,6,train,50,8.0
TD+NOV,6,train,51,9.0
TD+NOV,6,train,52,9.0
TD+NOV,6,train,53,10.0
TD+NOV,6,train,54,11.0
TD+NOV,6,train,55,9.0
TD+NOV,6,train,56,9.0
TD+NOV,6,train,57,10.0
TD+NOV,6,train,58,14.0
TD+NOV,6,train,59,11.0
TD+NOV,6,train,60,12.0
TD+NOV,6,train,61,11.0
TD+NOV,6,train,62,10.0
TD+NOV,6,train,63,10.0
TD+NOV,6,train,64,10.0
TD+NOV,6,train,65,9.0
TD+NOV,6,train,66,11.0
TD+NOV,6,train,67,12.0
TD+NOV,6,train,68,9.0
TD+NOV,6,train,69,9.0
TD+NOV,6,train,70,10.0
TD+NOV,6,train,71,11.0
TD+NOV,6,train,72,9.0
TD+NOV,6,train,73,9.0
TD+NOV,6,train,74,13.0
TD+NOV,6,train,75,12.0
TD+NOV,6,train,76,11.0
TD+NOV,6,train,77,9.0
TD+NOV,6,train,78,9.0
TD+NOV,6,train,79,12.0
TD+NOV,6,train,80,13.0
TD+NOV,6,train,81,10.0
TD+NOV,6,train,82,11.0
TD+NOV,6,train,83,9.0
TD+NOV,6,train,84,10.0
TD+NOV,6,train,85,14.0
TD+NOV,6,train,86,10.0
TD+NOV,6,train,87,10.0
TD+NOV,6,train,88,11.0
TD+NOV,6,train,89,11.0
TD+NOV,6,train,90,9.0
TD+NOV,6,train,91,9.0
TD+NOV,6,train,92,12.0
TD+NOV,6,train,93,12.0
TD+NOV,6,train,94,11.0
TD+NOV,6,train,95,9.0
TD+NOV,6,train,96,11.0
TD+NOV,6,train,97,10.0
TD+NOV,6,train,98,11.0
TD+NOV,6,train,99,10.0
TD+NOV,6,train,100,14.0
TD+NOV,6,train,101,16.0
TD+NOV,6,train,102,14.0
TD+NOV,6,train,103,13.0
TD+NOV,6,train,104,13.0
TD+NOV,6,train,105,17.0
TD+NOV,6,train,106,16.0
TD+NOV,6,train,107,9.0
TD+NOV,6,train,108,9.0
TD+NOV,6,train,109,23.0
TD+NOV,6,train,110,13.0
TD+NOV,6,train,111,11.0
TD+NOV,6,train,112,30.0
TD+NOV,6,train,113,18.0
TD+NOV,6,train,114,19.0
TD+NOV,6,train,115,14.0
TD+NOV,6,train,116,18.0
TD+NOV,6,train,117,24.0
TD+NOV,6,train,118,12.0
TD+NOV,6,train,119,16.0
TD+NOV,6,train,120,23.0
TD+NOV,6,train,121,18.0
TD+NOV,6,train,122,29.0
TD+NOV,6,train,123,15.0
TD+NOV,6,train,124,26.0
TD+NOV,6,train,125,22.0
TD+NOV,6,train,126,17.0
TD+NOV,6,train,127,35.0
TD+NOV,6,train,128,17.0
TD+NOV,6,train,129,28.0
TD+NOV,6,train,130,31.0
TD+NOV,6,train,131,43.0
TD+NOV,6,train,132,59.0
TD+NOV,6,train,133,61.0
TD+NOV,6,train,134,42.0
TD+NOV,6,train,135,10.0
TD+NOV,6,train,136,27.0
TD+NOV,6,train,137,14.0
TD+NOV,6,train,138,14.0
TD+NOV,6,train,139,21.0
TD+NOV,6,train,140,47.0
TD+NOV,6,train,141,52.0
TD+NOV,6,train,142,122.0
TD+NOV,6,train,143,20.0
TD+NOV,6,train,144,27.0
TD+NOV,6,train,145,105.0
TD+NOV,6,train,146,23.0
TD+NOV,6,train,147,27.0
TD+NOV,6,train,148,27.0
TD+NOV,6,train,149,29.0
TD+NOV,6,train,150,39.0
TD+NOV,6,train,151,55.0
TD+NOV,6,train,152,31.0
TD+NOV,6,train,153,45.0
TD+NOV,6,train,154,29.0
TD+NOV,6,train,155,122.0
TD+NOV,6,train,156,18.0
TD+NOV,6,train,157,20.0
TD+NOV,6,train,158,38.0
TD+NOV,6,train,159,55.0
TD+NOV,6,train,160,37.0
TD+NOV,6,train,161,22.0
TD+NOV,6,train,162,25.0
TD+NOV,6,train,163,36.0
TD+NOV,6,train,164,27.0
TD+NOV,6,train,165,62.0
TD+NOV,6,train,166,62.0
TD+NOV,6,train,167,33.0
TD+NOV,6,train,168,26.0
TD+NOV,6,train,169,47.0
TD+NOV,6,train,170,46.0
TD+NOV,6,train,171,37.0
TD+NOV,6,train,172,75.0
TD+NOV,6,train,173,34.0
TD+NOV,6,train,174,59.0
TD+NOV,6,train,175,58.0
TD+NOV,6,train,176,58.0
TD+NOV,6,train,177,56.0
TD+NOV,6,train,178,53.0
TD+NOV,6,train,179,57.0
TD+NOV,6,train,180,62.0
TD+NOV,6,train,181,67.0
TD+NOV,6,train,182,44.0
TD+NOV,6,train,183,34.0
TD+NOV,6,train,184,35.0
TD+NOV,6,train,185,41.0
TD+NOV,6,train,186,48.0
TD+NOV,6,train,187,61.0
TD+NOV,6,train,188,75.0
TD+NOV,6,train,189,66.0
TD+NOV,6,train,190,92.0
TD+NOV,6,train,191,40.0
TD+NOV,6,train,192,67.0
TD+NOV,6,train,193,76.0
TD+NOV,6,train,194,27.0
TD+NOV,6,train,195,75.0
TD+NOV,6,train,196,77.0
TD+NOV,6,train,197,36.0
TD+NOV,6,train,198,42.0
TD+NOV,6,train,199,69.0
TD+NOV,6,train,200,90.0
TD+NOV,6,train,201,127.0
TD+NOV,6,train,202,94.0
TD+NOV,6,train,203,119.0
TD+NOV,6,train,204,59.0
TD+NOV,6,train,205,54.0
TD+NOV,6,train,206,76.0
TD+NOV,6,train,207,134.0
TD+NOV,6,train,208,71.0
TD+NOV,6,train,209,48.0
TD+NOV,6,train,210,70.0
TD+NOV,6,train,211,47.0
TD+NOV,6,train,212,55.0
TD+NOV,6,train,213,72.0
TD+NOV,6,train,214,83.0
TD+NOV,6,train,215,52.0
TD+NOV,6,train,216,116.0
TD+NOV,6,train,217,56.0
TD+NOV,6,train,218,68.0
TD+NOV,6,train,219,85.0
TD+NOV,6,train,220,73.0
TD+NOV,6,train,221,44.0
TD+NOV,6,train,222,37.0
TD+NOV,6,train,223,30.0
TD+NOV,6,train,224,89.0
TD+NOV,6,train,225,71.0
TD+NOV,6,train,226,55.0
TD+NOV,6,train,227,61.0
TD+NOV,6,train,228,106.0
TD+NOV,6,train,229,44.0
TD+NOV,6,train,230,111.0
TD+NOV,6,train,231,50.0
TD+NOV,6,train,232,79.0
TD+NOV,6,train,233,90.0
TD+NOV,6,train,234,55.0
TD+NOV,6,train,235,88.0
TD+NOV,6,train,236,151.0
TD+NOV,6,train,237,106.0
TD+NOV,6,train,238,48.0
TD+NOV,6,train,239,173.0
TD+NOV,6,train,240,41.0
TD+NOV,6,train,241,69.0
TD+NOV,6,train,242,78.0
TD+NOV,6,train,243,91.0
TD+NOV,6,train,244,42.0
TD+NOV,6,train,245,109.0
TD+NOV,6,train,246,88.0
TD+NOV,6,train,247,69.0
TD+NOV,6,train,248,111.0
TD+NOV,6,train,249,67.0
TD+NOV,6,train,250,111.0
TD+NOV,6,train,251,76.0
TD+NOV,6,train,252,89.0
TD+NOV,6,train,253,97.0
TD+NOV,6,train,254,74.0
TD+NOV,6,train,255,72.0
TD+NOV,6,train,256,129.0
TD+NOV,6,train,257,70.0
TD+NOV,6,train,258,40.0
TD+NOV,6,train,259,80.0
TD+NOV,6,train,260,64.0
TD+NOV,6,train,261,53.0
TD+NOV,6,train,262,178.0
TD+NOV,6,train,263,93.0
TD+NOV,6,train,264,67.0
TD+NOV,6,train,265,68.0
TD+NOV,6,train,266,146.0
TD+NOV,6,train,267,131.0
TD+NOV,6,train,268,91.0
TD+NOV,6,train,269,79.0
TD+NOV,6,train,270,117.0
TD+NOV,6,train,271,70.0
TD+NOV,6,train,272,159.0
TD+NOV,6,train,273,85.0
TD+NOV,6,train,274,130.0
TD+NOV,6,train,275,102.0
TD+NOV,6,train,276,172.0
TD+NOV,6,train,277,76.0
TD+NOV,6,train,278,194.0
TD+NOV,6,train,279,251.0
TD+NOV,6,train,280,153.0
TD+NOV,6,train,281,104.0
TD+NOV,6,train,282,179.0
TD+NOV,6,train,283,179.0
TD+NOV,6,train,284,187.0
TD+NOV,6,train,285,320.0
TD+NOV,6,train,286,161.0
TD+NOV,6,train,287,320.0
TD+NOV,6,train,288,212.0
TD+NOV,6,train,289,198.0
TD+NOV,6,train,290,247.0
TD+NOV,6,train,291,113.0
TD+NOV,6,train,292,132.0
TD+NOV,6,train,293,140.0
TD+NOV,6,train,294,64.0
TD+NOV,6,train,295,150.0
TD+NOV,6,train,296,182.0
TD+NOV,6,train,297,169.0
TD+NOV,6,train,298,183.0
TD+NOV,6,train,299,224.0
TD+NOV,6,train,300,115.0
TD+NOV,6,train,301,301.0
TD+NOV,6,train,302,247.0
TD+NOV,6,train,303,203.0
TD+NOV,6,train,304,205.0
TD+NOV,6,train,305,306.0
TD+NOV,6,train,306,211.0
TD+NOV,6,train,307,231.0
TD+NOV,6,train,308,430.0
TD+NOV,6,train,309,265.0
TD+NOV,6,train,310,371.0
TD+NOV,6,train,311,350.0
TD+NOV,6,train,312,408.0
TD+NOV,6,train,313,278.0
TD+NOV,6,train,314,309.0
TD+NOV,6,train,315,237.0
TD+NOV,6,train,316,243.0
TD+NOV,6,train,317,366.0
TD+NOV,6,train,318,205.0
TD+NOV,6,train,319,296.0
TD+NOV,6,train,320,250.0
TD+NOV,6,train,321,290.0
TD+NOV,6,train,322,337.0
TD+NOV,6,train,323,269.0
TD+NOV,6,train,324,254.0
TD+NOV,6,train,325,273.0
TD+NOV,6,train,326,281.0
TD+NOV,6,train,327,359.0
TD+NOV,6,train,328,274.0
TD+NOV,6,train,329,298.0
TD+NOV,6,train,330,456.0
TD+NOV,6,train,331,358.0
TD+NOV,6,train,332,306.0
TD+NOV,6,train,333,500.0
TD+NOV,6,train,334,395.0
TD+NOV,6,train,335,308.0
TD+NOV,6,train,336,299.0
TD+NOV,6,train,337,287.0
TD+NOV,6,train,338,312.0
TD+NOV,6,train,339,323.0
TD+NOV,6,train,340,309.0
TD+NOV,6,train,341,239.0
TD+NOV,6,train,342,286.0
TD+NOV,6,train,343,285.0
TD+NOV,6,train,344,254.0
TD+NOV,6,train,345,234.0
TD+NOV,6,train,346,269.0
TD+NOV,6,train,347,318.0
TD+NOV,6,train,348,240.0
TD+NOV,6,train,349,261.0
TD+NOV,6,train,350,363.0
TD+NOV,6,train,351,344.0
TD+NOV,6,train,352,246.0
TD+NOV,6,train,353,254.0
TD+NOV,6,train,354,429.0
TD+NOV,6,train,355,317.0
TD+NOV,6,train,356,260.0
TD+NOV,6,train,357,224.0
TD+NOV,6,train,358,373.0
TD+NOV,6,train,359,220.0
TD+NOV,6,train,360,187.0
TD+NOV,6,train,361,229.0
TD+NOV,6,train,362,500.0
TD+NOV,6,train,363,282.0
TD+NOV,6,train,364,500.0
TD+NOV,6,train,365,252.0
TD+NOV,6,train,366,250.0
TD+NOV,6,train,367,343.0
TD+NOV,6,train,368,353.0
TD+NOV,6,train,369,500.0
TD+NOV,6,train,370,500.0
TD+NOV,6,train,371,500.0
TD+NOV,6,train,372,478.0
TD+NOV,6,train,373,379.0
TD+NOV,6,train,374,500.0
TD+NOV,6,train,375,481.0
TD+NOV,6,train,376,500.0
TD+NOV,6,train,377,500.0
TD+NOV,6,train,378,478.0
TD+NOV,6,train,379,416.0
TD+NOV,6,train,380,500.0
TD+NOV,6,train,381,436.0
TD+NOV,6,train,382,471.0
TD+NOV,6,train,383,329.0
TD+NOV,6,train,384,415.0
TD+NOV,6,train,385,500.0
TD+NOV,6,train,386,297.0
TD+NOV,6,train,387,328.0
TD+NOV,6,train,388,275.0
TD+NOV,6,train,389,310.0
TD+NOV,6,train,390,318.0
TD+NOV,6,train,391,347.0
TD+NOV,6,train,392,311.0
TD+NOV,6,train,393,285.0
TD+NOV,6,train,394,260.0
TD+NOV,6,train,395,336.0
TD+NOV,6,train,396,500.0
TD+NOV,6,train,397,500.0
TD+NOV,6,train,398,500.0
TD+NOV,6,train,399,435.0
TD+NOV,6,train,400,366.0
TD+NOV,6,train,401,390.0
TD+NOV,6,train,402,311.0
TD+NOV,6,train,403,500.0
TD+NOV,6,train,404,357.0
TD+NOV,6,train,405,280.0
TD+NOV,6,train,406,500.0
TD+NOV,6,train,407,351.0
TD+NOV,6,train,408,395.0
TD+NOV,6,train,409,277.0
TD+NOV,6,train,410,500.0
TD+NOV,6,train,411,298.0
TD+NOV,6,train,412,331.0
TD+NOV,6,train,413,383.0
TD+NOV,6,train,414,254.0
TD+NOV,6,train,415,326.0
TD+NOV,6,train,416,330.0
TD+NOV,6,train,417,251.0
TD+NOV,6,train,418,468.0
TD+NOV,6,train,419,500.0
TD+NOV,6,train,420,478.0
TD+NOV,6,train,421,355.0
TD+NOV,6,train,422,313.0
TD+NOV,6,train,423,297.0
TD+NOV,6,train,424,275.0
TD+NOV,6,train,425,500.0
TD+NOV,6,train,426,291.0
TD+NOV,6,train,427,500.0
TD+NOV,6,train,428,489.0
TD+NOV,6,train,429,500.0
TD+NOV,6,train,430,500.0
TD+NOV,6,train,431,421.0
TD+NOV,6,train,432,311.0
TD+NOV,6,train,433,253.0
TD+NOV,6,train,434,306.0
TD+NOV,6,train,435,500.0
TD+NOV,6,train,436,359.0
TD+NOV,6,train,437,378.0
TD+NOV,6,train,438,310.0
TD+NOV,6,train,439,500.0
TD+NOV,6,train,440,368.0
TD+NOV,6,train,441,497.0
TD+NOV,6,train,442,500.0
TD+NOV,6,train,443,422.0
TD+NOV,6,train,444,500.0
TD+NOV,6,train,445,500.0
TD+NOV,6,train,446,273.0
TD+NOV,6,train,447,500.0
TD+NOV,6,train,448,500.0
TD+NOV,6,train,449,500.0
TD+NOV,6,train,450,500.0
TD+NOV,6,train,451,500.0
TD+NOV,6,train,452,491.0
TD+NOV,6,train,453,500.0
TD+NOV,6,train,454,476.0
TD+NOV,6,train,455,500.0
TD+NOV,6,train,456,500.0
TD+NOV,6,train,457,500.0
TD+NOV,6,train,458,498.0
TD+NOV,6,train,459,352.0
TD+NOV,6,train,460,451.0
TD+NOV,6,train,461,424.0
TD+NOV,6,train,462,500.0
TD+NOV,6,train,463,417.0
TD+NOV,6,train,464,442.0
TD+NOV,6,train,465,445.0
TD+NOV,6,train,466,500.0
TD+NOV,6,train,467,415.0
TD+NOV,6,train,468,368.0
TD+NOV,6,train,469,404.0
TD+NOV,6,train,470,472.0
TD+NOV,6,train,471,431.0
TD+NOV,6,train,472,500.0
TD+NOV,6,train,473,500.0
TD+NOV,6,train,474,500.0
TD+NOV,6,train,475,342.0
TD+NOV,6,train,476,383.0
TD+NOV,6,train,477,370.0
TD+NOV,6,train,478,439.0
TD+NOV,6,train,479,390.0
TD+NOV,6,train,480,346.0
TD+NOV,6,train,481,500.0
TD+NOV,6,train,482,398.0
TD+NOV,6,train,483,457.0
TD+NOV,6,train,484,368.0
TD+NOV,6,train,485,368.0
TD+NOV,6,train,486,398.0
TD+NOV,6,train,487,321.0
TD+NOV,6,train,488,500.0
TD+NOV,6,train,489,333.0
TD+NOV,6,train,490,312.0
TD+NOV,6,train,491,411.0
TD+NOV,6,train,492,369.0
TD+NOV,6,train,493,353.0
TD+NOV,6,train,494,500.0
TD+NOV,6,train,495,336.0
TD+NOV,6,train,496,371.0
TD+NOV,6,train,497,500.0
TD+NOV,6,train,498,390.0
TD+NOV,6,train,499,360.0
TD+NOV,6,train,500,363.0
TD+NOV,7,train,1,15.0
TD+NOV,7,train,2,16.0
TD+NOV,7,train,3,17.0
TD+NOV,7,train,4,95.0
TD+NOV,7,train,5,29.0
TD+NOV,7,train,6,19.0
TD+NOV,7,train,7,16.0
TD+NOV,7,train,8,30.0
TD+NOV,7,train,9,30.0
TD+NOV,7,train,10,21.0
TD+NOV,7,train,11,10.0
TD+NOV,7,train,12,19.0
TD+NOV,7,train,13,30.0
TD+NOV,7,train,14,34.0
TD+NOV,7,train,15,9.0
TD+NOV,7,train,16,16.0
TD+NOV,7,train,17,46.0
TD+NOV,7,train,18,21.0
TD+NOV,7,train,19,9.0
TD+NOV,7,train,20,8.0
TD+NOV,7,train,21,17.0
TD+NOV,7,train,22,11.0
TD+NOV,7,train,23,12.0
TD+NOV,7,train,24,14.0
TD+NOV,7,train,25,10.0
TD+NOV,7,train,26,12.0
TD+NOV,7,train,27,10.0
TD+NOV,7,train,28,27.0
TD+NOV,7,train,29,13.0
TD+NOV,7,train,30,10.0
TD+NOV,7,train,31,17.0
TD+NOV,7,train,32,9.0
TD+NOV,7,train,33,10.0
TD+NOV,7,train,34,9.0
TD+NOV,7,train,35,12.0
TD+NOV,7,train,36,9.0
TD+NOV,7,train,37,11.0
TD+NOV,7,train,38,14.0
TD+NOV,7,train,39,16.0
TD+NOV,7,train,40,10.0
TD+NOV,7,train,41,11.0
TD+NOV,7,train,42,9.0
TD+NOV,7,train,43,12.0
TD+NOV,7,train,44,9.0
TD+NOV,7,train,45,10.0
TD+NOV,7,train,46,9.0
TD+NOV,7,train,47,8.0
TD+NOV,7,train,48,10.0
TD+NOV,7,train,49,13.0
TD+NOV,7,train,50,10.0
TD+NOV,7,train,51,12.0
TD+NOV,7,train,52,8.0
TD+NOV,7,train,53,9.0
TD+NOV,7,train,54,10.0
TD+NOV,7,train,55,12.0
TD+NOV,7,train,56,10.0
TD+NOV,7,train,57,11.0
TD+NOV,7,train,58,9.0
TD+NOV,7,train,59,9.0
TD+NOV,7,train,60,17.0
TD+NOV,7,train,61,10.0
TD+NOV,7,train,62,12.0
TD+NOV,7,train,63,10.0
TD+NOV,7,train,64,10.0
TD+NOV,7,train,65,14.0
TD+NOV,7,train,66,10.0
TD+NOV,7,train,67,10.0
TD+NOV,7,train,68,11.0
TD+NOV,7,train,69,12.0
TD+NOV,7,train,70,14.0
TD+NOV,7,train,71,10.0
TD+NOV,7,train,72,10.0
TD+NOV,7,train,73,9.0
TD+NOV,7,train,74,14.0
TD+NOV,7,train,75,10.0
TD+NOV,7,train,76,14.0
TD+NOV,7,train,77,10.0
TD+NOV,7,train,78,10.0
TD+NOV,7,train,79,13.0
TD+NOV,7,train,80,10.0
TD+NOV,7,train,81,16.0
TD+NOV,7,train,82,10.0
TD+NOV,7,train,83,10.0
TD+NOV,7,train,84,11.0
TD+NOV,7,train,85,9.0
TD+NOV,7,train,86,10.0
TD+NOV,7,train,87,10.0
TD+NOV,7,train,88,9.0
TD+NOV,7,train,89,9.0
TD+NOV,7,train,90,10.0
TD+NOV,7,train,91,9.0
TD+NOV,7,train,92,10.0
TD+NOV,7,train,93,9.0
TD+NOV,7,train,94,11.0
TD+NOV,7,train,95,10.0
TD+NOV,7,train,96,9.0
TD+NOV,7,train,97,9.0
TD+NOV,7,train,98,8.0
TD+NOV,7,train,99,10.0
TD+NOV,7,train,100,9.0
TD+NOV,7,train,101,10.0
TD+NOV,7,train,102,11.0
TD+NOV,7,train,103,10.0
TD+NOV,7,train,104,9.0
TD+NOV,7,train,105,10.0
TD+NOV,7,train,106,11.0
TD+NOV,7,train,107,10.0
TD+NOV,7,train,108,11.0
TD+NOV,7,train,109,14.0
TD+NOV,7,train,110,12.0
TD+NOV,7,train,111,9.0
TD+NOV,7,train,112,10.0
TD+NOV,7,train,113,9.0
TD+NOV,7,train,114,10.0
TD+NOV,7,train,115,10.0
TD+NOV,7,train,116,9.0
TD+NOV,7,train,117,12.0
TD+NOV,7,train,118,9.0
TD+NOV,7,train,119,10.0
TD+NOV,7,train,120,13.0
TD+NOV,7,train,121,10.0
TD+NOV,7,train,122,12.0
TD+NOV,7,train,123,9.0
TD+NOV,7,train,124,11.0
TD+NOV,7,train,125,11.0
TD+NOV,7,train,126,12.0
TD+NOV,7,train,127,10.0
TD+NOV,7,train,128,12.0
TD+NOV,7,train,129,9.0
TD+NOV,7,train,130,13.0
TD+NOV,7,train,131,12.0
TD+NOV,7,train,132,11.0
TD+NOV,7,train,133,12.0
TD+NOV,7,train,134,10.0
TD+NOV,7,train,135,12.0
TD+NOV,7,train,136,10.0
TD+NOV,7,train,137,9.0
TD+NOV,7,train,138,9.0
TD+NOV,7,train,139,10.0
TD+NOV,7,train,140,16.0
TD+NOV,7,train,141,14.0
TD+NOV,7,train,142,10.0
TD+NOV,7,train,143,11.0
TD+NOV,7,train,144,11.0
TD+NOV,7,train,145,10.0
TD+NOV,7,train,146,11.0
TD+NOV,7,train,147,11.0
TD+NOV,7,train,148,11.0
TD+NOV,7,train,149,9.0
TD+NOV,7,train,150,10.0
TD+NOV,7,train,151,14.0
TD+NOV,7,train,152,10.0
TD+NOV,7,train,153,10.0
TD+NOV,7,train,154,10.0
TD+NOV,7,train,155,10.0
TD+NOV,7,train,156,10.0
TD+NOV,7,train,157,12.0
TD+NOV,7,train,158,9.0
TD+NOV,7,train,159,9.0
TD+NOV,7,train,160,9.0
TD+NOV,7,train,161,9.0
TD+NOV,7,train,162,9.0
TD+NOV,7,train,163,8.0
TD+NOV,7,train,164,12.0
TD+NOV,7,train,165,11.0
TD+NOV,7,train,166,11.0
TD+NOV,7,train,167,8.0
TD+NOV,7,train,168,11.0
TD+NOV,7,train,169,10.0
TD+NOV,7,train,170,14.0
TD+NOV,7,train,171,14.0
TD+NOV,7,train,172,8.0
TD+NOV,7,train,173,9.0
TD+NOV,7,train,174,9.0
TD+NOV,7,train,175,12.0
TD+NOV,7,train,176,9.0
TD+NOV,7,train,177,9.0
TD+NOV,7,train,178,11.0
TD+NOV,7,train,179,8.0
TD+NOV,7,train,180,12.0
TD+NOV,7,train,181,11.0
TD+NOV,7,train,182,10.0
TD+NOV,7,train,183,9.0
TD+NOV,7,train,184,13.0
TD+NOV,7,train,185,12.0
TD+NOV,7,train,186,12.0
TD+NOV,7,train,187,10.0
TD+NOV,7,train,188,9.0
TD+NOV,7,train,189,10.0
TD+NOV,7,train,190,9.0
TD+NOV,7,train,191,10.0
TD+NOV,7,train,192,13.0
TD+NOV,7,train,193,11.0
TD+NOV,7,train,194,13.0
TD+NOV,7,train,195,9.0
TD+NOV,7,train,196,13.0
TD+NOV,7,train,197,13.0
TD+NOV,7,train,198,9.0
TD+NOV,7,train,199,8.0
TD+NOV,7,train,200,8.0
TD+NOV,7,train,201,10.0
TD+NOV,7,train,202,10.0
TD+NOV,7,train,203,10.0
TD+NOV,7,train,204,12.0
TD+NOV,7,train,205,10.0
TD+NOV,7,train,206,10.0
TD+NOV,7,train,207,14.0
TD+NOV,7,train,208,8.0
TD+NOV,7,train,209,12.0
TD+NOV,7,train,210,9.0
TD+NOV,7,train,211,12.0
TD+NOV,7,train,212,8.0
TD+NOV,7,train,213,9.0
TD+NOV,7,train,214,9.0
TD+NOV,7,train,215,10.0
TD+NOV,7,train,216,9.0
TD+NOV,7,train,217,14.0
TD+NOV,7,train,218,9.0
TD+NOV,7,train,219,8.0
TD+NOV,7,train,220,10.0
TD+NOV,7,train,221,10.0
TD+NOV,7,train,222,12.0
TD+NOV,7,train,223,10.0
TD+NOV,7,train,224,13.0
TD+NOV,7,train,225,10.0
TD+NOV,7,train,226,10.0
TD+NOV,7,train,227,11.0
TD+NOV,7,train,228,12.0
TD+NOV,7,train,229,9.0
TD+NOV,7,train,230,10.0
TD+NOV,7,train,231,8.0
TD+NOV,7,train,232,9.0
TD+NOV,7,train,233,12.0
TD+NOV,7,train,234,13.0
TD+NOV,7,train,235,13.0
TD+NOV,7,train,236,10.0
TD+NOV,7,train,237,13.0
TD+NOV,7,train,238,10.0
TD+NOV,7,train,239,11.0
TD+NOV,7,train,240,11.0
TD+NOV,7,train,241,14.0
TD+NOV,7,train,242,8.0
TD+NOV,7,train,243,11.0
TD+NOV,7,train,244,16.0
TD+NOV,7,train,245,9.0
TD+NOV,7,train,246,10.0
TD+NOV,7,train,247,12.0
TD+NOV,7,train,248,10.0
TD+NOV,7,train,249,11.0
TD+NOV,7,train,250,12.0
TD+NOV,7,train,251,9.0
TD+NOV,7,train,252,10.0
TD+NOV,7,train,253,15.0
TD+NOV,7,train,254,9.0
TD+NOV,7,train,255,8.0
TD+NOV,7,train,256,15.0
TD+NOV,7,train,257,20.0
TD+NOV,7,train,258,18.0
TD+NOV,7,train,259,14.0
TD+NOV,7,train,260,11.0
TD+NOV,7,train,261,22.0
TD+NOV,7,train,262,10.0
TD+NOV,7,train,263,20.0
TD+NOV,7,train,264,9.0
TD+NOV,7,train,265,16.0
TD+NOV,7,train,266,9.0
TD+NOV,7,train,267,9.0
TD+NOV,7,train,268,27.0
TD+NOV,7,train,269,23.0
TD+NOV,7,train,270,13.0
TD+NOV,7,train,271,15.0
TD+NOV,7,train,272,12.0
TD+NOV,7,train,273,9.0
TD+NOV,7,train,274,24.0
TD+NOV,7,train,275,10.0
TD+NOV,7,train,276,11.0
TD+NOV,7,train,277,10.0
TD+NOV,7,train,278,15.0
TD+NOV,7,train,279,35.0
TD+NOV,7,train,280,10.0
TD+NOV,7,train,281,9.0
TD+NOV,7,train,282,25.0
TD+NOV,7,train,283,27.0
TD+NOV,7,train,284,9.0
TD+NOV,7,train,285,16.0
TD+NOV,7,train,286,10.0
TD+NOV,7,train,287,23.0
TD+NOV,7,train,288,8.0
TD+NOV,7,train,289,42.0
TD+NOV,7,train,290,38.0
TD+NOV,7,train,291,24.0
TD+NOV,7,train,292,18.0
TD+NOV,7,train,293,12.0
TD+NOV,7,train,294,18.0
TD+NOV,7,train,295,16.0
TD+NOV,7,train,296,19.0
TD+NOV,7,train,297,18.0
TD+NOV,7,train,298,17.0
TD+NOV,7,train,299,16.0
TD+NOV,7,train,300,17.0
TD+NOV,7,train,301,28.0
TD+NOV,7,train,302,29.0
TD+NOV,7,train,303,20.0
TD+NOV,7,train,304,21.0
TD+NOV,7,train,305,22.0
TD+NOV,7,train,306,23.0
TD+NOV,7,train,307,31.0
TD+NOV,7,train,308,20.0
TD+NOV,7,train,309,23.0
TD+NOV,7,train,310,82.0
TD+NOV,7,train,311,13.0
TD+NOV,7,train,312,153.0
TD+NOV,7,train,313,25.0
TD+NOV,7,train,314,45.0
TD+NOV,7,train,315,43.0
TD+NOV,7,train,316,72.0
TD+NOV,7,train,317,43.0
TD+NOV,7,train,318,35.0
TD+NOV,7,train,319,22.0
TD+NOV,7,train,320,28.0
TD+NOV,7,train,321,77.0
TD+NOV,7,train,322,33.0
TD+NOV,7,train,323,21.0
TD+NOV,7,train,324,58.0
TD+NOV,7,train,325,25.0
TD+NOV,7,train,326,25.0
TD+NOV,7,train,327,38.0
TD+NOV,7,train,328,27.0
TD+NOV,7,train,329,34.0
TD+NOV,7,train,330,24.0
TD+NOV,7,train,331,57.0
TD+NOV,7,train,332,24.0
TD+NOV,7,train,333,21.0
TD+NOV,7,train,334,31.0
TD+NOV,7,train,335,37.0
TD+NOV,7,train,336,33.0
TD+NOV,7,train,337,33.0
TD+NOV,7,train,338,19.0
TD+NOV,7,train,339,37.0
TD+NOV,7,train,340,22.0
TD+NOV,7,train,341,35.0
TD+NOV,7,train,342,30.0
TD+NOV,7,train,343,45.0
TD+NOV,7,train,344,79.0
TD+NOV,7,train,345,23.0
TD+NOV,7,train,346,30.0
TD+NOV,7,train,347,55.0
TD+NOV,7,train,348,36.0
TD+NOV,7,train,349,30.0
TD+NOV,7,train,350,39.0
TD+NOV,7,train,351,40.0
TD+NOV,7,train,352,59.0
TD+NOV,7,train,353,26.0
TD+NOV,7,train,354,57.0
TD+NOV,7,train,355,31.0
TD+NOV,7,train,356,23.0
TD+NOV,7,train,357,48.0
TD+NOV,7,train,358,75.0
TD+NOV,7,train,359,112.0
TD+NOV,7,train,360,21.0
TD+NOV,7,train,361,33.0
TD+NOV,7,train,362,28.0
TD+NOV,7,train,363,75.0
TD+NOV,7,train,364,48.0
TD+NOV,7,train,365,109.0
TD+NOV,7,train,366,59.0
TD+NOV,7,train,367,42.0
TD+NOV,7,train,368,63.0
TD+NOV,7,train,369,96.0
TD+NOV,7,train,370,128.0
TD+NOV,7,train,371,75.0
TD+NOV,7,train,372,57.0
TD+NOV,7,train,373,30.0
TD+NOV,7,train,374,32.0
TD+NOV,7,train,375,28.0
TD+NOV,7,train,376,30.0
TD+NOV,7,train,377,37.0
TD+NOV,7,train,378,42.0
TD+NOV,7,train,379,29.0
TD+NOV,7,train,380,40.0
TD+NOV,7,train,381,39.0
TD+NOV,7,train,382,45.0
TD+NOV,7,train,383,40.0
TD+NOV,7,train,384,47.0
TD+NOV,7,train,385,35.0
TD+NOV,7,train,386,36.0
TD+NOV,7,train,387,45.0
TD+NOV,7,train,388,49.0
TD+NOV,7,train,389,48.0
TD+NOV,7,train,390,39.0
TD+NOV,7,train,391,29.0
TD+NOV,7,train,392,37.0
TD+NOV,7,train,393,52.0
TD+NOV,7,train,394,124.0
TD+NOV,7,train,395,37.0
TD+NOV,7,train,396,52.0
TD+NOV,7,train,397,53.0
TD+NOV,7,train,398,39.0
TD+NOV,7,train,399,33.0
TD+NOV,7,train,400,30.0
TD+NOV,7,train,401,53.0
TD+NOV,7,train,402,63.0
TD+NOV,7,train,403,43.0
TD+NOV,7,train,404,33.0
TD+NOV,7,train,405,80.0
TD+NOV,7,train,406,74.0
TD+NOV,7,train,407,59.0
TD+NOV,7,train,408,39.0
TD+NOV,7,train,409,43.0
TD+NOV,7,train,410,55.0
TD+NOV,7,train,411,87.0
TD+NOV,7,train,412,42.0
TD+NOV,7,train,413,21.0
TD+NOV,7,train,414,50.0
TD+NOV,7,train,415,84.0
TD+NOV,7,train,416,52.0
TD+NOV,7,train,417,81.0
TD+NOV,7,train,418,202.0
TD+NOV,7,train,419,61.0
TD+NOV,7,train,420,41.0
TD+NOV,7,train,421,45.0
TD+NOV,7,train,422,94.0
TD+NOV,7,train,423,20.0
TD+NOV,7,train,424,31.0
TD+NOV,7,train,425,70.0
TD+NOV,7,train,426,40.0
TD+NOV,7,train,427,110.0
TD+NOV,7,train,428,43.0
TD+NOV,7,train,429,159.0
TD+NOV,7,train,430,110.0
TD+NOV,7,train,431,232.0
TD+NOV,7,train,432,33.0
TD+NOV,7,train,433,37.0
TD+NOV,7,train,434,39.0
TD+NOV,7,train,435,54.0
TD+NOV,7,train,436,37.0
TD+NOV,7,train,437,89.0
TD+NOV,7,train,438,39.0
TD+NOV,7,train,439,101.0
TD+NOV,7,train,440,69.0
TD+NOV,7,train,441,76.0
TD+NOV,7,train,442,110.0
TD+NOV,7,train,443,41.0
TD+NOV,7,train,444,56.0
TD+NOV,7,train,445,36.0
TD+NOV,7,train,446,117.0
TD+NOV,7,train,447,121.0
TD+NOV,7,train,448,269.0
TD+NOV,7,train,449,67.0
TD+NOV,7,train,450,87.0
TD+NOV,7,train,451,254.0
TD+NOV,7,train,452,133.0
TD+NOV,7,train,453,39.0
TD+NOV,7,train,454,55.0
TD+NOV,7,train,455,58.0
TD+NOV,7,train,456,49.0
TD+NOV,7,train,457,55.0
TD+NOV,7,train,458,115.0
TD+NOV,7,train,459,261.0
TD+NOV,7,train,460,39.0
TD+NOV,7,train,461,64.0
TD+NOV,7,train,462,128.0
TD+NOV,7,train,463,77.0
TD+NOV,7,train,464,103.0
TD+NOV,7,train,465,56.0
TD+NOV,7,train,466,109.0
TD+NOV,7,train,467,109.0
TD+NOV,7,train,468,175.0
TD+NOV,7,train,469,159.0
TD+NOV,7,train,470,156.0
TD+NOV,7,train,471,76.0
TD+NOV,7,train,472,163.0
TD+NOV,7,train,473,210.0
TD+NOV,7,train,474,138.0
TD+NOV,7,train,475,252.0
TD+NOV,7,train,476,214.0
TD+NOV,7,train,477,119.0
TD+NOV,7,train,478,332.0
TD+NOV,7,train,479,215.0
TD+NOV,7,train,480,151.0
TD+NOV,7,train,481,323.0
TD+NOV,7,train,482,195.0
TD+NOV,7,train,483,402.0
TD+NOV,7,train,484,192.0
TD+NOV,7,train,485,289.0
TD+NOV,7,train,486,188.0
TD+NOV,7,train,487,257.0
TD+NOV,7,train,488,417.0
TD+NOV,7,train,489,149.0
TD+NOV,7,train,490,219.0
TD+NOV,7,train,491,139.0
TD+NOV,7,train,492,114.0
TD+NOV,7,train,493,147.0
TD+NOV,7,train,494,190.0
TD+NOV,7,train,495,251.0
TD+NOV,7,train,496,163.0
TD+NOV,7,train,497,109.0
TD+NOV,7,train,498,150.0
TD+NOV,7,train,499,137.0
TD+NOV,7,train,500,191.0
TD+NOV,8,train,1,20.0
TD+NOV,8,train,2,20.0
TD+NOV,8,train,3,44.0
TD+NOV,8,train,4,17.0
TD+NOV,8,train,5,62.0
TD+NOV,8,train,6,31.0
TD+NOV,8,train,7,20.0
TD+NOV,8,train,8,17.0
TD+NOV,8,train,9,14.0
TD+NOV,8,train,10,22.0
TD+NOV,8,train,11,11.0
TD+NOV,8,train,12,53.0
TD+NOV,8,train,13,39.0
TD+NOV,8,train,14,22.0
TD+NOV,8,train,15,14.0
TD+NOV,8,train,16,26.0
TD+NOV,8,train,17,13.0
TD+NOV,8,train,18,20.0
TD+NOV,8,train,19,43.0
TD+NOV,8,train,20,9.0
TD+NOV,8,train,21,16.0
TD+NOV,8,train,22,14.0
TD+NOV,8,train,23,11.0
TD+NOV,8,train,24,40.0
TD+NOV,8,train,25,11.0
TD+NOV,8,train,26,11.0
TD+NOV,8,train,27,9.0
TD+NOV,8,train,28,10.0
TD+NOV,8,train,29,14.0
TD+NOV,8,train,30,9.0
TD+NOV,8,train,31,13.0
TD+NOV,8,train,32,13.0
TD+NOV,8,train,33,10.0
TD+NOV,8,train,34,12.0
TD+NOV,8,train,35,13.0
TD+NOV,8,train,36,13.0
TD+NOV,8,train,37,10.0
TD+NOV,8,train,38,10.0
TD+NOV,8,train,39,12.0
TD+NOV,8,train,40,10.0
TD+NOV,8,train,41,10.0
TD+NOV,8,train,42,13.0
TD+NOV,8,train,43,10.0
TD+NOV,8,train,44,14.0
TD+NOV,8,train,45,10.0
TD+NOV,8,train,46,14.0
TD+NOV,8,train,47,10.0
TD+NOV,8,train,48,10.0
TD+NOV,8,train,49,9.0
TD+NOV,8,train,50,10.0
TD+NOV,8,train,51,14.0
TD+NOV,8,train,52,14.0
TD+NOV,8,train,53,12.0
TD+NOV,8,train,54,9.0
TD+NOV,8,train,55,14.0
TD+NOV,8,train,56,10.0
TD+NOV,8,train,57,10.0
TD+NOV,8,train,58,12.0
TD+NOV,8,train,59,11.0
TD+NOV,8,train,60,15.0
TD+NOV,8,train,61,12.0
TD+NOV,8,train,62,14.0
TD+NOV,8,train,63,13.0
TD+NOV,8,train,64,17.0
TD+NOV,8,train,65,14.0
TD+NOV,8,train,66,9.0
TD+NOV,8,train,67,9.0
TD+NOV,8,train,68,9.0
TD+NOV,8,train,69,10.0
TD+NOV,8,train,70,11.0
TD+NOV,8,train,71,9.0
TD+NOV,8,train,72,10.0
TD+NOV,8,train,73,10.0
TD+NOV,8,train,74,14.0
TD+NOV,8,train,75,15.0
TD+NOV,8,train,76,9.0
TD+NOV,8,train,77,14.0
TD+NOV,8,train,78,10.0
TD+NOV,8,train,79,11.0
TD+NOV,8,train,80,9.0
TD+NOV,8,train,81,10.0
TD+NOV,8,train,82,10.0
TD+NOV,8,train,83,13.0
TD+NOV,8,train,84,10.0
TD+NOV,8,train,85,12.0
TD+NOV,8,train,86,11.0
TD+NOV,8,train,87,10.0
TD+NOV,8,train,88,13.0
TD+NOV,8,train,89,11.0
TD+NOV,8,train,90,13.0
TD+NOV,8,train,91,9.0
TD+NOV,8,train,92,11.0
TD+NOV,8,train,93,11.0
TD+NOV,8,train,94,9.0
TD+NOV,8,train,95,15.0
TD+NOV,8,train,96,10.0
TD+NOV,8,train,97,12.0
TD+NOV,8,train,98,11.0
TD+NOV,8,train,99,10.0
TD+NOV,8,train,100,11.0
TD+NOV,8,train,101,10.0
TD+NOV,8,train,102,10.0
TD+NOV,8,train,103,10.0
TD+NOV,8,train,104,11.0
TD+NOV,8,train,105,14.0
TD+NOV,8,train,106,10.0
TD+NOV,8,train,107,11.0
TD+NOV,8,train,108,9.0
TD+NOV,8,train,109,10.0
TD+NOV,8,train,110,11.0
TD+NOV,8,train,111,9.0
TD+NOV,8,train,112,11.0
TD+NOV,8,train,113,10.0
TD+NOV,8,train,114,11.0
TD+NOV,8,train,115,10.0
TD+NOV,8,train,116,8.0
TD+NOV,8,train,117,13.0
TD+NOV,8,train,118,11.0
TD+NOV,8,train,119,12.0
TD+NOV,8,train,120,11.0
TD+NOV,8,train,121,12.0
TD+NOV,8,train,122,14.0
TD+NOV,8,train,123,10.0
TD+NOV,8,train,124,10.0
TD+NOV,8,train,125,14.0
TD+NOV,8,train,126,10.0
TD+NOV,8,train,127,13.0
TD+NOV,8,train,128,26.0
TD+NOV,8,train,129,9.0
TD+NOV,8,train,130,10.0
TD+NOV,8,train,131,12.0
TD+NOV,8,train,132,11.0
TD+NOV,8,train,133,8.0
TD+NOV,8,train,134,11.0
TD+NOV,8,train,135,12.0
TD+NOV,8,train,136,9.0
TD+NOV,8,train,137,13.0
TD+NOV,8,train,138,10.0
TD+NOV,8,train,139,11.0
TD+NOV,8,train,140,12.0
TD+NOV,8,train,141,9.0
TD+NOV,8,train,142,11.0
TD+NOV,8,train,143,11.0
TD+NOV,8,train,144,8.0
TD+NOV,8,train,145,10.0
TD+NOV,8,train,146,22.0
TD+NOV,8,train,147,9.0
TD+NOV,8,train,148,28.0
TD+NOV,8,train,149,9.0
TD+NOV,8,train,150,13.0
TD+NOV,8,train,151,10.0
TD+NOV,8,train,152,12.0
TD+NOV,8,train,153,9.0
TD+NOV,8,train,154,10.0
TD+NOV,8,train,155,11.0
TD+NOV,8,train,156,10.0
TD+NOV,8,train,157,16.0
TD+NOV,8,train,158,16.0
TD+NOV,8,train,159,10.0
TD+NOV,8,train,160,10.0
TD+NOV,8,train,161,10.0
TD+NOV,8,train,162,10.0
TD+NOV,8,train,163,21.0
TD+NOV,8,train,164,10.0
TD+NOV,8,train,165,9.0
TD+NOV,8,train,166,11.0
TD+NOV,8,train,167,8.0
TD+NOV,8,train,168,11.0
TD+NOV,8,train,169,10.0
TD+NOV,8,train,170,28.0
TD+NOV,8,train,171,10.0
TD+NOV,8,train,172,11.0
TD+NOV,8,train,173,13.0
TD+NOV,8,train,174,9.0
TD+NOV,8,train,175,10.0
TD+NOV,8,train,176,16.0
TD+NOV,8,train,177,9.0
TD+NOV,8,train,178,18.0
TD+NOV,8,train,179,9.0
TD+NOV,8,train,180,10.0
TD+NOV,8,train,181,9.0
TD+NOV,8,train,182,11.0
TD+NOV,8,train,183,9.0
TD+NOV,8,train,184,8.0
TD+NOV,8,train,185,37.0
TD+NOV,8,train,186,11.0
TD+NOV,8,train,187,10.0
TD+NOV,8,train,188,29.0
TD+NOV,8,train,189,14.0
TD+NOV,8,train,190,9.0
TD+NOV,8,train,191,10.0
TD+NOV,8,train,192,9.0
TD+NOV,8,train,193,11.0
TD+NOV,8,train,194,10.0
TD+NOV,8,train,195,8.0
TD+NOV,8,train,196,10.0
TD+NOV,8,train,197,11.0
TD+NOV,8,train,198,13.0
TD+NOV,8,train,199,15.0
TD+NOV,8,train,200,18.0
TD+NOV,8,train,201,15.0
TD+NOV,8,train,202,22.0
TD+NOV,8,train,203,20.0
TD+NOV,8,train,204,18.0
TD+NOV,8,train,205,17.0
TD+NOV,8,train,206,23.0
TD+NOV,8,train,207,25.0
TD+NOV,8,train,208,11.0
TD+NOV,8,train,209,12.0
TD+NOV,8,train,210,20.0
TD+NOV,8,train,211,16.0
TD+NOV,8,train,212,10.0
TD+NOV,8,train,213,15.0
TD+NOV,8,train,214,15.0
TD+NOV,8,train,215,15.0
TD+NOV,8,train,216,15.0
TD+NOV,8,train,217,17.0
TD+NOV,8,train,218,15.0
TD+NOV,8,train,219,21.0
TD+NOV,8,train,220,35.0
TD+NOV,8,train,221,22.0
TD+NOV,8,train,222,14.0
TD+NOV,8,train,223,25.0
TD+NOV,8,train,224,43.0
TD+NOV,8,train,225,36.0
TD+NOV,8,train,226,39.0
TD+NOV,8,train,227,68.0
TD+NOV,8,train,228,28.0
TD+NOV,8,train,229,38.0
TD+NOV,8,train,230,28.0
TD+NOV,8,train,231,45.0
TD+NOV,8,train,232,53.0
TD+NOV,8,train,233,32.0
TD+NOV,8,train,234,67.0
TD+NOV,8,train,235,24.0
TD+NOV,8,train,236,51.0
TD+NOV,8,train,237,24.0
TD+NOV,8,train,238,20.0
TD+NOV,8,train,239,20.0
TD+NOV,8,train,240,44.0
TD+NOV,8,train,241,18.0
TD+NOV,8,train,242,33.0
TD+NOV,8,train,243,36.0
TD+NOV,8,train,244,34.0
TD+NOV,8,train,245,65.0
TD+NOV,8,train,246,23.0
TD+NOV,8,train,247,20.0
TD+NOV,8,train,248,17.0
TD+NOV,8,train,249,50.0
TD+NOV,8,train,250,32.0
TD+NOV,8,train,251,35.0
TD+NOV,8,train,252,51.0
TD+NOV,8,train,253,51.0
TD+NOV,8,train,254,38.0
TD+NOV,8,train,255,25.0
TD+NOV,8,train,256,138.0
TD+NOV,8,train,257,28.0
TD+NOV,8,train,258,33.0
TD+NOV,8,train,259,82.0
TD+NOV,8,train,260,37.0
TD+NOV,8,train,261,58.0
TD+NOV,8,train,262,55.0
TD+NOV,8,train,263,62.0
TD+NOV,8,train,264,39.0
TD+NOV,8,train,265,38.0
TD+NOV,8,train,266,68.0
TD+NOV,8,train,267,25.0
TD+NOV,8,train,268,57.0
TD+NOV,8,train,269,93.0
TD+NOV,8,train,270,25.0
TD+NOV,8,train,271,64.0
TD+NOV,8,train,272,86.0
TD+NOV,8,train,273,27.0
TD+NOV,8,train,274,93.0
TD+NOV,8,train,275,209.0
TD+NOV,8,train,276,63.0
TD+NOV,8,train,277,133.0
TD+NOV,8,train,278,31.0
TD+NOV,8,train,279,33.0
TD+NOV,8,train,280,116.0
TD+NOV,8,train,281,79.0
TD+NOV,8,train,282,30.0
TD+NOV,8,train,283,40.0
TD+NOV,8,train,284,43.0
TD+NOV,8,train,285,33.0
TD+NOV,8,train,286,178.0
TD+NOV,8,train,287,72.0
TD+NOV,8,train,288,25.0
TD+NOV,8,train,289,44.0
TD+NOV,8,train,290,58.0
TD+NOV,8,train,291,74.0
TD+NOV,8,train,292,60.0
TD+NOV,8,train,293,30.0
TD+NOV,8,train,294,42.0
TD+NOV,8,train,295,57.0
TD+NOV,8,train,296,36.0
TD+NOV,8,train,297,34.0
TD+NOV,8,train,298,95.0
TD+NOV,8,train,299,40.0
TD+NOV,8,train,300,35.0
TD+NOV,8,train,301,95.0
TD+NOV,8,train,302,59.0
TD+NOV,8,train,303,68.0
TD+NOV,8,train,304,54.0
TD+NOV,8,train,305,116.0
TD+NOV,8,train,306,104.0
TD+NOV,8,train,307,110.0
TD+NOV,8,train,308,138.0
TD+NOV,8,train,309,62.0
TD+NOV,8,train,310,54.0
TD+NOV,8,train,311,29.0
TD+NOV,8,train,312,68.0
TD+NOV,8,train,313,115.0
TD+NOV,8,train,314,37.0
TD+NOV,8,train,315,79.0
TD+NOV,8,train,316,193.0
TD+NOV,8,train,317,89.0
TD+NOV,8,train,318,62.0
TD+NOV,8,train,319,53.0
TD+NOV,8,train,320,73.0
TD+NOV,8,train,321,32.0
TD+NOV,8,train,322,66.0
TD+NOV,8,train,323,94.0
TD+NOV,8,train,324,35.0
TD+NOV,8,train,325,116.0
TD+NOV,8,train,326,36.0
TD+NOV,8,train,327,37.0
TD+NOV,8,train,328,100.0
TD+NOV,8,train,329,55.0
TD+NOV,8,train,330,98.0
TD+NOV,8,train,331,66.0
TD+NOV,8,train,332,76.0
TD+NOV,8,train,333,55.0
TD+NOV,8,train,334,67.0
TD+NOV,8,train,335,31.0
TD+NOV,8,train,336,65.0
TD+NOV,8,train,337,63.0
TD+NOV,8,train,338,83.0
TD+NOV,8,train,339,50.0
TD+NOV,8,train,340,83.0
TD+NOV,8,train,341,59.0
TD+NOV,8,train,342,116.0
TD+NOV,8,train,343,34.0
TD+NOV,8,train,344,121.0
TD+NOV,8,train,345,111.0
TD+NOV,8,train,346,34.0
TD+NOV,8,train,347,47.0
TD+NOV,8,train,348,43.0
TD+NOV,8,train,349,31.0
TD+NOV,8,train,350,161.0
TD+NOV,8,train,351,58.0
TD+NOV,8,train,352,58.0
TD+NOV,8,train,353,79.0
TD+NOV,8,train,354,44.0
TD+NOV,8,train,355,142.0
TD+NOV,8,train,356,71.0
TD+NOV,8,train,357,133.0
TD+NOV,8,train,358,40.0
TD+NOV,8,train,359,50.0
TD+NOV,8,train,360,104.0
TD+NOV,8,train,361,43.0
TD+NOV,8,train,362,51.0
TD+NOV,8,train,363,67.0
TD+NOV,8,train,364,86.0
TD+NOV,8,train,365,98.0
TD+NOV,8,train,366,48.0
TD+NOV,8,train,367,71.0
TD+NOV,8,train,368,70.0
TD+NOV,8,train,369,90.0
TD+NOV,8,train,370,44.0
TD+NOV,8,train,371,57.0
TD+NOV,8,train,372,111.0
TD+NOV,8,train,373,130.0
TD+NOV,8,train,374,92.0
TD+NOV,8,train,375,105.0
TD+NOV,8,train,376,64.0
TD+NOV,8,train,377,39.0
TD+NOV,8,train,378,170.0
TD+NOV,8,train,379,88.0
TD+NOV,8,train,380,71.0
TD+NOV,8,train,381,113.0
TD+NOV,8,train,382,68.0
TD+NOV,8,train,383,54.0
TD+NOV,8,train,384,108.0
TD+NOV,8,train,385,76.0
TD+NOV,8,train,386,72.0
TD+NOV,8,train,387,140.0
TD+NOV,8,train,388,92.0
TD+NOV,8,train,389,89.0
TD+NOV,8,train,390,82.0
TD+NOV,8,train,391,61.0
TD+NOV,8,train,392,158.0
TD+NOV,8,train,393,75.0
TD+NOV,8,train,394,63.0
TD+NOV,8,train,395,66.0
TD+NOV,8,train,396,31.0
TD+NOV,8,train,397,89.0
TD+NOV,8,train,398,83.0
TD+NOV,8,train,399,66.0
TD+NOV,8,train,400,108.0
TD+NOV,8,train,401,64.0
TD+NOV,8,train,402,123.0
TD+NOV,8,train,403,81.0
TD+NOV,8,train,404,72.0
TD+NOV,8,train,405,67.0
TD+NOV,8,train,406,75.0
TD+NOV,8,train,407,172.0
TD+NOV,8,train,408,68.0
TD+NOV,8,train,409,151.0
TD+NOV,8,train,410,64.0
TD+NOV,8,train,411,56.0
TD+NOV,8,train,412,77.0
TD+NOV,8,train,413,67.0
TD+NOV,8,train,414,54.0
TD+NOV,8,train,415,79.0
TD+NOV,8,train,416,77.0
TD+NOV,8,train,417,41.0
TD+NOV,8,train,418,82.0
TD+NOV,8,train,419,99.0
TD+NOV,8,train,420,59.0
TD+NOV,8,train,421,184.0
TD+NOV,8,train,422,102.0
TD+NOV,8,train,423,55.0
TD+NOV,8,train,424,28.0
TD+NOV,8,train,425,49.0
TD+NOV,8,train,426,74.0
TD+NOV,8,train,427,50.0
TD+NOV,8,train,428,119.0
TD+NOV,8,train,429,111.0
TD+NOV,8,train,430,211.0
TD+NOV,8,train,431,90.0
TD+NOV,8,train,432,60.0
TD+NOV,8,train,433,129.0
TD+NOV,8,train,434,66.0
TD+NOV,8,train,435,63.0
TD+NOV,8,train,436,100.0
TD+NOV,8,train,437,133.0
TD+NOV,8,train,438,112.0
TD+NOV,8,train,439,141.0
TD+NOV,8,train,440,62.0
TD+NOV,8,train,441,189.0
TD+NOV,8,train,442,141.0
TD+NOV,8,train,443,127.0
TD+NOV,8,train,444,169.0
TD+NOV,8,train,445,128.0
TD+NOV,8,train,446,105.0
TD+NOV,8,train,447,46.0
TD+NOV,8,train,448,53.0
TD+NOV,8,train,449,61.0
TD+NOV,8,train,450,102.0
TD+NOV,8,train,451,115.0
TD+NOV,8,train,452,156.0
TD+NOV,8,train,453,108.0
TD+NOV,8,train,454,88.0
TD+NOV,8,train,455,113.0
TD+NOV,8,train,456,77.0
TD+NOV,8,train,457,69.0
TD+NOV,8,train,458,105.0
TD+NOV,8,train,459,285.0
TD+NOV,8,train,460,116.0
TD+NOV,8,train,461,110.0
TD+NOV,8,train,462,181.0
TD+NOV,8,train,463,133.0
TD+NOV,8,train,464,179.0
TD+NOV,8,train,465,202.0
TD+NOV,8,train,466,140.0
TD+NOV,8,train,467,127.0
TD+NOV,8,train,468,315.0
TD+NOV,8,train,469,195.0
TD+NOV,8,train,470,170.0
TD+NOV,8,train,471,159.0
TD+NOV,8,train,472,216.0
TD+NOV,8,train,473,214.0
TD+NOV,8,train,474,302.0
TD+NOV,8,train,475,259.0
TD+NOV,8,train,476,263.0
TD+NOV,8,train,477,198.0
TD+NOV,8,train,478,80.0
TD+NOV,8,train,479,254.0
TD+NOV,8,train,480,262.0
TD+NOV,8,train,481,262.0
TD+NOV,8,train,482,252.0
TD+NOV,8,train,483,252.0
TD+NOV,8,train,484,265.0
TD+NOV,8,train,485,160.0
TD+NOV,8,train,486,269.0
TD+NOV,8,train,487,212.0
TD+NOV,8,train,488,236.0
TD+NOV,8,train,489,362.0
TD+NOV,8,train,490,316.0
TD+NOV,8,train,491,386.0
TD+NOV,8,train,492,500.0
TD+NOV,8,train,493,208.0
TD+NOV,8,train,494,322.0
TD+NOV,8,train,495,436.0
TD+NOV,8,train,496,234.0
TD+NOV,8,train,497,218.0
TD+NOV,8,train,498,229.0
TD+NOV,8,train,499,265.0
TD+NOV,8,train,500,500.0
TD+NOV,9,train,1,19.0
TD+NOV,9,train,2,15.0
TD+NOV,9,train,3,15.0
TD+NOV,9,train,4,17.0
TD+NOV,9,train,5,14.0
TD+NOV,9,train,6,32.0
TD+NOV,9,train,7,15.0
TD+NOV,9,train,8,12.0
TD+NOV,9,train,9,17.0
TD+NOV,9,train,10,12.0
TD+NOV,9,train,11,30.0
TD+NOV,9,train,12,18.0
TD+NOV,9,train,13,19.0
TD+NOV,9,train,14,25.0
TD+NOV,9,train,15,14.0
TD+NOV,9,train,16,19.0
TD+NOV,9,train,17,11.0
TD+NOV,9,train,18,24.0
TD+NOV,9,train,19,17.0
TD+NOV,9,train,20,9.0
TD+NOV,9,train,21,25.0
TD+NOV,9,train,22,10.0
TD+NOV,9,train,23,10.0
TD+NOV,9,train,24,10.0
TD+NOV,9,train,25,11.0
TD+NOV,9,train,26,11.0
TD+NOV,9,train,27,11.0
TD+NOV,9,train,28,10.0
TD+NOV,9,train,29,14.0
TD+NOV,9,train,30,13.0
TD+NOV,9,train,31,8.0
TD+NOV,9,train,32,11.0
TD+NOV,9,train,33,9.0
TD+NOV,9,train,34,10.0
TD+NOV,9,train,35,9.0
TD+NOV,9,train,36,9.0
TD+NOV,9,train,37,15.0
TD+NOV,9,train,38,11.0
TD+NOV,9,train,39,11.0
TD+NOV,9,train,40,13.0
TD+NOV,9,train,41,11.0
TD+NOV,9,train,42,12.0
TD+NOV,9,train,43,15.0
TD+NOV,9,train,44,14.0
TD+NOV,9,train,45,13.0
TD+NOV,9,train,46,10.0
TD+NOV,9,train,47,9.0
TD+NOV,9,train,48,9.0
TD+NOV,9,train,49,16.0
TD+NOV,9,train,50,10.0
TD+NOV,9,train,51,13.0
TD+NOV,9,train,52,9.0
TD+NOV,9,train,53,10.0
TD+NOV,9,train,54,11.0
TD+NOV,9,train,55,10.0
TD+NOV,9,train,56,10.0
TD+NOV,9,train,57,14.0
TD+NOV,9,train,58,20.0
TD+NOV,9,train,59,10.0
TD+NOV,9,train,60,8.0
TD+NOV,9,train,61,10.0
TD+NOV,9,train,62,9.0
TD+NOV,9,train,63,10.0
TD+NOV,9,train,64,11.0
TD+NOV,9,train,65,12.0
TD+NOV,9,train,66,11.0
TD+NOV,9,train,67,9.0
TD+NOV,9,train,68,10.0
TD+NOV,9,train,69,11.0
TD+NOV,9,train,70,11.0
TD+NOV,9,train,71,11.0
TD+NOV,9,train,72,11.0
TD+NOV,9,train,73,10.0
TD+NOV,9,train,74,9.0
TD+NOV,9,train,75,9.0
TD+NOV,9,train,76,14.0
TD+NOV,9,train,77,9.0
TD+NOV,9,train,78,10.0
TD+NOV,9,train,79,9.0
TD+NOV,9,train,80,9.0
TD+NOV,9,train,81,10.0
TD+NOV,9,train,82,9.0
TD+NOV,9,train,83,10.0
TD+NOV,9,train,84,13.0
TD+NOV,9,train,85,9.0
TD+NOV,9,train,86,13.0
TD+NOV,9,train,87,10.0
TD+NOV,9,train,88,11.0
TD+NOV,9,train,89,11.0
TD+NOV,9,train,90,12.0
TD+NOV,9,train,91,13.0
TD+NOV,9,train,92,9.0
TD+NOV,9,train,93,9.0
TD+NOV,9,train,94,12.0
TD+NOV,9,train,95,13.0
TD+NOV,9,train,96,11.0
TD+NOV,9,train,97,13.0
TD+NOV,9,train,98,12.0
TD+NOV,9,train,99,11.0
TD+NOV,9,train,100,13.0
TD+NOV,9,train,101,13.0
TD+NOV,9,train,102,11.0
TD+NOV,9,train,103,11.0
TD+NOV,9,train,104,15.0
TD+NOV,9,train,105,11.0
TD+NOV,9,train,106,10.0
TD+NOV,9,train,107,9.0
TD+NOV,9,train,108,10.0
TD+NOV,9,train,109,13.0
TD+NOV,9,train,110,10.0
TD+NOV,9,train,111,12.0
TD+NOV,9,train,112,9.0
TD+NOV,9,train,113,11.0
TD+NOV,9,train,114,12.0
TD+NOV,9,train,115,9.0
TD+NOV,9,train,116,11.0
TD+NOV,9,train,117,18.0
TD+NOV,9,train,118,12.0
TD+NOV,9,train,119,11.0
TD+NOV,9,train,120,8.0
TD+NOV,9,train,121,15.0
TD+NOV,9,train,122,12.0
TD+NOV,9,train,123,9.0
TD+NOV,9,train,124,10.0
TD+NOV,9,train,125,9.0
TD+NOV,9,train,126,11.0
TD+NOV,9,train,127,12.0
TD+NOV,9,train,128,11.0
TD+NOV,9,train,129,9.0
TD+NOV,9,train,130,12.0
TD+NOV,9,train,131,11.0
TD+NOV,9,train,132,13.0
TD+NOV,9,train,133,9.0
TD+NOV,9,train,134,9.0
TD+NOV,9,train,135,11.0
TD+NOV,9,train,136,10.0
TD+NOV,9,train,137,12.0
TD+NOV,9,train,138,10.0
TD+NOV,9,train,139,9.0
TD+NOV,9,train,140,11.0
TD+NOV,9,train,141,10.0
TD+NOV,9,train,142,10.0
TD+NOV,9,train,143,8.0
TD+NOV,9,train,144,12.0
TD+NOV,9,train,145,11.0
TD+NOV,9,train,146,12.0
TD+NOV,9,train,147,13.0
TD+NOV,9,train,148,13.0
TD+NOV,9,train,149,10.0
TD+NOV,9,train,150,12.0
TD+NOV,9,train,151,11.0
TD+NOV,9,train,152,10.0
TD+NOV,9,train,153,11.0
TD+NOV,9,train,154,12.0
TD+NOV,9,train,155,15.0
TD+NOV,9,train,156,11.0
TD+NOV,9,train,157,10.0
TD+NOV,9,train,158,10.0
TD+NOV,9,train,159,10.0
TD+NOV,9,train,160,12.0
TD+NOV,9,train,161,11.0
TD+NOV,9,train,162,12.0
TD+NOV,9,train,163,12.0
TD+NOV,9,train,164,16.0
TD+NOV,9,train,165,10.0
TD+NOV,9,train,166,17.0
TD+NOV,9,train,167,8.0
TD+NOV,9,train,168,12.0
TD+NOV,9,train,169,16.0
TD+NOV,9,train,170,12.0
TD+NOV,9,train,171,14.0
TD+NOV,9,train,172,15.0
TD+NOV,9,train,173,17.0
TD+NOV,9,train,174,11.0
TD+NOV,9,train,175,13.0
TD+NOV,9,train,176,17.0
TD+NOV,9,train,177,15.0
TD+NOV,9,train,178,9.0
TD+NOV,9,train,179,14.0
TD+NOV,9,train,180,9.0
TD+NOV,9,train,181,12.0
TD+NOV,9,train,182,33.0
TD+NOV,9,train,183,21.0
TD+NOV,9,train,184,19.0
TD+NOV,9,train,185,27.0
TD+NOV,9,train,186,15.0
TD+NOV,9,train,187,12.0
TD+NOV,9,train,188,20.0
TD+NOV,9,train,189,19.0
TD+NOV,9,train,190,18.0
TD+NOV,9,train,191,20.0
TD+NOV,9,train,192,18.0
TD+NOV,9,train,193,12.0
TD+NOV,9,train,194,20.0
TD+NOV,9,train,195,10.0
TD+NOV,9,train,196,18.0
TD+NOV,9,train,197,18.0
TD+NOV,9,train,198,15.0
TD+NOV,9,train,199,13.0
TD+NOV,9,train,200,21.0
TD+NOV,9,train,201,9.0
TD+NOV,9,train,202,9.0
TD+NOV,9,train,203,9.0
TD+NOV,9,train,204,9.0
TD+NOV,9,train,205,11.0
TD+NOV,9,train,206,11.0
TD+NOV,9,train,207,9.0
TD+NOV,9,train,208,11.0
TD+NOV,9,train,209,10.0
TD+NOV,9,train,210,26.0
TD+NOV,9,train,211,11.0
TD+NOV,9,train,212,10.0
TD+NOV,9,train,213,11.0
TD+NOV,9,train,214,16.0
TD+NOV,9,train,215,10.0
TD+NOV,9,train,216,25.0
TD+NOV,9,train,217,11.0
TD+NOV,9,train,218,9.0
TD+NOV,9,train,219,9.0
TD+NOV,9,train,220,8.0
TD+NOV,9,train,221,12.0
TD+NOV,9,train,222,21.0
TD+NOV,9,train,223,9.0
TD+NOV,9,train,224,44.0
TD+NOV,9,train,225,9.0
TD+NOV,9,train,226,11.0
TD+NOV,9,train,227,10.0
TD+NOV,9,train,228,11.0
TD+NOV,9,train,229,10.0
TD+NOV,9,train,230,10.0
TD+NOV,9,train,231,10.0
TD+NOV,9,train,232,12.0
TD+NOV,9,train,233,74.0
TD+NOV,9,train,234,74.0
TD+NOV,9,train,235,55.0
TD+NOV,9,train,236,20.0
TD+NOV,9,train,237,100.0
TD+NOV,9,train,238,10.0
TD+NOV,9,train,239,15.0
TD+NOV,9,train,240,23.0
TD+NOV,9,train,241,24.0
TD+NOV,9,train,242,60.0
TD+NOV,9,train,243,27.0
TD+NOV,9,train,244,10.0
TD+NOV,9,train,245,29.0
TD+NOV,9,train,246,22.0
TD+NOV,9,train,247,43.0
TD+NOV,9,train,248,21.0
TD+NOV,9,train,249,41.0
TD+NOV,9,train,250,49.0
TD+NOV,9,train,251,63.0
TD+NOV,9,train,252,112.0
TD+NOV,9,train,253,87.0
TD+NOV,9,train,254,28.0
TD+NOV,9,train,255,34.0
TD+NOV,9,train,256,32.0
TD+NOV,9,train,257,39.0
TD+NOV,9,train,258,84.0
TD+NOV,9,train,259,82.0
TD+NOV,9,train,260,43.0
TD+NOV,9,train,261,50.0
TD+NOV,9,train,262,44.0
TD+NOV,9,train,263,52.0
TD+NOV,9,train,264,88.0
TD+NOV,9,train,265,76.0
TD+NOV,9,train,266,28.0
TD+NOV,9,train,267,29.0
TD+NOV,9,train,268,40.0
TD+NOV,9,train,269,90.0
TD+NOV,9,train,270,48.0
TD+NOV,9,train,271,40.0
TD+NOV,9,train,272,37.0
TD+NOV,9,train,273,92.0
TD+NOV,9,train,274,51.0
TD+NOV,9,train,275,71.0
TD+NOV,9,train,276,48.0
TD+NOV,9,train,277,65.0
TD+NOV,9,train,278,43.0
TD+NOV,9,train,279,93.0
TD+NOV,9,train,280,69.0
TD+NOV,9,train,281,78.0
TD+NOV,9,train,282,38.0
TD+NOV,9,train,283,55.0
TD+NOV,9,train,284,39.0
TD+NOV,9,train,285,46.0
TD+NOV,9,train,286,93.0
TD+NOV,9,train,287,34.0
TD+NOV,9,train,288,49.0
TD+NOV,9,train,289,90.0
TD+NOV,9,train,290,35.0
TD+NOV,9,train,291,37.0
TD+NOV,9,train,292,64.0
TD+NOV,9,train,293,50.0
TD+NOV,9,train,294,40.0
TD+NOV,9,train,295,40.0
TD+NOV,9,train,296,43.0
TD+NOV,9,train,297,25.0
TD+NOV,9,train,298,54.0
TD+NOV,9,train,299,91.0
TD+NOV,9,train,300,89.0
TD+NOV,9,train,301,35.0
TD+NOV,9,train,302,64.0
TD+NOV,9,train,303,106.0
TD+NOV,9,train,304,48.0
TD+NOV,9,train,305,46.0
TD+NOV,9,train,306,39.0
TD+NOV,9,train,307,61.0
TD+NOV,9,train,308,75.0
TD+NOV,9,train,309,66.0
TD+NOV,9,train,310,30.0
TD+NOV,9,train,311,52.0
TD+NOV,9,train,312,59.0
TD+NOV,9,train,313,35.0
TD+NOV,9,train,314,103.0
TD+NOV,9,train,315,49.0
TD+NOV,9,train,316,55.0
TD+NOV,9,train,317,51.0
TD+NOV,9,train,318,38.0
TD+NOV,9,train,319,62.0
TD+NOV,9,train,320,24.0
TD+NOV,9,train,321,61.0
TD+NOV,9,train,322,31.0
TD+NOV,9,train,323,41.0
TD+NOV,9,train,324,50.0
TD+NOV,9,train,325,27.0
TD+NOV,9,train,326,35.0
TD+NOV,9,train,327,42.0
TD+NOV,9,train,328,49.0
TD+NOV,9,train,329,36.0
TD+NOV,9,train,330,72.0
TD+NOV,9,train,331,76.0
TD+NOV,9,train,332,32.0
TD+NOV,9,train,333,40.0
TD+NOV,9,train,334,46.0
TD+NOV,9,train,335,40.0
TD+NOV,9,train,336,76.0
TD+NOV,9,train,337,69.0
TD+NOV,9,train,338,66.0
TD+NOV,9,train,339,85.0
TD+NOV,9,train,340,70.0
TD+NOV,9,train,341,56.0
TD+NOV,9,train,342,33.0
TD+NOV,9,train,343,85.0
TD+NOV,9,train,344,87.0
TD+NOV,9,train,345,34.0
TD+NOV,9,train,346,52.0
TD+NOV,9,train,347,43.0
TD+NOV,9,train,348,44.0
TD+NOV,9,train,349,41.0
TD+NOV,9,train,350,75.0
TD+NOV,9,train,351,76.0
TD+NOV,9,train,352,32.0
TD+NOV,9,train,353,36.0
TD+NOV,9,train,354,58.0
TD+NOV,9,train,355,43.0
TD+NOV,9,train,356,83.0
TD+NOV,9,train,357,47.0
TD+NOV,9,train,358,53.0
TD+NOV,9,train,359,41.0
TD+NOV,9,train,360,35.0
TD+NOV,9,train,361,26.0
TD+NOV,9,train,362,35.0
TD+NOV,9,train,363,29.0
TD+NOV,9,train,364,46.0
TD+NOV,9,train,365,34.0
TD+NOV,9,train,366,80.0
TD+NOV,9,train,367,48.0
TD+NOV,9,train,368,40.0
TD+NOV,9,train,369,25.0
TD+NOV,9,train,370,35.0
TD+NOV,9,train,371,63.0
TD+NOV,9,train,372,82.0
TD+NOV,9,train,373,42.0
TD+NOV,9,train,374,35.0
TD+NOV,9,train,375,50.0
TD+NOV,9,train,376,71.0
TD+NOV,9,train,377,62.0
TD+NOV,9,train,378,51.0
TD+NOV,9,train,379,64.0
TD+NOV,9,train,380,34.0
TD+NOV,9,train,381,38.0
TD+NOV,9,train,382,135.0
TD+NOV,9,train,383,67.0
TD+NOV,9,train,384,40.0
TD+NOV,9,train,385,51.0
TD+NOV,9,train,386,82.0
TD+NOV,9,train,387,72.0
TD+NOV,9,train,388,124.0
TD+NOV,9,train,389,43.0
TD+NOV,9,train,390,57.0
TD+NOV,9,train,391,139.0
TD+NOV,9,train,392,26.0
TD+NOV,9,train,393,77.0
TD+NOV,9,train,394,54.0
TD+NOV,9,train,395,53.0
TD+NOV,9,train,396,88.0
TD+NOV,9,train,397,118.0
TD+NOV,9,train,398,196.0
TD+NOV,9,train,399,73.0
TD+NOV,9,train,400,132.0
TD+NOV,9,train,401,68.0
TD+NOV,9,train,402,120.0
TD+NOV,9,train,403,122.0
TD+NOV,9,train,404,52.0
TD+NOV,9,train,405,38.0
TD+NOV,9,train,406,34.0
TD+NOV,9,train,407,35.0
TD+NOV,9,train,408,39.0
TD+NOV,9,train,409,33.0
TD+NOV,9,train,410,45.0
TD+NOV,9,train,411,196.0
TD+NOV,9,train,412,42.0
TD+NOV,9,train,413,42.0
TD+NOV,9,train,414,80.0
TD+NOV,9,train,415,45.0
TD+NOV,9,train,416,33.0
TD+NOV,9,train,417,101.0
TD+NOV,9,train,418,143.0
TD+NOV,9,train,419,55.0
TD+NOV,9,train,420,31.0
TD+NOV,9,train,421,115.0
TD+NOV,9,train,422,90.0
TD+NOV,9,train,423,174.0
TD+NOV,9,train,424,121.0
TD+NOV,9,train,425,176.0
TD+NOV,9,train,426,80.0
TD+NOV,9,train,427,151.0
TD+NOV,9,train,428,60.0
TD+NOV,9,train,429,123.0
TD+NOV,9,train,430,114.0
TD+NOV,9,train,431,232.0
TD+NOV,9,train,432,230.0
TD+NOV,9,train,433,121.0
TD+NOV,9,train,434,247.0
TD+NOV,9,train,435,143.0
TD+NOV,9,train,436,245.0
TD+NOV,9,train,437,195.0
TD+NOV,9,train,438,151.0
TD+NOV,9,train,439,128.0
TD+NOV,9,train,440,281.0
TD+NOV,9,train,441,500.0
TD+NOV,9,train,442,225.0
TD+NOV,9,train,443,276.0
TD+NOV,9,train,444,316.0
TD+NOV,9,train,445,160.0
TD+NOV,9,train,446,181.0
TD+NOV,9,train,447,500.0
TD+NOV,9,train,448,145.0
TD+NOV,9,train,449,173.0
TD+NOV,9,train,450,170.0
TD+NOV,9,train,451,237.0
TD+NOV,9,train,452,182.0
TD+NOV,9,train,453,346.0
TD+NOV,9,train,454,500.0
TD+NOV,9,train,455,128.0
TD+NOV,9,train,456,217.0
TD+NOV,9,train,457,284.0
TD+NOV,9,train,458,306.0
TD+NOV,9,train,459,258.0
TD+NOV,9,train,460,281.0
TD+NOV,9,train,461,458.0
TD+NOV,9,train,462,385.0
TD+NOV,9,train,463,169.0
TD+NOV,9,train,464,211.0
TD+NOV,9,train,465,163.0
TD+NOV,9,train,466,500.0
TD+NOV,9,train,467,449.0
TD+NOV,9,train,468,241.0
TD+NOV,9,train,469,409.0
TD+NOV,9,train,470,212.0
TD+NOV,9,train,471,257.0
TD+NOV,9,train,472,259.0
TD+NOV,9,train,473,236.0
TD+NOV,9,train,474,399.0
TD+NOV,9,train,475,289.0
TD+NOV,9,train,476,219.0
TD+NOV,9,train,477,166.0
TD+NOV,9,train,478,255.0
TD+NOV,9,train,479,258.0
TD+NOV,9,train,480,244.0
TD+NOV,9,train,481,267.0
TD+NOV,9,train,482,267.0
TD+NOV,9,train,483,500.0
TD+NOV,9,train,484,284.0
TD+NOV,9,train,485,169.0
TD+NOV,9,train,486,407.0
TD+NOV,9,train,487,287.0
TD+NOV,9,train,488,356.0
TD+NOV,9,train,489,257.0
TD+NOV,9,train,490,500.0
TD+NOV,9,train,491,321.0
TD+NOV,9,train,492,219.0
TD+NOV,9,train,493,397.0
TD+NOV,9,train,494,427.0
TD+NOV,9,train,495,268.0
TD+NOV,9,train,496,342.0
TD+NOV,9,train,497,500.0
TD+NOV,9,train,498,500.0
TD+NOV,9,train,499,399.0
TD+NOV,9,train,500,272.0
TD+NOV,0,eval,25,9.6
TD+NOV,0,eval,50,9.0
TD+NOV,0,eval,75,8.6
TD+NOV,0,eval,100,9.6
TD+NOV,0,eval,125,10.2
TD+NOV,0,eval,150,12.8
TD+NOV,0,eval,175,13.0
TD+NOV,0,eval,200,28.8
TD+NOV,0,eval,225,30.8
TD+NOV,0,eval,250,67.8
TD+NOV,0,eval,275,48.6
TD+NOV,0,eval,300,41.2
TD+NOV,0,eval,325,50.8
TD+NOV,0,eval,350,81.6
TD+NOV,0,eval,375,89.2
TD+NOV,0,eval,400,133.6
TD+NOV,0,eval,425,327.4
TD+NOV,0,eval,450,233.4
TD+NOV,0,eval,475,219.0
TD+NOV,0,eval,500,268.6
TD+NOV,1,eval,25,9.4
TD+NOV,1,eval,50,8.8
TD+NOV,1,eval,75,9.2
TD+NOV,1,eval,100,9.6
TD+NOV,1,eval,125,10.2
TD+NOV,1,eval,150,11.0
TD+NOV,1,eval,175,12.0
TD+NOV,1,eval,200,14.4
TD+NOV,1,eval,225,12.0
TD+NOV,1,eval,250,12.6
TD+NOV,1,eval,275,39.0
TD+NOV,1,eval,300,152.8
TD+NOV,1,eval,325,48.0
TD+NOV,1,eval,350,216.6
TD+NOV,1,eval,375,53.6
TD+NOV,1,eval,400,123.2
TD+NOV,1,eval,425,206.6
TD+NOV,1,eval,450,314.6
TD+NOV,1,eval,475,290.4
TD+NOV,1,eval,500,270.4
TD+NOV,2,eval,25,10.2
TD+NOV,2,eval,50,8.8
TD+NOV,2,eval,75,9.0
TD+NOV,2,eval,100,10.0
TD+NOV,2,eval,125,10.4
TD+NOV,2,eval,150,14.8
TD+NOV,2,eval,175,19.6
TD+NOV,2,eval,200,9.8
TD+NOV,2,eval,225,9.2
TD+NOV,2,eval,250,43.0
TD+NOV,2,eval,275,38.2
TD+NOV,2,eval,300,50.6
TD+NOV,2,eval,325,107.4
TD+NOV,2,eval,350,33.4
TD+NOV,2,eval,375,70.8
TD+NOV,2,eval,400,54.6
TD+NOV,2,eval,425,154.4
TD+NOV,2,eval,450,372.0
TD+NOV,2,eval,475,243.4
TD+NOV,2,eval,500,357.0
TD+NOV,3,eval,25,9.6
TD+NOV,3,eval,50,8.8
TD+NOV,3,eval,75,9.4
TD+NOV,3,eval,100,9.4
TD+NOV,3,eval,125,9.6
TD+NOV,3,eval,150,9.0
TD+NOV,3,eval,175,9.4
TD+NOV,3,eval,200,12.8
TD+NOV,3,eval,225,38.8
TD+NOV,3,eval,250,45.0
TD+NOV,3,eval,275,41.0
TD+NOV,3,eval,300,50.6
TD+NOV,3,eval,325,44.8
TD+NOV,3,eval,350,50.2
TD+NOV,3,eval,375,44.8
TD+NOV,3,eval,400,158.6
TD+NOV,3,eval,425,232.8
TD+NOV,3,eval,450,95.4
TD+NOV,3,eval,475,46.8
TD+NOV,3,eval,500,57.4
TD+NOV,4,eval,25,9.2
TD+NOV,4,eval,50,9.2
TD+NOV,4,eval,75,10.0
TD+NOV,4,eval,100,10.4
TD+NOV,4,eval,125,13.4
TD+NOV,4,eval,150,8.8
TD+NOV,4,eval,175,9.4
TD+NOV,4,eval,200,11.4
TD+NOV,4,eval,225,32.8
TD+NOV,4,eval,250,77.4
TD+NOV,4,eval,275,49.4
TD+NOV,4,eval,300,98.6
TD+NOV,4,eval,325,89.4
TD+NOV,4,eval,350,195.0
TD+NOV,4,eval,375,247.6
TD+NOV,4,eval,400,360.0
TD+NOV,4,eval,425,178.8
TD+NOV,4,eval,450,139.2
TD+NOV,4,eval,475,189.0
TD+NOV,4,eval,500,171.4
TD+NOV,5,eval,25,9.2
TD+NOV,5,eval,50,9.2
TD+NOV,5,eval,75,9.8
TD+NOV,5,eval,100,10.0
TD+NOV,5,eval,125,11.0
TD+NOV,5,eval,150,16.2
TD+NOV,5,eval,175,57.8
TD+NOV,5,eval,200,9.0
TD+NOV,5,eval,225,9.2
TD+NOV,5,eval,250,11.4
TD+NOV,5,eval,275,59.8
TD+NOV,5,eval,300,80.4
TD+NOV,5,eval,325,84.6
TD+NOV,5,eval,350,67.4
TD+NOV,5,eval,375,61.8
TD+NOV,5,eval,400,160.8
TD+NOV,5,eval,425,189.2
TD+NOV,5,eval,450,334.8
TD+NOV,5,eval,475,215.6
TD+NOV,5,eval,500,268.2
TD+NOV,6,eval,25,9.2
TD+NOV,6,eval,50,9.6
TD+NOV,6,eval,75,9.2
TD+NOV,6,eval,100,9.8
TD+NOV,6,eval,125,27.6
TD+NOV,6,eval,150,40.6
TD+NOV,6,eval,175,59.4
TD+NOV,6,eval,200,72.2
TD+NOV,6,eval,225,66.6
TD+NOV,6,eval,250,102.2
TD+NOV,6,eval,275,197.2
TD+NOV,6,eval,300,155.2
TD+NOV,6,eval,325,354.0
TD+NOV,6,eval,350,236.2
TD+NOV,6,eval,375,474.6
TD+NOV,6,eval,400,315.0
TD+NOV,6,eval,425,459.2
TD+NOV,6,eval,450,500.0
TD+NOV,6,eval,475,387.4
TD+NOV,6,eval,500,445.8
TD+NOV,7,eval,25,29.6
TD+NOV,7,eval,50,9.6
TD+NOV,7,eval,75,9.0
TD+NOV,7,eval,100,9.4
TD+NOV,7,eval,125,10.8
TD+NOV,7,eval,150,11.8
TD+NOV,7,eval,175,9.2
TD+NOV,7,eval,200,9.6
TD+NOV,7,eval,225,9.6
TD+NOV,7,eval,250,9.2
TD+NOV,7,eval,275,17.0
TD+NOV,7,eval,300,22.4
TD+NOV,7,eval,325,35.0
TD+NOV,7,eval,350,31.0
TD+NOV,7,eval,375,65.8
TD+NOV,7,eval,400,34.8
TD+NOV,7,eval,425,42.8
TD+NOV,7,eval,450,116.2
TD+NOV,7,eval,475,169.6
TD+NOV,7,eval,500,153.6
TD+NOV,8,eval,25,9.2
TD+NOV,8,eval,50,9.6
TD+NOV,8,eval,75,9.0
TD+NOV,8,eval,100,9.8
TD+NOV,8,eval,125,12.0
TD+NOV,8,eval,150,11.6
TD+NOV,8,eval,175,11.4
TD+NOV,8,eval,200,15.6
TD+NOV,8,eval,225,40.8
TD+NOV,8,eval,250,54.4
TD+NOV,8,eval,275,68.2
TD+NOV,8,eval,300,65.0
TD+NOV,8,eval,325,71.6
TD+NOV,8,eval,350,94.6
TD+NOV,8,eval,375,49.6
TD+NOV,8,eval,400,194.2
TD+NOV,8,eval,425,83.0
TD+NOV,8,eval,450,161.0
TD+NOV,8,eval,475,243.8
TD+NOV,8,eval,500,358.2
TD+NOV,9,eval,25,8.4
TD+NOV,9,eval,50,9.2
TD+NOV,9,eval,75,9.8
TD+NOV,9,eval,100,9.0
TD+NOV,9,eval,125,9.6
TD+NOV,9,eval,150,12.0
TD+NOV,9,eval,175,16.8
TD+NOV,9,eval,200,9.4
TD+NOV,9,eval,225,10.0
TD+NOV,9,eval,250,46.6
TD+NOV,9,eval,275,57.8
TD+NOV,9,eval,300,55.4
TD+NOV,9,eval,325,40.6
TD+NOV,9,eval,350,58.6
TD+NOV,9,eval,375,78.2
TD+NOV,9,eval,400,75.2
TD+NOV,9,eval,425,118.6
TD+NOV,9,eval,450,370.4
TD+NOV,9,eval,475,330.2
TD+NOV,9,eval,500,403.8
TD+UNC,0,train,1,11.0
TD+UNC,0,train,2,20.0
TD+UNC,0,train,3,26.0
TD+UNC,0,train,4,10.0
TD+UNC,0,train,5,27.0
TD+UNC,0,train,6,16.0
TD+UNC,0,train,7,13.0
TD+UNC,0,train,8,20.0
TD+UNC,0,train,9,22.0
TD+UNC,0,train,10,11.0
TD+UNC,0,train,11,24.0
TD+UNC,0,train,12,12.0
TD+UNC,0,train,13,15.0
TD+UNC,0,train,14,19.0
TD+UNC,0,train,15,13.0
TD+UNC,0,train,16,9.0
TD+UNC,0,train,17,10.0
TD+UNC,0,train,18,10.0
TD+UNC,0,train,19,10.0
TD+UNC,0,train,20,15.0
TD+UNC,0,train,21,25.0
TD+UNC,0,train,22,13.0
TD+UNC,0,train,23,23.0
TD+UNC,0,train,24,11.0
TD+UNC,0,train,25,12.0
TD+UNC,0,train,26,8.0
TD+UNC,0,train,27,11.0
TD+UNC,0,train,28,13.0
TD+UNC,0,train,29,13.0
TD+UNC,0,train,30,9.0
TD+UNC,0,train,31,12.0
TD+UNC,0,train,32,9.0
TD+UNC,0,train,33,17.0
TD+UNC,0,train,34,9.0
TD+UNC,0,train,35,11.0
TD+UNC,0,train,36,11.0
TD+UNC,0,train,37,10.0
TD+UNC,0,train,38,12.0
TD+UNC,0,train,39,8.0
TD+UNC,0,train,40,10.0
TD+UNC,0,train,41,12.0
TD+UNC,0,train,42,10.0
TD+UNC,0,train,43,11.0
TD+UNC,0,train,44,11.0
TD+UNC,0,train,45,10.0
TD+UNC,0,train,46,9.0
TD+UNC,0,train,47,11.0
TD+UNC,0,train,48,10.0
TD+UNC,0,train,49,10.0
TD+UNC,0,train,50,10.0
TD+UNC,0,train,51,12.0
TD+UNC,0,train,52,10.0
TD+UNC,0,train,53,10.0
TD+UNC,0,train,54,14.0
TD+UNC,0,train,55,10.0
TD+UNC,0,train,56,14.0
TD+UNC,0,train,57,17.0
TD+UNC,0,train,58,10.0
TD+UNC,0,train,59,9.0
TD+UNC,0,train,60,13.0
TD+UNC,0,train,61,10.0
TD+UNC,0,train,62,14.0
TD+UNC,0,train,63,9.0
TD+UNC,0,train,64,10.0
TD+UNC,0,train,65,9.0
TD+UNC,0,train,66,8.0
TD+UNC,0,train,67,11.0
TD+UNC,0,train,68,12.0
TD+UNC,0,train,69,12.0
TD+UNC,0,train,70,11.0
TD+UNC,0,train,71,10.0
TD+UNC,0,train,72,12.0
TD+UNC,0,train,73,9.0
TD+UNC,0,train,74,10.0
TD+UNC,0,train,75,10.0
TD+UNC,0,train,76,11.0
TD+UNC,0,train,77,10.0
TD+UNC,0,train,78,11.0
TD+UNC,0,train,79,12.0
TD+UNC,0,train,80,9.0
TD+UNC,0,train,81,8.0
TD+UNC,0,train,82,11.0
TD+UNC,0,train,83,10.0
TD+UNC,0,train,84,9.0
TD+UNC,0,train,85,11.0
TD+UNC,0,train,86,10.0
TD+UNC,0,train,87,10.0
TD+UNC,0,train,88,9.0
TD+UNC,0,train,89,9.0
TD+UNC,0,train,90,11.0
TD+UNC,0,train,91,10.0
TD+UNC,0,train,92,11.0
TD+UNC,0,train,93,11.0
TD+UNC,0,train,94,14.0
TD+UNC,0,train,95,10.0
TD+UNC,0,train,96,10.0
TD+UNC,0,train,97,10.0
TD+UNC,0,train,98,8.0
TD+UNC,0,train,99,9.0
TD+UNC,0,train,100,12.0
TD+UNC,0,train,101,10.0
TD+UNC,0,train,102,11.0
TD+UNC,0,train,103,10.0
TD+UNC,0,train,104,11.0
TD+UNC,0,train,105,8.0
TD+UNC,0,train,106,10.0
TD+UNC,0,train,107,12.0
TD+UNC,0,train,108,8.0
TD+UNC,0,train,109,13.0
TD+UNC,0,train,110,13.0
TD+UNC,0,train,111,15.0
TD+UNC,0,train,112,10.0
TD+UNC,0,train,113,9.0
TD+UNC,0,train,114,12.0
TD+UNC,0,train,115,11.0
TD+UNC,0,train,116,13.0
TD+UNC,0,train,117,10.0
TD+UNC,0,train,118,11.0
TD+UNC,0,train,119,13.0
TD+UNC,0,train,120,12.0
TD+UNC,0,train,121,13.0
TD+UNC,0,train,122,11.0
TD+UNC,0,train,123,9.0
TD+UNC,0,train,124,12.0
TD+UNC,0,train,125,10.0
TD+UNC,0,train,126,12.0
TD+UNC,0,train,127,12.0
TD+UNC,0,train,128,9.0
TD+UNC,0,train,129,13.0
TD+UNC,0,train,130,9.0
TD+UNC,0,train,131,11.0
TD+UNC,0,train,132,10.0
TD+UNC,0,train,133,11.0
TD+UNC,0,train,134,19.0
TD+UNC,0,train,135,14.0
TD+UNC,0,train,136,10.0
TD+UNC,0,train,137,10.0
TD+UNC,0,train,138,17.0
TD+UNC,0,train,139,9.0
TD+UNC,0,train,140,15.0
TD+UNC,0,train,141,9.0
TD+UNC,0,train,142,14.0
TD+UNC,0,train,143,11.0
TD+UNC,0,train,144,10.0
TD+UNC,0,train,145,15.0
TD+UNC,0,train,146,11.0
TD+UNC,0,train,147,13.0
TD+UNC,0,train,148,13.0
TD+UNC,0,train,149,12.0
TD+UNC,0,train,150,14.0
TD+UNC,0,train,151,16.0
TD+UNC,0,train,152,12.0
TD+UNC,0,train,153,11.0
TD+UNC,0,train,154,13.0
TD+UNC,0,train,155,13.0
TD+UNC,0,train,156,10.0
TD+UNC,0,train,157,11.0
TD+UNC,0,train,158,14.0
TD+UNC,0,train,159,11.0
TD+UNC,0,train,160,11.0
TD+UNC,0,train,161,11.0
TD+UNC,0,train,162,12.0
TD+UNC,0,train,163,13.0
TD+UNC,0,train,164,12.0
TD+UNC,0,train,165,16.0
TD+UNC,0,train,166,12.0
TD+UNC,0,train,167,12.0
TD+UNC,0,train,168,13.0
TD+UNC,0,train,169,11.0
TD+UNC,0,train,170,12.0
TD+UNC,0,train,171,13.0
TD+UNC,0,train,172,13.0
TD+UNC,0,train,173,12.0
TD+UNC,0,train,174,15.0
TD+UNC,0,train,175,10.0
TD+UNC,0,train,176,23.0
TD+UNC,0,train,177,13.0
TD+UNC,0,train,178,12.0
TD+UNC,0,train,179,17.0
TD+UNC,0,train,180,15.0
TD+UNC,0,train,181,14.0
TD+UNC,0,train,182,12.0
TD+UNC,0,train,183,14.0
TD+UNC,0,train,184,17.0
TD+UNC,0,train,185,12.0
TD+UNC,0,train,186,15.0
TD+UNC,0,train,187,26.0
TD+UNC,0,train,188,90.0
TD+UNC,0,train,189,16.0
TD+UNC,0,train,190,21.0
TD+UNC,0,train,191,20.0
TD+UNC,0,train,192,16.0
TD+UNC,0,train,193,23.0
TD+UNC,0,train,194,18.0
TD+UNC,0,train,195,22.0
TD+UNC,0,train,196,91.0
TD+UNC,0,train,197,18.0
TD+UNC,0,train,198,13.0
TD+UNC,0,train,199,15.0
TD+UNC,0,train,200,14.0
TD+UNC,0,train,201,22.0
TD+UNC,0,train,202,20.0
TD+UNC,0,train,203,17.0
TD+UNC,0,train,204,25.0
TD+UNC,0,train,205,22.0
TD+UNC,0,train,206,31.0
TD+UNC,0,train,207,19.0
TD+UNC,0,train,208,21.0
TD+UNC,0,train,209,25.0
TD+UNC,0,train,210,32.0
TD+UNC,0,train,211,30.0
TD+UNC,0,train,212,36.0
TD+UNC,0,train,213,17.0
TD+UNC,0,train,214,17.0
TD+UNC,0,train,215,30.0
TD+UNC,0,train,216,49.0
TD+UNC,0,train,217,19.0
TD+UNC,0,train,218,19.0
TD+UNC,0,train,219,34.0
TD+UNC,0,train,220,24.0
TD+UNC,0,train,221,26.0
TD+UNC,0,train,222,27.0
TD+UNC,0,train,223,25.0
TD+UNC,0,train,224,67.0
TD+UNC,0,train,225,24.0
TD+UNC,0,train,226,31.0
TD+UNC,0,train,227,28.0
TD+UNC,0,train,228,25.0
TD+UNC,0,train,229,32.0
TD+UNC,0,train,230,38.0
TD+UNC,0,train,231,134.0
TD+UNC,0,train,232,38.0
TD+UNC,0,train,233,23.0
TD+UNC,0,train,234,32.0
TD+UNC,0,train,235,38.0
TD+UNC,0,train,236,110.0
TD+UNC,0,train,237,32.0
TD+UNC,0,train,238,43.0
TD+UNC,0,train,239,39.0
TD+UNC,0,train,240,23.0
TD+UNC,0,train,241,93.0
TD+UNC,0,train,242,56.0
TD+UNC,0,train,243,27.0
TD+UNC,0,train,244,66.0
TD+UNC,0,train,245,58.0
TD+UNC,0,train,246,70.0
TD+UNC,0,train,247,71.0
TD+UNC,0,train,248,49.0
TD+UNC,0,train,249,45.0
TD+UNC,0,train,250,55.0
TD+UNC,0,train,251,37.0
TD+UNC,0,train,252,47.0
TD+UNC,0,train,253,35.0
TD+UNC,0,train,254,140.0
TD+UNC,0,train,255,40.0
TD+UNC,0,train,256,28.0
TD+UNC,0,train,257,32.0
TD+UNC,0,train,258,36.0
TD+UNC,0,train,259,32.0
TD+UNC,0,train,260,52.0
TD+UNC,0,train,261,36.0
TD+UNC,0,train,262,64.0
TD+UNC,0,train,263,57.0
TD+UNC,0,train,264,73.0
TD+UNC,0,train,265,70.0
TD+UNC,0,train,266,26.0
TD+UNC,0,train,267,76.0
TD+UNC,0,train,268,42.0
TD+UNC,0,train,269,57.0
TD+UNC,0,train,270,73.0
TD+UNC,0,train,271,82.0
TD+UNC,0,train,272,32.0
TD+UNC,0,train,273,33.0
TD+UNC,0,train,274,41.0
TD+UNC,0,train,275,38.0
TD+UNC,0,train,276,44.0
TD+UNC,0,train,277,32.0
TD+UNC,0,train,278,49.0
TD+UNC,0,train,279,115.0
TD+UNC,0,train,280,34.0
TD+UNC,0,train,281,59.0
TD+UNC,0,train,282,44.0
TD+UNC,0,train,283,32.0
TD+UNC,0,train,284,40.0
TD+UNC,0,train,285,30.0
TD+UNC,0,train,286,43.0
TD+UNC,0,train,287,49.0
TD+UNC,0,train,288,25.0
TD+UNC,0,train,289,75.0
TD+UNC,0,train,290,43.0
TD+UNC,0,train,291,38.0
TD+UNC,0,train,292,25.0
TD+UNC,0,train,293,67.0
TD+UNC,0,train,294,42.0
TD+UNC,0,train,295,28.0
TD+UNC,0,train,296,90.0
TD+UNC,0,train,297,56.0
TD+UNC,0,train,298,42.0
TD+UNC,0,train,299,40.0
TD+UNC,0,train,300,56.0
TD+UNC,0,train,301,41.0
TD+UNC,0,train,302,69.0
TD+UNC,0,train,303,30.0
TD+UNC,0,train,304,42.0
TD+UNC,0,train,305,46.0
TD+UNC,0,train,306,57.0
TD+UNC,0,train,307,43.0
TD+UNC,0,train,308,30.0
TD+UNC,0,train,309,23.0
TD+UNC,0,train,310,28.0
TD+UNC,0,train,311,36.0
TD+UNC,0,train,312,45.0
TD+UNC,0,train,313,28.0
TD+UNC,0,train,314,54.0
TD+UNC,0,train,315,46.0
TD+UNC,0,train,316,23.0
TD+UNC,0,train,317,29.0
TD+UNC,0,train,318,18.0
TD+UNC,0,train,319,52.0
TD+UNC,0,train,320,55.0
TD+UNC,0,train,321,27.0
TD+UNC,0,train,322,28.0
TD+UNC,0,train,323,23.0
TD+UNC,0,train,324,47.0
TD+UNC,0,train,325,40.0
TD+UNC,0,train,326,28.0
TD+UNC,0,train,327,57.0
TD+UNC,0,train,328,35.0
TD+UNC,0,train,329,48.0
TD+UNC,0,train,330,28.0
TD+UNC,0,train,331,86.0
TD+UNC,0,train,332,52.0
TD+UNC,0,train,333,43.0
TD+UNC,0,train,334,70.0
TD+UNC,0,train,335,63.0
TD+UNC,0,train,336,35.0
TD+UNC,0,train,337,37.0
TD+UNC,0,train,338,63.0
TD+UNC,0,train,339,33.0
TD+UNC,0,train,340,41.0
TD+UNC,0,train,341,62.0
TD+UNC,0,train,342,59.0
TD+UNC,0,train,343,134.0
TD+UNC,0,train,344,28.0
TD+UNC,0,train,345,36.0
TD+UNC,0,train,346,70.0
TD+UNC,0,train,347,47.0
TD+UNC,0,train,348,206.0
TD+UNC,0,train,349,85.0
TD+UNC,0,train,350,46.0
TD+UNC,0,train,351,72.0
TD+UNC,0,train,352,76.0
TD+UNC,0,train,353,110.0
TD+UNC,0,train,354,76.0
TD+UNC,0,train,355,60.0
TD+UNC,0,train,356,76.0
TD+UNC,0,train,357,83.0
TD+UNC,0,train,358,52.0
TD+UNC,0,train,359,125.0
TD+UNC,0,train,360,75.0
TD+UNC,0,train,361,167.0
TD+UNC,0,train,362,199.0
TD+UNC,0,train,363,68.0
TD+UNC,0,train,364,302.0
TD+UNC,0,train,365,96.0
TD+UNC,0,train,366,61.0
TD+UNC,0,train,367,84.0
TD+UNC,0,train,368,168.0
TD+UNC,0,train,369,166.0
TD+UNC,0,train,370,80.0
TD+UNC,0,train,371,140.0
TD+UNC,0,train,372,81.0
TD+UNC,0,train,373,38.0
TD+UNC,0,train,374,76.0
TD+UNC,0,train,375,74.0
TD+UNC,0,train,376,122.0
TD+UNC,0,train,377,153.0
TD+UNC,0,train,378,188.0
TD+UNC,0,train,379,78.0
TD+UNC,0,train,380,145.0
TD+UNC,0,train,381,116.0
TD+UNC,0,train,382,81.0
TD+UNC,0,train,383,58.0
TD+UNC,0,train,384,82.0
TD+UNC,0,train,385,169.0
TD+UNC,0,train,386,135.0
TD+UNC,0,train,387,187.0
TD+UNC,0,train,388,185.0
TD+UNC,0,train,389,132.0
TD+UNC,0,train,390,111.0
TD+UNC,0,train,391,125.0
TD+UNC,0,train,392,132.0
TD+UNC,0,train,393,158.0
TD+UNC,0,train,394,143.0
TD+UNC,0,train,395,202.0
TD+UNC,0,train,396,206.0
TD+UNC,0,train,397,235.0
TD+UNC,0,train,398,170.0
TD+UNC,0,train,399,202.0
TD+UNC,0,train,400,145.0
TD+UNC,0,train,401,284.0
TD+UNC,0,train,402,286.0
TD+UNC,0,train,403,235.0
TD+UNC,0,train,404,224.0
TD+UNC,0,train,405,197.0
TD+UNC,0,train,406,165.0
TD+UNC,0,train,407,243.0
TD+UNC,0,train,408,213.0
TD+UNC,0,train,409,288.0
TD+UNC,0,train,410,155.0
TD+UNC,0,train,411,162.0
TD+UNC,0,train,412,237.0
TD+UNC,0,train,413,192.0
TD+UNC,0,train,414,500.0
TD+UNC,0,train,415,261.0
TD+UNC,0,train,416,320.0
TD+UNC,0,train,417,239.0
TD+UNC,0,train,418,271.0
TD+UNC,0,train,419,248.0
TD+UNC,0,train,420,230.0
TD+UNC,0,train,421,455.0
TD+UNC,0,train,422,274.0
TD+UNC,0,train,423,447.0
TD+UNC,0,train,424,256.0
TD+UNC,0,train,425,340.0
TD+UNC,0,train,426,227.0
TD+UNC,0,train,427,230.0
TD+UNC,0,train,428,269.0
TD+UNC,0,train,429,500.0
TD+UNC,0,train,430,244.0
TD+UNC,0,train,431,304.0
TD+UNC,0,train,432,303.0
TD+UNC,0,train,433,270.0
TD+UNC,0,train,434,245.0
TD+UNC,0,train,435,267.0
TD+UNC,0,train,436,299.0
TD+UNC,0,train,437,257.0
TD+UNC,0,train,438,297.0
TD+UNC,0,train,439,247.0
TD+UNC,0,train,440,206.0
TD+UNC,0,train,441,435.0
TD+UNC,0,train,442,324.0
TD+UNC,0,train,443,500.0
TD+UNC,0,train,444,206.0
TD+UNC,0,train,445,184.0
TD+UNC,0,train,446,257.0
TD+UNC,0,train,447,261.0
TD+UNC,0,train,448,260.0
TD+UNC,0,train,449,172.0
TD+UNC,0,train,450,194.0
TD+UNC,0,train,451,242.0
TD+UNC,0,train,452,220.0
TD+UNC,0,train,453,277.0
TD+UNC,0,train,454,258.0
TD+UNC,0,train,455,277.0
TD+UNC,0,train,456,247.0
TD+UNC,0,train,457,276.0
TD+UNC,0,train,458,420.0
TD+UNC,0,train,459,217.0
TD+UNC,0,train,460,249.0
TD+UNC,0,train,461,255.0
TD+UNC,0,train,462,235.0
TD+UNC,0,train,463,198.0
TD+UNC,0,train,464,200.0
TD+UNC,0,train,465,190.0
TD+UNC,0,train,466,184.0
TD+UNC,0,train,467,190.0
TD+UNC,0,train,468,218.0
TD+UNC,0,train,469,266.0
TD+UNC,0,train,470,274.0
TD+UNC,0,train,471,279.0
TD+UNC,0,train,472,225.0
TD+UNC,0,train,473,226.0
TD+UNC,0,train,474,203.0
TD+UNC,0,train,475,283.0
TD+UNC,0,train,476,198.0
TD+UNC,0,train,477,209.0
TD+UNC,0,train,478,268.0
TD+UNC,0,train,479,264.0
TD+UNC,0,train,480,192.0
TD+UNC,0,train,481,258.0
TD+UNC,0,train,482,210.0
TD+UNC,0,train,483,228.0
TD+UNC,0,train,484,224.0
TD+UNC,0,train,485,211.0
TD+UNC,0,train,486,281.0
TD+UNC,0,train,487,243.0
TD+UNC,0,train,488,258.0
TD+UNC,0,train,489,263.0
TD+UNC,0,train,490,207.0
TD+UNC,0,train,491,315.0
TD+UNC,0,train,492,374.0
TD+UNC,0,train,493,194.0
TD+UNC,0,train,494,193.0
TD+UNC,0,train,495,321.0
TD+UNC,0,train,496,361.0
TD+UNC,0,train,497,289.0
TD+UNC,0,train,498,364.0
TD+UNC,0,train,499,278.0
TD+UNC,0,train,500,261.0
TD+UNC,1,train,1,19.0
TD+UNC,1,train,2,22.0
TD+UNC,1,train,3,11.0
TD+UNC,1,train,4,17.0
TD+UNC,1,train,5,58.0
TD+UNC,1,train,6,28.0
TD+UNC,1,train,7,19.0
TD+UNC,1,train,8,15.0
TD+UNC,1,train,9,26.0
TD+UNC,1,train,10,9.0
TD+UNC,1,train,11,18.0
TD+UNC,1,train,12,19.0
TD+UNC,1,train,13,13.0
TD+UNC,1,train,14,11.0
TD+UNC,1,train,15,21.0
TD+UNC,1,train,16,39.0
TD+UNC,1,train,17,32.0
TD+UNC,1,train,18,13.0
TD+UNC,1,train,19,17.0
TD+UNC,1,train,20,9.0
TD+UNC,1,train,21,12.0
TD+UNC,1,train,22,16.0
TD+UNC,1,train,23,11.0
TD+UNC,1,train,24,19.0
TD+UNC,1,train,25,13.0
TD+UNC,1,train,26,12.0
TD+UNC,1,train,27,9.0
TD+UNC,1,train,28,10.0
TD+UNC,1,train,29,27.0
TD+UNC,1,train,30,16.0
TD+UNC,1,train,31,14.0
TD+UNC,1,train,32,9.0
TD+UNC,1,train,33,10.0
TD+UNC,1,train,34,10.0
TD+UNC,1,train,35,8.0
TD+UNC,1,train,36,12.0
TD+UNC,1,train,37,14.0
TD+UNC,1,train,38,10.0
TD+UNC,1,train,39,17.0
TD+UNC,1,train,40,14.0
TD+UNC,1,train,41,10.0
TD+UNC,1,train,42,14.0
TD+UNC,1,train,43,10.0
TD+UNC,1,train,44,9.0
TD+UNC,1,train,45,12.0
TD+UNC,1,train,46,10.0
TD+UNC,1,train,47,11.0
TD+UNC,1,train,48,19.0
TD+UNC,1,train,49,9.0
TD+UNC,1,train,50,10.0
TD+UNC,1,train,51,11.0
TD+UNC,1,train,52,10.0
TD+UNC,1,train,53,14.0
TD+UNC,1,train,54,12.0
TD+UNC,1,train,55,8.0
TD+UNC,1,train,56,9.0
TD+UNC,1,train,57,11.0
TD+UNC,1,train,58,20.0
TD+UNC,1,train,59,10.0
TD+UNC,1,train,60,10.0
TD+UNC,1,train,61,15.0
TD+UNC,1,train,62,10.0
TD+UNC,1,train,63,10.0
TD+UNC,1,train,64,10.0
TD+UNC,1,train,65,12.0
TD+UNC,1,train,66,14.0
TD+UNC,1,train,67,9.0
TD+UNC,1,train,68,8.0
TD+UNC,1,train,69,10.0
TD+UNC,1,train,70,9.0
TD+UNC,1,train,71,11.0
TD+UNC,1,train,72,14.0
TD+UNC,1,train,73,9.0
TD+UNC,1,train,74,10.0
TD+UNC,1,train,75,9.0
TD+UNC,1,train,76,15.0
TD+UNC,1,train,77,9.0
TD+UNC,1,train,78,9.0
TD+UNC,1,train,79,12.0
TD+UNC,1,train,80,8.0
TD+UNC,1,train,81,16.0
TD+UNC,1,train,82,11.0
TD+UNC,1,train,83,11.0
TD+UNC,1,train,84,9.0
TD+UNC,1,train,85,10.0
TD+UNC,1,train,86,13.0
TD+UNC,1,train,87,9.0
TD+UNC,1,train,88,10.0
TD+UNC,1,train,89,12.0
TD+UNC,1,train,90,9.0
TD+UNC,1,train,91,10.0
TD+UNC,1,train,92,11.0
TD+UNC,1,train,93,9.0
TD+UNC,1,train,94,11.0
TD+UNC,1,train,95,12.0
TD+UNC,1,train,96,9.0
TD+UNC,1,train,97,14.0
TD+UNC,1,train,98,9.0
TD+UNC,1,train,99,14.0
TD+UNC,1,train,100,11.0
TD+UNC,1,train,101,9.0
TD+UNC,1,train,102,11.0
TD+UNC,1,train,103,11.0
TD+UNC,1,train,104,12.0
TD+UNC,1,train,105,12.0
TD+UNC,1,train,106,11.0
TD+UNC,1,train,107,14.0
TD+UNC,1,train,108,12.0
TD+UNC,1,train,109,11.0
TD+UNC,1,train,110,13.0
TD+UNC,1,train,111,11.0
TD+UNC,1,train,112,12.0
TD+UNC,1,train,113,11.0
TD+UNC,1,train,114,10.0
TD+UNC,1,train,115,8.0
TD+UNC,1,train,116,10.0
TD+UNC,1,train,117,12.0
TD+UNC,1,train,118,9.0
TD+UNC,1,train,119,12.0
TD+UNC,1,train,120,9.0
TD+UNC,1,train,121,13.0
TD+UNC,1,train,122,13.0
TD+UNC,1,train,123,9.0
TD+UNC,1,train,124,12.0
TD+UNC,1,train,125,11.0
TD+UNC,1,train,126,15.0
TD+UNC,1,train,127,12.0
TD+UNC,1,train,128,13.0
TD+UNC,1,train,129,11.0
TD+UNC,1,train,130,13.0
TD+UNC,1,train,131,9.0
TD+UNC,1,train,132,11.0
TD+UNC,1,train,133,11.0
TD+UNC,1,train,134,10.0
TD+UNC,1,train,135,8.0
TD+UNC,1,train,136,13.0
TD+UNC,1,train,137,13.0
TD+UNC,1,train,138,16.0
TD+UNC,1,train,139,12.0
TD+UNC,1,train,140,17.0
TD+UNC,1,train,141,16.0
TD+UNC,1,train,142,13.0
TD+UNC,1,train,143,13.0
TD+UNC,1,train,144,12.0
TD+UNC,1,train,145,14.0
TD+UNC,1,train,146,10.0
TD+UNC,1,train,147,10.0
TD+UNC,1,train,148,12.0
TD+UNC,1,train,149,10.0
TD+UNC,1,train,150,11.0
TD+UNC,1,train,151,12.0
TD+UNC,1,train,152,15.0
TD+UNC,1,train,153,15.0
TD+UNC,1,train,154,14.0
TD+UNC,1,train,155,8.0
TD+UNC,1,train,156,13.0
TD+UNC,1,train,157,13.0
TD+UNC,1,train,158,9.0
TD+UNC,1,train,159,9.0
TD+UNC,1,train,160,9.0
TD+UNC,1,train,161,10.0
TD+UNC,1,train,162,13.0
TD+UNC,1,train,163,16.0
TD+UNC,1,train,164,10.0
TD+UNC,1,train,165,14.0
TD+UNC,1,train,166,12.0
TD+UNC,1,train,167,12.0
TD+UNC,1,train,168,11.0
TD+UNC,1,train,169,10.0
TD+UNC,1,train,170,9.0
TD+UNC,1,train,171,10.0
TD+UNC,1,train,172,9.0
TD+UNC,1,train,173,12.0
TD+UNC,1,train,174,9.0
TD+UNC,1,train,175,11.0
TD+UNC,1,train,176,10.0
TD+UNC,1,train,177,20.0
TD+UNC,1,train,178,15.0
TD+UNC,1,train,179,11.0
TD+UNC,1,train,180,15.0
TD+UNC,1,train,181,9.0
TD+UNC,1,train,182,12.0
TD+UNC,1,train,183,12.0
TD+UNC,1,train,184,9.0
TD+UNC,1,train,185,10.0
TD+UNC,1,train,186,14.0
TD+UNC,1,train,187,44.0
TD+UNC,1,train,188,19.0
TD+UNC,1,train,189,12.0
TD+UNC,1,train,190,18.0
TD+UNC,1,train,191,8.0
TD+UNC,1,train,192,10.0
TD+UNC,1,train,193,9.0
TD+UNC,1,train,194,10.0
TD+UNC,1,train,195,12.0
TD+UNC,1,train,196,15.0
TD+UNC,1,train,197,11.0
TD+UNC,1,train,198,8.0
TD+UNC,1,train,199,18.0
TD+UNC,1,train,200,12.0
TD+UNC,1,train,201,23.0
TD+UNC,1,train,202,55.0
TD+UNC,1,train,203,10.0
TD+UNC,1,train,204,11.0
TD+UNC,1,train,205,10.0
TD+UNC,1,train,206,31.0
TD+UNC,1,train,207,10.0
TD+UNC,1,train,208,11.0
TD+UNC,1,train,209,11.0
TD+UNC,1,train,210,12.0
TD+UNC,1,train,211,12.0
TD+UNC,1,train,212,15.0
TD+UNC,1,train,213,8.0
TD+UNC,1,train,214,11.0
TD+UNC,1,train,215,9.0
TD+UNC,1,train,216,24.0
TD+UNC,1,train,217,11.0
TD+UNC,1,train,218,11.0
TD+UNC,1,train,219,31.0
TD+UNC,1,train,220,10.0
TD+UNC,1,train,221,18.0
TD+UNC,1,train,222,14.0
TD+UNC,1,train,223,13.0
TD+UNC,1,train,224,10.0
TD+UNC,1,train,225,13.0
TD+UNC,1,train,226,12.0
TD+UNC,1,train,227,13.0
TD+UNC,1,train,228,9.0
TD+UNC,1,train,229,19.0
TD+UNC,1,train,230,12.0
TD+UNC,1,train,231,14.0
TD+UNC,1,train,232,9.0
TD+UNC,1,train,233,13.0
TD+UNC,1,train,234,8.0
TD+UNC,1,train,235,21.0
TD+UNC,1,train,236,14.0
TD+UNC,1,train,237,13.0
TD+UNC,1,train,238,12.0
TD+UNC,1,train,239,76.0
TD+UNC,1,train,240,14.0
TD+UNC,1,train,241,33.0
TD+UNC,1,train,242,16.0
TD+UNC,1,train,243,17.0
TD+UNC,1,train,244,13.0
TD+UNC,1,train,245,17.0
TD+UNC,1,train,246,16.0
TD+UNC,1,train,247,12.0
TD+UNC,1,train,248,11.0
TD+UNC,1,train,249,8.0
TD+UNC,1,train,250,9.0
TD+UNC,1,train,251,16.0
TD+UNC,1,train,252,17.0
TD+UNC,1,train,253,28.0
TD+UNC,1,train,254,26.0
TD+UNC,1,train,255,24.0
TD+UNC,1,train,256,15.0
TD+UNC,1,train,257,19.0
TD+UNC,1,train,258,17.0
TD+UNC,1,train,259,27.0
TD+UNC,1,train,260,37.0
TD+UNC,1,train,261,34.0
TD+UNC,1,train,262,16.0
TD+UNC,1,train,263,24.0
TD+UNC,1,train,264,36.0
TD+UNC,1,train,265,124.0
TD+UNC,1,train,266,69.0
TD+UNC,1,train,267,27.0
TD+UNC,1,train,268,54.0
TD+UNC,1,train,269,27.0
TD+UNC,1,train,270,44.0
TD+UNC,1,train,271,134.0
TD+UNC,1,train,272,33.0
TD+UNC,1,train,273,57.0
TD+UNC,1,train,274,42.0
TD+UNC,1,train,275,20.0
TD+UNC,1,train,276,20.0
TD+UNC,1,train,277,19.0
TD+UNC,1,train,278,23.0
TD+UNC,1,train,279,33.0
TD+UNC,1,train,280,30.0
TD+UNC,1,train,281,41.0
TD+UNC,1,train,282,22.0
TD+UNC,1,train,283,104.0
TD+UNC,1,train,284,26.0
TD+UNC,1,train,285,23.0
TD+UNC,1,train,286,56.0
TD+UNC,1,train,287,41.0
TD+UNC,1,train,288,36.0
TD+UNC,1,train,289,37.0
TD+UNC,1,train,290,47.0
TD+UNC,1,train,291,28.0
TD+UNC,1,train,292,32.0
TD+UNC,1,train,293,54.0
TD+UNC,1,train,294,36.0
TD+UNC,1,train,295,30.0
TD+UNC,1,train,296,39.0
TD+UNC,1,train,297,62.0
TD+UNC,1,train,298,75.0
TD+UNC,1,train,299,48.0
TD+UNC,1,train,300,62.0
TD+UNC,1,train,301,67.0
TD+UNC,1,train,302,57.0
TD+UNC,1,train,303,72.0
TD+UNC,1,train,304,35.0
TD+UNC,1,train,305,34.0
TD+UNC,1,train,306,91.0
TD+UNC,1,train,307,69.0
TD+UNC,1,train,308,41.0
TD+UNC,1,train,309,44.0
TD+UNC,1,train,310,56.0
TD+UNC,1,train,311,23.0
TD+UNC,1,train,312,49.0
TD+UNC,1,train,313,54.0
TD+UNC,1,train,314,43.0
TD+UNC,1,train,315,28.0
TD+UNC,1,train,316,61.0
TD+UNC,1,train,317,78.0
TD+UNC,1,train,318,58.0
TD+UNC,1,train,319,50.0
TD+UNC,1,train,320,77.0
TD+UNC,1,train,321,119.0
TD+UNC,1,train,322,106.0
TD+UNC,1,train,323,47.0
TD+UNC,1,train,324,47.0
TD+UNC,1,train,325,42.0
TD+UNC,1,train,326,55.0
TD+UNC,1,train,327,50.0
TD+UNC,1,train,328,33.0
TD+UNC,1,train,329,67.0
TD+UNC,1,train,330,36.0
TD+UNC,1,train,331,106.0
TD+UNC,1,train,332,66.0
TD+UNC,1,train,333,65.0
TD+UNC,1,train,334,71.0
TD+UNC,1,train,335,73.0
TD+UNC,1,train,336,62.0
TD+UNC,1,train,337,66.0
TD+UNC,1,train,338,66.0
TD+UNC,1,train,339,52.0
TD+UNC,1,train,340,63.0
TD+UNC,1,train,341,128.0
TD+UNC,1,train,342,88.0
TD+UNC,1,train,343,108.0
TD+UNC,1,train,344,64.0
TD+UNC,1,train,345,44.0
TD+UNC,1,train,346,67.0
TD+UNC,1,train,347,42.0
TD+UNC,1,train,348,98.0
TD+UNC,1,train,349,68.0
TD+UNC,1,train,350,80.0
TD+UNC,1,train,351,46.0
TD+UNC,1,train,352,74.0
TD+UNC,1,train,353,44.0
TD+UNC,1,train,354,124.0
TD+UNC,1,train,355,49.0
TD+UNC,1,train,356,39.0
TD+UNC,1,train,357,45.0
TD+UNC,1,train,358,61.0
TD+UNC,1,train,359,83.0
TD+UNC,1,train,360,65.0
TD+UNC,1,train,361,71.0
TD+UNC,1,train,362,51.0
TD+UNC,1,train,363,65.0
TD+UNC,1,train,364,126.0
TD+UNC,1,train,365,26.0
TD+UNC,1,train,366,79.0
TD+UNC,1,train,367,54.0
TD+UNC,1,train,368,116.0
TD+UNC,1,train,369,53.0
TD+UNC,1,train,370,134.0
TD+UNC,1,train,371,90.0
TD+UNC,1,train,372,74.0
TD+UNC,1,train,373,215.0
TD+UNC,1,train,374,97.0
TD+UNC,1,train,375,59.0
TD+UNC,1,train,376,171.0
TD+UNC,1,train,377,61.0
TD+UNC,1,train,378,114.0
TD+UNC,1,train,379,60.0
TD+UNC,1,train,380,50.0
TD+UNC,1,train,381,58.0
TD+UNC,1,train,382,82.0
TD+UNC,1,train,383,112.0
TD+UNC,1,train,384,147.0
TD+UNC,1,train,385,166.0
TD+UNC,1,train,386,154.0
TD+UNC,1,train,387,58.0
TD+UNC,1,train,388,58.0
TD+UNC,1,train,389,92.0
TD+UNC,1,train,390,128.0
TD+UNC,1,train,391,60.0
TD+UNC,1,train,392,80.0
TD+UNC,1,train,393,322.0
TD+UNC,1,train,394,108.0
TD+UNC,1,train,395,85.0
TD+UNC,1,train,396,368.0
TD+UNC,1,train,397,118.0
TD+UNC,1,train,398,244.0
TD+UNC,1,train,399,83.0
TD+UNC,1,train,400,132.0
TD+UNC,1,train,401,104.0
TD+UNC,1,train,402,125.0
TD+UNC,1,train,403,119.0
TD+UNC,1,train,404,113.0
TD+UNC,1,train,405,251.0
TD+UNC,1,train,406,143.0
TD+UNC,1,train,407,116.0
TD+UNC,1,train,408,131.0
TD+UNC,1,train,409,327.0
TD+UNC,1,train,410,185.0
TD+UNC,1,train,411,129.0
TD+UNC,1,train,412,281.0
TD+UNC,1,train,413,152.0
TD+UNC,1,train,414,219.0
TD+UNC,1,train,415,128.0
TD+UNC,1,train,416,133.0
TD+UNC,1,train,417,109.0
TD+UNC,1,train,418,487.0
TD+UNC,1,train,419,205.0
TD+UNC,1,train,420,124.0
TD+UNC,1,train,421,360.0
TD+UNC,1,train,422,141.0
TD+UNC,1,train,423,182.0
TD+UNC,1,train,424,125.0
TD+UNC,1,train,425,125.0
TD+UNC,1,train,426,500.0
TD+UNC,1,train,427,135.0
TD+UNC,1,train,428,368.0
TD+UNC,1,train,429,259.0
TD+UNC,1,train,430,142.0
TD+UNC,1,train,431,155.0
TD+UNC,1,train,432,216.0
TD+UNC,1,train,433,242.0
TD+UNC,1,train,434,352.0
TD+UNC,1,train,435,190.0
TD+UNC,1,train,436,290.0
TD+UNC,1,train,437,209.0
TD+UNC,1,train,438,166.0
TD+UNC,1,train,439,216.0
TD+UNC,1,train,440,500.0
TD+UNC,1,train,441,247.0
TD+UNC,1,train,442,457.0
TD+UNC,1,train,443,351.0
TD+UNC,1,train,444,500.0
TD+UNC,1,train,445,434.0
TD+UNC,1,train,446,500.0
TD+UNC,1,train,447,408.0
TD+UNC,1,train,448,488.0
TD+UNC,1,train,449,500.0
TD+UNC,1,train,450,298.0
TD+UNC,1,train,451,375.0
TD+UNC,1,train,452,317.0
TD+UNC,1,train,453,215.0
TD+UNC,1,train,454,346.0
TD+UNC,1,train,455,231.0
TD+UNC,1,train,456,262.0
TD+UNC,1,train,457,230.0
TD+UNC,1,train,458,392.0
TD+UNC,1,train,459,271.0
TD+UNC,1,train,460,260.0
TD+UNC,1,train,461,278.0
TD+UNC,1,train,462,365.0
TD+UNC,1,train,463,412.0
TD+UNC,1,train,464,338.0
TD+UNC,1,train,465,270.0
TD+UNC,1,train,466,326.0
TD+UNC,1,train,467,458.0
TD+UNC,1,train,468,269.0
TD+UNC,1,train,469,230.0
TD+UNC,1,train,470,250.0
TD+UNC,1,train,471,333.0
TD+UNC,1,train,472,500.0
TD+UNC,1,train,473,389.0
TD+UNC,1,train,474,289.0
TD+UNC,1,train,475,399.0
TD+UNC,1,train,476,500.0
TD+UNC,1,train,477,414.0
TD+UNC,1,train,478,230.0
TD+UNC,1,train,479,266.0
TD+UNC,1,train,480,331.0
TD+UNC,1,train,481,313.0
TD+UNC,1,train,482,500.0
TD+UNC,1,train,483,382.0
TD+UNC,1,train,484,500.0
TD+UNC,1,train,485,238.0
TD+UNC,1,train,486,500.0
TD+UNC,1,train,487,243.0
TD+UNC,1,train,488,500.0
TD+UNC,1,train,489,255.0
TD+UNC,1,train,490,500.0
TD+UNC,1,train,491,439.0
TD+UNC,1,train,492,262.0
TD+UNC,1,train,493,337.0
TD+UNC,1,train,494,307.0
TD+UNC,1,train,495,284.0
TD+UNC,1,train,496,394.0
TD+UNC,1,train,497,351.0
TD+UNC,1,train,498,500.0
TD+UNC,1,train,499,290.0
TD+UNC,1,train,500,349.0
TD+UNC,2,train,1,19.0
TD+UNC,2,train,2,12.0
TD+UNC,2,train,3,16.0
TD+UNC,2,train,4,10.0
TD+UNC,2,train,5,23.0
TD+UNC,2,train,6,69.0
TD+UNC,2,train,7,16.0
TD+UNC,2,train,8,21.0
TD+UNC,2,train,9,20.0
TD+UNC,2,train,10,37.0
TD+UNC,2,train,11,12.0
TD+UNC,2,train,12,14.0
TD+UNC,2,train,13,13.0
TD+UNC,2,train,14,22.0
TD+UNC,2,train,15,38.0
TD+UNC,2,train,16,17.0
TD+UNC,2,train,17,16.0
TD+UNC,2,train,18,17.0
TD+UNC,2,train,19,9.0
TD+UNC,2,train,20,17.0
TD+UNC,2,train,21,10.0
TD+UNC,2,train,22,9.0
TD+UNC,2,train,23,11.0
TD+UNC,2,train,24,13.0
TD+UNC,2,train,25,13.0
TD+UNC,2,train,26,14.0
TD+UNC,2,train,27,12.0
TD+UNC,2,train,28,20.0
TD+UNC,2,train,29,9.0
TD+UNC,2,train,30,18.0
TD+UNC,2,train,31,15.0
TD+UNC,2,train,32,13.0
TD+UNC,2,train,33,9.0
TD+UNC,2,train,34,12.0
TD+UNC,2,train,35,13.0
TD+UNC,2,train,36,9.0
TD+UNC,2,train,37,12.0
TD+UNC,2,train,38,14.0
TD+UNC,2,train,39,14.0
TD+UNC,2,train,40,11.0
TD+UNC,2,train,41,16.0
TD+UNC,2,train,42,9.0
TD+UNC,2,train,43,9.0
TD+UNC,2,train,44,11.0
TD+UNC,2,train,45,10.0
TD+UNC,2,train,46,11.0
TD+UNC,2,train,47,10.0
TD+UNC,2,train,48,10.0
TD+UNC,2,train,49,13.0
TD+UNC,2,train,50,10.0
TD+UNC,2,train,51,10.0
TD+UNC,2,train,52,15.0
TD+UNC,2,train,53,13.0
TD+UNC,2,train,54,9.0
TD+UNC,2,train,55,11.0
TD+UNC,2,train,56,15.0
TD+UNC,2,train,57,11.0
TD+UNC,2,train,58,10.0
TD+UNC,2,train,59,10.0
TD+UNC,2,train,60,9.0
TD+UNC,2,train,61,10.0
TD+UNC,2,train,62,11.0
TD+UNC,2,train,63,14.0
TD+UNC,2,train,64,11.0
TD+UNC,2,train,65,10.0
TD+UNC,2,train,66,10.0
TD+UNC,2,train,67,12.0
TD+UNC,2,train,68,10.0
TD+UNC,2,train,69,11.0
TD+UNC,2,train,70,12.0
TD+UNC,2,train,71,12.0
TD+UNC,2,train,72,20.0
TD+UNC,2,train,73,9.0
TD+UNC,2,train,74,10.0
TD+UNC,2,train,75,10.0
TD+UNC,2,train,76,11.0
TD+UNC,2,train,77,9.0
TD+UNC,2,train,78,18.0
TD+UNC,2,train,79,8.0
TD+UNC,2,train,80,10.0
TD+UNC,2,train,81,9.0
TD+UNC,2,train,82,12.0
TD+UNC,2,train,83,10.0
TD+UNC,2,train,84,9.0
TD+UNC,2,train,85,13.0
TD+UNC,2,train,86,13.0
TD+UNC,2,train,87,11.0
TD+UNC,2,train,88,9.0
TD+UNC,2,train,89,9.0
TD+UNC,2,train,90,10.0
TD+UNC,2,train,91,17.0
TD+UNC,2,train,92,9.0
TD+UNC,2,train,93,12.0
TD+UNC,2,train,94,9.0
TD+UNC,2,train,95,11.0
TD+UNC,2,train,96,13.0
TD+UNC,2,train,97,11.0
TD+UNC,2,train,98,11.0
TD+UNC,2,train,99,12.0
TD+UNC,2,train,100,10.0
TD+UNC,2,train,101,11.0
TD+UNC,2,train,102,10.0
TD+UNC,2,train,103,13.0
TD+UNC,2,train,104,15.0
TD+UNC,2,train,105,10.0
TD+UNC,2,train,106,13.0
TD+UNC,2,train,107,10.0
TD+UNC,2,train,108,14.0
TD+UNC,2,train,109,11.0
TD+UNC,2,train,110,10.0
TD+UNC,2,train,111,12.0
TD+UNC,2,train,112,11.0
TD+UNC,2,train,113,11.0
TD+UNC,2,train,114,10.0
TD+UNC,2,train,115,13.0
TD+UNC,2,train,116,12.0
TD+UNC,2,train,117,10.0
TD+UNC,2,train,118,16.0
TD+UNC,2,train,119,11.0
TD+UNC,2,train,120,11.0
TD+UNC,2,train,121,12.0
TD+UNC,2,train,122,9.0
TD+UNC,2,train,123,12.0
TD+UNC,2,train,124,14.0
TD+UNC,2,train,125,11.0
TD+UNC,2,train,126,11.0
TD+UNC,2,train,127,9.0
TD+UNC,2,train,128,11.0
TD+UNC,2,train,129,13.0
TD+UNC,2,train,130,10.0
TD+UNC,2,train,131,11.0
TD+UNC,2,train,132,11.0
TD+UNC,2,train,133,9.0
TD+UNC,2,train,134,11.0
TD+UNC,2,train,135,11.0
TD+UNC,2,train,136,10.0
TD+UNC,2,train,137,12.0
TD+UNC,2,train,138,11.0
TD+UNC,2,train,139,12.0
TD+UNC,2,train,140,11.0
TD+UNC,2,train,141,11.0
TD+UNC,2,train,142,12.0
TD+UNC,2,train,143,10.0
TD+UNC,2,train,144,13.0
TD+UNC,2,train,145,11.0
TD+UNC,2,train,146,10.0
TD+UNC,2,train,147,18.0
TD+UNC,2,train,148,11.0
TD+UNC,2,train,149,11.0
TD+UNC,2,train,150,14.0
TD+UNC,2,train,151,15.0
TD+UNC,2,train,152,14.0
TD+UNC,2,train,153,12.0
TD+UNC,2,train,154,17.0
TD+UNC,2,train,155,13.0
TD+UNC,2,train,156,15.0
TD+UNC,2,train,157,11.0
TD+UNC,2,train,158,10.0
TD+UNC,2,train,159,15.0
TD+UNC,2,train,160,11.0
TD+UNC,2,train,161,12.0
TD+UNC,2,train,162,10.0
TD+UNC,2,train,163,11.0
TD+UNC,2,train,164,16.0
TD+UNC,2,train,165,12.0
TD+UNC,2,train,166,12.0
TD+UNC,2,train,167,14.0
TD+UNC,2,train,168,11.0
TD+UNC,2,train,169,14.0
TD+UNC,2,train,170,11.0
TD+UNC,2,train,171,23.0
TD+UNC,2,train,172,16.0
TD+UNC,2,train,173,8.0
TD+UNC,2,train,174,11.0
TD+UNC,2,train,175,27.0
TD+UNC,2,train,176,16.0
TD+UNC,2,train,177,10.0
TD+UNC,2,train,178,36.0
TD+UNC,2,train,179,9.0
TD+UNC,2,train,180,9.0
TD+UNC,2,train,181,13.0
TD+UNC,2,train,182,10.0
TD+UNC,2,train,183,9.0
TD+UNC,2,train,184,11.0
TD+UNC,2,train,185,12.0
TD+UNC,2,train,186,10.0
TD+UNC,2,train,187,9.0
TD+UNC,2,train,188,21.0
TD+UNC,2,train,189,20.0
TD+UNC,2,train,190,16.0
TD+UNC,2,train,191,10.0
TD+UNC,2,train,192,9.0
TD+UNC,2,train,193,10.0
TD+UNC,2,train,194,10.0
TD+UNC,2,train,195,10.0
TD+UNC,2,train,196,10.0
TD+UNC,2,train,197,8.0
TD+UNC,2,train,198,22.0
TD+UNC,2,train,199,16.0
TD+UNC,2,train,200,10.0
TD+UNC,2,train,201,10.0
TD+UNC,2,train,202,18.0
TD+UNC,2,train,203,14.0
TD+UNC,2,train,204,12.0
TD+UNC,2,train,205,16.0
TD+UNC,2,train,206,9.0
TD+UNC,2,train,207,45.0
TD+UNC,2,train,208,33.0
TD+UNC,2,train,209,23.0
TD+UNC,2,train,210,15.0
TD+UNC,2,train,211,20.0
TD+UNC,2,train,212,8.0
TD+UNC,2,train,213,16.0
TD+UNC,2,train,214,9.0
TD+UNC,2,train,215,10.0
TD+UNC,2,train,216,20.0
TD+UNC,2,train,217,21.0
TD+UNC,2,train,218,12.0
TD+UNC,2,train,219,10.0
TD+UNC,2,train,220,10.0
TD+UNC,2,train,221,20.0
TD+UNC,2,train,222,24.0
TD+UNC,2,train,223,10.0
TD+UNC,2,train,224,51.0
TD+UNC,2,train,225,10.0
TD+UNC,2,train,226,9.0
TD+UNC,2,train,227,9.0
TD+UNC,2,train,228,11.0
TD+UNC,2,train,229,17.0
TD+UNC,2,train,230,9.0
TD+UNC,2,train,231,8.0
TD+UNC,2,train,232,9.0
TD+UNC,2,train,233,20.0
TD+UNC,2,train,234,10.0
TD+UNC,2,train,235,67.0
TD+UNC,2,train,236,19.0
TD+UNC,2,train,237,10.0
TD+UNC,2,train,238,10.0
TD+UNC,2,train,239,10.0
TD+UNC,2,train,240,9.0
TD+UNC,2,train,241,13.0
TD+UNC,2,train,242,11.0
TD+UNC,2,train,243,12.0
TD+UNC,2,train,244,10.0
TD+UNC,2,train,245,57.0
TD+UNC,2,train,246,14.0
TD+UNC,2,train,247,16.0
TD+UNC,2,train,248,10.0
TD+UNC,2,train,249,15.0
TD+UNC,2,train,250,45.0
TD+UNC,2,train,251,9.0
TD+UNC,2,train,252,10.0
TD+UNC,2,train,253,11.0
TD+UNC,2,train,254,22.0
TD+UNC,2,train,255,19.0
TD+UNC,2,train,256,67.0
TD+UNC,2,train,257,49.0
TD+UNC,2,train,258,21.0
TD+UNC,2,train,259,18.0
TD+UNC,2,train,260,13.0
TD+UNC,2,train,261,32.0
TD+UNC,2,train,262,22.0
TD+UNC,2,train,263,13.0
TD+UNC,2,train,264,57.0
TD+UNC,2,train,265,79.0
TD+UNC,2,train,266,24.0
TD+UNC,2,train,267,39.0
TD+UNC,2,train,268,29.0
TD+UNC,2,train,269,20.0
TD+UNC,2,train,270,24.0
TD+UNC,2,train,271,22.0
TD+UNC,2,train,272,19.0
TD+UNC,2,train,273,95.0
TD+UNC,2,train,274,167.0
TD+UNC,2,train,275,74.0
TD+UNC,2,train,276,37.0
TD+UNC,2,train,277,28.0
TD+UNC,2,train,278,81.0
TD+UNC,2,train,279,54.0
TD+UNC,2,train,280,68.0
TD+UNC,2,train,281,33.0
TD+UNC,2,train,282,26.0
TD+UNC,2,train,283,30.0
TD+UNC,2,train,284,26.0
TD+UNC,2,train,285,25.0
TD+UNC,2,train,286,73.0
TD+UNC,2,train,287,41.0
TD+UNC,2,train,288,38.0
TD+UNC,2,train,289,60.0
TD+UNC,2,train,290,47.0
TD+UNC,2,train,291,61.0
TD+UNC,2,train,292,70.0
TD+UNC,2,train,293,56.0
TD+UNC,2,train,294,19.0
TD+UNC,2,train,295,19.0
TD+UNC,2,train,296,24.0
TD+UNC,2,train,297,17.0
TD+UNC,2,train,298,42.0
TD+UNC,2,train,299,37.0
TD+UNC,2,train,300,31.0
TD+UNC,2,train,301,116.0
TD+UNC,2,train,302,47.0
TD+UNC,2,train,303,41.0
TD+UNC,2,train,304,35.0
TD+UNC,2,train,305,117.0
TD+UNC,2,train,306,74.0
TD+UNC,2,train,307,80.0
TD+UNC,2,train,308,67.0
TD+UNC,2,train,309,92.0
TD+UNC,2,train,310,48.0
TD+UNC,2,train,311,57.0
TD+UNC,2,train,312,170.0
TD+UNC,2,train,313,37.0
TD+UNC,2,train,314,50.0
TD+UNC,2,train,315,40.0
TD+UNC,2,train,316,103.0
TD+UNC,2,train,317,35.0
TD+UNC,2,train,318,40.0
TD+UNC,2,train,319,55.0
TD+UNC,2,train,320,40.0
TD+UNC,2,train,321,49.0
TD+UNC,2,train,322,39.0
TD+UNC,2,train,323,28.0
TD+UNC,2,train,324,40.0
TD+UNC,2,train,325,27.0
TD+UNC,2,train,326,168.0
TD+UNC,2,train,327,37.0
TD+UNC,2,train,328,50.0
TD+UNC,2,train,329,25.0
TD+UNC,2,train,330,28.0
TD+UNC,2,train,331,43.0
TD+UNC,2,train,332,39.0
TD+UNC,2,train,333,38.0
TD+UNC,2,train,334,78.0
TD+UNC,2,train,335,114.0
TD+UNC,2,train,336,44.0
TD+UNC,2,train,337,45.0
TD+UNC,2,train,338,78.0
TD+UNC,2,train,339,32.0
TD+UNC,2,train,340,61.0
TD+UNC,2,train,341,95.0
TD+UNC,2,train,342,87.0
TD+UNC,2,train,343,69.0
TD+UNC,2,train,344,43.0
TD+UNC,2,train,345,51.0
TD+UNC,2,train,346,40.0
TD+UNC,2,train,347,45.0
TD+UNC,2,train,348,47.0
TD+UNC,2,train,349,65.0
TD+UNC,2,train,350,78.0
TD+UNC,2,train,351,78.0
TD+UNC,2,train,352,65.0
TD+UNC,2,train,353,69.0
TD+UNC,2,train,354,43.0
TD+UNC,2,train,355,29.0
TD+UNC,2,train,356,25.0
TD+UNC,2,train,357,32.0
TD+UNC,2,train,358,73.0
TD+UNC,2,train,359,44.0
TD+UNC,2,train,360,66.0
TD+UNC,2,train,361,40.0
TD+UNC,2,train,362,32.0
TD+UNC,2,train,363,71.0
TD+UNC,2,train,364,29.0
TD+UNC,2,train,365,109.0
TD+UNC,2,train,366,66.0
TD+UNC,2,train,367,52.0
TD+UNC,2,train,368,154.0
TD+UNC,2,train,369,36.0
TD+UNC,2,train,370,39.0
TD+UNC,2,train,371,58.0
TD+UNC,2,train,372,43.0
TD+UNC,2,train,373,40.0
TD+UNC,2,train,374,28.0
TD+UNC,2,train,375,29.0
TD+UNC,2,train,376,45.0
TD+UNC,2,train,377,65.0
TD+UNC,2,train,378,109.0
TD+UNC,2,train,379,85.0
TD+UNC,2,train,380,80.0
TD+UNC,2,train,381,90.0
TD+UNC,2,train,382,45.0
TD+UNC,2,train,383,43.0
TD+UNC,2,train,384,84.0
TD+UNC,2,train,385,47.0
TD+UNC,2,train,386,92.0
TD+UNC,2,train,387,63.0
TD+UNC,2,train,388,85.0
TD+UNC,2,train,389,42.0
TD+UNC,2,train,390,41.0
TD+UNC,2,train,391,67.0
TD+UNC,2,train,392,61.0
TD+UNC,2,train,393,137.0
TD+UNC,2,train,394,85.0
TD+UNC,2,train,395,47.0
TD+UNC,2,train,396,34.0
TD+UNC,2,train,397,58.0
TD+UNC,2,train,398,62.0
TD+UNC,2,train,399,38.0
TD+UNC,2,train,400,37.0
TD+UNC,2,train,401,41.0
TD+UNC,2,train,402,33.0
TD+UNC,2,train,403,100.0
TD+UNC,2,train,404,231.0
TD+UNC,2,train,405,66.0
TD+UNC,2,train,406,43.0
TD+UNC,2,train,407,41.0
TD+UNC,2,train,408,95.0
TD+UNC,2,train,409,116.0
TD+UNC,2,train,410,85.0
TD+UNC,2,train,411,35.0
TD+UNC,2,train,412,123.0
TD+UNC,2,train,413,155.0
TD+UNC,2,train,414,75.0
TD+UNC,2,train,415,95.0
TD+UNC,2,train,416,85.0
TD+UNC,2,train,417,79.0
TD+UNC,2,train,418,79.0
TD+UNC,2,train,419,21.0
TD+UNC,2,train,420,56.0
TD+UNC,2,train,421,90.0
TD+UNC,2,train,422,62.0
TD+UNC,2,train,423,56.0
TD+UNC,2,train,424,44.0
TD+UNC,2,train,425,70.0
TD+UNC,2,train,426,80.0
TD+UNC,2,train,427,73.0
TD+UNC,2,train,428,96.0
TD+UNC,2,train,429,35.0
TD+UNC,2,train,430,144.0
TD+UNC,2,train,431,59.0
TD+UNC,2,train,432,56.0
TD+UNC,2,train,433,39.0
TD+UNC,2,train,434,155.0
TD+UNC,2,train,435,57.0
TD+UNC,2,train,436,128.0
TD+UNC,2,train,437,74.0
TD+UNC,2,train,438,68.0
TD+UNC,2,train,439,66.0
TD+UNC,2,train,440,148.0
TD+UNC,2,train,441,105.0
TD+UNC,2,train,442,169.0
TD+UNC,2,train,443,72.0
TD+UNC,2,train,444,77.0
TD+UNC,2,train,445,149.0
TD+UNC,2,train,446,152.0
TD+UNC,2,train,447,76.0
TD+UNC,2,train,448,175.0
TD+UNC,2,train,449,162.0
TD+UNC,2,train,450,165.0
TD+UNC,2,train,451,148.0
TD+UNC,2,train,452,92.0
TD+UNC,2,train,453,112.0
TD+UNC,2,train,454,34.0
TD+UNC,2,train,455,138.0
TD+UNC,2,train,456,150.0
TD+UNC,2,train,457,185.0
TD+UNC,2,train,458,151.0
TD+UNC,2,train,459,165.0
TD+UNC,2,train,460,138.0
TD+UNC,2,train,461,149.0
TD+UNC,2,train,462,215.0
TD+UNC,2,train,463,240.0
TD+UNC,2,train,464,192.0
TD+UNC,2,train,465,258.0
TD+UNC,2,train,466,196.0
TD+UNC,2,train,467,180.0
TD+UNC,2,train,468,288.0
TD+UNC,2,train,469,181.0
TD+UNC,2,train,470,206.0
TD+UNC,2,train,471,118.0
TD+UNC,2,train,472,168.0
TD+UNC,2,train,473,120.0
TD+UNC,2,train,474,213.0
TD+UNC,2,train,475,225.0
TD+UNC,2,train,476,140.0
TD+UNC,2,train,477,199.0
TD+UNC,2,train,478,145.0
TD+UNC,2,train,479,200.0
TD+UNC,2,train,480,265.0
TD+UNC,2,train,481,165.0
TD+UNC,2,train,482,331.0
TD+UNC,2,train,483,379.0
TD+UNC,2,train,484,289.0
TD+UNC,2,train,485,208.0
TD+UNC,2,train,486,377.0
TD+UNC,2,train,487,277.0
TD+UNC,2,train,488,159.0
TD+UNC,2,train,489,184.0
TD+UNC,2,train,490,141.0
TD+UNC,2,train,491,159.0
TD+UNC,2,train,492,171.0
TD+UNC,2,train,493,177.0
TD+UNC,2,train,494,224.0
TD+UNC,2,train,495,192.0
TD+UNC,2,train,496,277.0
TD+UNC,2,train,497,230.0
TD+UNC,2,train,498,317.0
TD+UNC,2,train,499,229.0
TD+UNC,2,train,500,500.0
TD+UNC,3,train,1,35.0
TD+UNC,3,train,2,33.0
TD+UNC,3,train,3,12.0
TD+UNC,3,train,4,15.0
TD+UNC,3,train,5,14.0
TD+UNC,3,train,6,11.0
TD+UNC,3,train,7,13.0
TD+UNC,3,train,8,53.0
TD+UNC,3,train,9,23.0
TD+UNC,3,train,10,15.0
TD+UNC,3,train,11,26.0
TD+UNC,3,train,12,11.0
TD+UNC,3,train,13,19.0
TD+UNC,3,train,14,21.0
TD+UNC,3,train,15,18.0
TD+UNC,3,train,16,23.0
TD+UNC,3,train,17,15.0
TD+UNC,3,train,18,12.0
TD+UNC,3,train,19,17.0
TD+UNC,3,train,20,17.0
TD+UNC,3,train,21,15.0
TD+UNC,3,train,22,19.0
TD+UNC,3,train,23,13.0
TD+UNC,3,train,24,9.0
TD+UNC,3,train,25,10.0
TD+UNC,3,train,26,12.0
TD+UNC,3,train,27,12.0
TD+UNC,3,train,28,13.0
TD+UNC,3,train,29,12.0
TD+UNC,3,train,30,15.0
TD+UNC,3,train,31,9.0
TD+UNC,3,train,32,15.0
TD+UNC,3,train,33,10.0
TD+UNC,3,train,34,10.0
TD+UNC,3,train,35,12.0
TD+UNC,3,train,36,9.0
TD+UNC,3,train,37,14.0
TD+UNC,3,train,38,11.0
TD+UNC,3,train,39,17.0
TD+UNC,3,train,40,10.0
TD+UNC,3,train,41,10.0
TD+UNC,3,train,42,12.0
TD+UNC,3,train,43,9.0
TD+UNC,3,train,44,9.0
TD+UNC,3,train,45,11.0
TD+UNC,3,train,46,9.0
TD+UNC,3,train,47,11.0
TD+UNC,3,train,48,9.0
TD+UNC,3,train,49,11.0
TD+UNC,3,train,50,11.0
TD+UNC,3,train,51,15.0
TD+UNC,3,train,52,10.0
TD+UNC,3,train,53,12.0
TD+UNC,3,train,54,10.0
TD+UNC,3,train,55,11.0
TD+UNC,3,train,56,10.0
TD+UNC,3,train,57,9.0
TD+UNC,3,train,58,12.0
TD+UNC,3,train,59,10.0
TD+UNC,3,train,60,9.0
TD+UNC,3,train,61,9.0
TD+UNC,3,train,62,10.0
TD+UNC,3,train,63,8.0
TD+UNC,3,train,64,10.0
TD+UNC,3,train,65,11.0
TD+UNC,3,train,66,12.0
TD+UNC,3,train,67,9.0
TD+UNC,3,train,68,10.0
TD+UNC,3,train,69,9.0
TD+UNC,3,train,70,11.0
TD+UNC,3,train,71,11.0
TD+UNC,3,train,72,10.0
TD+UNC,3,train,73,10.0
TD+UNC,3,train,74,9.0
TD+UNC,3,train,75,10.0
TD+UNC,3,train,76,10.0
TD+UNC,3,train,77,13.0
TD+UNC,3,train,78,14.0
TD+UNC,3,train,79,9.0
TD+UNC,3,train,80,13.0
TD+UNC,3,train,81,11.0
TD+UNC,3,train,82,12.0
TD+UNC,3,train,83,10.0
TD+UNC,3,train,84,9.0
TD+UNC,3,train,85,12.0
TD+UNC,3,train,86,13.0
TD+UNC,3,train,87,9.0
TD+UNC,3,train,88,10.0
TD+UNC,3,train,89,9.0
TD+UNC,3,train,90,9.0
TD+UNC,3,train,91,12.0
TD+UNC,3,train,92,10.0
TD+UNC,3,train,93,11.0
TD+UNC,3,train,94,11.0
TD+UNC,3,train,95,9.0
TD+UNC,3,train,96,10.0
TD+UNC,3,train,97,10.0
TD+UNC,3,train,98,12.0
TD+UNC,3,train,99,11.0
TD+UNC,3,train,100,11.0
TD+UNC,3,train,101,9.0
TD+UNC,3,train,102,9.0
TD+UNC,3,train,103,8.0
TD+UNC,3,train,104,9.0
TD+UNC,3,train,105,8.0
TD+UNC,3,train,106,10.0
TD+UNC,3,train,107,13.0
TD+UNC,3,train,108,11.0
TD+UNC,3,train,109,11.0
TD+UNC,3,train,110,10.0
TD+UNC,3,train,111,11.0
TD+UNC,3,train,112,11.0
TD+UNC,3,train,113,12.0
TD+UNC,3,train,114,13.0
TD+UNC,3,train,115,10.0
TD+UNC,3,train,116,10.0
TD+UNC,3,train,117,9.0
TD+UNC,3,train,118,14.0
TD+UNC,3,train,119,9.0
TD+UNC,3,train,120,10.0
TD+UNC,3,train,121,11.0
TD+UNC,3,train,122,9.0
TD+UNC,3,train,123,10.0
TD+UNC,3,train,124,9.0
TD+UNC,3,train,125,9.0
TD+UNC,3,train,126,12.0
TD+UNC,3,train,127,9.0
TD+UNC,3,train,128,9.0
TD+UNC,3,train,129,15.0
TD+UNC,3,train,130,10.0
TD+UNC,3,train,131,12.0
TD+UNC,3,train,132,10.0
TD+UNC,3,train,133,10.0
TD+UNC,3,train,134,10.0
TD+UNC,3,train,135,10.0
TD+UNC,3,train,136,11.0
TD+UNC,3,train,137,10.0
TD+UNC,3,train,138,9.0
TD+UNC,3,train,139,12.0
TD+UNC,3,train,140,11.0
TD+UNC,3,train,141,10.0
TD+UNC,3,train,142,9.0
TD+UNC,3,train,143,10.0
TD+UNC,3,train,144,10.0
TD+UNC,3,train,145,11.0
TD+UNC,3,train,146,10.0
TD+UNC,3,train,147,13.0
TD+UNC,3,train,148,12.0
TD+UNC,3,train,149,10.0
TD+UNC,3,train,150,12.0
TD+UNC,3,train,151,10.0
TD+UNC,3,train,152,12.0
TD+UNC,3,train,153,10.0
TD+UNC,3,train,154,13.0
TD+UNC,3,train,155,9.0
TD+UNC,3,train,156,10.0
TD+UNC,3,train,157,10.0
TD+UNC,3,train,158,11.0
TD+UNC,3,train,159,10.0
TD+UNC,3,train,160,9.0
TD+UNC,3,train,161,12.0
TD+UNC,3,train,162,9.0
TD+UNC,3,train,163,9.0
TD+UNC,3,train,164,9.0
TD+UNC,3,train,165,9.0
TD+UNC,3,train,166,9.0
TD+UNC,3,train,167,10.0
TD+UNC,3,train,168,9.0
TD+UNC,3,train,169,11.0
TD+UNC,3,train,170,12.0
TD+UNC,3,train,171,9.0
TD+UNC,3,train,172,13.0
TD+UNC,3,train,173,10.0
TD+UNC,3,train,174,9.0
TD+UNC,3,train,175,13.0
TD+UNC,3,train,176,8.0
TD+UNC,3,train,177,15.0
TD+UNC,3,train,178,11.0
TD+UNC,3,train,179,10.0
TD+UNC,3,train,180,9.0
TD+UNC,3,train,181,8.0
TD+UNC,3,train,182,11.0
TD+UNC,3,train,183,10.0
TD+UNC,3,train,184,9.0
TD+UNC,3,train,185,13.0
TD+UNC,3,train,186,10.0
TD+UNC,3,train,187,9.0
TD+UNC,3,train,188,10.0
TD+UNC,3,train,189,11.0
TD+UNC,3,train,190,9.0
TD+UNC,3,train,191,10.0
TD+UNC,3,train,192,9.0
TD+UNC,3,train,193,9.0
TD+UNC,3,train,194,9.0
TD+UNC,3,train,195,10.0
TD+UNC,3,train,196,16.0
TD+UNC,3,train,197,12.0
TD+UNC,3,train,198,9.0
TD+UNC,3,train,199,10.0
TD+UNC,3,train,200,10.0
TD+UNC,3,train,201,18.0
TD+UNC,3,train,202,17.0
TD+UNC,3,train,203,18.0
TD+UNC,3,train,204,18.0
TD+UNC,3,train,205,16.0
TD+UNC,3,train,206,111.0
TD+UNC,3,train,207,10.0
TD+UNC,3,train,208,13.0
TD+UNC,3,train,209,10.0
TD+UNC,3,train,210,11.0
TD+UNC,3,train,211,12.0
TD+UNC,3,train,212,9.0
TD+UNC,3,train,213,14.0
TD+UNC,3,train,214,25.0
TD+UNC,3,train,215,26.0
TD+UNC,3,train,216,38.0
TD+UNC,3,train,217,48.0
TD+UNC,3,train,218,13.0
TD+UNC,3,train,219,36.0
TD+UNC,3,train,220,22.0
TD+UNC,3,train,221,79.0
TD+UNC,3,train,222,24.0
TD+UNC,3,train,223,34.0
TD+UNC,3,train,224,18.0
TD+UNC,3,train,225,70.0
TD+UNC,3,train,226,75.0
TD+UNC,3,train,227,32.0
TD+UNC,3,train,228,40.0
TD+UNC,3,train,229,41.0
TD+UNC,3,train,230,60.0
TD+UNC,3,train,231,40.0
TD+UNC,3,train,232,37.0
TD+UNC,3,train,233,26.0
TD+UNC,3,train,234,32.0
TD+UNC,3,train,235,29.0
TD+UNC,3,train,236,32.0
TD+UNC,3,train,237,67.0
TD+UNC,3,train,238,32.0
TD+UNC,3,train,239,44.0
TD+UNC,3,train,240,22.0
TD+UNC,3,train,241,33.0
TD+UNC,3,train,242,30.0
TD+UNC,3,train,243,17.0
TD+UNC,3,train,244,30.0
TD+UNC,3,train,245,31.0
TD+UNC,3,train,246,30.0
TD+UNC,3,train,247,30.0
TD+UNC,3,train,248,27.0
TD+UNC,3,train,249,17.0
TD+UNC,3,train,250,42.0
TD+UNC,3,train,251,20.0
TD+UNC,3,train,252,17.0
TD+UNC,3,train,253,18.0
TD+UNC,3,train,254,22.0
TD+UNC,3,train,255,20.0
TD+UNC,3,train,256,29.0
TD+UNC,3,train,257,21.0
TD+UNC,3,train,258,16.0
TD+UNC,3,train,259,19.0
TD+UNC,3,train,260,30.0
TD+UNC,3,train,261,41.0
TD+UNC,3,train,262,27.0
TD+UNC,3,train,263,24.0
TD+UNC,3,train,264,39.0
TD+UNC,3,train,265,35.0
TD+UNC,3,train,266,31.0
TD+UNC,3,train,267,29.0
TD+UNC,3,train,268,35.0
TD+UNC,3,train,269,26.0
TD+UNC,3,train,270,32.0
TD+UNC,3,train,271,35.0
TD+UNC,3,train,272,49.0
TD+UNC,3,train,273,50.0
TD+UNC,3,train,274,24.0
TD+UNC,3,train,275,30.0
TD+UNC,3,train,276,37.0
TD+UNC,3,train,277,27.0
TD+UNC,3,train,278,61.0
TD+UNC,3,train,279,40.0
TD+UNC,3,train,280,67.0
TD+UNC,3,train,281,83.0
TD+UNC,3,train,282,32.0
TD+UNC,3,train,283,41.0
TD+UNC,3,train,284,36.0
TD+UNC,3,train,285,28.0
TD+UNC,3,train,286,32.0
TD+UNC,3,train,287,29.0
TD+UNC,3,train,288,20.0
TD+UNC,3,train,289,35.0
TD+UNC,3,train,290,59.0
TD+UNC,3,train,291,37.0
TD+UNC,3,train,292,26.0
TD+UNC,3,train,293,62.0
TD+UNC,3,train,294,52.0
TD+UNC,3,train,295,36.0
TD+UNC,3,train,296,27.0
TD+UNC,3,train,297,31.0
TD+UNC,3,train,298,27.0
TD+UNC,3,train,299,27.0
TD+UNC,3,train,300,19.0
TD+UNC,3,train,301,26.0
TD+UNC,3,train,302,48.0
TD+UNC,3,train,303,53.0
TD+UNC,3,train,304,37.0
TD+UNC,3,train,305,32.0
TD+UNC,3,train,306,16.0
TD+UNC,3,train,307,29.0
TD+UNC,3,train,308,32.0
TD+UNC,3,train,309,25.0
TD+UNC,3,train,310,45.0
TD+UNC,3,train,311,107.0
TD+UNC,3,train,312,46.0
TD+UNC,3,train,313,29.0
TD+UNC,3,train,314,14.0
TD+UNC,3,train,315,31.0
TD+UNC,3,train,316,46.0
TD+UNC,3,train,317,37.0
TD+UNC,3,train,318,43.0
TD+UNC,3,train,319,44.0
TD+UNC,3,train,320,72.0
TD+UNC,3,train,321,50.0
TD+UNC,3,train,322,57.0
TD+UNC,3,train,323,41.0
TD+UNC,3,train,324,41.0
TD+UNC,3,train,325,21.0
TD+UNC,3,train,326,45.0
TD+UNC,3,train,327,37.0
TD+UNC,3,train,328,35.0
TD+UNC,3,train,329,48.0
TD+UNC,3,train,330,39.0
TD+UNC,3,train,331,134.0
TD+UNC,3,train,332,41.0
TD+UNC,3,train,333,27.0
TD+UNC,3,train,334,27.0
TD+UNC,3,train,335,36.0
TD+UNC,3,train,336,34.0
TD+UNC,3,train,337,40.0
TD+UNC,3,train,338,57.0
TD+UNC,3,train,339,53.0
TD+UNC,3,train,340,47.0
TD+UNC,3,train,341,28.0
TD+UNC,3,train,342,46.0
TD+UNC,3,train,343,69.0
TD+UNC,3,train,344,32.0
TD+UNC,3,train,345,56.0
TD+UNC,3,train,346,163.0
TD+UNC,3,train,347,129.0
TD+UNC,3,train,348,53.0
TD+UNC,3,train,349,62.0
TD+UNC,3,train,350,34.0
TD+UNC,3,train,351,33.0
TD+UNC,3,train,352,37.0
TD+UNC,3,train,353,165.0
TD+UNC,3,train,354,70.0
TD+UNC,3,train,355,55.0
TD+UNC,3,train,356,43.0
TD+UNC,3,train,357,37.0
TD+UNC,3,train,358,49.0
TD+UNC,3,train,359,65.0
TD+UNC,3,train,360,38.0
TD+UNC,3,train,361,70.0
TD+UNC,3,train,362,74.0
TD+UNC,3,train,363,136.0
TD+UNC,3,train,364,43.0
TD+UNC,3,train,365,89.0
TD+UNC,3,train,366,57.0
TD+UNC,3,train,367,93.0
TD+UNC,3,train,368,59.0
TD+UNC,3,train,369,112.0
TD+UNC,3,train,370,53.0
TD+UNC,3,train,371,51.0
TD+UNC,3,train,372,34.0
TD+UNC,3,train,373,62.0
TD+UNC,3,train,374,51.0
TD+UNC,3,train,375,80.0
TD+UNC,3,train,376,84.0
TD+UNC,3,train,377,85.0
TD+UNC,3,train,378,87.0
TD+UNC,3,train,379,61.0
TD+UNC,3,train,380,118.0
TD+UNC,3,train,381,95.0
TD+UNC,3,train,382,97.0
TD+UNC,3,train,383,142.0
TD+UNC,3,train,384,193.0
TD+UNC,3,train,385,83.0
TD+UNC,3,train,386,66.0
TD+UNC,3,train,387,128.0
TD+UNC,3,train,388,119.0
TD+UNC,3,train,389,139.0
TD+UNC,3,train,390,194.0
TD+UNC,3,train,391,124.0
TD+UNC,3,train,392,107.0
TD+UNC,3,train,393,320.0
TD+UNC,3,train,394,83.0
TD+UNC,3,train,395,210.0
TD+UNC,3,train,396,151.0
TD+UNC,3,train,397,126.0
TD+UNC,3,train,398,112.0
TD+UNC,3,train,399,237.0
TD+UNC,3,train,400,162.0
TD+UNC,3,train,401,210.0
TD+UNC,3,train,402,402.0
TD+UNC,3,train,403,246.0
TD+UNC,3,train,404,212.0
TD+UNC,3,train,405,160.0
TD+UNC,3,train,406,146.0
TD+UNC,3,train,407,162.0
TD+UNC,3,train,408,141.0
TD+UNC,3,train,409,129.0
TD+UNC,3,train,410,70.0
TD+UNC,3,train,411,122.0
TD+UNC,3,train,412,155.0
TD+UNC,3,train,413,109.0
TD+UNC,3,train,414,165.0
TD+UNC,3,train,415,76.0
TD+UNC,3,train,416,76.0
TD+UNC,3,train,417,188.0
TD+UNC,3,train,418,74.0
TD+UNC,3,train,419,111.0
TD+UNC,3,train,420,182.0
TD+UNC,3,train,421,120.0
TD+UNC,3,train,422,88.0
TD+UNC,3,train,423,91.0
TD+UNC,3,train,424,107.0
TD+UNC,3,train,425,134.0
TD+UNC,3,train,426,154.0
TD+UNC,3,train,427,98.0
TD+UNC,3,train,428,43.0
TD+UNC,3,train,429,100.0
TD+UNC,3,train,430,100.0
TD+UNC,3,train,431,49.0
TD+UNC,3,train,432,66.0
TD+UNC,3,train,433,93.0
TD+UNC,3,train,434,62.0
TD+UNC,3,train,435,148.0
TD+UNC,3,train,436,156.0
TD+UNC,3,train,437,86.0
TD+UNC,3,train,438,75.0
TD+UNC,3,train,439,78.0
TD+UNC,3,train,440,100.0
TD+UNC,3,train,441,95.0
TD+UNC,3,train,442,57.0
TD+UNC,3,train,443,79.0
TD+UNC,3,train,444,49.0
TD+UNC,3,train,445,71.0
TD+UNC,3,train,446,120.0
TD+UNC,3,train,447,93.0
TD+UNC,3,train,448,73.0
TD+UNC,3,train,449,162.0
TD+UNC,3,train,450,80.0
TD+UNC,3,train,451,60.0
TD+UNC,3,train,452,54.0
TD+UNC,3,train,453,19.0
TD+UNC,3,train,454,68.0
TD+UNC,3,train,455,61.0
TD+UNC,3,train,456,40.0
TD+UNC,3,train,457,47.0
TD+UNC,3,train,458,46.0
TD+UNC,3,train,459,76.0
TD+UNC,3,train,460,73.0
TD+UNC,3,train,461,144.0
TD+UNC,3,train,462,85.0
TD+UNC,3,train,463,62.0
TD+UNC,3,train,464,81.0
TD+UNC,3,train,465,72.0
TD+UNC,3,train,466,46.0
TD+UNC,3,train,467,55.0
TD+UNC,3,train,468,40.0
TD+UNC,3,train,469,81.0
TD+UNC,3,train,470,80.0
TD+UNC,3,train,471,107.0
TD+UNC,3,train,472,38.0
TD+UNC,3,train,473,50.0
TD+UNC,3,train,474,114.0
TD+UNC,3,train,475,60.0
TD+UNC,3,train,476,35.0
TD+UNC,3,train,477,49.0
TD+UNC,3,train,478,61.0
TD+UNC,3,train,479,116.0
TD+UNC,3,train,480,71.0
TD+UNC,3,train,481,60.0
TD+UNC,3,train,482,68.0
TD+UNC,3,train,483,55.0
TD+UNC,3,train,484,61.0
TD+UNC,3,train,485,53.0
TD+UNC,3,train,486,70.0
TD+UNC,3,train,487,55.0
TD+UNC,3,train,488,107.0
TD+UNC,3,train,489,88.0
TD+UNC,3,train,490,105.0
TD+UNC,3,train,491,69.0
TD+UNC,3,train,492,95.0
TD+UNC,3,train,493,85.0
TD+UNC,3,train,494,51.0
TD+UNC,3,train,495,72.0
TD+UNC,3,train,496,77.0
TD+UNC,3,train,497,72.0
TD+UNC,3,train,498,41.0
TD+UNC,3,train,499,54.0
TD+UNC,3,train,500,63.0
TD+UNC,4,train,1,18.0
TD+UNC,4,train,2,31.0
TD+UNC,4,train,3,41.0
TD+UNC,4,train,4,17.0
TD+UNC,4,train,5,24.0
TD+UNC,4,train,6,51.0
TD+UNC,4,train,7,20.0
TD+UNC,4,train,8,14.0
TD+UNC,4,train,9,15.0
TD+UNC,4,train,10,22.0
TD+UNC,4,train,11,11.0
TD+UNC,4,train,12,10.0
TD+UNC,4,train,13,90.0
TD+UNC,4,train,14,11.0
TD+UNC,4,train,15,11.0
TD+UNC,4,train,16,9.0
TD+UNC,4,train,17,12.0
TD+UNC,4,train,18,10.0
TD+UNC,4,train,19,12.0
TD+UNC,4,train,20,14.0
TD+UNC,4,train,21,19.0
TD+UNC,4,train,22,8.0
TD+UNC,4,train,23,12.0
TD+UNC,4,train,24,11.0
TD+UNC,4,train,25,10.0
TD+UNC,4,train,26,8.0
TD+UNC,4,train,27,18.0
TD+UNC,4,train,28,15.0
TD+UNC,4,train,29,10.0
TD+UNC,4,train,30,21.0
TD+UNC,4,train,31,14.0
TD+UNC,4,train,32,15.0
TD+UNC,4,train,33,11.0
TD+UNC,4,train,34,12.0
TD+UNC,4,train,35,9.0
TD+UNC,4,train,36,11.0
TD+UNC,4,train,37,13.0
TD+UNC,4,train,38,13.0
TD+UNC,4,train,39,15.0
TD+UNC,4,train,40,13.0
TD+UNC,4,train,41,11.0
TD+UNC,4,train,42,13.0
TD+UNC,4,train,43,9.0
TD+UNC,4,train,44,9.0
TD+UNC,4,train,45,11.0
TD+UNC,4,train,46,10.0
TD+UNC,4,train,47,10.0
TD+UNC,4,train,48,9.0
TD+UNC,4,train,49,13.0
TD+UNC,4,train,50,9.0
TD+UNC,4,train,51,12.0
TD+UNC,4,train,52,15.0
TD+UNC,4,train,53,10.0
TD+UNC,4,train,54,10.0
TD+UNC,4,train,55,8.0
TD+UNC,4,train,56,8.0
TD+UNC,4,train,57,17.0
TD+UNC,4,train,58,10.0
TD+UNC,4,train,59,10.0
TD+UNC,4,train,60,8.0
TD+UNC,4,train,61,9.0
TD+UNC,4,train,62,12.0
TD+UNC,4,train,63,9.0
TD+UNC,4,train,64,11.0
TD+UNC,4,train,65,10.0
TD+UNC,4,train,66,12.0
TD+UNC,4,train,67,10.0
TD+UNC,4,train,68,9.0
TD+UNC,4,train,69,12.0
TD+UNC,4,train,70,12.0
TD+UNC,4,train,71,13.0
TD+UNC,4,train,72,11.0
TD+UNC,4,train,73,9.0
TD+UNC,4,train,74,13.0
TD+UNC,4,train,75,14.0
TD+UNC,4,train,76,9.0
TD+UNC,4,train,77,12.0
TD+UNC,4,train,78,9.0
TD+UNC,4,train,79,10.0
TD+UNC,4,train,80,11.0
TD+UNC,4,train,81,12.0
TD+UNC,4,train,82,11.0
TD+UNC,4,train,83,11.0
TD+UNC,4,train,84,13.0
TD+UNC,4,train,85,13.0
TD+UNC,4,train,86,9.0
TD+UNC,4,train,87,11.0
TD+UNC,4,train,88,9.0
TD+UNC,4,train,89,10.0
TD+UNC,4,train,90,12.0
TD+UNC,4,train,91,9.0
TD+UNC,4,train,92,11.0
TD+UNC,4,train,93,10.0
TD+UNC,4,train,94,15.0
TD+UNC,4,train,95,11.0
TD+UNC,4,train,96,9.0
TD+UNC,4,train,97,12.0
TD+UNC,4,train,98,10.0
TD+UNC,4,train,99,9.0
TD+UNC,4,train,100,9.0
TD+UNC,4,train,101,8.0
TD+UNC,4,train,102,9.0
TD+UNC,4,train,103,12.0
TD+UNC,4,train,104,8.0
TD+UNC,4,train,105,11.0
TD+UNC,4,train,106,10.0
TD+UNC,4,train,107,14.0
TD+UNC,4,train,108,13.0
TD+UNC,4,train,109,11.0
TD+UNC,4,train,110,13.0
TD+UNC,4,train,111,12.0
TD+UNC,4,train,112,13.0
TD+UNC,4,train,113,10.0
TD+UNC,4,train,114,11.0
TD+UNC,4,train,115,15.0
TD+UNC,4,train,116,9.0
TD+UNC,4,train,117,14.0
TD+UNC,4,train,118,9.0
TD+UNC,4,train,119,27.0
TD+UNC,4,train,120,16.0
TD+UNC,4,train,121,10.0
TD+UNC,4,train,122,9.0
TD+UNC,4,train,123,10.0
TD+UNC,4,train,124,18.0
TD+UNC,4,train,125,16.0
TD+UNC,4,train,126,11.0
TD+UNC,4,train,127,11.0
TD+UNC,4,train,128,21.0
TD+UNC,4,train,129,15.0
TD+UNC,4,train,130,11.0
TD+UNC,4,train,131,17.0
TD+UNC,4,train,132,14.0
TD+UNC,4,train,133,11.0
TD+UNC,4,train,134,19.0
TD+UNC,4,train,135,11.0
TD+UNC,4,train,136,25.0
TD+UNC,4,train,137,35.0
TD+UNC,4,train,138,12.0
TD+UNC,4,train,139,14.0
TD+UNC,4,train,140,10.0
TD+UNC,4,train,141,15.0
TD+UNC,4,train,142,23.0
TD+UNC,4,train,143,11.0
TD+UNC,4,train,144,19.0
TD+UNC,4,train,145,11.0
TD+UNC,4,train,146,18.0
TD+UNC,4,train,147,9.0
TD+UNC,4,train,148,10.0
TD+UNC,4,train,149,69.0
TD+UNC,4,train,150,12.0
TD+UNC,4,train,151,57.0
TD+UNC,4,train,152,20.0
TD+UNC,4,train,153,11.0
TD+UNC,4,train,154,9.0
TD+UNC,4,train,155,10.0
TD+UNC,4,train,156,18.0
TD+UNC,4,train,157,10.0
TD+UNC,4,train,158,12.0
TD+UNC,4,train,159,9.0
TD+UNC,4,train,160,10.0
TD+UNC,4,train,161,9.0
TD+UNC,4,train,162,9.0
TD+UNC,4,train,163,11.0
TD+UNC,4,train,164,9.0
TD+UNC,4,train,165,11.0
TD+UNC,4,train,166,10.0
TD+UNC,4,train,167,9.0
TD+UNC,4,train,168,10.0
TD+UNC,4,train,169,13.0
TD+UNC,4,train,170,10.0
TD+UNC,4,train,171,15.0
TD+UNC,4,train,172,8.0
TD+UNC,4,train,173,9.0
TD+UNC,4,train,174,102.0
TD+UNC,4,train,175,17.0
TD+UNC,4,train,176,9.0
TD+UNC,4,train,177,14.0
TD+UNC,4,train,178,22.0
TD+UNC,4,train,179,10.0
TD+UNC,4,train,180,9.0
TD+UNC,4,train,181,10.0
TD+UNC,4,train,182,13.0
TD+UNC,4,train,183,17.0
TD+UNC,4,train,184,9.0
TD+UNC,4,train,185,11.0
TD+UNC,4,train,186,9.0
TD+UNC,4,train,187,12.0
TD+UNC,4,train,188,11.0
TD+UNC,4,train,189,10.0
TD+UNC,4,train,190,10.0
TD+UNC,4,train,191,12.0
TD+UNC,4,train,192,11.0
TD+UNC,4,train,193,9.0
TD+UNC,4,train,194,10.0
TD+UNC,4,train,195,14.0
TD+UNC,4,train,196,17.0
TD+UNC,4,train,197,14.0
TD+UNC,4,train,198,9.0
TD+UNC,4,train,199,22.0
TD+UNC,4,train,200,22.0
TD+UNC,4,train,201,9.0
TD+UNC,4,train,202,8.0
TD+UNC,4,train,203,10.0
TD+UNC,4,train,204,63.0
TD+UNC,4,train,205,9.0
TD+UNC,4,train,206,89.0
TD+UNC,4,train,207,12.0
TD+UNC,4,train,208,60.0
TD+UNC,4,train,209,22.0
TD+UNC,4,train,210,15.0
TD+UNC,4,train,211,12.0
TD+UNC,4,train,212,10.0
TD+UNC,4,train,213,14.0
TD+UNC,4,train,214,23.0
TD+UNC,4,train,215,10.0
TD+UNC,4,train,216,14.0
TD+UNC,4,train,217,8.0
TD+UNC,4,train,218,84.0
TD+UNC,4,train,219,92.0
TD+UNC,4,train,220,53.0
TD+UNC,4,train,221,166.0
TD+UNC,4,train,222,56.0
TD+UNC,4,train,223,118.0
TD+UNC,4,train,224,112.0
TD+UNC,4,train,225,30.0
TD+UNC,4,train,226,50.0
TD+UNC,4,train,227,62.0
TD+UNC,4,train,228,134.0
TD+UNC,4,train,229,52.0
TD+UNC,4,train,230,45.0
TD+UNC,4,train,231,24.0
TD+UNC,4,train,232,32.0
TD+UNC,4,train,233,42.0
TD+UNC,4,train,234,85.0
TD+UNC,4,train,235,51.0
TD+UNC,4,train,236,27.0
TD+UNC,4,train,237,72.0
TD+UNC,4,train,238,61.0
TD+UNC,4,train,239,59.0
TD+UNC,4,train,240,39.0
TD+UNC,4,train,241,62.0
TD+UNC,4,train,242,95.0
TD+UNC,4,train,243,67.0
TD+UNC,4,train,244,68.0
TD+UNC,4,train,245,98.0
TD+UNC,4,train,246,75.0
TD+UNC,4,train,247,110.0
TD+UNC,4,train,248,30.0
TD+UNC,4,train,249,68.0
TD+UNC,4,train,250,30.0
TD+UNC,4,train,251,49.0
TD+UNC,4,train,252,29.0
TD+UNC,4,train,253,46.0
TD+UNC,4,train,254,36.0
TD+UNC,4,train,255,35.0
TD+UNC,4,train,256,53.0
TD+UNC,4,train,257,63.0
TD+UNC,4,train,258,66.0
TD+UNC,4,train,259,54.0
TD+UNC,4,train,260,56.0
TD+UNC,4,train,261,45.0
TD+UNC,4,train,262,29.0
TD+UNC,4,train,263,47.0
TD+UNC,4,train,264,32.0
TD+UNC,4,train,265,64.0
TD+UNC,4,train,266,46.0
TD+UNC,4,train,267,51.0
TD+UNC,4,train,268,41.0
TD+UNC,4,train,269,38.0
TD+UNC,4,train,270,51.0
TD+UNC,4,train,271,64.0
TD+UNC,4,train,272,118.0
TD+UNC,4,train,273,58.0
TD+UNC,4,train,274,174.0
TD+UNC,4,train,275,59.0
TD+UNC,4,train,276,91.0
TD+UNC,4,train,277,49.0
TD+UNC,4,train,278,68.0
TD+UNC,4,train,279,120.0
TD+UNC,4,train,280,74.0
TD+UNC,4,train,281,37.0
TD+UNC,4,train,282,116.0
TD+UNC,4,train,283,93.0
TD+UNC,4,train,284,39.0
TD+UNC,4,train,285,110.0
TD+UNC,4,train,286,67.0
TD+UNC,4,train,287,25.0
TD+UNC,4,train,288,56.0
TD+UNC,4,train,289,47.0
TD+UNC,4,train,290,129.0
TD+UNC,4,train,291,58.0
TD+UNC,4,train,292,156.0
TD+UNC,4,train,293,70.0
TD+UNC,4,train,294,50.0
TD+UNC,4,train,295,101.0
TD+UNC,4,train,296,116.0
TD+UNC,4,train,297,85.0
TD+UNC,4,train,298,60.0
TD+UNC,4,train,299,150.0
TD+UNC,4,train,300,84.0
TD+UNC,4,train,301,83.0
TD+UNC,4,train,302,66.0
TD+UNC,4,train,303,52.0
TD+UNC,4,train,304,85.0
TD+UNC,4,train,305,37.0
TD+UNC,4,train,306,60.0
TD+UNC,4,train,307,41.0
TD+UNC,4,train,308,91.0
TD+UNC,4,train,309,40.0
TD+UNC,4,train,310,50.0
TD+UNC,4,train,311,67.0
TD+UNC,4,train,312,21.0
TD+UNC,4,train,313,58.0
TD+UNC,4,train,314,88.0
TD+UNC,4,train,315,99.0
TD+UNC,4,train,316,54.0
TD+UNC,4,train,317,65.0
TD+UNC,4,train,318,60.0
TD+UNC,4,train,319,149.0
TD+UNC,4,train,320,63.0
TD+UNC,4,train,321,67.0
TD+UNC,4,train,322,36.0
TD+UNC,4,train,323,91.0
TD+UNC,4,train,324,43.0
TD+UNC,4,train,325,62.0
TD+UNC,4,train,326,56.0
TD+UNC,4,train,327,100.0
TD+UNC,4,train,328,72.0
TD+UNC,4,train,329,99.0
TD+UNC,4,train,330,47.0
TD+UNC,4,train,331,197.0
TD+UNC,4,train,332,33.0
TD+UNC,4,train,333,50.0
TD+UNC,4,train,334,62.0
TD+UNC,4,train,335,42.0
TD+UNC,4,train,336,43.0
TD+UNC,4,train,337,53.0
TD+UNC,4,train,338,111.0
TD+UNC,4,train,339,113.0
TD+UNC,4,train,340,110.0
TD+UNC,4,train,341,49.0
TD+UNC,4,train,342,169.0
TD+UNC,4,train,343,48.0
TD+UNC,4,train,344,142.0
TD+UNC,4,train,345,76.0
TD+UNC,4,train,346,48.0
TD+UNC,4,train,347,126.0
TD+UNC,4,train,348,45.0
TD+UNC,4,train,349,32.0
TD+UNC,4,train,350,125.0
TD+UNC,4,train,351,62.0
TD+UNC,4,train,352,107.0
TD+UNC,4,train,353,54.0
TD+UNC,4,train,354,218.0
TD+UNC,4,train,355,62.0
TD+UNC,4,train,356,64.0
TD+UNC,4,train,357,149.0
TD+UNC,4,train,358,90.0
TD+UNC,4,train,359,116.0
TD+UNC,4,train,360,244.0
TD+UNC,4,train,361,94.0
TD+UNC,4,train,362,75.0
TD+UNC,4,train,363,107.0
TD+UNC,4,train,364,159.0
TD+UNC,4,train,365,73.0
TD+UNC,4,train,366,137.0
TD+UNC,4,train,367,68.0
TD+UNC,4,train,368,127.0
TD+UNC,4,train,369,189.0
TD+UNC,4,train,370,172.0
TD+UNC,4,train,371,60.0
TD+UNC,4,train,372,44.0
TD+UNC,4,train,373,257.0
TD+UNC,4,train,374,341.0
TD+UNC,4,train,375,59.0
TD+UNC,4,train,376,306.0
TD+UNC,4,train,377,134.0
TD+UNC,4,train,378,398.0
TD+UNC,4,train,379,318.0
TD+UNC,4,train,380,164.0
TD+UNC,4,train,381,222.0
TD+UNC,4,train,382,131.0
TD+UNC,4,train,383,100.0
TD+UNC,4,train,384,198.0
TD+UNC,4,train,385,329.0
TD+UNC,4,train,386,67.0
TD+UNC,4,train,387,49.0
TD+UNC,4,train,388,184.0
TD+UNC,4,train,389,279.0
TD+UNC,4,train,390,128.0
TD+UNC,4,train,391,217.0
TD+UNC,4,train,392,290.0
TD+UNC,4,train,393,80.0
TD+UNC,4,train,394,184.0
TD+UNC,4,train,395,154.0
TD+UNC,4,train,396,320.0
TD+UNC,4,train,397,250.0
TD+UNC,4,train,398,454.0
TD+UNC,4,train,399,72.0
TD+UNC,4,train,400,335.0
TD+UNC,4,train,401,188.0
TD+UNC,4,train,402,241.0
TD+UNC,4,train,403,156.0
TD+UNC,4,train,404,81.0
TD+UNC,4,train,405,141.0
TD+UNC,4,train,406,338.0
TD+UNC,4,train,407,293.0
TD+UNC,4,train,408,250.0
TD+UNC,4,train,409,102.0
TD+UNC,4,train,410,149.0
TD+UNC,4,train,411,168.0
TD+UNC,4,train,412,144.0
TD+UNC,4,train,413,182.0
TD+UNC,4,train,414,171.0
TD+UNC,4,train,415,215.0
TD+UNC,4,train,416,346.0
TD+UNC,4,train,417,155.0
TD+UNC,4,train,418,154.0
TD+UNC,4,train,419,137.0
TD+UNC,4,train,420,121.0
TD+UNC,4,train,421,123.0
TD+UNC,4,train,422,179.0
TD+UNC,4,train,423,116.0
TD+UNC,4,train,424,111.0
TD+UNC,4,train,425,103.0
TD+UNC,4,train,426,116.0
TD+UNC,4,train,427,117.0
TD+UNC,4,train,428,109.0
TD+UNC,4,train,429,168.0
TD+UNC,4,train,430,155.0
TD+UNC,4,train,431,130.0
TD+UNC,4,train,432,140.0
TD+UNC,4,train,433,123.0
TD+UNC,4,train,434,200.0
TD+UNC,4,train,435,133.0
TD+UNC,4,train,436,125.0
TD+UNC,4,train,437,115.0
TD+UNC,4,train,438,114.0
TD+UNC,4,train,439,37.0
TD+UNC,4,train,440,143.0
TD+UNC,4,train,441,144.0
TD+UNC,4,train,442,145.0
TD+UNC,4,train,443,163.0
TD+UNC,4,train,444,133.0
TD+UNC,4,train,445,174.0
TD+UNC,4,train,446,144.0
TD+UNC,4,train,447,116.0
TD+UNC,4,train,448,143.0
TD+UNC,4,train,449,107.0
TD+UNC,4,train,450,145.0
TD+UNC,4,train,451,147.0
TD+UNC,4,train,452,194.0
TD+UNC,4,train,453,139.0
TD+UNC,4,train,454,164.0
TD+UNC,4,train,455,112.0
TD+UNC,4,train,456,107.0
TD+UNC,4,train,457,170.0
TD+UNC,4,train,458,282.0
TD+UNC,4,train,459,163.0
TD+UNC,4,train,460,222.0
TD+UNC,4,train,461,279.0
TD+UNC,4,train,462,175.0
TD+UNC,4,train,463,237.0
TD+UNC,4,train,464,240.0
TD+UNC,4,train,465,112.0
TD+UNC,4,train,466,169.0
TD+UNC,4,train,467,112.0
TD+UNC,4,train,468,259.0
TD+UNC,4,train,469,191.0
TD+UNC,4,train,470,120.0
TD+UNC,4,train,471,259.0
TD+UNC,4,train,472,212.0
TD+UNC,4,train,473,472.0
TD+UNC,4,train,474,133.0
TD+UNC,4,train,475,221.0
TD+UNC,4,train,476,209.0
TD+UNC,4,train,477,129.0
TD+UNC,4,train,478,234.0
TD+UNC,4,train,479,120.0
TD+UNC,4,train,480,247.0
TD+UNC,4,train,481,230.0
TD+UNC,4,train,482,211.0
TD+UNC,4,train,483,208.0
TD+UNC,4,train,484,198.0
TD+UNC,4,train,485,201.0
TD+UNC,4,train,486,204.0
TD+UNC,4,train,487,187.0
TD+UNC,4,train,488,229.0
TD+UNC,4,train,489,162.0
TD+UNC,4,train,490,217.0
TD+UNC,4,train,491,158.0
TD+UNC,4,train,492,114.0
TD+UNC,4,train,493,215.0
TD+UNC,4,train,494,10.0
TD+UNC,4,train,495,185.0
TD+UNC,4,train,496,228.0
TD+UNC,4,train,497,145.0
TD+UNC,4,train,498,25.0
TD+UNC,4,train,499,235.0
TD+UNC,4,train,500,190.0
TD+UNC,5,train,1,18.0
TD+UNC,5,train,2,24.0
TD+UNC,5,train,3,29.0
TD+UNC,5,train,4,40.0
TD+UNC,5,train,5,16.0
TD+UNC,5,train,6,20.0
TD+UNC,5,train,7,12.0
TD+UNC,5,train,8,14.0
TD+UNC,5,train,9,15.0
TD+UNC,5,train,10,24.0
TD+UNC,5,train,11,14.0
TD+UNC,5,train,12,21.0
TD+UNC,5,train,13,13.0
TD+UNC,5,train,14,18.0
TD+UNC,5,train,15,8.0
TD+UNC,5,train,16,12.0
TD+UNC,5,train,17,12.0
TD+UNC,5,train,18,15.0
TD+UNC,5,train,19,14.0
TD+UNC,5,train,20,11.0
TD+UNC,5,train,21,19.0
TD+UNC,5,train,22,13.0
TD+UNC,5,train,23,13.0
TD+UNC,5,train,24,10.0
TD+UNC,5,train,25,10.0
TD+UNC,5,train,26,12.0
TD+UNC,5,train,27,9.0
TD+UNC,5,train,28,15.0
TD+UNC,5,train,29,9.0
TD+UNC,5,train,30,11.0
TD+UNC,5,train,31,15.0
TD+UNC,5,train,32,9.0
TD+UNC,5,train,33,14.0
TD+UNC,5,train,34,9.0
TD+UNC,5,train,35,10.0
TD+UNC,5,train,36,9.0
TD+UNC,5,train,37,11.0
TD+UNC,5,train,38,12.0
TD+UNC,5,train,39,35.0
TD+UNC,5,train,40,13.0
TD+UNC,5,train,41,11.0
TD+UNC,5,train,42,14.0
TD+UNC,5,train,43,11.0
TD+UNC,5,train,44,18.0
TD+UNC,5,train,45,10.0
TD+UNC,5,train,46,10.0
TD+UNC,5,train,47,10.0
TD+UNC,5,train,48,16.0
TD+UNC,5,train,49,13.0
TD+UNC,5,train,50,10.0
TD+UNC,5,train,51,13.0
TD+UNC,5,train,52,10.0
TD+UNC,5,train,53,11.0
TD+UNC,5,train,54,10.0
TD+UNC,5,train,55,8.0
TD+UNC,5,train,56,11.0
TD+UNC,5,train,57,10.0
TD+UNC,5,train,58,11.0
TD+UNC,5,train,59,11.0
TD+UNC,5,train,60,15.0
TD+UNC,5,train,61,11.0
TD+UNC,5,train,62,9.0
TD+UNC,5,train,63,16.0
TD+UNC,5,train,64,12.0
TD+UNC,5,train,65,9.0
TD+UNC,5,train,66,10.0
TD+UNC,5,train,67,9.0
TD+UNC,5,train,68,10.0
TD+UNC,5,train,69,10.0
TD+UNC,5,train,70,12.0
TD+UNC,5,train,71,10.0
TD+UNC,5,train,72,12.0
TD+UNC,5,train,73,10.0
TD+UNC,5,train,74,15.0
TD+UNC,5,train,75,9.0
TD+UNC,5,train,76,10.0
TD+UNC,5,train,77,10.0
TD+UNC,5,train,78,10.0
TD+UNC,5,train,79,10.0
TD+UNC,5,train,80,10.0
TD+UNC,5,train,81,10.0
TD+UNC,5,train,82,9.0
TD+UNC,5,train,83,10.0
TD+UNC,5,train,84,10.0
TD+UNC,5,train,85,9.0
TD+UNC,5,train,86,10.0
TD+UNC,5,train,87,9.0
TD+UNC,5,train,88,9.0
TD+UNC,5,train,89,10.0
TD+UNC,5,train,90,10.0
TD+UNC,5,train,91,9.0
TD+UNC,5,train,92,12.0
TD+UNC,5,train,93,8.0
TD+UNC,5,train,94,13.0
TD+UNC,5,train,95,9.0
TD+UNC,5,train,96,12.0
TD+UNC,5,train,97,11.0
TD+UNC,5,train,98,9.0
TD+UNC,5,train,99,9.0
TD+UNC,5,train,100,11.0
TD+UNC,5,train,101,8.0
TD+UNC,5,train,102,11.0
TD+UNC,5,train,103,9.0
TD+UNC,5,train,104,10.0
TD+UNC,5,train,105,11.0
TD+UNC,5,train,106,11.0
TD+UNC,5,train,107,10.0
TD+UNC,5,train,108,14.0
TD+UNC,5,train,109,12.0
TD+UNC,5,train,110,11.0
TD+UNC,5,train,111,11.0
TD+UNC,5,train,112,13.0
TD+UNC,5,train,113,9.0
TD+UNC,5,train,114,13.0
TD+UNC,5,train,115,11.0
TD+UNC,5,train,116,14.0
TD+UNC,5,train,117,10.0
TD+UNC,5,train,118,10.0
TD+UNC,5,train,119,13.0
TD+UNC,5,train,120,10.0
TD+UNC,5,train,121,15.0
TD+UNC,5,train,122,10.0
TD+UNC,5,train,123,16.0
TD+UNC,5,train,124,15.0
TD+UNC,5,train,125,10.0
TD+UNC,5,train,126,11.0
TD+UNC,5,train,127,12.0
TD+UNC,5,train,128,12.0
TD+UNC,5,train,129,10.0
TD+UNC,5,train,130,12.0
TD+UNC,5,train,131,10.0
TD+UNC,5,train,132,12.0
TD+UNC,5,train,133,13.0
TD+UNC,5,train,134,10.0
TD+UNC,5,train,135,14.0
TD+UNC,5,train,136,9.0
TD+UNC,5,train,137,13.0
TD+UNC,5,train,138,11.0
TD+UNC,5,train,139,10.0
TD+UNC,5,train,140,15.0
TD+UNC,5,train,141,14.0
TD+UNC,5,train,142,14.0
TD+UNC,5,train,143,20.0
TD+UNC,5,train,144,11.0
TD+UNC,5,train,145,13.0
TD+UNC,5,train,146,13.0
TD+UNC,5,train,147,9.0
TD+UNC,5,train,148,11.0
TD+UNC,5,train,149,15.0
TD+UNC,5,train,150,12.0
TD+UNC,5,train,151,17.0
TD+UNC,5,train,152,12.0
TD+UNC,5,train,153,13.0
TD+UNC,5,train,154,17.0
TD+UNC,5,train,155,10.0
TD+UNC,5,train,156,10.0
TD+UNC,5,train,157,10.0
TD+UNC,5,train,158,14.0
TD+UNC,5,train,159,11.0
TD+UNC,5,train,160,15.0
TD+UNC,5,train,161,14.0
TD+UNC,5,train,162,16.0
TD+UNC,5,train,163,10.0
TD+UNC,5,train,164,9.0
TD+UNC,5,train,165,10.0
TD+UNC,5,train,166,9.0
TD+UNC,5,train,167,9.0
TD+UNC,5,train,168,14.0
TD+UNC,5,train,169,8.0
TD+UNC,5,train,170,11.0
TD+UNC,5,train,171,9.0
TD+UNC,5,train,172,18.0
TD+UNC,5,train,173,10.0
TD+UNC,5,train,174,9.0
TD+UNC,5,train,175,9.0
TD+UNC,5,train,176,9.0
TD+UNC,5,train,177,10.0
TD+UNC,5,train,178,9.0
TD+UNC,5,train,179,18.0
TD+UNC,5,train,180,14.0
TD+UNC,5,train,181,8.0
TD+UNC,5,train,182,26.0
TD+UNC,5,train,183,9.0
TD+UNC,5,train,184,9.0
TD+UNC,5,train,185,32.0
TD+UNC,5,train,186,52.0
TD+UNC,5,train,187,11.0
TD+UNC,5,train,188,9.0
TD+UNC,5,train,189,10.0
TD+UNC,5,train,190,10.0
TD+UNC,5,train,191,9.0
TD+UNC,5,train,192,9.0
TD+UNC,5,train,193,14.0
TD+UNC,5,train,194,11.0
TD+UNC,5,train,195,12.0
TD+UNC,5,train,196,9.0
TD+UNC,5,train,197,9.0
TD+UNC,5,train,198,10.0
TD+UNC,5,train,199,9.0
TD+UNC,5,train,200,10.0
TD+UNC,5,train,201,8.0
TD+UNC,5,train,202,8.0
TD+UNC,5,train,203,11.0
TD+UNC,5,train,204,9.0
TD+UNC,5,train,205,10.0
TD+UNC,5,train,206,10.0
TD+UNC,5,train,207,11.0
TD+UNC,5,train,208,14.0
TD+UNC,5,train,209,10.0
TD+UNC,5,train,210,8.0
TD+UNC,5,train,211,10.0
TD+UNC,5,train,212,10.0
TD+UNC,5,train,213,9.0
TD+UNC,5,train,214,8.0
TD+UNC,5,train,215,8.0
TD+UNC,5,train,216,11.0
TD+UNC,5,train,217,9.0
TD+UNC,5,train,218,9.0
TD+UNC,5,train,219,9.0
TD+UNC,5,train,220,8.0
TD+UNC,5,train,221,12.0
TD+UNC,5,train,222,10.0
TD+UNC,5,train,223,10.0
TD+UNC,5,train,224,11.0
TD+UNC,5,train,225,8.0
TD+UNC,5,train,226,13.0
TD+UNC,5,train,227,11.0
TD+UNC,5,train,228,10.0
TD+UNC,5,train,229,10.0
TD+UNC,5,train,230,13.0
TD+UNC,5,train,231,8.0
TD+UNC,5,train,232,16.0
TD+UNC,5,train,233,9.0
TD+UNC,5,train,234,15.0
TD+UNC,5,train,235,10.0
TD+UNC,5,train,236,11.0
TD+UNC,5,train,237,16.0
TD+UNC,5,train,238,18.0
TD+UNC,5,train,239,16.0
TD+UNC,5,train,240,10.0
TD+UNC,5,train,241,9.0
TD+UNC,5,train,242,14.0
TD+UNC,5,train,243,10.0
TD+UNC,5,train,244,15.0
TD+UNC,5,train,245,12.0
TD+UNC,5,train,246,15.0
TD+UNC,5,train,247,9.0
TD+UNC,5,train,248,13.0
TD+UNC,5,train,249,27.0
TD+UNC,5,train,250,18.0
TD+UNC,5,train,251,19.0
TD+UNC,5,train,252,20.0
TD+UNC,5,train,253,137.0
TD+UNC,5,train,254,15.0
TD+UNC,5,train,255,18.0
TD+UNC,5,train,256,59.0
TD+UNC,5,train,257,49.0
TD+UNC,5,train,258,20.0
TD+UNC,5,train,259,22.0
TD+UNC,5,train,260,32.0
TD+UNC,5,train,261,26.0
TD+UNC,5,train,262,64.0
TD+UNC,5,train,263,26.0
TD+UNC,5,train,264,21.0
TD+UNC,5,train,265,39.0
TD+UNC,5,train,266,26.0
TD+UNC,5,train,267,23.0
TD+UNC,5,train,268,26.0
TD+UNC,5,train,269,44.0
TD+UNC,5,train,270,22.0
TD+UNC,5,train,271,27.0
TD+UNC,5,train,272,39.0
TD+UNC,5,train,273,19.0
TD+UNC,5,train,274,17.0
TD+UNC,5,train,275,26.0
TD+UNC,5,train,276,32.0
TD+UNC,5,train,277,25.0
TD+UNC,5,train,278,42.0
TD+UNC,5,train,279,27.0
TD+UNC,5,train,280,36.0
TD+UNC,5,train,281,25.0
TD+UNC,5,train,282,36.0
TD+UNC,5,train,283,34.0
TD+UNC,5,train,284,49.0
TD+UNC,5,train,285,40.0
TD+UNC,5,train,286,42.0
TD+UNC,5,train,287,107.0
TD+UNC,5,train,288,91.0
TD+UNC,5,train,289,23.0
TD+UNC,5,train,290,59.0
TD+UNC,5,train,291,159.0
TD+UNC,5,train,292,51.0
TD+UNC,5,train,293,140.0
TD+UNC,5,train,294,35.0
TD+UNC,5,train,295,29.0
TD+UNC,5,train,296,42.0
TD+UNC,5,train,297,22.0
TD+UNC,5,train,298,24.0
TD+UNC,5,train,299,47.0
TD+UNC,5,train,300,107.0
TD+UNC,5,train,301,55.0
TD+UNC,5,train,302,34.0
TD+UNC,5,train,303,64.0
TD+UNC,5,train,304,50.0
TD+UNC,5,train,305,56.0
TD+UNC,5,train,306,100.0
TD+UNC,5,train,307,63.0
TD+UNC,5,train,308,256.0
TD+UNC,5,train,309,31.0
TD+UNC,5,train,310,24.0
TD+UNC,5,train,311,69.0
TD+UNC,5,train,312,26.0
TD+UNC,5,train,313,24.0
TD+UNC,5,train,314,113.0
TD+UNC,5,train,315,62.0
TD+UNC,5,train,316,177.0
TD+UNC,5,train,317,86.0
TD+UNC,5,train,318,29.0
TD+UNC,5,train,319,30.0
TD+UNC,5,train,320,75.0
TD+UNC,5,train,321,80.0
TD+UNC,5,train,322,186.0
TD+UNC,5,train,323,74.0
TD+UNC,5,train,324,70.0
TD+UNC,5,train,325,86.0
TD+UNC,5,train,326,56.0
TD+UNC,5,train,327,130.0
TD+UNC,5,train,328,103.0
TD+UNC,5,train,329,212.0
TD+UNC,5,train,330,29.0
TD+UNC,5,train,331,38.0
TD+UNC,5,train,332,90.0
TD+UNC,5,train,333,47.0
TD+UNC,5,train,334,63.0
TD+UNC,5,train,335,165.0
TD+UNC,5,train,336,91.0
TD+UNC,5,train,337,66.0
TD+UNC,5,train,338,71.0
TD+UNC,5,train,339,76.0
TD+UNC,5,train,340,97.0
TD+UNC,5,train,341,182.0
TD+UNC,5,train,342,44.0
TD+UNC,5,train,343,98.0
TD+UNC,5,train,344,49.0
TD+UNC,5,train,345,63.0
TD+UNC,5,train,346,63.0
TD+UNC,5,train,347,50.0
TD+UNC,5,train,348,37.0
TD+UNC,5,train,349,109.0
TD+UNC,5,train,350,139.0
TD+UNC,5,train,351,50.0
TD+UNC,5,train,352,98.0
TD+UNC,5,train,353,49.0
TD+UNC,5,train,354,83.0
TD+UNC,5,train,355,107.0
TD+UNC,5,train,356,73.0
TD+UNC,5,train,357,80.0
TD+UNC,5,train,358,54.0
TD+UNC,5,train,359,96.0
TD+UNC,5,train,360,136.0
TD+UNC,5,train,361,143.0
TD+UNC,5,train,362,92.0
TD+UNC,5,train,363,65.0
TD+UNC,5,train,364,58.0
TD+UNC,5,train,365,100.0
TD+UNC,5,train,366,97.0
TD+UNC,5,train,367,149.0
TD+UNC,5,train,368,39.0
TD+UNC,5,train,369,40.0
TD+UNC,5,train,370,52.0
TD+UNC,5,train,371,68.0
TD+UNC,5,train,372,284.0
TD+UNC,5,train,373,72.0
TD+UNC,5,train,374,59.0
TD+UNC,5,train,375,46.0
TD+UNC,5,train,376,122.0
TD+UNC,5,train,377,53.0
TD+UNC,5,train,378,64.0
TD+UNC,5,train,379,33.0
TD+UNC,5,train,380,49.0
TD+UNC,5,train,381,138.0
TD+UNC,5,train,382,103.0
TD+UNC,5,train,383,108.0
TD+UNC,5,train,384,109.0
TD+UNC,5,train,385,56.0
TD+UNC,5,train,386,52.0
TD+UNC,5,train,387,96.0
TD+UNC,5,train,388,83.0
TD+UNC,5,train,389,56.0
TD+UNC,5,train,390,132.0
TD+UNC,5,train,391,91.0
TD+UNC,5,train,392,115.0
TD+UNC,5,train,393,122.0
TD+UNC,5,train,394,144.0
TD+UNC,5,train,395,53.0
TD+UNC,5,train,396,122.0
TD+UNC,5,train,397,118.0
TD+UNC,5,train,398,51.0
TD+UNC,5,train,399,67.0
TD+UNC,5,train,400,68.0
TD+UNC,5,train,401,60.0
TD+UNC,5,train,402,114.0
TD+UNC,5,train,403,54.0
TD+UNC,5,train,404,217.0
TD+UNC,5,train,405,189.0
TD+UNC,5,train,406,36.0
TD+UNC,5,train,407,120.0
TD+UNC,5,train,408,98.0
TD+UNC,5,train,409,98.0
TD+UNC,5,train,410,44.0
TD+UNC,5,train,411,92.0
TD+UNC,5,train,412,146.0
TD+UNC,5,train,413,158.0
TD+UNC,5,train,414,126.0
TD+UNC,5,train,415,113.0
TD+UNC,5,train,416,131.0
TD+UNC,5,train,417,62.0
TD+UNC,5,train,418,128.0
TD+UNC,5,train,419,168.0
TD+UNC,5,train,420,254.0
TD+UNC,5,train,421,246.0
TD+UNC,5,train,422,61.0
TD+UNC,5,train,423,184.0
TD+UNC,5,train,424,123.0
TD+UNC,5,train,425,82.0
TD+UNC,5,train,426,139.0
TD+UNC,5,train,427,180.0
TD+UNC,5,train,428,121.0
TD+UNC,5,train,429,327.0
TD+UNC,5,train,430,135.0
TD+UNC,5,train,431,191.0
TD+UNC,5,train,432,420.0
TD+UNC,5,train,433,500.0
TD+UNC,5,train,434,182.0
TD+UNC,5,train,435,193.0
TD+UNC,5,train,436,500.0
TD+UNC,5,train,437,270.0
TD+UNC,5,train,438,182.0
TD+UNC,5,train,439,285.0
TD+UNC,5,train,440,227.0
TD+UNC,5,train,441,500.0
TD+UNC,5,train,442,212.0
TD+UNC,5,train,443,251.0
TD+UNC,5,train,444,294.0
TD+UNC,5,train,445,419.0
TD+UNC,5,train,446,292.0
TD+UNC,5,train,447,168.0
TD+UNC,5,train,448,213.0
TD+UNC,5,train,449,166.0
TD+UNC,5,train,450,126.0
TD+UNC,5,train,451,500.0
TD+UNC,5,train,452,159.0
TD+UNC,5,train,453,146.0
TD+UNC,5,train,454,166.0
TD+UNC,5,train,455,169.0
TD+UNC,5,train,456,169.0
TD+UNC,5,train,457,209.0
TD+UNC,5,train,458,189.0
TD+UNC,5,train,459,287.0
TD+UNC,5,train,460,185.0
TD+UNC,5,train,461,171.0
TD+UNC,5,train,462,474.0
TD+UNC,5,train,463,500.0
TD+UNC,5,train,464,237.0
TD+UNC,5,train,465,224.0
TD+UNC,5,train,466,161.0
TD+UNC,5,train,467,151.0
TD+UNC,5,train,468,180.0
TD+UNC,5,train,469,275.0
TD+UNC,5,train,470,128.0
TD+UNC,5,train,471,160.0
TD+UNC,5,train,472,235.0
TD+UNC,5,train,473,137.0
TD+UNC,5,train,474,131.0
TD+UNC,5,train,475,287.0
TD+UNC,5,train,476,120.0
TD+UNC,5,train,477,237.0
TD+UNC,5,train,478,136.0
TD+UNC,5,train,479,347.0
TD+UNC,5,train,480,373.0
TD+UNC,5,train,481,122.0
TD+UNC,5,train,482,314.0
TD+UNC,5,train,483,174.0
TD+UNC,5,train,484,399.0
TD+UNC,5,train,485,245.0
TD+UNC,5,train,486,148.0
TD+UNC,5,train,487,256.0
TD+UNC,5,train,488,135.0
TD+UNC,5,train,489,321.0
TD+UNC,5,train,490,500.0
TD+UNC,5,train,491,500.0
TD+UNC,5,train,492,433.0
TD+UNC,5,train,493,271.0
TD+UNC,5,train,494,213.0
TD+UNC,5,train,495,235.0
TD+UNC,5,train,496,500.0
TD+UNC,5,train,497,263.0
TD+UNC,5,train,498,500.0
TD+UNC,5,train,499,389.0
TD+UNC,5,train,500,278.0
TD+UNC,6,train,1,44.0
TD+UNC,6,train,2,14.0
TD+UNC,6,train,3,53.0
TD+UNC,6,train,4,12.0
TD+UNC,6,train,5,25.0
TD+UNC,6,train,6,40.0
TD+UNC,6,train,7,14.0
TD+UNC,6,train,8,13.0
TD+UNC,6,train,9,48.0
TD+UNC,6,train,10,67.0
TD+UNC,6,train,11,67.0
TD+UNC,6,train,12,49.0
TD+UNC,6,train,13,31.0
TD+UNC,6,train,14,58.0
TD+UNC,6,train,15,39.0
TD+UNC,6,train,16,24.0
TD+UNC,6,train,17,19.0
TD+UNC,6,train,18,12.0
TD+UNC,6,train,19,101.0
TD+UNC,6,train,20,13.0
TD+UNC,6,train,21,13.0
TD+UNC,6,train,22,11.0
TD+UNC,6,train,23,13.0
TD+UNC,6,train,24,10.0
TD+UNC,6,train,25,12.0
TD+UNC,6,train,26,12.0
TD+UNC,6,train,27,13.0
TD+UNC,6,train,28,16.0
TD+UNC,6,train,29,11.0
TD+UNC,6,train,30,16.0
TD+UNC,6,train,31,9.0
TD+UNC,6,train,32,10.0
TD+UNC,6,train,33,11.0
TD+UNC,6,train,34,10.0
TD+UNC,6,train,35,12.0
TD+UNC,6,train,36,8.0
TD+UNC,6,train,37,13.0
TD+UNC,6,train,38,9.0
TD+UNC,6,train,39,9.0
TD+UNC,6,train,40,11.0
TD+UNC,6,train,41,11.0
TD+UNC,6,train,42,11.0
TD+UNC,6,train,43,11.0
TD+UNC,6,train,44,9.0
TD+UNC,6,train,45,13.0
TD+UNC,6,train,46,10.0
TD+UNC,6,train,47,11.0
TD+UNC,6,train,48,12.0
TD+UNC,6,train,49,13.0
TD+UNC,6,train,50,9.0
TD+UNC,6,train,51,11.0
TD+UNC,6,train,52,10.0
TD+UNC,6,train,53,12.0
TD+UNC,6,train,54,10.0
TD+UNC,6,train,55,9.0
TD+UNC,6,train,56,9.0
TD+UNC,6,train,57,10.0
TD+UNC,6,train,58,46.0
TD+UNC,6,train,59,10.0
TD+UNC,6,train,60,13.0
TD+UNC,6,train,61,9.0
TD+UNC,6,train,62,9.0
TD+UNC,6,train,63,42.0
TD+UNC,6,train,64,13.0
TD+UNC,6,train,65,11.0
TD+UNC,6,train,66,11.0
TD+UNC,6,train,67,12.0
TD+UNC,6,train,68,14.0
TD+UNC,6,train,69,13.0
TD+UNC,6,train,70,16.0
TD+UNC,6,train,71,14.0
TD+UNC,6,train,72,15.0
TD+UNC,6,train,73,10.0
TD+UNC,6,train,74,16.0
TD+UNC,6,train,75,38.0
TD+UNC,6,train,76,13.0
TD+UNC,6,train,77,11.0
TD+UNC,6,train,78,10.0
TD+UNC,6,train,79,12.0
TD+UNC,6,train,80,12.0
TD+UNC,6,train,81,12.0
TD+UNC,6,train,82,11.0
TD+UNC,6,train,83,10.0
TD+UNC,6,train,84,12.0
TD+UNC,6,train,85,18.0
TD+UNC,6,train,86,20.0
TD+UNC,6,train,87,12.0
TD+UNC,6,train,88,11.0
TD+UNC,6,train,89,23.0
TD+UNC,6,train,90,20.0
TD+UNC,6,train,91,22.0
TD+UNC,6,train,92,9.0
TD+UNC,6,train,93,12.0
TD+UNC,6,train,94,9.0
TD+UNC,6,train,95,12.0
TD+UNC,6,train,96,25.0
TD+UNC,6,train,97,25.0
TD+UNC,6,train,98,36.0
TD+UNC,6,train,99,12.0
TD+UNC,6,train,100,11.0
TD+UNC,6,train,101,12.0
TD+UNC,6,train,102,8.0
TD+UNC,6,train,103,11.0
TD+UNC,6,train,104,11.0
TD+UNC,6,train,105,10.0
TD+UNC,6,train,106,18.0
TD+UNC,6,train,107,20.0
TD+UNC,6,train,108,10.0
TD+UNC,6,train,109,10.0
TD+UNC,6,train,110,11.0
TD+UNC,6,train,111,10.0
TD+UNC,6,train,112,9.0
TD+UNC,6,train,113,12.0
TD+UNC,6,train,114,10.0
TD+UNC,6,train,115,10.0
TD+UNC,6,train,116,9.0
TD+UNC,6,train,117,9.0
TD+UNC,6,train,118,11.0
TD+UNC,6,train,119,9.0
TD+UNC,6,train,120,11.0
TD+UNC,6,train,121,20.0
TD+UNC,6,train,122,12.0
TD+UNC,6,train,123,10.0
TD+UNC,6,train,124,16.0
TD+UNC,6,train,125,13.0
TD+UNC,6,train,126,14.0
TD+UNC,6,train,127,11.0
TD+UNC,6,train,128,10.0
TD+UNC,6,train,129,18.0
TD+UNC,6,train,130,17.0
TD+UNC,6,train,131,18.0
TD+UNC,6,train,132,24.0
TD+UNC,6,train,133,10.0
TD+UNC,6,train,134,37.0
TD+UNC,6,train,135,10.0
TD+UNC,6,train,136,25.0
TD+UNC,6,train,137,9.0
TD+UNC,6,train,138,15.0
TD+UNC,6,train,139,16.0
TD+UNC,6,train,140,20.0
TD+UNC,6,train,141,16.0
TD+UNC,6,train,142,14.0
TD+UNC,6,train,143,18.0
TD+UNC,6,train,144,24.0
TD+UNC,6,train,145,16.0
TD+UNC,6,train,146,12.0
TD+UNC,6,train,147,11.0
TD+UNC,6,train,148,18.0
TD+UNC,6,train,149,24.0
TD+UNC,6,train,150,25.0
TD+UNC,6,train,151,18.0
TD+UNC,6,train,152,23.0
TD+UNC,6,train,153,18.0
TD+UNC,6,train,154,18.0
TD+UNC,6,train,155,15.0
TD+UNC,6,train,156,19.0
TD+UNC,6,train,157,20.0
TD+UNC,6,train,158,15.0
TD+UNC,6,train,159,26.0
TD+UNC,6,train,160,25.0
TD+UNC,6,train,161,24.0
TD+UNC,6,train,162,28.0
TD+UNC,6,train,163,25.0
TD+UNC,6,train,164,33.0
TD+UNC,6,train,165,18.0
TD+UNC,6,train,166,34.0
TD+UNC,6,train,167,50.0
TD+UNC,6,train,168,28.0
TD+UNC,6,train,169,32.0
TD+UNC,6,train,170,19.0
TD+UNC,6,train,171,15.0
TD+UNC,6,train,172,19.0
TD+UNC,6,train,173,60.0
TD+UNC,6,train,174,58.0
TD+UNC,6,train,175,61.0
TD+UNC,6,train,176,40.0
TD+UNC,6,train,177,80.0
TD+UNC,6,train,178,19.0
TD+UNC,6,train,179,50.0
TD+UNC,6,train,180,21.0
TD+UNC,6,train,181,44.0
TD+UNC,6,train,182,53.0
TD+UNC,6,train,183,48.0
TD+UNC,6,train,184,108.0
TD+UNC,6,train,185,42.0
TD+UNC,6,train,186,36.0
TD+UNC,6,train,187,51.0
TD+UNC,6,train,188,48.0
TD+UNC,6,train,189,41.0
TD+UNC,6,train,190,119.0
TD+UNC,6,train,191,35.0
TD+UNC,6,train,192,145.0
TD+UNC,6,train,193,49.0
TD+UNC,6,train,194,39.0
TD+UNC,6,train,195,46.0
TD+UNC,6,train,196,27.0
TD+UNC,6,train,197,67.0
TD+UNC,6,train,198,36.0
TD+UNC,6,train,199,42.0
TD+UNC,6,train,200,28.0
TD+UNC,6,train,201,66.0
TD+UNC,6,train,202,62.0
TD+UNC,6,train,203,46.0
TD+UNC,6,train,204,36.0
TD+UNC,6,train,205,25.0
TD+UNC,6,train,206,43.0
TD+UNC,6,train,207,70.0
TD+UNC,6,train,208,32.0
TD+UNC,6,train,209,57.0
TD+UNC,6,train,210,109.0
TD+UNC,6,train,211,45.0
TD+UNC,6,train,212,170.0
TD+UNC,6,train,213,127.0
TD+UNC,6,train,214,79.0
TD+UNC,6,train,215,104.0
TD+UNC,6,train,216,89.0
TD+UNC,6,train,217,88.0
TD+UNC,6,train,218,55.0
TD+UNC,6,train,219,36.0
TD+UNC,6,train,220,42.0
TD+UNC,6,train,221,51.0
TD+UNC,6,train,222,63.0
TD+UNC,6,train,223,44.0
TD+UNC,6,train,224,71.0
TD+UNC,6,train,225,117.0
TD+UNC,6,train,226,121.0
TD+UNC,6,train,227,153.0
TD+UNC,6,train,228,112.0
TD+UNC,6,train,229,63.0
TD+UNC,6,train,230,70.0
TD+UNC,6,train,231,122.0
TD+UNC,6,train,232,82.0
TD+UNC,6,train,233,42.0
TD+UNC,6,train,234,50.0
TD+UNC,6,train,235,161.0
TD+UNC,6,train,236,92.0
TD+UNC,6,train,237,45.0
TD+UNC,6,train,238,162.0
TD+UNC,6,train,239,47.0
TD+UNC,6,train,240,54.0
TD+UNC,6,train,241,74.0
TD+UNC,6,train,242,90.0
TD+UNC,6,train,243,81.0
TD+UNC,6,train,244,85.0
TD+UNC,6,train,245,273.0
TD+UNC,6,train,246,60.0
TD+UNC,6,train,247,64.0
TD+UNC,6,train,248,53.0
TD+UNC,6,train,249,99.0
TD+UNC,6,train,250,95.0
TD+UNC,6,train,251,77.0
TD+UNC,6,train,252,126.0
TD+UNC,6,train,253,136.0
TD+UNC,6,train,254,106.0
TD+UNC,6,train,255,190.0
TD+UNC,6,train,256,159.0
TD+UNC,6,train,257,78.0
TD+UNC,6,train,258,73.0
TD+UNC,6,train,259,104.0
TD+UNC,6,train,260,190.0
TD+UNC,6,train,261,200.0
TD+UNC,6,train,262,156.0
TD+UNC,6,train,263,155.0
TD+UNC,6,train,264,80.0
TD+UNC,6,train,265,164.0
TD+UNC,6,train,266,117.0
TD+UNC,6,train,267,270.0
TD+UNC,6,train,268,156.0
TD+UNC,6,train,269,94.0
TD+UNC,6,train,270,156.0
TD+UNC,6,train,271,170.0
TD+UNC,6,train,272,148.0
TD+UNC,6,train,273,109.0
TD+UNC,6,train,274,163.0
TD+UNC,6,train,275,228.0
TD+UNC,6,train,276,211.0
TD+UNC,6,train,277,447.0
TD+UNC,6,train,278,123.0
TD+UNC,6,train,279,209.0
TD+UNC,6,train,280,146.0
TD+UNC,6,train,281,174.0
TD+UNC,6,train,282,247.0
TD+UNC,6,train,283,182.0
TD+UNC,6,train,284,246.0
TD+UNC,6,train,285,186.0
TD+UNC,6,train,286,292.0
TD+UNC,6,train,287,292.0
TD+UNC,6,train,288,277.0
TD+UNC,6,train,289,267.0
TD+UNC,6,train,290,118.0
TD+UNC,6,train,291,106.0
TD+UNC,6,train,292,129.0
TD+UNC,6,train,293,139.0
TD+UNC,6,train,294,244.0
TD+UNC,6,train,295,304.0
TD+UNC,6,train,296,290.0
TD+UNC,6,train,297,283.0
TD+UNC,6,train,298,180.0
TD+UNC,6,train,299,187.0
TD+UNC,6,train,300,130.0
TD+UNC,6,train,301,283.0
TD+UNC,6,train,302,233.0
TD+UNC,6,train,303,263.0
TD+UNC,6,train,304,179.0
TD+UNC,6,train,305,193.0
TD+UNC,6,train,306,284.0
TD+UNC,6,train,307,289.0
TD+UNC,6,train,308,274.0
TD+UNC,6,train,309,374.0
TD+UNC,6,train,310,204.0
TD+UNC,6,train,311,343.0
TD+UNC,6,train,312,291.0
TD+UNC,6,train,313,318.0
TD+UNC,6,train,314,189.0
TD+UNC,6,train,315,478.0
TD+UNC,6,train,316,244.0
TD+UNC,6,train,317,271.0
TD+UNC,6,train,318,316.0
TD+UNC,6,train,319,327.0
TD+UNC,6,train,320,327.0
TD+UNC,6,train,321,355.0
TD+UNC,6,train,322,500.0
TD+UNC,6,train,323,320.0
TD+UNC,6,train,324,377.0
TD+UNC,6,train,325,219.0
TD+UNC,6,train,326,175.0
TD+UNC,6,train,327,500.0
TD+UNC,6,train,328,186.0
TD+UNC,6,train,329,314.0
TD+UNC,6,train,330,274.0
TD+UNC,6,train,331,249.0
TD+UNC,6,train,332,393.0
TD+UNC,6,train,333,264.0
TD+UNC,6,train,334,343.0
TD+UNC,6,train,335,420.0
TD+UNC,6,train,336,250.0
TD+UNC,6,train,337,330.0
TD+UNC,6,train,338,276.0
TD+UNC,6,train,339,500.0
TD+UNC,6,train,340,230.0
TD+UNC,6,train,341,500.0
TD+UNC,6,train,342,500.0
TD+UNC,6,train,343,382.0
TD+UNC,6,train,344,452.0
TD+UNC,6,train,345,283.0
TD+UNC,6,train,346,381.0
TD+UNC,6,train,347,415.0
TD+UNC,6,train,348,342.0
TD+UNC,6,train,349,260.0
TD+UNC,6,train,350,305.0
TD+UNC,6,train,351,393.0
TD+UNC,6,train,352,462.0
TD+UNC,6,train,353,342.0
TD+UNC,6,train,354,219.0
TD+UNC,6,train,355,326.0
TD+UNC,6,train,356,259.0
TD+UNC,6,train,357,275.0
TD+UNC,6,train,358,438.0
TD+UNC,6,train,359,253.0
TD+UNC,6,train,360,246.0
TD+UNC,6,train,361,416.0
TD+UNC,6,train,362,500.0
TD+UNC,6,train,363,233.0
TD+UNC,6,train,364,345.0
TD+UNC,6,train,365,261.0
TD+UNC,6,train,366,500.0
TD+UNC,6,train,367,203.0
TD+UNC,6,train,368,393.0
TD+UNC,6,train,369,214.0
TD+UNC,6,train,370,320.0
TD+UNC,6,train,371,366.0
TD+UNC,6,train,372,439.0
TD+UNC,6,train,373,285.0
TD+UNC,6,train,374,337.0
TD+UNC,6,train,375,187.0
TD+UNC,6,train,376,284.0
TD+UNC,6,train,377,235.0
TD+UNC,6,train,378,429.0
TD+UNC,6,train,379,479.0
TD+UNC,6,train,380,500.0
TD+UNC,6,train,381,490.0
TD+UNC,6,train,382,428.0
TD+UNC,6,train,383,500.0
TD+UNC,6,train,384,474.0
TD+UNC,6,train,385,363.0
TD+UNC,6,train,386,500.0
TD+UNC,6,train,387,240.0
TD+UNC,6,train,388,236.0
TD+UNC,6,train,389,256.0
TD+UNC,6,train,390,500.0
TD+UNC,6,train,391,409.0
TD+UNC,6,train,392,500.0
TD+UNC,6,train,393,255.0
TD+UNC,6,train,394,250.0
TD+UNC,6,train,395,477.0
TD+UNC,6,train,396,418.0
TD+UNC,6,train,397,500.0
TD+UNC,6,train,398,500.0
TD+UNC,6,train,399,234.0
TD+UNC,6,train,400,267.0
TD+UNC,6,train,401,317.0
TD+UNC,6,train,402,379.0
TD+UNC,6,train,403,500.0
TD+UNC,6,train,404,392.0
TD+UNC,6,train,405,261.0
TD+UNC,6,train,406,373.0
TD+UNC,6,train,407,500.0
TD+UNC,6,train,408,350.0
TD+UNC,6,train,409,371.0
TD+UNC,6,train,410,500.0
TD+UNC,6,train,411,305.0
TD+UNC,6,train,412,366.0
TD+UNC,6,train,413,292.0
TD+UNC,6,train,414,480.0
TD+UNC,6,train,415,500.0
TD+UNC,6,train,416,284.0
TD+UNC,6,train,417,349.0
TD+UNC,6,train,418,387.0
TD+UNC,6,train,419,500.0
TD+UNC,6,train,420,387.0
TD+UNC,6,train,421,461.0
TD+UNC,6,train,422,500.0
TD+UNC,6,train,423,9.0
TD+UNC,6,train,424,317.0
TD+UNC,6,train,425,323.0
TD+UNC,6,train,426,269.0
TD+UNC,6,train,427,328.0
TD+UNC,6,train,428,311.0
TD+UNC,6,train,429,500.0
TD+UNC,6,train,430,473.0
TD+UNC,6,train,431,412.0
TD+UNC,6,train,432,500.0
TD+UNC,6,train,433,500.0
TD+UNC,6,train,434,500.0
TD+UNC,6,train,435,429.0
TD+UNC,6,train,436,500.0
TD+UNC,6,train,437,500.0
TD+UNC,6,train,438,500.0
TD+UNC,6,train,439,500.0
TD+UNC,6,train,440,500.0
TD+UNC,6,train,441,500.0
TD+UNC,6,train,442,500.0
TD+UNC,6,train,443,500.0
TD+UNC,6,train,444,500.0
TD+UNC,6,train,445,457.0
TD+UNC,6,train,446,500.0
TD+UNC,6,train,447,291.0
TD+UNC,6,train,448,424.0
TD+UNC,6,train,449,500.0
TD+UNC,6,train,450,245.0
TD+UNC,6,train,451,500.0
TD+UNC,6,train,452,328.0
TD+UNC,6,train,453,500.0
TD+UNC,6,train,454,265.0
TD+UNC,6,train,455,400.0
TD+UNC,6,train,456,500.0
TD+UNC,6,train,457,500.0
TD+UNC,6,train,458,435.0
TD+UNC,6,train,459,247.0
TD+UNC,6,train,460,500.0
TD+UNC,6,train,461,500.0
TD+UNC,6,train,462,205.0
TD+UNC,6,train,463,500.0
TD+UNC,6,train,464,500.0
TD+UNC,6,train,465,447.0
TD+UNC,6,train,466,500.0
TD+UNC,6,train,467,485.0
TD+UNC,6,train,468,500.0
TD+UNC,6,train,469,500.0
TD+UNC,6,train,470,500.0
TD+UNC,6,train,471,485.0
TD+UNC,6,train,472,500.0
TD+UNC,6,train,473,500.0
TD+UNC,6,train,474,203.0
TD+UNC,6,train,475,156.0
TD+UNC,6,train,476,500.0
TD+UNC,6,train,477,500.0
TD+UNC,6,train,478,167.0
TD+UNC,6,train,479,500.0
TD+UNC,6,train,480,458.0
TD+UNC,6,train,481,313.0
TD+UNC,6,train,482,431.0
TD+UNC,6,train,483,382.0
TD+UNC,6,train,484,356.0
TD+UNC,6,train,485,469.0
TD+UNC,6,train,486,482.0
TD+UNC,6,train,487,500.0
TD+UNC,6,train,488,369.0
TD+UNC,6,train,489,107.0
TD+UNC,6,train,490,500.0
TD+UNC,6,train,491,500.0
TD+UNC,6,train,492,396.0
TD+UNC,6,train,493,113.0
TD+UNC,6,train,494,109.0
TD+UNC,6,train,495,110.0
TD+UNC,6,train,496,500.0
TD+UNC,6,train,497,387.0
TD+UNC,6,train,498,337.0
TD+UNC,6,train,499,95.0
TD+UNC,6,train,500,405.0
TD+UNC,7,train,1,15.0
TD+UNC,7,train,2,16.0
TD+UNC,7,train,3,17.0
TD+UNC,7,train,4,95.0
TD+UNC,7,train,5,29.0
TD+UNC,7,train,6,19.0
TD+UNC,7,train,7,16.0
TD+UNC,7,train,8,30.0
TD+UNC,7,train,9,30.0
TD+UNC,7,train,10,21.0
TD+UNC,7,train,11,10.0
TD+UNC,7,train,12,19.0
TD+UNC,7,train,13,30.0
TD+UNC,7,train,14,34.0
TD+UNC,7,train,15,9.0
TD+UNC,7,train,16,16.0
TD+UNC,7,train,17,46.0
TD+UNC,7,train,18,21.0
TD+UNC,7,train,19,9.0
TD+UNC,7,train,20,8.0
TD+UNC,7,train,21,17.0
TD+UNC,7,train,22,11.0
TD+UNC,7,train,23,12.0
TD+UNC,7,train,24,14.0
TD+UNC,7,train,25,10.0
TD+UNC,7,train,26,13.0
TD+UNC,7,train,27,11.0
TD+UNC,7,train,28,147.0
TD+UNC,7,train,29,10.0
TD+UNC,7,train,30,8.0
TD+UNC,7,train,31,14.0
TD+UNC,7,train,32,14.0
TD+UNC,7,train,33,14.0
TD+UNC,7,train,34,9.0
TD+UNC,7,train,35,11.0
TD+UNC,7,train,36,8.0
TD+UNC,7,train,37,9.0
TD+UNC,7,train,38,12.0
TD+UNC,7,train,39,10.0
TD+UNC,7,train,40,9.0
TD+UNC,7,train,41,14.0
TD+UNC,7,train,42,9.0
TD+UNC,7,train,43,10.0
TD+UNC,7,train,44,9.0
TD+UNC,7,train,45,13.0
TD+UNC,7,train,46,10.0
TD+UNC,7,train,47,10.0
TD+UNC,7,train,48,11.0
TD+UNC,7,train,49,11.0
TD+UNC,7,train,50,26.0
TD+UNC,7,train,51,9.0
TD+UNC,7,train,52,10.0
TD+UNC,7,train,53,10.0
TD+UNC,7,train,54,13.0
TD+UNC,7,train,55,11.0
TD+UNC,7,train,56,9.0
TD+UNC,7,train,57,8.0
TD+UNC,7,train,58,9.0
TD+UNC,7,train,59,10.0
TD+UNC,7,train,60,11.0
TD+UNC,7,train,61,10.0
TD+UNC,7,train,62,11.0
TD+UNC,7,train,63,9.0
TD+UNC,7,train,64,10.0
TD+UNC,7,train,65,10.0
TD+UNC,7,train,66,11.0
TD+UNC,7,train,67,10.0
TD+UNC,7,train,68,13.0
TD+UNC,7,train,69,11.0
TD+UNC,7,train,70,9.0
TD+UNC,7,train,71,10.0
TD+UNC,7,train,72,14.0
TD+UNC,7,train,73,8.0
TD+UNC,7,train,74,10.0
TD+UNC,7,train,75,9.0
TD+UNC,7,train,76,10.0
TD+UNC,7,train,77,12.0
TD+UNC,7,train,78,9.0
TD+UNC,7,train,79,11.0
TD+UNC,7,train,80,10.0
TD+UNC,7,train,81,10.0
TD+UNC,7,train,82,10.0
TD+UNC,7,train,83,9.0
TD+UNC,7,train,84,10.0
TD+UNC,7,train,85,9.0
TD+UNC,7,train,86,9.0
TD+UNC,7,train,87,10.0
TD+UNC,7,train,88,12.0
TD+UNC,7,train,89,12.0
TD+UNC,7,train,90,11.0
TD+UNC,7,train,91,8.0
TD+UNC,7,train,92,12.0
TD+UNC,7,train,93,9.0
TD+UNC,7,train,94,11.0
TD+UNC,7,train,95,10.0
TD+UNC,7,train,96,13.0
TD+UNC,7,train,97,9.0
TD+UNC,7,train,98,11.0
TD+UNC,7,train,99,12.0
TD+UNC,7,train,100,13.0
TD+UNC,7,train,101,12.0
TD+UNC,7,train,102,9.0
TD+UNC,7,train,103,10.0
TD+UNC,7,train,104,13.0
TD+UNC,7,train,105,9.0
TD+UNC,7,train,106,14.0
TD+UNC,7,train,107,31.0
TD+UNC,7,train,108,11.0
TD+UNC,7,train,109,10.0
TD+UNC,7,train,110,11.0
TD+UNC,7,train,111,16.0
TD+UNC,7,train,112,10.0
TD+UNC,7,train,113,12.0
TD+UNC,7,train,114,9.0
TD+UNC,7,train,115,11.0
TD+UNC,7,train,116,12.0
TD+UNC,7,train,117,8.0
TD+UNC,7,train,118,10.0
TD+UNC,7,train,119,12.0
TD+UNC,7,train,120,10.0
TD+UNC,7,train,121,12.0
TD+UNC,7,train,122,12.0
TD+UNC,7,train,123,13.0
TD+UNC,7,train,124,14.0
TD+UNC,7,train,125,19.0
TD+UNC,7,train,126,11.0
TD+UNC,7,train,127,9.0
TD+UNC,7,train,128,10.0
TD+UNC,7,train,129,11.0
TD+UNC,7,train,130,11.0
TD+UNC,7,train,131,9.0
TD+UNC,7,train,132,10.0
TD+UNC,7,train,133,9.0
TD+UNC,7,train,134,13.0
TD+UNC,7,train,135,9.0
TD+UNC,7,train,136,11.0
TD+UNC,7,train,137,13.0
TD+UNC,7,train,138,10.0
TD+UNC,7,train,139,13.0
TD+UNC,7,train,140,9.0
TD+UNC,7,train,141,10.0
TD+UNC,7,train,142,18.0
TD+UNC,7,train,143,11.0
TD+UNC,7,train,144,10.0
TD+UNC,7,train,145,10.0
TD+UNC,7,train,146,18.0
TD+UNC,7,train,147,12.0
TD+UNC,7,train,148,28.0
TD+UNC,7,train,149,10.0
TD+UNC,7,train,150,11.0
TD+UNC,7,train,151,9.0
TD+UNC,7,train,152,12.0
TD+UNC,7,train,153,13.0
TD+UNC,7,train,154,14.0
TD+UNC,7,train,155,11.0
TD+UNC,7,train,156,9.0
TD+UNC,7,train,157,11.0
TD+UNC,7,train,158,10.0
TD+UNC,7,train,159,9.0
TD+UNC,7,train,160,9.0
TD+UNC,7,train,161,9.0
TD+UNC,7,train,162,9.0
TD+UNC,7,train,163,12.0
TD+UNC,7,train,164,9.0
TD+UNC,7,train,165,12.0
TD+UNC,7,train,166,11.0
TD+UNC,7,train,167,12.0
TD+UNC,7,train,168,12.0
TD+UNC,7,train,169,8.0
TD+UNC,7,train,170,10.0
TD+UNC,7,train,171,10.0
TD+UNC,7,train,172,8.0
TD+UNC,7,train,173,10.0
TD+UNC,7,train,174,11.0
TD+UNC,7,train,175,15.0
TD+UNC,7,train,176,11.0
TD+UNC,7,train,177,9.0
TD+UNC,7,train,178,10.0
TD+UNC,7,train,179,19.0
TD+UNC,7,train,180,11.0
TD+UNC,7,train,181,9.0
TD+UNC,7,train,182,9.0
TD+UNC,7,train,183,10.0
TD+UNC,7,train,184,13.0
TD+UNC,7,train,185,13.0
TD+UNC,7,train,186,20.0
TD+UNC,7,train,187,10.0
TD+UNC,7,train,188,24.0
TD+UNC,7,train,189,9.0
TD+UNC,7,train,190,9.0
TD+UNC,7,train,191,11.0
TD+UNC,7,train,192,13.0
TD+UNC,7,train,193,12.0
TD+UNC,7,train,194,11.0
TD+UNC,7,train,195,14.0
TD+UNC,7,train,196,10.0
TD+UNC,7,train,197,15.0
TD+UNC,7,train,198,10.0
TD+UNC,7,train,199,10.0
TD+UNC,7,train,200,10.0
TD+UNC,7,train,201,17.0
TD+UNC,7,train,202,10.0
TD+UNC,7,train,203,10.0
TD+UNC,7,train,204,10.0
TD+UNC,7,train,205,15.0
TD+UNC,7,train,206,83.0
TD+UNC,7,train,207,13.0
TD+UNC,7,train,208,10.0
TD+UNC,7,train,209,11.0
TD+UNC,7,train,210,9.0
TD+UNC,7,train,211,16.0
TD+UNC,7,train,212,17.0
TD+UNC,7,train,213,39.0
TD+UNC,7,train,214,19.0
TD+UNC,7,train,215,17.0
TD+UNC,7,train,216,18.0
TD+UNC,7,train,217,14.0
TD+UNC,7,train,218,24.0
TD+UNC,7,train,219,21.0
TD+UNC,7,train,220,16.0
TD+UNC,7,train,221,20.0
TD+UNC,7,train,222,13.0
TD+UNC,7,train,223,17.0
TD+UNC,7,train,224,18.0
TD+UNC,7,train,225,15.0
TD+UNC,7,train,226,13.0
TD+UNC,7,train,227,11.0
TD+UNC,7,train,228,12.0
TD+UNC,7,train,229,23.0
TD+UNC,7,train,230,22.0
TD+UNC,7,train,231,20.0
TD+UNC,7,train,232,49.0
TD+UNC,7,train,233,15.0
TD+UNC,7,train,234,37.0
TD+UNC,7,train,235,25.0
TD+UNC,7,train,236,45.0
TD+UNC,7,train,237,20.0
TD+UNC,7,train,238,16.0
TD+UNC,7,train,239,21.0
TD+UNC,7,train,240,23.0
TD+UNC,7,train,241,22.0
TD+UNC,7,train,242,25.0
TD+UNC,7,train,243,16.0
TD+UNC,7,train,244,15.0
TD+UNC,7,train,245,24.0
TD+UNC,7,train,246,15.0
TD+UNC,7,train,247,23.0
TD+UNC,7,train,248,49.0
TD+UNC,7,train,249,24.0
TD+UNC,7,train,250,21.0
TD+UNC,7,train,251,18.0
TD+UNC,7,train,252,33.0
TD+UNC,7,train,253,25.0
TD+UNC,7,train,254,25.0
TD+UNC,7,train,255,72.0
TD+UNC,7,train,256,28.0
TD+UNC,7,train,257,28.0
TD+UNC,7,train,258,49.0
TD+UNC,7,train,259,25.0
TD+UNC,7,train,260,26.0
TD+UNC,7,train,261,55.0
TD+UNC,7,train,262,43.0
TD+UNC,7,train,263,23.0
TD+UNC,7,train,264,30.0
TD+UNC,7,train,265,30.0
TD+UNC,7,train,266,21.0
TD+UNC,7,train,267,54.0
TD+UNC,7,train,268,25.0
TD+UNC,7,train,269,47.0
TD+UNC,7,train,270,35.0
TD+UNC,7,train,271,31.0
TD+UNC,7,train,272,32.0
TD+UNC,7,train,273,151.0
TD+UNC,7,train,274,97.0
TD+UNC,7,train,275,29.0
TD+UNC,7,train,276,35.0
TD+UNC,7,train,277,64.0
TD+UNC,7,train,278,56.0
TD+UNC,7,train,279,33.0
TD+UNC,7,train,280,21.0
TD+UNC,7,train,281,41.0
TD+UNC,7,train,282,118.0
TD+UNC,7,train,283,47.0
TD+UNC,7,train,284,49.0
TD+UNC,7,train,285,73.0
TD+UNC,7,train,286,96.0
TD+UNC,7,train,287,29.0
TD+UNC,7,train,288,71.0
TD+UNC,7,train,289,78.0
TD+UNC,7,train,290,44.0
TD+UNC,7,train,291,47.0
TD+UNC,7,train,292,28.0
TD+UNC,7,train,293,33.0
TD+UNC,7,train,294,36.0
TD+UNC,7,train,295,83.0
TD+UNC,7,train,296,47.0
TD+UNC,7,train,297,50.0
TD+UNC,7,train,298,45.0
TD+UNC,7,train,299,30.0
TD+UNC,7,train,300,95.0
TD+UNC,7,train,301,37.0
TD+UNC,7,train,302,43.0
TD+UNC,7,train,303,30.0
TD+UNC,7,train,304,31.0
TD+UNC,7,train,305,71.0
TD+UNC,7,train,306,68.0
TD+UNC,7,train,307,60.0
TD+UNC,7,train,308,52.0
TD+UNC,7,train,309,36.0
TD+UNC,7,train,310,78.0
TD+UNC,7,train,311,76.0
TD+UNC,7,train,312,68.0
TD+UNC,7,train,313,63.0
TD+UNC,7,train,314,81.0
TD+UNC,7,train,315,34.0
TD+UNC,7,train,316,42.0
TD+UNC,7,train,317,52.0
TD+UNC,7,train,318,82.0
TD+UNC,7,train,319,58.0
TD+UNC,7,train,320,157.0
TD+UNC,7,train,321,37.0
TD+UNC,7,train,322,49.0
TD+UNC,7,train,323,33.0
TD+UNC,7,train,324,73.0
TD+UNC,7,train,325,40.0
TD+UNC,7,train,326,136.0
TD+UNC,7,train,327,115.0
TD+UNC,7,train,328,79.0
TD+UNC,7,train,329,33.0
TD+UNC,7,train,330,39.0
TD+UNC,7,train,331,113.0
TD+UNC,7,train,332,48.0
TD+UNC,7,train,333,83.0
TD+UNC,7,train,334,65.0
TD+UNC,7,train,335,56.0
TD+UNC,7,train,336,92.0
TD+UNC,7,train,337,36.0
TD+UNC,7,train,338,51.0
TD+UNC,7,train,339,71.0
TD+UNC,7,train,340,31.0
TD+UNC,7,train,341,34.0
TD+UNC,7,train,342,32.0
TD+UNC,7,train,343,48.0
TD+UNC,7,train,344,64.0
TD+UNC,7,train,345,31.0
TD+UNC,7,train,346,99.0
TD+UNC,7,train,347,167.0
TD+UNC,7,train,348,39.0
TD+UNC,7,train,349,43.0
TD+UNC,7,train,350,81.0
TD+UNC,7,train,351,68.0
TD+UNC,7,train,352,72.0
TD+UNC,7,train,353,31.0
TD+UNC,7,train,354,90.0
TD+UNC,7,train,355,119.0
TD+UNC,7,train,356,120.0
TD+UNC,7,train,357,251.0
TD+UNC,7,train,358,37.0
TD+UNC,7,train,359,43.0
TD+UNC,7,train,360,41.0
TD+UNC,7,train,361,37.0
TD+UNC,7,train,362,71.0
TD+UNC,7,train,363,131.0
TD+UNC,7,train,364,55.0
TD+UNC,7,train,365,96.0
TD+UNC,7,train,366,30.0
TD+UNC,7,train,367,61.0
TD+UNC,7,train,368,80.0
TD+UNC,7,train,369,79.0
TD+UNC,7,train,370,117.0
TD+UNC,7,train,371,162.0
TD+UNC,7,train,372,78.0
TD+UNC,7,train,373,116.0
TD+UNC,7,train,374,42.0
TD+UNC,7,train,375,96.0
TD+UNC,7,train,376,33.0
TD+UNC,7,train,377,47.0
TD+UNC,7,train,378,72.0
TD+UNC,7,train,379,53.0
TD+UNC,7,train,380,140.0
TD+UNC,7,train,381,36.0
TD+UNC,7,train,382,53.0
TD+UNC,7,train,383,52.0
TD+UNC,7,train,384,49.0
TD+UNC,7,train,385,45.0
TD+UNC,7,train,386,57.0
TD+UNC,7,train,387,67.0
TD+UNC,7,train,388,43.0
TD+UNC,7,train,389,76.0
TD+UNC,7,train,390,210.0
TD+UNC,7,train,391,119.0
TD+UNC,7,train,392,92.0
TD+UNC,7,train,393,87.0
TD+UNC,7,train,394,71.0
TD+UNC,7,train,395,157.0
TD+UNC,7,train,396,122.0
TD+UNC,7,train,397,160.0
TD+UNC,7,train,398,52.0
TD+UNC,7,train,399,31.0
TD+UNC,7,train,400,36.0
TD+UNC,7,train,401,27.0
TD+UNC,7,train,402,186.0
TD+UNC,7,train,403,157.0
TD+UNC,7,train,404,110.0
TD+UNC,7,train,405,108.0
TD+UNC,7,train,406,162.0
TD+UNC,7,train,407,115.0
TD+UNC,7,train,408,129.0
TD+UNC,7,train,409,121.0
TD+UNC,7,train,410,135.0
TD+UNC,7,train,411,205.0
TD+UNC,7,train,412,118.0
TD+UNC,7,train,413,121.0
TD+UNC,7,train,414,85.0
TD+UNC,7,train,415,31.0
TD+UNC,7,train,416,29.0
TD+UNC,7,train,417,86.0
TD+UNC,7,train,418,188.0
TD+UNC,7,train,419,231.0
TD+UNC,7,train,420,24.0
TD+UNC,7,train,421,119.0
TD+UNC,7,train,422,156.0
TD+UNC,7,train,423,180.0
TD+UNC,7,train,424,181.0
TD+UNC,7,train,425,205.0
TD+UNC,7,train,426,499.0
TD+UNC,7,train,427,327.0
TD+UNC,7,train,428,138.0
TD+UNC,7,train,429,236.0
TD+UNC,7,train,430,243.0
TD+UNC,7,train,431,212.0
TD+UNC,7,train,432,152.0
TD+UNC,7,train,433,159.0
TD+UNC,7,train,434,162.0
TD+UNC,7,train,435,334.0
TD+UNC,7,train,436,152.0
TD+UNC,7,train,437,149.0
TD+UNC,7,train,438,277.0
TD+UNC,7,train,439,366.0
TD+UNC,7,train,440,265.0
TD+UNC,7,train,441,271.0
TD+UNC,7,train,442,187.0
TD+UNC,7,train,443,326.0
TD+UNC,7,train,444,206.0
TD+UNC,7,train,445,500.0
TD+UNC,7,train,446,466.0
TD+UNC,7,train,447,249.0
TD+UNC,7,train,448,205.0
TD+UNC,7,train,449,308.0
TD+UNC,7,train,450,282.0
TD+UNC,7,train,451,265.0
TD+UNC,7,train,452,310.0
TD+UNC,7,train,453,201.0
TD+UNC,7,train,454,191.0
TD+UNC,7,train,455,212.0
TD+UNC,7,train,456,256.0
TD+UNC,7,train,457,353.0
TD+UNC,7,train,458,398.0
TD+UNC,7,train,459,305.0
TD+UNC,7,train,460,184.0
TD+UNC,7,train,461,349.0
TD+UNC,7,train,462,242.0
TD+UNC,7,train,463,176.0
TD+UNC,7,train,464,355.0
TD+UNC,7,train,465,174.0
TD+UNC,7,train,466,282.0
TD+UNC,7,train,467,315.0
TD+UNC,7,train,468,164.0
TD+UNC,7,train,469,364.0
TD+UNC,7,train,470,371.0
TD+UNC,7,train,471,271.0
TD+UNC,7,train,472,184.0
TD+UNC,7,train,473,357.0
TD+UNC,7,train,474,282.0
TD+UNC,7,train,475,500.0
TD+UNC,7,train,476,271.0
TD+UNC,7,train,477,236.0
TD+UNC,7,train,478,260.0
TD+UNC,7,train,479,447.0
TD+UNC,7,train,480,349.0
TD+UNC,7,train,481,231.0
TD+UNC,7,train,482,500.0
TD+UNC,7,train,483,500.0
TD+UNC,7,train,484,269.0
TD+UNC,7,train,485,443.0
TD+UNC,7,train,486,340.0
TD+UNC,7,train,487,253.0
TD+UNC,7,train,488,316.0
TD+UNC,7,train,489,341.0
TD+UNC,7,train,490,240.0
TD+UNC,7,train,491,209.0
TD+UNC,7,train,492,394.0
TD+UNC,7,train,493,221.0
TD+UNC,7,train,494,270.0
TD+UNC,7,train,495,230.0
TD+UNC,7,train,496,237.0
TD+UNC,7,train,497,170.0
TD+UNC,7,train,498,225.0
TD+UNC,7,train,499,197.0
TD+UNC,7,train,500,229.0
TD+UNC,8,train,1,20.0
TD+UNC,8,train,2,20.0
TD+UNC,8,train,3,44.0
TD+UNC,8,train,4,17.0
TD+UNC,8,train,5,62.0
TD+UNC,8,train,6,31.0
TD+UNC,8,train,7,20.0
TD+UNC,8,train,8,17.0
TD+UNC,8,train,9,14.0
TD+UNC,8,train,10,22.0
TD+UNC,8,train,11,11.0
TD+UNC,8,train,12,53.0
TD+UNC,8,train,13,39.0
TD+UNC,8,train,14,22.0
TD+UNC,8,train,15,14.0
TD+UNC,8,train,16,26.0
TD+UNC,8,train,17,13.0
TD+UNC,8,train,18,20.0
TD+UNC,8,train,19,43.0
TD+UNC,8,train,20,9.0
TD+UNC,8,train,21,16.0
TD+UNC,8,train,22,14.0
TD+UNC,8,train,23,11.0
TD+UNC,8,train,24,40.0
TD+UNC,8,train,25,11.0
TD+UNC,8,train,26,11.0
TD+UNC,8,train,27,9.0
TD+UNC,8,train,28,10.0
TD+UNC,8,train,29,14.0
TD+UNC,8,train,30,9.0
TD+UNC,8,train,31,13.0
TD+UNC,8,train,32,13.0
TD+UNC,8,train,33,10.0
TD+UNC,8,train,34,12.0
TD+UNC,8,train,35,13.0
TD+UNC,8,train,36,13.0
TD+UNC,8,train,37,10.0
TD+UNC,8,train,38,10.0
TD+UNC,8,train,39,12.0
TD+UNC,8,train,40,10.0
TD+UNC,8,train,41,10.0
TD+UNC,8,train,42,13.0
TD+UNC,8,train,43,10.0
TD+UNC,8,train,44,14.0
TD+UNC,8,train,45,10.0
TD+UNC,8,train,46,14.0
TD+UNC,8,train,47,10.0
TD+UNC,8,train,48,10.0
TD+UNC,8,train,49,9.0
TD+UNC,8,train,50,10.0
TD+UNC,8,train,51,14.0
TD+UNC,8,train,52,14.0
TD+UNC,8,train,53,12.0
TD+UNC,8,train,54,9.0
TD+UNC,8,train,55,14.0
TD+UNC,8,train,56,10.0
TD+UNC,8,train,57,10.0
TD+UNC,8,train,58,12.0
TD+UNC,8,train,59,11.0
TD+UNC,8,train,60,15.0
TD+UNC,8,train,61,12.0
TD+UNC,8,train,62,14.0
TD+UNC,8,train,63,13.0
TD+UNC,8,train,64,17.0
TD+UNC,8,train,65,14.0
TD+UNC,8,train,66,9.0
TD+UNC,8,train,67,9.0
TD+UNC,8,train,68,9.0
TD+UNC,8,train,69,10.0
TD+UNC,8,train,70,11.0
TD+UNC,8,train,71,9.0
TD+UNC,8,train,72,10.0
TD+UNC,8,train,73,10.0
TD+UNC,8,train,74,14.0
TD+UNC,8,train,75,15.0
TD+UNC,8,train,76,9.0
TD+UNC,8,train,77,14.0
TD+UNC,8,train,78,10.0
TD+UNC,8,train,79,11.0
TD+UNC,8,train,80,9.0
TD+UNC,8,train,81,10.0
TD+UNC,8,train,82,10.0
TD+UNC,8,train,83,13.0
TD+UNC,8,train,84,10.0
TD+UNC,8,train,85,12.0
TD+UNC,8,train,86,11.0
TD+UNC,8,train,87,10.0
TD+UNC,8,train,88,13.0
TD+UNC,8,train,89,11.0
TD+UNC,8,train,90,13.0
TD+UNC,8,train,91,9.0
TD+UNC,8,train,92,11.0
TD+UNC,8,train,93,11.0
TD+UNC,8,train,94,9.0
TD+UNC,8,train,95,15.0
TD+UNC,8,train,96,10.0
TD+UNC,8,train,97,12.0
TD+UNC,8,train,98,11.0
TD+UNC,8,train,99,10.0
TD+UNC,8,train,100,11.0
TD+UNC,8,train,101,10.0
TD+UNC,8,train,102,10.0
TD+UNC,8,train,103,10.0
TD+UNC,8,train,104,11.0
TD+UNC,8,train,105,14.0
TD+UNC,8,train,106,10.0
TD+UNC,8,train,107,11.0
TD+UNC,8,train,108,9.0
TD+UNC,8,train,109,11.0
TD+UNC,8,train,110,13.0
TD+UNC,8,train,111,9.0
TD+UNC,8,train,112,12.0
TD+UNC,8,train,113,11.0
TD+UNC,8,train,114,10.0
TD+UNC,8,train,115,13.0
TD+UNC,8,train,116,10.0
TD+UNC,8,train,117,11.0
TD+UNC,8,train,118,13.0
TD+UNC,8,train,119,10.0
TD+UNC,8,train,120,13.0
TD+UNC,8,train,121,9.0
TD+UNC,8,train,122,9.0
TD+UNC,8,train,123,12.0
TD+UNC,8,train,124,10.0
TD+UNC,8,train,125,12.0
TD+UNC,8,train,126,12.0
TD+UNC,8,train,127,13.0
TD+UNC,8,train,128,10.0
TD+UNC,8,train,129,9.0
TD+UNC,8,train,130,10.0
TD+UNC,8,train,131,10.0
TD+UNC,8,train,132,12.0
TD+UNC,8,train,133,8.0
TD+UNC,8,train,134,10.0
TD+UNC,8,train,135,10.0
TD+UNC,8,train,136,11.0
TD+UNC,8,train,137,16.0
TD+UNC,8,train,138,9.0
TD+UNC,8,train,139,10.0
TD+UNC,8,train,140,10.0
TD+UNC,8,train,141,10.0
TD+UNC,8,train,142,10.0
TD+UNC,8,train,143,14.0
TD+UNC,8,train,144,8.0
TD+UNC,8,train,145,9.0
TD+UNC,8,train,146,12.0
TD+UNC,8,train,147,19.0
TD+UNC,8,train,148,9.0
TD+UNC,8,train,149,9.0
TD+UNC,8,train,150,12.0
TD+UNC,8,train,151,9.0
TD+UNC,8,train,152,17.0
TD+UNC,8,train,153,10.0
TD+UNC,8,train,154,11.0
TD+UNC,8,train,155,10.0
TD+UNC,8,train,156,9.0
TD+UNC,8,train,157,10.0
TD+UNC,8,train,158,11.0
TD+UNC,8,train,159,19.0
TD+UNC,8,train,160,13.0
TD+UNC,8,train,161,13.0
TD+UNC,8,train,162,10.0
TD+UNC,8,train,163,10.0
TD+UNC,8,train,164,10.0
TD+UNC,8,train,165,9.0
TD+UNC,8,train,166,10.0
TD+UNC,8,train,167,8.0
TD+UNC,8,train,168,11.0
TD+UNC,8,train,169,10.0
TD+UNC,8,train,170,9.0
TD+UNC,8,train,171,10.0
TD+UNC,8,train,172,9.0
TD+UNC,8,train,173,11.0
TD+UNC,8,train,174,9.0
TD+UNC,8,train,175,10.0
TD+UNC,8,train,176,10.0
TD+UNC,8,train,177,9.0
TD+UNC,8,train,178,11.0
TD+UNC,8,train,179,9.0
TD+UNC,8,train,180,10.0
TD+UNC,8,train,181,11.0
TD+UNC,8,train,182,13.0
TD+UNC,8,train,183,11.0
TD+UNC,8,train,184,9.0
TD+UNC,8,train,185,12.0
TD+UNC,8,train,186,9.0
TD+UNC,8,train,187,11.0
TD+UNC,8,train,188,10.0
TD+UNC,8,train,189,10.0
TD+UNC,8,train,190,9.0
TD+UNC,8,train,191,10.0
TD+UNC,8,train,192,8.0
TD+UNC,8,train,193,12.0
TD+UNC,8,train,194,11.0
TD+UNC,8,train,195,9.0
TD+UNC,8,train,196,11.0
TD+UNC,8,train,197,12.0
TD+UNC,8,train,198,11.0
TD+UNC,8,train,199,10.0
TD+UNC,8,train,200,10.0
TD+UNC,8,train,201,11.0
TD+UNC,8,train,202,11.0
TD+UNC,8,train,203,9.0
TD+UNC,8,train,204,9.0
TD+UNC,8,train,205,9.0
TD+UNC,8,train,206,9.0
TD+UNC,8,train,207,11.0
TD+UNC,8,train,208,9.0
TD+UNC,8,train,209,22.0
TD+UNC,8,train,210,10.0
TD+UNC,8,train,211,35.0
TD+UNC,8,train,212,14.0
TD+UNC,8,train,213,16.0
TD+UNC,8,train,214,12.0
TD+UNC,8,train,215,12.0
TD+UNC,8,train,216,10.0
TD+UNC,8,train,217,10.0
TD+UNC,8,train,218,15.0
TD+UNC,8,train,219,20.0
TD+UNC,8,train,220,9.0
TD+UNC,8,train,221,8.0
TD+UNC,8,train,222,14.0
TD+UNC,8,train,223,27.0
TD+UNC,8,train,224,13.0
TD+UNC,8,train,225,31.0
TD+UNC,8,train,226,22.0
TD+UNC,8,train,227,16.0
TD+UNC,8,train,228,13.0
TD+UNC,8,train,229,18.0
TD+UNC,8,train,230,13.0
TD+UNC,8,train,231,14.0
TD+UNC,8,train,232,19.0
TD+UNC,8,train,233,14.0
TD+UNC,8,train,234,17.0
TD+UNC,8,train,235,13.0
TD+UNC,8,train,236,27.0
TD+UNC,8,train,237,29.0
TD+UNC,8,train,238,29.0
TD+UNC,8,train,239,20.0
TD+UNC,8,train,240,79.0
TD+UNC,8,train,241,14.0
TD+UNC,8,train,242,57.0
TD+UNC,8,train,243,28.0
TD+UNC,8,train,244,66.0
TD+UNC,8,train,245,27.0
TD+UNC,8,train,246,30.0
TD+UNC,8,train,247,33.0
TD+UNC,8,train,248,33.0
TD+UNC,8,train,249,62.0
TD+UNC,8,train,250,28.0
TD+UNC,8,train,251,34.0
TD+UNC,8,train,252,37.0
TD+UNC,8,train,253,26.0
TD+UNC,8,train,254,19.0
TD+UNC,8,train,255,27.0
TD+UNC,8,train,256,41.0
TD+UNC,8,train,257,39.0
TD+UNC,8,train,258,44.0
TD+UNC,8,train,259,44.0
TD+UNC,8,train,260,55.0
TD+UNC,8,train,261,166.0
TD+UNC,8,train,262,42.0
TD+UNC,8,train,263,45.0
TD+UNC,8,train,264,30.0
TD+UNC,8,train,265,63.0
TD+UNC,8,train,266,103.0
TD+UNC,8,train,267,78.0
TD+UNC,8,train,268,27.0
TD+UNC,8,train,269,47.0
TD+UNC,8,train,270,54.0
TD+UNC,8,train,271,35.0
TD+UNC,8,train,272,63.0
TD+UNC,8,train,273,38.0
TD+UNC,8,train,274,77.0
TD+UNC,8,train,275,77.0
TD+UNC,8,train,276,106.0
TD+UNC,8,train,277,40.0
TD+UNC,8,train,278,43.0
TD+UNC,8,train,279,28.0
TD+UNC,8,train,280,51.0
TD+UNC,8,train,281,25.0
TD+UNC,8,train,282,32.0
TD+UNC,8,train,283,45.0
TD+UNC,8,train,284,49.0
TD+UNC,8,train,285,32.0
TD+UNC,8,train,286,22.0
TD+UNC,8,train,287,72.0
TD+UNC,8,train,288,29.0
TD+UNC,8,train,289,89.0
TD+UNC,8,train,290,24.0
TD+UNC,8,train,291,31.0
TD+UNC,8,train,292,136.0
TD+UNC,8,train,293,44.0
TD+UNC,8,train,294,43.0
TD+UNC,8,train,295,53.0
TD+UNC,8,train,296,28.0
TD+UNC,8,train,297,50.0
TD+UNC,8,train,298,38.0
TD+UNC,8,train,299,31.0
TD+UNC,8,train,300,56.0
TD+UNC,8,train,301,58.0
TD+UNC,8,train,302,108.0
TD+UNC,8,train,303,43.0
TD+UNC,8,train,304,34.0
TD+UNC,8,train,305,68.0
TD+UNC,8,train,306,32.0
TD+UNC,8,train,307,159.0
TD+UNC,8,train,308,34.0
TD+UNC,8,train,309,53.0
TD+UNC,8,train,310,58.0
TD+UNC,8,train,311,34.0
TD+UNC,8,train,312,28.0
TD+UNC,8,train,313,42.0
TD+UNC,8,train,314,26.0
TD+UNC,8,train,315,44.0
TD+UNC,8,train,316,35.0
TD+UNC,8,train,317,49.0
TD+UNC,8,train,318,65.0
TD+UNC,8,train,319,133.0
TD+UNC,8,train,320,64.0
TD+UNC,8,train,321,29.0
TD+UNC,8,train,322,63.0
TD+UNC,8,train,323,40.0
TD+UNC,8,train,324,20.0
TD+UNC,8,train,325,59.0
TD+UNC,8,train,326,29.0
TD+UNC,8,train,327,21.0
TD+UNC,8,train,328,49.0
TD+UNC,8,train,329,28.0
TD+UNC,8,train,330,51.0
TD+UNC,8,train,331,86.0
TD+UNC,8,train,332,76.0
TD+UNC,8,train,333,81.0
TD+UNC,8,train,334,21.0
TD+UNC,8,train,335,29.0
TD+UNC,8,train,336,40.0
TD+UNC,8,train,337,55.0
TD+UNC,8,train,338,24.0
TD+UNC,8,train,339,48.0
TD+UNC,8,train,340,34.0
TD+UNC,8,train,341,76.0
TD+UNC,8,train,342,33.0
TD+UNC,8,train,343,32.0
TD+UNC,8,train,344,64.0
TD+UNC,8,train,345,63.0
TD+UNC,8,train,346,33.0
TD+UNC,8,train,347,70.0
TD+UNC,8,train,348,87.0
TD+UNC,8,train,349,26.0
TD+UNC,8,train,350,42.0
TD+UNC,8,train,351,58.0
TD+UNC,8,train,352,107.0
TD+UNC,8,train,353,62.0
TD+UNC,8,train,354,32.0
TD+UNC,8,train,355,231.0
TD+UNC,8,train,356,22.0
TD+UNC,8,train,357,41.0
TD+UNC,8,train,358,36.0
TD+UNC,8,train,359,83.0
TD+UNC,8,train,360,42.0
TD+UNC,8,train,361,45.0
TD+UNC,8,train,362,62.0
TD+UNC,8,train,363,39.0
TD+UNC,8,train,364,44.0
TD+UNC,8,train,365,46.0
TD+UNC,8,train,366,33.0
TD+UNC,8,train,367,39.0
TD+UNC,8,train,368,24.0
TD+UNC,8,train,369,123.0
TD+UNC,8,train,370,26.0
TD+UNC,8,train,371,31.0
TD+UNC,8,train,372,49.0
TD+UNC,8,train,373,78.0
TD+UNC,8,train,374,32.0
TD+UNC,8,train,375,26.0
TD+UNC,8,train,376,84.0
TD+UNC,8,train,377,24.0
TD+UNC,8,train,378,74.0
TD+UNC,8,train,379,47.0
TD+UNC,8,train,380,73.0
TD+UNC,8,train,381,41.0
TD+UNC,8,train,382,123.0
TD+UNC,8,train,383,72.0
TD+UNC,8,train,384,50.0
TD+UNC,8,train,385,70.0
TD+UNC,8,train,386,50.0
TD+UNC,8,train,387,82.0
TD+UNC,8,train,388,66.0
TD+UNC,8,train,389,85.0
TD+UNC,8,train,390,78.0
TD+UNC,8,train,391,48.0
TD+UNC,8,train,392,93.0
TD+UNC,8,train,393,65.0
TD+UNC,8,train,394,87.0
TD+UNC,8,train,395,42.0
TD+UNC,8,train,396,53.0
TD+UNC,8,train,397,52.0
TD+UNC,8,train,398,58.0
TD+UNC,8,train,399,56.0
TD+UNC,8,train,400,34.0
TD+UNC,8,train,401,26.0
TD+UNC,8,train,402,63.0
TD+UNC,8,train,403,87.0
TD+UNC,8,train,404,82.0
TD+UNC,8,train,405,28.0
TD+UNC,8,train,406,46.0
TD+UNC,8,train,407,92.0
TD+UNC,8,train,408,48.0
TD+UNC,8,train,409,65.0
TD+UNC,8,train,410,32.0
TD+UNC,8,train,411,25.0
TD+UNC,8,train,412,103.0
TD+UNC,8,train,413,44.0
TD+UNC,8,train,414,63.0
TD+UNC,8,train,415,65.0
TD+UNC,8,train,416,54.0
TD+UNC,8,train,417,44.0
TD+UNC,8,train,418,32.0
TD+UNC,8,train,419,86.0
TD+UNC,8,train,420,79.0
TD+UNC,8,train,421,70.0
TD+UNC,8,train,422,156.0
TD+UNC,8,train,423,41.0
TD+UNC,8,train,424,40.0
TD+UNC,8,train,425,168.0
TD+UNC,8,train,426,83.0
TD+UNC,8,train,427,40.0
TD+UNC,8,train,428,77.0
TD+UNC,8,train,429,43.0
TD+UNC,8,train,430,39.0
TD+UNC,8,train,431,61.0
TD+UNC,8,train,432,75.0
TD+UNC,8,train,433,48.0
TD+UNC,8,train,434,51.0
TD+UNC,8,train,435,68.0
TD+UNC,8,train,436,135.0
TD+UNC,8,train,437,67.0
TD+UNC,8,train,438,82.0
TD+UNC,8,train,439,69.0
TD+UNC,8,train,440,130.0
TD+UNC,8,train,441,138.0
TD+UNC,8,train,442,79.0
TD+UNC,8,train,443,78.0
TD+UNC,8,train,444,106.0
TD+UNC,8,train,445,47.0
TD+UNC,8,train,446,49.0
TD+UNC,8,train,447,45.0
TD+UNC,8,train,448,66.0
TD+UNC,8,train,449,66.0
TD+UNC,8,train,450,56.0
TD+UNC,8,train,451,129.0
TD+UNC,8,train,452,146.0
TD+UNC,8,train,453,117.0
TD+UNC,8,train,454,170.0
TD+UNC,8,train,455,326.0
TD+UNC,8,train,456,335.0
TD+UNC,8,train,457,298.0
TD+UNC,8,train,458,169.0
TD+UNC,8,train,459,225.0
TD+UNC,8,train,460,139.0
TD+UNC,8,train,461,172.0
TD+UNC,8,train,462,177.0
TD+UNC,8,train,463,180.0
TD+UNC,8,train,464,248.0
TD+UNC,8,train,465,252.0
TD+UNC,8,train,466,268.0
TD+UNC,8,train,467,226.0
TD+UNC,8,train,468,468.0
TD+UNC,8,train,469,405.0
TD+UNC,8,train,470,377.0
TD+UNC,8,train,471,321.0
TD+UNC,8,train,472,202.0
TD+UNC,8,train,473,500.0
TD+UNC,8,train,474,198.0
TD+UNC,8,train,475,445.0
TD+UNC,8,train,476,262.0
TD+UNC,8,train,477,198.0
TD+UNC,8,train,478,479.0
TD+UNC,8,train,479,301.0
TD+UNC,8,train,480,371.0
TD+UNC,8,train,481,365.0
TD+UNC,8,train,482,207.0
TD+UNC,8,train,483,410.0
TD+UNC,8,train,484,220.0
TD+UNC,8,train,485,282.0
TD+UNC,8,train,486,237.0
TD+UNC,8,train,487,216.0
TD+UNC,8,train,488,195.0
TD+UNC,8,train,489,249.0
TD+UNC,8,train,490,238.0
TD+UNC,8,train,491,198.0
TD+UNC,8,train,492,349.0
TD+UNC,8,train,493,309.0
TD+UNC,8,train,494,371.0
TD+UNC,8,train,495,253.0
TD+UNC,8,train,496,231.0
TD+UNC,8,train,497,302.0
TD+UNC,8,train,498,445.0
TD+UNC,8,train,499,362.0
TD+UNC,8,train,500,261.0
TD+UNC,9,train,1,19.0
TD+UNC,9,train,2,15.0
TD+UNC,9,train,3,15.0
TD+UNC,9,train,4,17.0
TD+UNC,9,train,5,14.0
TD+UNC,9,train,6,32.0
TD+UNC,9,train,7,15.0
TD+UNC,9,train,8,12.0
TD+UNC,9,train,9,17.0
TD+UNC,9,train,10,12.0
TD+UNC,9,train,11,30.0
TD+UNC,9,train,12,18.0
TD+UNC,9,train,13,19.0
TD+UNC,9,train,14,25.0
TD+UNC,9,train,15,14.0
TD+UNC,9,train,16,19.0
TD+UNC,9,train,17,11.0
TD+UNC,9,train,18,24.0
TD+UNC,9,train,19,17.0
TD+UNC,9,train,20,9.0
TD+UNC,9,train,21,25.0
TD+UNC,9,train,22,10.0
TD+UNC,9,train,23,10.0
TD+UNC,9,train,24,10.0
TD+UNC,9,train,25,11.0
TD+UNC,9,train,26,11.0
TD+UNC,9,train,27,11.0
TD+UNC,9,train,28,10.0
TD+UNC,9,train,29,14.0
TD+UNC,9,train,30,13.0
TD+UNC,9,train,31,8.0
TD+UNC,9,train,32,11.0
TD+UNC,9,train,33,9.0
TD+UNC,9,train,34,10.0
TD+UNC,9,train,35,9.0
TD+UNC,9,train,36,9.0
TD+UNC,9,train,37,15.0
TD+UNC,9,train,38,11.0
TD+UNC,9,train,39,11.0
TD+UNC,9,train,40,13.0
TD+UNC,9,train,41,11.0
TD+UNC,9,train,42,12.0
TD+UNC,9,train,43,15.0
TD+UNC,9,train,44,14.0
TD+UNC,9,train,45,13.0
TD+UNC,9,train,46,10.0
TD+UNC,9,train,47,9.0
TD+UNC,9,train,48,9.0
TD+UNC,9,train,49,16.0
TD+UNC,9,train,50,10.0
TD+UNC,9,train,51,13.0
TD+UNC,9,train,52,9.0
TD+UNC,9,train,53,10.0
TD+UNC,9,train,54,11.0
TD+UNC,9,train,55,10.0
TD+UNC,9,train,56,10.0
TD+UNC,9,train,57,14.0
TD+UNC,9,train,58,20.0
TD+UNC,9,train,59,10.0
TD+UNC,9,train,60,8.0
TD+UNC,9,train,61,10.0
TD+UNC,9,train,62,9.0
TD+UNC,9,train,63,10.0
TD+UNC,9,train,64,11.0
TD+UNC,9,train,65,12.0
TD+UNC,9,train,66,11.0
TD+UNC,9,train,67,9.0
TD+UNC,9,train,68,10.0
TD+UNC,9,train,69,11.0
TD+UNC,9,train,70,11.0
TD+UNC,9,train,71,11.0
TD+UNC,9,train,72,11.0
TD+UNC,9,train,73,10.0
TD+UNC,9,train,74,9.0
TD+UNC,9,train,75,9.0
TD+UNC,9,train,76,14.0
TD+UNC,9,train,77,9.0
TD+UNC,9,train,78,10.0
TD+UNC,9,train,79,9.0
TD+UNC,9,train,80,9.0
TD+UNC,9,train,81,10.0
TD+UNC,9,train,82,9.0
TD+UNC,9,train,83,10.0
TD+UNC,9,train,84,13.0
TD+UNC,9,train,85,9.0
TD+UNC,9,train,86,13.0
TD+UNC,9,train,87,10.0
TD+UNC,9,train,88,11.0
TD+UNC,9,train,89,11.0
TD+UNC,9,train,90,12.0
TD+UNC,9,train,91,13.0
TD+UNC,9,train,92,9.0
TD+UNC,9,train,93,9.0
TD+UNC,9,train,94,12.0
TD+UNC,9,train,95,13.0
TD+UNC,9,train,96,11.0
TD+UNC,9,train,97,13.0
TD+UNC,9,train,98,12.0
TD+UNC,9,train,99,11.0
TD+UNC,9,train,100,13.0
TD+UNC,9,train,101,13.0
TD+UNC,9,train,102,11.0
TD+UNC,9,train,103,11.0
TD+UNC,9,train,104,15.0
TD+UNC,9,train,105,11.0
TD+UNC,9,train,106,10.0
TD+UNC,9,train,107,9.0
TD+UNC,9,train,108,10.0
TD+UNC,9,train,109,13.0
TD+UNC,9,train,110,10.0
TD+UNC,9,train,111,12.0
TD+UNC,9,train,112,9.0
TD+UNC,9,train,113,11.0
TD+UNC,9,train,114,12.0
TD+UNC,9,train,115,9.0
TD+UNC,9,train,116,11.0
TD+UNC,9,train,117,18.0
TD+UNC,9,train,118,12.0
TD+UNC,9,train,119,11.0
TD+UNC,9,train,120,8.0
TD+UNC,9,train,121,15.0
TD+UNC,9,train,122,12.0
TD+UNC,9,train,123,9.0
TD+UNC,9,train,124,10.0
TD+UNC,9,train,125,9.0
TD+UNC,9,train,126,11.0
TD+UNC,9,train,127,12.0
TD+UNC,9,train,128,11.0
TD+UNC,9,train,129,9.0
TD+UNC,9,train,130,12.0
TD+UNC,9,train,131,11.0
TD+UNC,9,train,132,13.0
TD+UNC,9,train,133,9.0
TD+UNC,9,train,134,9.0
TD+UNC,9,train,135,11.0
TD+UNC,9,train,136,10.0
TD+UNC,9,train,137,12.0
TD+UNC,9,train,138,10.0
TD+UNC,9,train,139,9.0
TD+UNC,9,train,140,11.0
TD+UNC,9,train,141,10.0
TD+UNC,9,train,142,10.0
TD+UNC,9,train,143,8.0
TD+UNC,9,train,144,12.0
TD+UNC,9,train,145,11.0
TD+UNC,9,train,146,12.0
TD+UNC,9,train,147,13.0
TD+UNC,9,train,148,13.0
TD+UNC,9,train,149,10.0
TD+UNC,9,train,150,12.0
TD+UNC,9,train,151,11.0
TD+UNC,9,train,152,10.0
TD+UNC,9,train,153,11.0
TD+UNC,9,train,154,12.0
TD+UNC,9,train,155,15.0
TD+UNC,9,train,156,11.0
TD+UNC,9,train,157,10.0
TD+UNC,9,train,158,10.0
TD+UNC,9,train,159,10.0
TD+UNC,9,train,160,12.0
TD+UNC,9,train,161,11.0
TD+UNC,9,train,162,12.0
TD+UNC,9,train,163,12.0
TD+UNC,9,train,164,16.0
TD+UNC,9,train,165,10.0
TD+UNC,9,train,166,16.0
TD+UNC,9,train,167,10.0
TD+UNC,9,train,168,13.0
TD+UNC,9,train,169,15.0
TD+UNC,9,train,170,13.0
TD+UNC,9,train,171,10.0
TD+UNC,9,train,172,12.0
TD+UNC,9,train,173,14.0
TD+UNC,9,train,174,12.0
TD+UNC,9,train,175,13.0
TD+UNC,9,train,176,15.0
TD+UNC,9,train,177,13.0
TD+UNC,9,train,178,18.0
TD+UNC,9,train,179,13.0
TD+UNC,9,train,180,14.0
TD+UNC,9,train,181,14.0
TD+UNC,9,train,182,24.0
TD+UNC,9,train,183,21.0
TD+UNC,9,train,184,15.0
TD+UNC,9,train,185,15.0
TD+UNC,9,train,186,12.0
TD+UNC,9,train,187,16.0
TD+UNC,9,train,188,13.0
TD+UNC,9,train,189,20.0
TD+UNC,9,train,190,8.0
TD+UNC,9,train,191,23.0
TD+UNC,9,train,192,16.0
TD+UNC,9,train,193,10.0
TD+UNC,9,train,194,30.0
TD+UNC,9,train,195,19.0
TD+UNC,9,train,196,18.0
TD+UNC,9,train,197,10.0
TD+UNC,9,train,198,37.0
TD+UNC,9,train,199,11.0
TD+UNC,9,train,200,11.0
TD+UNC,9,train,201,9.0
TD+UNC,9,train,202,9.0
TD+UNC,9,train,203,11.0
TD+UNC,9,train,204,9.0
TD+UNC,9,train,205,8.0
TD+UNC,9,train,206,11.0
TD+UNC,9,train,207,9.0
TD+UNC,9,train,208,10.0
TD+UNC,9,train,209,12.0
TD+UNC,9,train,210,10.0
TD+UNC,9,train,211,12.0
TD+UNC,9,train,212,10.0
TD+UNC,9,train,213,10.0
TD+UNC,9,train,214,12.0
TD+UNC,9,train,215,10.0
TD+UNC,9,train,216,10.0
TD+UNC,9,train,217,11.0
TD+UNC,9,train,218,9.0
TD+UNC,9,train,219,9.0
TD+UNC,9,train,220,8.0
TD+UNC,9,train,221,11.0
TD+UNC,9,train,222,9.0
TD+UNC,9,train,223,9.0
TD+UNC,9,train,224,10.0
TD+UNC,9,train,225,13.0
TD+UNC,9,train,226,26.0
TD+UNC,9,train,227,12.0
TD+UNC,9,train,228,9.0
TD+UNC,9,train,229,14.0
TD+UNC,9,train,230,10.0
TD+UNC,9,train,231,10.0
TD+UNC,9,train,232,11.0
TD+UNC,9,train,233,10.0
TD+UNC,9,train,234,11.0
TD+UNC,9,train,235,12.0
TD+UNC,9,train,236,8.0
TD+UNC,9,train,237,10.0
TD+UNC,9,train,238,10.0
TD+UNC,9,train,239,10.0
TD+UNC,9,train,240,15.0
TD+UNC,9,train,241,10.0
TD+UNC,9,train,242,9.0
TD+UNC,9,train,243,10.0
TD+UNC,9,train,244,8.0
TD+UNC,9,train,245,10.0
TD+UNC,9,train,246,11.0
TD+UNC,9,train,247,11.0
TD+UNC,9,train,248,12.0
TD+UNC,9,train,249,10.0
TD+UNC,9,train,250,51.0
TD+UNC,9,train,251,13.0
TD+UNC,9,train,252,10.0
TD+UNC,9,train,253,12.0
TD+UNC,9,train,254,10.0
TD+UNC,9,train,255,9.0
TD+UNC,9,train,256,33.0
TD+UNC,9,train,257,12.0
TD+UNC,9,train,258,27.0
TD+UNC,9,train,259,28.0
TD+UNC,9,train,260,34.0
TD+UNC,9,train,261,43.0
TD+UNC,9,train,262,69.0
TD+UNC,9,train,263,35.0
TD+UNC,9,train,264,13.0
TD+UNC,9,train,265,22.0
TD+UNC,9,train,266,49.0
TD+UNC,9,train,267,80.0
TD+UNC,9,train,268,22.0
TD+UNC,9,train,269,9.0
TD+UNC,9,train,270,77.0
TD+UNC,9,train,271,29.0
TD+UNC,9,train,272,53.0
TD+UNC,9,train,273,82.0
TD+UNC,9,train,274,47.0
TD+UNC,9,train,275,122.0
TD+UNC,9,train,276,121.0
TD+UNC,9,train,277,35.0
TD+UNC,9,train,278,33.0
TD+UNC,9,train,279,56.0
TD+UNC,9,train,280,26.0
TD+UNC,9,train,281,55.0
TD+UNC,9,train,282,47.0
TD+UNC,9,train,283,70.0
TD+UNC,9,train,284,48.0
TD+UNC,9,train,285,187.0
TD+UNC,9,train,286,56.0
TD+UNC,9,train,287,40.0
TD+UNC,9,train,288,33.0
TD+UNC,9,train,289,49.0
TD+UNC,9,train,290,30.0
TD+UNC,9,train,291,31.0
TD+UNC,9,train,292,47.0
TD+UNC,9,train,293,67.0
TD+UNC,9,train,294,45.0
TD+UNC,9,train,295,41.0
TD+UNC,9,train,296,45.0
TD+UNC,9,train,297,36.0
TD+UNC,9,train,298,123.0
TD+UNC,9,train,299,90.0
TD+UNC,9,train,300,75.0
TD+UNC,9,train,301,70.0
TD+UNC,9,train,302,131.0
TD+UNC,9,train,303,38.0
TD+UNC,9,train,304,46.0
TD+UNC,9,train,305,39.0
TD+UNC,9,train,306,65.0
TD+UNC,9,train,307,48.0
TD+UNC,9,train,308,99.0
TD+UNC,9,train,309,103.0
TD+UNC,9,train,310,44.0
TD+UNC,9,train,311,36.0
TD+UNC,9,train,312,60.0
TD+UNC,9,train,313,45.0
TD+UNC,9,train,314,134.0
TD+UNC,9,train,315,75.0
TD+UNC,9,train,316,54.0
TD+UNC,9,train,317,92.0
TD+UNC,9,train,318,42.0
TD+UNC,9,train,319,83.0
TD+UNC,9,train,320,35.0
TD+UNC,9,train,321,76.0
TD+UNC,9,train,322,34.0
TD+UNC,9,train,323,45.0
TD+UNC,9,train,324,49.0
TD+UNC,9,train,325,23.0
TD+UNC,9,train,326,74.0
TD+UNC,9,train,327,66.0
TD+UNC,9,train,328,82.0
TD+UNC,9,train,329,39.0
TD+UNC,9,train,330,26.0
TD+UNC,9,train,331,38.0
TD+UNC,9,train,332,66.0
TD+UNC,9,train,333,225.0
TD+UNC,9,train,334,92.0
TD+UNC,9,train,335,78.0
TD+UNC,9,train,336,75.0
TD+UNC,9,train,337,47.0
TD+UNC,9,train,338,76.0
TD+UNC,9,train,339,61.0
TD+UNC,9,train,340,82.0
TD+UNC,9,train,341,52.0
TD+UNC,9,train,342,40.0
TD+UNC,9,train,343,82.0
TD+UNC,9,train,344,73.0
TD+UNC,9,train,345,67.0
TD+UNC,9,train,346,76.0
TD+UNC,9,train,347,57.0
TD+UNC,9,train,348,38.0
TD+UNC,9,train,349,90.0
TD+UNC,9,train,350,93.0
TD+UNC,9,train,351,88.0
TD+UNC,9,train,352,44.0
TD+UNC,9,train,353,84.0
TD+UNC,9,train,354,87.0
TD+UNC,9,train,355,61.0
TD+UNC,9,train,356,121.0
TD+UNC,9,train,357,46.0
TD+UNC,9,train,358,135.0
TD+UNC,9,train,359,103.0
TD+UNC,9,train,360,81.0
TD+UNC,9,train,361,100.0
TD+UNC,9,train,362,72.0
TD+UNC,9,train,363,51.0
TD+UNC,9,train,364,58.0
TD+UNC,9,train,365,98.0
TD+UNC,9,train,366,52.0
TD+UNC,9,train,367,37.0
TD+UNC,9,train,368,61.0
TD+UNC,9,train,369,24.0
TD+UNC,9,train,370,37.0
TD+UNC,9,train,371,47.0
TD+UNC,9,train,372,88.0
TD+UNC,9,train,373,119.0
TD+UNC,9,train,374,152.0
TD+UNC,9,train,375,85.0
TD+UNC,9,train,376,36.0
TD+UNC,9,train,377,90.0
TD+UNC,9,train,378,52.0
TD+UNC,9,train,379,108.0
TD+UNC,9,train,380,93.0
TD+UNC,9,train,381,146.0
TD+UNC,9,train,382,58.0
TD+UNC,9,train,383,85.0
TD+UNC,9,train,384,115.0
TD+UNC,9,train,385,75.0
TD+UNC,9,train,386,89.0
TD+UNC,9,train,387,89.0
TD+UNC,9,train,388,238.0
TD+UNC,9,train,389,59.0
TD+UNC,9,train,390,61.0
TD+UNC,9,train,391,83.0
TD+UNC,9,train,392,40.0
TD+UNC,9,train,393,41.0
TD+UNC,9,train,394,41.0
TD+UNC,9,train,395,82.0
TD+UNC,9,train,396,121.0
TD+UNC,9,train,397,180.0
TD+UNC,9,train,398,155.0
TD+UNC,9,train,399,81.0
TD+UNC,9,train,400,55.0
TD+UNC,9,train,401,82.0
TD+UNC,9,train,402,76.0
TD+UNC,9,train,403,69.0
TD+UNC,9,train,404,51.0
TD+UNC,9,train,405,61.0
TD+UNC,9,train,406,223.0
TD+UNC,9,train,407,77.0
TD+UNC,9,train,408,201.0
TD+UNC,9,train,409,141.0
TD+UNC,9,train,410,59.0
TD+UNC,9,train,411,156.0
TD+UNC,9,train,412,153.0
TD+UNC,9,train,413,116.0
TD+UNC,9,train,414,112.0
TD+UNC,9,train,415,72.0
TD+UNC,9,train,416,45.0
TD+UNC,9,train,417,46.0
TD+UNC,9,train,418,162.0
TD+UNC,9,train,419,103.0
TD+UNC,9,train,420,217.0
TD+UNC,9,train,421,101.0
TD+UNC,9,train,422,278.0
TD+UNC,9,train,423,121.0
TD+UNC,9,train,424,123.0
TD+UNC,9,train,425,115.0
TD+UNC,9,train,426,173.0
TD+UNC,9,train,427,49.0
TD+UNC,9,train,428,57.0
TD+UNC,9,train,429,210.0
TD+UNC,9,train,430,421.0
TD+UNC,9,train,431,132.0
TD+UNC,9,train,432,32.0
TD+UNC,9,train,433,110.0
TD+UNC,9,train,434,149.0
TD+UNC,9,train,435,162.0
TD+UNC,9,train,436,125.0
TD+UNC,9,train,437,149.0
TD+UNC,9,train,438,132.0
TD+UNC,9,train,439,127.0
TD+UNC,9,train,440,149.0
TD+UNC,9,train,441,500.0
TD+UNC,9,train,442,159.0
TD+UNC,9,train,443,317.0
TD+UNC,9,train,444,190.0
TD+UNC,9,train,445,143.0
TD+UNC,9,train,446,146.0
TD+UNC,9,train,447,161.0
TD+UNC,9,train,448,156.0
TD+UNC,9,train,449,167.0
TD+UNC,9,train,450,179.0
TD+UNC,9,train,451,317.0
TD+UNC,9,train,452,232.0
TD+UNC,9,train,453,405.0
TD+UNC,9,train,454,298.0
TD+UNC,9,train,455,296.0
TD+UNC,9,train,456,339.0
TD+UNC,9,train,457,200.0
TD+UNC,9,train,458,500.0
TD+UNC,9,train,459,228.0
TD+UNC,9,train,460,306.0
TD+UNC,9,train,461,230.0
TD+UNC,9,train,462,347.0
TD+UNC,9,train,463,310.0
TD+UNC,9,train,464,323.0
TD+UNC,9,train,465,500.0
TD+UNC,9,train,466,218.0
TD+UNC,9,train,467,231.0
TD+UNC,9,train,468,240.0
TD+UNC,9,train,469,222.0
TD+UNC,9,train,470,289.0
TD+UNC,9,train,471,228.0
TD+UNC,9,train,472,341.0
TD+UNC,9,train,473,346.0
TD+UNC,9,train,474,321.0
TD+UNC,9,train,475,252.0
TD+UNC,9,train,476,202.0
TD+UNC,9,train,477,500.0
TD+UNC,9,train,478,430.0
TD+UNC,9,train,479,284.0
TD+UNC,9,train,480,260.0
TD+UNC,9,train,481,268.0
TD+UNC,9,train,482,329.0
TD+UNC,9,train,483,307.0
TD+UNC,9,train,484,500.0
TD+UNC,9,train,485,370.0
TD+UNC,9,train,486,316.0
TD+UNC,9,train,487,439.0
TD+UNC,9,train,488,254.0
TD+UNC,9,train,489,489.0
TD+UNC,9,train,490,316.0
TD+UNC,9,train,491,332.0
TD+UNC,9,train,492,215.0
TD+UNC,9,train,493,500.0
TD+UNC,9,train,494,475.0
TD+UNC,9,train,495,230.0
TD+UNC,9,train,496,244.0
TD+UNC,9,train,497,500.0
TD+UNC,9,train,498,242.0
TD+UNC,9,train,499,357.0
TD+UNC,9,train,500,381.0
TD+UNC,0,eval,25,9.6
TD+UNC,0,eval,50,9.0
TD+UNC,0,eval,75,8.6
TD+UNC,0,eval,100,9.6
TD+UNC,0,eval,125,10.2
TD+UNC,0,eval,150,12.8
TD+UNC,0,eval,175,13.0
TD+UNC,0,eval,200,28.8
TD+UNC,0,eval,225,33.8
TD+UNC,0,eval,250,51.6
TD+UNC,0,eval,275,36.2
TD+UNC,0,eval,300,74.6
TD+UNC,0,eval,325,89.6
TD+UNC,0,eval,350,67.6
TD+UNC,0,eval,375,177.8
TD+UNC,0,eval,400,269.6
TD+UNC,0,eval,425,414.8
TD+UNC,0,eval,450,263.4
TD+UNC,0,eval,475,241.6
TD+UNC,0,eval,500,418.8
TD+UNC,1,eval,25,9.4
TD+UNC,1,eval,50,8.8
TD+UNC,1,eval,75,9.2
TD+UNC,1,eval,100,9.6
TD+UNC,1,eval,125,10.6
TD+UNC,1,eval,150,9.0
TD+UNC,1,eval,175,10.2
TD+UNC,1,eval,200,25.8
TD+UNC,1,eval,225,9.8
TD+UNC,1,eval,250,11.6
TD+UNC,1,eval,275,22.8
TD+UNC,1,eval,300,36.0
TD+UNC,1,eval,325,64.0
TD+UNC,1,eval,350,78.6
TD+UNC,1,eval,375,125.8
TD+UNC,1,eval,400,99.6
TD+UNC,1,eval,425,284.0
TD+UNC,1,eval,450,397.4
TD+UNC,1,eval,475,399.8
TD+UNC,1,eval,500,446.0
TD+UNC,2,eval,25,10.2
TD+UNC,2,eval,50,8.8
TD+UNC,2,eval,75,9.0
TD+UNC,2,eval,100,9.8
TD+UNC,2,eval,125,9.8
TD+UNC,2,eval,150,11.6
TD+UNC,2,eval,175,13.6
TD+UNC,2,eval,200,11.0
TD+UNC,2,eval,225,12.0
TD+UNC,2,eval,250,19.0
TD+UNC,2,eval,275,32.6
TD+UNC,2,eval,300,76.4
TD+UNC,2,eval,325,79.8
TD+UNC,2,eval,350,52.8
TD+UNC,2,eval,375,41.4
TD+UNC,2,eval,400,85.2
TD+UNC,2,eval,425,59.6
TD+UNC,2,eval,450,111.6
TD+UNC,2,eval,475,178.2
TD+UNC,2,eval,500,341.0
TD+UNC,3,eval,25,9.6
TD+UNC,3,eval,50,8.8
TD+UNC,3,eval,75,9.4
TD+UNC,3,eval,100,9.4
TD+UNC,3,eval,125,9.6
TD+UNC,3,eval,150,9.0
TD+UNC,3,eval,175,9.4
TD+UNC,3,eval,200,12.8
TD+UNC,3,eval,225,70.8
TD+UNC,3,eval,250,18.6
TD+UNC,3,eval,275,24.0
TD+UNC,3,eval,300,37.2
TD+UNC,3,eval,325,48.0
TD+UNC,3,eval,350,49.8
TD+UNC,3,eval,375,118.2
TD+UNC,3,eval,400,278.0
TD+UNC,3,eval,425,136.0
TD+UNC,3,eval,450,98.4
TD+UNC,3,eval,475,52.0
TD+UNC,3,eval,500,65.2
TD+UNC,4,eval,25,9.2
TD+UNC,4,eval,50,9.2
TD+UNC,4,eval,75,10.0
TD+UNC,4,eval,100,10.4
TD+UNC,4,eval,125,13.4
TD+UNC,4,eval,150,69.2
TD+UNC,4,eval,175,15.0
TD+UNC,4,eval,200,16.8
TD+UNC,4,eval,225,64.4
TD+UNC,4,eval,250,60.8
TD+UNC,4,eval,275,83.8
TD+UNC,4,eval,300,137.2
TD+UNC,4,eval,325,58.0
TD+UNC,4,eval,350,94.4
TD+UNC,4,eval,375,421.6
TD+UNC,4,eval,400,427.2
TD+UNC,4,eval,425,161.0
TD+UNC,4,eval,450,144.2
TD+UNC,4,eval,475,218.0
TD+UNC,4,eval,500,182.8
TD+UNC,5,eval,25,9.2
TD+UNC,5,eval,50,9.2
TD+UNC,5,eval,75,9.8
TD+UNC,5,eval,100,10.0
TD+UNC,5,eval,125,11.0
TD+UNC,5,eval,150,17.0
TD+UNC,5,eval,175,11.0
TD+UNC,5,eval,200,9.0
TD+UNC,5,eval,225,10.0
TD+UNC,5,eval,250,24.0
TD+UNC,5,eval,275,41.2
TD+UNC,5,eval,300,81.2
TD+UNC,5,eval,325,99.6
TD+UNC,5,eval,350,105.4
TD+UNC,5,eval,375,59.6
TD+UNC,5,eval,400,127.8
TD+UNC,5,eval,425,180.8
TD+UNC,5,eval,450,356.0
TD+UNC,5,eval,475,319.0
TD+UNC,5,eval,500,409.8
TD+UNC,6,eval,25,11.0
TD+UNC,6,eval,50,9.6
TD+UNC,6,eval,75,16.0
TD+UNC,6,eval,100,12.6
TD+UNC,6,eval,125,16.2
TD+UNC,6,eval,150,17.4
TD+UNC,6,eval,175,53.2
TD+UNC,6,eval,200,97.2
TD+UNC,6,eval,225,75.2
TD+UNC,6,eval,250,86.2
TD+UNC,6,eval,275,162.8
TD+UNC,6,eval,300,356.0
TD+UNC,6,eval,325,316.4
TD+UNC,6,eval,350,321.2
TD+UNC,6,eval,375,365.4
TD+UNC,6,eval,400,380.6
TD+UNC,6,eval,425,394.4
TD+UNC,6,eval,450,464.8
TD+UNC,6,eval,475,420.0
TD+UNC,6,eval,500,468.0
TD+UNC,7,eval,25,62.2
TD+UNC,7,eval,50,9.6
TD+UNC,7,eval,75,9.0
TD+UNC,7,eval,100,10.0
TD+UNC,7,eval,125,14.6
TD+UNC,7,eval,150,13.4
TD+UNC,7,eval,175,9.8
TD+UNC,7,eval,200,28.8
TD+UNC,7,eval,225,17.8
TD+UNC,7,eval,250,29.0
TD+UNC,7,eval,275,34.4
TD+UNC,7,eval,300,35.4
TD+UNC,7,eval,325,94.4
TD+UNC,7,eval,350,153.0
TD+UNC,7,eval,375,48.4
TD+UNC,7,eval,400,81.8
TD+UNC,7,eval,425,123.8
TD+UNC,7,eval,450,470.0
TD+UNC,7,eval,475,385.0
TD+UNC,7,eval,500,223.4
TD+UNC,8,eval,25,9.2
TD+UNC,8,eval,50,9.6
TD+UNC,8,eval,75,9.0
TD+UNC,8,eval,100,9.8
TD+UNC,8,eval,125,11.0
TD+UNC,8,eval,150,12.6
TD+UNC,8,eval,175,10.0
TD+UNC,8,eval,200,9.8
TD+UNC,8,eval,225,19.6
TD+UNC,8,eval,250,60.2
TD+UNC,8,eval,275,71.8
TD+UNC,8,eval,300,62.6
TD+UNC,8,eval,325,30.4
TD+UNC,8,eval,350,43.0
TD+UNC,8,eval,375,44.6
TD+UNC,8,eval,400,63.4
TD+UNC,8,eval,425,99.4
TD+UNC,8,eval,450,98.6
TD+UNC,8,eval,475,486.2
TD+UNC,8,eval,500,293.0
TD+UNC,9,eval,25,8.4
TD+UNC,9,eval,50,9.2
TD+UNC,9,eval,75,9.8
TD+UNC,9,eval,100,9.0
TD+UNC,9,eval,125,9.6
TD+UNC,9,eval,150,12.0
TD+UNC,9,eval,175,14.4
TD+UNC,9,eval,200,9.4
TD+UNC,9,eval,225,21.6
TD+UNC,9,eval,250,9.4
TD+UNC,9,eval,275,54.8
TD+UNC,9,eval,300,59.2
TD+UNC,9,eval,325,89.4
TD+UNC,9,eval,350,50.0
TD+UNC,9,eval,375,83.8
TD+UNC,9,eval,400,72.6
TD+UNC,9,eval,425,143.8
TD+UNC,9,eval,450,246.8
TD+UNC,9,eval,475,380.8
TD+UNC,9,eval,500,355.2
FULL,0,train,1,11.0
FULL,0,train,2,20.0
FULL,0,train,3,26.0
FULL,0,train,4,10.0
FULL,0,train,5,27.0
FULL,0,train,6,16.0
FULL,0,train,7,13.0
FULL,0,train,8,20.0
FULL,0,train,9,22.0
FULL,0,train,10,11.0
FULL,0,train,11,24.0
FULL,0,train,12,12.0
FULL,0,train,13,15.0
FULL,0,train,14,19.0
FULL,0,train,15,13.0
FULL,0,train,16,9.0
FULL,0,train,17,10.0
FULL,0,train,18,10.0
FULL,0,train,19,10.0
FULL,0,train,20,15.0
FULL,0,train,21,25.0
FULL,0,train,22,13.0
FULL,0,train,23,23.0
FULL,0,train,24,11.0
FULL,0,train,25,12.0
FULL,0,train,26,8.0
FULL,0,train,27,11.0
FULL,0,train,28,13.0
FULL,0,train,29,13.0
FULL,0,train,30,9.0
FULL,0,train,31,12.0
FULL,0,train,32,9.0
FULL,0,train,33,17.0
FULL,0,train,34,9.0
FULL,0,train,35,11.0
FULL,0,train,36,11.0
FULL,0,train,37,10.0
FULL,0,train,38,12.0
FULL,0,train,39,8.0
FULL,0,train,40,10.0
FULL,0,train,41,12.0
FULL,0,train,42,10.0
FULL,0,train,43,11.0
FULL,0,train,44,11.0
FULL,0,train,45,10.0
FULL,0,train,46,9.0
FULL,0,train,47,11.0
FULL,0,train,48,10.0
FULL,0,train,49,10.0
FULL,0,train,50,10.0
FULL,0,train,51,12.0
FULL,0,train,52,10.0
FULL,0,train,53,10.0
FULL,0,train,54,14.0
FULL,0,train,55,10.0
FULL,0,train,56,14.0
FULL,0,train,57,17.0
FULL,0,train,58,10.0
FULL,0,train,59,9.0
FULL,0,train,60,13.0
FULL,0,train,61,10.0
FULL,0,train,62,14.0
FULL,0,train,63,9.0
FULL,0,train,64,10.0
FULL,0,train,65,9.0
FULL,0,train,66,8.0
FULL,0,train,67,11.0
FULL,0,train,68,12.0
FULL,0,train,69,12.0
FULL,0,train,70,11.0
FULL,0,train,71,10.0
FULL,0,train,72,12.0
FULL,0,train,73,9.0
FULL,0,train,74,10.0
FULL,0,train,75,10.0
FULL,0,train,76,11.0
FULL,0,train,77,10.0
FULL,0,train,78,11.0
FULL,0,train,79,12.0
FULL,0,train,80,9.0
FULL,0,train,81,8.0
FULL,0,train,82,11.0
FULL,0,train,83,10.0
FULL,0,train,84,9.0
FULL,0,train,85,11.0
FULL,0,train,86,10.0
FULL,0,train,87,10.0
FULL,0,train,88,9.0
FULL,0,train,89,9.0
FULL,0,train,90,11.0
FULL,0,train,91,10.0
FULL,0,train,92,11.0
FULL,0,train,93,11.0
FULL,0,train,94,14.0
FULL,0,train,95,10.0
FULL,0,train,96,10.0
FULL,0,train,97,10.0
FULL,0,train,98,8.0
FULL,0,train,99,9.0
FULL,0,train,100,12.0
FULL,0,train,101,10.0
FULL,0,train,102,11.0
FULL,0,train,103,10.0
FULL,0,train,104,11.0
FULL,0,train,105,8.0
FULL,0,train,106,10.0
FULL,0,train,107,12.0
FULL,0,train,108,8.0
FULL,0,train,109,13.0
FULL,0,train,110,13.0
FULL,0,train,111,15.0
FULL,0,train,112,10.0
FULL,0,train,113,9.0
FULL,0,train,114,12.0
FULL,0,train,115,11.0
FULL,0,train,116,13.0
FULL,0,train,117,10.0
FULL,0,train,118,11.0
FULL,0,train,119,13.0
FULL,0,train,120,12.0
FULL,0,train,121,13.0
FULL,0,train,122,11.0
FULL,0,train,123,9.0
FULL,0,train,124,12.0
FULL,0,train,125,10.0
FULL,0,train,126,12.0
FULL,0,train,127,12.0
FULL,0,train,128,9.0
FULL,0,train,129,13.0
FULL,0,train,130,9.0
FULL,0,train,131,11.0
FULL,0,train,132,10.0
FULL,0,train,133,11.0
FULL,0,train,134,19.0
FULL,0,train,135,14.0
FULL,0,train,136,10.0
FULL,0,train,137,10.0
FULL,0,train,138,17.0
FULL,0,train,139,9.0
FULL,0,train,140,15.0
FULL,0,train,141,9.0
FULL,0,train,142,14.0
FULL,0,train,143,11.0
FULL,0,train,144,10.0
FULL,0,train,145,15.0
FULL,0,train,146,11.0
FULL,0,train,147,13.0
FULL,0,train,148,13.0
FULL,0,train,149,12.0
FULL,0,train,150,14.0
FULL,0,train,151,16.0
FULL,0,train,152,12.0
FULL,0,train,153,11.0
FULL,0,train,154,13.0
FULL,0,train,155,13.0
FULL,0,train,156,10.0
FULL,0,train,157,11.0
FULL,0,train,158,14.0
FULL,0,train,159,11.0
FULL,0,train,160,11.0
FULL,0,train,161,11.0
FULL,0,train,162,12.0
FULL,0,train,163,13.0
FULL,0,train,164,12.0
FULL,0,train,165,16.0
FULL,0,train,166,12.0
FULL,0,train,167,12.0
FULL,0,train,168,13.0
FULL,0,train,169,11.0
FULL,0,train,170,12.0
FULL,0,train,171,13.0
FULL,0,train,172,13.0
FULL,0,train,173,12.0
FULL,0,train,174,15.0
FULL,0,train,175,10.0
FULL,0,train,176,23.0
FULL,0,train,177,13.0
FULL,0,train,178,12.0
FULL,0,train,179,17.0
FULL,0,train,180,15.0
FULL,0,train,181,14.0
FULL,0,train,182,12.0
FULL,0,train,183,14.0
FULL,0,train,184,17.0
FULL,0,train,185,12.0
FULL,0,train,186,15.0
FULL,0,train,187,26.0
FULL,0,train,188,90.0
FULL,0,train,189,16.0
FULL,0,train,190,21.0
FULL,0,train,191,20.0
FULL,0,train,192,16.0
FULL,0,train,193,23.0
FULL,0,train,194,18.0
FULL,0,train,195,22.0
FULL,0,train,196,91.0
FULL,0,train,197,18.0
FULL,0,train,198,13.0
FULL,0,train,199,15.0
FULL,0,train,200,14.0
FULL,0,train,201,22.0
FULL,0,train,202,20.0
FULL,0,train,203,17.0
FULL,0,train,204,25.0
FULL,0,train,205,22.0
FULL,0,train,206,31.0
FULL,0,train,207,19.0
FULL,0,train,208,21.0
FULL,0,train,209,25.0
FULL,0,train,210,32.0
FULL,0,train,211,30.0
FULL,0,train,212,36.0
FULL,0,train,213,17.0
FULL,0,train,214,17.0
FULL,0,train,215,30.0
FULL,0,train,216,49.0
FULL,0,train,217,19.0
FULL,0,train,218,19.0
FULL,0,train,219,34.0
FULL,0,train,220,24.0
FULL,0,train,221,26.0
FULL,0,train,222,27.0
FULL,0,train,223,25.0
FULL,0,train,224,67.0
FULL,0,train,225,24.0
FULL,0,train,226,31.0
FULL,0,train,227,28.0
FULL,0,train,228,25.0
FULL,0,train,229,32.0
FULL,0,train,230,38.0
FULL,0,train,231,134.0
FULL,0,train,232,38.0
FULL,0,train,233,23.0
FULL,0,train,234,32.0
FULL,0,train,235,38.0
FULL,0,train,236,110.0
FULL,0,train,237,32.0
FULL,0,train,238,43.0
FULL,0,train,239,39.0
FULL,0,train,240,23.0
FULL,0,train,241,93.0
FULL,0,train,242,56.0
FULL,0,train,243,27.0
FULL,0,train,244,66.0
FULL,0,train,245,58.0
FULL,0,train,246,70.0
FULL,0,train,247,71.0
FULL,0,train,248,49.0
FULL,0,train,249,48.0
FULL,0,train,250,55.0
FULL,0,train,251,104.0
FULL,0,train,252,59.0
FULL,0,train,253,72.0
FULL,0,train,254,25.0
FULL,0,train,255,92.0
FULL,0,train,256,26.0
FULL,0,train,257,58.0
FULL,0,train,258,51.0
FULL,0,train,259,55.0
FULL,0,train,260,35.0
FULL,0,train,261,67.0
FULL,0,train,262,30.0
FULL,0,train,263,72.0
FULL,0,train,264,63.0
FULL,0,train,265,107.0
FULL,0,train,266,97.0
FULL,0,train,267,53.0
FULL,0,train,268,95.0
FULL,0,train,269,56.0
FULL,0,train,270,58.0
FULL,0,train,271,42.0
FULL,0,train,272,24.0
FULL,0,train,273,38.0
FULL,0,train,274,45.0
FULL,0,train,275,40.0
FULL,0,train,276,48.0
FULL,0,train,277,61.0
FULL,0,train,278,133.0
FULL,0,train,279,55.0
FULL,0,train,280,32.0
FULL,0,train,281,95.0
FULL,0,train,282,24.0
FULL,0,train,283,61.0
FULL,0,train,284,31.0
FULL,0,train,285,25.0
FULL,0,train,286,122.0
FULL,0,train,287,65.0
FULL,0,train,288,70.0
FULL,0,train,289,42.0
FULL,0,train,290,43.0
FULL,0,train,291,68.0
FULL,0,train,292,75.0
FULL,0,train,293,72.0
FULL,0,train,294,37.0
FULL,0,train,295,24.0
FULL,0,train,296,46.0
FULL,0,train,297,46.0
FULL,0,train,298,37.0
FULL,0,train,299,84.0
FULL,0,train,300,57.0
FULL,0,train,301,43.0
FULL,0,train,302,28.0
FULL,0,train,303,31.0
FULL,0,train,304,45.0
FULL,0,train,305,72.0
FULL,0,train,306,78.0
FULL,0,train,307,27.0
FULL,0,train,308,31.0
FULL,0,train,309,36.0
FULL,0,train,310,25.0
FULL,0,train,311,46.0
FULL,0,train,312,45.0
FULL,0,train,313,100.0
FULL,0,train,314,35.0
FULL,0,train,315,68.0
FULL,0,train,316,26.0
FULL,0,train,317,78.0
FULL,0,train,318,59.0
FULL,0,train,319,77.0
FULL,0,train,320,58.0
FULL,0,train,321,46.0
FULL,0,train,322,68.0
FULL,0,train,323,28.0
FULL,0,train,324,53.0
FULL,0,train,325,44.0
FULL,0,train,326,65.0
FULL,0,train,327,71.0
FULL,0,train,328,90.0
FULL,0,train,329,51.0
FULL,0,train,330,24.0
FULL,0,train,331,80.0
FULL,0,train,332,72.0
FULL,0,train,333,38.0
FULL,0,train,334,62.0
FULL,0,train,335,80.0
FULL,0,train,336,59.0
FULL,0,train,337,31.0
FULL,0,train,338,42.0
FULL,0,train,339,33.0
FULL,0,train,340,50.0
FULL,0,train,341,72.0
FULL,0,train,342,92.0
FULL,0,train,343,278.0
FULL,0,train,344,33.0
FULL,0,train,345,27.0
FULL,0,train,346,84.0
FULL,0,train,347,74.0
FULL,0,train,348,149.0
FULL,0,train,349,58.0
FULL,0,train,350,56.0
FULL,0,train,351,125.0
FULL,0,train,352,114.0
FULL,0,train,353,74.0
FULL,0,train,354,65.0
FULL,0,train,355,112.0
FULL,0,train,356,46.0
FULL,0,train,357,77.0
FULL,0,train,358,76.0
FULL,0,train,359,117.0
FULL,0,train,360,37.0
FULL,0,train,361,86.0
FULL,0,train,362,137.0
FULL,0,train,363,55.0
FULL,0,train,364,121.0
FULL,0,train,365,41.0
FULL,0,train,366,67.0
FULL,0,train,367,40.0
FULL,0,train,368,34.0
FULL,0,train,369,30.0
FULL,0,train,370,88.0
FULL,0,train,371,49.0
FULL,0,train,372,71.0
FULL,0,train,373,49.0
FULL,0,train,374,68.0
FULL,0,train,375,65.0
FULL,0,train,376,53.0
FULL,0,train,377,135.0
FULL,0,train,378,142.0
FULL,0,train,379,79.0
FULL,0,train,380,107.0
FULL,0,train,381,14.0
FULL,0,train,382,36.0
FULL,0,train,383,88.0
FULL,0,train,384,122.0
FULL,0,train,385,99.0
FULL,0,train,386,73.0
FULL,0,train,387,57.0
FULL,0,train,388,62.0
FULL,0,train,389,49.0
FULL,0,train,390,99.0
FULL,0,train,391,47.0
FULL,0,train,392,36.0
FULL,0,train,393,139.0
FULL,0,train,394,35.0
FULL,0,train,395,40.0
FULL,0,train,396,42.0
FULL,0,train,397,118.0
FULL,0,train,398,121.0
FULL,0,train,399,59.0
FULL,0,train,400,48.0
FULL,0,train,401,173.0
FULL,0,train,402,70.0
FULL,0,train,403,134.0
FULL,0,train,404,188.0
FULL,0,train,405,57.0
FULL,0,train,406,142.0
FULL,0,train,407,100.0
FULL,0,train,408,136.0
FULL,0,train,409,170.0
FULL,0,train,410,71.0
FULL,0,train,411,115.0
FULL,0,train,412,291.0
FULL,0,train,413,121.0
FULL,0,train,414,127.0
FULL,0,train,415,158.0
FULL,0,train,416,153.0
FULL,0,train,417,125.0
FULL,0,train,418,219.0
FULL,0,train,419,168.0
FULL,0,train,420,144.0
FULL,0,train,421,176.0
FULL,0,train,422,157.0
FULL,0,train,423,170.0
FULL,0,train,424,175.0
FULL,0,train,425,193.0
FULL,0,train,426,156.0
FULL,0,train,427,275.0
FULL,0,train,428,150.0
FULL,0,train,429,354.0
FULL,0,train,430,188.0
FULL,0,train,431,217.0
FULL,0,train,432,206.0
FULL,0,train,433,265.0
FULL,0,train,434,279.0
FULL,0,train,435,251.0
FULL,0,train,436,255.0
FULL,0,train,437,268.0
FULL,0,train,438,268.0
FULL,0,train,439,207.0
FULL,0,train,440,245.0
FULL,0,train,441,284.0
FULL,0,train,442,426.0
FULL,0,train,443,196.0
FULL,0,train,444,188.0
FULL,0,train,445,500.0
FULL,0,train,446,500.0
FULL,0,train,447,237.0
FULL,0,train,448,236.0
FULL,0,train,449,250.0
FULL,0,train,450,324.0
FULL,0,train,451,362.0
FULL,0,train,452,309.0
FULL,0,train,453,215.0
FULL,0,train,454,254.0
FULL,0,train,455,219.0
FULL,0,train,456,208.0
FULL,0,train,457,441.0
FULL,0,train,458,178.0
FULL,0,train,459,280.0
FULL,0,train,460,190.0
FULL,0,train,461,218.0
FULL,0,train,462,194.0
FULL,0,train,463,500.0
FULL,0,train,464,488.0
FULL,0,train,465,178.0
FULL,0,train,466,481.0
FULL,0,train,467,170.0
FULL,0,train,468,365.0
FULL,0,train,469,252.0
FULL,0,train,470,325.0
FULL,0,train,471,279.0
FULL,0,train,472,214.0
FULL,0,train,473,197.0
FULL,0,train,474,163.0
FULL,0,train,475,262.0
FULL,0,train,476,193.0
FULL,0,train,477,227.0
FULL,0,train,478,190.0
FULL,0,train,479,267.0
FULL,0,train,480,217.0
FULL,0,train,481,206.0
FULL,0,train,482,171.0
FULL,0,train,483,170.0
FULL,0,train,484,163.0
FULL,0,train,485,216.0
FULL,0,train,486,163.0
FULL,0,train,487,190.0
FULL,0,train,488,230.0
FULL,0,train,489,131.0
FULL,0,train,490,181.0
FULL,0,train,491,195.0
FULL,0,train,492,185.0
FULL,0,train,493,166.0
FULL,0,train,494,136.0
FULL,0,train,495,147.0
FULL,0,train,496,134.0
FULL,0,train,497,177.0
FULL,0,train,498,185.0
FULL,0,train,499,142.0
FULL,0,train,500,171.0
FULL,1,train,1,19.0
FULL,1,train,2,22.0
FULL,1,train,3,11.0
FULL,1,train,4,17.0
FULL,1,train,5,58.0
FULL,1,train,6,28.0
FULL,1,train,7,19.0
FULL,1,train,8,15.0
FULL,1,train,9,26.0
FULL,1,train,10,9.0
FULL,1,train,11,18.0
FULL,1,train,12,19.0
FULL,1,train,13,13.0
FULL,1,train,14,11.0
FULL,1,train,15,21.0
FULL,1,train,16,39.0
FULL,1,train,17,32.0
FULL,1,train,18,13.0
FULL,1,train,19,17.0
FULL,1,train,20,9.0
FULL,1,train,21,12.0
FULL,1,train,22,16.0
FULL,1,train,23,11.0
FULL,1,train,24,19.0
FULL,1,train,25,13.0
FULL,1,train,26,12.0
FULL,1,train,27,9.0
FULL,1,train,28,10.0
FULL,1,train,29,27.0
FULL,1,train,30,16.0
FULL,1,train,31,14.0
FULL,1,train,32,9.0
FULL,1,train,33,10.0
FULL,1,train,34,10.0
FULL,1,train,35,8.0
FULL,1,train,36,12.0
FULL,1,train,37,14.0
FULL,1,train,38,10.0
FULL,1,train,39,17.0
FULL,1,train,40,14.0
FULL,1,train,41,10.0
FULL,1,train,42,14.0
FULL,1,train,43,10.0
FULL,1,train,44,9.0
FULL,1,train,45,12.0
FULL,1,train,46,10.0
FULL,1,train,47,11.0
FULL,1,train,48,19.0
FULL,1,train,49,9.0
FULL,1,train,50,10.0
FULL,1,train,51,11.0
FULL,1,train,52,10.0
FULL,1,train,53,14.0
FULL,1,train,54,12.0
FULL,1,train,55,8.0
FULL,1,train,56,9.0
FULL,1,train,57,11.0
FULL,1,train,58,20.0
FULL,1,train,59,10.0
FULL,1,train,60,10.0
FULL,1,train,61,15.0
FULL,1,train,62,10.0
FULL,1,train,63,10.0
FULL,1,train,64,10.0
FULL,1,train,65,12.0
FULL,1,train,66,14.0
FULL,1,train,67,9.0
FULL,1,train,68,8.0
FULL,1,train,69,10.0
FULL,1,train,70,9.0
FULL,1,train,71,11.0
FULL,1,train,72,14.0
FULL,1,train,73,9.0
FULL,1,train,74,10.0
FULL,1,train,75,9.0
FULL,1,train,76,15.0
FULL,1,train,77,9.0
FULL,1,train,78,9.0
FULL,1,train,79,12.0
FULL,1,train,80,8.0
FULL,1,train,81,16.0
FULL,1,train,82,11.0
FULL,1,train,83,11.0
FULL,1,train,84,9.0
FULL,1,train,85,10.0
FULL,1,train,86,13.0
FULL,1,train,87,9.0
FULL,1,train,88,10.0
FULL,1,train,89,12.0
FULL,1,train,90,9.0
FULL,1,train,91,10.0
FULL,1,train,92,11.0
FULL,1,train,93,9.0
FULL,1,train,94,11.0
FULL,1,train,95,12.0
FULL,1,train,96,9.0
FULL,1,train,97,14.0
FULL,1,train,98,9.0
FULL,1,train,99,14.0
FULL,1,train,100,11.0
FULL,1,train,101,9.0
FULL,1,train,102,11.0
FULL,1,train,103,11.0
FULL,1,train,104,12.0
FULL,1,train,105,12.0
FULL,1,train,106,11.0
FULL,1,train,107,14.0
FULL,1,train,108,12.0
FULL,1,train,109,11.0
FULL,1,train,110,13.0
FULL,1,train,111,11.0
FULL,1,train,112,12.0
FULL,1,train,113,11.0
FULL,1,train,114,10.0
FULL,1,train,115,8.0
FULL,1,train,116,10.0
FULL,1,train,117,12.0
FULL,1,train,118,9.0
FULL,1,train,119,12.0
FULL,1,train,120,9.0
FULL,1,train,121,13.0
FULL,1,train,122,13.0
FULL,1,train,123,9.0
FULL,1,train,124,12.0
FULL,1,train,125,11.0
FULL,1,train,126,15.0
FULL,1,train,127,12.0
FULL,1,train,128,13.0
FULL,1,train,129,11.0
FULL,1,train,130,13.0
FULL,1,train,131,9.0
FULL,1,train,132,11.0
FULL,1,train,133,11.0
FULL,1,train,134,10.0
FULL,1,train,135,8.0
FULL,1,train,136,13.0
FULL,1,train,137,13.0
FULL,1,train,138,16.0
FULL,1,train,139,12.0
FULL,1,train,140,17.0
FULL,1,train,141,16.0
FULL,1,train,142,13.0
FULL,1,train,143,13.0
FULL,1,train,144,12.0
FULL,1,train,145,14.0
FULL,1,train,146,10.0
FULL,1,train,147,10.0
FULL,1,train,148,12.0
FULL,1,train,149,10.0
FULL,1,train,150,11.0
FULL,1,train,151,12.0
FULL,1,train,152,15.0
FULL,1,train,153,15.0
FULL,1,train,154,14.0
FULL,1,train,155,8.0
FULL,1,train,156,13.0
FULL,1,train,157,13.0
FULL,1,train,158,9.0
FULL,1,train,159,9.0
FULL,1,train,160,9.0
FULL,1,train,161,10.0
FULL,1,train,162,13.0
FULL,1,train,163,16.0
FULL,1,train,164,10.0
FULL,1,train,165,14.0
FULL,1,train,166,12.0
FULL,1,train,167,12.0
FULL,1,train,168,11.0
FULL,1,train,169,10.0
FULL,1,train,170,9.0
FULL,1,train,171,10.0
FULL,1,train,172,9.0
FULL,1,train,173,12.0
FULL,1,train,174,9.0
FULL,1,train,175,11.0
FULL,1,train,176,10.0
FULL,1,train,177,20.0
FULL,1,train,178,15.0
FULL,1,train,179,11.0
FULL,1,train,180,15.0
FULL,1,train,181,9.0
FULL,1,train,182,12.0
FULL,1,train,183,12.0
FULL,1,train,184,9.0
FULL,1,train,185,10.0
FULL,1,train,186,14.0
FULL,1,train,187,44.0
FULL,1,train,188,19.0
FULL,1,train,189,12.0
FULL,1,train,190,18.0
FULL,1,train,191,8.0
FULL,1,train,192,10.0
FULL,1,train,193,9.0
FULL,1,train,194,10.0
FULL,1,train,195,12.0
FULL,1,train,196,15.0
FULL,1,train,197,11.0
FULL,1,train,198,8.0
FULL,1,train,199,18.0
FULL,1,train,200,12.0
FULL,1,train,201,23.0
FULL,1,train,202,55.0
FULL,1,train,203,10.0
FULL,1,train,204,11.0
FULL,1,train,205,10.0
FULL,1,train,206,31.0
FULL,1,train,207,10.0
FULL,1,train,208,11.0
FULL,1,train,209,11.0
FULL,1,train,210,12.0
FULL,1,train,211,12.0
FULL,1,train,212,15.0
FULL,1,train,213,8.0
FULL,1,train,214,11.0
FULL,1,train,215,9.0
FULL,1,train,216,24.0
FULL,1,train,217,11.0
FULL,1,train,218,11.0
FULL,1,train,219,25.0
FULL,1,train,220,10.0
FULL,1,train,221,13.0
FULL,1,train,222,12.0
FULL,1,train,223,11.0
FULL,1,train,224,16.0
FULL,1,train,225,13.0
FULL,1,train,226,10.0
FULL,1,train,227,9.0
FULL,1,train,228,11.0
FULL,1,train,229,11.0
FULL,1,train,230,9.0
FULL,1,train,231,9.0
FULL,1,train,232,12.0
FULL,1,train,233,9.0
FULL,1,train,234,12.0
FULL,1,train,235,14.0
FULL,1,train,236,12.0
FULL,1,train,237,16.0
FULL,1,train,238,12.0
FULL,1,train,239,10.0
FULL,1,train,240,18.0
FULL,1,train,241,15.0
FULL,1,train,242,11.0
FULL,1,train,243,9.0
FULL,1,train,244,10.0
FULL,1,train,245,54.0
FULL,1,train,246,27.0
FULL,1,train,247,15.0
FULL,1,train,248,25.0
FULL,1,train,249,10.0
FULL,1,train,250,10.0
FULL,1,train,251,18.0
FULL,1,train,252,9.0
FULL,1,train,253,12.0
FULL,1,train,254,14.0
FULL,1,train,255,11.0
FULL,1,train,256,13.0
FULL,1,train,257,13.0
FULL,1,train,258,12.0
FULL,1,train,259,14.0
FULL,1,train,260,17.0
FULL,1,train,261,19.0
FULL,1,train,262,18.0
FULL,1,train,263,45.0
FULL,1,train,264,14.0
FULL,1,train,265,26.0
FULL,1,train,266,21.0
FULL,1,train,267,23.0
FULL,1,train,268,55.0
FULL,1,train,269,33.0
FULL,1,train,270,22.0
FULL,1,train,271,24.0
FULL,1,train,272,97.0
FULL,1,train,273,42.0
FULL,1,train,274,30.0
FULL,1,train,275,54.0
FULL,1,train,276,32.0
FULL,1,train,277,37.0
FULL,1,train,278,35.0
FULL,1,train,279,30.0
FULL,1,train,280,51.0
FULL,1,train,281,75.0
FULL,1,train,282,33.0
FULL,1,train,283,45.0
FULL,1,train,284,51.0
FULL,1,train,285,23.0
FULL,1,train,286,28.0
FULL,1,train,287,32.0
FULL,1,train,288,57.0
FULL,1,train,289,75.0
FULL,1,train,290,42.0
FULL,1,train,291,37.0
FULL,1,train,292,47.0
FULL,1,train,293,41.0
FULL,1,train,294,44.0
FULL,1,train,295,38.0
FULL,1,train,296,74.0
FULL,1,train,297,58.0
FULL,1,train,298,60.0
FULL,1,train,299,81.0
FULL,1,train,300,57.0
FULL,1,train,301,44.0
FULL,1,train,302,58.0
FULL,1,train,303,43.0
FULL,1,train,304,45.0
FULL,1,train,305,73.0
FULL,1,train,306,36.0
FULL,1,train,307,40.0
FULL,1,train,308,51.0
FULL,1,train,309,116.0
FULL,1,train,310,46.0
FULL,1,train,311,52.0
FULL,1,train,312,42.0
FULL,1,train,313,37.0
FULL,1,train,314,71.0
FULL,1,train,315,102.0
FULL,1,train,316,122.0
FULL,1,train,317,103.0
FULL,1,train,318,41.0
FULL,1,train,319,43.0
FULL,1,train,320,50.0
FULL,1,train,321,98.0
FULL,1,train,322,79.0
FULL,1,train,323,51.0
FULL,1,train,324,42.0
FULL,1,train,325,83.0
FULL,1,train,326,49.0
FULL,1,train,327,69.0
FULL,1,train,328,36.0
FULL,1,train,329,54.0
FULL,1,train,330,66.0
FULL,1,train,331,121.0
FULL,1,train,332,37.0
FULL,1,train,333,61.0
FULL,1,train,334,70.0
FULL,1,train,335,51.0
FULL,1,train,336,92.0
FULL,1,train,337,60.0
FULL,1,train,338,47.0
FULL,1,train,339,94.0
FULL,1,train,340,32.0
FULL,1,train,341,152.0
FULL,1,train,342,58.0
FULL,1,train,343,85.0
FULL,1,train,344,49.0
FULL,1,train,345,25.0
FULL,1,train,346,43.0
FULL,1,train,347,41.0
FULL,1,train,348,165.0
FULL,1,train,349,62.0
FULL,1,train,350,35.0
FULL,1,train,351,64.0
FULL,1,train,352,58.0
FULL,1,train,353,44.0
FULL,1,train,354,53.0
FULL,1,train,355,68.0
FULL,1,train,356,34.0
FULL,1,train,357,35.0
FULL,1,train,358,44.0
FULL,1,train,359,78.0
FULL,1,train,360,38.0
FULL,1,train,361,62.0
FULL,1,train,362,59.0
FULL,1,train,363,63.0
FULL,1,train,364,135.0
FULL,1,train,365,90.0
FULL,1,train,366,89.0
FULL,1,train,367,47.0
FULL,1,train,368,88.0
FULL,1,train,369,52.0
FULL,1,train,370,49.0
FULL,1,train,371,49.0
FULL,1,train,372,77.0
FULL,1,train,373,57.0
FULL,1,train,374,102.0
FULL,1,train,375,44.0
FULL,1,train,376,30.0
FULL,1,train,377,61.0
FULL,1,train,378,106.0
FULL,1,train,379,76.0
FULL,1,train,380,117.0
FULL,1,train,381,258.0
FULL,1,train,382,72.0
FULL,1,train,383,61.0
FULL,1,train,384,53.0
FULL,1,train,385,135.0
FULL,1,train,386,55.0
FULL,1,train,387,73.0
FULL,1,train,388,72.0
FULL,1,train,389,62.0
FULL,1,train,390,56.0
FULL,1,train,391,63.0
FULL,1,train,392,282.0
FULL,1,train,393,71.0
FULL,1,train,394,86.0
FULL,1,train,395,50.0
FULL,1,train,396,61.0
FULL,1,train,397,61.0
FULL,1,train,398,110.0
FULL,1,train,399,93.0
FULL,1,train,400,43.0
FULL,1,train,401,55.0
FULL,1,train,402,87.0
FULL,1,train,403,55.0
FULL,1,train,404,84.0
FULL,1,train,405,212.0
FULL,1,train,406,68.0
FULL,1,train,407,50.0
FULL,1,train,408,55.0
FULL,1,train,409,182.0
FULL,1,train,410,98.0
FULL,1,train,411,39.0
FULL,1,train,412,68.0
FULL,1,train,413,49.0
FULL,1,train,414,92.0
FULL,1,train,415,40.0
FULL,1,train,416,100.0
FULL,1,train,417,132.0
FULL,1,train,418,55.0
FULL,1,train,419,108.0
FULL,1,train,420,83.0
FULL,1,train,421,46.0
FULL,1,train,422,147.0
FULL,1,train,423,105.0
FULL,1,train,424,49.0
FULL,1,train,425,77.0
FULL,1,train,426,94.0
FULL,1,train,427,64.0
FULL,1,train,428,100.0
FULL,1,train,429,67.0
FULL,1,train,430,55.0
FULL,1,train,431,98.0
FULL,1,train,432,85.0
FULL,1,train,433,46.0
FULL,1,train,434,95.0
FULL,1,train,435,40.0
FULL,1,train,436,34.0
FULL,1,train,437,100.0
FULL,1,train,438,131.0
FULL,1,train,439,53.0
FULL,1,train,440,129.0
FULL,1,train,441,27.0
FULL,1,train,442,97.0
FULL,1,train,443,72.0
FULL,1,train,444,58.0
FULL,1,train,445,57.0
FULL,1,train,446,72.0
FULL,1,train,447,68.0
FULL,1,train,448,110.0
FULL,1,train,449,77.0
FULL,1,train,450,112.0
FULL,1,train,451,64.0
FULL,1,train,452,155.0
FULL,1,train,453,127.0
FULL,1,train,454,68.0
FULL,1,train,455,41.0
FULL,1,train,456,100.0
FULL,1,train,457,127.0
FULL,1,train,458,145.0
FULL,1,train,459,130.0
FULL,1,train,460,111.0
FULL,1,train,461,126.0
FULL,1,train,462,69.0
FULL,1,train,463,148.0
FULL,1,train,464,151.0
FULL,1,train,465,51.0
FULL,1,train,466,129.0
FULL,1,train,467,130.0
FULL,1,train,468,141.0
FULL,1,train,469,125.0
FULL,1,train,470,158.0
FULL,1,train,471,199.0
FULL,1,train,472,280.0
FULL,1,train,473,209.0
FULL,1,train,474,500.0
FULL,1,train,475,399.0
FULL,1,train,476,235.0
FULL,1,train,477,202.0
FULL,1,train,478,145.0
FULL,1,train,479,306.0
FULL,1,train,480,246.0
FULL,1,train,481,360.0
FULL,1,train,482,430.0
FULL,1,train,483,178.0
FULL,1,train,484,154.0
FULL,1,train,485,238.0
FULL,1,train,486,212.0
FULL,1,train,487,232.0
FULL,1,train,488,332.0
FULL,1,train,489,320.0
FULL,1,train,490,336.0
FULL,1,train,491,287.0
FULL,1,train,492,242.0
FULL,1,train,493,194.0
FULL,1,train,494,209.0
FULL,1,train,495,198.0
FULL,1,train,496,153.0
FULL,1,train,497,207.0
FULL,1,train,498,160.0
FULL,1,train,499,179.0
FULL,1,train,500,141.0
FULL,2,train,1,19.0
FULL,2,train,2,12.0
FULL,2,train,3,16.0
FULL,2,train,4,10.0
FULL,2,train,5,23.0
FULL,2,train,6,69.0
FULL,2,train,7,16.0
FULL,2,train,8,21.0
FULL,2,train,9,20.0
FULL,2,train,10,37.0
FULL,2,train,11,12.0
FULL,2,train,12,14.0
FULL,2,train,13,13.0
FULL,2,train,14,22.0
FULL,2,train,15,38.0
FULL,2,train,16,17.0
FULL,2,train,17,16.0
FULL,2,train,18,17.0
FULL,2,train,19,9.0
FULL,2,train,20,17.0
FULL,2,train,21,10.0
FULL,2,train,22,9.0
FULL,2,train,23,11.0
FULL,2,train,24,13.0
FULL,2,train,25,13.0
FULL,2,train,26,14.0
FULL,2,train,27,12.0
FULL,2,train,28,20.0
FULL,2,train,29,9.0
FULL,2,train,30,18.0
FULL,2,train,31,15.0
FULL,2,train,32,13.0
FULL,2,train,33,9.0
FULL,2,train,34,12.0
FULL,2,train,35,13.0
FULL,2,train,36,9.0
FULL,2,train,37,12.0
FULL,2,train,38,14.0
FULL,2,train,39,14.0
FULL,2,train,40,11.0
FULL,2,train,41,16.0
FULL,2,train,42,9.0
FULL,2,train,43,9.0
FULL,2,train,44,11.0
FULL,2,train,45,10.0
FULL,2,train,46,11.0
FULL,2,train,47,10.0
FULL,2,train,48,10.0
FULL,2,train,49,13.0
FULL,2,train,50,10.0
FULL,2,train,51,10.0
FULL,2,train,52,15.0
FULL,2,train,53,13.0
FULL,2,train,54,9.0
FULL,2,train,55,11.0
FULL,2,train,56,15.0
FULL,2,train,57,11.0
FULL,2,train,58,10.0
FULL,2,train,59,10.0
FULL,2,train,60,9.0
FULL,2,train,61,10.0
FULL,2,train,62,11.0
FULL,2,train,63,14.0
FULL,2,train,64,11.0
FULL,2,train,65,10.0
FULL,2,train,66,10.0
FULL,2,train,67,12.0
FULL,2,train,68,10.0
FULL,2,train,69,11.0
FULL,2,train,70,12.0
FULL,2,train,71,12.0
FULL,2,train,72,20.0
FULL,2,train,73,9.0
FULL,2,train,74,10.0
FULL,2,train,75,10.0
FULL,2,train,76,11.0
FULL,2,train,77,9.0
FULL,2,train,78,18.0
FULL,2,train,79,8.0
FULL,2,train,80,10.0
FULL,2,train,81,9.0
FULL,2,train,82,12.0
FULL,2,train,83,10.0
FULL,2,train,84,9.0
FULL,2,train,85,13.0
FULL,2,train,86,13.0
FULL,2,train,87,11.0
FULL,2,train,88,9.0
FULL,2,train,89,9.0
FULL,2,train,90,10.0
FULL,2,train,91,17.0
FULL,2,train,92,9.0
FULL,2,train,93,12.0
FULL,2,train,94,9.0
FULL,2,train,95,11.0
FULL,2,train,96,13.0
FULL,2,train,97,11.0
FULL,2,train,98,11.0
FULL,2,train,99,12.0
FULL,2,train,100,10.0
FULL,2,train,101,11.0
FULL,2,train,102,10.0
FULL,2,train,103,13.0
FULL,2,train,104,15.0
FULL,2,train,105,10.0
FULL,2,train,106,13.0
FULL,2,train,107,10.0
FULL,2,train,108,14.0
FULL,2,train,109,11.0
FULL,2,train,110,10.0
FULL,2,train,111,12.0
FULL,2,train,112,11.0
FULL,2,train,113,11.0
FULL,2,train,114,10.0
FULL,2,train,115,13.0
FULL,2,train,116,12.0
FULL,2,train,117,10.0
FULL,2,train,118,16.0
FULL,2,train,119,11.0
FULL,2,train,120,11.0
FULL,2,train,121,12.0
FULL,2,train,122,9.0
FULL,2,train,123,12.0
FULL,2,train,124,14.0
FULL,2,train,125,11.0
FULL,2,train,126,11.0
FULL,2,train,127,9.0
FULL,2,train,128,11.0
FULL,2,train,129,13.0
FULL,2,train,130,10.0
FULL,2,train,131,11.0
FULL,2,train,132,11.0
FULL,2,train,133,9.0
FULL,2,train,134,11.0
FULL,2,train,135,11.0
FULL,2,train,136,10.0
FULL,2,train,137,12.0
FULL,2,train,138,11.0
FULL,2,train,139,12.0
FULL,2,train,140,11.0
FULL,2,train,141,11.0
FULL,2,train,142,12.0
FULL,2,train,143,10.0
FULL,2,train,144,13.0
FULL,2,train,145,11.0
FULL,2,train,146,10.0
FULL,2,train,147,18.0
FULL,2,train,148,11.0
FULL,2,train,149,11.0
FULL,2,train,150,14.0
FULL,2,train,151,15.0
FULL,2,train,152,14.0
FULL,2,train,153,12.0
FULL,2,train,154,17.0
FULL,2,train,155,13.0
FULL,2,train,156,15.0
FULL,2,train,157,11.0
FULL,2,train,158,10.0
FULL,2,train,159,15.0
FULL,2,train,160,11.0
FULL,2,train,161,12.0
FULL,2,train,162,10.0
FULL,2,train,163,11.0
FULL,2,train,164,16.0
FULL,2,train,165,12.0
FULL,2,train,166,12.0
FULL,2,train,167,14.0
FULL,2,train,168,11.0
FULL,2,train,169,14.0
FULL,2,train,170,11.0
FULL,2,train,171,23.0
FULL,2,train,172,16.0
FULL,2,train,173,8.0
FULL,2,train,174,11.0
FULL,2,train,175,27.0
FULL,2,train,176,16.0
FULL,2,train,177,10.0
FULL,2,train,178,36.0
FULL,2,train,179,9.0
FULL,2,train,180,9.0
FULL,2,train,181,13.0
FULL,2,train,182,10.0
FULL,2,train,183,9.0
FULL,2,train,184,11.0
FULL,2,train,185,12.0
FULL,2,train,186,10.0
FULL,2,train,187,9.0
FULL,2,train,188,21.0
FULL,2,train,189,20.0
FULL,2,train,190,16.0
FULL,2,train,191,10.0
FULL,2,train,192,9.0
FULL,2,train,193,10.0
FULL,2,train,194,10.0
FULL,2,train,195,10.0
FULL,2,train,196,10.0
FULL,2,train,197,8.0
FULL,2,train,198,22.0
FULL,2,train,199,16.0
FULL,2,train,200,10.0
FULL,2,train,201,10.0
FULL,2,train,202,18.0
FULL,2,train,203,14.0
FULL,2,train,204,12.0
FULL,2,train,205,16.0
FULL,2,train,206,9.0
FULL,2,train,207,45.0
FULL,2,train,208,33.0
FULL,2,train,209,23.0
FULL,2,train,210,15.0
FULL,2,train,211,20.0
FULL,2,train,212,8.0
FULL,2,train,213,16.0
FULL,2,train,214,9.0
FULL,2,train,215,10.0
FULL,2,train,216,20.0
FULL,2,train,217,21.0
FULL,2,train,218,12.0
FULL,2,train,219,10.0
FULL,2,train,220,10.0
FULL,2,train,221,20.0
FULL,2,train,222,24.0
FULL,2,train,223,10.0
FULL,2,train,224,51.0
FULL,2,train,225,10.0
FULL,2,train,226,9.0
FULL,2,train,227,9.0
FULL,2,train,228,11.0
FULL,2,train,229,17.0
FULL,2,train,230,9.0
FULL,2,train,231,8.0
FULL,2,train,232,9.0
FULL,2,train,233,20.0
FULL,2,train,234,10.0
FULL,2,train,235,67.0
FULL,2,train,236,19.0
FULL,2,train,237,10.0
FULL,2,train,238,10.0
FULL,2,train,239,10.0
FULL,2,train,240,9.0
FULL,2,train,241,13.0
FULL,2,train,242,11.0
FULL,2,train,243,12.0
FULL,2,train,244,10.0
FULL,2,train,245,57.0
FULL,2,train,246,14.0
FULL,2,train,247,16.0
FULL,2,train,248,10.0
FULL,2,train,249,15.0
FULL,2,train,250,45.0
FULL,2,train,251,9.0
FULL,2,train,252,10.0
FULL,2,train,253,11.0
FULL,2,train,254,22.0
FULL,2,train,255,19.0
FULL,2,train,256,67.0
FULL,2,train,257,49.0
FULL,2,train,258,21.0
FULL,2,train,259,18.0
FULL,2,train,260,13.0
FULL,2,train,261,32.0
FULL,2,train,262,22.0
FULL,2,train,263,13.0
FULL,2,train,264,57.0
FULL,2,train,265,79.0
FULL,2,train,266,24.0
FULL,2,train,267,39.0
FULL,2,train,268,29.0
FULL,2,train,269,20.0
FULL,2,train,270,24.0
FULL,2,train,271,22.0
FULL,2,train,272,19.0
FULL,2,train,273,95.0
FULL,2,train,274,167.0
FULL,2,train,275,74.0
FULL,2,train,276,37.0
FULL,2,train,277,28.0
FULL,2,train,278,81.0
FULL,2,train,279,54.0
FULL,2,train,280,68.0
FULL,2,train,281,33.0
FULL,2,train,282,26.0
FULL,2,train,283,30.0
FULL,2,train,284,26.0
FULL,2,train,285,25.0
FULL,2,train,286,73.0
FULL,2,train,287,41.0
FULL,2,train,288,38.0
FULL,2,train,289,60.0
FULL,2,train,290,45.0
FULL,2,train,291,53.0
FULL,2,train,292,52.0
FULL,2,train,293,76.0
FULL,2,train,294,22.0
FULL,2,train,295,22.0
FULL,2,train,296,29.0
FULL,2,train,297,28.0
FULL,2,train,298,23.0
FULL,2,train,299,50.0
FULL,2,train,300,84.0
FULL,2,train,301,142.0
FULL,2,train,302,35.0
FULL,2,train,303,33.0
FULL,2,train,304,123.0
FULL,2,train,305,64.0
FULL,2,train,306,85.0
FULL,2,train,307,54.0
FULL,2,train,308,78.0
FULL,2,train,309,37.0
FULL,2,train,310,56.0
FULL,2,train,311,139.0
FULL,2,train,312,59.0
FULL,2,train,313,34.0
FULL,2,train,314,129.0
FULL,2,train,315,58.0
FULL,2,train,316,97.0
FULL,2,train,317,51.0
FULL,2,train,318,33.0
FULL,2,train,319,30.0
FULL,2,train,320,37.0
FULL,2,train,321,62.0
FULL,2,train,322,75.0
FULL,2,train,323,57.0
FULL,2,train,324,56.0
FULL,2,train,325,45.0
FULL,2,train,326,90.0
FULL,2,train,327,55.0
FULL,2,train,328,126.0
FULL,2,train,329,41.0
FULL,2,train,330,53.0
FULL,2,train,331,69.0
FULL,2,train,332,28.0
FULL,2,train,333,31.0
FULL,2,train,334,41.0
FULL,2,train,335,39.0
FULL,2,train,336,31.0
FULL,2,train,337,53.0
FULL,2,train,338,100.0
FULL,2,train,339,79.0
FULL,2,train,340,69.0
FULL,2,train,341,30.0
FULL,2,train,342,50.0
FULL,2,train,343,43.0
FULL,2,train,344,33.0
FULL,2,train,345,61.0
FULL,2,train,346,39.0
FULL,2,train,347,78.0
FULL,2,train,348,50.0
FULL,2,train,349,32.0
FULL,2,train,350,91.0
FULL,2,train,351,45.0
FULL,2,train,352,42.0
FULL,2,train,353,74.0
FULL,2,train,354,38.0
FULL,2,train,355,19.0
FULL,2,train,356,23.0
FULL,2,train,357,26.0
FULL,2,train,358,59.0
FULL,2,train,359,43.0
FULL,2,train,360,56.0
FULL,2,train,361,53.0
FULL,2,train,362,30.0
FULL,2,train,363,43.0
FULL,2,train,364,20.0
FULL,2,train,365,61.0
FULL,2,train,366,56.0
FULL,2,train,367,52.0
FULL,2,train,368,39.0
FULL,2,train,369,47.0
FULL,2,train,370,43.0
FULL,2,train,371,83.0
FULL,2,train,372,34.0
FULL,2,train,373,45.0
FULL,2,train,374,28.0
FULL,2,train,375,22.0
FULL,2,train,376,22.0
FULL,2,train,377,21.0
FULL,2,train,378,38.0
FULL,2,train,379,115.0
FULL,2,train,380,47.0
FULL,2,train,381,36.0
FULL,2,train,382,43.0
FULL,2,train,383,49.0
FULL,2,train,384,63.0
FULL,2,train,385,46.0
FULL,2,train,386,40.0
FULL,2,train,387,42.0
FULL,2,train,388,50.0
FULL,2,train,389,50.0
FULL,2,train,390,99.0
FULL,2,train,391,31.0
FULL,2,train,392,132.0
FULL,2,train,393,91.0
FULL,2,train,394,46.0
FULL,2,train,395,49.0
FULL,2,train,396,37.0
FULL,2,train,397,40.0
FULL,2,train,398,37.0
FULL,2,train,399,30.0
FULL,2,train,400,43.0
FULL,2,train,401,76.0
FULL,2,train,402,78.0
FULL,2,train,403,113.0
FULL,2,train,404,107.0
FULL,2,train,405,80.0
FULL,2,train,406,35.0
FULL,2,train,407,46.0
FULL,2,train,408,160.0
FULL,2,train,409,104.0
FULL,2,train,410,41.0
FULL,2,train,411,36.0
FULL,2,train,412,52.0
FULL,2,train,413,74.0
FULL,2,train,414,53.0
FULL,2,train,415,153.0
FULL,2,train,416,81.0
FULL,2,train,417,51.0
FULL,2,train,418,65.0
FULL,2,train,419,40.0
FULL,2,train,420,86.0
FULL,2,train,421,102.0
FULL,2,train,422,65.0
FULL,2,train,423,38.0
FULL,2,train,424,40.0
FULL,2,train,425,126.0
FULL,2,train,426,89.0
FULL,2,train,427,64.0
FULL,2,train,428,111.0
FULL,2,train,429,56.0
FULL,2,train,430,48.0
FULL,2,train,431,83.0
FULL,2,train,432,126.0
FULL,2,train,433,68.0
FULL,2,train,434,31.0
FULL,2,train,435,92.0
FULL,2,train,436,120.0
FULL,2,train,437,126.0
FULL,2,train,438,63.0
FULL,2,train,439,69.0
FULL,2,train,440,58.0
FULL,2,train,441,153.0
FULL,2,train,442,154.0
FULL,2,train,443,101.0
FULL,2,train,444,117.0
FULL,2,train,445,44.0
FULL,2,train,446,52.0
FULL,2,train,447,177.0
FULL,2,train,448,201.0
FULL,2,train,449,49.0
FULL,2,train,450,193.0
FULL,2,train,451,67.0
FULL,2,train,452,44.0
FULL,2,train,453,35.0
FULL,2,train,454,102.0
FULL,2,train,455,103.0
FULL,2,train,456,99.0
FULL,2,train,457,212.0
FULL,2,train,458,144.0
FULL,2,train,459,37.0
FULL,2,train,460,134.0
FULL,2,train,461,207.0
FULL,2,train,462,149.0
FULL,2,train,463,351.0
FULL,2,train,464,115.0
FULL,2,train,465,251.0
FULL,2,train,466,200.0
FULL,2,train,467,143.0
FULL,2,train,468,256.0
FULL,2,train,469,152.0
FULL,2,train,470,246.0
FULL,2,train,471,87.0
FULL,2,train,472,231.0
FULL,2,train,473,149.0
FULL,2,train,474,293.0
FULL,2,train,475,186.0
FULL,2,train,476,188.0
FULL,2,train,477,243.0
FULL,2,train,478,173.0
FULL,2,train,479,156.0
FULL,2,train,480,347.0
FULL,2,train,481,178.0
FULL,2,train,482,236.0
FULL,2,train,483,294.0
FULL,2,train,484,271.0
FULL,2,train,485,262.0
FULL,2,train,486,458.0
FULL,2,train,487,464.0
FULL,2,train,488,395.0
FULL,2,train,489,329.0
FULL,2,train,490,253.0
FULL,2,train,491,262.0
FULL,2,train,492,196.0
FULL,2,train,493,432.0
FULL,2,train,494,224.0
FULL,2,train,495,226.0
FULL,2,train,496,428.0
FULL,2,train,497,466.0
FULL,2,train,498,204.0
FULL,2,train,499,141.0
FULL,2,train,500,155.0
FULL,3,train,1,35.0
FULL,3,train,2,33.0
FULL,3,train,3,12.0
FULL,3,train,4,15.0
FULL,3,train,5,14.0
FULL,3,train,6,11.0
FULL,3,train,7,13.0
FULL,3,train,8,53.0
FULL,3,train,9,23.0
FULL,3,train,10,15.0
FULL,3,train,11,26.0
FULL,3,train,12,11.0
FULL,3,train,13,19.0
FULL,3,train,14,21.0
FULL,3,train,15,18.0
FULL,3,train,16,23.0
FULL,3,train,17,15.0
FULL,3,train,18,12.0
FULL,3,train,19,17.0
FULL,3,train,20,17.0
FULL,3,train,21,15.0
FULL,3,train,22,19.0
FULL,3,train,23,13.0
FULL,3,train,24,9.0
FULL,3,train,25,10.0
FULL,3,train,26,12.0
FULL,3,train,27,12.0
FULL,3,train,28,13.0
FULL,3,train,29,12.0
FULL,3,train,30,15.0
FULL,3,train,31,9.0
FULL,3,train,32,15.0
FULL,3,train,33,10.0
FULL,3,train,34,10.0
FULL,3,train,35,12.0
FULL,3,train,36,9.0
FULL,3,train,37,14.0
FULL,3,train,38,11.0
FULL,3,train,39,17.0
FULL,3,train,40,10.0
FULL,3,train,41,10.0
FULL,3,train,42,12.0
FULL,3,train,43,9.0
FULL,3,train,44,9.0
FULL,3,train,45,11.0
FULL,3,train,46,9.0
FULL,3,train,47,11.0
FULL,3,train,48,9.0
FULL,3,train,49,11.0
FULL,3,train,50,11.0
FULL,3,train,51,15.0
FULL,3,train,52,10.0
FULL,3,train,53,12.0
FULL,3,train,54,10.0
FULL,3,train,55,11.0
FULL,3,train,56,10.0
FULL,3,train,57,9.0
FULL,3,train,58,12.0
FULL,3,train,59,10.0
FULL,3,train,60,9.0
FULL,3,train,61,9.0
FULL,3,train,62,10.0
FULL,3,train,63,8.0
FULL,3,train,64,10.0
FULL,3,train,65,11.0
FULL,3,train,66,12.0
FULL,3,train,67,9.0
FULL,3,train,68,10.0
FULL,3,train,69,9.0
FULL,3,train,70,11.0
FULL,3,train,71,11.0
FULL,3,train,72,10.0
FULL,3,train,73,10.0
FULL,3,train,74,9.0
FULL,3,train,75,10.0
FULL,3,train,76,10.0
FULL,3,train,77,13.0
FULL,3,train,78,14.0
FULL,3,train,79,9.0
FULL,3,train,80,13.0
FULL,3,train,81,11.0
FULL,3,train,82,12.0
FULL,3,train,83,10.0
FULL,3,train,84,9.0
FULL,3,train,85,12.0
FULL,3,train,86,13.0
FULL,3,train,87,9.0
FULL,3,train,88,10.0
FULL,3,train,89,9.0
FULL,3,train,90,9.0
FULL,3,train,91,12.0
FULL,3,train,92,10.0
FULL,3,train,93,11.0
FULL,3,train,94,11.0
FULL,3,train,95,9.0
FULL,3,train,96,10.0
FULL,3,train,97,10.0
FULL,3,train,98,12.0
FULL,3,train,99,11.0
FULL,3,train,100,11.0
FULL,3,train,101,9.0
FULL,3,train,102,9.0
FULL,3,train,103,8.0
FULL,3,train,104,9.0
FULL,3,train,105,8.0
FULL,3,train,106,10.0
FULL,3,train,107,13.0
FULL,3,train,108,11.0
FULL,3,train,109,11.0
FULL,3,train,110,10.0
FULL,3,train,111,11.0
FULL,3,train,112,11.0
FULL,3,train,113,12.0
FULL,3,train,114,13.0
FULL,3,train,115,10.0
FULL,3,train,116,10.0
FULL,3,train,117,9.0
FULL,3,train,118,14.0
FULL,3,train,119,9.0
FULL,3,train,120,10.0
FULL,3,train,121,11.0
FULL,3,train,122,9.0
FULL,3,train,123,10.0
FULL,3,train,124,9.0
FULL,3,train,125,9.0
FULL,3,train,126,12.0
FULL,3,train,127,9.0
FULL,3,train,128,9.0
FULL,3,train,129,15.0
FULL,3,train,130,10.0
FULL,3,train,131,12.0
FULL,3,train,132,10.0
FULL,3,train,133,10.0
FULL,3,train,134,10.0
FULL,3,train,135,10.0
FULL,3,train,136,11.0
FULL,3,train,137,10.0
FULL,3,train,138,9.0
FULL,3,train,139,12.0
FULL,3,train,140,11.0
FULL,3,train,141,10.0
FULL,3,train,142,9.0
FULL,3,train,143,10.0
FULL,3,train,144,10.0
FULL,3,train,145,11.0
FULL,3,train,146,10.0
FULL,3,train,147,13.0
FULL,3,train,148,12.0
FULL,3,train,149,10.0
FULL,3,train,150,12.0
FULL,3,train,151,10.0
FULL,3,train,152,12.0
FULL,3,train,153,10.0
FULL,3,train,154,13.0
FULL,3,train,155,9.0
FULL,3,train,156,10.0
FULL,3,train,157,10.0
FULL,3,train,158,11.0
FULL,3,train,159,10.0
FULL,3,train,160,9.0
FULL,3,train,161,12.0
FULL,3,train,162,9.0
FULL,3,train,163,9.0
FULL,3,train,164,9.0
FULL,3,train,165,9.0
FULL,3,train,166,9.0
FULL,3,train,167,10.0
FULL,3,train,168,9.0
FULL,3,train,169,11.0
FULL,3,train,170,12.0
FULL,3,train,171,9.0
FULL,3,train,172,13.0
FULL,3,train,173,10.0
FULL,3,train,174,9.0
FULL,3,train,175,13.0
FULL,3,train,176,8.0
FULL,3,train,177,15.0
FULL,3,train,178,11.0
FULL,3,train,179,10.0
FULL,3,train,180,9.0
FULL,3,train,181,8.0
FULL,3,train,182,11.0
FULL,3,train,183,10.0
FULL,3,train,184,9.0
FULL,3,train,185,13.0
FULL,3,train,186,10.0
FULL,3,train,187,9.0
FULL,3,train,188,10.0
FULL,3,train,189,11.0
FULL,3,train,190,9.0
FULL,3,train,191,10.0
FULL,3,train,192,9.0
FULL,3,train,193,9.0
FULL,3,train,194,9.0
FULL,3,train,195,10.0
FULL,3,train,196,16.0
FULL,3,train,197,12.0
FULL,3,train,198,9.0
FULL,3,train,199,10.0
FULL,3,train,200,10.0
FULL,3,train,201,18.0
FULL,3,train,202,17.0
FULL,3,train,203,18.0
FULL,3,train,204,18.0
FULL,3,train,205,16.0
FULL,3,train,206,109.0
FULL,3,train,207,12.0
FULL,3,train,208,29.0
FULL,3,train,209,10.0
FULL,3,train,210,17.0
FULL,3,train,211,21.0
FULL,3,train,212,29.0
FULL,3,train,213,35.0
FULL,3,train,214,21.0
FULL,3,train,215,74.0
FULL,3,train,216,23.0
FULL,3,train,217,31.0
FULL,3,train,218,27.0
FULL,3,train,219,26.0
FULL,3,train,220,187.0
FULL,3,train,221,40.0
FULL,3,train,222,24.0
FULL,3,train,223,29.0
FULL,3,train,224,47.0
FULL,3,train,225,31.0
FULL,3,train,226,76.0
FULL,3,train,227,22.0
FULL,3,train,228,108.0
FULL,3,train,229,52.0
FULL,3,train,230,54.0
FULL,3,train,231,36.0
FULL,3,train,232,49.0
FULL,3,train,233,52.0
FULL,3,train,234,27.0
FULL,3,train,235,17.0
FULL,3,train,236,34.0
FULL,3,train,237,47.0
FULL,3,train,238,28.0
FULL,3,train,239,30.0
FULL,3,train,240,24.0
FULL,3,train,241,23.0
FULL,3,train,242,40.0
FULL,3,train,243,23.0
FULL,3,train,244,28.0
FULL,3,train,245,38.0
FULL,3,train,246,17.0
FULL,3,train,247,33.0
FULL,3,train,248,59.0
FULL,3,train,249,17.0
FULL,3,train,250,28.0
FULL,3,train,251,25.0
FULL,3,train,252,29.0
FULL,3,train,253,19.0
FULL,3,train,254,32.0
FULL,3,train,255,40.0
FULL,3,train,256,34.0
FULL,3,train,257,31.0
FULL,3,train,258,28.0
FULL,3,train,259,24.0
FULL,3,train,260,51.0
FULL,3,train,261,59.0
FULL,3,train,262,38.0
FULL,3,train,263,31.0
FULL,3,train,264,33.0
FULL,3,train,265,41.0
FULL,3,train,266,50.0
FULL,3,train,267,28.0
FULL,3,train,268,24.0
FULL,3,train,269,30.0
FULL,3,train,270,30.0
FULL,3,train,271,69.0
FULL,3,train,272,31.0
FULL,3,train,273,27.0
FULL,3,train,274,31.0
FULL,3,train,275,44.0
FULL,3,train,276,43.0
FULL,3,train,277,21.0
FULL,3,train,278,62.0
FULL,3,train,279,33.0
FULL,3,train,280,28.0
FULL,3,train,281,39.0
FULL,3,train,282,25.0
FULL,3,train,283,34.0
FULL,3,train,284,38.0
FULL,3,train,285,28.0
FULL,3,train,286,38.0
FULL,3,train,287,68.0
FULL,3,train,288,38.0
FULL,3,train,289,30.0
FULL,3,train,290,59.0
FULL,3,train,291,35.0
FULL,3,train,292,20.0
FULL,3,train,293,35.0
FULL,3,train,294,30.0
FULL,3,train,295,28.0
FULL,3,train,296,51.0
FULL,3,train,297,25.0
FULL,3,train,298,39.0
FULL,3,train,299,22.0
FULL,3,train,300,31.0
FULL,3,train,301,42.0
FULL,3,train,302,41.0
FULL,3,train,303,69.0
FULL,3,train,304,34.0
FULL,3,train,305,33.0
FULL,3,train,306,25.0
FULL,3,train,307,37.0
FULL,3,train,308,33.0
FULL,3,train,309,27.0
FULL,3,train,310,21.0
FULL,3,train,311,25.0
FULL,3,train,312,28.0
FULL,3,train,313,26.0
FULL,3,train,314,28.0
FULL,3,train,315,29.0
FULL,3,train,316,46.0
FULL,3,train,317,51.0
FULL,3,train,318,34.0
FULL,3,train,319,40.0
FULL,3,train,320,21.0
FULL,3,train,321,32.0
FULL,3,train,322,27.0
FULL,3,train,323,24.0
FULL,3,train,324,23.0
FULL,3,train,325,27.0
FULL,3,train,326,28.0
FULL,3,train,327,32.0
FULL,3,train,328,69.0
FULL,3,train,329,66.0
FULL,3,train,330,41.0
FULL,3,train,331,52.0
FULL,3,train,332,95.0
FULL,3,train,333,50.0
FULL,3,train,334,37.0
FULL,3,train,335,45.0
FULL,3,train,336,32.0
FULL,3,train,337,28.0
FULL,3,train,338,65.0
FULL,3,train,339,48.0
FULL,3,train,340,76.0
FULL,3,train,341,38.0
FULL,3,train,342,48.0
FULL,3,train,343,110.0
FULL,3,train,344,30.0
FULL,3,train,345,43.0
FULL,3,train,346,27.0
FULL,3,train,347,41.0
FULL,3,train,348,57.0
FULL,3,train,349,39.0
FULL,3,train,350,49.0
FULL,3,train,351,60.0
FULL,3,train,352,42.0
FULL,3,train,353,57.0
FULL,3,train,354,83.0
FULL,3,train,355,72.0
FULL,3,train,356,77.0
FULL,3,train,357,30.0
FULL,3,train,358,52.0
FULL,3,train,359,86.0
FULL,3,train,360,39.0
FULL,3,train,361,63.0
FULL,3,train,362,37.0
FULL,3,train,363,65.0
FULL,3,train,364,37.0
FULL,3,train,365,43.0
FULL,3,train,366,181.0
FULL,3,train,367,147.0
FULL,3,train,368,84.0
FULL,3,train,369,55.0
FULL,3,train,370,41.0
FULL,3,train,371,76.0
FULL,3,train,372,67.0
FULL,3,train,373,55.0
FULL,3,train,374,71.0
FULL,3,train,375,66.0
FULL,3,train,376,127.0
FULL,3,train,377,101.0
FULL,3,train,378,68.0
FULL,3,train,379,29.0
FULL,3,train,380,36.0
FULL,3,train,381,48.0
FULL,3,train,382,191.0
FULL,3,train,383,87.0
FULL,3,train,384,65.0
FULL,3,train,385,37.0
FULL,3,train,386,47.0
FULL,3,train,387,65.0
FULL,3,train,388,46.0
FULL,3,train,389,117.0
FULL,3,train,390,121.0
FULL,3,train,391,147.0
FULL,3,train,392,114.0
FULL,3,train,393,51.0
FULL,3,train,394,92.0
FULL,3,train,395,52.0
FULL,3,train,396,82.0
FULL,3,train,397,132.0
FULL,3,train,398,115.0
FULL,3,train,399,147.0
FULL,3,train,400,227.0
FULL,3,train,401,359.0
FULL,3,train,402,201.0
FULL,3,train,403,240.0
FULL,3,train,404,293.0
FULL,3,train,405,83.0
FULL,3,train,406,98.0
FULL,3,train,407,139.0
FULL,3,train,408,366.0
FULL,3,train,409,57.0
FULL,3,train,410,54.0
FULL,3,train,411,74.0
FULL,3,train,412,261.0
FULL,3,train,413,226.0
FULL,3,train,414,164.0
FULL,3,train,415,43.0
FULL,3,train,416,53.0
FULL,3,train,417,102.0
FULL,3,train,418,58.0
FULL,3,train,419,72.0
FULL,3,train,420,70.0
FULL,3,train,421,83.0
FULL,3,train,422,92.0
FULL,3,train,423,107.0
FULL,3,train,424,201.0
FULL,3,train,425,119.0
FULL,3,train,426,73.0
FULL,3,train,427,177.0
FULL,3,train,428,73.0
FULL,3,train,429,51.0
FULL,3,train,430,116.0
FULL,3,train,431,114.0
FULL,3,train,432,36.0
FULL,3,train,433,90.0
FULL,3,train,434,116.0
FULL,3,train,435,129.0
FULL,3,train,436,136.0
FULL,3,train,437,82.0
FULL,3,train,438,135.0
FULL,3,train,439,61.0
FULL,3,train,440,67.0
FULL,3,train,441,46.0
FULL,3,train,442,142.0
FULL,3,train,443,122.0
FULL,3,train,444,55.0
FULL,3,train,445,105.0
FULL,3,train,446,102.0
FULL,3,train,447,51.0
FULL,3,train,448,92.0
FULL,3,train,449,105.0
FULL,3,train,450,73.0
FULL,3,train,451,78.0
FULL,3,train,452,69.0
FULL,3,train,453,55.0
FULL,3,train,454,112.0
FULL,3,train,455,114.0
FULL,3,train,456,101.0
FULL,3,train,457,122.0
FULL,3,train,458,83.0
FULL,3,train,459,43.0
FULL,3,train,460,65.0
FULL,3,train,461,57.0
FULL,3,train,462,105.0
FULL,3,train,463,40.0
FULL,3,train,464,39.0
FULL,3,train,465,86.0
FULL,3,train,466,65.0
FULL,3,train,467,52.0
FULL,3,train,468,89.0
FULL,3,train,469,123.0
FULL,3,train,470,56.0
FULL,3,train,471,131.0
FULL,3,train,472,83.0
FULL,3,train,473,102.0
FULL,3,train,474,110.0
FULL,3,train,475,41.0
FULL,3,train,476,29.0
FULL,3,train,477,63.0
FULL,3,train,478,80.0
FULL,3,train,479,50.0
FULL,3,train,480,62.0
FULL,3,train,481,47.0
FULL,3,train,482,36.0
FULL,3,train,483,108.0
FULL,3,train,484,119.0
FULL,3,train,485,81.0
FULL,3,train,486,98.0
FULL,3,train,487,111.0
FULL,3,train,488,43.0
FULL,3,train,489,69.0
FULL,3,train,490,33.0
FULL,3,train,491,87.0
FULL,3,train,492,37.0
FULL,3,train,493,72.0
FULL,3,train,494,103.0
FULL,3,train,495,65.0
FULL,3,train,496,48.0
FULL,3,train,497,33.0
FULL,3,train,498,68.0
FULL,3,train,499,25.0
FULL,3,train,500,46.0
FULL,4,train,1,18.0
FULL,4,train,2,31.0
FULL,4,train,3,41.0
FULL,4,train,4,17.0
FULL,4,train,5,24.0
FULL,4,train,6,51.0
FULL,4,train,7,20.0
FULL,4,train,8,14.0
FULL,4,train,9,15.0
FULL,4,train,10,22.0
FULL,4,train,11,11.0
FULL,4,train,12,10.0
FULL,4,train,13,90.0
FULL,4,train,14,11.0
FULL,4,train,15,11.0
FULL,4,train,16,9.0
FULL,4,train,17,12.0
FULL,4,train,18,10.0
FULL,4,train,19,12.0
FULL,4,train,20,14.0
FULL,4,train,21,19.0
FULL,4,train,22,8.0
FULL,4,train,23,12.0
FULL,4,train,24,11.0
FULL,4,train,25,10.0
FULL,4,train,26,8.0
FULL,4,train,27,18.0
FULL,4,train,28,15.0
FULL,4,train,29,10.0
FULL,4,train,30,21.0
FULL,4,train,31,14.0
FULL,4,train,32,15.0
FULL,4,train,33,11.0
FULL,4,train,34,12.0
FULL,4,train,35,9.0
FULL,4,train,36,11.0
FULL,4,train,37,13.0
FULL,4,train,38,13.0
FULL,4,train,39,15.0
FULL,4,train,40,13.0
FULL,4,train,41,11.0
FULL,4,train,42,13.0
FULL,4,train,43,9.0
FULL,4,train,44,9.0
FULL,4,train,45,11.0
FULL,4,train,46,10.0
FULL,4,train,47,10.0
FULL,4,train,48,9.0
FULL,4,train,49,13.0
FULL,4,train,50,9.0
FULL,4,train,51,12.0
FULL,4,train,52,15.0
FULL,4,train,53,10.0
FULL,4,train,54,10.0
FULL,4,train,55,8.0
FULL,4,train,56,8.0
FULL,4,train,57,17.0
FULL,4,train,58,10.0
FULL,4,train,59,10.0
FULL,4,train,60,8.0
FULL,4,train,61,9.0
FULL,4,train,62,12.0
FULL,4,train,63,9.0
FULL,4,train,64,11.0
FULL,4,train,65,10.0
FULL,4,train,66,12.0
FULL,4,train,67,10.0
FULL,4,train,68,9.0
FULL,4,train,69,12.0
FULL,4,train,70,12.0
FULL,4,train,71,13.0
FULL,4,train,72,11.0
FULL,4,train,73,9.0
FULL,4,train,74,13.0
FULL,4,train,75,14.0
FULL,4,train,76,9.0
FULL,4,train,77,12.0
FULL,4,train,78,9.0
FULL,4,train,79,10.0
FULL,4,train,80,11.0
FULL,4,train,81,12.0
FULL,4,train,82,11.0
FULL,4,train,83,11.0
FULL,4,train,84,13.0
FULL,4,train,85,13.0
FULL,4,train,86,9.0
FULL,4,train,87,11.0
FULL,4,train,88,9.0
FULL,4,train,89,10.0
FULL,4,train,90,12.0
FULL,4,train,91,9.0
FULL,4,train,92,11.0
FULL,4,train,93,10.0
FULL,4,train,94,15.0
FULL,4,train,95,11.0
FULL,4,train,96,9.0
FULL,4,train,97,12.0
FULL,4,train,98,10.0
FULL,4,train,99,9.0
FULL,4,train,100,9.0
FULL,4,train,101,8.0
FULL,4,train,102,9.0
FULL,4,train,103,12.0
FULL,4,train,104,8.0
FULL,4,train,105,11.0
FULL,4,train,106,10.0
FULL,4,train,107,14.0
FULL,4,train,108,13.0
FULL,4,train,109,11.0
FULL,4,train,110,13.0
FULL,4,train,111,12.0
FULL,4,train,112,13.0
FULL,4,train,113,10.0
FULL,4,train,114,11.0
FULL,4,train,115,15.0
FULL,4,train,116,9.0
FULL,4,train,117,14.0
FULL,4,train,118,9.0
FULL,4,train,119,27.0
FULL,4,train,120,16.0
FULL,4,train,121,10.0
FULL,4,train,122,9.0
FULL,4,train,123,10.0
FULL,4,train,124,18.0
FULL,4,train,125,16.0
FULL,4,train,126,11.0
FULL,4,train,127,11.0
FULL,4,train,128,21.0
FULL,4,train,129,15.0
FULL,4,train,130,11.0
FULL,4,train,131,17.0
FULL,4,train,132,14.0
FULL,4,train,133,11.0
FULL,4,train,134,19.0
FULL,4,train,135,11.0
FULL,4,train,136,25.0
FULL,4,train,137,35.0
FULL,4,train,138,12.0
FULL,4,train,139,14.0
FULL,4,train,140,10.0
FULL,4,train,141,15.0
FULL,4,train,142,23.0
FULL,4,train,143,11.0
FULL,4,train,144,19.0
FULL,4,train,145,11.0
FULL,4,train,146,18.0
FULL,4,train,147,9.0
FULL,4,train,148,10.0
FULL,4,train,149,69.0
FULL,4,train,150,12.0
FULL,4,train,151,19.0
FULL,4,train,152,10.0
FULL,4,train,153,18.0
FULL,4,train,154,20.0
FULL,4,train,155,17.0
FULL,4,train,156,10.0
FULL,4,train,157,10.0
FULL,4,train,158,10.0
FULL,4,train,159,9.0
FULL,4,train,160,10.0
FULL,4,train,161,18.0
FULL,4,train,162,9.0
FULL,4,train,163,11.0
FULL,4,train,164,9.0
FULL,4,train,165,13.0
FULL,4,train,166,8.0
FULL,4,train,167,9.0
FULL,4,train,168,10.0
FULL,4,train,169,12.0
FULL,4,train,170,10.0
FULL,4,train,171,12.0
FULL,4,train,172,10.0
FULL,4,train,173,14.0
FULL,4,train,174,10.0
FULL,4,train,175,10.0
FULL,4,train,176,12.0
FULL,4,train,177,11.0
FULL,4,train,178,11.0
FULL,4,train,179,12.0
FULL,4,train,180,9.0
FULL,4,train,181,10.0
FULL,4,train,182,8.0
FULL,4,train,183,10.0
FULL,4,train,184,9.0
FULL,4,train,185,9.0
FULL,4,train,186,8.0
FULL,4,train,187,10.0
FULL,4,train,188,18.0
FULL,4,train,189,11.0
FULL,4,train,190,17.0
FULL,4,train,191,10.0
FULL,4,train,192,10.0
FULL,4,train,193,10.0
FULL,4,train,194,11.0
FULL,4,train,195,11.0
FULL,4,train,196,11.0
FULL,4,train,197,13.0
FULL,4,train,198,10.0
FULL,4,train,199,10.0
FULL,4,train,200,19.0
FULL,4,train,201,9.0
FULL,4,train,202,10.0
FULL,4,train,203,8.0
FULL,4,train,204,11.0
FULL,4,train,205,9.0
FULL,4,train,206,11.0
FULL,4,train,207,11.0
FULL,4,train,208,10.0
FULL,4,train,209,10.0
FULL,4,train,210,14.0
FULL,4,train,211,12.0
FULL,4,train,212,11.0
FULL,4,train,213,14.0
FULL,4,train,214,12.0
FULL,4,train,215,9.0
FULL,4,train,216,9.0
FULL,4,train,217,8.0
FULL,4,train,218,15.0
FULL,4,train,219,9.0
FULL,4,train,220,9.0
FULL,4,train,221,10.0
FULL,4,train,222,15.0
FULL,4,train,223,31.0
FULL,4,train,224,22.0
FULL,4,train,225,11.0
FULL,4,train,226,8.0
FULL,4,train,227,76.0
FULL,4,train,228,11.0
FULL,4,train,229,10.0
FULL,4,train,230,29.0
FULL,4,train,231,145.0
FULL,4,train,232,79.0
FULL,4,train,233,144.0
FULL,4,train,234,39.0
FULL,4,train,235,29.0
FULL,4,train,236,21.0
FULL,4,train,237,83.0
FULL,4,train,238,75.0
FULL,4,train,239,41.0
FULL,4,train,240,52.0
FULL,4,train,241,29.0
FULL,4,train,242,76.0
FULL,4,train,243,86.0
FULL,4,train,244,108.0
FULL,4,train,245,32.0
FULL,4,train,246,40.0
FULL,4,train,247,23.0
FULL,4,train,248,30.0
FULL,4,train,249,18.0
FULL,4,train,250,26.0
FULL,4,train,251,58.0
FULL,4,train,252,31.0
FULL,4,train,253,39.0
FULL,4,train,254,83.0
FULL,4,train,255,28.0
FULL,4,train,256,113.0
FULL,4,train,257,70.0
FULL,4,train,258,31.0
FULL,4,train,259,32.0
FULL,4,train,260,37.0
FULL,4,train,261,100.0
FULL,4,train,262,28.0
FULL,4,train,263,52.0
FULL,4,train,264,35.0
FULL,4,train,265,110.0
FULL,4,train,266,44.0
FULL,4,train,267,51.0
FULL,4,train,268,60.0
FULL,4,train,269,62.0
FULL,4,train,270,52.0
FULL,4,train,271,81.0
FULL,4,train,272,79.0
FULL,4,train,273,48.0
FULL,4,train,274,85.0
FULL,4,train,275,96.0
FULL,4,train,276,35.0
FULL,4,train,277,79.0
FULL,4,train,278,115.0
FULL,4,train,279,40.0
FULL,4,train,280,44.0
FULL,4,train,281,80.0
FULL,4,train,282,77.0
FULL,4,train,283,56.0
FULL,4,train,284,33.0
FULL,4,train,285,77.0
FULL,4,train,286,88.0
FULL,4,train,287,43.0
FULL,4,train,288,125.0
FULL,4,train,289,101.0
FULL,4,train,290,176.0
FULL,4,train,291,58.0
FULL,4,train,292,73.0
FULL,4,train,293,77.0
FULL,4,train,294,128.0
FULL,4,train,295,44.0
FULL,4,train,296,101.0
FULL,4,train,297,50.0
FULL,4,train,298,50.0
FULL,4,train,299,66.0
FULL,4,train,300,149.0
FULL,4,train,301,55.0
FULL,4,train,302,73.0
FULL,4,train,303,43.0
FULL,4,train,304,25.0
FULL,4,train,305,66.0
FULL,4,train,306,61.0
FULL,4,train,307,43.0
FULL,4,train,308,89.0
FULL,4,train,309,34.0
FULL,4,train,310,49.0
FULL,4,train,311,100.0
FULL,4,train,312,41.0
FULL,4,train,313,125.0
FULL,4,train,314,53.0
FULL,4,train,315,52.0
FULL,4,train,316,74.0
FULL,4,train,317,55.0
FULL,4,train,318,101.0
FULL,4,train,319,66.0
FULL,4,train,320,64.0
FULL,4,train,321,115.0
FULL,4,train,322,58.0
FULL,4,train,323,55.0
FULL,4,train,324,82.0
FULL,4,train,325,54.0
FULL,4,train,326,61.0
FULL,4,train,327,104.0
FULL,4,train,328,128.0
FULL,4,train,329,95.0
FULL,4,train,330,110.0
FULL,4,train,331,93.0
FULL,4,train,332,34.0
FULL,4,train,333,34.0
FULL,4,train,334,70.0
FULL,4,train,335,48.0
FULL,4,train,336,177.0
FULL,4,train,337,135.0
FULL,4,train,338,136.0
FULL,4,train,339,294.0
FULL,4,train,340,117.0
FULL,4,train,341,283.0
FULL,4,train,342,65.0
FULL,4,train,343,74.0
FULL,4,train,344,99.0
FULL,4,train,345,101.0
FULL,4,train,346,148.0
FULL,4,train,347,71.0
FULL,4,train,348,78.0
FULL,4,train,349,53.0
FULL,4,train,350,135.0
FULL,4,train,351,55.0
FULL,4,train,352,143.0
FULL,4,train,353,117.0
FULL,4,train,354,117.0
FULL,4,train,355,70.0
FULL,4,train,356,94.0
FULL,4,train,357,175.0
FULL,4,train,358,223.0
FULL,4,train,359,214.0
FULL,4,train,360,379.0
FULL,4,train,361,192.0
FULL,4,train,362,192.0
FULL,4,train,363,215.0
FULL,4,train,364,213.0
FULL,4,train,365,296.0
FULL,4,train,366,191.0
FULL,4,train,367,97.0
FULL,4,train,368,388.0
FULL,4,train,369,174.0
FULL,4,train,370,305.0
FULL,4,train,371,202.0
FULL,4,train,372,235.0
FULL,4,train,373,492.0
FULL,4,train,374,357.0
FULL,4,train,375,373.0
FULL,4,train,376,496.0
FULL,4,train,377,209.0
FULL,4,train,378,500.0
FULL,4,train,379,206.0
FULL,4,train,380,500.0
FULL,4,train,381,172.0
FULL,4,train,382,500.0
FULL,4,train,383,500.0
FULL,4,train,384,236.0
FULL,4,train,385,348.0
FULL,4,train,386,414.0
FULL,4,train,387,293.0
FULL,4,train,388,283.0
FULL,4,train,389,349.0
FULL,4,train,390,426.0
FULL,4,train,391,306.0
FULL,4,train,392,302.0
FULL,4,train,393,216.0
FULL,4,train,394,415.0
FULL,4,train,395,442.0
FULL,4,train,396,286.0
FULL,4,train,397,192.0
FULL,4,train,398,187.0
FULL,4,train,399,259.0
FULL,4,train,400,500.0
FULL,4,train,401,270.0
FULL,4,train,402,242.0
FULL,4,train,403,288.0
FULL,4,train,404,307.0
FULL,4,train,405,411.0
FULL,4,train,406,417.0
FULL,4,train,407,347.0
FULL,4,train,408,312.0
FULL,4,train,409,197.0
FULL,4,train,410,281.0
FULL,4,train,411,269.0
FULL,4,train,412,261.0
FULL,4,train,413,287.0
FULL,4,train,414,293.0
FULL,4,train,415,384.0
FULL,4,train,416,343.0
FULL,4,train,417,227.0
FULL,4,train,418,391.0
FULL,4,train,419,244.0
FULL,4,train,420,256.0
FULL,4,train,421,236.0
FULL,4,train,422,255.0
FULL,4,train,423,335.0
FULL,4,train,424,200.0
FULL,4,train,425,275.0
FULL,4,train,426,319.0
FULL,4,train,427,208.0
FULL,4,train,428,243.0
FULL,4,train,429,243.0
FULL,4,train,430,228.0
FULL,4,train,431,202.0
FULL,4,train,432,166.0
FULL,4,train,433,185.0
FULL,4,train,434,262.0
FULL,4,train,435,279.0
FULL,4,train,436,163.0
FULL,4,train,437,186.0
FULL,4,train,438,150.0
FULL,4,train,439,217.0
FULL,4,train,440,198.0
FULL,4,train,441,228.0
FULL,4,train,442,198.0
FULL,4,train,443,187.0
FULL,4,train,444,183.0
FULL,4,train,445,211.0
FULL,4,train,446,213.0
FULL,4,train,447,206.0
FULL,4,train,448,243.0
FULL,4,train,449,189.0
FULL,4,train,450,115.0
FULL,4,train,451,172.0
FULL,4,train,452,178.0
FULL,4,train,453,184.0
FULL,4,train,454,171.0
FULL,4,train,455,193.0
FULL,4,train,456,189.0
FULL,4,train,457,121.0
FULL,4,train,458,184.0
FULL,4,train,459,138.0
FULL,4,train,460,147.0
FULL,4,train,461,199.0
FULL,4,train,462,195.0
FULL,4,train,463,220.0
FULL,4,train,464,125.0
FULL,4,train,465,193.0
FULL,4,train,466,196.0
FULL,4,train,467,182.0
FULL,4,train,468,191.0
FULL,4,train,469,172.0
FULL,4,train,470,119.0
FULL,4,train,471,155.0
FULL,4,train,472,169.0
FULL,4,train,473,169.0
FULL,4,train,474,155.0
FULL,4,train,475,98.0
FULL,4,train,476,174.0
FULL,4,train,477,157.0
FULL,4,train,478,161.0
FULL,4,train,479,136.0
FULL,4,train,480,170.0
FULL,4,train,481,141.0
FULL,4,train,482,89.0
FULL,4,train,483,154.0
FULL,4,train,484,160.0
FULL,4,train,485,86.0
FULL,4,train,486,138.0
FULL,4,train,487,137.0
FULL,4,train,488,169.0
FULL,4,train,489,110.0
FULL,4,train,490,99.0
FULL,4,train,491,91.0
FULL,4,train,492,158.0
FULL,4,train,493,87.0
FULL,4,train,494,146.0
FULL,4,train,495,142.0
FULL,4,train,496,154.0
FULL,4,train,497,136.0
FULL,4,train,498,83.0
FULL,4,train,499,180.0
FULL,4,train,500,136.0
FULL,5,train,1,18.0
FULL,5,train,2,24.0
FULL,5,train,3,29.0
FULL,5,train,4,40.0
FULL,5,train,5,16.0
FULL,5,train,6,20.0
FULL,5,train,7,12.0
FULL,5,train,8,14.0
FULL,5,train,9,15.0
FULL,5,train,10,24.0
FULL,5,train,11,14.0
FULL,5,train,12,21.0
FULL,5,train,13,13.0
FULL,5,train,14,18.0
FULL,5,train,15,8.0
FULL,5,train,16,12.0
FULL,5,train,17,12.0
FULL,5,train,18,15.0
FULL,5,train,19,14.0
FULL,5,train,20,11.0
FULL,5,train,21,19.0
FULL,5,train,22,13.0
FULL,5,train,23,13.0
FULL,5,train,24,10.0
FULL,5,train,25,10.0
FULL,5,train,26,12.0
FULL,5,train,27,9.0
FULL,5,train,28,15.0
FULL,5,train,29,9.0
FULL,5,train,30,11.0
FULL,5,train,31,15.0
FULL,5,train,32,9.0
FULL,5,train,33,14.0
FULL,5,train,34,9.0
FULL,5,train,35,10.0
FULL,5,train,36,9.0
FULL,5,train,37,11.0
FULL,5,train,38,12.0
FULL,5,train,39,35.0
FULL,5,train,40,13.0
FULL,5,train,41,11.0
FULL,5,train,42,14.0
FULL,5,train,43,11.0
FULL,5,train,44,18.0
FULL,5,train,45,10.0
FULL,5,train,46,10.0
FULL,5,train,47,10.0
FULL,5,train,48,16.0
FULL,5,train,49,13.0
FULL,5,train,50,10.0
FULL,5,train,51,13.0
FULL,5,train,52,10.0
FULL,5,train,53,11.0
FULL,5,train,54,10.0
FULL,5,train,55,8.0
FULL,5,train,56,11.0
FULL,5,train,57,10.0
FULL,5,train,58,11.0
FULL,5,train,59,11.0
FULL,5,train,60,15.0
FULL,5,train,61,11.0
FULL,5,train,62,9.0
FULL,5,train,63,16.0
FULL,5,train,64,12.0
FULL,5,train,65,9.0
FULL,5,train,66,10.0
FULL,5,train,67,9.0
FULL,5,train,68,10.0
FULL,5,train,69,10.0
FULL,5,train,70,12.0
FULL,5,train,71,10.0
FULL,5,train,72,12.0
FULL,5,train,73,10.0
FULL,5,train,74,15.0
FULL,5,train,75,9.0
FULL,5,train,76,10.0
FULL,5,train,77,10.0
FULL,5,train,78,10.0
FULL,5,train,79,10.0
FULL,5,train,80,10.0
FULL,5,train,81,10.0
FULL,5,train,82,9.0
FULL,5,train,83,10.0
FULL,5,train,84,10.0
FULL,5,train,85,9.0
FULL,5,train,86,10.0
FULL,5,train,87,9.0
FULL,5,train,88,9.0
FULL,5,train,89,10.0
FULL,5,train,90,10.0
FULL,5,train,91,9.0
FULL,5,train,92,12.0
FULL,5,train,93,8.0
FULL,5,train,94,13.0
FULL,5,train,95,9.0
FULL,5,train,96,12.0
FULL,5,train,97,11.0
FULL,5,train,98,9.0
FULL,5,train,99,9.0
FULL,5,train,100,11.0
FULL,5,train,101,8.0
FULL,5,train,102,11.0
FULL,5,train,103,9.0
FULL,5,train,104,10.0
FULL,5,train,105,11.0
FULL,5,train,106,11.0
FULL,5,train,107,10.0
FULL,5,train,108,14.0
FULL,5,train,109,12.0
FULL,5,train,110,11.0
FULL,5,train,111,11.0
FULL,5,train,112,13.0
FULL,5,train,113,9.0
FULL,5,train,114,13.0
FULL,5,train,115,11.0
FULL,5,train,116,14.0
FULL,5,train,117,10.0
FULL,5,train,118,10.0
FULL,5,train,119,13.0
FULL,5,train,120,10.0
FULL,5,train,121,15.0
FULL,5,train,122,10.0
FULL,5,train,123,16.0
FULL,5,train,124,15.0
FULL,5,train,125,10.0
FULL,5,train,126,11.0
FULL,5,train,127,12.0
FULL,5,train,128,12.0
FULL,5,train,129,10.0
FULL,5,train,130,12.0
FULL,5,train,131,10.0
FULL,5,train,132,12.0
FULL,5,train,133,13.0
FULL,5,train,134,10.0
FULL,5,train,135,14.0
FULL,5,train,136,9.0
FULL,5,train,137,13.0
FULL,5,train,138,11.0
FULL,5,train,139,10.0
FULL,5,train,140,15.0
FULL,5,train,141,14.0
FULL,5,train,142,14.0
FULL,5,train,143,20.0
FULL,5,train,144,11.0
FULL,5,train,145,13.0
FULL,5,train,146,13.0
FULL,5,train,147,9.0
FULL,5,train,148,11.0
FULL,5,train,149,15.0
FULL,5,train,150,12.0
FULL,5,train,151,17.0
FULL,5,train,152,12.0
FULL,5,train,153,13.0
FULL,5,train,154,17.0
FULL,5,train,155,10.0
FULL,5,train,156,10.0
FULL,5,train,157,10.0
FULL,5,train,158,14.0
FULL,5,train,159,11.0
FULL,5,train,160,15.0
FULL,5,train,161,14.0
FULL,5,train,162,16.0
FULL,5,train,163,10.0
FULL,5,train,164,9.0
FULL,5,train,165,10.0
FULL,5,train,166,9.0
FULL,5,train,167,9.0
FULL,5,train,168,14.0
FULL,5,train,169,8.0
FULL,5,train,170,11.0
FULL,5,train,171,9.0
FULL,5,train,172,18.0
FULL,5,train,173,10.0
FULL,5,train,174,9.0
FULL,5,train,175,9.0
FULL,5,train,176,9.0
FULL,5,train,177,10.0
FULL,5,train,178,9.0
FULL,5,train,179,18.0
FULL,5,train,180,14.0
FULL,5,train,181,8.0
FULL,5,train,182,26.0
FULL,5,train,183,9.0
FULL,5,train,184,9.0
FULL,5,train,185,32.0
FULL,5,train,186,52.0
FULL,5,train,187,11.0
FULL,5,train,188,9.0
FULL,5,train,189,10.0
FULL,5,train,190,10.0
FULL,5,train,191,9.0
FULL,5,train,192,9.0
FULL,5,train,193,14.0
FULL,5,train,194,11.0
FULL,5,train,195,12.0
FULL,5,train,196,9.0
FULL,5,train,197,9.0
FULL,5,train,198,10.0
FULL,5,train,199,9.0
FULL,5,train,200,10.0
FULL,5,train,201,8.0
FULL,5,train,202,8.0
FULL,5,train,203,11.0
FULL,5,train,204,9.0
FULL,5,train,205,10.0
FULL,5,train,206,10.0
FULL,5,train,207,11.0
FULL,5,train,208,14.0
FULL,5,train,209,10.0
FULL,5,train,210,8.0
FULL,5,train,211,10.0
FULL,5,train,212,10.0
FULL,5,train,213,9.0
FULL,5,train,214,8.0
FULL,5,train,215,8.0
FULL,5,train,216,11.0
FULL,5,train,217,9.0
FULL,5,train,218,9.0
FULL,5,train,219,9.0
FULL,5,train,220,8.0
FULL,5,train,221,12.0
FULL,5,train,222,10.0
FULL,5,train,223,10.0
FULL,5,train,224,11.0
FULL,5,train,225,8.0
FULL,5,train,226,13.0
FULL,5,train,227,11.0
FULL,5,train,228,10.0
FULL,5,train,229,10.0
FULL,5,train,230,13.0
FULL,5,train,231,8.0
FULL,5,train,232,16.0
FULL,5,train,233,9.0
FULL,5,train,234,15.0
FULL,5,train,235,10.0
FULL,5,train,236,11.0
FULL,5,train,237,16.0
FULL,5,train,238,18.0
FULL,5,train,239,16.0
FULL,5,train,240,10.0
FULL,5,train,241,9.0
FULL,5,train,242,14.0
FULL,5,train,243,10.0
FULL,5,train,244,15.0
FULL,5,train,245,12.0
FULL,5,train,246,15.0
FULL,5,train,247,9.0
FULL,5,train,248,13.0
FULL,5,train,249,27.0
FULL,5,train,250,18.0
FULL,5,train,251,19.0
FULL,5,train,252,11.0
FULL,5,train,253,16.0
FULL,5,train,254,29.0
FULL,5,train,255,64.0
FULL,5,train,256,70.0
FULL,5,train,257,57.0
FULL,5,train,258,21.0
FULL,5,train,259,25.0
FULL,5,train,260,25.0
FULL,5,train,261,27.0
FULL,5,train,262,71.0
FULL,5,train,263,22.0
FULL,5,train,264,12.0
FULL,5,train,265,37.0
FULL,5,train,266,31.0
FULL,5,train,267,21.0
FULL,5,train,268,81.0
FULL,5,train,269,17.0
FULL,5,train,270,13.0
FULL,5,train,271,21.0
FULL,5,train,272,26.0
FULL,5,train,273,24.0
FULL,5,train,274,17.0
FULL,5,train,275,77.0
FULL,5,train,276,60.0
FULL,5,train,277,102.0
FULL,5,train,278,27.0
FULL,5,train,279,28.0
FULL,5,train,280,32.0
FULL,5,train,281,29.0
FULL,5,train,282,39.0
FULL,5,train,283,30.0
FULL,5,train,284,145.0
FULL,5,train,285,34.0
FULL,5,train,286,60.0
FULL,5,train,287,54.0
FULL,5,train,288,39.0
FULL,5,train,289,134.0
FULL,5,train,290,109.0
FULL,5,train,291,125.0
FULL,5,train,292,73.0
FULL,5,train,293,91.0
FULL,5,train,294,43.0
FULL,5,train,295,102.0
FULL,5,train,296,65.0
FULL,5,train,297,195.0
FULL,5,train,298,72.0
FULL,5,train,299,89.0
FULL,5,train,300,86.0
FULL,5,train,301,32.0
FULL,5,train,302,83.0
FULL,5,train,303,151.0
FULL,5,train,304,34.0
FULL,5,train,305,76.0
FULL,5,train,306,74.0
FULL,5,train,307,60.0
FULL,5,train,308,50.0
FULL,5,train,309,47.0
FULL,5,train,310,50.0
FULL,5,train,311,37.0
FULL,5,train,312,61.0
FULL,5,train,313,21.0
FULL,5,train,314,92.0
FULL,5,train,315,55.0
FULL,5,train,316,39.0
FULL,5,train,317,96.0
FULL,5,train,318,66.0
FULL,5,train,319,49.0
FULL,5,train,320,214.0
FULL,5,train,321,56.0
FULL,5,train,322,38.0
FULL,5,train,323,99.0
FULL,5,train,324,64.0
FULL,5,train,325,52.0
FULL,5,train,326,78.0
FULL,5,train,327,76.0
FULL,5,train,328,45.0
FULL,5,train,329,73.0
FULL,5,train,330,155.0
FULL,5,train,331,60.0
FULL,5,train,332,40.0
FULL,5,train,333,129.0
FULL,5,train,334,91.0
FULL,5,train,335,57.0
FULL,5,train,336,56.0
FULL,5,train,337,101.0
FULL,5,train,338,101.0
FULL,5,train,339,92.0
FULL,5,train,340,65.0
FULL,5,train,341,154.0
FULL,5,train,342,50.0
FULL,5,train,343,43.0
FULL,5,train,344,60.0
FULL,5,train,345,58.0
FULL,5,train,346,75.0
FULL,5,train,347,30.0
FULL,5,train,348,49.0
FULL,5,train,349,125.0
FULL,5,train,350,53.0
FULL,5,train,351,47.0
FULL,5,train,352,93.0
FULL,5,train,353,106.0
FULL,5,train,354,52.0
FULL,5,train,355,29.0
FULL,5,train,356,94.0
FULL,5,train,357,173.0
FULL,5,train,358,60.0
FULL,5,train,359,95.0
FULL,5,train,360,89.0
FULL,5,train,361,130.0
FULL,5,train,362,74.0
FULL,5,train,363,126.0
FULL,5,train,364,44.0
FULL,5,train,365,90.0
FULL,5,train,366,72.0
FULL,5,train,367,197.0
FULL,5,train,368,166.0
FULL,5,train,369,136.0
FULL,5,train,370,100.0
FULL,5,train,371,90.0
FULL,5,train,372,142.0
FULL,5,train,373,125.0
FULL,5,train,374,94.0
FULL,5,train,375,111.0
FULL,5,train,376,62.0
FULL,5,train,377,104.0
FULL,5,train,378,159.0
FULL,5,train,379,47.0
FULL,5,train,380,133.0
FULL,5,train,381,150.0
FULL,5,train,382,46.0
FULL,5,train,383,92.0
FULL,5,train,384,89.0
FULL,5,train,385,152.0
FULL,5,train,386,159.0
FULL,5,train,387,58.0
FULL,5,train,388,46.0
FULL,5,train,389,148.0
FULL,5,train,390,129.0
FULL,5,train,391,39.0
FULL,5,train,392,84.0
FULL,5,train,393,48.0
FULL,5,train,394,48.0
FULL,5,train,395,111.0
FULL,5,train,396,55.0
FULL,5,train,397,149.0
FULL,5,train,398,55.0
FULL,5,train,399,113.0
FULL,5,train,400,163.0
FULL,5,train,401,93.0
FULL,5,train,402,126.0
FULL,5,train,403,107.0
FULL,5,train,404,69.0
FULL,5,train,405,71.0
FULL,5,train,406,57.0
FULL,5,train,407,91.0
FULL,5,train,408,124.0
FULL,5,train,409,180.0
FULL,5,train,410,140.0
FULL,5,train,411,119.0
FULL,5,train,412,137.0
FULL,5,train,413,368.0
FULL,5,train,414,75.0
FULL,5,train,415,145.0
FULL,5,train,416,117.0
FULL,5,train,417,72.0
FULL,5,train,418,131.0
FULL,5,train,419,315.0
FULL,5,train,420,347.0
FULL,5,train,421,61.0
FULL,5,train,422,213.0
FULL,5,train,423,441.0
FULL,5,train,424,307.0
FULL,5,train,425,194.0
FULL,5,train,426,141.0
FULL,5,train,427,156.0
FULL,5,train,428,142.0
FULL,5,train,429,255.0
FULL,5,train,430,298.0
FULL,5,train,431,228.0
FULL,5,train,432,138.0
FULL,5,train,433,364.0
FULL,5,train,434,142.0
FULL,5,train,435,187.0
FULL,5,train,436,359.0
FULL,5,train,437,484.0
FULL,5,train,438,500.0
FULL,5,train,439,78.0
FULL,5,train,440,143.0
FULL,5,train,441,181.0
FULL,5,train,442,192.0
FULL,5,train,443,235.0
FULL,5,train,444,84.0
FULL,5,train,445,194.0
FULL,5,train,446,360.0
FULL,5,train,447,412.0
FULL,5,train,448,306.0
FULL,5,train,449,195.0
FULL,5,train,450,252.0
FULL,5,train,451,206.0
FULL,5,train,452,186.0
FULL,5,train,453,260.0
FULL,5,train,454,487.0
FULL,5,train,455,326.0
FULL,5,train,456,221.0
FULL,5,train,457,500.0
FULL,5,train,458,392.0
FULL,5,train,459,401.0
FULL,5,train,460,432.0
FULL,5,train,461,209.0
FULL,5,train,462,282.0
FULL,5,train,463,320.0
FULL,5,train,464,186.0
FULL,5,train,465,169.0
FULL,5,train,466,139.0
FULL,5,train,467,172.0
FULL,5,train,468,171.0
FULL,5,train,469,190.0
FULL,5,train,470,136.0
FULL,5,train,471,168.0
FULL,5,train,472,158.0
FULL,5,train,473,138.0
FULL,5,train,474,145.0
FULL,5,train,475,407.0
FULL,5,train,476,500.0
FULL,5,train,477,231.0
FULL,5,train,478,174.0
FULL,5,train,479,151.0
FULL,5,train,480,159.0
FULL,5,train,481,142.0
FULL,5,train,482,160.0
FULL,5,train,483,160.0
FULL,5,train,484,500.0
FULL,5,train,485,174.0
FULL,5,train,486,151.0
FULL,5,train,487,172.0
FULL,5,train,488,186.0
FULL,5,train,489,346.0
FULL,5,train,490,173.0
FULL,5,train,491,172.0
FULL,5,train,492,194.0
FULL,5,train,493,188.0
FULL,5,train,494,177.0
FULL,5,train,495,159.0
FULL,5,train,496,184.0
FULL,5,train,497,176.0
FULL,5,train,498,500.0
FULL,5,train,499,191.0
FULL,5,train,500,393.0
FULL,6,train,1,44.0
FULL,6,train,2,14.0
FULL,6,train,3,53.0
FULL,6,train,4,12.0
FULL,6,train,5,25.0
FULL,6,train,6,40.0
FULL,6,train,7,14.0
FULL,6,train,8,13.0
FULL,6,train,9,48.0
FULL,6,train,10,67.0
FULL,6,train,11,67.0
FULL,6,train,12,49.0
FULL,6,train,13,31.0
FULL,6,train,14,58.0
FULL,6,train,15,39.0
FULL,6,train,16,24.0
FULL,6,train,17,19.0
FULL,6,train,18,12.0
FULL,6,train,19,101.0
FULL,6,train,20,13.0
FULL,6,train,21,13.0
FULL,6,train,22,11.0
FULL,6,train,23,13.0
FULL,6,train,24,10.0
FULL,6,train,25,12.0
FULL,6,train,26,12.0
FULL,6,train,27,13.0
FULL,6,train,28,16.0
FULL,6,train,29,11.0
FULL,6,train,30,16.0
FULL,6,train,31,9.0
FULL,6,train,32,10.0
FULL,6,train,33,11.0
FULL,6,train,34,10.0
FULL,6,train,35,12.0
FULL,6,train,36,8.0
FULL,6,train,37,13.0
FULL,6,train,38,9.0
FULL,6,train,39,9.0
FULL,6,train,40,11.0
FULL,6,train,41,11.0
FULL,6,train,42,11.0
FULL,6,train,43,11.0
FULL,6,train,44,9.0
FULL,6,train,45,13.0
FULL,6,train,46,10.0
FULL,6,train,47,11.0
FULL,6,train,48,12.0
FULL,6,train,49,13.0
FULL,6,train,50,9.0
FULL,6,train,51,11.0
FULL,6,train,52,10.0
FULL,6,train,53,12.0
FULL,6,train,54,10.0
FULL,6,train,55,9.0
FULL,6,train,56,9.0
FULL,6,train,57,10.0
FULL,6,train,58,46.0
FULL,6,train,59,10.0
FULL,6,train,60,13.0
FULL,6,train,61,9.0
FULL,6,train,62,9.0
FULL,6,train,63,42.0
FULL,6,train,64,13.0
FULL,6,train,65,11.0
FULL,6,train,66,11.0
FULL,6,train,67,12.0
FULL,6,train,68,14.0
FULL,6,train,69,13.0
FULL,6,train,70,16.0
FULL,6,train,71,14.0
FULL,6,train,72,14.0
FULL,6,train,73,27.0
FULL,6,train,74,12.0
FULL,6,train,75,36.0
FULL,6,train,76,14.0
FULL,6,train,77,12.0
FULL,6,train,78,13.0
FULL,6,train,79,12.0
FULL,6,train,80,12.0
FULL,6,train,81,12.0
FULL,6,train,82,12.0
FULL,6,train,83,10.0
FULL,6,train,84,12.0
FULL,6,train,85,13.0
FULL,6,train,86,19.0
FULL,6,train,87,14.0
FULL,6,train,88,12.0
FULL,6,train,89,10.0
FULL,6,train,90,11.0
FULL,6,train,91,18.0
FULL,6,train,92,8.0
FULL,6,train,93,11.0
FULL,6,train,94,11.0
FULL,6,train,95,12.0
FULL,6,train,96,14.0
FULL,6,train,97,33.0
FULL,6,train,98,10.0
FULL,6,train,99,9.0
FULL,6,train,100,21.0
FULL,6,train,101,10.0
FULL,6,train,102,8.0
FULL,6,train,103,10.0
FULL,6,train,104,10.0
FULL,6,train,105,11.0
FULL,6,train,106,10.0
FULL,6,train,107,9.0
FULL,6,train,108,11.0
FULL,6,train,109,10.0
FULL,6,train,110,11.0
FULL,6,train,111,10.0
FULL,6,train,112,9.0
FULL,6,train,113,10.0
FULL,6,train,114,10.0
FULL,6,train,115,12.0
FULL,6,train,116,10.0
FULL,6,train,117,9.0
FULL,6,train,118,12.0
FULL,6,train,119,11.0
FULL,6,train,120,10.0
FULL,6,train,121,9.0
FULL,6,train,122,11.0
FULL,6,train,123,14.0
FULL,6,train,124,9.0
FULL,6,train,125,11.0
FULL,6,train,126,11.0
FULL,6,train,127,9.0
FULL,6,train,128,12.0
FULL,6,train,129,13.0
FULL,6,train,130,10.0
FULL,6,train,131,16.0
FULL,6,train,132,10.0
FULL,6,train,133,9.0
FULL,6,train,134,11.0
FULL,6,train,135,8.0
FULL,6,train,136,10.0
FULL,6,train,137,10.0
FULL,6,train,138,10.0
FULL,6,train,139,15.0
FULL,6,train,140,15.0
FULL,6,train,141,10.0
FULL,6,train,142,10.0
FULL,6,train,143,11.0
FULL,6,train,144,12.0
FULL,6,train,145,10.0
FULL,6,train,146,12.0
FULL,6,train,147,10.0
FULL,6,train,148,9.0
FULL,6,train,149,11.0
FULL,6,train,150,8.0
FULL,6,train,151,9.0
FULL,6,train,152,10.0
FULL,6,train,153,10.0
FULL,6,train,154,10.0
FULL,6,train,155,12.0
FULL,6,train,156,14.0
FULL,6,train,157,15.0
FULL,6,train,158,14.0
FULL,6,train,159,12.0
FULL,6,train,160,18.0
FULL,6,train,161,16.0
FULL,6,train,162,18.0
FULL,6,train,163,22.0
FULL,6,train,164,36.0
FULL,6,train,165,20.0
FULL,6,train,166,14.0
FULL,6,train,167,24.0
FULL,6,train,168,17.0
FULL,6,train,169,28.0
FULL,6,train,170,94.0
FULL,6,train,171,120.0
FULL,6,train,172,33.0
FULL,6,train,173,17.0
FULL,6,train,174,15.0
FULL,6,train,175,31.0
FULL,6,train,176,90.0
FULL,6,train,177,29.0
FULL,6,train,178,61.0
FULL,6,train,179,23.0
FULL,6,train,180,21.0
FULL,6,train,181,49.0
FULL,6,train,182,85.0
FULL,6,train,183,48.0
FULL,6,train,184,65.0
FULL,6,train,185,74.0
FULL,6,train,186,37.0
FULL,6,train,187,20.0
FULL,6,train,188,85.0
FULL,6,train,189,34.0
FULL,6,train,190,25.0
FULL,6,train,191,57.0
FULL,6,train,192,47.0
FULL,6,train,193,33.0
FULL,6,train,194,26.0
FULL,6,train,195,40.0
FULL,6,train,196,82.0
FULL,6,train,197,35.0
FULL,6,train,198,39.0
FULL,6,train,199,83.0
FULL,6,train,200,85.0
FULL,6,train,201,62.0
FULL,6,train,202,79.0
FULL,6,train,203,60.0
FULL,6,train,204,58.0
FULL,6,train,205,29.0
FULL,6,train,206,50.0
FULL,6,train,207,29.0
FULL,6,train,208,47.0
FULL,6,train,209,59.0
FULL,6,train,210,77.0
FULL,6,train,211,78.0
FULL,6,train,212,99.0
FULL,6,train,213,72.0
FULL,6,train,214,22.0
FULL,6,train,215,141.0
FULL,6,train,216,91.0
FULL,6,train,217,53.0
FULL,6,train,218,39.0
FULL,6,train,219,61.0
FULL,6,train,220,36.0
FULL,6,train,221,100.0
FULL,6,train,222,71.0
FULL,6,train,223,60.0
FULL,6,train,224,49.0
FULL,6,train,225,93.0
FULL,6,train,226,85.0
FULL,6,train,227,39.0
FULL,6,train,228,38.0
FULL,6,train,229,33.0
FULL,6,train,230,58.0
FULL,6,train,231,88.0
FULL,6,train,232,30.0
FULL,6,train,233,41.0
FULL,6,train,234,102.0
FULL,6,train,235,90.0
FULL,6,train,236,95.0
FULL,6,train,237,34.0
FULL,6,train,238,70.0
FULL,6,train,239,58.0
FULL,6,train,240,62.0
FULL,6,train,241,63.0
FULL,6,train,242,52.0
FULL,6,train,243,72.0
FULL,6,train,244,35.0
FULL,6,train,245,61.0
FULL,6,train,246,59.0
FULL,6,train,247,82.0
FULL,6,train,248,67.0
FULL,6,train,249,50.0
FULL,6,train,250,64.0
FULL,6,train,251,75.0
FULL,6,train,252,53.0
FULL,6,train,253,94.0
FULL,6,train,254,163.0
FULL,6,train,255,129.0
FULL,6,train,256,73.0
FULL,6,train,257,64.0
FULL,6,train,258,126.0
FULL,6,train,259,58.0
FULL,6,train,260,89.0
FULL,6,train,261,100.0
FULL,6,train,262,110.0
FULL,6,train,263,78.0
FULL,6,train,264,138.0
FULL,6,train,265,81.0
FULL,6,train,266,154.0
FULL,6,train,267,150.0
FULL,6,train,268,129.0
FULL,6,train,269,54.0
FULL,6,train,270,40.0
FULL,6,train,271,45.0
FULL,6,train,272,101.0
FULL,6,train,273,97.0
FULL,6,train,274,110.0
FULL,6,train,275,80.0
FULL,6,train,276,80.0
FULL,6,train,277,144.0
FULL,6,train,278,115.0
FULL,6,train,279,81.0
FULL,6,train,280,176.0
FULL,6,train,281,54.0
FULL,6,train,282,90.0
FULL,6,train,283,94.0
FULL,6,train,284,88.0
FULL,6,train,285,118.0
FULL,6,train,286,86.0
FULL,6,train,287,407.0
FULL,6,train,288,177.0
FULL,6,train,289,123.0
FULL,6,train,290,105.0
FULL,6,train,291,302.0
FULL,6,train,292,117.0
FULL,6,train,293,500.0
FULL,6,train,294,134.0
FULL,6,train,295,368.0
FULL,6,train,296,193.0
FULL,6,train,297,196.0
FULL,6,train,298,159.0
FULL,6,train,299,107.0
FULL,6,train,300,193.0
FULL,6,train,301,82.0
FULL,6,train,302,259.0
FULL,6,train,303,226.0
FULL,6,train,304,276.0
FULL,6,train,305,190.0
FULL,6,train,306,204.0
FULL,6,train,307,172.0
FULL,6,train,308,207.0
FULL,6,train,309,280.0
FULL,6,train,310,230.0
FULL,6,train,311,449.0
FULL,6,train,312,205.0
FULL,6,train,313,158.0
FULL,6,train,314,113.0
FULL,6,train,315,157.0
FULL,6,train,316,192.0
FULL,6,train,317,40.0
FULL,6,train,318,190.0
FULL,6,train,319,301.0
FULL,6,train,320,177.0
FULL,6,train,321,161.0
FULL,6,train,322,322.0
FULL,6,train,323,365.0
FULL,6,train,324,333.0
FULL,6,train,325,341.0
FULL,6,train,326,251.0
FULL,6,train,327,225.0
FULL,6,train,328,140.0
FULL,6,train,329,266.0
FULL,6,train,330,500.0
FULL,6,train,331,195.0
FULL,6,train,332,194.0
FULL,6,train,333,479.0
FULL,6,train,334,294.0
FULL,6,train,335,257.0
FULL,6,train,336,177.0
FULL,6,train,337,312.0
FULL,6,train,338,338.0
FULL,6,train,339,209.0
FULL,6,train,340,286.0
FULL,6,train,341,205.0
FULL,6,train,342,454.0
FULL,6,train,343,260.0
FULL,6,train,344,263.0
FULL,6,train,345,242.0
FULL,6,train,346,349.0
FULL,6,train,347,500.0
FULL,6,train,348,211.0
FULL,6,train,349,293.0
FULL,6,train,350,479.0
FULL,6,train,351,274.0
FULL,6,train,352,500.0
FULL,6,train,353,346.0
FULL,6,train,354,209.0
FULL,6,train,355,229.0
FULL,6,train,356,348.0
FULL,6,train,357,500.0
FULL,6,train,358,285.0
FULL,6,train,359,380.0
FULL,6,train,360,313.0
FULL,6,train,361,500.0
FULL,6,train,362,261.0
FULL,6,train,363,500.0
FULL,6,train,364,388.0
FULL,6,train,365,500.0
FULL,6,train,366,384.0
FULL,6,train,367,500.0
FULL,6,train,368,247.0
FULL,6,train,369,384.0
FULL,6,train,370,300.0
FULL,6,train,371,301.0
FULL,6,train,372,500.0
FULL,6,train,373,407.0
FULL,6,train,374,500.0
FULL,6,train,375,249.0
FULL,6,train,376,426.0
FULL,6,train,377,288.0
FULL,6,train,378,500.0
FULL,6,train,379,500.0
FULL,6,train,380,500.0
FULL,6,train,381,500.0
FULL,6,train,382,500.0
FULL,6,train,383,416.0
FULL,6,train,384,453.0
FULL,6,train,385,500.0
FULL,6,train,386,235.0
FULL,6,train,387,500.0
FULL,6,train,388,500.0
FULL,6,train,389,350.0
FULL,6,train,390,500.0
FULL,6,train,391,231.0
FULL,6,train,392,285.0
FULL,6,train,393,500.0
FULL,6,train,394,317.0
FULL,6,train,395,500.0
FULL,6,train,396,500.0
FULL,6,train,397,500.0
FULL,6,train,398,472.0
FULL,6,train,399,268.0
FULL,6,train,400,500.0
FULL,6,train,401,357.0
FULL,6,train,402,354.0
FULL,6,train,403,500.0
FULL,6,train,404,500.0
FULL,6,train,405,500.0
FULL,6,train,406,431.0
FULL,6,train,407,500.0
FULL,6,train,408,478.0
FULL,6,train,409,500.0
FULL,6,train,410,500.0
FULL,6,train,411,500.0
FULL,6,train,412,500.0
FULL,6,train,413,500.0
FULL,6,train,414,500.0
FULL,6,train,415,439.0
FULL,6,train,416,500.0
FULL,6,train,417,500.0
FULL,6,train,418,500.0
FULL,6,train,419,500.0
FULL,6,train,420,500.0
FULL,6,train,421,500.0
FULL,6,train,422,500.0
FULL,6,train,423,500.0
FULL,6,train,424,500.0
FULL,6,train,425,500.0
FULL,6,train,426,500.0
FULL,6,train,427,500.0
FULL,6,train,428,500.0
FULL,6,train,429,500.0
FULL,6,train,430,500.0
FULL,6,train,431,500.0
FULL,6,train,432,500.0
FULL,6,train,433,500.0
FULL,6,train,434,500.0
FULL,6,train,435,500.0
FULL,6,train,436,500.0
FULL,6,train,437,500.0
FULL,6,train,438,500.0
FULL,6,train,439,500.0
FULL,6,train,440,500.0
FULL,6,train,441,432.0
FULL,6,train,442,500.0
FULL,6,train,443,500.0
FULL,6,train,444,14.0
FULL,6,train,445,385.0
FULL,6,train,446,500.0
FULL,6,train,447,500.0
FULL,6,train,448,500.0
FULL,6,train,449,500.0
FULL,6,train,450,500.0
FULL,6,train,451,376.0
FULL,6,train,452,12.0
FULL,6,train,453,500.0
FULL,6,train,454,500.0
FULL,6,train,455,500.0
FULL,6,train,456,488.0
FULL,6,train,457,13.0
FULL,6,train,458,500.0
FULL,6,train,459,380.0
FULL,6,train,460,500.0
FULL,6,train,461,500.0
FULL,6,train,462,397.0
FULL,6,train,463,500.0
FULL,6,train,464,500.0
FULL,6,train,465,434.0
FULL,6,train,466,500.0
FULL,6,train,467,400.0
FULL,6,train,468,500.0
FULL,6,train,469,500.0
FULL,6,train,470,500.0
FULL,6,train,471,494.0
FULL,6,train,472,500.0
FULL,6,train,473,500.0
FULL,6,train,474,500.0
FULL,6,train,475,500.0
FULL,6,train,476,500.0
FULL,6,train,477,500.0
FULL,6,train,478,500.0
FULL,6,train,479,500.0
FULL,6,train,480,500.0
FULL,6,train,481,326.0
FULL,6,train,482,500.0
FULL,6,train,483,500.0
FULL,6,train,484,500.0
FULL,6,train,485,500.0
FULL,6,train,486,500.0
FULL,6,train,487,500.0
FULL,6,train,488,500.0
FULL,6,train,489,500.0
FULL,6,train,490,500.0
FULL,6,train,491,500.0
FULL,6,train,492,500.0
FULL,6,train,493,500.0
FULL,6,train,494,500.0
FULL,6,train,495,500.0
FULL,6,train,496,500.0
FULL,6,train,497,500.0
FULL,6,train,498,500.0
FULL,6,train,499,500.0
FULL,6,train,500,500.0
FULL,7,train,1,15.0
FULL,7,train,2,16.0
FULL,7,train,3,17.0
FULL,7,train,4,95.0
FULL,7,train,5,29.0
FULL,7,train,6,19.0
FULL,7,train,7,16.0
FULL,7,train,8,30.0
FULL,7,train,9,30.0
FULL,7,train,10,21.0
FULL,7,train,11,10.0
FULL,7,train,12,19.0
FULL,7,train,13,30.0
FULL,7,train,14,34.0
FULL,7,train,15,9.0
FULL,7,train,16,16.0
FULL,7,train,17,46.0
FULL,7,train,18,21.0
FULL,7,train,19,9.0
FULL,7,train,20,8.0
FULL,7,train,21,17.0
FULL,7,train,22,11.0
FULL,7,train,23,12.0
FULL,7,train,24,14.0
FULL,7,train,25,10.0
FULL,7,train,26,13.0
FULL,7,train,27,11.0
FULL,7,train,28,147.0
FULL,7,train,29,10.0
FULL,7,train,30,8.0
FULL,7,train,31,14.0
FULL,7,train,32,14.0
FULL,7,train,33,14.0
FULL,7,train,34,9.0
FULL,7,train,35,11.0
FULL,7,train,36,8.0
FULL,7,train,37,9.0
FULL,7,train,38,12.0
FULL,7,train,39,10.0
FULL,7,train,40,9.0
FULL,7,train,41,14.0
FULL,7,train,42,9.0
FULL,7,train,43,10.0
FULL,7,train,44,9.0
FULL,7,train,45,13.0
FULL,7,train,46,10.0
FULL,7,train,47,10.0
FULL,7,train,48,11.0
FULL,7,train,49,11.0
FULL,7,train,50,26.0
FULL,7,train,51,9.0
FULL,7,train,52,10.0
FULL,7,train,53,10.0
FULL,7,train,54,13.0
FULL,7,train,55,11.0
FULL,7,train,56,9.0
FULL,7,train,57,8.0
FULL,7,train,58,9.0
FULL,7,train,59,10.0
FULL,7,train,60,11.0
FULL,7,train,61,10.0
FULL,7,train,62,11.0
FULL,7,train,63,9.0
FULL,7,train,64,10.0
FULL,7,train,65,10.0
FULL,7,train,66,11.0
FULL,7,train,67,10.0
FULL,7,train,68,13.0
FULL,7,train,69,11.0
FULL,7,train,70,9.0
FULL,7,train,71,10.0
FULL,7,train,72,14.0
FULL,7,train,73,8.0
FULL,7,train,74,10.0
FULL,7,train,75,9.0
FULL,7,train,76,10.0
FULL,7,train,77,12.0
FULL,7,train,78,9.0
FULL,7,train,79,11.0
FULL,7,train,80,10.0
FULL,7,train,81,10.0
FULL,7,train,82,10.0
FULL,7,train,83,9.0
FULL,7,train,84,10.0
FULL,7,train,85,9.0
FULL,7,train,86,9.0
FULL,7,train,87,10.0
FULL,7,train,88,12.0
FULL,7,train,89,12.0
FULL,7,train,90,11.0
FULL,7,train,91,8.0
FULL,7,train,92,12.0
FULL,7,train,93,9.0
FULL,7,train,94,11.0
FULL,7,train,95,10.0
FULL,7,train,96,13.0
FULL,7,train,97,9.0
FULL,7,train,98,11.0
FULL,7,train,99,12.0
FULL,7,train,100,13.0
FULL,7,train,101,12.0
FULL,7,train,102,9.0
FULL,7,train,103,10.0
FULL,7,train,104,13.0
FULL,7,train,105,9.0
FULL,7,train,106,14.0
FULL,7,train,107,31.0
FULL,7,train,108,11.0
FULL,7,train,109,10.0
FULL,7,train,110,11.0
FULL,7,train,111,16.0
FULL,7,train,112,10.0
FULL,7,train,113,12.0
FULL,7,train,114,9.0
FULL,7,train,115,11.0
FULL,7,train,116,12.0
FULL,7,train,117,8.0
FULL,7,train,118,10.0
FULL,7,train,119,12.0
FULL,7,train,120,10.0
FULL,7,train,121,12.0
FULL,7,train,122,12.0
FULL,7,train,123,13.0
FULL,7,train,124,14.0
FULL,7,train,125,19.0
FULL,7,train,126,11.0
FULL,7,train,127,9.0
FULL,7,train,128,10.0
FULL,7,train,129,11.0
FULL,7,train,130,11.0
FULL,7,train,131,9.0
FULL,7,train,132,10.0
FULL,7,train,133,9.0
FULL,7,train,134,13.0
FULL,7,train,135,9.0
FULL,7,train,136,11.0
FULL,7,train,137,13.0
FULL,7,train,138,10.0
FULL,7,train,139,13.0
FULL,7,train,140,9.0
FULL,7,train,141,10.0
FULL,7,train,142,18.0
FULL,7,train,143,11.0
FULL,7,train,144,10.0
FULL,7,train,145,10.0
FULL,7,train,146,18.0
FULL,7,train,147,12.0
FULL,7,train,148,28.0
FULL,7,train,149,10.0
FULL,7,train,150,11.0
FULL,7,train,151,9.0
FULL,7,train,152,12.0
FULL,7,train,153,13.0
FULL,7,train,154,14.0
FULL,7,train,155,11.0
FULL,7,train,156,9.0
FULL,7,train,157,11.0
FULL,7,train,158,10.0
FULL,7,train,159,9.0
FULL,7,train,160,9.0
FULL,7,train,161,9.0
FULL,7,train,162,9.0
FULL,7,train,163,12.0
FULL,7,train,164,9.0
FULL,7,train,165,12.0
FULL,7,train,166,11.0
FULL,7,train,167,12.0
FULL,7,train,168,12.0
FULL,7,train,169,8.0
FULL,7,train,170,10.0
FULL,7,train,171,10.0
FULL,7,train,172,8.0
FULL,7,train,173,10.0
FULL,7,train,174,11.0
FULL,7,train,175,15.0
FULL,7,train,176,11.0
FULL,7,train,177,9.0
FULL,7,train,178,10.0
FULL,7,train,179,19.0
FULL,7,train,180,11.0
FULL,7,train,181,9.0
FULL,7,train,182,9.0
FULL,7,train,183,10.0
FULL,7,train,184,13.0
FULL,7,train,185,13.0
FULL,7,train,186,20.0
FULL,7,train,187,10.0
FULL,7,train,188,24.0
FULL,7,train,189,9.0
FULL,7,train,190,9.0
FULL,7,train,191,11.0
FULL,7,train,192,13.0
FULL,7,train,193,12.0
FULL,7,train,194,11.0
FULL,7,train,195,14.0
FULL,7,train,196,10.0
FULL,7,train,197,15.0
FULL,7,train,198,10.0
FULL,7,train,199,10.0
FULL,7,train,200,10.0
FULL,7,train,201,14.0
FULL,7,train,202,10.0
FULL,7,train,203,14.0
FULL,7,train,204,12.0
FULL,7,train,205,9.0
FULL,7,train,206,16.0
FULL,7,train,207,11.0
FULL,7,train,208,136.0
FULL,7,train,209,32.0
FULL,7,train,210,17.0
FULL,7,train,211,21.0
FULL,7,train,212,20.0
FULL,7,train,213,26.0
FULL,7,train,214,21.0
FULL,7,train,215,25.0
FULL,7,train,216,22.0
FULL,7,train,217,17.0
FULL,7,train,218,21.0
FULL,7,train,219,21.0
FULL,7,train,220,16.0
FULL,7,train,221,21.0
FULL,7,train,222,16.0
FULL,7,train,223,23.0
FULL,7,train,224,16.0
FULL,7,train,225,19.0
FULL,7,train,226,21.0
FULL,7,train,227,15.0
FULL,7,train,228,14.0
FULL,7,train,229,36.0
FULL,7,train,230,15.0
FULL,7,train,231,29.0
FULL,7,train,232,15.0
FULL,7,train,233,20.0
FULL,7,train,234,31.0
FULL,7,train,235,16.0
FULL,7,train,236,26.0
FULL,7,train,237,21.0
FULL,7,train,238,15.0
FULL,7,train,239,24.0
FULL,7,train,240,28.0
FULL,7,train,241,15.0
FULL,7,train,242,24.0
FULL,7,train,243,16.0
FULL,7,train,244,23.0
FULL,7,train,245,20.0
FULL,7,train,246,18.0
FULL,7,train,247,17.0
FULL,7,train,248,23.0
FULL,7,train,249,30.0
FULL,7,train,250,49.0
FULL,7,train,251,19.0
FULL,7,train,252,20.0
FULL,7,train,253,44.0
FULL,7,train,254,26.0
FULL,7,train,255,44.0
FULL,7,train,256,22.0
FULL,7,train,257,18.0
FULL,7,train,258,39.0
FULL,7,train,259,74.0
FULL,7,train,260,49.0
FULL,7,train,261,104.0
FULL,7,train,262,32.0
FULL,7,train,263,79.0
FULL,7,train,264,21.0
FULL,7,train,265,23.0
FULL,7,train,266,23.0
FULL,7,train,267,49.0
FULL,7,train,268,48.0
FULL,7,train,269,23.0
FULL,7,train,270,23.0
FULL,7,train,271,42.0
FULL,7,train,272,118.0
FULL,7,train,273,60.0
FULL,7,train,274,33.0
FULL,7,train,275,28.0
FULL,7,train,276,52.0
FULL,7,train,277,44.0
FULL,7,train,278,124.0
FULL,7,train,279,22.0
FULL,7,train,280,128.0
FULL,7,train,281,88.0
FULL,7,train,282,30.0
FULL,7,train,283,30.0
FULL,7,train,284,81.0
FULL,7,train,285,132.0
FULL,7,train,286,81.0
FULL,7,train,287,38.0
FULL,7,train,288,58.0
FULL,7,train,289,44.0
FULL,7,train,290,58.0
FULL,7,train,291,33.0
FULL,7,train,292,113.0
FULL,7,train,293,31.0
FULL,7,train,294,45.0
FULL,7,train,295,36.0
FULL,7,train,296,47.0
FULL,7,train,297,45.0
FULL,7,train,298,38.0
FULL,7,train,299,32.0
FULL,7,train,300,35.0
FULL,7,train,301,58.0
FULL,7,train,302,55.0
FULL,7,train,303,103.0
FULL,7,train,304,45.0
FULL,7,train,305,49.0
FULL,7,train,306,66.0
FULL,7,train,307,24.0
FULL,7,train,308,30.0
FULL,7,train,309,25.0
FULL,7,train,310,44.0
FULL,7,train,311,34.0
FULL,7,train,312,33.0
FULL,7,train,313,76.0
FULL,7,train,314,55.0
FULL,7,train,315,58.0
FULL,7,train,316,46.0
FULL,7,train,317,36.0
FULL,7,train,318,69.0
FULL,7,train,319,35.0
FULL,7,train,320,25.0
FULL,7,train,321,94.0
FULL,7,train,322,84.0
FULL,7,train,323,22.0
FULL,7,train,324,63.0
FULL,7,train,325,44.0
FULL,7,train,326,30.0
FULL,7,train,327,105.0
FULL,7,train,328,63.0
FULL,7,train,329,33.0
FULL,7,train,330,35.0
FULL,7,train,331,45.0
FULL,7,train,332,28.0
FULL,7,train,333,43.0
FULL,7,train,334,41.0
FULL,7,train,335,60.0
FULL,7,train,336,37.0
FULL,7,train,337,32.0
FULL,7,train,338,31.0
FULL,7,train,339,84.0
FULL,7,train,340,44.0
FULL,7,train,341,45.0
FULL,7,train,342,35.0
FULL,7,train,343,33.0
FULL,7,train,344,77.0
FULL,7,train,345,25.0
FULL,7,train,346,20.0
FULL,7,train,347,47.0
FULL,7,train,348,92.0
FULL,7,train,349,40.0
FULL,7,train,350,105.0
FULL,7,train,351,104.0
FULL,7,train,352,52.0
FULL,7,train,353,30.0
FULL,7,train,354,43.0
FULL,7,train,355,60.0
FULL,7,train,356,68.0
FULL,7,train,357,48.0
FULL,7,train,358,36.0
FULL,7,train,359,100.0
FULL,7,train,360,49.0
FULL,7,train,361,41.0
FULL,7,train,362,158.0
FULL,7,train,363,56.0
FULL,7,train,364,72.0
FULL,7,train,365,87.0
FULL,7,train,366,102.0
FULL,7,train,367,41.0
FULL,7,train,368,53.0
FULL,7,train,369,92.0
FULL,7,train,370,50.0
FULL,7,train,371,105.0
FULL,7,train,372,83.0
FULL,7,train,373,43.0
FULL,7,train,374,40.0
FULL,7,train,375,52.0
FULL,7,train,376,28.0
FULL,7,train,377,39.0
FULL,7,train,378,76.0
FULL,7,train,379,84.0
FULL,7,train,380,61.0
FULL,7,train,381,86.0
FULL,7,train,382,44.0
FULL,7,train,383,38.0
FULL,7,train,384,73.0
FULL,7,train,385,33.0
FULL,7,train,386,50.0
FULL,7,train,387,117.0
FULL,7,train,388,77.0
FULL,7,train,389,88.0
FULL,7,train,390,57.0
FULL,7,train,391,55.0
FULL,7,train,392,67.0
FULL,7,train,393,37.0
FULL,7,train,394,107.0
FULL,7,train,395,89.0
FULL,7,train,396,51.0
FULL,7,train,397,190.0
FULL,7,train,398,84.0
FULL,7,train,399,24.0
FULL,7,train,400,38.0
FULL,7,train,401,106.0
FULL,7,train,402,85.0
FULL,7,train,403,104.0
FULL,7,train,404,150.0
FULL,7,train,405,45.0
FULL,7,train,406,72.0
FULL,7,train,407,53.0
FULL,7,train,408,142.0
FULL,7,train,409,55.0
FULL,7,train,410,78.0
FULL,7,train,411,59.0
FULL,7,train,412,111.0
FULL,7,train,413,94.0
FULL,7,train,414,133.0
FULL,7,train,415,69.0
FULL,7,train,416,39.0
FULL,7,train,417,119.0
FULL,7,train,418,37.0
FULL,7,train,419,45.0
FULL,7,train,420,36.0
FULL,7,train,421,102.0
FULL,7,train,422,141.0
FULL,7,train,423,106.0
FULL,7,train,424,42.0
FULL,7,train,425,63.0
FULL,7,train,426,119.0
FULL,7,train,427,164.0
FULL,7,train,428,184.0
FULL,7,train,429,150.0
FULL,7,train,430,151.0
FULL,7,train,431,143.0
FULL,7,train,432,100.0
FULL,7,train,433,114.0
FULL,7,train,434,226.0
FULL,7,train,435,115.0
FULL,7,train,436,205.0
FULL,7,train,437,191.0
FULL,7,train,438,179.0
FULL,7,train,439,154.0
FULL,7,train,440,173.0
FULL,7,train,441,239.0
FULL,7,train,442,180.0
FULL,7,train,443,265.0
FULL,7,train,444,150.0
FULL,7,train,445,140.0
FULL,7,train,446,221.0
FULL,7,train,447,449.0
FULL,7,train,448,213.0
FULL,7,train,449,337.0
FULL,7,train,450,500.0
FULL,7,train,451,305.0
FULL,7,train,452,401.0
FULL,7,train,453,305.0
FULL,7,train,454,324.0
FULL,7,train,455,302.0
FULL,7,train,456,260.0
FULL,7,train,457,472.0
FULL,7,train,458,379.0
FULL,7,train,459,198.0
FULL,7,train,460,426.0
FULL,7,train,461,267.0
FULL,7,train,462,202.0
FULL,7,train,463,173.0
FULL,7,train,464,179.0
FULL,7,train,465,213.0
FULL,7,train,466,271.0
FULL,7,train,467,184.0
FULL,7,train,468,234.0
FULL,7,train,469,404.0
FULL,7,train,470,251.0
FULL,7,train,471,200.0
FULL,7,train,472,165.0
FULL,7,train,473,154.0
FULL,7,train,474,173.0
FULL,7,train,475,214.0
FULL,7,train,476,141.0
FULL,7,train,477,165.0
FULL,7,train,478,214.0
FULL,7,train,479,224.0
FULL,7,train,480,237.0
FULL,7,train,481,299.0
FULL,7,train,482,175.0
FULL,7,train,483,277.0
FULL,7,train,484,195.0
FULL,7,train,485,176.0
FULL,7,train,486,193.0
FULL,7,train,487,199.0
FULL,7,train,488,187.0
FULL,7,train,489,191.0
FULL,7,train,490,200.0
FULL,7,train,491,200.0
FULL,7,train,492,301.0
FULL,7,train,493,231.0
FULL,7,train,494,213.0
FULL,7,train,495,370.0
FULL,7,train,496,250.0
FULL,7,train,497,191.0
FULL,7,train,498,235.0
FULL,7,train,499,234.0
FULL,7,train,500,196.0
FULL,8,train,1,20.0
FULL,8,train,2,20.0
FULL,8,train,3,44.0
FULL,8,train,4,17.0
FULL,8,train,5,62.0
FULL,8,train,6,31.0
FULL,8,train,7,20.0
FULL,8,train,8,17.0
FULL,8,train,9,14.0
FULL,8,train,10,22.0
FULL,8,train,11,11.0
FULL,8,train,12,53.0
FULL,8,train,13,39.0
FULL,8,train,14,22.0
FULL,8,train,15,14.0
FULL,8,train,16,24.0
FULL,8,train,17,19.0
FULL,8,train,18,10.0
FULL,8,train,19,12.0
FULL,8,train,20,15.0
FULL,8,train,21,15.0
FULL,8,train,22,16.0
FULL,8,train,23,9.0
FULL,8,train,24,17.0
FULL,8,train,25,16.0
FULL,8,train,26,12.0
FULL,8,train,27,10.0
FULL,8,train,28,8.0
FULL,8,train,29,10.0
FULL,8,train,30,9.0
FULL,8,train,31,10.0
FULL,8,train,32,14.0
FULL,8,train,33,10.0
FULL,8,train,34,10.0
FULL,8,train,35,17.0
FULL,8,train,36,10.0
FULL,8,train,37,12.0
FULL,8,train,38,15.0
FULL,8,train,39,14.0
FULL,8,train,40,12.0
FULL,8,train,41,11.0
FULL,8,train,42,10.0
FULL,8,train,43,13.0
FULL,8,train,44,12.0
FULL,8,train,45,14.0
FULL,8,train,46,14.0
FULL,8,train,47,10.0
FULL,8,train,48,10.0
FULL,8,train,49,9.0
FULL,8,train,50,12.0
FULL,8,train,51,10.0
FULL,8,train,52,11.0
FULL,8,train,53,10.0
FULL,8,train,54,12.0
FULL,8,train,55,12.0
FULL,8,train,56,12.0
FULL,8,train,57,10.0
FULL,8,train,58,11.0
FULL,8,train,59,15.0
FULL,8,train,60,11.0
FULL,8,train,61,9.0
FULL,8,train,62,11.0
FULL,8,train,63,13.0
FULL,8,train,64,10.0
FULL,8,train,65,14.0
FULL,8,train,66,15.0
FULL,8,train,67,9.0
FULL,8,train,68,12.0
FULL,8,train,69,10.0
FULL,8,train,70,9.0
FULL,8,train,71,11.0
FULL,8,train,72,11.0
FULL,8,train,73,17.0
FULL,8,train,74,10.0
FULL,8,train,75,10.0
FULL,8,train,76,9.0
FULL,8,train,77,12.0
FULL,8,train,78,12.0
FULL,8,train,79,14.0
FULL,8,train,80,10.0
FULL,8,train,81,10.0
FULL,8,train,82,12.0
FULL,8,train,83,9.0
FULL,8,train,84,10.0
FULL,8,train,85,10.0
FULL,8,train,86,9.0
FULL,8,train,87,13.0
FULL,8,train,88,10.0
FULL,8,train,89,9.0
FULL,8,train,90,12.0
FULL,8,train,91,9.0
FULL,8,train,92,10.0
FULL,8,train,93,11.0
FULL,8,train,94,11.0
FULL,8,train,95,12.0
FULL,8,train,96,10.0
FULL,8,train,97,11.0
FULL,8,train,98,10.0
FULL,8,train,99,12.0
FULL,8,train,100,8.0
FULL,8,train,101,11.0
FULL,8,train,102,10.0
FULL,8,train,103,9.0
FULL,8,train,104,10.0
FULL,8,train,105,9.0
FULL,8,train,106,11.0
FULL,8,train,107,10.0
FULL,8,train,108,11.0
FULL,8,train,109,10.0
FULL,8,train,110,11.0
FULL,8,train,111,12.0
FULL,8,train,112,9.0
FULL,8,train,113,12.0
FULL,8,train,114,9.0
FULL,8,train,115,9.0
FULL,8,train,116,11.0
FULL,8,train,117,9.0
FULL,8,train,118,9.0
FULL,8,train,119,10.0
FULL,8,train,120,9.0
FULL,8,train,121,15.0
FULL,8,train,122,13.0
FULL,8,train,123,10.0
FULL,8,train,124,12.0
FULL,8,train,125,10.0
FULL,8,train,126,11.0
FULL,8,train,127,12.0
FULL,8,train,128,8.0
FULL,8,train,129,10.0
FULL,8,train,130,10.0
FULL,8,train,131,8.0
FULL,8,train,132,12.0
FULL,8,train,133,12.0
FULL,8,train,134,12.0
FULL,8,train,135,10.0
FULL,8,train,136,9.0
FULL,8,train,137,13.0
FULL,8,train,138,9.0
FULL,8,train,139,11.0
FULL,8,train,140,11.0
FULL,8,train,141,9.0
FULL,8,train,142,11.0
FULL,8,train,143,11.0
FULL,8,train,144,13.0
FULL,8,train,145,9.0
FULL,8,train,146,9.0
FULL,8,train,147,9.0
FULL,8,train,148,10.0
FULL,8,train,149,11.0
FULL,8,train,150,12.0
FULL,8,train,151,10.0
FULL,8,train,152,14.0
FULL,8,train,153,9.0
FULL,8,train,154,13.0
FULL,8,train,155,11.0
FULL,8,train,156,9.0
FULL,8,train,157,10.0
FULL,8,train,158,15.0
FULL,8,train,159,11.0
FULL,8,train,160,10.0
FULL,8,train,161,17.0
FULL,8,train,162,10.0
FULL,8,train,163,14.0
FULL,8,train,164,12.0
FULL,8,train,165,14.0
FULL,8,train,166,10.0
FULL,8,train,167,9.0
FULL,8,train,168,17.0
FULL,8,train,169,10.0
FULL,8,train,170,10.0
FULL,8,train,171,10.0
FULL,8,train,172,9.0
FULL,8,train,173,9.0
FULL,8,train,174,11.0
FULL,8,train,175,14.0
FULL,8,train,176,11.0
FULL,8,train,177,11.0
FULL,8,train,178,10.0
FULL,8,train,179,9.0
FULL,8,train,180,13.0
FULL,8,train,181,17.0
FULL,8,train,182,14.0
FULL,8,train,183,10.0
FULL,8,train,184,8.0
FULL,8,train,185,10.0
FULL,8,train,186,9.0
FULL,8,train,187,10.0
FULL,8,train,188,11.0
FULL,8,train,189,12.0
FULL,8,train,190,16.0
FULL,8,train,191,10.0
FULL,8,train,192,25.0
FULL,8,train,193,10.0
FULL,8,train,194,10.0
FULL,8,train,195,18.0
FULL,8,train,196,14.0
FULL,8,train,197,14.0
FULL,8,train,198,12.0
FULL,8,train,199,11.0
FULL,8,train,200,18.0
FULL,8,train,201,12.0
FULL,8,train,202,12.0
FULL,8,train,203,16.0
FULL,8,train,204,13.0
FULL,8,train,205,14.0
FULL,8,train,206,15.0
FULL,8,train,207,13.0
FULL,8,train,208,18.0
FULL,8,train,209,13.0
FULL,8,train,210,11.0
FULL,8,train,211,13.0
FULL,8,train,212,11.0
FULL,8,train,213,11.0
FULL,8,train,214,12.0
FULL,8,train,215,17.0
FULL,8,train,216,17.0
FULL,8,train,217,18.0
FULL,8,train,218,16.0
FULL,8,train,219,21.0
FULL,8,train,220,14.0
FULL,8,train,221,28.0
FULL,8,train,222,20.0
FULL,8,train,223,27.0
FULL,8,train,224,24.0
FULL,8,train,225,19.0
FULL,8,train,226,24.0
FULL,8,train,227,21.0
FULL,8,train,228,33.0
FULL,8,train,229,27.0
FULL,8,train,230,16.0
FULL,8,train,231,19.0
FULL,8,train,232,27.0
FULL,8,train,233,23.0
FULL,8,train,234,30.0
FULL,8,train,235,56.0
FULL,8,train,236,48.0
FULL,8,train,237,81.0
FULL,8,train,238,38.0
FULL,8,train,239,60.0
FULL,8,train,240,104.0
FULL,8,train,241,31.0
FULL,8,train,242,18.0
FULL,8,train,243,45.0
FULL,8,train,244,30.0
FULL,8,train,245,75.0
FULL,8,train,246,42.0
FULL,8,train,247,42.0
FULL,8,train,248,33.0
FULL,8,train,249,36.0
FULL,8,train,250,36.0
FULL,8,train,251,53.0
FULL,8,train,252,55.0
FULL,8,train,253,83.0
FULL,8,train,254,59.0
FULL,8,train,255,31.0
FULL,8,train,256,32.0
FULL,8,train,257,40.0
FULL,8,train,258,176.0
FULL,8,train,259,34.0
FULL,8,train,260,42.0
FULL,8,train,261,73.0
FULL,8,train,262,36.0
FULL,8,train,263,35.0
FULL,8,train,264,50.0
FULL,8,train,265,24.0
FULL,8,train,266,44.0
FULL,8,train,267,51.0
FULL,8,train,268,30.0
FULL,8,train,269,33.0
FULL,8,train,270,14.0
FULL,8,train,271,29.0
FULL,8,train,272,75.0
FULL,8,train,273,70.0
FULL,8,train,274,32.0
FULL,8,train,275,32.0
FULL,8,train,276,70.0
FULL,8,train,277,75.0
FULL,8,train,278,64.0
FULL,8,train,279,52.0
FULL,8,train,280,50.0
FULL,8,train,281,95.0
FULL,8,train,282,20.0
FULL,8,train,283,70.0
FULL,8,train,284,63.0
FULL,8,train,285,89.0
FULL,8,train,286,154.0
FULL,8,train,287,48.0
FULL,8,train,288,85.0
FULL,8,train,289,62.0
FULL,8,train,290,43.0
FULL,8,train,291,18.0
FULL,8,train,292,25.0
FULL,8,train,293,57.0
FULL,8,train,294,98.0
FULL,8,train,295,55.0
FULL,8,train,296,26.0
FULL,8,train,297,80.0
FULL,8,train,298,122.0
FULL,8,train,299,61.0
FULL,8,train,300,97.0
FULL,8,train,301,154.0
FULL,8,train,302,64.0
FULL,8,train,303,39.0
FULL,8,train,304,50.0
FULL,8,train,305,92.0
FULL,8,train,306,35.0
FULL,8,train,307,61.0
FULL,8,train,308,31.0
FULL,8,train,309,117.0
FULL,8,train,310,41.0
FULL,8,train,311,39.0
FULL,8,train,312,32.0
FULL,8,train,313,43.0
FULL,8,train,314,23.0
FULL,8,train,315,66.0
FULL,8,train,316,63.0
FULL,8,train,317,237.0
FULL,8,train,318,70.0
FULL,8,train,319,56.0
FULL,8,train,320,148.0
FULL,8,train,321,85.0
FULL,8,train,322,49.0
FULL,8,train,323,26.0
FULL,8,train,324,52.0
FULL,8,train,325,72.0
FULL,8,train,326,60.0
FULL,8,train,327,51.0
FULL,8,train,328,50.0
FULL,8,train,329,61.0
FULL,8,train,330,36.0
FULL,8,train,331,60.0
FULL,8,train,332,36.0
FULL,8,train,333,27.0
FULL,8,train,334,41.0
FULL,8,train,335,28.0
FULL,8,train,336,93.0
FULL,8,train,337,60.0
FULL,8,train,338,85.0
FULL,8,train,339,50.0
FULL,8,train,340,64.0
FULL,8,train,341,56.0
FULL,8,train,342,40.0
FULL,8,train,343,30.0
FULL,8,train,344,78.0
FULL,8,train,345,33.0
FULL,8,train,346,37.0
FULL,8,train,347,63.0
FULL,8,train,348,60.0
FULL,8,train,349,44.0
FULL,8,train,350,43.0
FULL,8,train,351,50.0
FULL,8,train,352,116.0
FULL,8,train,353,43.0
FULL,8,train,354,53.0
FULL,8,train,355,45.0
FULL,8,train,356,33.0
FULL,8,train,357,51.0
FULL,8,train,358,48.0
FULL,8,train,359,94.0
FULL,8,train,360,55.0
FULL,8,train,361,32.0
FULL,8,train,362,30.0
FULL,8,train,363,48.0
FULL,8,train,364,33.0
FULL,8,train,365,53.0
FULL,8,train,366,35.0
FULL,8,train,367,54.0
FULL,8,train,368,37.0
FULL,8,train,369,46.0
FULL,8,train,370,37.0
FULL,8,train,371,52.0
FULL,8,train,372,92.0
FULL,8,train,373,104.0
FULL,8,train,374,105.0
FULL,8,train,375,125.0
FULL,8,train,376,130.0
FULL,8,train,377,65.0
FULL,8,train,378,108.0
FULL,8,train,379,62.0
FULL,8,train,380,75.0
FULL,8,train,381,243.0
FULL,8,train,382,63.0
FULL,8,train,383,41.0
FULL,8,train,384,56.0
FULL,8,train,385,83.0
FULL,8,train,386,39.0
FULL,8,train,387,91.0
FULL,8,train,388,101.0
FULL,8,train,389,102.0
FULL,8,train,390,121.0
FULL,8,train,391,111.0
FULL,8,train,392,160.0
FULL,8,train,393,52.0
FULL,8,train,394,53.0
FULL,8,train,395,65.0
FULL,8,train,396,43.0
FULL,8,train,397,63.0
FULL,8,train,398,107.0
FULL,8,train,399,89.0
FULL,8,train,400,43.0
FULL,8,train,401,39.0
FULL,8,train,402,185.0
FULL,8,train,403,135.0
FULL,8,train,404,42.0
FULL,8,train,405,133.0
FULL,8,train,406,47.0
FULL,8,train,407,157.0
FULL,8,train,408,81.0
FULL,8,train,409,81.0
FULL,8,train,410,129.0
FULL,8,train,411,70.0
FULL,8,train,412,86.0
FULL,8,train,413,170.0
FULL,8,train,414,127.0
FULL,8,train,415,182.0
FULL,8,train,416,124.0
FULL,8,train,417,75.0
FULL,8,train,418,54.0
FULL,8,train,419,240.0
FULL,8,train,420,375.0
FULL,8,train,421,141.0
FULL,8,train,422,191.0
FULL,8,train,423,137.0
FULL,8,train,424,153.0
FULL,8,train,425,147.0
FULL,8,train,426,164.0
FULL,8,train,427,198.0
FULL,8,train,428,184.0
FULL,8,train,429,350.0
FULL,8,train,430,287.0
FULL,8,train,431,188.0
FULL,8,train,432,407.0
FULL,8,train,433,272.0
FULL,8,train,434,257.0
FULL,8,train,435,371.0
FULL,8,train,436,329.0
FULL,8,train,437,500.0
FULL,8,train,438,500.0
FULL,8,train,439,256.0
FULL,8,train,440,500.0
FULL,8,train,441,182.0
FULL,8,train,442,416.0
FULL,8,train,443,421.0
FULL,8,train,444,253.0
FULL,8,train,445,500.0
FULL,8,train,446,266.0
FULL,8,train,447,253.0
FULL,8,train,448,288.0
FULL,8,train,449,352.0
FULL,8,train,450,275.0
FULL,8,train,451,419.0
FULL,8,train,452,413.0
FULL,8,train,453,355.0
FULL,8,train,454,500.0
FULL,8,train,455,272.0
FULL,8,train,456,246.0
FULL,8,train,457,232.0
FULL,8,train,458,270.0
FULL,8,train,459,500.0
FULL,8,train,460,344.0
FULL,8,train,461,500.0
FULL,8,train,462,427.0
FULL,8,train,463,385.0
FULL,8,train,464,396.0
FULL,8,train,465,328.0
FULL,8,train,466,416.0
FULL,8,train,467,261.0
FULL,8,train,468,379.0
FULL,8,train,469,393.0
FULL,8,train,470,344.0
FULL,8,train,471,288.0
FULL,8,train,472,295.0
FULL,8,train,473,275.0
FULL,8,train,474,484.0
FULL,8,train,475,356.0
FULL,8,train,476,286.0
FULL,8,train,477,450.0
FULL,8,train,478,351.0
FULL,8,train,479,347.0
FULL,8,train,480,353.0
FULL,8,train,481,314.0
FULL,8,train,482,487.0
FULL,8,train,483,319.0
FULL,8,train,484,500.0
FULL,8,train,485,500.0
FULL,8,train,486,312.0
FULL,8,train,487,366.0
FULL,8,train,488,453.0
FULL,8,train,489,445.0
FULL,8,train,490,317.0
FULL,8,train,491,310.0
FULL,8,train,492,417.0
FULL,8,train,493,444.0
FULL,8,train,494,500.0
FULL,8,train,495,500.0
FULL,8,train,496,343.0
FULL,8,train,497,344.0
FULL,8,train,498,360.0
FULL,8,train,499,500.0
FULL,8,train,500,320.0
FULL,9,train,1,19.0
FULL,9,train,2,15.0
FULL,9,train,3,15.0
FULL,9,train,4,17.0
FULL,9,train,5,14.0
FULL,9,train,6,32.0
FULL,9,train,7,15.0
FULL,9,train,8,12.0
FULL,9,train,9,17.0
FULL,9,train,10,12.0
FULL,9,train,11,30.0
FULL,9,train,12,18.0
FULL,9,train,13,19.0
FULL,9,train,14,25.0
FULL,9,train,15,14.0
FULL,9,train,16,19.0
FULL,9,train,17,11.0
FULL,9,train,18,24.0
FULL,9,train,19,17.0
FULL,9,train,20,9.0
FULL,9,train,21,25.0
FULL,9,train,22,10.0
FULL,9,train,23,10.0
FULL,9,train,24,10.0
FULL,9,train,25,11.0
FULL,9,train,26,11.0
FULL,9,train,27,11.0
FULL,9,train,28,10.0
FULL,9,train,29,14.0
FULL,9,train,30,13.0
FULL,9,train,31,8.0
FULL,9,train,32,11.0
FULL,9,train,33,9.0
FULL,9,train,34,10.0
FULL,9,train,35,9.0
FULL,9,train,36,9.0
FULL,9,train,37,15.0
FULL,9,train,38,11.0
FULL,9,train,39,11.0
FULL,9,train,40,13.0
FULL,9,train,41,11.0
FULL,9,train,42,12.0
FULL,9,train,43,15.0
FULL,9,train,44,14.0
FULL,9,train,45,13.0
FULL,9,train,46,10.0
FULL,9,train,47,9.0
FULL,9,train,48,9.0
FULL,9,train,49,16.0
FULL,9,train,50,10.0
FULL,9,train,51,13.0
FULL,9,train,52,9.0
FULL,9,train,53,10.0
FULL,9,train,54,11.0
FULL,9,train,55,10.0
FULL,9,train,56,10.0
FULL,9,train,57,14.0
FULL,9,train,58,20.0
FULL,9,train,59,10.0
FULL,9,train,60,8.0
FULL,9,train,61,10.0
FULL,9,train,62,9.0
FULL,9,train,63,10.0
FULL,9,train,64,11.0
FULL,9,train,65,12.0
FULL,9,train,66,11.0
FULL,9,train,67,9.0
FULL,9,train,68,10.0
FULL,9,train,69,11.0
FULL,9,train,70,11.0
FULL,9,train,71,11.0
FULL,9,train,72,11.0
FULL,9,train,73,10.0
FULL,9,train,74,9.0
FULL,9,train,75,9.0
FULL,9,train,76,14.0
FULL,9,train,77,9.0
FULL,9,train,78,10.0
FULL,9,train,79,9.0
FULL,9,train,80,9.0
FULL,9,train,81,10.0
FULL,9,train,82,9.0
FULL,9,train,83,10.0
FULL,9,train,84,13.0
FULL,9,train,85,9.0
FULL,9,train,86,13.0
FULL,9,train,87,10.0
FULL,9,train,88,11.0
FULL,9,train,89,11.0
FULL,9,train,90,12.0
FULL,9,train,91,13.0
FULL,9,train,92,9.0
FULL,9,train,93,9.0
FULL,9,train,94,12.0
FULL,9,train,95,13.0
FULL,9,train,96,11.0
FULL,9,train,97,13.0
FULL,9,train,98,12.0
FULL,9,train,99,11.0
FULL,9,train,100,13.0
FULL,9,train,101,13.0
FULL,9,train,102,11.0
FULL,9,train,103,11.0
FULL,9,train,104,15.0
FULL,9,train,105,11.0
FULL,9,train,106,10.0
FULL,9,train,107,9.0
FULL,9,train,108,10.0
FULL,9,train,109,13.0
FULL,9,train,110,10.0
FULL,9,train,111,12.0
FULL,9,train,112,9.0
FULL,9,train,113,11.0
FULL,9,train,114,12.0
FULL,9,train,115,9.0
FULL,9,train,116,11.0
FULL,9,train,117,18.0
FULL,9,train,118,12.0
FULL,9,train,119,11.0
FULL,9,train,120,8.0
FULL,9,train,121,15.0
FULL,9,train,122,12.0
FULL,9,train,123,9.0
FULL,9,train,124,10.0
FULL,9,train,125,9.0
FULL,9,train,126,11.0
FULL,9,train,127,12.0
FULL,9,train,128,11.0
FULL,9,train,129,9.0
FULL,9,train,130,12.0
FULL,9,train,131,11.0
FULL,9,train,132,13.0
FULL,9,train,133,9.0
FULL,9,train,134,9.0
FULL,9,train,135,11.0
FULL,9,train,136,10.0
FULL,9,train,137,12.0
FULL,9,train,138,10.0
FULL,9,train,139,9.0
FULL,9,train,140,11.0
FULL,9,train,141,10.0
FULL,9,train,142,10.0
FULL,9,train,143,8.0
FULL,9,train,144,12.0
FULL,9,train,145,11.0
FULL,9,train,146,12.0
FULL,9,train,147,13.0
FULL,9,train,148,13.0
FULL,9,train,149,10.0
FULL,9,train,150,12.0
FULL,9,train,151,11.0
FULL,9,train,152,10.0
FULL,9,train,153,11.0
FULL,9,train,154,12.0
FULL,9,train,155,15.0
FULL,9,train,156,11.0
FULL,9,train,157,10.0
FULL,9,train,158,10.0
FULL,9,train,159,10.0
FULL,9,train,160,12.0
FULL,9,train,161,11.0
FULL,9,train,162,12.0
FULL,9,train,163,12.0
FULL,9,train,164,16.0
FULL,9,train,165,10.0
FULL,9,train,166,16.0
FULL,9,train,167,10.0
FULL,9,train,168,13.0
FULL,9,train,169,15.0
FULL,9,train,170,13.0
FULL,9,train,171,10.0
FULL,9,train,172,12.0
FULL,9,train,173,14.0
FULL,9,train,174,12.0
FULL,9,train,175,13.0
FULL,9,train,176,15.0
FULL,9,train,177,13.0
FULL,9,train,178,18.0
FULL,9,train,179,13.0
FULL,9,train,180,14.0
FULL,9,train,181,14.0
FULL,9,train,182,24.0
FULL,9,train,183,21.0
FULL,9,train,184,15.0
FULL,9,train,185,15.0
FULL,9,train,186,12.0
FULL,9,train,187,16.0
FULL,9,train,188,13.0
FULL,9,train,189,20.0
FULL,9,train,190,8.0
FULL,9,train,191,23.0
FULL,9,train,192,16.0
FULL,9,train,193,10.0
FULL,9,train,194,30.0
FULL,9,train,195,19.0
FULL,9,train,196,18.0
FULL,9,train,197,10.0
FULL,9,train,198,37.0
FULL,9,train,199,11.0
FULL,9,train,200,11.0
FULL,9,train,201,9.0
FULL,9,train,202,9.0
FULL,9,train,203,11.0
FULL,9,train,204,9.0
FULL,9,train,205,8.0
FULL,9,train,206,11.0
FULL,9,train,207,9.0
FULL,9,train,208,10.0
FULL,9,train,209,12.0
FULL,9,train,210,10.0
FULL,9,train,211,12.0
FULL,9,train,212,10.0
FULL,9,train,213,10.0
FULL,9,train,214,12.0
FULL,9,train,215,10.0
FULL,9,train,216,10.0
FULL,9,train,217,11.0
FULL,9,train,218,9.0
FULL,9,train,219,9.0
FULL,9,train,220,8.0
FULL,9,train,221,11.0
FULL,9,train,222,9.0
FULL,9,train,223,9.0
FULL,9,train,224,10.0
FULL,9,train,225,13.0
FULL,9,train,226,26.0
FULL,9,train,227,12.0
FULL,9,train,228,9.0
FULL,9,train,229,14.0
FULL,9,train,230,10.0
FULL,9,train,231,10.0
FULL,9,train,232,11.0
FULL,9,train,233,10.0
FULL,9,train,234,11.0
FULL,9,train,235,12.0
FULL,9,train,236,8.0
FULL,9,train,237,10.0
FULL,9,train,238,10.0
FULL,9,train,239,10.0
FULL,9,train,240,15.0
FULL,9,train,241,10.0
FULL,9,train,242,9.0
FULL,9,train,243,10.0
FULL,9,train,244,8.0
FULL,9,train,245,10.0
FULL,9,train,246,11.0
FULL,9,train,247,11.0
FULL,9,train,248,12.0
FULL,9,train,249,10.0
FULL,9,train,250,51.0
FULL,9,train,251,13.0
FULL,9,train,252,10.0
FULL,9,train,253,12.0
FULL,9,train,254,10.0
FULL,9,train,255,9.0
FULL,9,train,256,33.0
FULL,9,train,257,12.0
FULL,9,train,258,27.0
FULL,9,train,259,28.0
FULL,9,train,260,34.0
FULL,9,train,261,43.0
FULL,9,train,262,69.0
FULL,9,train,263,35.0
FULL,9,train,264,13.0
FULL,9,train,265,23.0
FULL,9,train,266,31.0
FULL,9,train,267,54.0
FULL,9,train,268,110.0
FULL,9,train,269,17.0
FULL,9,train,270,83.0
FULL,9,train,271,71.0
FULL,9,train,272,31.0
FULL,9,train,273,38.0
FULL,9,train,274,68.0
FULL,9,train,275,55.0
FULL,9,train,276,108.0
FULL,9,train,277,59.0
FULL,9,train,278,25.0
FULL,9,train,279,76.0
FULL,9,train,280,32.0
FULL,9,train,281,43.0
FULL,9,train,282,55.0
FULL,9,train,283,70.0
FULL,9,train,284,85.0
FULL,9,train,285,47.0
FULL,9,train,286,87.0
FULL,9,train,287,94.0
FULL,9,train,288,33.0
FULL,9,train,289,35.0
FULL,9,train,290,33.0
FULL,9,train,291,30.0
FULL,9,train,292,37.0
FULL,9,train,293,55.0
FULL,9,train,294,47.0
FULL,9,train,295,64.0
FULL,9,train,296,47.0
FULL,9,train,297,33.0
FULL,9,train,298,71.0
FULL,9,train,299,68.0
FULL,9,train,300,92.0
FULL,9,train,301,59.0
FULL,9,train,302,75.0
FULL,9,train,303,76.0
FULL,9,train,304,48.0
FULL,9,train,305,34.0
FULL,9,train,306,31.0
FULL,9,train,307,35.0
FULL,9,train,308,44.0
FULL,9,train,309,120.0
FULL,9,train,310,42.0
FULL,9,train,311,90.0
FULL,9,train,312,89.0
FULL,9,train,313,34.0
FULL,9,train,314,90.0
FULL,9,train,315,42.0
FULL,9,train,316,47.0
FULL,9,train,317,52.0
FULL,9,train,318,40.0
FULL,9,train,319,66.0
FULL,9,train,320,41.0
FULL,9,train,321,41.0
FULL,9,train,322,38.0
FULL,9,train,323,40.0
FULL,9,train,324,58.0
FULL,9,train,325,34.0
FULL,9,train,326,97.0
FULL,9,train,327,57.0
FULL,9,train,328,54.0
FULL,9,train,329,32.0
FULL,9,train,330,93.0
FULL,9,train,331,41.0
FULL,9,train,332,76.0
FULL,9,train,333,41.0
FULL,9,train,334,75.0
FULL,9,train,335,29.0
FULL,9,train,336,40.0
FULL,9,train,337,76.0
FULL,9,train,338,81.0
FULL,9,train,339,52.0
FULL,9,train,340,97.0
FULL,9,train,341,44.0
FULL,9,train,342,23.0
FULL,9,train,343,110.0
FULL,9,train,344,46.0
FULL,9,train,345,48.0
FULL,9,train,346,43.0
FULL,9,train,347,43.0
FULL,9,train,348,30.0
FULL,9,train,349,45.0
FULL,9,train,350,33.0
FULL,9,train,351,42.0
FULL,9,train,352,26.0
FULL,9,train,353,29.0
FULL,9,train,354,46.0
FULL,9,train,355,52.0
FULL,9,train,356,77.0
FULL,9,train,357,38.0
FULL,9,train,358,62.0
FULL,9,train,359,49.0
FULL,9,train,360,43.0
FULL,9,train,361,58.0
FULL,9,train,362,98.0
FULL,9,train,363,46.0
FULL,9,train,364,96.0
FULL,9,train,365,47.0
FULL,9,train,366,67.0
FULL,9,train,367,49.0
FULL,9,train,368,37.0
FULL,9,train,369,32.0
FULL,9,train,370,51.0
FULL,9,train,371,153.0
FULL,9,train,372,76.0
FULL,9,train,373,79.0
FULL,9,train,374,113.0
FULL,9,train,375,92.0
FULL,9,train,376,51.0
FULL,9,train,377,83.0
FULL,9,train,378,51.0
FULL,9,train,379,89.0
FULL,9,train,380,84.0
FULL,9,train,381,45.0
FULL,9,train,382,58.0
FULL,9,train,383,103.0
FULL,9,train,384,68.0
FULL,9,train,385,55.0
FULL,9,train,386,63.0
FULL,9,train,387,65.0
FULL,9,train,388,50.0
FULL,9,train,389,82.0
FULL,9,train,390,61.0
FULL,9,train,391,106.0
FULL,9,train,392,39.0
FULL,9,train,393,32.0
FULL,9,train,394,68.0
FULL,9,train,395,52.0
FULL,9,train,396,57.0
FULL,9,train,397,87.0
FULL,9,train,398,50.0
FULL,9,train,399,35.0
FULL,9,train,400,38.0
FULL,9,train,401,77.0
FULL,9,train,402,44.0
FULL,9,train,403,31.0
FULL,9,train,404,27.0
FULL,9,train,405,53.0
FULL,9,train,406,76.0
FULL,9,train,407,43.0
FULL,9,train,408,32.0
FULL,9,train,409,29.0
FULL,9,train,410,41.0
FULL,9,train,411,92.0
FULL,9,train,412,106.0
FULL,9,train,413,43.0
FULL,9,train,414,68.0
FULL,9,train,415,44.0
FULL,9,train,416,67.0
FULL,9,train,417,35.0
FULL,9,train,418,64.0
FULL,9,train,419,55.0
FULL,9,train,420,94.0
FULL,9,train,421,96.0
FULL,9,train,422,58.0
FULL,9,train,423,50.0
FULL,9,train,424,124.0
FULL,9,train,425,33.0
FULL,9,train,426,46.0
FULL,9,train,427,38.0
FULL,9,train,428,43.0
FULL,9,train,429,61.0
FULL,9,train,430,103.0
FULL,9,train,431,128.0
FULL,9,train,432,52.0
FULL,9,train,433,132.0
FULL,9,train,434,93.0
FULL,9,train,435,144.0
FULL,9,train,436,78.0
FULL,9,train,437,83.0
FULL,9,train,438,156.0
FULL,9,train,439,47.0
FULL,9,train,440,98.0
FULL,9,train,441,182.0
FULL,9,train,442,154.0
FULL,9,train,443,136.0
FULL,9,train,444,65.0
FULL,9,train,445,66.0
FULL,9,train,446,162.0
FULL,9,train,447,159.0
FULL,9,train,448,106.0
FULL,9,train,449,193.0
FULL,9,train,450,188.0
FULL,9,train,451,144.0
FULL,9,train,452,129.0
FULL,9,train,453,122.0
FULL,9,train,454,117.0
FULL,9,train,455,331.0
FULL,9,train,456,140.0
FULL,9,train,457,268.0
FULL,9,train,458,175.0
FULL,9,train,459,110.0
FULL,9,train,460,151.0
FULL,9,train,461,311.0
FULL,9,train,462,155.0
FULL,9,train,463,311.0
FULL,9,train,464,116.0
FULL,9,train,465,164.0
FULL,9,train,466,117.0
FULL,9,train,467,226.0
FULL,9,train,468,174.0
FULL,9,train,469,183.0
FULL,9,train,470,147.0
FULL,9,train,471,235.0
FULL,9,train,472,172.0
FULL,9,train,473,240.0
FULL,9,train,474,173.0
FULL,9,train,475,434.0
FULL,9,train,476,268.0
FULL,9,train,477,252.0
FULL,9,train,478,348.0
FULL,9,train,479,460.0
FULL,9,train,480,445.0
FULL,9,train,481,249.0
FULL,9,train,482,317.0
FULL,9,train,483,213.0
FULL,9,train,484,173.0
FULL,9,train,485,155.0
FULL,9,train,486,200.0
FULL,9,train,487,500.0
FULL,9,train,488,409.0
FULL,9,train,489,407.0
FULL,9,train,490,284.0
FULL,9,train,491,405.0
FULL,9,train,492,500.0
FULL,9,train,493,228.0
FULL,9,train,494,264.0
FULL,9,train,495,285.0
FULL,9,train,496,232.0
FULL,9,train,497,343.0
FULL,9,train,498,468.0
FULL,9,train,499,267.0
FULL,9,train,500,443.0
FULL,0,eval,25,9.6
FULL,0,eval,50,9.0
FULL,0,eval,75,8.6
FULL,0,eval,100,9.6
FULL,0,eval,125,10.2
FULL,0,eval,150,12.8
FULL,0,eval,175,13.0
FULL,0,eval,200,28.8
FULL,0,eval,225,33.8
FULL,0,eval,250,40.0
FULL,0,eval,275,60.8
FULL,0,eval,300,56.0
FULL,0,eval,325,70.4
FULL,0,eval,350,85.4
FULL,0,eval,375,61.6
FULL,0,eval,400,158.8
FULL,0,eval,425,235.4
FULL,0,eval,450,350.6
FULL,0,eval,475,200.8
FULL,0,eval,500,190.4
FULL,1,eval,25,9.4
FULL,1,eval,50,8.8
FULL,1,eval,75,9.2
FULL,1,eval,100,9.6
FULL,1,eval,125,10.6
FULL,1,eval,150,9.0
FULL,1,eval,175,10.2
FULL,1,eval,200,25.8
FULL,1,eval,225,10.0
FULL,1,eval,250,12.4
FULL,1,eval,275,69.8
FULL,1,eval,300,87.0
FULL,1,eval,325,117.8
FULL,1,eval,350,103.0
FULL,1,eval,375,149.8
FULL,1,eval,400,65.4
FULL,1,eval,425,64.4
FULL,1,eval,450,137.4
FULL,1,eval,475,324.8
FULL,1,eval,500,112.0
FULL,2,eval,25,10.2
FULL,2,eval,50,8.8
FULL,2,eval,75,9.0
FULL,2,eval,100,9.8
FULL,2,eval,125,9.8
FULL,2,eval,150,11.6
FULL,2,eval,175,13.6
FULL,2,eval,200,11.0
FULL,2,eval,225,12.0
FULL,2,eval,250,19.0
FULL,2,eval,275,32.6
FULL,2,eval,300,61.6
FULL,2,eval,325,49.4
FULL,2,eval,350,71.4
FULL,2,eval,375,39.2
FULL,2,eval,400,104.6
FULL,2,eval,425,95.6
FULL,2,eval,450,95.6
FULL,2,eval,475,207.6
FULL,2,eval,500,274.6
FULL,3,eval,25,9.6
FULL,3,eval,50,8.8
FULL,3,eval,75,9.4
FULL,3,eval,100,9.4
FULL,3,eval,125,9.6
FULL,3,eval,150,9.0
FULL,3,eval,175,9.4
FULL,3,eval,200,12.8
FULL,3,eval,225,36.0
FULL,3,eval,250,21.6
FULL,3,eval,275,30.8
FULL,3,eval,300,32.0
FULL,3,eval,325,28.4
FULL,3,eval,350,67.6
FULL,3,eval,375,48.0
FULL,3,eval,400,192.6
FULL,3,eval,425,98.4
FULL,3,eval,450,74.2
FULL,3,eval,475,66.4
FULL,3,eval,500,50.2
FULL,4,eval,25,9.2
FULL,4,eval,50,9.2
FULL,4,eval,75,10.0
FULL,4,eval,100,10.4
FULL,4,eval,125,13.4
FULL,4,eval,150,51.0
FULL,4,eval,175,9.4
FULL,4,eval,200,9.8
FULL,4,eval,225,42.0
FULL,4,eval,250,24.2
FULL,4,eval,275,58.6
FULL,4,eval,300,71.0
FULL,4,eval,325,102.0
FULL,4,eval,350,80.0
FULL,4,eval,375,454.8
FULL,4,eval,400,239.0
FULL,4,eval,425,248.4
FULL,4,eval,450,184.0
FULL,4,eval,475,158.0
FULL,4,eval,500,140.2
FULL,5,eval,25,9.2
FULL,5,eval,50,9.2
FULL,5,eval,75,9.8
FULL,5,eval,100,10.0
FULL,5,eval,125,11.0
FULL,5,eval,150,17.0
FULL,5,eval,175,11.0
FULL,5,eval,200,9.0
FULL,5,eval,225,10.0
FULL,5,eval,250,24.0
FULL,5,eval,275,25.4
FULL,5,eval,300,70.2
FULL,5,eval,325,71.4
FULL,5,eval,350,78.4
FULL,5,eval,375,233.6
FULL,5,eval,400,121.2
FULL,5,eval,425,277.4
FULL,5,eval,450,238.2
FULL,5,eval,475,242.2
FULL,5,eval,500,257.6
FULL,6,eval,25,11.0
FULL,6,eval,50,9.6
FULL,6,eval,75,15.2
FULL,6,eval,100,11.6
FULL,6,eval,125,10.0
FULL,6,eval,150,9.8
FULL,6,eval,175,29.8
FULL,6,eval,200,45.8
FULL,6,eval,225,93.6
FULL,6,eval,250,87.6
FULL,6,eval,275,122.4
FULL,6,eval,300,175.0
FULL,6,eval,325,456.0
FULL,6,eval,350,419.2
FULL,6,eval,375,500.0
FULL,6,eval,400,347.2
FULL,6,eval,425,500.0
FULL,6,eval,450,442.0
FULL,6,eval,475,500.0
FULL,6,eval,500,500.0
FULL,7,eval,25,62.2
FULL,7,eval,50,9.6
FULL,7,eval,75,9.0
FULL,7,eval,100,10.0
FULL,7,eval,125,14.6
FULL,7,eval,150,13.4
FULL,7,eval,175,9.8
FULL,7,eval,200,27.2
FULL,7,eval,225,16.4
FULL,7,eval,250,34.4
FULL,7,eval,275,32.4
FULL,7,eval,300,63.0
FULL,7,eval,325,37.2
FULL,7,eval,350,79.6
FULL,7,eval,375,46.0
FULL,7,eval,400,59.4
FULL,7,eval,425,117.6
FULL,7,eval,450,379.8
FULL,7,eval,475,182.6
FULL,7,eval,500,269.8
FULL,8,eval,25,13.0
FULL,8,eval,50,9.6
FULL,8,eval,75,9.0
FULL,8,eval,100,9.6
FULL,8,eval,125,9.2
FULL,8,eval,150,9.2
FULL,8,eval,175,12.4
FULL,8,eval,200,12.6
FULL,8,eval,225,31.0
FULL,8,eval,250,62.0
FULL,8,eval,275,75.6
FULL,8,eval,300,71.4
FULL,8,eval,325,64.2
FULL,8,eval,350,77.8
FULL,8,eval,375,72.8
FULL,8,eval,400,89.0
FULL,8,eval,425,291.8
FULL,8,eval,450,381.4
FULL,8,eval,475,301.8
FULL,8,eval,500,358.2
FULL,9,eval,25,8.4
FULL,9,eval,50,9.2
FULL,9,eval,75,9.8
FULL,9,eval,100,9.0
FULL,9,eval,125,9.6
FULL,9,eval,150,12.0
FULL,9,eval,175,14.4
FULL,9,eval,200,9.4
FULL,9,eval,225,21.6
FULL,9,eval,250,9.4
FULL,9,eval,275,62.8
FULL,9,eval,300,80.0
FULL,9,eval,325,67.4
FULL,9,eval,350,48.6
FULL,9,eval,375,119.0
FULL,9,eval,400,48.0
FULL,9,eval,425,81.6
FULL,9,eval,450,142.8
FULL,9,eval,475,265.0
FULL,9,eval,500,495.4
MULT,0,train,1,11.0
MULT,0,train,2,20.0
MULT,0,train,3,26.0
MULT,0,train,4,10.0
MULT,0,train,5,27.0
MULT,0,train,6,16.0
MULT,0,train,7,13.0
MULT,0,train,8,20.0
MULT,0,train,9,22.0
MULT,0,train,10,11.0
MULT,0,train,11,24.0
MULT,0,train,12,12.0
MULT,0,train,13,15.0
MULT,0,train,14,19.0
MULT,0,train,15,13.0
MULT,0,train,16,9.0
MULT,0,train,17,10.0
MULT,0,train,18,10.0
MULT,0,train,19,10.0
MULT,0,train,20,15.0
MULT,0,train,21,25.0
MULT,0,train,22,13.0
MULT,0,train,23,23.0
MULT,0,train,24,11.0
MULT,0,train,25,12.0
MULT,0,train,26,8.0
MULT,0,train,27,11.0
MULT,0,train,28,13.0
MULT,0,train,29,13.0
MULT,0,train,30,9.0
MULT,0,train,31,12.0
MULT,0,train,32,9.0
MULT,0,train,33,17.0
MULT,0,train,34,9.0
MULT,0,train,35,11.0
MULT,0,train,36,11.0
MULT,0,train,37,10.0
MULT,0,train,38,12.0
MULT,0,train,39,8.0
MULT,0,train,40,10.0
MULT,0,train,41,12.0
MULT,0,train,42,10.0
MULT,0,train,43,11.0
MULT,0,train,44,11.0
MULT,0,train,45,10.0
MULT,0,train,46,9.0
MULT,0,train,47,11.0
MULT,0,train,48,10.0
MULT,0,train,49,10.0
MULT,0,train,50,10.0
MULT,0,train,51,12.0
MULT,0,train,52,10.0
MULT,0,train,53,10.0
MULT,0,train,54,14.0
MULT,0,train,55,10.0
MULT,0,train,56,14.0
MULT,0,train,57,17.0
MULT,0,train,58,10.0
MULT,0,train,59,9.0
MULT,0,train,60,13.0
MULT,0,train,61,10.0
MULT,0,train,62,14.0
MULT,0,train,63,9.0
MULT,0,train,64,10.0
MULT,0,train,65,9.0
MULT,0,train,66,8.0
MULT,0,train,67,11.0
MULT,0,train,68,12.0
MULT,0,train,69,12.0
MULT,0,train,70,11.0
MULT,0,train,71,10.0
MULT,0,train,72,12.0
MULT,0,train,73,9.0
MULT,0,train,74,10.0
MULT,0,train,75,10.0
MULT,0,train,76,11.0
MULT,0,train,77,10.0
MULT,0,train,78,11.0
MULT,0,train,79,12.0
MULT,0,train,80,9.0
MULT,0,train,81,8.0
MULT,0,train,82,11.0
MULT,0,train,83,10.0
MULT,0,train,84,9.0
MULT,0,train,85,11.0
MULT,0,train,86,10.0
MULT,0,train,87,10.0
MULT,0,train,88,9.0
MULT,0,train,89,9.0
MULT,0,train,90,11.0
MULT,0,train,91,10.0
MULT,0,train,92,11.0
MULT,0,train,93,11.0
MULT,0,train,94,14.0
MULT,0,train,95,10.0
MULT,0,train,96,10.0
MULT,0,train,97,11.0
MULT,0,train,98,10.0
MULT,0,train,99,12.0
MULT,0,train,100,9.0
MULT,0,train,101,11.0
MULT,0,train,102,12.0
MULT,0,train,103,12.0
MULT,0,train,104,9.0
MULT,0,train,105,8.0
MULT,0,train,106,11.0
MULT,0,train,107,11.0
MULT,0,train,108,10.0
MULT,0,train,109,13.0
MULT,0,train,110,10.0
MULT,0,train,111,9.0
MULT,0,train,112,12.0
MULT,0,train,113,11.0
MULT,0,train,114,10.0
MULT,0,train,115,10.0
MULT,0,train,116,10.0
MULT,0,train,117,14.0
MULT,0,train,118,9.0
MULT,0,train,119,10.0
MULT,0,train,120,9.0
MULT,0,train,121,12.0
MULT,0,train,122,11.0
MULT,0,train,123,10.0
MULT,0,train,124,19.0
MULT,0,train,125,11.0
MULT,0,train,126,9.0
MULT,0,train,127,12.0
MULT,0,train,128,12.0
MULT,0,train,129,12.0
MULT,0,train,130,10.0
MULT,0,train,131,15.0
MULT,0,train,132,13.0
MULT,0,train,133,10.0
MULT,0,train,134,16.0
MULT,0,train,135,8.0
MULT,0,train,136,10.0
MULT,0,train,137,12.0
MULT,0,train,138,15.0
MULT,0,train,139,12.0
MULT,0,train,140,9.0
MULT,0,train,141,11.0
MULT,0,train,142,18.0
MULT,0,train,143,13.0
MULT,0,train,144,14.0
MULT,0,train,145,15.0
MULT,0,train,146,14.0
MULT,0,train,147,13.0
MULT,0,train,148,12.0
MULT,0,train,149,11.0
MULT,0,train,150,9.0
MULT,0,train,151,14.0
MULT,0,train,152,9.0
MULT,0,train,153,15.0
MULT,0,train,154,11.0
MULT,0,train,155,12.0
MULT,0,train,156,16.0
MULT,0,train,157,13.0
MULT,0,train,158,12.0
MULT,0,train,159,10.0
MULT,0,train,160,14.0
MULT,0,train,161,11.0
MULT,0,train,162,12.0
MULT,0,train,163,13.0
MULT,0,train,164,13.0
MULT,0,train,165,9.0
MULT,0,train,166,15.0
MULT,0,train,167,11.0
MULT,0,train,168,9.0
MULT,0,train,169,14.0
MULT,0,train,170,14.0
MULT,0,train,171,17.0
MULT,0,train,172,9.0
MULT,0,train,173,13.0
MULT,0,train,174,17.0
MULT,0,train,175,10.0
MULT,0,train,176,16.0
MULT,0,train,177,15.0
MULT,0,train,178,12.0
MULT,0,train,179,10.0
MULT,0,train,180,12.0
MULT,0,train,181,14.0
MULT,0,train,182,14.0
MULT,0,train,183,15.0
MULT,0,train,184,16.0
MULT,0,train,185,13.0
MULT,0,train,186,9.0
MULT,0,train,187,11.0
MULT,0,train,188,18.0
MULT,0,train,189,15.0
MULT,0,train,190,26.0
MULT,0,train,191,17.0
MULT,0,train,192,18.0
MULT,0,train,193,22.0
MULT,0,train,194,21.0
MULT,0,train,195,20.0
MULT,0,train,196,19.0
MULT,0,train,197,19.0
MULT,0,train,198,53.0
MULT,0,train,199,13.0
MULT,0,train,200,49.0
MULT,0,train,201,48.0
MULT,0,train,202,18.0
MULT,0,train,203,14.0
MULT,0,train,204,17.0
MULT,0,train,205,19.0
MULT,0,train,206,20.0
MULT,0,train,207,18.0
MULT,0,train,208,101.0
MULT,0,train,209,17.0
MULT,0,train,210,15.0
MULT,0,train,211,61.0
MULT,0,train,212,27.0
MULT,0,train,213,24.0
MULT,0,train,214,22.0
MULT,0,train,215,31.0
MULT,0,train,216,31.0
MULT,0,train,217,61.0
MULT,0,train,218,55.0
MULT,0,train,219,30.0
MULT,0,train,220,73.0
MULT,0,train,221,19.0
MULT,0,train,222,35.0
MULT,0,train,223,25.0
MULT,0,train,224,25.0
MULT,0,train,225,37.0
MULT,0,train,226,26.0
MULT,0,train,227,28.0
MULT,0,train,228,68.0
MULT,0,train,229,15.0
MULT,0,train,230,54.0
MULT,0,train,231,39.0
MULT,0,train,232,49.0
MULT,0,train,233,37.0
MULT,0,train,234,102.0
MULT,0,train,235,57.0
MULT,0,train,236,65.0
MULT,0,train,237,21.0
MULT,0,train,238,44.0
MULT,0,train,239,27.0
MULT,0,train,240,19.0
MULT,0,train,241,28.0
MULT,0,train,242,42.0
MULT,0,train,243,98.0
MULT,0,train,244,27.0
MULT,0,train,245,27.0
MULT,0,train,246,76.0
MULT,0,train,247,40.0
MULT,0,train,248,116.0
MULT,0,train,249,19.0
MULT,0,train,250,49.0
MULT,0,train,251,85.0
MULT,0,train,252,70.0
MULT,0,train,253,70.0
MULT,0,train,254,30.0
MULT,0,train,255,55.0
MULT,0,train,256,61.0
MULT,0,train,257,95.0
MULT,0,train,258,44.0
MULT,0,train,259,95.0
MULT,0,train,260,75.0
MULT,0,train,261,59.0
MULT,0,train,262,111.0
MULT,0,train,263,61.0
MULT,0,train,264,92.0
MULT,0,train,265,73.0
MULT,0,train,266,31.0
MULT,0,train,267,28.0
MULT,0,train,268,34.0
MULT,0,train,269,23.0
MULT,0,train,270,75.0
MULT,0,train,271,72.0
MULT,0,train,272,31.0
MULT,0,train,273,40.0
MULT,0,train,274,55.0
MULT,0,train,275,48.0
MULT,0,train,276,48.0
MULT,0,train,277,49.0
MULT,0,train,278,50.0
MULT,0,train,279,128.0
MULT,0,train,280,61.0
MULT,0,train,281,77.0
MULT,0,train,282,132.0
MULT,0,train,283,66.0
MULT,0,train,284,68.0
MULT,0,train,285,145.0
MULT,0,train,286,47.0
MULT,0,train,287,53.0
MULT,0,train,288,51.0
MULT,0,train,289,96.0
MULT,0,train,290,63.0
MULT,0,train,291,43.0
MULT,0,train,292,112.0
MULT,0,train,293,81.0
MULT,0,train,294,56.0
MULT,0,train,295,132.0
MULT,0,train,296,115.0
MULT,0,train,297,71.0
MULT,0,train,298,53.0
MULT,0,train,299,103.0
MULT,0,train,300,72.0
MULT,0,train,301,68.0
MULT,0,train,302,117.0
MULT,0,train,303,97.0
MULT,0,train,304,75.0
MULT,0,train,305,59.0
MULT,0,train,306,76.0
MULT,0,train,307,48.0
MULT,0,train,308,51.0
MULT,0,train,309,66.0
MULT,0,train,310,112.0
MULT,0,train,311,43.0
MULT,0,train,312,49.0
MULT,0,train,313,43.0
MULT,0,train,314,46.0
MULT,0,train,315,74.0
MULT,0,train,316,208.0
MULT,0,train,317,64.0
MULT,0,train,318,53.0
MULT,0,train,319,156.0
MULT,0,train,320,78.0
MULT,0,train,321,63.0
MULT,0,train,322,95.0
MULT,0,train,323,71.0
MULT,0,train,324,187.0
MULT,0,train,325,51.0
MULT,0,train,326,51.0
MULT,0,train,327,87.0
MULT,0,train,328,173.0
MULT,0,train,329,64.0
MULT,0,train,330,49.0
MULT,0,train,331,112.0
MULT,0,train,332,74.0
MULT,0,train,333,61.0
MULT,0,train,334,184.0
MULT,0,train,335,40.0
MULT,0,train,336,186.0
MULT,0,train,337,110.0
MULT,0,train,338,135.0
MULT,0,train,339,444.0
MULT,0,train,340,125.0
MULT,0,train,341,65.0
MULT,0,train,342,55.0
MULT,0,train,343,137.0
MULT,0,train,344,178.0
MULT,0,train,345,79.0
MULT,0,train,346,122.0
MULT,0,train,347,139.0
MULT,0,train,348,349.0
MULT,0,train,349,84.0
MULT,0,train,350,125.0
MULT,0,train,351,156.0
MULT,0,train,352,41.0
MULT,0,train,353,40.0
MULT,0,train,354,133.0
MULT,0,train,355,70.0
MULT,0,train,356,107.0
MULT,0,train,357,137.0
MULT,0,train,358,107.0
MULT,0,train,359,45.0
MULT,0,train,360,72.0
MULT,0,train,361,93.0
MULT,0,train,362,89.0
MULT,0,train,363,50.0
MULT,0,train,364,63.0
MULT,0,train,365,121.0
MULT,0,train,366,116.0
MULT,0,train,367,61.0
MULT,0,train,368,112.0
MULT,0,train,369,104.0
MULT,0,train,370,136.0
MULT,0,train,371,71.0
MULT,0,train,372,126.0
MULT,0,train,373,45.0
MULT,0,train,374,145.0
MULT,0,train,375,97.0
MULT,0,train,376,132.0
MULT,0,train,377,77.0
MULT,0,train,378,158.0
MULT,0,train,379,140.0
MULT,0,train,380,70.0
MULT,0,train,381,41.0
MULT,0,train,382,48.0
MULT,0,train,383,97.0
MULT,0,train,384,50.0
MULT,0,train,385,111.0
MULT,0,train,386,59.0
MULT,0,train,387,71.0
MULT,0,train,388,128.0
MULT,0,train,389,225.0
MULT,0,train,390,145.0
MULT,0,train,391,124.0
MULT,0,train,392,102.0
MULT,0,train,393,157.0
MULT,0,train,394,125.0
MULT,0,train,395,97.0
MULT,0,train,396,51.0
MULT,0,train,397,144.0
MULT,0,train,398,105.0
MULT,0,train,399,144.0
MULT,0,train,400,123.0
MULT,0,train,401,147.0
MULT,0,train,402,139.0
MULT,0,train,403,128.0
MULT,0,train,404,156.0
MULT,0,train,405,108.0
MULT,0,train,406,127.0
MULT,0,train,407,128.0
MULT,0,train,408,183.0
MULT,0,train,409,203.0
MULT,0,train,410,142.0
MULT,0,train,411,125.0
MULT,0,train,412,182.0
MULT,0,train,413,191.0
MULT,0,train,414,158.0
MULT,0,train,415,111.0
MULT,0,train,416,150.0
MULT,0,train,417,125.0
MULT,0,train,418,243.0
MULT,0,train,419,147.0
MULT,0,train,420,117.0
MULT,0,train,421,177.0
MULT,0,train,422,215.0
MULT,0,train,423,189.0
MULT,0,train,424,191.0
MULT,0,train,425,290.0
MULT,0,train,426,361.0
MULT,0,train,427,380.0
MULT,0,train,428,312.0
MULT,0,train,429,222.0
MULT,0,train,430,256.0
MULT,0,train,431,222.0
MULT,0,train,432,190.0
MULT,0,train,433,407.0
MULT,0,train,434,395.0
MULT,0,train,435,326.0
MULT,0,train,436,195.0
MULT,0,train,437,152.0
MULT,0,train,438,226.0
MULT,0,train,439,193.0
MULT,0,train,440,298.0
MULT,0,train,441,204.0
MULT,0,train,442,231.0
MULT,0,train,443,333.0
MULT,0,train,444,158.0
MULT,0,train,445,316.0
MULT,0,train,446,475.0
MULT,0,train,447,389.0
MULT,0,train,448,358.0
MULT,0,train,449,170.0
MULT,0,train,450,208.0
MULT,0,train,451,500.0
MULT,0,train,452,179.0
MULT,0,train,453,313.0
MULT,0,train,454,334.0
MULT,0,train,455,247.0
MULT,0,train,456,140.0
MULT,0,train,457,330.0
MULT,0,train,458,228.0
MULT,0,train,459,500.0
MULT,0,train,460,272.0
MULT,0,train,461,331.0
MULT,0,train,462,426.0
MULT,0,train,463,325.0
MULT,0,train,464,133.0
MULT,0,train,465,219.0
MULT,0,train,466,133.0
MULT,0,train,467,238.0
MULT,0,train,468,105.0
MULT,0,train,469,246.0
MULT,0,train,470,283.0
MULT,0,train,471,275.0
MULT,0,train,472,245.0
MULT,0,train,473,261.0
MULT,0,train,474,110.0
MULT,0,train,475,332.0
MULT,0,train,476,192.0
MULT,0,train,477,270.0
MULT,0,train,478,124.0
MULT,0,train,479,255.0
MULT,0,train,480,392.0
MULT,0,train,481,158.0
MULT,0,train,482,206.0
MULT,0,train,483,376.0
MULT,0,train,484,244.0
MULT,0,train,485,238.0
MULT,0,train,486,357.0
MULT,0,train,487,321.0
MULT,0,train,488,386.0
MULT,0,train,489,308.0
MULT,0,train,490,500.0
MULT,0,train,491,342.0
MULT,0,train,492,500.0
MULT,0,train,493,369.0
MULT,0,train,494,412.0
MULT,0,train,495,500.0
MULT,0,train,496,500.0
MULT,0,train,497,477.0
MULT,0,train,498,267.0
MULT,0,train,499,270.0
MULT,0,train,500,289.0
MULT,1,train,1,19.0
MULT,1,train,2,22.0
MULT,1,train,3,11.0
MULT,1,train,4,17.0
MULT,1,train,5,58.0
MULT,1,train,6,28.0
MULT,1,train,7,19.0
MULT,1,train,8,15.0
MULT,1,train,9,26.0
MULT,1,train,10,9.0
MULT,1,train,11,18.0
MULT,1,train,12,19.0
MULT,1,train,13,13.0
MULT,1,train,14,11.0
MULT,1,train,15,21.0
MULT,1,train,16,39.0
MULT,1,train,17,32.0
MULT,1,train,18,13.0
MULT,1,train,19,17.0
MULT,1,train,20,9.0
MULT,1,train,21,12.0
MULT,1,train,22,16.0
MULT,1,train,23,11.0
MULT,1,train,24,19.0
MULT,1,train,25,13.0
MULT,1,train,26,12.0
MULT,1,train,27,9.0
MULT,1,train,28,10.0
MULT,1,train,29,27.0
MULT,1,train,30,16.0
MULT,1,train,31,14.0
MULT,1,train,32,9.0
MULT,1,train,33,10.0
MULT,1,train,34,10.0
MULT,1,train,35,8.0
MULT,1,train,36,12.0
MULT,1,train,37,14.0
MULT,1,train,38,10.0
MULT,1,train,39,17.0
MULT,1,train,40,14.0
MULT,1,train,41,10.0
MULT,1,train,42,14.0
MULT,1,train,43,10.0
MULT,1,train,44,9.0
MULT,1,train,45,12.0
MULT,1,train,46,10.0
MULT,1,train,47,11.0
MULT,1,train,48,19.0
MULT,1,train,49,9.0
MULT,1,train,50,10.0
MULT,1,train,51,11.0
MULT,1,train,52,10.0
MULT,1,train,53,14.0
MULT,1,train,54,12.0
MULT,1,train,55,8.0
MULT,1,train,56,9.0
MULT,1,train,57,11.0
MULT,1,train,58,20.0
MULT,1,train,59,10.0
MULT,1,train,60,10.0
MULT,1,train,61,15.0
MULT,1,train,62,10.0
MULT,1,train,63,10.0
MULT,1,train,64,10.0
MULT,1,train,65,12.0
MULT,1,train,66,14.0
MULT,1,train,67,9.0
MULT,1,train,68,8.0
MULT,1,train,69,10.0
MULT,1,train,70,9.0
MULT,1,train,71,11.0
MULT,1,train,72,14.0
MULT,1,train,73,9.0
MULT,1,train,74,10.0
MULT,1,train,75,9.0
MULT,1,train,76,15.0
MULT,1,train,77,9.0
MULT,1,train,78,9.0
MULT,1,train,79,12.0
MULT,1,train,80,8.0
MULT,1,train,81,16.0
MULT,1,train,82,11.0
MULT,1,train,83,11.0
MULT,1,train,84,9.0
MULT,1,train,85,10.0
MULT,1,train,86,13.0
MULT,1,train,87,9.0
MULT,1,train,88,10.0
MULT,1,train,89,12.0
MULT,1,train,90,9.0
MULT,1,train,91,10.0
MULT,1,train,92,11.0
MULT,1,train,93,9.0
MULT,1,train,94,10.0
MULT,1,train,95,10.0
MULT,1,train,96,11.0
MULT,1,train,97,12.0
MULT,1,train,98,9.0
MULT,1,train,99,14.0
MULT,1,train,100,10.0
MULT,1,train,101,23.0
MULT,1,train,102,13.0
MULT,1,train,103,11.0
MULT,1,train,104,11.0
MULT,1,train,105,11.0
MULT,1,train,106,10.0
MULT,1,train,107,12.0
MULT,1,train,108,9.0
MULT,1,train,109,10.0
MULT,1,train,110,10.0
MULT,1,train,111,12.0
MULT,1,train,112,11.0
MULT,1,train,113,11.0
MULT,1,train,114,11.0
MULT,1,train,115,8.0
MULT,1,train,116,11.0
MULT,1,train,117,12.0
MULT,1,train,118,9.0
MULT,1,train,119,17.0
MULT,1,train,120,13.0
MULT,1,train,121,16.0
MULT,1,train,122,14.0
MULT,1,train,123,10.0
MULT,1,train,124,10.0
MULT,1,train,125,12.0
MULT,1,train,126,11.0
MULT,1,train,127,12.0
MULT,1,train,128,9.0
MULT,1,train,129,11.0
MULT,1,train,130,11.0
MULT,1,train,131,12.0
MULT,1,train,132,17.0
MULT,1,train,133,16.0
MULT,1,train,134,15.0
MULT,1,train,135,9.0
MULT,1,train,136,13.0
MULT,1,train,137,12.0
MULT,1,train,138,8.0
MULT,1,train,139,12.0
MULT,1,train,140,17.0
MULT,1,train,141,10.0
MULT,1,train,142,24.0
MULT,1,train,143,9.0
MULT,1,train,144,11.0
MULT,1,train,145,14.0
MULT,1,train,146,10.0
MULT,1,train,147,18.0
MULT,1,train,148,9.0
MULT,1,train,149,15.0
MULT,1,train,150,10.0
MULT,1,train,151,13.0
MULT,1,train,152,9.0
MULT,1,train,153,19.0
MULT,1,train,154,12.0
MULT,1,train,155,38.0
MULT,1,train,156,13.0
MULT,1,train,157,11.0
MULT,1,train,158,13.0
MULT,1,train,159,13.0
MULT,1,train,160,10.0
MULT,1,train,161,10.0
MULT,1,train,162,10.0
MULT,1,train,163,13.0
MULT,1,train,164,10.0
MULT,1,train,165,11.0
MULT,1,train,166,13.0
MULT,1,train,167,10.0
MULT,1,train,168,10.0
MULT,1,train,169,16.0
MULT,1,train,170,9.0
MULT,1,train,171,18.0
MULT,1,train,172,9.0
MULT,1,train,173,14.0
MULT,1,train,174,9.0
MULT,1,train,175,13.0
MULT,1,train,176,10.0
MULT,1,train,177,9.0
MULT,1,train,178,10.0
MULT,1,train,179,9.0
MULT,1,train,180,9.0
MULT,1,train,181,9.0
MULT,1,train,182,10.0
MULT,1,train,183,10.0
MULT,1,train,184,9.0
MULT,1,train,185,11.0
MULT,1,train,186,10.0
MULT,1,train,187,16.0
MULT,1,train,188,10.0
MULT,1,train,189,14.0
MULT,1,train,190,9.0
MULT,1,train,191,9.0
MULT,1,train,192,10.0
MULT,1,train,193,9.0
MULT,1,train,194,11.0
MULT,1,train,195,14.0
MULT,1,train,196,10.0
MULT,1,train,197,17.0
MULT,1,train,198,9.0
MULT,1,train,199,10.0
MULT,1,train,200,16.0
MULT,1,train,201,50.0
MULT,1,train,202,8.0
MULT,1,train,203,20.0
MULT,1,train,204,10.0
MULT,1,train,205,16.0
MULT,1,train,206,13.0
MULT,1,train,207,24.0
MULT,1,train,208,36.0
MULT,1,train,209,19.0
MULT,1,train,210,19.0
MULT,1,train,211,23.0
MULT,1,train,212,10.0
MULT,1,train,213,46.0
MULT,1,train,214,98.0
MULT,1,train,215,13.0
MULT,1,train,216,14.0
MULT,1,train,217,15.0
MULT,1,train,218,19.0
MULT,1,train,219,22.0
MULT,1,train,220,15.0
MULT,1,train,221,15.0
MULT,1,train,222,67.0
MULT,1,train,223,16.0
MULT,1,train,224,34.0
MULT,1,train,225,33.0
MULT,1,train,226,17.0
MULT,1,train,227,20.0
MULT,1,train,228,20.0
MULT,1,train,229,23.0
MULT,1,train,230,24.0
MULT,1,train,231,22.0
MULT,1,train,232,17.0
MULT,1,train,233,19.0
MULT,1,train,234,20.0
MULT,1,train,235,26.0
MULT,1,train,236,33.0
MULT,1,train,237,27.0
MULT,1,train,238,74.0
MULT,1,train,239,17.0
MULT,1,train,240,27.0
MULT,1,train,241,61.0
MULT,1,train,242,41.0
MULT,1,train,243,26.0
MULT,1,train,244,20.0
MULT,1,train,245,28.0
MULT,1,train,246,16.0
MULT,1,train,247,15.0
MULT,1,train,248,45.0
MULT,1,train,249,54.0
MULT,1,train,250,24.0
MULT,1,train,251,26.0
MULT,1,train,252,79.0
MULT,1,train,253,60.0
MULT,1,train,254,26.0
MULT,1,train,255,87.0
MULT,1,train,256,22.0
MULT,1,train,257,17.0
MULT,1,train,258,19.0
MULT,1,train,259,24.0
MULT,1,train,260,78.0
MULT,1,train,261,28.0
MULT,1,train,262,17.0
MULT,1,train,263,15.0
MULT,1,train,264,18.0
MULT,1,train,265,20.0
MULT,1,train,266,18.0
MULT,1,train,267,27.0
MULT,1,train,268,47.0
MULT,1,train,269,27.0
MULT,1,train,270,24.0
MULT,1,train,271,22.0
MULT,1,train,272,33.0
MULT,1,train,273,98.0
MULT,1,train,274,25.0
MULT,1,train,275,23.0
MULT,1,train,276,28.0
MULT,1,train,277,30.0
MULT,1,train,278,42.0
MULT,1,train,279,48.0
MULT,1,train,280,30.0
MULT,1,train,281,48.0
MULT,1,train,282,25.0
MULT,1,train,283,29.0
MULT,1,train,284,40.0
MULT,1,train,285,24.0
MULT,1,train,286,20.0
MULT,1,train,287,26.0
MULT,1,train,288,18.0
MULT,1,train,289,17.0
MULT,1,train,290,49.0
MULT,1,train,291,75.0
MULT,1,train,292,38.0
MULT,1,train,293,22.0
MULT,1,train,294,32.0
MULT,1,train,295,24.0
MULT,1,train,296,42.0
MULT,1,train,297,26.0
MULT,1,train,298,16.0
MULT,1,train,299,26.0
MULT,1,train,300,23.0
MULT,1,train,301,23.0
MULT,1,train,302,31.0
MULT,1,train,303,22.0
MULT,1,train,304,27.0
MULT,1,train,305,17.0
MULT,1,train,306,33.0
MULT,1,train,307,45.0
MULT,1,train,308,51.0
MULT,1,train,309,70.0
MULT,1,train,310,25.0
MULT,1,train,311,42.0
MULT,1,train,312,55.0
MULT,1,train,313,71.0
MULT,1,train,314,38.0
MULT,1,train,315,22.0
MULT,1,train,316,35.0
MULT,1,train,317,25.0
MULT,1,train,318,21.0
MULT,1,train,319,19.0
MULT,1,train,320,25.0
MULT,1,train,321,18.0
MULT,1,train,322,41.0
MULT,1,train,323,20.0
MULT,1,train,324,24.0
MULT,1,train,325,32.0
MULT,1,train,326,20.0
MULT,1,train,327,38.0
MULT,1,train,328,37.0
MULT,1,train,329,31.0
MULT,1,train,330,22.0
MULT,1,train,331,25.0
MULT,1,train,332,30.0
MULT,1,train,333,31.0
MULT,1,train,334,21.0
MULT,1,train,335,106.0
MULT,1,train,336,36.0
MULT,1,train,337,46.0
MULT,1,train,338,40.0
MULT,1,train,339,37.0
MULT,1,train,340,161.0
MULT,1,train,341,38.0
MULT,1,train,342,38.0
MULT,1,train,343,35.0
MULT,1,train,344,56.0
MULT,1,train,345,38.0
MULT,1,train,346,58.0
MULT,1,train,347,36.0
MULT,1,train,348,52.0
MULT,1,train,349,50.0
MULT,1,train,350,26.0
MULT,1,train,351,101.0
MULT,1,train,352,56.0
MULT,1,train,353,65.0
MULT,1,train,354,55.0
MULT,1,train,355,48.0
MULT,1,train,356,22.0
MULT,1,train,357,54.0
MULT,1,train,358,45.0
MULT,1,train,359,39.0
MULT,1,train,360,22.0
MULT,1,train,361,22.0
MULT,1,train,362,22.0
MULT,1,train,363,25.0
MULT,1,train,364,47.0
MULT,1,train,365,37.0
MULT,1,train,366,151.0
MULT,1,train,367,29.0
MULT,1,train,368,29.0
MULT,1,train,369,25.0
MULT,1,train,370,48.0
MULT,1,train,371,42.0
MULT,1,train,372,35.0
MULT,1,train,373,30.0
MULT,1,train,374,29.0
MULT,1,train,375,37.0
MULT,1,train,376,21.0
MULT,1,train,377,28.0
MULT,1,train,378,24.0
MULT,1,train,379,33.0
MULT,1,train,380,31.0
MULT,1,train,381,30.0
MULT,1,train,382,37.0
MULT,1,train,383,71.0
MULT,1,train,384,35.0
MULT,1,train,385,74.0
MULT,1,train,386,60.0
MULT,1,train,387,42.0
MULT,1,train,388,36.0
MULT,1,train,389,47.0
MULT,1,train,390,50.0
MULT,1,train,391,105.0
MULT,1,train,392,106.0
MULT,1,train,393,87.0
MULT,1,train,394,80.0
MULT,1,train,395,47.0
MULT,1,train,396,65.0
MULT,1,train,397,49.0
MULT,1,train,398,106.0
MULT,1,train,399,100.0
MULT,1,train,400,79.0
MULT,1,train,401,36.0
MULT,1,train,402,55.0
MULT,1,train,403,85.0
MULT,1,train,404,99.0
MULT,1,train,405,106.0
MULT,1,train,406,76.0
MULT,1,train,407,76.0
MULT,1,train,408,69.0
MULT,1,train,409,99.0
MULT,1,train,410,103.0
MULT,1,train,411,98.0
MULT,1,train,412,67.0
MULT,1,train,413,109.0
MULT,1,train,414,478.0
MULT,1,train,415,116.0
MULT,1,train,416,141.0
MULT,1,train,417,118.0
MULT,1,train,418,112.0
MULT,1,train,419,154.0
MULT,1,train,420,86.0
MULT,1,train,421,134.0
MULT,1,train,422,163.0
MULT,1,train,423,86.0
MULT,1,train,424,69.0
MULT,1,train,425,59.0
MULT,1,train,426,147.0
MULT,1,train,427,155.0
MULT,1,train,428,187.0
MULT,1,train,429,137.0
MULT,1,train,430,138.0
MULT,1,train,431,154.0
MULT,1,train,432,90.0
MULT,1,train,433,130.0
MULT,1,train,434,156.0
MULT,1,train,435,220.0
MULT,1,train,436,151.0
MULT,1,train,437,203.0
MULT,1,train,438,97.0
MULT,1,train,439,129.0
MULT,1,train,440,185.0
MULT,1,train,441,221.0
MULT,1,train,442,216.0
MULT,1,train,443,341.0
MULT,1,train,444,462.0
MULT,1,train,445,361.0
MULT,1,train,446,325.0
MULT,1,train,447,232.0
MULT,1,train,448,204.0
MULT,1,train,449,227.0
MULT,1,train,450,226.0
MULT,1,train,451,243.0
MULT,1,train,452,349.0
MULT,1,train,453,250.0
MULT,1,train,454,268.0
MULT,1,train,455,199.0
MULT,1,train,456,259.0
MULT,1,train,457,232.0
MULT,1,train,458,171.0
MULT,1,train,459,149.0
MULT,1,train,460,147.0
MULT,1,train,461,134.0
MULT,1,train,462,133.0
MULT,1,train,463,109.0
MULT,1,train,464,160.0
MULT,1,train,465,130.0
MULT,1,train,466,124.0
MULT,1,train,467,115.0
MULT,1,train,468,170.0
MULT,1,train,469,145.0
MULT,1,train,470,260.0
MULT,1,train,471,178.0
MULT,1,train,472,188.0
MULT,1,train,473,200.0
MULT,1,train,474,149.0
MULT,1,train,475,167.0
MULT,1,train,476,113.0
MULT,1,train,477,125.0
MULT,1,train,478,140.0
MULT,1,train,479,114.0
MULT,1,train,480,107.0
MULT,1,train,481,90.0
MULT,1,train,482,190.0
MULT,1,train,483,154.0
MULT,1,train,484,160.0
MULT,1,train,485,130.0
MULT,1,train,486,113.0
MULT,1,train,487,138.0
MULT,1,train,488,113.0
MULT,1,train,489,94.0
MULT,1,train,490,83.0
MULT,1,train,491,114.0
MULT,1,train,492,113.0
MULT,1,train,493,136.0
MULT,1,train,494,121.0
MULT,1,train,495,154.0
MULT,1,train,496,96.0
MULT,1,train,497,145.0
MULT,1,train,498,170.0
MULT,1,train,499,114.0
MULT,1,train,500,129.0
MULT,2,train,1,19.0
MULT,2,train,2,12.0
MULT,2,train,3,16.0
MULT,2,train,4,10.0
MULT,2,train,5,23.0
MULT,2,train,6,69.0
MULT,2,train,7,16.0
MULT,2,train,8,21.0
MULT,2,train,9,20.0
MULT,2,train,10,37.0
MULT,2,train,11,12.0
MULT,2,train,12,14.0
MULT,2,train,13,13.0
MULT,2,train,14,22.0
MULT,2,train,15,38.0
MULT,2,train,16,17.0
MULT,2,train,17,16.0
MULT,2,train,18,17.0
MULT,2,train,19,9.0
MULT,2,train,20,17.0
MULT,2,train,21,10.0
MULT,2,train,22,9.0
MULT,2,train,23,11.0
MULT,2,train,24,13.0
MULT,2,train,25,13.0
MULT,2,train,26,14.0
MULT,2,train,27,12.0
MULT,2,train,28,20.0
MULT,2,train,29,9.0
MULT,2,train,30,18.0
MULT,2,train,31,15.0
MULT,2,train,32,13.0
MULT,2,train,33,9.0
MULT,2,train,34,12.0
MULT,2,train,35,13.0
MULT,2,train,36,9.0
MULT,2,train,37,12.0
MULT,2,train,38,14.0
MULT,2,train,39,14.0
MULT,2,train,40,11.0
MULT,2,train,41,16.0
MULT,2,train,42,9.0
MULT,2,train,43,9.0
MULT,2,train,44,11.0
MULT,2,train,45,10.0
MULT,2,train,46,11.0
MULT,2,train,47,10.0
MULT,2,train,48,10.0
MULT,2,train,49,13.0
MULT,2,train,50,10.0
MULT,2,train,51,10.0
MULT,2,train,52,15.0
MULT,2,train,53,13.0
MULT,2,train,54,9.0
MULT,2,train,55,11.0
MULT,2,train,56,15.0
MULT,2,train,57,14.0
MULT,2,train,58,10.0
MULT,2,train,59,9.0
MULT,2,train,60,9.0
MULT,2,train,61,13.0
MULT,2,train,62,12.0
MULT,2,train,63,11.0
MULT,2,train,64,10.0
MULT,2,train,65,10.0
MULT,2,train,66,9.0
MULT,2,train,67,8.0
MULT,2,train,68,10.0
MULT,2,train,69,9.0
MULT,2,train,70,11.0
MULT,2,train,71,10.0
MULT,2,train,72,10.0
MULT,2,train,73,20.0
MULT,2,train,74,12.0
MULT,2,train,75,12.0
MULT,2,train,76,9.0
MULT,2,train,77,9.0
MULT,2,train,78,13.0
MULT,2,train,79,8.0
MULT,2,train,80,13.0
MULT,2,train,81,9.0
MULT,2,train,82,9.0
MULT,2,train,83,9.0
MULT,2,train,84,11.0
MULT,2,train,85,14.0
MULT,2,train,86,9.0
MULT,2,train,87,10.0
MULT,2,train,88,9.0
MULT,2,train,89,9.0
MULT,2,train,90,11.0
MULT,2,train,91,10.0
MULT,2,train,92,12.0
MULT,2,train,93,10.0
MULT,2,train,94,9.0
MULT,2,train,95,10.0
MULT,2,train,96,12.0
MULT,2,train,97,9.0
MULT,2,train,98,13.0
MULT,2,train,99,11.0
MULT,2,train,100,9.0
MULT,2,train,101,10.0
MULT,2,train,102,21.0
MULT,2,train,103,11.0
MULT,2,train,104,12.0
MULT,2,train,105,11.0
MULT,2,train,106,16.0
MULT,2,train,107,9.0
MULT,2,train,108,9.0
MULT,2,train,109,11.0
MULT,2,train,110,9.0
MULT,2,train,111,12.0
MULT,2,train,112,11.0
MULT,2,train,113,10.0
MULT,2,train,114,10.0
MULT,2,train,115,11.0
MULT,2,train,116,19.0
MULT,2,train,117,11.0
MULT,2,train,118,11.0
MULT,2,train,119,11.0
MULT,2,train,120,10.0
MULT,2,train,121,14.0
MULT,2,train,122,9.0
MULT,2,train,123,13.0
MULT,2,train,124,13.0
MULT,2,train,125,11.0
MULT,2,train,126,11.0
MULT,2,train,127,9.0
MULT,2,train,128,15.0
MULT,2,train,129,11.0
MULT,2,train,130,10.0
MULT,2,train,131,11.0
MULT,2,train,132,14.0
MULT,2,train,133,11.0
MULT,2,train,134,16.0
MULT,2,train,135,12.0
MULT,2,train,136,10.0
MULT,2,train,137,15.0
MULT,2,train,138,11.0
MULT,2,train,139,17.0
MULT,2,train,140,10.0
MULT,2,train,141,12.0
MULT,2,train,142,13.0
MULT,2,train,143,10.0
MULT,2,train,144,15.0
MULT,2,train,145,18.0
MULT,2,train,146,11.0
MULT,2,train,147,14.0
MULT,2,train,148,14.0
MULT,2,train,149,11.0
MULT,2,train,150,15.0
MULT,2,train,151,15.0
MULT,2,train,152,10.0
MULT,2,train,153,11.0
MULT,2,train,154,18.0
MULT,2,train,155,12.0
MULT,2,train,156,11.0
MULT,2,train,157,16.0
MULT,2,train,158,14.0
MULT,2,train,159,13.0
MULT,2,train,160,14.0
MULT,2,train,161,12.0
MULT,2,train,162,14.0
MULT,2,train,163,9.0
MULT,2,train,164,11.0
MULT,2,train,165,16.0
MULT,2,train,166,10.0
MULT,2,train,167,16.0
MULT,2,train,168,13.0
MULT,2,train,169,14.0
MULT,2,train,170,10.0
MULT,2,train,171,15.0
MULT,2,train,172,10.0
MULT,2,train,173,9.0
MULT,2,train,174,10.0
MULT,2,train,175,31.0
MULT,2,train,176,8.0
MULT,2,train,177,14.0
MULT,2,train,178,15.0
MULT,2,train,179,9.0
MULT,2,train,180,10.0
MULT,2,train,181,10.0
MULT,2,train,182,14.0
MULT,2,train,183,11.0
MULT,2,train,184,14.0
MULT,2,train,185,9.0
MULT,2,train,186,13.0
MULT,2,train,187,13.0
MULT,2,train,188,14.0
MULT,2,train,189,20.0
MULT,2,train,190,11.0
MULT,2,train,191,18.0
MULT,2,train,192,9.0
MULT,2,train,193,16.0
MULT,2,train,194,12.0
MULT,2,train,195,10.0
MULT,2,train,196,23.0
MULT,2,train,197,8.0
MULT,2,train,198,9.0
MULT,2,train,199,20.0
MULT,2,train,200,17.0
MULT,2,train,201,10.0
MULT,2,train,202,10.0
MULT,2,train,203,34.0
MULT,2,train,204,10.0
MULT,2,train,205,10.0
MULT,2,train,206,10.0
MULT,2,train,207,10.0
MULT,2,train,208,27.0
MULT,2,train,209,11.0
MULT,2,train,210,9.0
MULT,2,train,211,9.0
MULT,2,train,212,10.0
MULT,2,train,213,13.0
MULT,2,train,214,39.0
MULT,2,train,215,10.0
MULT,2,train,216,11.0
MULT,2,train,217,13.0
MULT,2,train,218,22.0
MULT,2,train,219,15.0
MULT,2,train,220,11.0
MULT,2,train,221,12.0
MULT,2,train,222,10.0
MULT,2,train,223,94.0
MULT,2,train,224,13.0
MULT,2,train,225,82.0
MULT,2,train,226,11.0
MULT,2,train,227,20.0
MULT,2,train,228,59.0
MULT,2,train,229,9.0
MULT,2,train,230,22.0
MULT,2,train,231,10.0
MULT,2,train,232,102.0
MULT,2,train,233,16.0
MULT,2,train,234,13.0
MULT,2,train,235,11.0
MULT,2,train,236,25.0
MULT,2,train,237,22.0
MULT,2,train,238,17.0
MULT,2,train,239,18.0
MULT,2,train,240,18.0
MULT,2,train,241,16.0
MULT,2,train,242,11.0
MULT,2,train,243,16.0
MULT,2,train,244,21.0
MULT,2,train,245,13.0
MULT,2,train,246,15.0
MULT,2,train,247,31.0
MULT,2,train,248,13.0
MULT,2,train,249,23.0
MULT,2,train,250,35.0
MULT,2,train,251,21.0
MULT,2,train,252,20.0
MULT,2,train,253,21.0
MULT,2,train,254,22.0
MULT,2,train,255,28.0
MULT,2,train,256,21.0
MULT,2,train,257,11.0
MULT,2,train,258,18.0
MULT,2,train,259,22.0
MULT,2,train,260,12.0
MULT,2,train,261,12.0
MULT,2,train,262,19.0
MULT,2,train,263,12.0
MULT,2,train,264,21.0
MULT,2,train,265,17.0
MULT,2,train,266,30.0
MULT,2,train,267,17.0
MULT,2,train,268,15.0
MULT,2,train,269,21.0
MULT,2,train,270,16.0
MULT,2,train,271,18.0
MULT,2,train,272,19.0
MULT,2,train,273,10.0
MULT,2,train,274,13.0
MULT,2,train,275,16.0
MULT,2,train,276,16.0
MULT,2,train,277,31.0
MULT,2,train,278,89.0
MULT,2,train,279,32.0
MULT,2,train,280,158.0
MULT,2,train,281,26.0
MULT,2,train,282,60.0
MULT,2,train,283,86.0
MULT,2,train,284,31.0
MULT,2,train,285,24.0
MULT,2,train,286,104.0
MULT,2,train,287,52.0
MULT,2,train,288,27.0
MULT,2,train,289,27.0
MULT,2,train,290,77.0
MULT,2,train,291,52.0
MULT,2,train,292,69.0
MULT,2,train,293,42.0
MULT,2,train,294,36.0
MULT,2,train,295,38.0
MULT,2,train,296,37.0
MULT,2,train,297,16.0
MULT,2,train,298,18.0
MULT,2,train,299,28.0
MULT,2,train,300,40.0
MULT,2,train,301,34.0
MULT,2,train,302,26.0
MULT,2,train,303,26.0
MULT,2,train,304,17.0
MULT,2,train,305,25.0
MULT,2,train,306,34.0
MULT,2,train,307,33.0
MULT,2,train,308,51.0
MULT,2,train,309,45.0
MULT,2,train,310,64.0
MULT,2,train,311,73.0
MULT,2,train,312,66.0
MULT,2,train,313,28.0
MULT,2,train,314,49.0
MULT,2,train,315,44.0
MULT,2,train,316,30.0
MULT,2,train,317,29.0
MULT,2,train,318,28.0
MULT,2,train,319,34.0
MULT,2,train,320,29.0
MULT,2,train,321,133.0
MULT,2,train,322,48.0
MULT,2,train,323,76.0
MULT,2,train,324,62.0
MULT,2,train,325,59.0
MULT,2,train,326,164.0
MULT,2,train,327,84.0
MULT,2,train,328,69.0
MULT,2,train,329,32.0
MULT,2,train,330,46.0
MULT,2,train,331,52.0
MULT,2,train,332,30.0
MULT,2,train,333,38.0
MULT,2,train,334,63.0
MULT,2,train,335,56.0
MULT,2,train,336,62.0
MULT,2,train,337,83.0
MULT,2,train,338,52.0
MULT,2,train,339,27.0
MULT,2,train,340,23.0
MULT,2,train,341,28.0
MULT,2,train,342,76.0
MULT,2,train,343,89.0
MULT,2,train,344,59.0
MULT,2,train,345,47.0
MULT,2,train,346,40.0
MULT,2,train,347,94.0
MULT,2,train,348,76.0
MULT,2,train,349,87.0
MULT,2,train,350,79.0
MULT,2,train,351,124.0
MULT,2,train,352,63.0
MULT,2,train,353,48.0
MULT,2,train,354,50.0
MULT,2,train,355,34.0
MULT,2,train,356,28.0
MULT,2,train,357,50.0
MULT,2,train,358,112.0
MULT,2,train,359,71.0
MULT,2,train,360,47.0
MULT,2,train,361,46.0
MULT,2,train,362,23.0
MULT,2,train,363,61.0
MULT,2,train,364,31.0
MULT,2,train,365,46.0
MULT,2,train,366,60.0
MULT,2,train,367,76.0
MULT,2,train,368,59.0
MULT,2,train,369,84.0
MULT,2,train,370,55.0
MULT,2,train,371,63.0
MULT,2,train,372,140.0
MULT,2,train,373,89.0
MULT,2,train,374,39.0
MULT,2,train,375,43.0
MULT,2,train,376,68.0
MULT,2,train,377,319.0
MULT,2,train,378,64.0
MULT,2,train,379,30.0
MULT,2,train,380,94.0
MULT,2,train,381,87.0
MULT,2,train,382,104.0
MULT,2,train,383,134.0
MULT,2,train,384,121.0
MULT,2,train,385,56.0
MULT,2,train,386,149.0
MULT,2,train,387,97.0
MULT,2,train,388,91.0
MULT,2,train,389,118.0
MULT,2,train,390,188.0
MULT,2,train,391,136.0
MULT,2,train,392,56.0
MULT,2,train,393,192.0
MULT,2,train,394,59.0
MULT,2,train,395,155.0
MULT,2,train,396,131.0
MULT,2,train,397,105.0
MULT,2,train,398,173.0
MULT,2,train,399,35.0
MULT,2,train,400,110.0
MULT,2,train,401,118.0
MULT,2,train,402,36.0
MULT,2,train,403,72.0
MULT,2,train,404,61.0
MULT,2,train,405,72.0
MULT,2,train,406,158.0
MULT,2,train,407,71.0
MULT,2,train,408,98.0
MULT,2,train,409,172.0
MULT,2,train,410,49.0
MULT,2,train,411,65.0
MULT,2,train,412,367.0
MULT,2,train,413,442.0
MULT,2,train,414,249.0
MULT,2,train,415,232.0
MULT,2,train,416,137.0
MULT,2,train,417,332.0
MULT,2,train,418,154.0
MULT,2,train,419,181.0
MULT,2,train,420,362.0
MULT,2,train,421,355.0
MULT,2,train,422,149.0
MULT,2,train,423,95.0
MULT,2,train,424,192.0
MULT,2,train,425,415.0
MULT,2,train,426,221.0
MULT,2,train,427,355.0
MULT,2,train,428,426.0
MULT,2,train,429,173.0
MULT,2,train,430,259.0
MULT,2,train,431,173.0
MULT,2,train,432,205.0
MULT,2,train,433,179.0
MULT,2,train,434,177.0
MULT,2,train,435,199.0
MULT,2,train,436,269.0
MULT,2,train,437,458.0
MULT,2,train,438,278.0
MULT,2,train,439,289.0
MULT,2,train,440,500.0
MULT,2,train,441,227.0
MULT,2,train,442,338.0
MULT,2,train,443,266.0
MULT,2,train,444,272.0
MULT,2,train,445,500.0
MULT,2,train,446,341.0
MULT,2,train,447,261.0
MULT,2,train,448,285.0
MULT,2,train,449,213.0
MULT,2,train,450,257.0
MULT,2,train,451,331.0
MULT,2,train,452,500.0
MULT,2,train,453,235.0
MULT,2,train,454,419.0
MULT,2,train,455,294.0
MULT,2,train,456,202.0
MULT,2,train,457,204.0
MULT,2,train,458,348.0
MULT,2,train,459,233.0
MULT,2,train,460,242.0
MULT,2,train,461,201.0
MULT,2,train,462,176.0
MULT,2,train,463,159.0
MULT,2,train,464,172.0
MULT,2,train,465,222.0
MULT,2,train,466,262.0
MULT,2,train,467,289.0
MULT,2,train,468,331.0
MULT,2,train,469,193.0
MULT,2,train,470,231.0
MULT,2,train,471,240.0
MULT,2,train,472,203.0
MULT,2,train,473,407.0
MULT,2,train,474,227.0
MULT,2,train,475,196.0
MULT,2,train,476,346.0
MULT,2,train,477,198.0
MULT,2,train,478,278.0
MULT,2,train,479,247.0
MULT,2,train,480,239.0
MULT,2,train,481,370.0
MULT,2,train,482,191.0
MULT,2,train,483,407.0
MULT,2,train,484,318.0
MULT,2,train,485,208.0
MULT,2,train,486,269.0
MULT,2,train,487,238.0
MULT,2,train,488,227.0
MULT,2,train,489,231.0
MULT,2,train,490,181.0
MULT,2,train,491,174.0
MULT,2,train,492,197.0
MULT,2,train,493,252.0
MULT,2,train,494,242.0
MULT,2,train,495,237.0
MULT,2,train,496,231.0
MULT,2,train,497,236.0
MULT,2,train,498,211.0
MULT,2,train,499,207.0
MULT,2,train,500,223.0
MULT,3,train,1,35.0
MULT,3,train,2,33.0
MULT,3,train,3,12.0
MULT,3,train,4,15.0
MULT,3,train,5,14.0
MULT,3,train,6,11.0
MULT,3,train,7,13.0
MULT,3,train,8,53.0
MULT,3,train,9,23.0
MULT,3,train,10,15.0
MULT,3,train,11,26.0
MULT,3,train,12,11.0
MULT,3,train,13,19.0
MULT,3,train,14,21.0
MULT,3,train,15,18.0
MULT,3,train,16,23.0
MULT,3,train,17,15.0
MULT,3,train,18,12.0
MULT,3,train,19,17.0
MULT,3,train,20,17.0
MULT,3,train,21,15.0
MULT,3,train,22,19.0
MULT,3,train,23,13.0
MULT,3,train,24,9.0
MULT,3,train,25,10.0
MULT,3,train,26,12.0
MULT,3,train,27,12.0
MULT,3,train,28,13.0
MULT,3,train,29,12.0
MULT,3,train,30,15.0
MULT,3,train,31,9.0
MULT,3,train,32,15.0
MULT,3,train,33,10.0
MULT,3,train,34,10.0
MULT,3,train,35,12.0
MULT,3,train,36,9.0
MULT,3,train,37,14.0
MULT,3,train,38,11.0
MULT,3,train,39,17.0
MULT,3,train,40,10.0
MULT,3,train,41,10.0
MULT,3,train,42,12.0
MULT,3,train,43,9.0
MULT,3,train,44,9.0
MULT,3,train,45,11.0
MULT,3,train,46,9.0
MULT,3,train,47,11.0
MULT,3,train,48,9.0
MULT,3,train,49,11.0
MULT,3,train,50,11.0
MULT,3,train,51,15.0
MULT,3,train,52,10.0
MULT,3,train,53,12.0
MULT,3,train,54,10.0
MULT,3,train,55,11.0
MULT,3,train,56,10.0
MULT,3,train,57,9.0
MULT,3,train,58,12.0
MULT,3,train,59,10.0
MULT,3,train,60,9.0
MULT,3,train,61,9.0
MULT,3,train,62,10.0
MULT,3,train,63,8.0
MULT,3,train,64,10.0
MULT,3,train,65,11.0
MULT,3,train,66,12.0
MULT,3,train,67,9.0
MULT,3,train,68,10.0
MULT,3,train,69,9.0
MULT,3,train,70,11.0
MULT,3,train,71,11.0
MULT,3,train,72,10.0
MULT,3,train,73,10.0
MULT,3,train,74,9.0
MULT,3,train,75,10.0
MULT,3,train,76,10.0
MULT,3,train,77,13.0
MULT,3,train,78,14.0
MULT,3,train,79,9.0
MULT,3,train,80,13.0
MULT,3,train,81,11.0
MULT,3,train,82,12.0
MULT,3,train,83,10.0
MULT,3,train,84,9.0
MULT,3,train,85,12.0
MULT,3,train,86,13.0
MULT,3,train,87,9.0
MULT,3,train,88,10.0
MULT,3,train,89,9.0
MULT,3,train,90,9.0
MULT,3,train,91,12.0
MULT,3,train,92,10.0
MULT,3,train,93,11.0
MULT,3,train,94,11.0
MULT,3,train,95,9.0
MULT,3,train,96,10.0
MULT,3,train,97,10.0
MULT,3,train,98,12.0
MULT,3,train,99,11.0
MULT,3,train,100,11.0
MULT,3,train,101,9.0
MULT,3,train,102,9.0
MULT,3,train,103,8.0
MULT,3,train,104,9.0
MULT,3,train,105,8.0
MULT,3,train,106,10.0
MULT,3,train,107,13.0
MULT,3,train,108,11.0
MULT,3,train,109,11.0
MULT,3,train,110,10.0
MULT,3,train,111,11.0
MULT,3,train,112,11.0
MULT,3,train,113,12.0
MULT,3,train,114,13.0
MULT,3,train,115,10.0
MULT,3,train,116,10.0
MULT,3,train,117,9.0
MULT,3,train,118,14.0
MULT,3,train,119,9.0
MULT,3,train,120,10.0
MULT,3,train,121,11.0
MULT,3,train,122,9.0
MULT,3,train,123,10.0
MULT,3,train,124,9.0
MULT,3,train,125,9.0
MULT,3,train,126,12.0
MULT,3,train,127,9.0
MULT,3,train,128,9.0
MULT,3,train,129,15.0
MULT,3,train,130,10.0
MULT,3,train,131,12.0
MULT,3,train,132,10.0
MULT,3,train,133,10.0
MULT,3,train,134,10.0
MULT,3,train,135,10.0
MULT,3,train,136,11.0
MULT,3,train,137,10.0
MULT,3,train,138,9.0
MULT,3,train,139,11.0
MULT,3,train,140,10.0
MULT,3,train,141,9.0
MULT,3,train,142,12.0
MULT,3,train,143,10.0
MULT,3,train,144,9.0
MULT,3,train,145,10.0
MULT,3,train,146,10.0
MULT,3,train,147,10.0
MULT,3,train,148,9.0
MULT,3,train,149,11.0
MULT,3,train,150,10.0
MULT,3,train,151,10.0
MULT,3,train,152,11.0
MULT,3,train,153,11.0
MULT,3,train,154,10.0
MULT,3,train,155,9.0
MULT,3,train,156,10.0
MULT,3,train,157,10.0
MULT,3,train,158,10.0
MULT,3,train,159,10.0
MULT,3,train,160,9.0
MULT,3,train,161,10.0
MULT,3,train,162,12.0
MULT,3,train,163,9.0
MULT,3,train,164,9.0
MULT,3,train,165,9.0
MULT,3,train,166,10.0
MULT,3,train,167,8.0
MULT,3,train,168,11.0
MULT,3,train,169,10.0
MULT,3,train,170,11.0
MULT,3,train,171,8.0
MULT,3,train,172,11.0
MULT,3,train,173,9.0
MULT,3,train,174,9.0
MULT,3,train,175,10.0
MULT,3,train,176,8.0
MULT,3,train,177,12.0
MULT,3,train,178,9.0
MULT,3,train,179,11.0
MULT,3,train,180,11.0
MULT,3,train,181,8.0
MULT,3,train,182,10.0
MULT,3,train,183,8.0
MULT,3,train,184,11.0
MULT,3,train,185,9.0
MULT,3,train,186,12.0
MULT,3,train,187,8.0
MULT,3,train,188,12.0
MULT,3,train,189,12.0
MULT,3,train,190,9.0
MULT,3,train,191,10.0
MULT,3,train,192,9.0
MULT,3,train,193,9.0
MULT,3,train,194,9.0
MULT,3,train,195,10.0
MULT,3,train,196,11.0
MULT,3,train,197,13.0
MULT,3,train,198,9.0
MULT,3,train,199,9.0
MULT,3,train,200,10.0
MULT,3,train,201,11.0
MULT,3,train,202,19.0
MULT,3,train,203,8.0
MULT,3,train,204,10.0
MULT,3,train,205,10.0
MULT,3,train,206,16.0
MULT,3,train,207,10.0
MULT,3,train,208,11.0
MULT,3,train,209,16.0
MULT,3,train,210,10.0
MULT,3,train,211,10.0
MULT,3,train,212,8.0
MULT,3,train,213,10.0
MULT,3,train,214,9.0
MULT,3,train,215,9.0
MULT,3,train,216,8.0
MULT,3,train,217,8.0
MULT,3,train,218,10.0
MULT,3,train,219,17.0
MULT,3,train,220,9.0
MULT,3,train,221,11.0
MULT,3,train,222,19.0
MULT,3,train,223,8.0
MULT,3,train,224,10.0
MULT,3,train,225,11.0
MULT,3,train,226,54.0
MULT,3,train,227,22.0
MULT,3,train,228,95.0
MULT,3,train,229,24.0
MULT,3,train,230,17.0
MULT,3,train,231,22.0
MULT,3,train,232,16.0
MULT,3,train,233,31.0
MULT,3,train,234,17.0
MULT,3,train,235,22.0
MULT,3,train,236,24.0
MULT,3,train,237,15.0
MULT,3,train,238,18.0
MULT,3,train,239,26.0
MULT,3,train,240,22.0
MULT,3,train,241,20.0
MULT,3,train,242,31.0
MULT,3,train,243,19.0
MULT,3,train,244,36.0
MULT,3,train,245,86.0
MULT,3,train,246,19.0
MULT,3,train,247,29.0
MULT,3,train,248,29.0
MULT,3,train,249,20.0
MULT,3,train,250,67.0
MULT,3,train,251,29.0
MULT,3,train,252,30.0
MULT,3,train,253,24.0
MULT,3,train,254,27.0
MULT,3,train,255,29.0
MULT,3,train,256,36.0
MULT,3,train,257,26.0
MULT,3,train,258,27.0
MULT,3,train,259,23.0
MULT,3,train,260,105.0
MULT,3,train,261,45.0
MULT,3,train,262,22.0
MULT,3,train,263,17.0
MULT,3,train,264,22.0
MULT,3,train,265,23.0
MULT,3,train,266,26.0
MULT,3,train,267,25.0
MULT,3,train,268,22.0
MULT,3,train,269,21.0
MULT,3,train,270,80.0
MULT,3,train,271,130.0
MULT,3,train,272,89.0
MULT,3,train,273,78.0
MULT,3,train,274,32.0
MULT,3,train,275,52.0
MULT,3,train,276,92.0
MULT,3,train,277,106.0
MULT,3,train,278,34.0
MULT,3,train,279,32.0
MULT,3,train,280,25.0
MULT,3,train,281,30.0
MULT,3,train,282,22.0
MULT,3,train,283,37.0
MULT,3,train,284,35.0
MULT,3,train,285,30.0
MULT,3,train,286,34.0
MULT,3,train,287,41.0
MULT,3,train,288,84.0
MULT,3,train,289,39.0
MULT,3,train,290,58.0
MULT,3,train,291,41.0
MULT,3,train,292,24.0
MULT,3,train,293,35.0
MULT,3,train,294,39.0
MULT,3,train,295,38.0
MULT,3,train,296,56.0
MULT,3,train,297,64.0
MULT,3,train,298,57.0
MULT,3,train,299,28.0
MULT,3,train,300,31.0
MULT,3,train,301,36.0
MULT,3,train,302,41.0
MULT,3,train,303,80.0
MULT,3,train,304,54.0
MULT,3,train,305,31.0
MULT,3,train,306,35.0
MULT,3,train,307,35.0
MULT,3,train,308,35.0
MULT,3,train,309,35.0
MULT,3,train,310,45.0
MULT,3,train,311,33.0
MULT,3,train,312,38.0
MULT,3,train,313,30.0
MULT,3,train,314,22.0
MULT,3,train,315,33.0
MULT,3,train,316,53.0
MULT,3,train,317,46.0
MULT,3,train,318,39.0
MULT,3,train,319,57.0
MULT,3,train,320,27.0
MULT,3,train,321,32.0
MULT,3,train,322,73.0
MULT,3,train,323,22.0
MULT,3,train,324,54.0
MULT,3,train,325,33.0
MULT,3,train,326,53.0
MULT,3,train,327,31.0
MULT,3,train,328,44.0
MULT,3,train,329,64.0
MULT,3,train,330,41.0
MULT,3,train,331,68.0
MULT,3,train,332,79.0
MULT,3,train,333,45.0
MULT,3,train,334,81.0
MULT,3,train,335,110.0
MULT,3,train,336,58.0
MULT,3,train,337,44.0
MULT,3,train,338,50.0
MULT,3,train,339,202.0
MULT,3,train,340,111.0
MULT,3,train,341,75.0
MULT,3,train,342,51.0
MULT,3,train,343,66.0
MULT,3,train,344,58.0
MULT,3,train,345,92.0
MULT,3,train,346,32.0
MULT,3,train,347,38.0
MULT,3,train,348,91.0
MULT,3,train,349,41.0
MULT,3,train,350,53.0
MULT,3,train,351,60.0
MULT,3,train,352,31.0
MULT,3,train,353,89.0
MULT,3,train,354,51.0
MULT,3,train,355,69.0
MULT,3,train,356,61.0
MULT,3,train,357,117.0
MULT,3,train,358,43.0
MULT,3,train,359,76.0
MULT,3,train,360,44.0
MULT,3,train,361,119.0
MULT,3,train,362,46.0
MULT,3,train,363,52.0
MULT,3,train,364,118.0
MULT,3,train,365,48.0
MULT,3,train,366,86.0
MULT,3,train,367,70.0
MULT,3,train,368,53.0
MULT,3,train,369,65.0
MULT,3,train,370,42.0
MULT,3,train,371,189.0
MULT,3,train,372,110.0
MULT,3,train,373,118.0
MULT,3,train,374,91.0
MULT,3,train,375,84.0
MULT,3,train,376,116.0
MULT,3,train,377,129.0
MULT,3,train,378,59.0
MULT,3,train,379,43.0
MULT,3,train,380,64.0
MULT,3,train,381,46.0
MULT,3,train,382,52.0
MULT,3,train,383,52.0
MULT,3,train,384,60.0
MULT,3,train,385,38.0
MULT,3,train,386,63.0
MULT,3,train,387,128.0
MULT,3,train,388,151.0
MULT,3,train,389,71.0
MULT,3,train,390,131.0
MULT,3,train,391,161.0
MULT,3,train,392,109.0
MULT,3,train,393,154.0
MULT,3,train,394,75.0
MULT,3,train,395,107.0
MULT,3,train,396,129.0
MULT,3,train,397,249.0
MULT,3,train,398,114.0
MULT,3,train,399,174.0
MULT,3,train,400,147.0
MULT,3,train,401,414.0
MULT,3,train,402,70.0
MULT,3,train,403,94.0
MULT,3,train,404,147.0
MULT,3,train,405,220.0
MULT,3,train,406,207.0
MULT,3,train,407,212.0
MULT,3,train,408,166.0
MULT,3,train,409,160.0
MULT,3,train,410,500.0
MULT,3,train,411,209.0
MULT,3,train,412,483.0
MULT,3,train,413,184.0
MULT,3,train,414,211.0
MULT,3,train,415,124.0
MULT,3,train,416,296.0
MULT,3,train,417,292.0
MULT,3,train,418,132.0
MULT,3,train,419,309.0
MULT,3,train,420,317.0
MULT,3,train,421,252.0
MULT,3,train,422,158.0
MULT,3,train,423,192.0
MULT,3,train,424,185.0
MULT,3,train,425,150.0
MULT,3,train,426,206.0
MULT,3,train,427,128.0
MULT,3,train,428,214.0
MULT,3,train,429,135.0
MULT,3,train,430,137.0
MULT,3,train,431,162.0
MULT,3,train,432,227.0
MULT,3,train,433,165.0
MULT,3,train,434,169.0
MULT,3,train,435,141.0
MULT,3,train,436,237.0
MULT,3,train,437,201.0
MULT,3,train,438,136.0
MULT,3,train,439,157.0
MULT,3,train,440,145.0
MULT,3,train,441,220.0
MULT,3,train,442,208.0
MULT,3,train,443,170.0
MULT,3,train,444,161.0
MULT,3,train,445,111.0
MULT,3,train,446,126.0
MULT,3,train,447,183.0
MULT,3,train,448,98.0
MULT,3,train,449,172.0
MULT,3,train,450,148.0
MULT,3,train,451,34.0
MULT,3,train,452,97.0
MULT,3,train,453,121.0
MULT,3,train,454,114.0
MULT,3,train,455,64.0
MULT,3,train,456,99.0
MULT,3,train,457,45.0
MULT,3,train,458,93.0
MULT,3,train,459,111.0
MULT,3,train,460,105.0
MULT,3,train,461,49.0
MULT,3,train,462,88.0
MULT,3,train,463,45.0
MULT,3,train,464,81.0
MULT,3,train,465,129.0
MULT,3,train,466,104.0
MULT,3,train,467,95.0
MULT,3,train,468,100.0
MULT,3,train,469,140.0
MULT,3,train,470,108.0
MULT,3,train,471,155.0
MULT,3,train,472,136.0
MULT,3,train,473,165.0
MULT,3,train,474,156.0
MULT,3,train,475,55.0
MULT,3,train,476,158.0
MULT,3,train,477,130.0
MULT,3,train,478,139.0
MULT,3,train,479,170.0
MULT,3,train,480,114.0
MULT,3,train,481,116.0
MULT,3,train,482,153.0
MULT,3,train,483,135.0
MULT,3,train,484,137.0
MULT,3,train,485,73.0
MULT,3,train,486,128.0
MULT,3,train,487,159.0
MULT,3,train,488,135.0
MULT,3,train,489,172.0
MULT,3,train,490,149.0
MULT,3,train,491,181.0
MULT,3,train,492,198.0
MULT,3,train,493,141.0
MULT,3,train,494,142.0
MULT,3,train,495,156.0
MULT,3,train,496,136.0
MULT,3,train,497,141.0
MULT,3,train,498,110.0
MULT,3,train,499,127.0
MULT,3,train,500,109.0
MULT,4,train,1,18.0
MULT,4,train,2,31.0
MULT,4,train,3,41.0
MULT,4,train,4,17.0
MULT,4,train,5,24.0
MULT,4,train,6,51.0
MULT,4,train,7,20.0
MULT,4,train,8,14.0
MULT,4,train,9,15.0
MULT,4,train,10,22.0
MULT,4,train,11,11.0
MULT,4,train,12,10.0
MULT,4,train,13,90.0
MULT,4,train,14,11.0
MULT,4,train,15,11.0
MULT,4,train,16,9.0
MULT,4,train,17,12.0
MULT,4,train,18,10.0
MULT,4,train,19,12.0
MULT,4,train,20,14.0
MULT,4,train,21,19.0
MULT,4,train,22,8.0
MULT,4,train,23,12.0
MULT,4,train,24,11.0
MULT,4,train,25,10.0
MULT,4,train,26,8.0
MULT,4,train,27,18.0
MULT,4,train,28,15.0
MULT,4,train,29,10.0
MULT,4,train,30,21.0
MULT,4,train,31,14.0
MULT,4,train,32,15.0
MULT,4,train,33,11.0
MULT,4,train,34,12.0
MULT,4,train,35,9.0
MULT,4,train,36,11.0
MULT,4,train,37,13.0
MULT,4,train,38,13.0
MULT,4,train,39,13.0
MULT,4,train,40,9.0
MULT,4,train,41,12.0
MULT,4,train,42,11.0
MULT,4,train,43,9.0
MULT,4,train,44,11.0
MULT,4,train,45,10.0
MULT,4,train,46,10.0
MULT,4,train,47,9.0
MULT,4,train,48,13.0
MULT,4,train,49,11.0
MULT,4,train,50,10.0
MULT,4,train,51,9.0
MULT,4,train,52,13.0
MULT,4,train,53,10.0
MULT,4,train,54,10.0
MULT,4,train,55,10.0
MULT,4,train,56,8.0
MULT,4,train,57,10.0
MULT,4,train,58,12.0
MULT,4,train,59,9.0
MULT,4,train,60,9.0
MULT,4,train,61,11.0
MULT,4,train,62,8.0
MULT,4,train,63,9.0
MULT,4,train,64,12.0
MULT,4,train,65,10.0
MULT,4,train,66,9.0
MULT,4,train,67,11.0
MULT,4,train,68,12.0
MULT,4,train,69,9.0
MULT,4,train,70,10.0
MULT,4,train,71,10.0
MULT,4,train,72,11.0
MULT,4,train,73,11.0
MULT,4,train,74,13.0
MULT,4,train,75,16.0
MULT,4,train,76,8.0
MULT,4,train,77,10.0
MULT,4,train,78,10.0
MULT,4,train,79,10.0
MULT,4,train,80,11.0
MULT,4,train,81,12.0
MULT,4,train,82,12.0
MULT,4,train,83,9.0
MULT,4,train,84,14.0
MULT,4,train,85,10.0
MULT,4,train,86,13.0
MULT,4,train,87,12.0
MULT,4,train,88,9.0
MULT,4,train,89,10.0
MULT,4,train,90,10.0
MULT,4,train,91,9.0
MULT,4,train,92,13.0
MULT,4,train,93,11.0
MULT,4,train,94,9.0
MULT,4,train,95,11.0
MULT,4,train,96,15.0
MULT,4,train,97,12.0
MULT,4,train,98,12.0
MULT,4,train,99,12.0
MULT,4,train,100,9.0
MULT,4,train,101,8.0
MULT,4,train,102,11.0
MULT,4,train,103,12.0
MULT,4,train,104,11.0
MULT,4,train,105,11.0
MULT,4,train,106,11.0
MULT,4,train,107,9.0
MULT,4,train,108,14.0
MULT,4,train,109,9.0
MULT,4,train,110,13.0
MULT,4,train,111,12.0
MULT,4,train,112,15.0
MULT,4,train,113,10.0
MULT,4,train,114,12.0
MULT,4,train,115,14.0
MULT,4,train,116,13.0
MULT,4,train,117,14.0
MULT,4,train,118,10.0
MULT,4,train,119,13.0
MULT,4,train,120,14.0
MULT,4,train,121,14.0
MULT,4,train,122,12.0
MULT,4,train,123,10.0
MULT,4,train,124,12.0
MULT,4,train,125,18.0
MULT,4,train,126,12.0
MULT,4,train,127,12.0
MULT,4,train,128,12.0
MULT,4,train,129,13.0
MULT,4,train,130,14.0
MULT,4,train,131,12.0
MULT,4,train,132,11.0
MULT,4,train,133,11.0
MULT,4,train,134,11.0
MULT,4,train,135,9.0
MULT,4,train,136,16.0
MULT,4,train,137,14.0
MULT,4,train,138,18.0
MULT,4,train,139,11.0
MULT,4,train,140,14.0
MULT,4,train,141,13.0
MULT,4,train,142,46.0
MULT,4,train,143,90.0
MULT,4,train,144,87.0
MULT,4,train,145,22.0
MULT,4,train,146,9.0
MULT,4,train,147,9.0
MULT,4,train,148,10.0
MULT,4,train,149,14.0
MULT,4,train,150,10.0
MULT,4,train,151,10.0
MULT,4,train,152,10.0
MULT,4,train,153,10.0
MULT,4,train,154,11.0
MULT,4,train,155,10.0
MULT,4,train,156,15.0
MULT,4,train,157,10.0
MULT,4,train,158,9.0
MULT,4,train,159,10.0
MULT,4,train,160,11.0
MULT,4,train,161,9.0
MULT,4,train,162,10.0
MULT,4,train,163,9.0
MULT,4,train,164,9.0
MULT,4,train,165,10.0
MULT,4,train,166,11.0
MULT,4,train,167,11.0
MULT,4,train,168,9.0
MULT,4,train,169,10.0
MULT,4,train,170,9.0
MULT,4,train,171,11.0
MULT,4,train,172,8.0
MULT,4,train,173,9.0
MULT,4,train,174,12.0
MULT,4,train,175,10.0
MULT,4,train,176,10.0
MULT,4,train,177,10.0
MULT,4,train,178,10.0
MULT,4,train,179,10.0
MULT,4,train,180,10.0
MULT,4,train,181,10.0
MULT,4,train,182,11.0
MULT,4,train,183,9.0
MULT,4,train,184,10.0
MULT,4,train,185,11.0
MULT,4,train,186,12.0
MULT,4,train,187,10.0
MULT,4,train,188,12.0
MULT,4,train,189,9.0
MULT,4,train,190,17.0
MULT,4,train,191,10.0
MULT,4,train,192,9.0
MULT,4,train,193,11.0
MULT,4,train,194,12.0
MULT,4,train,195,13.0
MULT,4,train,196,11.0
MULT,4,train,197,16.0
MULT,4,train,198,10.0
MULT,4,train,199,10.0
MULT,4,train,200,9.0
MULT,4,train,201,15.0
MULT,4,train,202,8.0
MULT,4,train,203,15.0
MULT,4,train,204,21.0
MULT,4,train,205,12.0
MULT,4,train,206,10.0
MULT,4,train,207,14.0
MULT,4,train,208,13.0
MULT,4,train,209,15.0
MULT,4,train,210,10.0
MULT,4,train,211,9.0
MULT,4,train,212,11.0
MULT,4,train,213,13.0
MULT,4,train,214,11.0
MULT,4,train,215,12.0
MULT,4,train,216,18.0
MULT,4,train,217,13.0
MULT,4,train,218,11.0
MULT,4,train,219,21.0
MULT,4,train,220,26.0
MULT,4,train,221,10.0
MULT,4,train,222,21.0
MULT,4,train,223,13.0
MULT,4,train,224,13.0
MULT,4,train,225,124.0
MULT,4,train,226,22.0
MULT,4,train,227,80.0
MULT,4,train,228,26.0
MULT,4,train,229,21.0
MULT,4,train,230,28.0
MULT,4,train,231,11.0
MULT,4,train,232,42.0
MULT,4,train,233,117.0
MULT,4,train,234,161.0
MULT,4,train,235,67.0
MULT,4,train,236,28.0
MULT,4,train,237,124.0
MULT,4,train,238,49.0
MULT,4,train,239,77.0
MULT,4,train,240,40.0
MULT,4,train,241,40.0
MULT,4,train,242,93.0
MULT,4,train,243,66.0
MULT,4,train,244,29.0
MULT,4,train,245,58.0
MULT,4,train,246,157.0
MULT,4,train,247,69.0
MULT,4,train,248,205.0
MULT,4,train,249,39.0
MULT,4,train,250,49.0
MULT,4,train,251,62.0
MULT,4,train,252,53.0
MULT,4,train,253,53.0
MULT,4,train,254,49.0
MULT,4,train,255,73.0
MULT,4,train,256,141.0
MULT,4,train,257,57.0
MULT,4,train,258,88.0
MULT,4,train,259,45.0
MULT,4,train,260,27.0
MULT,4,train,261,132.0
MULT,4,train,262,41.0
MULT,4,train,263,42.0
MULT,4,train,264,52.0
MULT,4,train,265,35.0
MULT,4,train,266,60.0
MULT,4,train,267,52.0
MULT,4,train,268,98.0
MULT,4,train,269,86.0
MULT,4,train,270,48.0
MULT,4,train,271,116.0
MULT,4,train,272,40.0
MULT,4,train,273,55.0
MULT,4,train,274,73.0
MULT,4,train,275,42.0
MULT,4,train,276,149.0
MULT,4,train,277,76.0
MULT,4,train,278,134.0
MULT,4,train,279,78.0
MULT,4,train,280,69.0
MULT,4,train,281,37.0
MULT,4,train,282,68.0
MULT,4,train,283,28.0
MULT,4,train,284,128.0
MULT,4,train,285,76.0
MULT,4,train,286,44.0
MULT,4,train,287,50.0
MULT,4,train,288,44.0
MULT,4,train,289,69.0
MULT,4,train,290,44.0
MULT,4,train,291,74.0
MULT,4,train,292,46.0
MULT,4,train,293,57.0
MULT,4,train,294,67.0
MULT,4,train,295,54.0
MULT,4,train,296,65.0
MULT,4,train,297,74.0
MULT,4,train,298,77.0
MULT,4,train,299,166.0
MULT,4,train,300,104.0
MULT,4,train,301,124.0
MULT,4,train,302,34.0
MULT,4,train,303,69.0
MULT,4,train,304,90.0
MULT,4,train,305,114.0
MULT,4,train,306,71.0
MULT,4,train,307,59.0
MULT,4,train,308,66.0
MULT,4,train,309,64.0
MULT,4,train,310,92.0
MULT,4,train,311,55.0
MULT,4,train,312,117.0
MULT,4,train,313,77.0
MULT,4,train,314,59.0
MULT,4,train,315,142.0
MULT,4,train,316,64.0
MULT,4,train,317,93.0
MULT,4,train,318,62.0
MULT,4,train,319,122.0
MULT,4,train,320,103.0
MULT,4,train,321,54.0
MULT,4,train,322,106.0
MULT,4,train,323,77.0
MULT,4,train,324,63.0
MULT,4,train,325,61.0
MULT,4,train,326,76.0
MULT,4,train,327,27.0
MULT,4,train,328,62.0
MULT,4,train,329,102.0
MULT,4,train,330,66.0
MULT,4,train,331,274.0
MULT,4,train,332,97.0
MULT,4,train,333,185.0
MULT,4,train,334,197.0
MULT,4,train,335,114.0
MULT,4,train,336,199.0
MULT,4,train,337,170.0
MULT,4,train,338,95.0
MULT,4,train,339,39.0
MULT,4,train,340,119.0
MULT,4,train,341,65.0
MULT,4,train,342,78.0
MULT,4,train,343,135.0
MULT,4,train,344,38.0
MULT,4,train,345,117.0
MULT,4,train,346,187.0
MULT,4,train,347,155.0
MULT,4,train,348,57.0
MULT,4,train,349,98.0
MULT,4,train,350,132.0
MULT,4,train,351,143.0
MULT,4,train,352,58.0
MULT,4,train,353,175.0
MULT,4,train,354,113.0
MULT,4,train,355,236.0
MULT,4,train,356,137.0
MULT,4,train,357,242.0
MULT,4,train,358,237.0
MULT,4,train,359,482.0
MULT,4,train,360,500.0
MULT,4,train,361,285.0
MULT,4,train,362,273.0
MULT,4,train,363,211.0
MULT,4,train,364,125.0
MULT,4,train,365,147.0
MULT,4,train,366,321.0
MULT,4,train,367,500.0
MULT,4,train,368,109.0
MULT,4,train,369,182.0
MULT,4,train,370,289.0
MULT,4,train,371,440.0
MULT,4,train,372,294.0
MULT,4,train,373,191.0
MULT,4,train,374,244.0
MULT,4,train,375,393.0
MULT,4,train,376,500.0
MULT,4,train,377,322.0
MULT,4,train,378,214.0
MULT,4,train,379,500.0
MULT,4,train,380,500.0
MULT,4,train,381,404.0
MULT,4,train,382,457.0
MULT,4,train,383,257.0
MULT,4,train,384,288.0
MULT,4,train,385,420.0
MULT,4,train,386,500.0
MULT,4,train,387,421.0
MULT,4,train,388,500.0
MULT,4,train,389,285.0
MULT,4,train,390,500.0
MULT,4,train,391,312.0
MULT,4,train,392,329.0
MULT,4,train,393,207.0
MULT,4,train,394,254.0
MULT,4,train,395,500.0
MULT,4,train,396,248.0
MULT,4,train,397,272.0
MULT,4,train,398,250.0
MULT,4,train,399,500.0
MULT,4,train,400,268.0
MULT,4,train,401,500.0
MULT,4,train,402,500.0
MULT,4,train,403,273.0
MULT,4,train,404,232.0
MULT,4,train,405,322.0
MULT,4,train,406,500.0
MULT,4,train,407,255.0
MULT,4,train,408,222.0
MULT,4,train,409,192.0
MULT,4,train,410,500.0
MULT,4,train,411,371.0
MULT,4,train,412,382.0
MULT,4,train,413,350.0
MULT,4,train,414,306.0
MULT,4,train,415,258.0
MULT,4,train,416,340.0
MULT,4,train,417,191.0
MULT,4,train,418,185.0
MULT,4,train,419,299.0
MULT,4,train,420,372.0
MULT,4,train,421,237.0
MULT,4,train,422,171.0
MULT,4,train,423,237.0
MULT,4,train,424,227.0
MULT,4,train,425,245.0
MULT,4,train,426,287.0
MULT,4,train,427,297.0
MULT,4,train,428,230.0
MULT,4,train,429,172.0
MULT,4,train,430,230.0
MULT,4,train,431,218.0
MULT,4,train,432,152.0
MULT,4,train,433,329.0
MULT,4,train,434,327.0
MULT,4,train,435,209.0
MULT,4,train,436,265.0
MULT,4,train,437,173.0
MULT,4,train,438,222.0
MULT,4,train,439,270.0
MULT,4,train,440,328.0
MULT,4,train,441,231.0
MULT,4,train,442,256.0
MULT,4,train,443,302.0
MULT,4,train,444,304.0
MULT,4,train,445,180.0
MULT,4,train,446,184.0
MULT,4,train,447,244.0
MULT,4,train,448,276.0
MULT,4,train,449,182.0
MULT,4,train,450,219.0
MULT,4,train,451,245.0
MULT,4,train,452,213.0
MULT,4,train,453,223.0
MULT,4,train,454,269.0
MULT,4,train,455,255.0
MULT,4,train,456,160.0
MULT,4,train,457,256.0
MULT,4,train,458,238.0
MULT,4,train,459,296.0
MULT,4,train,460,428.0
MULT,4,train,461,333.0
MULT,4,train,462,185.0
MULT,4,train,463,167.0
MULT,4,train,464,159.0
MULT,4,train,465,144.0
MULT,4,train,466,190.0
MULT,4,train,467,144.0
MULT,4,train,468,232.0
MULT,4,train,469,251.0
MULT,4,train,470,175.0
MULT,4,train,471,138.0
MULT,4,train,472,263.0
MULT,4,train,473,232.0
MULT,4,train,474,201.0
MULT,4,train,475,195.0
MULT,4,train,476,191.0
MULT,4,train,477,210.0
MULT,4,train,478,299.0
MULT,4,train,479,186.0
MULT,4,train,480,244.0
MULT,4,train,481,231.0
MULT,4,train,482,150.0
MULT,4,train,483,272.0
MULT,4,train,484,163.0
MULT,4,train,485,206.0
MULT,4,train,486,311.0
MULT,4,train,487,164.0
MULT,4,train,488,235.0
MULT,4,train,489,196.0
MULT,4,train,490,280.0
MULT,4,train,491,251.0
MULT,4,train,492,322.0
MULT,4,train,493,160.0
MULT,4,train,494,304.0
MULT,4,train,495,165.0
MULT,4,train,496,331.0
MULT,4,train,497,271.0
MULT,4,train,498,277.0
MULT,4,train,499,156.0
MULT,4,train,500,113.0
MULT,5,train,1,18.0
MULT,5,train,2,24.0
MULT,5,train,3,29.0
MULT,5,train,4,40.0
MULT,5,train,5,16.0
MULT,5,train,6,20.0
MULT,5,train,7,12.0
MULT,5,train,8,14.0
MULT,5,train,9,15.0
MULT,5,train,10,24.0
MULT,5,train,11,14.0
MULT,5,train,12,21.0
MULT,5,train,13,13.0
MULT,5,train,14,18.0
MULT,5,train,15,8.0
MULT,5,train,16,12.0
MULT,5,train,17,12.0
MULT,5,train,18,15.0
MULT,5,train,19,14.0
MULT,5,train,20,11.0
MULT,5,train,21,19.0
MULT,5,train,22,13.0
MULT,5,train,23,13.0
MULT,5,train,24,10.0
MULT,5,train,25,10.0
MULT,5,train,26,12.0
MULT,5,train,27,9.0
MULT,5,train,28,15.0
MULT,5,train,29,9.0
MULT,5,train,30,11.0
MULT,5,train,31,15.0
MULT,5,train,32,9.0
MULT,5,train,33,14.0
MULT,5,train,34,9.0
MULT,5,train,35,10.0
MULT,5,train,36,9.0
MULT,5,train,37,11.0
MULT,5,train,38,12.0
MULT,5,train,39,35.0
MULT,5,train,40,13.0
MULT,5,train,41,11.0
MULT,5,train,42,14.0
MULT,5,train,43,11.0
MULT,5,train,44,18.0
MULT,5,train,45,10.0
MULT,5,train,46,10.0
MULT,5,train,47,10.0
MULT,5,train,48,16.0
MULT,5,train,49,13.0
MULT,5,train,50,10.0
MULT,5,train,51,13.0
MULT,5,train,52,10.0
MULT,5,train,53,11.0
MULT,5,train,54,10.0
MULT,5,train,55,8.0
MULT,5,train,56,11.0
MULT,5,train,57,10.0
MULT,5,train,58,11.0
MULT,5,train,59,11.0
MULT,5,train,60,15.0
MULT,5,train,61,11.0
MULT,5,train,62,9.0
MULT,5,train,63,16.0
MULT,5,train,64,12.0
MULT,5,train,65,9.0
MULT,5,train,66,10.0
MULT,5,train,67,10.0
MULT,5,train,68,10.0
MULT,5,train,69,10.0
MULT,5,train,70,14.0
MULT,5,train,71,10.0
MULT,5,train,72,14.0
MULT,5,train,73,11.0
MULT,5,train,74,15.0
MULT,5,train,75,11.0
MULT,5,train,76,12.0
MULT,5,train,77,9.0
MULT,5,train,78,10.0
MULT,5,train,79,13.0
MULT,5,train,80,9.0
MULT,5,train,81,10.0
MULT,5,train,82,9.0
MULT,5,train,83,12.0
MULT,5,train,84,13.0
MULT,5,train,85,9.0
MULT,5,train,86,10.0
MULT,5,train,87,9.0
MULT,5,train,88,11.0
MULT,5,train,89,10.0
MULT,5,train,90,9.0
MULT,5,train,91,9.0
MULT,5,train,92,10.0
MULT,5,train,93,9.0
MULT,5,train,94,13.0
MULT,5,train,95,9.0
MULT,5,train,96,12.0
MULT,5,train,97,12.0
MULT,5,train,98,9.0
MULT,5,train,99,12.0
MULT,5,train,100,9.0
MULT,5,train,101,11.0
MULT,5,train,102,11.0
MULT,5,train,103,9.0
MULT,5,train,104,11.0
MULT,5,train,105,11.0
MULT,5,train,106,12.0
MULT,5,train,107,12.0
MULT,5,train,108,12.0
MULT,5,train,109,10.0
MULT,5,train,110,11.0
MULT,5,train,111,13.0
MULT,5,train,112,13.0
MULT,5,train,113,10.0
MULT,5,train,114,14.0
MULT,5,train,115,11.0
MULT,5,train,116,12.0
MULT,5,train,117,11.0
MULT,5,train,118,11.0
MULT,5,train,119,13.0
MULT,5,train,120,12.0
MULT,5,train,121,11.0
MULT,5,train,122,13.0
MULT,5,train,123,10.0
MULT,5,train,124,16.0
MULT,5,train,125,11.0
MULT,5,train,126,14.0
MULT,5,train,127,15.0
MULT,5,train,128,13.0
MULT,5,train,129,13.0
MULT,5,train,130,17.0
MULT,5,train,131,12.0
MULT,5,train,132,12.0
MULT,5,train,133,18.0
MULT,5,train,134,11.0
MULT,5,train,135,14.0
MULT,5,train,136,9.0
MULT,5,train,137,16.0
MULT,5,train,138,22.0
MULT,5,train,139,12.0
MULT,5,train,140,27.0
MULT,5,train,141,11.0
MULT,5,train,142,14.0
MULT,5,train,143,13.0
MULT,5,train,144,13.0
MULT,5,train,145,44.0
MULT,5,train,146,35.0
MULT,5,train,147,10.0
MULT,5,train,148,30.0
MULT,5,train,149,13.0
MULT,5,train,150,11.0
MULT,5,train,151,12.0
MULT,5,train,152,20.0
MULT,5,train,153,20.0
MULT,5,train,154,12.0
MULT,5,train,155,10.0
MULT,5,train,156,10.0
MULT,5,train,157,31.0
MULT,5,train,158,9.0
MULT,5,train,159,11.0
MULT,5,train,160,10.0
MULT,5,train,161,25.0
MULT,5,train,162,9.0
MULT,5,train,163,11.0
MULT,5,train,164,22.0
MULT,5,train,165,8.0
MULT,5,train,166,12.0
MULT,5,train,167,9.0
MULT,5,train,168,12.0
MULT,5,train,169,25.0
MULT,5,train,170,12.0
MULT,5,train,171,8.0
MULT,5,train,172,9.0
MULT,5,train,173,14.0
MULT,5,train,174,8.0
MULT,5,train,175,74.0
MULT,5,train,176,64.0
MULT,5,train,177,46.0
MULT,5,train,178,11.0
MULT,5,train,179,8.0
MULT,5,train,180,10.0
MULT,5,train,181,21.0
MULT,5,train,182,10.0
MULT,5,train,183,9.0
MULT,5,train,184,11.0
MULT,5,train,185,10.0
MULT,5,train,186,12.0
MULT,5,train,187,11.0
MULT,5,train,188,10.0
MULT,5,train,189,12.0
MULT,5,train,190,9.0
MULT,5,train,191,10.0
MULT,5,train,192,9.0
MULT,5,train,193,11.0
MULT,5,train,194,11.0
MULT,5,train,195,13.0
MULT,5,train,196,13.0
MULT,5,train,197,9.0
MULT,5,train,198,31.0
MULT,5,train,199,12.0
MULT,5,train,200,9.0
MULT,5,train,201,8.0
MULT,5,train,202,15.0
MULT,5,train,203,10.0
MULT,5,train,204,10.0
MULT,5,train,205,10.0
MULT,5,train,206,13.0
MULT,5,train,207,9.0
MULT,5,train,208,10.0
MULT,5,train,209,10.0
MULT,5,train,210,12.0
MULT,5,train,211,10.0
MULT,5,train,212,10.0
MULT,5,train,213,17.0
MULT,5,train,214,13.0
MULT,5,train,215,13.0
MULT,5,train,216,13.0
MULT,5,train,217,10.0
MULT,5,train,218,12.0
MULT,5,train,219,12.0
MULT,5,train,220,13.0
MULT,5,train,221,8.0
MULT,5,train,222,18.0
MULT,5,train,223,10.0
MULT,5,train,224,22.0
MULT,5,train,225,10.0
MULT,5,train,226,74.0
MULT,5,train,227,12.0
MULT,5,train,228,68.0
MULT,5,train,229,25.0
MULT,5,train,230,25.0
MULT,5,train,231,12.0
MULT,5,train,232,14.0
MULT,5,train,233,35.0
MULT,5,train,234,48.0
MULT,5,train,235,29.0
MULT,5,train,236,18.0
MULT,5,train,237,27.0
MULT,5,train,238,49.0
MULT,5,train,239,21.0
MULT,5,train,240,18.0
MULT,5,train,241,18.0
MULT,5,train,242,20.0
MULT,5,train,243,19.0
MULT,5,train,244,31.0
MULT,5,train,245,35.0
MULT,5,train,246,51.0
MULT,5,train,247,27.0
MULT,5,train,248,64.0
MULT,5,train,249,20.0
MULT,5,train,250,23.0
MULT,5,train,251,29.0
MULT,5,train,252,19.0
MULT,5,train,253,27.0
MULT,5,train,254,28.0
MULT,5,train,255,42.0
MULT,5,train,256,20.0
MULT,5,train,257,67.0
MULT,5,train,258,53.0
MULT,5,train,259,29.0
MULT,5,train,260,29.0
MULT,5,train,261,24.0
MULT,5,train,262,102.0
MULT,5,train,263,21.0
MULT,5,train,264,63.0
MULT,5,train,265,56.0
MULT,5,train,266,44.0
MULT,5,train,267,19.0
MULT,5,train,268,18.0
MULT,5,train,269,41.0
MULT,5,train,270,31.0
MULT,5,train,271,50.0
MULT,5,train,272,57.0
MULT,5,train,273,28.0
MULT,5,train,274,31.0
MULT,5,train,275,77.0
MULT,5,train,276,43.0
MULT,5,train,277,42.0
MULT,5,train,278,53.0
MULT,5,train,279,62.0
MULT,5,train,280,32.0
MULT,5,train,281,43.0
MULT,5,train,282,28.0
MULT,5,train,283,43.0
MULT,5,train,284,65.0
MULT,5,train,285,51.0
MULT,5,train,286,51.0
MULT,5,train,287,63.0
MULT,5,train,288,86.0
MULT,5,train,289,56.0
MULT,5,train,290,26.0
MULT,5,train,291,50.0
MULT,5,train,292,49.0
MULT,5,train,293,45.0
MULT,5,train,294,47.0
MULT,5,train,295,74.0
MULT,5,train,296,35.0
MULT,5,train,297,64.0
MULT,5,train,298,55.0
MULT,5,train,299,42.0
MULT,5,train,300,50.0
MULT,5,train,301,118.0
MULT,5,train,302,35.0
MULT,5,train,303,108.0
MULT,5,train,304,168.0
MULT,5,train,305,22.0
MULT,5,train,306,31.0
MULT,5,train,307,29.0
MULT,5,train,308,31.0
MULT,5,train,309,28.0
MULT,5,train,310,126.0
MULT,5,train,311,31.0
MULT,5,train,312,21.0
MULT,5,train,313,28.0
MULT,5,train,314,32.0
MULT,5,train,315,31.0
MULT,5,train,316,31.0
MULT,5,train,317,74.0
MULT,5,train,318,26.0
MULT,5,train,319,41.0
MULT,5,train,320,273.0
MULT,5,train,321,134.0
MULT,5,train,322,32.0
MULT,5,train,323,31.0
MULT,5,train,324,60.0
MULT,5,train,325,16.0
MULT,5,train,326,79.0
MULT,5,train,327,68.0
MULT,5,train,328,48.0
MULT,5,train,329,114.0
MULT,5,train,330,65.0
MULT,5,train,331,107.0
MULT,5,train,332,60.0
MULT,5,train,333,111.0
MULT,5,train,334,332.0
MULT,5,train,335,91.0
MULT,5,train,336,92.0
MULT,5,train,337,187.0
MULT,5,train,338,122.0
MULT,5,train,339,260.0
MULT,5,train,340,33.0
MULT,5,train,341,59.0
MULT,5,train,342,38.0
MULT,5,train,343,45.0
MULT,5,train,344,103.0
MULT,5,train,345,300.0
MULT,5,train,346,68.0
MULT,5,train,347,28.0
MULT,5,train,348,44.0
MULT,5,train,349,258.0
MULT,5,train,350,40.0
MULT,5,train,351,78.0
MULT,5,train,352,49.0
MULT,5,train,353,40.0
MULT,5,train,354,123.0
MULT,5,train,355,59.0
MULT,5,train,356,59.0
MULT,5,train,357,198.0
MULT,5,train,358,107.0
MULT,5,train,359,57.0
MULT,5,train,360,55.0
MULT,5,train,361,41.0
MULT,5,train,362,55.0
MULT,5,train,363,79.0
MULT,5,train,364,67.0
MULT,5,train,365,75.0
MULT,5,train,366,35.0
MULT,5,train,367,30.0
MULT,5,train,368,61.0
MULT,5,train,369,51.0
MULT,5,train,370,53.0
MULT,5,train,371,38.0
MULT,5,train,372,151.0
MULT,5,train,373,125.0
MULT,5,train,374,88.0
MULT,5,train,375,54.0
MULT,5,train,376,49.0
MULT,5,train,377,131.0
MULT,5,train,378,131.0
MULT,5,train,379,75.0
MULT,5,train,380,47.0
MULT,5,train,381,111.0
MULT,5,train,382,52.0
MULT,5,train,383,223.0
MULT,5,train,384,74.0
MULT,5,train,385,414.0
MULT,5,train,386,100.0
MULT,5,train,387,109.0
MULT,5,train,388,203.0
MULT,5,train,389,188.0
MULT,5,train,390,91.0
MULT,5,train,391,128.0
MULT,5,train,392,111.0
MULT,5,train,393,176.0
MULT,5,train,394,97.0
MULT,5,train,395,145.0
MULT,5,train,396,147.0
MULT,5,train,397,98.0
MULT,5,train,398,219.0
MULT,5,train,399,182.0
MULT,5,train,400,78.0
MULT,5,train,401,144.0
MULT,5,train,402,144.0
MULT,5,train,403,218.0
MULT,5,train,404,161.0
MULT,5,train,405,100.0
MULT,5,train,406,93.0
MULT,5,train,407,145.0
MULT,5,train,408,144.0
MULT,5,train,409,274.0
MULT,5,train,410,93.0
MULT,5,train,411,224.0
MULT,5,train,412,79.0
MULT,5,train,413,270.0
MULT,5,train,414,120.0
MULT,5,train,415,73.0
MULT,5,train,416,444.0
MULT,5,train,417,184.0
MULT,5,train,418,184.0
MULT,5,train,419,406.0
MULT,5,train,420,500.0
MULT,5,train,421,234.0
MULT,5,train,422,134.0
MULT,5,train,423,324.0
MULT,5,train,424,150.0
MULT,5,train,425,224.0
MULT,5,train,426,311.0
MULT,5,train,427,363.0
MULT,5,train,428,255.0
MULT,5,train,429,221.0
MULT,5,train,430,276.0
MULT,5,train,431,241.0
MULT,5,train,432,304.0
MULT,5,train,433,286.0
MULT,5,train,434,246.0
MULT,5,train,435,185.0
MULT,5,train,436,349.0
MULT,5,train,437,260.0
MULT,5,train,438,368.0
MULT,5,train,439,500.0
MULT,5,train,440,422.0
MULT,5,train,441,500.0
MULT,5,train,442,447.0
MULT,5,train,443,441.0
MULT,5,train,444,148.0
MULT,5,train,445,354.0
MULT,5,train,446,318.0
MULT,5,train,447,177.0
MULT,5,train,448,460.0
MULT,5,train,449,500.0
MULT,5,train,450,320.0
MULT,5,train,451,326.0
MULT,5,train,452,339.0
MULT,5,train,453,323.0
MULT,5,train,454,500.0
MULT,5,train,455,473.0
MULT,5,train,456,280.0
MULT,5,train,457,500.0
MULT,5,train,458,215.0
MULT,5,train,459,190.0
MULT,5,train,460,324.0
MULT,5,train,461,320.0
MULT,5,train,462,296.0
MULT,5,train,463,460.0
MULT,5,train,464,246.0
MULT,5,train,465,327.0
MULT,5,train,466,300.0
MULT,5,train,467,500.0
MULT,5,train,468,318.0
MULT,5,train,469,246.0
MULT,5,train,470,226.0
MULT,5,train,471,434.0
MULT,5,train,472,500.0
MULT,5,train,473,327.0
MULT,5,train,474,240.0
MULT,5,train,475,202.0
MULT,5,train,476,319.0
MULT,5,train,477,343.0
MULT,5,train,478,235.0
MULT,5,train,479,336.0
MULT,5,train,480,250.0
MULT,5,train,481,409.0
MULT,5,train,482,320.0
MULT,5,train,483,426.0
MULT,5,train,484,320.0
MULT,5,train,485,302.0
MULT,5,train,486,265.0
MULT,5,train,487,342.0
MULT,5,train,488,274.0
MULT,5,train,489,288.0
MULT,5,train,490,440.0
MULT,5,train,491,231.0
MULT,5,train,492,260.0
MULT,5,train,493,212.0
MULT,5,train,494,233.0
MULT,5,train,495,287.0
MULT,5,train,496,296.0
MULT,5,train,497,275.0
MULT,5,train,498,378.0
MULT,5,train,499,210.0
MULT,5,train,500,257.0
MULT,6,train,1,44.0
MULT,6,train,2,14.0
MULT,6,train,3,53.0
MULT,6,train,4,12.0
MULT,6,train,5,25.0
MULT,6,train,6,40.0
MULT,6,train,7,14.0
MULT,6,train,8,13.0
MULT,6,train,9,48.0
MULT,6,train,10,67.0
MULT,6,train,11,67.0
MULT,6,train,12,49.0
MULT,6,train,13,31.0
MULT,6,train,14,58.0
MULT,6,train,15,39.0
MULT,6,train,16,24.0
MULT,6,train,17,19.0
MULT,6,train,18,12.0
MULT,6,train,19,101.0
MULT,6,train,20,13.0
MULT,6,train,21,13.0
MULT,6,train,22,11.0
MULT,6,train,23,13.0
MULT,6,train,24,10.0
MULT,6,train,25,12.0
MULT,6,train,26,12.0
MULT,6,train,27,13.0
MULT,6,train,28,16.0
MULT,6,train,29,11.0
MULT,6,train,30,16.0
MULT,6,train,31,9.0
MULT,6,train,32,10.0
MULT,6,train,33,11.0
MULT,6,train,34,10.0
MULT,6,train,35,12.0
MULT,6,train,36,8.0
MULT,6,train,37,13.0
MULT,6,train,38,9.0
MULT,6,train,39,9.0
MULT,6,train,40,11.0
MULT,6,train,41,11.0
MULT,6,train,42,11.0
MULT,6,train,43,11.0
MULT,6,train,44,9.0
MULT,6,train,45,13.0
MULT,6,train,46,10.0
MULT,6,train,47,11.0
MULT,6,train,48,12.0
MULT,6,train,49,13.0
MULT,6,train,50,9.0
MULT,6,train,51,9.0
MULT,6,train,52,11.0
MULT,6,train,53,10.0
MULT,6,train,54,10.0
MULT,6,train,55,9.0
MULT,6,train,56,9.0
MULT,6,train,57,10.0
MULT,6,train,58,10.0
MULT,6,train,59,10.0
MULT,6,train,60,10.0
MULT,6,train,61,11.0
MULT,6,train,62,9.0
MULT,6,train,63,9.0
MULT,6,train,64,10.0
MULT,6,train,65,10.0
MULT,6,train,66,13.0
MULT,6,train,67,10.0
MULT,6,train,68,9.0
MULT,6,train,69,12.0
MULT,6,train,70,10.0
MULT,6,train,71,30.0
MULT,6,train,72,9.0
MULT,6,train,73,12.0
MULT,6,train,74,10.0
MULT,6,train,75,11.0
MULT,6,train,76,11.0
MULT,6,train,77,11.0
MULT,6,train,78,11.0
MULT,6,train,79,9.0
MULT,6,train,80,9.0
MULT,6,train,81,10.0
MULT,6,train,82,11.0
MULT,6,train,83,11.0
MULT,6,train,84,10.0
MULT,6,train,85,10.0
MULT,6,train,86,13.0
MULT,6,train,87,11.0
MULT,6,train,88,10.0
MULT,6,train,89,30.0
MULT,6,train,90,13.0
MULT,6,train,91,12.0
MULT,6,train,92,19.0
MULT,6,train,93,10.0
MULT,6,train,94,10.0
MULT,6,train,95,18.0
MULT,6,train,96,13.0
MULT,6,train,97,10.0
MULT,6,train,98,35.0
MULT,6,train,99,11.0
MULT,6,train,100,10.0
MULT,6,train,101,13.0
MULT,6,train,102,9.0
MULT,6,train,103,12.0
MULT,6,train,104,16.0
MULT,6,train,105,9.0
MULT,6,train,106,12.0
MULT,6,train,107,9.0
MULT,6,train,108,9.0
MULT,6,train,109,14.0
MULT,6,train,110,12.0
MULT,6,train,111,10.0
MULT,6,train,112,11.0
MULT,6,train,113,10.0
MULT,6,train,114,10.0
MULT,6,train,115,22.0
MULT,6,train,116,17.0
MULT,6,train,117,21.0
MULT,6,train,118,13.0
MULT,6,train,119,11.0
MULT,6,train,120,9.0
MULT,6,train,121,11.0
MULT,6,train,122,9.0
MULT,6,train,123,13.0
MULT,6,train,124,11.0
MULT,6,train,125,11.0
MULT,6,train,126,14.0
MULT,6,train,127,9.0
MULT,6,train,128,12.0
MULT,6,train,129,15.0
MULT,6,train,130,8.0
MULT,6,train,131,16.0
MULT,6,train,132,14.0
MULT,6,train,133,10.0
MULT,6,train,134,12.0
MULT,6,train,135,9.0
MULT,6,train,136,10.0
MULT,6,train,137,9.0
MULT,6,train,138,9.0
MULT,6,train,139,12.0
MULT,6,train,140,11.0
MULT,6,train,141,10.0
MULT,6,train,142,12.0
MULT,6,train,143,11.0
MULT,6,train,144,12.0
MULT,6,train,145,12.0
MULT,6,train,146,8.0
MULT,6,train,147,11.0
MULT,6,train,148,9.0
MULT,6,train,149,14.0
MULT,6,train,150,12.0
MULT,6,train,151,12.0
MULT,6,train,152,10.0
MULT,6,train,153,12.0
MULT,6,train,154,16.0
MULT,6,train,155,11.0
MULT,6,train,156,220.0
MULT,6,train,157,16.0
MULT,6,train,158,10.0
MULT,6,train,159,52.0
MULT,6,train,160,22.0
MULT,6,train,161,18.0
MULT,6,train,162,15.0
MULT,6,train,163,12.0
MULT,6,train,164,20.0
MULT,6,train,165,14.0
MULT,6,train,166,18.0
MULT,6,train,167,10.0
MULT,6,train,168,31.0
MULT,6,train,169,11.0
MULT,6,train,170,25.0
MULT,6,train,171,19.0
MULT,6,train,172,25.0
MULT,6,train,173,23.0
MULT,6,train,174,57.0
MULT,6,train,175,59.0
MULT,6,train,176,19.0
MULT,6,train,177,31.0
MULT,6,train,178,41.0
MULT,6,train,179,29.0
MULT,6,train,180,29.0
MULT,6,train,181,58.0
MULT,6,train,182,48.0
MULT,6,train,183,21.0
MULT,6,train,184,65.0
MULT,6,train,185,37.0
MULT,6,train,186,32.0
MULT,6,train,187,39.0
MULT,6,train,188,28.0
MULT,6,train,189,33.0
MULT,6,train,190,47.0
MULT,6,train,191,53.0
MULT,6,train,192,71.0
MULT,6,train,193,43.0
MULT,6,train,194,47.0
MULT,6,train,195,57.0
MULT,6,train,196,25.0
MULT,6,train,197,33.0
MULT,6,train,198,49.0
MULT,6,train,199,17.0
MULT,6,train,200,16.0
MULT,6,train,201,44.0
MULT,6,train,202,65.0
MULT,6,train,203,35.0
MULT,6,train,204,34.0
MULT,6,train,205,30.0
MULT,6,train,206,51.0
MULT,6,train,207,41.0
MULT,6,train,208,150.0
MULT,6,train,209,59.0
MULT,6,train,210,44.0
MULT,6,train,211,46.0
MULT,6,train,212,60.0
MULT,6,train,213,89.0
MULT,6,train,214,48.0
MULT,6,train,215,100.0
MULT,6,train,216,58.0
MULT,6,train,217,75.0
MULT,6,train,218,42.0
MULT,6,train,219,70.0
MULT,6,train,220,57.0
MULT,6,train,221,96.0
MULT,6,train,222,40.0
MULT,6,train,223,47.0
MULT,6,train,224,46.0
MULT,6,train,225,33.0
MULT,6,train,226,46.0
MULT,6,train,227,35.0
MULT,6,train,228,36.0
MULT,6,train,229,36.0
MULT,6,train,230,35.0
MULT,6,train,231,80.0
MULT,6,train,232,52.0
MULT,6,train,233,91.0
MULT,6,train,234,92.0
MULT,6,train,235,73.0
MULT,6,train,236,74.0
MULT,6,train,237,141.0
MULT,6,train,238,47.0
MULT,6,train,239,107.0
MULT,6,train,240,51.0
MULT,6,train,241,60.0
MULT,6,train,242,77.0
MULT,6,train,243,67.0
MULT,6,train,244,28.0
MULT,6,train,245,23.0
MULT,6,train,246,115.0
MULT,6,train,247,117.0
MULT,6,train,248,70.0
MULT,6,train,249,36.0
MULT,6,train,250,49.0
MULT,6,train,251,78.0
MULT,6,train,252,60.0
MULT,6,train,253,115.0
MULT,6,train,254,49.0
MULT,6,train,255,69.0
MULT,6,train,256,40.0
MULT,6,train,257,100.0
MULT,6,train,258,67.0
MULT,6,train,259,90.0
MULT,6,train,260,56.0
MULT,6,train,261,63.0
MULT,6,train,262,121.0
MULT,6,train,263,77.0
MULT,6,train,264,50.0
MULT,6,train,265,76.0
MULT,6,train,266,48.0
MULT,6,train,267,102.0
MULT,6,train,268,82.0
MULT,6,train,269,84.0
MULT,6,train,270,72.0
MULT,6,train,271,104.0
MULT,6,train,272,62.0
MULT,6,train,273,169.0
MULT,6,train,274,72.0
MULT,6,train,275,79.0
MULT,6,train,276,110.0
MULT,6,train,277,95.0
MULT,6,train,278,129.0
MULT,6,train,279,84.0
MULT,6,train,280,75.0
MULT,6,train,281,56.0
MULT,6,train,282,63.0
MULT,6,train,283,68.0
MULT,6,train,284,69.0
MULT,6,train,285,139.0
MULT,6,train,286,119.0
MULT,6,train,287,169.0
MULT,6,train,288,401.0
MULT,6,train,289,141.0
MULT,6,train,290,141.0
MULT,6,train,291,158.0
MULT,6,train,292,284.0
MULT,6,train,293,250.0
MULT,6,train,294,227.0
MULT,6,train,295,152.0
MULT,6,train,296,199.0
MULT,6,train,297,343.0
MULT,6,train,298,204.0
MULT,6,train,299,154.0
MULT,6,train,300,194.0
MULT,6,train,301,329.0
MULT,6,train,302,138.0
MULT,6,train,303,131.0
MULT,6,train,304,212.0
MULT,6,train,305,368.0
MULT,6,train,306,192.0
MULT,6,train,307,500.0
MULT,6,train,308,127.0
MULT,6,train,309,205.0
MULT,6,train,310,360.0
MULT,6,train,311,399.0
MULT,6,train,312,500.0
MULT,6,train,313,238.0
MULT,6,train,314,500.0
MULT,6,train,315,498.0
MULT,6,train,316,500.0
MULT,6,train,317,438.0
MULT,6,train,318,500.0
MULT,6,train,319,264.0
MULT,6,train,320,309.0
MULT,6,train,321,240.0
MULT,6,train,322,500.0
MULT,6,train,323,500.0
MULT,6,train,324,223.0
MULT,6,train,325,440.0
MULT,6,train,326,339.0
MULT,6,train,327,332.0
MULT,6,train,328,273.0
MULT,6,train,329,294.0
MULT,6,train,330,214.0
MULT,6,train,331,335.0
MULT,6,train,332,500.0
MULT,6,train,333,221.0
MULT,6,train,334,222.0
MULT,6,train,335,443.0
MULT,6,train,336,383.0
MULT,6,train,337,346.0
MULT,6,train,338,279.0
MULT,6,train,339,500.0
MULT,6,train,340,500.0
MULT,6,train,341,500.0
MULT,6,train,342,407.0
MULT,6,train,343,324.0
MULT,6,train,344,322.0
MULT,6,train,345,303.0
MULT,6,train,346,440.0
MULT,6,train,347,277.0
MULT,6,train,348,496.0
MULT,6,train,349,307.0
MULT,6,train,350,424.0
MULT,6,train,351,375.0
MULT,6,train,352,500.0
MULT,6,train,353,326.0
MULT,6,train,354,259.0
MULT,6,train,355,367.0
MULT,6,train,356,477.0
MULT,6,train,357,500.0
MULT,6,train,358,500.0
MULT,6,train,359,409.0
MULT,6,train,360,319.0
MULT,6,train,361,270.0
MULT,6,train,362,493.0
MULT,6,train,363,500.0
MULT,6,train,364,330.0
MULT,6,train,365,500.0
MULT,6,train,366,387.0
MULT,6,train,367,311.0
MULT,6,train,368,425.0
MULT,6,train,369,410.0
MULT,6,train,370,360.0
MULT,6,train,371,360.0
MULT,6,train,372,379.0
MULT,6,train,373,403.0
MULT,6,train,374,500.0
MULT,6,train,375,253.0
MULT,6,train,376,281.0
MULT,6,train,377,327.0
MULT,6,train,378,281.0
MULT,6,train,379,301.0
MULT,6,train,380,500.0
MULT,6,train,381,298.0
MULT,6,train,382,276.0
MULT,6,train,383,360.0
MULT,6,train,384,411.0
MULT,6,train,385,500.0
MULT,6,train,386,279.0
MULT,6,train,387,355.0
MULT,6,train,388,476.0
MULT,6,train,389,309.0
MULT,6,train,390,250.0
MULT,6,train,391,300.0
MULT,6,train,392,373.0
MULT,6,train,393,275.0
MULT,6,train,394,266.0
MULT,6,train,395,418.0
MULT,6,train,396,359.0
MULT,6,train,397,319.0
MULT,6,train,398,500.0
MULT,6,train,399,287.0
MULT,6,train,400,338.0
MULT,6,train,401,500.0
MULT,6,train,402,286.0
MULT,6,train,403,354.0
MULT,6,train,404,248.0
MULT,6,train,405,245.0
MULT,6,train,406,269.0
MULT,6,train,407,500.0
MULT,6,train,408,366.0
MULT,6,train,409,219.0
MULT,6,train,410,316.0
MULT,6,train,411,210.0
MULT,6,train,412,295.0
MULT,6,train,413,247.0
MULT,6,train,414,220.0
MULT,6,train,415,297.0
MULT,6,train,416,346.0
MULT,6,train,417,333.0
MULT,6,train,418,500.0
MULT,6,train,419,375.0
MULT,6,train,420,271.0
MULT,6,train,421,245.0
MULT,6,train,422,270.0
MULT,6,train,423,276.0
MULT,6,train,424,257.0
MULT,6,train,425,316.0
MULT,6,train,426,269.0
MULT,6,train,427,265.0
MULT,6,train,428,425.0
MULT,6,train,429,273.0
MULT,6,train,430,341.0
MULT,6,train,431,290.0
MULT,6,train,432,227.0
MULT,6,train,433,232.0
MULT,6,train,434,294.0
MULT,6,train,435,404.0
MULT,6,train,436,473.0
MULT,6,train,437,286.0
MULT,6,train,438,340.0
MULT,6,train,439,500.0
MULT,6,train,440,500.0
MULT,6,train,441,486.0
MULT,6,train,442,393.0
MULT,6,train,443,294.0
MULT,6,train,444,368.0
MULT,6,train,445,292.0
MULT,6,train,446,318.0
MULT,6,train,447,362.0
MULT,6,train,448,416.0
MULT,6,train,449,355.0
MULT,6,train,450,357.0
MULT,6,train,451,412.0
MULT,6,train,452,500.0
MULT,6,train,453,500.0
MULT,6,train,454,500.0
MULT,6,train,455,500.0
MULT,6,train,456,279.0
MULT,6,train,457,353.0
MULT,6,train,458,374.0
MULT,6,train,459,492.0
MULT,6,train,460,270.0
MULT,6,train,461,500.0
MULT,6,train,462,500.0
MULT,6,train,463,338.0
MULT,6,train,464,500.0
MULT,6,train,465,408.0
MULT,6,train,466,344.0
MULT,6,train,467,378.0
MULT,6,train,468,500.0
MULT,6,train,469,376.0
MULT,6,train,470,500.0
MULT,6,train,471,434.0
MULT,6,train,472,500.0
MULT,6,train,473,500.0
MULT,6,train,474,500.0
MULT,6,train,475,500.0
MULT,6,train,476,472.0
MULT,6,train,477,500.0
MULT,6,train,478,500.0
MULT,6,train,479,491.0
MULT,6,train,480,498.0
MULT,6,train,481,500.0
MULT,6,train,482,474.0
MULT,6,train,483,500.0
MULT,6,train,484,500.0
MULT,6,train,485,433.0
MULT,6,train,486,500.0
MULT,6,train,487,500.0
MULT,6,train,488,500.0
MULT,6,train,489,433.0
MULT,6,train,490,495.0
MULT,6,train,491,417.0
MULT,6,train,492,500.0
MULT,6,train,493,500.0
MULT,6,train,494,500.0
MULT,6,train,495,500.0
MULT,6,train,496,500.0
MULT,6,train,497,500.0
MULT,6,train,498,500.0
MULT,6,train,499,500.0
MULT,6,train,500,500.0
MULT,7,train,1,15.0
MULT,7,train,2,16.0
MULT,7,train,3,17.0
MULT,7,train,4,95.0
MULT,7,train,5,29.0
MULT,7,train,6,19.0
MULT,7,train,7,16.0
MULT,7,train,8,30.0
MULT,7,train,9,30.0
MULT,7,train,10,21.0
MULT,7,train,11,10.0
MULT,7,train,12,19.0
MULT,7,train,13,30.0
MULT,7,train,14,34.0
MULT,7,train,15,9.0
MULT,7,train,16,16.0
MULT,7,train,17,46.0
MULT,7,train,18,21.0
MULT,7,train,19,9.0
MULT,7,train,20,8.0
MULT,7,train,21,17.0
MULT,7,train,22,11.0
MULT,7,train,23,12.0
MULT,7,train,24,14.0
MULT,7,train,25,10.0
MULT,7,train,26,13.0
MULT,7,train,27,11.0
MULT,7,train,28,139.0
MULT,7,train,29,16.0
MULT,7,train,30,8.0
MULT,7,train,31,12.0
MULT,7,train,32,10.0
MULT,7,train,33,10.0
MULT,7,train,34,10.0
MULT,7,train,35,11.0
MULT,7,train,36,8.0
MULT,7,train,37,13.0
MULT,7,train,38,12.0
MULT,7,train,39,9.0
MULT,7,train,40,11.0
MULT,7,train,41,11.0
MULT,7,train,42,11.0
MULT,7,train,43,11.0
MULT,7,train,44,9.0
MULT,7,train,45,9.0
MULT,7,train,46,13.0
MULT,7,train,47,8.0
MULT,7,train,48,10.0
MULT,7,train,49,14.0
MULT,7,train,50,10.0
MULT,7,train,51,9.0
MULT,7,train,52,10.0
MULT,7,train,53,9.0
MULT,7,train,54,17.0
MULT,7,train,55,13.0
MULT,7,train,56,9.0
MULT,7,train,57,8.0
MULT,7,train,58,11.0
MULT,7,train,59,8.0
MULT,7,train,60,9.0
MULT,7,train,61,12.0
MULT,7,train,62,11.0
MULT,7,train,63,11.0
MULT,7,train,64,10.0
MULT,7,train,65,9.0
MULT,7,train,66,12.0
MULT,7,train,67,12.0
MULT,7,train,68,12.0
MULT,7,train,69,12.0
MULT,7,train,70,10.0
MULT,7,train,71,10.0
MULT,7,train,72,10.0
MULT,7,train,73,11.0
MULT,7,train,74,12.0
MULT,7,train,75,10.0
MULT,7,train,76,10.0
MULT,7,train,77,10.0
MULT,7,train,78,11.0
MULT,7,train,79,10.0
MULT,7,train,80,10.0
MULT,7,train,81,10.0
MULT,7,train,82,10.0
MULT,7,train,83,9.0
MULT,7,train,84,10.0
MULT,7,train,85,11.0
MULT,7,train,86,9.0
MULT,7,train,87,10.0
MULT,7,train,88,10.0
MULT,7,train,89,14.0
MULT,7,train,90,10.0
MULT,7,train,91,8.0
MULT,7,train,92,12.0
MULT,7,train,93,9.0
MULT,7,train,94,10.0
MULT,7,train,95,13.0
MULT,7,train,96,9.0
MULT,7,train,97,9.0
MULT,7,train,98,8.0
MULT,7,train,99,8.0
MULT,7,train,100,9.0
MULT,7,train,101,8.0
MULT,7,train,102,14.0
MULT,7,train,103,10.0
MULT,7,train,104,11.0
MULT,7,train,105,10.0
MULT,7,train,106,9.0
MULT,7,train,107,9.0
MULT,7,train,108,10.0
MULT,7,train,109,10.0
MULT,7,train,110,10.0
MULT,7,train,111,11.0
MULT,7,train,112,13.0
MULT,7,train,113,10.0
MULT,7,train,114,9.0
MULT,7,train,115,9.0
MULT,7,train,116,10.0
MULT,7,train,117,12.0
MULT,7,train,118,10.0
MULT,7,train,119,10.0
MULT,7,train,120,12.0
MULT,7,train,121,10.0
MULT,7,train,122,8.0
MULT,7,train,123,10.0
MULT,7,train,124,10.0
MULT,7,train,125,9.0
MULT,7,train,126,10.0
MULT,7,train,127,9.0
MULT,7,train,128,12.0
MULT,7,train,129,10.0
MULT,7,train,130,10.0
MULT,7,train,131,17.0
MULT,7,train,132,16.0
MULT,7,train,133,13.0
MULT,7,train,134,12.0
MULT,7,train,135,9.0
MULT,7,train,136,13.0
MULT,7,train,137,10.0
MULT,7,train,138,9.0
MULT,7,train,139,12.0
MULT,7,train,140,9.0
MULT,7,train,141,9.0
MULT,7,train,142,11.0
MULT,7,train,143,14.0
MULT,7,train,144,11.0
MULT,7,train,145,15.0
MULT,7,train,146,10.0
MULT,7,train,147,14.0
MULT,7,train,148,11.0
MULT,7,train,149,10.0
MULT,7,train,150,13.0
MULT,7,train,151,9.0
MULT,7,train,152,12.0
MULT,7,train,153,10.0
MULT,7,train,154,11.0
MULT,7,train,155,10.0
MULT,7,train,156,9.0
MULT,7,train,157,11.0
MULT,7,train,158,9.0
MULT,7,train,159,11.0
MULT,7,train,160,13.0
MULT,7,train,161,9.0
MULT,7,train,162,12.0
MULT,7,train,163,9.0
MULT,7,train,164,13.0
MULT,7,train,165,9.0
MULT,7,train,166,11.0
MULT,7,train,167,8.0
MULT,7,train,168,11.0
MULT,7,train,169,8.0
MULT,7,train,170,9.0
MULT,7,train,171,12.0
MULT,7,train,172,8.0
MULT,7,train,173,9.0
MULT,7,train,174,11.0
MULT,7,train,175,10.0
MULT,7,train,176,9.0
MULT,7,train,177,8.0
MULT,7,train,178,10.0
MULT,7,train,179,8.0
MULT,7,train,180,13.0
MULT,7,train,181,9.0
MULT,7,train,182,9.0
MULT,7,train,183,10.0
MULT,7,train,184,12.0
MULT,7,train,185,14.0
MULT,7,train,186,9.0
MULT,7,train,187,11.0
MULT,7,train,188,9.0
MULT,7,train,189,9.0
MULT,7,train,190,10.0
MULT,7,train,191,12.0
MULT,7,train,192,12.0
MULT,7,train,193,13.0
MULT,7,train,194,12.0
MULT,7,train,195,9.0
MULT,7,train,196,10.0
MULT,7,train,197,11.0
MULT,7,train,198,9.0
MULT,7,train,199,10.0
MULT,7,train,200,8.0
MULT,7,train,201,13.0
MULT,7,train,202,9.0
MULT,7,train,203,10.0
MULT,7,train,204,10.0
MULT,7,train,205,9.0
MULT,7,train,206,10.0
MULT,7,train,207,10.0
MULT,7,train,208,8.0
MULT,7,train,209,10.0
MULT,7,train,210,9.0
MULT,7,train,211,9.0
MULT,7,train,212,8.0
MULT,7,train,213,9.0
MULT,7,train,214,8.0
MULT,7,train,215,15.0
MULT,7,train,216,9.0
MULT,7,train,217,9.0
MULT,7,train,218,10.0
MULT,7,train,219,10.0
MULT,7,train,220,11.0
MULT,7,train,221,14.0
MULT,7,train,222,11.0
MULT,7,train,223,9.0
MULT,7,train,224,10.0
MULT,7,train,225,10.0
MULT,7,train,226,21.0
MULT,7,train,227,11.0
MULT,7,train,228,21.0
MULT,7,train,229,8.0
MULT,7,train,230,27.0
MULT,7,train,231,8.0
MULT,7,train,232,9.0
MULT,7,train,233,23.0
MULT,7,train,234,9.0
MULT,7,train,235,26.0
MULT,7,train,236,19.0
MULT,7,train,237,59.0
MULT,7,train,238,11.0
MULT,7,train,239,11.0
MULT,7,train,240,25.0
MULT,7,train,241,26.0
MULT,7,train,242,16.0
MULT,7,train,243,35.0
MULT,7,train,244,63.0
MULT,7,train,245,16.0
MULT,7,train,246,121.0
MULT,7,train,247,104.0
MULT,7,train,248,37.0
MULT,7,train,249,18.0
MULT,7,train,250,208.0
MULT,7,train,251,20.0
MULT,7,train,252,199.0
MULT,7,train,253,44.0
MULT,7,train,254,155.0
MULT,7,train,255,24.0
MULT,7,train,256,54.0
MULT,7,train,257,22.0
MULT,7,train,258,87.0
MULT,7,train,259,43.0
MULT,7,train,260,36.0
MULT,7,train,261,27.0
MULT,7,train,262,50.0
MULT,7,train,263,32.0
MULT,7,train,264,32.0
MULT,7,train,265,31.0
MULT,7,train,266,53.0
MULT,7,train,267,43.0
MULT,7,train,268,27.0
MULT,7,train,269,36.0
MULT,7,train,270,59.0
MULT,7,train,271,68.0
MULT,7,train,272,41.0
MULT,7,train,273,25.0
MULT,7,train,274,77.0
MULT,7,train,275,54.0
MULT,7,train,276,144.0
MULT,7,train,277,58.0
MULT,7,train,278,48.0
MULT,7,train,279,30.0
MULT,7,train,280,24.0
MULT,7,train,281,50.0
MULT,7,train,282,68.0
MULT,7,train,283,38.0
MULT,7,train,284,49.0
MULT,7,train,285,91.0
MULT,7,train,286,91.0
MULT,7,train,287,33.0
MULT,7,train,288,28.0
MULT,7,train,289,56.0
MULT,7,train,290,59.0
MULT,7,train,291,38.0
MULT,7,train,292,45.0
MULT,7,train,293,64.0
MULT,7,train,294,65.0
MULT,7,train,295,46.0
MULT,7,train,296,126.0
MULT,7,train,297,50.0
MULT,7,train,298,59.0
MULT,7,train,299,57.0
MULT,7,train,300,53.0
MULT,7,train,301,34.0
MULT,7,train,302,30.0
MULT,7,train,303,32.0
MULT,7,train,304,29.0
MULT,7,train,305,36.0
MULT,7,train,306,32.0
MULT,7,train,307,33.0
MULT,7,train,308,38.0
MULT,7,train,309,57.0
MULT,7,train,310,30.0
MULT,7,train,311,42.0
MULT,7,train,312,58.0
MULT,7,train,313,67.0
MULT,7,train,314,50.0
MULT,7,train,315,62.0
MULT,7,train,316,45.0
MULT,7,train,317,62.0
MULT,7,train,318,42.0
MULT,7,train,319,27.0
MULT,7,train,320,34.0
MULT,7,train,321,35.0
MULT,7,train,322,45.0
MULT,7,train,323,42.0
MULT,7,train,324,84.0
MULT,7,train,325,61.0
MULT,7,train,326,44.0
MULT,7,train,327,103.0
MULT,7,train,328,65.0
MULT,7,train,329,40.0
MULT,7,train,330,47.0
MULT,7,train,331,41.0
MULT,7,train,332,27.0
MULT,7,train,333,28.0
MULT,7,train,334,41.0
MULT,7,train,335,43.0
MULT,7,train,336,20.0
MULT,7,train,337,27.0
MULT,7,train,338,30.0
MULT,7,train,339,68.0
MULT,7,train,340,126.0
MULT,7,train,341,50.0
MULT,7,train,342,44.0
MULT,7,train,343,51.0
MULT,7,train,344,114.0
MULT,7,train,345,56.0
MULT,7,train,346,42.0
MULT,7,train,347,68.0
MULT,7,train,348,37.0
MULT,7,train,349,46.0
MULT,7,train,350,77.0
MULT,7,train,351,42.0
MULT,7,train,352,59.0
MULT,7,train,353,44.0
MULT,7,train,354,57.0
MULT,7,train,355,116.0
MULT,7,train,356,49.0
MULT,7,train,357,51.0
MULT,7,train,358,50.0
MULT,7,train,359,61.0
MULT,7,train,360,68.0
MULT,7,train,361,58.0
MULT,7,train,362,89.0
MULT,7,train,363,60.0
MULT,7,train,364,80.0
MULT,7,train,365,118.0
MULT,7,train,366,62.0
MULT,7,train,367,73.0
MULT,7,train,368,68.0
MULT,7,train,369,63.0
MULT,7,train,370,66.0
MULT,7,train,371,142.0
MULT,7,train,372,76.0
MULT,7,train,373,185.0
MULT,7,train,374,42.0
MULT,7,train,375,83.0
MULT,7,train,376,86.0
MULT,7,train,377,71.0
MULT,7,train,378,101.0
MULT,7,train,379,91.0
MULT,7,train,380,102.0
MULT,7,train,381,84.0
MULT,7,train,382,127.0
MULT,7,train,383,113.0
MULT,7,train,384,100.0
MULT,7,train,385,109.0
MULT,7,train,386,54.0
MULT,7,train,387,65.0
MULT,7,train,388,49.0
MULT,7,train,389,66.0
MULT,7,train,390,99.0
MULT,7,train,391,104.0
MULT,7,train,392,70.0
MULT,7,train,393,53.0
MULT,7,train,394,343.0
MULT,7,train,395,159.0
MULT,7,train,396,182.0
MULT,7,train,397,86.0
MULT,7,train,398,88.0
MULT,7,train,399,194.0
MULT,7,train,400,392.0
MULT,7,train,401,150.0
MULT,7,train,402,168.0
MULT,7,train,403,147.0
MULT,7,train,404,181.0
MULT,7,train,405,166.0
MULT,7,train,406,84.0
MULT,7,train,407,237.0
MULT,7,train,408,313.0
MULT,7,train,409,186.0
MULT,7,train,410,189.0
MULT,7,train,411,143.0
MULT,7,train,412,169.0
MULT,7,train,413,212.0
MULT,7,train,414,85.0
MULT,7,train,415,124.0
MULT,7,train,416,275.0
MULT,7,train,417,128.0
MULT,7,train,418,130.0
MULT,7,train,419,89.0
MULT,7,train,420,93.0
MULT,7,train,421,127.0
MULT,7,train,422,131.0
MULT,7,train,423,209.0
MULT,7,train,424,83.0
MULT,7,train,425,58.0
MULT,7,train,426,108.0
MULT,7,train,427,84.0
MULT,7,train,428,73.0
MULT,7,train,429,91.0
MULT,7,train,430,114.0
MULT,7,train,431,82.0
MULT,7,train,432,111.0
MULT,7,train,433,41.0
MULT,7,train,434,145.0
MULT,7,train,435,63.0
MULT,7,train,436,151.0
MULT,7,train,437,138.0
MULT,7,train,438,158.0
MULT,7,train,439,96.0
MULT,7,train,440,124.0
MULT,7,train,441,96.0
MULT,7,train,442,110.0
MULT,7,train,443,148.0
MULT,7,train,444,66.0
MULT,7,train,445,190.0
MULT,7,train,446,73.0
MULT,7,train,447,48.0
MULT,7,train,448,62.0
MULT,7,train,449,65.0
MULT,7,train,450,53.0
MULT,7,train,451,53.0
MULT,7,train,452,69.0
MULT,7,train,453,49.0
MULT,7,train,454,75.0
MULT,7,train,455,107.0
MULT,7,train,456,78.0
MULT,7,train,457,107.0
MULT,7,train,458,44.0
MULT,7,train,459,46.0
MULT,7,train,460,50.0
MULT,7,train,461,61.0
MULT,7,train,462,85.0
MULT,7,train,463,55.0
MULT,7,train,464,150.0
MULT,7,train,465,100.0
MULT,7,train,466,90.0
MULT,7,train,467,62.0
MULT,7,train,468,102.0
MULT,7,train,469,81.0
MULT,7,train,470,88.0
MULT,7,train,471,42.0
MULT,7,train,472,71.0
MULT,7,train,473,69.0
MULT,7,train,474,73.0
MULT,7,train,475,85.0
MULT,7,train,476,30.0
MULT,7,train,477,47.0
MULT,7,train,478,64.0
MULT,7,train,479,60.0
MULT,7,train,480,78.0
MULT,7,train,481,94.0
MULT,7,train,482,33.0
MULT,7,train,483,31.0
MULT,7,train,484,31.0
MULT,7,train,485,73.0
MULT,7,train,486,85.0
MULT,7,train,487,63.0
MULT,7,train,488,95.0
MULT,7,train,489,63.0
MULT,7,train,490,46.0
MULT,7,train,491,55.0
MULT,7,train,492,28.0
MULT,7,train,493,74.0
MULT,7,train,494,74.0
MULT,7,train,495,66.0
MULT,7,train,496,48.0
MULT,7,train,497,28.0
MULT,7,train,498,40.0
MULT,7,train,499,57.0
MULT,7,train,500,29.0
MULT,8,train,1,20.0
MULT,8,train,2,20.0
MULT,8,train,3,44.0
MULT,8,train,4,17.0
MULT,8,train,5,62.0
MULT,8,train,6,31.0
MULT,8,train,7,20.0
MULT,8,train,8,17.0
MULT,8,train,9,14.0
MULT,8,train,10,22.0
MULT,8,train,11,11.0
MULT,8,train,12,53.0
MULT,8,train,13,39.0
MULT,8,train,14,22.0
MULT,8,train,15,14.0
MULT,8,train,16,24.0
MULT,8,train,17,19.0
MULT,8,train,18,10.0
MULT,8,train,19,12.0
MULT,8,train,20,15.0
MULT,8,train,21,15.0
MULT,8,train,22,16.0
MULT,8,train,23,9.0
MULT,8,train,24,17.0
MULT,8,train,25,16.0
MULT,8,train,26,12.0
MULT,8,train,27,10.0
MULT,8,train,28,8.0
MULT,8,train,29,10.0
MULT,8,train,30,9.0
MULT,8,train,31,10.0
MULT,8,train,32,14.0
MULT,8,train,33,10.0
MULT,8,train,34,10.0
MULT,8,train,35,17.0
MULT,8,train,36,10.0
MULT,8,train,37,12.0
MULT,8,train,38,15.0
MULT,8,train,39,14.0
MULT,8,train,40,12.0
MULT,8,train,41,11.0
MULT,8,train,42,10.0
MULT,8,train,43,13.0
MULT,8,train,44,12.0
MULT,8,train,45,14.0
MULT,8,train,46,14.0
MULT,8,train,47,10.0
MULT,8,train,48,10.0
MULT,8,train,49,9.0
MULT,8,train,50,12.0
MULT,8,train,51,10.0
MULT,8,train,52,11.0
MULT,8,train,53,10.0
MULT,8,train,54,12.0
MULT,8,train,55,12.0
MULT,8,train,56,12.0
MULT,8,train,57,10.0
MULT,8,train,58,11.0
MULT,8,train,59,15.0
MULT,8,train,60,11.0
MULT,8,train,61,9.0
MULT,8,train,62,11.0
MULT,8,train,63,13.0
MULT,8,train,64,10.0
MULT,8,train,65,14.0
MULT,8,train,66,15.0
MULT,8,train,67,9.0
MULT,8,train,68,12.0
MULT,8,train,69,10.0
MULT,8,train,70,9.0
MULT,8,train,71,11.0
MULT,8,train,72,11.0
MULT,8,train,73,17.0
MULT,8,train,74,10.0
MULT,8,train,75,10.0
MULT,8,train,76,9.0
MULT,8,train,77,12.0
MULT,8,train,78,12.0
MULT,8,train,79,14.0
MULT,8,train,80,10.0
MULT,8,train,81,10.0
MULT,8,train,82,12.0
MULT,8,train,83,9.0
MULT,8,train,84,10.0
MULT,8,train,85,10.0
MULT,8,train,86,9.0
MULT,8,train,87,13.0
MULT,8,train,88,10.0
MULT,8,train,89,9.0
MULT,8,train,90,12.0
MULT,8,train,91,9.0
MULT,8,train,92,10.0
MULT,8,train,93,11.0
MULT,8,train,94,11.0
MULT,8,train,95,12.0
MULT,8,train,96,10.0
MULT,8,train,97,11.0
MULT,8,train,98,10.0
MULT,8,train,99,12.0
MULT,8,train,100,8.0
MULT,8,train,101,11.0
MULT,8,train,102,10.0
MULT,8,train,103,9.0
MULT,8,train,104,10.0
MULT,8,train,105,9.0
MULT,8,train,106,11.0
MULT,8,train,107,10.0
MULT,8,train,108,11.0
MULT,8,train,109,10.0
MULT,8,train,110,11.0
MULT,8,train,111,12.0
MULT,8,train,112,9.0
MULT,8,train,113,12.0
MULT,8,train,114,9.0
MULT,8,train,115,10.0
MULT,8,train,116,11.0
MULT,8,train,117,9.0
MULT,8,train,118,10.0
MULT,8,train,119,10.0
MULT,8,train,120,17.0
MULT,8,train,121,11.0
MULT,8,train,122,9.0
MULT,8,train,123,11.0
MULT,8,train,124,11.0
MULT,8,train,125,9.0
MULT,8,train,126,10.0
MULT,8,train,127,11.0
MULT,8,train,128,10.0
MULT,8,train,129,11.0
MULT,8,train,130,14.0
MULT,8,train,131,8.0
MULT,8,train,132,11.0
MULT,8,train,133,13.0
MULT,8,train,134,11.0
MULT,8,train,135,9.0
MULT,8,train,136,9.0
MULT,8,train,137,12.0
MULT,8,train,138,9.0
MULT,8,train,139,17.0
MULT,8,train,140,12.0
MULT,8,train,141,11.0
MULT,8,train,142,10.0
MULT,8,train,143,10.0
MULT,8,train,144,8.0
MULT,8,train,145,9.0
MULT,8,train,146,9.0
MULT,8,train,147,12.0
MULT,8,train,148,9.0
MULT,8,train,149,9.0
MULT,8,train,150,11.0
MULT,8,train,151,9.0
MULT,8,train,152,12.0
MULT,8,train,153,12.0
MULT,8,train,154,10.0
MULT,8,train,155,10.0
MULT,8,train,156,10.0
MULT,8,train,157,12.0
MULT,8,train,158,11.0
MULT,8,train,159,10.0
MULT,8,train,160,14.0
MULT,8,train,161,12.0
MULT,8,train,162,12.0
MULT,8,train,163,10.0
MULT,8,train,164,11.0
MULT,8,train,165,9.0
MULT,8,train,166,10.0
MULT,8,train,167,10.0
MULT,8,train,168,11.0
MULT,8,train,169,15.0
MULT,8,train,170,10.0
MULT,8,train,171,12.0
MULT,8,train,172,9.0
MULT,8,train,173,9.0
MULT,8,train,174,9.0
MULT,8,train,175,10.0
MULT,8,train,176,10.0
MULT,8,train,177,12.0
MULT,8,train,178,10.0
MULT,8,train,179,10.0
MULT,8,train,180,12.0
MULT,8,train,181,17.0
MULT,8,train,182,11.0
MULT,8,train,183,8.0
MULT,8,train,184,8.0
MULT,8,train,185,12.0
MULT,8,train,186,9.0
MULT,8,train,187,11.0
MULT,8,train,188,10.0
MULT,8,train,189,12.0
MULT,8,train,190,19.0
MULT,8,train,191,8.0
MULT,8,train,192,8.0
MULT,8,train,193,14.0
MULT,8,train,194,10.0
MULT,8,train,195,8.0
MULT,8,train,196,10.0
MULT,8,train,197,16.0
MULT,8,train,198,11.0
MULT,8,train,199,11.0
MULT,8,train,200,9.0
MULT,8,train,201,14.0
MULT,8,train,202,11.0
MULT,8,train,203,10.0
MULT,8,train,204,19.0
MULT,8,train,205,22.0
MULT,8,train,206,15.0
MULT,8,train,207,11.0
MULT,8,train,208,13.0
MULT,8,train,209,11.0
MULT,8,train,210,18.0
MULT,8,train,211,17.0
MULT,8,train,212,16.0
MULT,8,train,213,15.0
MULT,8,train,214,12.0
MULT,8,train,215,12.0
MULT,8,train,216,15.0
MULT,8,train,217,13.0
MULT,8,train,218,11.0
MULT,8,train,219,19.0
MULT,8,train,220,16.0
MULT,8,train,221,22.0
MULT,8,train,222,16.0
MULT,8,train,223,16.0
MULT,8,train,224,20.0
MULT,8,train,225,16.0
MULT,8,train,226,14.0
MULT,8,train,227,15.0
MULT,8,train,228,10.0
MULT,8,train,229,17.0
MULT,8,train,230,11.0
MULT,8,train,231,16.0
MULT,8,train,232,27.0
MULT,8,train,233,10.0
MULT,8,train,234,28.0
MULT,8,train,235,19.0
MULT,8,train,236,22.0
MULT,8,train,237,25.0
MULT,8,train,238,17.0
MULT,8,train,239,14.0
MULT,8,train,240,47.0
MULT,8,train,241,33.0
MULT,8,train,242,35.0
MULT,8,train,243,23.0
MULT,8,train,244,23.0
MULT,8,train,245,136.0
MULT,8,train,246,21.0
MULT,8,train,247,22.0
MULT,8,train,248,19.0
MULT,8,train,249,19.0
MULT,8,train,250,43.0
MULT,8,train,251,46.0
MULT,8,train,252,19.0
MULT,8,train,253,16.0
MULT,8,train,254,24.0
MULT,8,train,255,33.0
MULT,8,train,256,69.0
MULT,8,train,257,22.0
MULT,8,train,258,86.0
MULT,8,train,259,33.0
MULT,8,train,260,68.0
MULT,8,train,261,36.0
MULT,8,train,262,75.0
MULT,8,train,263,40.0
MULT,8,train,264,83.0
MULT,8,train,265,43.0
MULT,8,train,266,29.0
MULT,8,train,267,22.0
MULT,8,train,268,45.0
MULT,8,train,269,56.0
MULT,8,train,270,46.0
MULT,8,train,271,69.0
MULT,8,train,272,51.0
MULT,8,train,273,34.0
MULT,8,train,274,70.0
MULT,8,train,275,40.0
MULT,8,train,276,87.0
MULT,8,train,277,59.0
MULT,8,train,278,32.0
MULT,8,train,279,33.0
MULT,8,train,280,117.0
MULT,8,train,281,91.0
MULT,8,train,282,66.0
MULT,8,train,283,45.0
MULT,8,train,284,39.0
MULT,8,train,285,101.0
MULT,8,train,286,48.0
MULT,8,train,287,72.0
MULT,8,train,288,58.0
MULT,8,train,289,25.0
MULT,8,train,290,47.0
MULT,8,train,291,47.0
MULT,8,train,292,37.0
MULT,8,train,293,37.0
MULT,8,train,294,32.0
MULT,8,train,295,74.0
MULT,8,train,296,32.0
MULT,8,train,297,40.0
MULT,8,train,298,63.0
MULT,8,train,299,71.0
MULT,8,train,300,38.0
MULT,8,train,301,55.0
MULT,8,train,302,47.0
MULT,8,train,303,116.0
MULT,8,train,304,53.0
MULT,8,train,305,104.0
MULT,8,train,306,59.0
MULT,8,train,307,64.0
MULT,8,train,308,70.0
MULT,8,train,309,40.0
MULT,8,train,310,65.0
MULT,8,train,311,25.0
MULT,8,train,312,39.0
MULT,8,train,313,84.0
MULT,8,train,314,34.0
MULT,8,train,315,110.0
MULT,8,train,316,54.0
MULT,8,train,317,49.0
MULT,8,train,318,39.0
MULT,8,train,319,37.0
MULT,8,train,320,111.0
MULT,8,train,321,32.0
MULT,8,train,322,56.0
MULT,8,train,323,18.0
MULT,8,train,324,42.0
MULT,8,train,325,39.0
MULT,8,train,326,51.0
MULT,8,train,327,34.0
MULT,8,train,328,208.0
MULT,8,train,329,25.0
MULT,8,train,330,137.0
MULT,8,train,331,63.0
MULT,8,train,332,82.0
MULT,8,train,333,79.0
MULT,8,train,334,56.0
MULT,8,train,335,32.0
MULT,8,train,336,55.0
MULT,8,train,337,40.0
MULT,8,train,338,32.0
MULT,8,train,339,107.0
MULT,8,train,340,62.0
MULT,8,train,341,53.0
MULT,8,train,342,38.0
MULT,8,train,343,29.0
MULT,8,train,344,100.0
MULT,8,train,345,107.0
MULT,8,train,346,31.0
MULT,8,train,347,83.0
MULT,8,train,348,140.0
MULT,8,train,349,53.0
MULT,8,train,350,67.0
MULT,8,train,351,162.0
MULT,8,train,352,84.0
MULT,8,train,353,62.0
MULT,8,train,354,54.0
MULT,8,train,355,53.0
MULT,8,train,356,50.0
MULT,8,train,357,68.0
MULT,8,train,358,80.0
MULT,8,train,359,41.0
MULT,8,train,360,107.0
MULT,8,train,361,94.0
MULT,8,train,362,177.0
MULT,8,train,363,65.0
MULT,8,train,364,90.0
MULT,8,train,365,50.0
MULT,8,train,366,48.0
MULT,8,train,367,39.0
MULT,8,train,368,38.0
MULT,8,train,369,43.0
MULT,8,train,370,35.0
MULT,8,train,371,60.0
MULT,8,train,372,86.0
MULT,8,train,373,81.0
MULT,8,train,374,75.0
MULT,8,train,375,81.0
MULT,8,train,376,57.0
MULT,8,train,377,41.0
MULT,8,train,378,66.0
MULT,8,train,379,99.0
MULT,8,train,380,51.0
MULT,8,train,381,153.0
MULT,8,train,382,62.0
MULT,8,train,383,99.0
MULT,8,train,384,61.0
MULT,8,train,385,62.0
MULT,8,train,386,225.0
MULT,8,train,387,84.0
MULT,8,train,388,97.0
MULT,8,train,389,54.0
MULT,8,train,390,89.0
MULT,8,train,391,132.0
MULT,8,train,392,187.0
MULT,8,train,393,107.0
MULT,8,train,394,77.0
MULT,8,train,395,36.0
MULT,8,train,396,120.0
MULT,8,train,397,72.0
MULT,8,train,398,73.0
MULT,8,train,399,51.0
MULT,8,train,400,101.0
MULT,8,train,401,45.0
MULT,8,train,402,66.0
MULT,8,train,403,85.0
MULT,8,train,404,53.0
MULT,8,train,405,23.0
MULT,8,train,406,146.0
MULT,8,train,407,85.0
MULT,8,train,408,184.0
MULT,8,train,409,148.0
MULT,8,train,410,75.0
MULT,8,train,411,156.0
MULT,8,train,412,82.0
MULT,8,train,413,71.0
MULT,8,train,414,204.0
MULT,8,train,415,63.0
MULT,8,train,416,48.0
MULT,8,train,417,40.0
MULT,8,train,418,94.0
MULT,8,train,419,40.0
MULT,8,train,420,81.0
MULT,8,train,421,147.0
MULT,8,train,422,115.0
MULT,8,train,423,120.0
MULT,8,train,424,99.0
MULT,8,train,425,129.0
MULT,8,train,426,79.0
MULT,8,train,427,55.0
MULT,8,train,428,130.0
MULT,8,train,429,109.0
MULT,8,train,430,102.0
MULT,8,train,431,140.0
MULT,8,train,432,210.0
MULT,8,train,433,160.0
MULT,8,train,434,66.0
MULT,8,train,435,105.0
MULT,8,train,436,171.0
MULT,8,train,437,223.0
MULT,8,train,438,232.0
MULT,8,train,439,101.0
MULT,8,train,440,330.0
MULT,8,train,441,146.0
MULT,8,train,442,90.0
MULT,8,train,443,92.0
MULT,8,train,444,226.0
MULT,8,train,445,178.0
MULT,8,train,446,115.0
MULT,8,train,447,75.0
MULT,8,train,448,108.0
MULT,8,train,449,162.0
MULT,8,train,450,233.0
MULT,8,train,451,500.0
MULT,8,train,452,209.0
MULT,8,train,453,116.0
MULT,8,train,454,259.0
MULT,8,train,455,285.0
MULT,8,train,456,290.0
MULT,8,train,457,199.0
MULT,8,train,458,328.0
MULT,8,train,459,233.0
MULT,8,train,460,163.0
MULT,8,train,461,170.0
MULT,8,train,462,182.0
MULT,8,train,463,147.0
MULT,8,train,464,240.0
MULT,8,train,465,436.0
MULT,8,train,466,295.0
MULT,8,train,467,160.0
MULT,8,train,468,262.0
MULT,8,train,469,225.0
MULT,8,train,470,274.0
MULT,8,train,471,182.0
MULT,8,train,472,500.0
MULT,8,train,473,176.0
MULT,8,train,474,252.0
MULT,8,train,475,190.0
MULT,8,train,476,239.0
MULT,8,train,477,184.0
MULT,8,train,478,187.0
MULT,8,train,479,297.0
MULT,8,train,480,212.0
MULT,8,train,481,454.0
MULT,8,train,482,182.0
MULT,8,train,483,207.0
MULT,8,train,484,204.0
MULT,8,train,485,316.0
MULT,8,train,486,249.0
MULT,8,train,487,217.0
MULT,8,train,488,500.0
MULT,8,train,489,245.0
MULT,8,train,490,208.0
MULT,8,train,491,316.0
MULT,8,train,492,247.0
MULT,8,train,493,272.0
MULT,8,train,494,271.0
MULT,8,train,495,250.0
MULT,8,train,496,218.0
MULT,8,train,497,214.0
MULT,8,train,498,233.0
MULT,8,train,499,208.0
MULT,8,train,500,500.0
MULT,9,train,1,19.0
MULT,9,train,2,15.0
MULT,9,train,3,15.0
MULT,9,train,4,17.0
MULT,9,train,5,14.0
MULT,9,train,6,32.0
MULT,9,train,7,15.0
MULT,9,train,8,12.0
MULT,9,train,9,17.0
MULT,9,train,10,12.0
MULT,9,train,11,30.0
MULT,9,train,12,18.0
MULT,9,train,13,19.0
MULT,9,train,14,25.0
MULT,9,train,15,14.0
MULT,9,train,16,19.0
MULT,9,train,17,11.0
MULT,9,train,18,24.0
MULT,9,train,19,17.0
MULT,9,train,20,9.0
MULT,9,train,21,25.0
MULT,9,train,22,10.0
MULT,9,train,23,10.0
MULT,9,train,24,10.0
MULT,9,train,25,11.0
MULT,9,train,26,11.0
MULT,9,train,27,11.0
MULT,9,train,28,10.0
MULT,9,train,29,14.0
MULT,9,train,30,13.0
MULT,9,train,31,8.0
MULT,9,train,32,11.0
MULT,9,train,33,9.0
MULT,9,train,34,10.0
MULT,9,train,35,9.0
MULT,9,train,36,9.0
MULT,9,train,37,15.0
MULT,9,train,38,11.0
MULT,9,train,39,11.0
MULT,9,train,40,13.0
MULT,9,train,41,11.0
MULT,9,train,42,12.0
MULT,9,train,43,15.0
MULT,9,train,44,14.0
MULT,9,train,45,13.0
MULT,9,train,46,10.0
MULT,9,train,47,9.0
MULT,9,train,48,9.0
MULT,9,train,49,16.0
MULT,9,train,50,10.0
MULT,9,train,51,13.0
MULT,9,train,52,9.0
MULT,9,train,53,10.0
MULT,9,train,54,11.0
MULT,9,train,55,10.0
MULT,9,train,56,10.0
MULT,9,train,57,14.0
MULT,9,train,58,20.0
MULT,9,train,59,10.0
MULT,9,train,60,8.0
MULT,9,train,61,10.0
MULT,9,train,62,9.0
MULT,9,train,63,10.0
MULT,9,train,64,11.0
MULT,9,train,65,12.0
MULT,9,train,66,11.0
MULT,9,train,67,9.0
MULT,9,train,68,10.0
MULT,9,train,69,11.0
MULT,9,train,70,11.0
MULT,9,train,71,11.0
MULT,9,train,72,11.0
MULT,9,train,73,10.0
MULT,9,train,74,9.0
MULT,9,train,75,9.0
MULT,9,train,76,14.0
MULT,9,train,77,9.0
MULT,9,train,78,10.0
MULT,9,train,79,9.0
MULT,9,train,80,9.0
MULT,9,train,81,10.0
MULT,9,train,82,9.0
MULT,9,train,83,10.0
MULT,9,train,84,13.0
MULT,9,train,85,9.0
MULT,9,train,86,13.0
MULT,9,train,87,10.0
MULT,9,train,88,11.0
MULT,9,train,89,11.0
MULT,9,train,90,12.0
MULT,9,train,91,13.0
MULT,9,train,92,9.0
MULT,9,train,93,9.0
MULT,9,train,94,12.0
MULT,9,train,95,13.0
MULT,9,train,96,11.0
MULT,9,train,97,13.0
MULT,9,train,98,12.0
MULT,9,train,99,11.0
MULT,9,train,100,13.0
MULT,9,train,101,13.0
MULT,9,train,102,11.0
MULT,9,train,103,11.0
MULT,9,train,104,15.0
MULT,9,train,105,11.0
MULT,9,train,106,10.0
MULT,9,train,107,9.0
MULT,9,train,108,10.0
MULT,9,train,109,13.0
MULT,9,train,110,10.0
MULT,9,train,111,12.0
MULT,9,train,112,9.0
MULT,9,train,113,11.0
MULT,9,train,114,12.0
MULT,9,train,115,9.0
MULT,9,train,116,11.0
MULT,9,train,117,18.0
MULT,9,train,118,12.0
MULT,9,train,119,12.0
MULT,9,train,120,8.0
MULT,9,train,121,12.0
MULT,9,train,122,9.0
MULT,9,train,123,9.0
MULT,9,train,124,11.0
MULT,9,train,125,11.0
MULT,9,train,126,10.0
MULT,9,train,127,11.0
MULT,9,train,128,17.0
MULT,9,train,129,9.0
MULT,9,train,130,13.0
MULT,9,train,131,12.0
MULT,9,train,132,14.0
MULT,9,train,133,9.0
MULT,9,train,134,11.0
MULT,9,train,135,11.0
MULT,9,train,136,11.0
MULT,9,train,137,11.0
MULT,9,train,138,12.0
MULT,9,train,139,12.0
MULT,9,train,140,12.0
MULT,9,train,141,9.0
MULT,9,train,142,10.0
MULT,9,train,143,12.0
MULT,9,train,144,12.0
MULT,9,train,145,12.0
MULT,9,train,146,12.0
MULT,9,train,147,13.0
MULT,9,train,148,12.0
MULT,9,train,149,11.0
MULT,9,train,150,14.0
MULT,9,train,151,12.0
MULT,9,train,152,12.0
MULT,9,train,153,12.0
MULT,9,train,154,11.0
MULT,9,train,155,12.0
MULT,9,train,156,10.0
MULT,9,train,157,13.0
MULT,9,train,158,12.0
MULT,9,train,159,11.0
MULT,9,train,160,13.0
MULT,9,train,161,12.0
MULT,9,train,162,14.0
MULT,9,train,163,10.0
MULT,9,train,164,16.0
MULT,9,train,165,12.0
MULT,9,train,166,18.0
MULT,9,train,167,11.0
MULT,9,train,168,13.0
MULT,9,train,169,16.0
MULT,9,train,170,16.0
MULT,9,train,171,10.0
MULT,9,train,172,13.0
MULT,9,train,173,21.0
MULT,9,train,174,15.0
MULT,9,train,175,31.0
MULT,9,train,176,17.0
MULT,9,train,177,10.0
MULT,9,train,178,10.0
MULT,9,train,179,16.0
MULT,9,train,180,9.0
MULT,9,train,181,11.0
MULT,9,train,182,9.0
MULT,9,train,183,8.0
MULT,9,train,184,12.0
MULT,9,train,185,9.0
MULT,9,train,186,18.0
MULT,9,train,187,15.0
MULT,9,train,188,11.0
MULT,9,train,189,18.0
MULT,9,train,190,35.0
MULT,9,train,191,25.0
MULT,9,train,192,10.0
MULT,9,train,193,11.0
MULT,9,train,194,30.0
MULT,9,train,195,10.0
MULT,9,train,196,13.0
MULT,9,train,197,10.0
MULT,9,train,198,33.0
MULT,9,train,199,9.0
MULT,9,train,200,12.0
MULT,9,train,201,19.0
MULT,9,train,202,23.0
MULT,9,train,203,9.0
MULT,9,train,204,9.0
MULT,9,train,205,8.0
MULT,9,train,206,16.0
MULT,9,train,207,9.0
MULT,9,train,208,10.0
MULT,9,train,209,10.0
MULT,9,train,210,12.0
MULT,9,train,211,12.0
MULT,9,train,212,14.0
MULT,9,train,213,10.0
MULT,9,train,214,12.0
MULT,9,train,215,12.0
MULT,9,train,216,10.0
MULT,9,train,217,13.0
MULT,9,train,218,9.0
MULT,9,train,219,12.0
MULT,9,train,220,8.0
MULT,9,train,221,11.0
MULT,9,train,222,10.0
MULT,9,train,223,9.0
MULT,9,train,224,27.0
MULT,9,train,225,36.0
MULT,9,train,226,8.0
MULT,9,train,227,10.0
MULT,9,train,228,27.0
MULT,9,train,229,14.0
MULT,9,train,230,12.0
MULT,9,train,231,10.0
MULT,9,train,232,11.0
MULT,9,train,233,9.0
MULT,9,train,234,14.0
MULT,9,train,235,11.0
MULT,9,train,236,33.0
MULT,9,train,237,28.0
MULT,9,train,238,12.0
MULT,9,train,239,38.0
MULT,9,train,240,30.0
MULT,9,train,241,39.0
MULT,9,train,242,9.0
MULT,9,train,243,34.0
MULT,9,train,244,41.0
MULT,9,train,245,27.0
MULT,9,train,246,10.0
MULT,9,train,247,24.0
MULT,9,train,248,32.0
MULT,9,train,249,21.0
MULT,9,train,250,28.0
MULT,9,train,251,23.0
MULT,9,train,252,22.0
MULT,9,train,253,14.0
MULT,9,train,254,100.0
MULT,9,train,255,29.0
MULT,9,train,256,24.0
MULT,9,train,257,51.0
MULT,9,train,258,42.0
MULT,9,train,259,89.0
MULT,9,train,260,47.0
MULT,9,train,261,23.0
MULT,9,train,262,23.0
MULT,9,train,263,44.0
MULT,9,train,264,38.0
MULT,9,train,265,39.0
MULT,9,train,266,20.0
MULT,9,train,267,31.0
MULT,9,train,268,58.0
MULT,9,train,269,63.0
MULT,9,train,270,39.0
MULT,9,train,271,174.0
MULT,9,train,272,64.0
MULT,9,train,273,88.0
MULT,9,train,274,35.0
MULT,9,train,275,60.0
MULT,9,train,276,103.0
MULT,9,train,277,77.0
MULT,9,train,278,61.0
MULT,9,train,279,133.0
MULT,9,train,280,45.0
MULT,9,train,281,30.0
MULT,9,train,282,50.0
MULT,9,train,283,43.0
MULT,9,train,284,41.0
MULT,9,train,285,30.0
MULT,9,train,286,92.0
MULT,9,train,287,69.0
MULT,9,train,288,40.0
MULT,9,train,289,40.0
MULT,9,train,290,31.0
MULT,9,train,291,42.0
MULT,9,train,292,41.0
MULT,9,train,293,86.0
MULT,9,train,294,82.0
MULT,9,train,295,50.0
MULT,9,train,296,25.0
MULT,9,train,297,26.0
MULT,9,train,298,94.0
MULT,9,train,299,41.0
MULT,9,train,300,65.0
MULT,9,train,301,46.0
MULT,9,train,302,75.0
MULT,9,train,303,89.0
MULT,9,train,304,56.0
MULT,9,train,305,65.0
MULT,9,train,306,32.0
MULT,9,train,307,38.0
MULT,9,train,308,84.0
MULT,9,train,309,50.0
MULT,9,train,310,77.0
MULT,9,train,311,130.0
MULT,9,train,312,49.0
MULT,9,train,313,36.0
MULT,9,train,314,98.0
MULT,9,train,315,57.0
MULT,9,train,316,58.0
MULT,9,train,317,48.0
MULT,9,train,318,35.0
MULT,9,train,319,63.0
MULT,9,train,320,76.0
MULT,9,train,321,54.0
MULT,9,train,322,30.0
MULT,9,train,323,38.0
MULT,9,train,324,40.0
MULT,9,train,325,28.0
MULT,9,train,326,28.0
MULT,9,train,327,118.0
MULT,9,train,328,28.0
MULT,9,train,329,38.0
MULT,9,train,330,34.0
MULT,9,train,331,30.0
MULT,9,train,332,27.0
MULT,9,train,333,29.0
MULT,9,train,334,29.0
MULT,9,train,335,45.0
MULT,9,train,336,50.0
MULT,9,train,337,20.0
MULT,9,train,338,48.0
MULT,9,train,339,47.0
MULT,9,train,340,86.0
MULT,9,train,341,42.0
MULT,9,train,342,31.0
MULT,9,train,343,25.0
MULT,9,train,344,61.0
MULT,9,train,345,35.0
MULT,9,train,346,52.0
MULT,9,train,347,56.0
MULT,9,train,348,55.0
MULT,9,train,349,44.0
MULT,9,train,350,79.0
MULT,9,train,351,61.0
MULT,9,train,352,63.0
MULT,9,train,353,78.0
MULT,9,train,354,55.0
MULT,9,train,355,23.0
MULT,9,train,356,47.0
MULT,9,train,357,38.0
MULT,9,train,358,59.0
MULT,9,train,359,52.0
MULT,9,train,360,46.0
MULT,9,train,361,31.0
MULT,9,train,362,100.0
MULT,9,train,363,36.0
MULT,9,train,364,78.0
MULT,9,train,365,50.0
MULT,9,train,366,68.0
MULT,9,train,367,51.0
MULT,9,train,368,40.0
MULT,9,train,369,30.0
MULT,9,train,370,35.0
MULT,9,train,371,56.0
MULT,9,train,372,100.0
MULT,9,train,373,110.0
MULT,9,train,374,101.0
MULT,9,train,375,93.0
MULT,9,train,376,33.0
MULT,9,train,377,74.0
MULT,9,train,378,62.0
MULT,9,train,379,50.0
MULT,9,train,380,44.0
MULT,9,train,381,74.0
MULT,9,train,382,67.0
MULT,9,train,383,72.0
MULT,9,train,384,69.0
MULT,9,train,385,55.0
MULT,9,train,386,86.0
MULT,9,train,387,104.0
MULT,9,train,388,50.0
MULT,9,train,389,43.0
MULT,9,train,390,64.0
MULT,9,train,391,73.0
MULT,9,train,392,42.0
MULT,9,train,393,42.0
MULT,9,train,394,41.0
MULT,9,train,395,32.0
MULT,9,train,396,84.0
MULT,9,train,397,79.0
MULT,9,train,398,115.0
MULT,9,train,399,21.0
MULT,9,train,400,34.0
MULT,9,train,401,89.0
MULT,9,train,402,135.0
MULT,9,train,403,35.0
MULT,9,train,404,106.0
MULT,9,train,405,133.0
MULT,9,train,406,101.0
MULT,9,train,407,138.0
MULT,9,train,408,99.0
MULT,9,train,409,38.0
MULT,9,train,410,114.0
MULT,9,train,411,75.0
MULT,9,train,412,108.0
MULT,9,train,413,131.0
MULT,9,train,414,54.0
MULT,9,train,415,153.0
MULT,9,train,416,43.0
MULT,9,train,417,58.0
MULT,9,train,418,135.0
MULT,9,train,419,84.0
MULT,9,train,420,69.0
MULT,9,train,421,198.0
MULT,9,train,422,73.0
MULT,9,train,423,127.0
MULT,9,train,424,93.0
MULT,9,train,425,34.0
MULT,9,train,426,150.0
MULT,9,train,427,68.0
MULT,9,train,428,128.0
MULT,9,train,429,123.0
MULT,9,train,430,168.0
MULT,9,train,431,118.0
MULT,9,train,432,80.0
MULT,9,train,433,55.0
MULT,9,train,434,112.0
MULT,9,train,435,144.0
MULT,9,train,436,99.0
MULT,9,train,437,118.0
MULT,9,train,438,124.0
MULT,9,train,439,66.0
MULT,9,train,440,78.0
MULT,9,train,441,241.0
MULT,9,train,442,287.0
MULT,9,train,443,142.0
MULT,9,train,444,170.0
MULT,9,train,445,114.0
MULT,9,train,446,114.0
MULT,9,train,447,220.0
MULT,9,train,448,151.0
MULT,9,train,449,170.0
MULT,9,train,450,104.0
MULT,9,train,451,199.0
MULT,9,train,452,139.0
MULT,9,train,453,259.0
MULT,9,train,454,166.0
MULT,9,train,455,157.0
MULT,9,train,456,156.0
MULT,9,train,457,188.0
MULT,9,train,458,274.0
MULT,9,train,459,500.0
MULT,9,train,460,178.0
MULT,9,train,461,271.0
MULT,9,train,462,352.0
MULT,9,train,463,227.0
MULT,9,train,464,500.0
MULT,9,train,465,500.0
MULT,9,train,466,251.0
MULT,9,train,467,251.0
MULT,9,train,468,250.0
MULT,9,train,469,178.0
MULT,9,train,470,299.0
MULT,9,train,471,141.0
MULT,9,train,472,215.0
MULT,9,train,473,154.0
MULT,9,train,474,181.0
MULT,9,train,475,249.0
MULT,9,train,476,242.0
MULT,9,train,477,309.0
MULT,9,train,478,205.0
MULT,9,train,479,224.0
MULT,9,train,480,174.0
MULT,9,train,481,155.0
MULT,9,train,482,205.0
MULT,9,train,483,190.0
MULT,9,train,484,164.0
MULT,9,train,485,271.0
MULT,9,train,486,283.0
MULT,9,train,487,203.0
MULT,9,train,488,193.0
MULT,9,train,489,248.0
MULT,9,train,490,313.0
MULT,9,train,491,225.0
MULT,9,train,492,272.0
MULT,9,train,493,307.0
MULT,9,train,494,194.0
MULT,9,train,495,180.0
MULT,9,train,496,480.0
MULT,9,train,497,244.0
MULT,9,train,498,249.0
MULT,9,train,499,188.0
MULT,9,train,500,186.0
MULT,0,eval,25,9.6
MULT,0,eval,50,9.0
MULT,0,eval,75,8.6
MULT,0,eval,100,9.4
MULT,0,eval,125,9.6
MULT,0,eval,150,11.8
MULT,0,eval,175,10.8
MULT,0,eval,200,16.4
MULT,0,eval,225,36.8
MULT,0,eval,250,76.6
MULT,0,eval,275,47.0
MULT,0,eval,300,54.4
MULT,0,eval,325,117.0
MULT,0,eval,350,250.6
MULT,0,eval,375,103.4
MULT,0,eval,400,135.6
MULT,0,eval,425,340.6
MULT,0,eval,450,335.6
MULT,0,eval,475,300.8
MULT,0,eval,500,295.2
MULT,1,eval,25,9.4
MULT,1,eval,50,8.8
MULT,1,eval,75,9.2
MULT,1,eval,100,9.2
MULT,1,eval,125,10.4
MULT,1,eval,150,10.0
MULT,1,eval,175,13.6
MULT,1,eval,200,30.6
MULT,1,eval,225,39.6
MULT,1,eval,250,33.2
MULT,1,eval,275,24.8
MULT,1,eval,300,19.8
MULT,1,eval,325,24.8
MULT,1,eval,350,60.8
MULT,1,eval,375,33.2
MULT,1,eval,400,64.6
MULT,1,eval,425,125.0
MULT,1,eval,450,249.8
MULT,1,eval,475,168.4
MULT,1,eval,500,167.6
MULT,2,eval,25,10.2
MULT,2,eval,50,8.8
MULT,2,eval,75,9.0
MULT,2,eval,100,8.8
MULT,2,eval,125,9.8
MULT,2,eval,150,12.0
MULT,2,eval,175,11.8
MULT,2,eval,200,12.0
MULT,2,eval,225,16.6
MULT,2,eval,250,15.2
MULT,2,eval,275,16.8
MULT,2,eval,300,26.4
MULT,2,eval,325,109.6
MULT,2,eval,350,47.8
MULT,2,eval,375,70.8
MULT,2,eval,400,105.2
MULT,2,eval,425,418.0
MULT,2,eval,450,304.2
MULT,2,eval,475,257.0
MULT,2,eval,500,203.4
MULT,3,eval,25,9.6
MULT,3,eval,50,8.8
MULT,3,eval,75,9.4
MULT,3,eval,100,9.4
MULT,3,eval,125,9.6
MULT,3,eval,150,9.0
MULT,3,eval,175,9.4
MULT,3,eval,200,9.4
MULT,3,eval,225,15.6
MULT,3,eval,250,33.2
MULT,3,eval,275,46.0
MULT,3,eval,300,43.4
MULT,3,eval,325,61.8
MULT,3,eval,350,76.6
MULT,3,eval,375,68.0
MULT,3,eval,400,245.6
MULT,3,eval,425,239.6
MULT,3,eval,450,129.2
MULT,3,eval,475,131.6
MULT,3,eval,500,109.0
MULT,4,eval,25,9.2
MULT,4,eval,50,9.2
MULT,4,eval,75,10.2
MULT,4,eval,100,9.8
MULT,4,eval,125,11.8
MULT,4,eval,150,9.0
MULT,4,eval,175,9.4
MULT,4,eval,200,12.8
MULT,4,eval,225,48.2
MULT,4,eval,250,69.8
MULT,4,eval,275,68.6
MULT,4,eval,300,131.6
MULT,4,eval,325,80.2
MULT,4,eval,350,178.2
MULT,4,eval,375,381.8
MULT,4,eval,400,328.4
MULT,4,eval,425,405.4
MULT,4,eval,450,268.4
MULT,4,eval,475,177.8
MULT,4,eval,500,260.4
MULT,5,eval,25,9.2
MULT,5,eval,50,9.2
MULT,5,eval,75,9.8
MULT,5,eval,100,10.2
MULT,5,eval,125,12.6
MULT,5,eval,150,9.8
MULT,5,eval,175,28.4
MULT,5,eval,200,9.0
MULT,5,eval,225,11.4
MULT,5,eval,250,45.6
MULT,5,eval,275,33.8
MULT,5,eval,300,80.8
MULT,5,eval,325,40.8
MULT,5,eval,350,75.0
MULT,5,eval,375,132.6
MULT,5,eval,400,149.4
MULT,5,eval,425,281.6
MULT,5,eval,450,363.0
MULT,5,eval,475,397.8
MULT,5,eval,500,372.2
MULT,6,eval,25,11.0
MULT,6,eval,50,9.4
MULT,6,eval,75,9.6
MULT,6,eval,100,11.8
MULT,6,eval,125,12.0
MULT,6,eval,150,14.2
MULT,6,eval,175,31.2
MULT,6,eval,200,41.6
MULT,6,eval,225,43.4
MULT,6,eval,250,99.6
MULT,6,eval,275,107.8
MULT,6,eval,300,334.2
MULT,6,eval,325,407.2
MULT,6,eval,350,449.8
MULT,6,eval,375,324.2
MULT,6,eval,400,233.8
MULT,6,eval,425,308.4
MULT,6,eval,450,409.2
MULT,6,eval,475,500.0
MULT,6,eval,500,489.8
MULT,7,eval,25,62.2
MULT,7,eval,50,9.6
MULT,7,eval,75,9.4
MULT,7,eval,100,9.2
MULT,7,eval,125,8.8
MULT,7,eval,150,9.4
MULT,7,eval,175,9.2
MULT,7,eval,200,9.6
MULT,7,eval,225,10.0
MULT,7,eval,250,30.2
MULT,7,eval,275,84.2
MULT,7,eval,300,92.4
MULT,7,eval,325,83.6
MULT,7,eval,350,74.0
MULT,7,eval,375,95.2
MULT,7,eval,400,164.2
MULT,7,eval,425,87.0
MULT,7,eval,450,57.2
MULT,7,eval,475,48.6
MULT,7,eval,500,55.0
MULT,8,eval,25,13.0
MULT,8,eval,50,9.6
MULT,8,eval,75,9.0
MULT,8,eval,100,9.6
MULT,8,eval,125,9.2
MULT,8,eval,150,9.2
MULT,8,eval,175,11.4
MULT,8,eval,200,11.2
MULT,8,eval,225,14.6
MULT,8,eval,250,34.4
MULT,8,eval,275,55.4
MULT,8,eval,300,49.2
MULT,8,eval,325,109.6
MULT,8,eval,350,81.6
MULT,8,eval,375,76.0
MULT,8,eval,400,83.4
MULT,8,eval,425,116.4
MULT,8,eval,450,150.2
MULT,8,eval,475,223.2
MULT,8,eval,500,251.2
MULT,9,eval,25,8.4
MULT,9,eval,50,9.2
MULT,9,eval,75,9.8
MULT,9,eval,100,9.0
MULT,9,eval,125,9.6
MULT,9,eval,150,10.2
MULT,9,eval,175,12.0
MULT,9,eval,200,15.0
MULT,9,eval,225,21.8
MULT,9,eval,250,23.8
MULT,9,eval,275,83.0
MULT,9,eval,300,64.6
MULT,9,eval,325,59.4
MULT,9,eval,350,71.6
MULT,9,eval,375,49.0
MULT,9,eval,400,50.0
MULT,9,eval,425,76.6
MULT,9,eval,450,229.0
MULT,9,eval,475,228.8
MULT,9,eval,500,285.4
GATE,0,train,1,11.0
GATE,0,train,2,20.0
GATE,0,train,3,26.0
GATE,0,train,4,10.0
GATE,0,train,5,27.0
GATE,0,train,6,16.0
GATE,0,train,7,13.0
GATE,0,train,8,20.0
GATE,0,train,9,22.0
GATE,0,train,10,11.0
GATE,0,train,11,24.0
GATE,0,train,12,12.0
GATE,0,train,13,15.0
GATE,0,train,14,19.0
GATE,0,train,15,13.0
GATE,0,train,16,9.0
GATE,0,train,17,10.0
GATE,0,train,18,10.0
GATE,0,train,19,10.0
GATE,0,train,20,15.0
GATE,0,train,21,25.0
GATE,0,train,22,13.0
GATE,0,train,23,23.0
GATE,0,train,24,11.0
GATE,0,train,25,12.0
GATE,0,train,26,8.0
GATE,0,train,27,11.0
GATE,0,train,28,13.0
GATE,0,train,29,13.0
GATE,0,train,30,9.0
GATE,0,train,31,12.0
GATE,0,train,32,9.0
GATE,0,train,33,17.0
GATE,0,train,34,9.0
GATE,0,train,35,11.0
GATE,0,train,36,11.0
GATE,0,train,37,10.0
GATE,0,train,38,12.0
GATE,0,train,39,8.0
GATE,0,train,40,10.0
GATE,0,train,41,12.0
GATE,0,train,42,10.0
GATE,0,train,43,11.0
GATE,0,train,44,11.0
GATE,0,train,45,10.0
GATE,0,train,46,9.0
GATE,0,train,47,11.0
GATE,0,train,48,10.0
GATE,0,train,49,10.0
GATE,0,train,50,10.0
GATE,0,train,51,12.0
GATE,0,train,52,10.0
GATE,0,train,53,10.0
GATE,0,train,54,14.0
GATE,0,train,55,10.0
GATE,0,train,56,14.0
GATE,0,train,57,17.0
GATE,0,train,58,10.0
GATE,0,train,59,9.0
GATE,0,train,60,13.0
GATE,0,train,61,10.0
GATE,0,train,62,14.0
GATE,0,train,63,9.0
GATE,0,train,64,10.0
GATE,0,train,65,9.0
GATE,0,train,66,8.0
GATE,0,train,67,11.0
GATE,0,train,68,12.0
GATE,0,train,69,12.0
GATE,0,train,70,11.0
GATE,0,train,71,10.0
GATE,0,train,72,12.0
GATE,0,train,73,9.0
GATE,0,train,74,10.0
GATE,0,train,75,10.0
GATE,0,train,76,11.0
GATE,0,train,77,10.0
GATE,0,train,78,11.0
GATE,0,train,79,12.0
GATE,0,train,80,9.0
GATE,0,train,81,8.0
GATE,0,train,82,11.0
GATE,0,train,83,10.0
GATE,0,train,84,9.0
GATE,0,train,85,11.0
GATE,0,train,86,10.0
GATE,0,train,87,10.0
GATE,0,train,88,9.0
GATE,0,train,89,9.0
GATE,0,train,90,11.0
GATE,0,train,91,10.0
GATE,0,train,92,11.0
GATE,0,train,93,11.0
GATE,0,train,94,14.0
GATE,0,train,95,10.0
GATE,0,train,96,10.0
GATE,0,train,97,10.0
GATE,0,train,98,8.0
GATE,0,train,99,9.0
GATE,0,train,100,12.0
GATE,0,train,101,10.0
GATE,0,train,102,11.0
GATE,0,train,103,10.0
GATE,0,train,104,11.0
GATE,0,train,105,8.0
GATE,0,train,106,10.0
GATE,0,train,107,12.0
GATE,0,train,108,8.0
GATE,0,train,109,13.0
GATE,0,train,110,13.0
GATE,0,train,111,15.0
GATE,0,train,112,10.0
GATE,0,train,113,9.0
GATE,0,train,114,12.0
GATE,0,train,115,11.0
GATE,0,train,116,13.0
GATE,0,train,117,10.0
GATE,0,train,118,11.0
GATE,0,train,119,13.0
GATE,0,train,120,12.0
GATE,0,train,121,13.0
GATE,0,train,122,11.0
GATE,0,train,123,9.0
GATE,0,train,124,12.0
GATE,0,train,125,10.0
GATE,0,train,126,12.0
GATE,0,train,127,12.0
GATE,0,train,128,9.0
GATE,0,train,129,13.0
GATE,0,train,130,9.0
GATE,0,train,131,11.0
GATE,0,train,132,10.0
GATE,0,train,133,11.0
GATE,0,train,134,19.0
GATE,0,train,135,14.0
GATE,0,train,136,10.0
GATE,0,train,137,10.0
GATE,0,train,138,17.0
GATE,0,train,139,9.0
GATE,0,train,140,15.0
GATE,0,train,141,9.0
GATE,0,train,142,14.0
GATE,0,train,143,11.0
GATE,0,train,144,10.0
GATE,0,train,145,15.0
GATE,0,train,146,11.0
GATE,0,train,147,13.0
GATE,0,train,148,13.0
GATE,0,train,149,12.0
GATE,0,train,150,14.0
GATE,0,train,151,16.0
GATE,0,train,152,12.0
GATE,0,train,153,11.0
GATE,0,train,154,13.0
GATE,0,train,155,13.0
GATE,0,train,156,10.0
GATE,0,train,157,11.0
GATE,0,train,158,14.0
GATE,0,train,159,11.0
GATE,0,train,160,11.0
GATE,0,train,161,11.0
GATE,0,train,162,12.0
GATE,0,train,163,13.0
GATE,0,train,164,12.0
GATE,0,train,165,16.0
GATE,0,train,166,12.0
GATE,0,train,167,12.0
GATE,0,train,168,13.0
GATE,0,train,169,11.0
GATE,0,train,170,12.0
GATE,0,train,171,13.0
GATE,0,train,172,13.0
GATE,0,train,173,12.0
GATE,0,train,174,15.0
GATE,0,train,175,10.0
GATE,0,train,176,23.0
GATE,0,train,177,13.0
GATE,0,train,178,12.0
GATE,0,train,179,17.0
GATE,0,train,180,15.0
GATE,0,train,181,14.0
GATE,0,train,182,12.0
GATE,0,train,183,14.0
GATE,0,train,184,17.0
GATE,0,train,185,12.0
GATE,0,train,186,15.0
GATE,0,train,187,26.0
GATE,0,train,188,90.0
GATE,0,train,189,16.0
GATE,0,train,190,21.0
GATE,0,train,191,20.0
GATE,0,train,192,16.0
GATE,0,train,193,23.0
GATE,0,train,194,18.0
GATE,0,train,195,22.0
GATE,0,train,196,88.0
GATE,0,train,197,20.0
GATE,0,train,198,80.0
GATE,0,train,199,12.0
GATE,0,train,200,15.0
GATE,0,train,201,27.0
GATE,0,train,202,30.0
GATE,0,train,203,16.0
GATE,0,train,204,18.0
GATE,0,train,205,34.0
GATE,0,train,206,15.0
GATE,0,train,207,46.0
GATE,0,train,208,27.0
GATE,0,train,209,25.0
GATE,0,train,210,41.0
GATE,0,train,211,89.0
GATE,0,train,212,18.0
GATE,0,train,213,22.0
GATE,0,train,214,15.0
GATE,0,train,215,37.0
GATE,0,train,216,19.0
GATE,0,train,217,26.0
GATE,0,train,218,21.0
GATE,0,train,219,24.0
GATE,0,train,220,25.0
GATE,0,train,221,28.0
GATE,0,train,222,25.0
GATE,0,train,223,59.0
GATE,0,train,224,19.0
GATE,0,train,225,65.0
GATE,0,train,226,61.0
GATE,0,train,227,38.0
GATE,0,train,228,58.0
GATE,0,train,229,36.0
GATE,0,train,230,53.0
GATE,0,train,231,52.0
GATE,0,train,232,48.0
GATE,0,train,233,29.0
GATE,0,train,234,27.0
GATE,0,train,235,31.0
GATE,0,train,236,63.0
GATE,0,train,237,24.0
GATE,0,train,238,39.0
GATE,0,train,239,56.0
GATE,0,train,240,31.0
GATE,0,train,241,43.0
GATE,0,train,242,75.0
GATE,0,train,243,46.0
GATE,0,train,244,29.0
GATE,0,train,245,27.0
GATE,0,train,246,92.0
GATE,0,train,247,37.0
GATE,0,train,248,51.0
GATE,0,train,249,23.0
GATE,0,train,250,30.0
GATE,0,train,251,30.0
GATE,0,train,252,60.0
GATE,0,train,253,56.0
GATE,0,train,254,124.0
GATE,0,train,255,19.0
GATE,0,train,256,19.0
GATE,0,train,257,33.0
GATE,0,train,258,30.0
GATE,0,train,259,35.0
GATE,0,train,260,46.0
GATE,0,train,261,49.0
GATE,0,train,262,75.0
GATE,0,train,263,82.0
GATE,0,train,264,31.0
GATE,0,train,265,40.0
GATE,0,train,266,27.0
GATE,0,train,267,22.0
GATE,0,train,268,32.0
GATE,0,train,269,49.0
GATE,0,train,270,47.0
GATE,0,train,271,60.0
GATE,0,train,272,91.0
GATE,0,train,273,48.0
GATE,0,train,274,57.0
GATE,0,train,275,58.0
GATE,0,train,276,45.0
GATE,0,train,277,54.0
GATE,0,train,278,59.0
GATE,0,train,279,82.0
GATE,0,train,280,30.0
GATE,0,train,281,35.0
GATE,0,train,282,38.0
GATE,0,train,283,52.0
GATE,0,train,284,39.0
GATE,0,train,285,33.0
GATE,0,train,286,56.0
GATE,0,train,287,52.0
GATE,0,train,288,31.0
GATE,0,train,289,59.0
GATE,0,train,290,36.0
GATE,0,train,291,37.0
GATE,0,train,292,27.0
GATE,0,train,293,105.0
GATE,0,train,294,36.0
GATE,0,train,295,33.0
GATE,0,train,296,86.0
GATE,0,train,297,56.0
GATE,0,train,298,40.0
GATE,0,train,299,107.0
GATE,0,train,300,47.0
GATE,0,train,301,85.0
GATE,0,train,302,33.0
GATE,0,train,303,49.0
GATE,0,train,304,54.0
GATE,0,train,305,44.0
GATE,0,train,306,66.0
GATE,0,train,307,30.0
GATE,0,train,308,24.0
GATE,0,train,309,43.0
GATE,0,train,310,36.0
GATE,0,train,311,25.0
GATE,0,train,312,60.0
GATE,0,train,313,24.0
GATE,0,train,314,37.0
GATE,0,train,315,44.0
GATE,0,train,316,27.0
GATE,0,train,317,24.0
GATE,0,train,318,29.0
GATE,0,train,319,113.0
GATE,0,train,320,60.0
GATE,0,train,321,43.0
GATE,0,train,322,53.0
GATE,0,train,323,51.0
GATE,0,train,324,91.0
GATE,0,train,325,79.0
GATE,0,train,326,30.0
GATE,0,train,327,33.0
GATE,0,train,328,44.0
GATE,0,train,329,78.0
GATE,0,train,330,39.0
GATE,0,train,331,66.0
GATE,0,train,332,45.0
GATE,0,train,333,42.0
GATE,0,train,334,52.0
GATE,0,train,335,61.0
GATE,0,train,336,43.0
GATE,0,train,337,41.0
GATE,0,train,338,47.0
GATE,0,train,339,46.0
GATE,0,train,340,35.0
GATE,0,train,341,41.0
GATE,0,train,342,86.0
GATE,0,train,343,69.0
GATE,0,train,344,46.0
GATE,0,train,345,91.0
GATE,0,train,346,171.0
GATE,0,train,347,49.0
GATE,0,train,348,56.0
GATE,0,train,349,47.0
GATE,0,train,350,61.0
GATE,0,train,351,85.0
GATE,0,train,352,64.0
GATE,0,train,353,60.0
GATE,0,train,354,56.0
GATE,0,train,355,54.0
GATE,0,train,356,131.0
GATE,0,train,357,83.0
GATE,0,train,358,43.0
GATE,0,train,359,60.0
GATE,0,train,360,61.0
GATE,0,train,361,54.0
GATE,0,train,362,207.0
GATE,0,train,363,70.0
GATE,0,train,364,68.0
GATE,0,train,365,67.0
GATE,0,train,366,104.0
GATE,0,train,367,60.0
GATE,0,train,368,49.0
GATE,0,train,369,96.0
GATE,0,train,370,89.0
GATE,0,train,371,74.0
GATE,0,train,372,72.0
GATE,0,train,373,44.0
GATE,0,train,374,71.0
GATE,0,train,375,56.0
GATE,0,train,376,81.0
GATE,0,train,377,81.0
GATE,0,train,378,105.0
GATE,0,train,379,82.0
GATE,0,train,380,51.0
GATE,0,train,381,115.0
GATE,0,train,382,111.0
GATE,0,train,383,47.0
GATE,0,train,384,39.0
GATE,0,train,385,103.0
GATE,0,train,386,53.0
GATE,0,train,387,104.0
GATE,0,train,388,125.0
GATE,0,train,389,52.0
GATE,0,train,390,71.0
GATE,0,train,391,47.0
GATE,0,train,392,55.0
GATE,0,train,393,130.0
GATE,0,train,394,66.0
GATE,0,train,395,161.0
GATE,0,train,396,159.0
GATE,0,train,397,64.0
GATE,0,train,398,134.0
GATE,0,train,399,217.0
GATE,0,train,400,119.0
GATE,0,train,401,158.0
GATE,0,train,402,153.0
GATE,0,train,403,119.0
GATE,0,train,404,118.0
GATE,0,train,405,145.0
GATE,0,train,406,59.0
GATE,0,train,407,118.0
GATE,0,train,408,182.0
GATE,0,train,409,171.0
GATE,0,train,410,145.0
GATE,0,train,411,179.0
GATE,0,train,412,176.0
GATE,0,train,413,350.0
GATE,0,train,414,213.0
GATE,0,train,415,223.0
GATE,0,train,416,280.0
GATE,0,train,417,261.0
GATE,0,train,418,308.0
GATE,0,train,419,274.0
GATE,0,train,420,260.0
GATE,0,train,421,412.0
GATE,0,train,422,212.0
GATE,0,train,423,236.0
GATE,0,train,424,260.0
GATE,0,train,425,343.0
GATE,0,train,426,451.0
GATE,0,train,427,392.0
GATE,0,train,428,271.0
GATE,0,train,429,214.0
GATE,0,train,430,218.0
GATE,0,train,431,323.0
GATE,0,train,432,189.0
GATE,0,train,433,500.0
GATE,0,train,434,140.0
GATE,0,train,435,155.0
GATE,0,train,436,185.0
GATE,0,train,437,128.0
GATE,0,train,438,271.0
GATE,0,train,439,180.0
GATE,0,train,440,236.0
GATE,0,train,441,166.0
GATE,0,train,442,155.0
GATE,0,train,443,141.0
GATE,0,train,444,187.0
GATE,0,train,445,167.0
GATE,0,train,446,149.0
GATE,0,train,447,171.0
GATE,0,train,448,135.0
GATE,0,train,449,288.0
GATE,0,train,450,168.0
GATE,0,train,451,282.0
GATE,0,train,452,348.0
GATE,0,train,453,231.0
GATE,0,train,454,145.0
GATE,0,train,455,275.0
GATE,0,train,456,187.0
GATE,0,train,457,231.0
GATE,0,train,458,187.0
GATE,0,train,459,454.0
GATE,0,train,460,203.0
GATE,0,train,461,284.0
GATE,0,train,462,322.0
GATE,0,train,463,269.0
GATE,0,train,464,194.0
GATE,0,train,465,307.0
GATE,0,train,466,271.0
GATE,0,train,467,427.0
GATE,0,train,468,257.0
GATE,0,train,469,289.0
GATE,0,train,470,247.0
GATE,0,train,471,236.0
GATE,0,train,472,204.0
GATE,0,train,473,197.0
GATE,0,train,474,255.0
GATE,0,train,475,459.0
GATE,0,train,476,248.0
GATE,0,train,477,269.0
GATE,0,train,478,355.0
GATE,0,train,479,274.0
GATE,0,train,480,176.0
GATE,0,train,481,243.0
GATE,0,train,482,159.0
GATE,0,train,483,260.0
GATE,0,train,484,199.0
GATE,0,train,485,229.0
GATE,0,train,486,299.0
GATE,0,train,487,208.0
GATE,0,train,488,309.0
GATE,0,train,489,235.0
GATE,0,train,490,265.0
GATE,0,train,491,244.0
GATE,0,train,492,333.0
GATE,0,train,493,169.0
GATE,0,train,494,261.0
GATE,0,train,495,237.0
GATE,0,train,496,252.0
GATE,0,train,497,186.0
GATE,0,train,498,370.0
GATE,0,train,499,309.0
GATE,0,train,500,305.0
GATE,1,train,1,19.0
GATE,1,train,2,22.0
GATE,1,train,3,11.0
GATE,1,train,4,17.0
GATE,1,train,5,58.0
GATE,1,train,6,28.0
GATE,1,train,7,19.0
GATE,1,train,8,15.0
GATE,1,train,9,26.0
GATE,1,train,10,9.0
GATE,1,train,11,18.0
GATE,1,train,12,19.0
GATE,1,train,13,13.0
GATE,1,train,14,11.0
GATE,1,train,15,21.0
GATE,1,train,16,39.0
GATE,1,train,17,32.0
GATE,1,train,18,13.0
GATE,1,train,19,17.0
GATE,1,train,20,9.0
GATE,1,train,21,12.0
GATE,1,train,22,16.0
GATE,1,train,23,11.0
GATE,1,train,24,19.0
GATE,1,train,25,13.0
GATE,1,train,26,12.0
GATE,1,train,27,9.0
GATE,1,train,28,10.0
GATE,1,train,29,27.0
GATE,1,train,30,16.0
GATE,1,train,31,14.0
GATE,1,train,32,9.0
GATE,1,train,33,10.0
GATE,1,train,34,10.0
GATE,1,train,35,8.0
GATE,1,train,36,12.0
GATE,1,train,37,14.0
GATE,1,train,38,10.0
GATE,1,train,39,17.0
GATE,1,train,40,14.0
GATE,1,train,41,10.0
GATE,1,train,42,14.0
GATE,1,train,43,10.0
GATE,1,train,44,9.0
GATE,1,train,45,12.0
GATE,1,train,46,10.0
GATE,1,train,47,11.0
GATE,1,train,48,19.0
GATE,1,train,49,9.0
GATE,1,train,50,10.0
GATE,1,train,51,11.0
GATE,1,train,52,10.0
GATE,1,train,53,14.0
GATE,1,train,54,12.0
GATE,1,train,55,8.0
GATE,1,train,56,9.0
GATE,1,train,57,11.0
GATE,1,train,58,20.0
GATE,1,train,59,10.0
GATE,1,train,60,10.0
GATE,1,train,61,15.0
GATE,1,train,62,10.0
GATE,1,train,63,10.0
GATE,1,train,64,10.0
GATE,1,train,65,12.0
GATE,1,train,66,14.0
GATE,1,train,67,9.0
GATE,1,train,68,8.0
GATE,1,train,69,10.0
GATE,1,train,70,9.0
GATE,1,train,71,11.0
GATE,1,train,72,14.0
GATE,1,train,73,9.0
GATE,1,train,74,10.0
GATE,1,train,75,9.0
GATE,1,train,76,15.0
GATE,1,train,77,9.0
GATE,1,train,78,9.0
GATE,1,train,79,12.0
GATE,1,train,80,8.0
GATE,1,train,81,16.0
GATE,1,train,82,11.0
GATE,1,train,83,11.0
GATE,1,train,84,9.0
GATE,1,train,85,10.0
GATE,1,train,86,13.0
GATE,1,train,87,9.0
GATE,1,train,88,10.0
GATE,1,train,89,12.0
GATE,1,train,90,9.0
GATE,1,train,91,10.0
GATE,1,train,92,11.0
GATE,1,train,93,9.0
GATE,1,train,94,11.0
GATE,1,train,95,12.0
GATE,1,train,96,9.0
GATE,1,train,97,14.0
GATE,1,train,98,9.0
GATE,1,train,99,14.0
GATE,1,train,100,11.0
GATE,1,train,101,9.0
GATE,1,train,102,11.0
GATE,1,train,103,11.0
GATE,1,train,104,12.0
GATE,1,train,105,12.0
GATE,1,train,106,11.0
GATE,1,train,107,14.0
GATE,1,train,108,12.0
GATE,1,train,109,11.0
GATE,1,train,110,13.0
GATE,1,train,111,11.0
GATE,1,train,112,12.0
GATE,1,train,113,11.0
GATE,1,train,114,10.0
GATE,1,train,115,8.0
GATE,1,train,116,10.0
GATE,1,train,117,12.0
GATE,1,train,118,9.0
GATE,1,train,119,12.0
GATE,1,train,120,9.0
GATE,1,train,121,13.0
GATE,1,train,122,13.0
GATE,1,train,123,9.0
GATE,1,train,124,12.0
GATE,1,train,125,11.0
GATE,1,train,126,15.0
GATE,1,train,127,12.0
GATE,1,train,128,13.0
GATE,1,train,129,11.0
GATE,1,train,130,13.0
GATE,1,train,131,9.0
GATE,1,train,132,11.0
GATE,1,train,133,11.0
GATE,1,train,134,10.0
GATE,1,train,135,8.0
GATE,1,train,136,13.0
GATE,1,train,137,13.0
GATE,1,train,138,16.0
GATE,1,train,139,12.0
GATE,1,train,140,17.0
GATE,1,train,141,16.0
GATE,1,train,142,13.0
GATE,1,train,143,13.0
GATE,1,train,144,12.0
GATE,1,train,145,14.0
GATE,1,train,146,10.0
GATE,1,train,147,10.0
GATE,1,train,148,12.0
GATE,1,train,149,10.0
GATE,1,train,150,11.0
GATE,1,train,151,12.0
GATE,1,train,152,15.0
GATE,1,train,153,15.0
GATE,1,train,154,14.0
GATE,1,train,155,8.0
GATE,1,train,156,13.0
GATE,1,train,157,13.0
GATE,1,train,158,9.0
GATE,1,train,159,9.0
GATE,1,train,160,9.0
GATE,1,train,161,10.0
GATE,1,train,162,13.0
GATE,1,train,163,16.0
GATE,1,train,164,10.0
GATE,1,train,165,14.0
GATE,1,train,166,12.0
GATE,1,train,167,11.0
GATE,1,train,168,17.0
GATE,1,train,169,13.0
GATE,1,train,170,12.0
GATE,1,train,171,10.0
GATE,1,train,172,11.0
GATE,1,train,173,14.0
GATE,1,train,174,16.0
GATE,1,train,175,11.0
GATE,1,train,176,10.0
GATE,1,train,177,26.0
GATE,1,train,178,10.0
GATE,1,train,179,17.0
GATE,1,train,180,14.0
GATE,1,train,181,11.0
GATE,1,train,182,15.0
GATE,1,train,183,15.0
GATE,1,train,184,23.0
GATE,1,train,185,15.0
GATE,1,train,186,12.0
GATE,1,train,187,10.0
GATE,1,train,188,9.0
GATE,1,train,189,14.0
GATE,1,train,190,10.0
GATE,1,train,191,25.0
GATE,1,train,192,13.0
GATE,1,train,193,9.0
GATE,1,train,194,10.0
GATE,1,train,195,24.0
GATE,1,train,196,12.0
GATE,1,train,197,38.0
GATE,1,train,198,11.0
GATE,1,train,199,46.0
GATE,1,train,200,13.0
GATE,1,train,201,11.0
GATE,1,train,202,8.0
GATE,1,train,203,11.0
GATE,1,train,204,15.0
GATE,1,train,205,12.0
GATE,1,train,206,10.0
GATE,1,train,207,12.0
GATE,1,train,208,12.0
GATE,1,train,209,9.0
GATE,1,train,210,9.0
GATE,1,train,211,9.0
GATE,1,train,212,13.0
GATE,1,train,213,9.0
GATE,1,train,214,26.0
GATE,1,train,215,17.0
GATE,1,train,216,18.0
GATE,1,train,217,12.0
GATE,1,train,218,14.0
GATE,1,train,219,15.0
GATE,1,train,220,26.0
GATE,1,train,221,14.0
GATE,1,train,222,13.0
GATE,1,train,223,16.0
GATE,1,train,224,10.0
GATE,1,train,225,12.0
GATE,1,train,226,12.0
GATE,1,train,227,10.0
GATE,1,train,228,8.0
GATE,1,train,229,11.0
GATE,1,train,230,9.0
GATE,1,train,231,11.0
GATE,1,train,232,8.0
GATE,1,train,233,9.0
GATE,1,train,234,12.0
GATE,1,train,235,12.0
GATE,1,train,236,9.0
GATE,1,train,237,10.0
GATE,1,train,238,20.0
GATE,1,train,239,18.0
GATE,1,train,240,19.0
GATE,1,train,241,40.0
GATE,1,train,242,119.0
GATE,1,train,243,13.0
GATE,1,train,244,9.0
GATE,1,train,245,15.0
GATE,1,train,246,14.0
GATE,1,train,247,14.0
GATE,1,train,248,15.0
GATE,1,train,249,13.0
GATE,1,train,250,16.0
GATE,1,train,251,19.0
GATE,1,train,252,24.0
GATE,1,train,253,22.0
GATE,1,train,254,54.0
GATE,1,train,255,60.0
GATE,1,train,256,29.0
GATE,1,train,257,37.0
GATE,1,train,258,49.0
GATE,1,train,259,39.0
GATE,1,train,260,129.0
GATE,1,train,261,29.0
GATE,1,train,262,26.0
GATE,1,train,263,22.0
GATE,1,train,264,25.0
GATE,1,train,265,88.0
GATE,1,train,266,27.0
GATE,1,train,267,33.0
GATE,1,train,268,19.0
GATE,1,train,269,51.0
GATE,1,train,270,20.0
GATE,1,train,271,35.0
GATE,1,train,272,38.0
GATE,1,train,273,27.0
GATE,1,train,274,32.0
GATE,1,train,275,45.0
GATE,1,train,276,28.0
GATE,1,train,277,32.0
GATE,1,train,278,21.0
GATE,1,train,279,82.0
GATE,1,train,280,51.0
GATE,1,train,281,29.0
GATE,1,train,282,33.0
GATE,1,train,283,33.0
GATE,1,train,284,29.0
GATE,1,train,285,20.0
GATE,1,train,286,20.0
GATE,1,train,287,29.0
GATE,1,train,288,24.0
GATE,1,train,289,72.0
GATE,1,train,290,44.0
GATE,1,train,291,116.0
GATE,1,train,292,31.0
GATE,1,train,293,33.0
GATE,1,train,294,40.0
GATE,1,train,295,23.0
GATE,1,train,296,20.0
GATE,1,train,297,47.0
GATE,1,train,298,70.0
GATE,1,train,299,41.0
GATE,1,train,300,45.0
GATE,1,train,301,32.0
GATE,1,train,302,33.0
GATE,1,train,303,19.0
GATE,1,train,304,19.0
GATE,1,train,305,21.0
GATE,1,train,306,27.0
GATE,1,train,307,31.0
GATE,1,train,308,85.0
GATE,1,train,309,50.0
GATE,1,train,310,35.0
GATE,1,train,311,46.0
GATE,1,train,312,34.0
GATE,1,train,313,28.0
GATE,1,train,314,20.0
GATE,1,train,315,51.0
GATE,1,train,316,25.0
GATE,1,train,317,50.0
GATE,1,train,318,42.0
GATE,1,train,319,34.0
GATE,1,train,320,42.0
GATE,1,train,321,106.0
GATE,1,train,322,91.0
GATE,1,train,323,49.0
GATE,1,train,324,55.0
GATE,1,train,325,33.0
GATE,1,train,326,21.0
GATE,1,train,327,29.0
GATE,1,train,328,67.0
GATE,1,train,329,64.0
GATE,1,train,330,24.0
GATE,1,train,331,38.0
GATE,1,train,332,85.0
GATE,1,train,333,25.0
GATE,1,train,334,66.0
GATE,1,train,335,70.0
GATE,1,train,336,54.0
GATE,1,train,337,43.0
GATE,1,train,338,92.0
GATE,1,train,339,49.0
GATE,1,train,340,50.0
GATE,1,train,341,331.0
GATE,1,train,342,106.0
GATE,1,train,343,72.0
GATE,1,train,344,65.0
GATE,1,train,345,30.0
GATE,1,train,346,67.0
GATE,1,train,347,48.0
GATE,1,train,348,46.0
GATE,1,train,349,34.0
GATE,1,train,350,49.0
GATE,1,train,351,35.0
GATE,1,train,352,36.0
GATE,1,train,353,34.0
GATE,1,train,354,51.0
GATE,1,train,355,62.0
GATE,1,train,356,35.0
GATE,1,train,357,53.0
GATE,1,train,358,113.0
GATE,1,train,359,81.0
GATE,1,train,360,32.0
GATE,1,train,361,36.0
GATE,1,train,362,44.0
GATE,1,train,363,62.0
GATE,1,train,364,47.0
GATE,1,train,365,35.0
GATE,1,train,366,87.0
GATE,1,train,367,76.0
GATE,1,train,368,54.0
GATE,1,train,369,35.0
GATE,1,train,370,76.0
GATE,1,train,371,33.0
GATE,1,train,372,66.0
GATE,1,train,373,30.0
GATE,1,train,374,31.0
GATE,1,train,375,25.0
GATE,1,train,376,44.0
GATE,1,train,377,27.0
GATE,1,train,378,32.0
GATE,1,train,379,31.0
GATE,1,train,380,124.0
GATE,1,train,381,305.0
GATE,1,train,382,87.0
GATE,1,train,383,49.0
GATE,1,train,384,101.0
GATE,1,train,385,144.0
GATE,1,train,386,66.0
GATE,1,train,387,51.0
GATE,1,train,388,61.0
GATE,1,train,389,116.0
GATE,1,train,390,137.0
GATE,1,train,391,85.0
GATE,1,train,392,57.0
GATE,1,train,393,53.0
GATE,1,train,394,73.0
GATE,1,train,395,46.0
GATE,1,train,396,49.0
GATE,1,train,397,54.0
GATE,1,train,398,78.0
GATE,1,train,399,86.0
GATE,1,train,400,34.0
GATE,1,train,401,53.0
GATE,1,train,402,57.0
GATE,1,train,403,73.0
GATE,1,train,404,116.0
GATE,1,train,405,206.0
GATE,1,train,406,119.0
GATE,1,train,407,126.0
GATE,1,train,408,69.0
GATE,1,train,409,211.0
GATE,1,train,410,409.0
GATE,1,train,411,57.0
GATE,1,train,412,41.0
GATE,1,train,413,51.0
GATE,1,train,414,76.0
GATE,1,train,415,47.0
GATE,1,train,416,98.0
GATE,1,train,417,131.0
GATE,1,train,418,63.0
GATE,1,train,419,100.0
GATE,1,train,420,66.0
GATE,1,train,421,147.0
GATE,1,train,422,136.0
GATE,1,train,423,55.0
GATE,1,train,424,142.0
GATE,1,train,425,117.0
GATE,1,train,426,221.0
GATE,1,train,427,149.0
GATE,1,train,428,160.0
GATE,1,train,429,154.0
GATE,1,train,430,178.0
GATE,1,train,431,167.0
GATE,1,train,432,216.0
GATE,1,train,433,126.0
GATE,1,train,434,140.0
GATE,1,train,435,142.0
GATE,1,train,436,173.0
GATE,1,train,437,500.0
GATE,1,train,438,226.0
GATE,1,train,439,311.0
GATE,1,train,440,371.0
GATE,1,train,441,130.0
GATE,1,train,442,279.0
GATE,1,train,443,306.0
GATE,1,train,444,153.0
GATE,1,train,445,318.0
GATE,1,train,446,233.0
GATE,1,train,447,411.0
GATE,1,train,448,144.0
GATE,1,train,449,353.0
GATE,1,train,450,384.0
GATE,1,train,451,199.0
GATE,1,train,452,323.0
GATE,1,train,453,482.0
GATE,1,train,454,470.0
GATE,1,train,455,500.0
GATE,1,train,456,283.0
GATE,1,train,457,260.0
GATE,1,train,458,237.0
GATE,1,train,459,243.0
GATE,1,train,460,230.0
GATE,1,train,461,194.0
GATE,1,train,462,274.0
GATE,1,train,463,214.0
GATE,1,train,464,222.0
GATE,1,train,465,180.0
GATE,1,train,466,158.0
GATE,1,train,467,172.0
GATE,1,train,468,182.0
GATE,1,train,469,199.0
GATE,1,train,470,217.0
GATE,1,train,471,184.0
GATE,1,train,472,196.0
GATE,1,train,473,188.0
GATE,1,train,474,347.0
GATE,1,train,475,175.0
GATE,1,train,476,175.0
GATE,1,train,477,196.0
GATE,1,train,478,154.0
GATE,1,train,479,198.0
GATE,1,train,480,134.0
GATE,1,train,481,215.0
GATE,1,train,482,144.0
GATE,1,train,483,144.0
GATE,1,train,484,192.0
GATE,1,train,485,225.0
GATE,1,train,486,277.0
GATE,1,train,487,208.0
GATE,1,train,488,217.0
GATE,1,train,489,217.0
GATE,1,train,490,283.0
GATE,1,train,491,303.0
GATE,1,train,492,159.0
GATE,1,train,493,276.0
GATE,1,train,494,240.0
GATE,1,train,495,242.0
GATE,1,train,496,299.0
GATE,1,train,497,219.0
GATE,1,train,498,323.0
GATE,1,train,499,244.0
GATE,1,train,500,243.0
GATE,2,train,1,19.0
GATE,2,train,2,12.0
GATE,2,train,3,16.0
GATE,2,train,4,10.0
GATE,2,train,5,23.0
GATE,2,train,6,69.0
GATE,2,train,7,16.0
GATE,2,train,8,21.0
GATE,2,train,9,20.0
GATE,2,train,10,37.0
GATE,2,train,11,12.0
GATE,2,train,12,14.0
GATE,2,train,13,13.0
GATE,2,train,14,22.0
GATE,2,train,15,38.0
GATE,2,train,16,17.0
GATE,2,train,17,16.0
GATE,2,train,18,17.0
GATE,2,train,19,9.0
GATE,2,train,20,17.0
GATE,2,train,21,10.0
GATE,2,train,22,9.0
GATE,2,train,23,11.0
GATE,2,train,24,13.0
GATE,2,train,25,13.0
GATE,2,train,26,14.0
GATE,2,train,27,12.0
GATE,2,train,28,20.0
GATE,2,train,29,9.0
GATE,2,train,30,18.0
GATE,2,train,31,15.0
GATE,2,train,32,13.0
GATE,2,train,33,9.0
GATE,2,train,34,12.0
GATE,2,train,35,13.0
GATE,2,train,36,9.0
GATE,2,train,37,12.0
GATE,2,train,38,14.0
GATE,2,train,39,14.0
GATE,2,train,40,11.0
GATE,2,train,41,16.0
GATE,2,train,42,9.0
GATE,2,train,43,9.0
GATE,2,train,44,11.0
GATE,2,train,45,10.0
GATE,2,train,46,11.0
GATE,2,train,47,10.0
GATE,2,train,48,10.0
GATE,2,train,49,13.0
GATE,2,train,50,10.0
GATE,2,train,51,10.0
GATE,2,train,52,15.0
GATE,2,train,53,13.0
GATE,2,train,54,9.0
GATE,2,train,55,11.0
GATE,2,train,56,15.0
GATE,2,train,57,11.0
GATE,2,train,58,10.0
GATE,2,train,59,10.0
GATE,2,train,60,9.0
GATE,2,train,61,10.0
GATE,2,train,62,11.0
GATE,2,train,63,14.0
GATE,2,train,64,11.0
GATE,2,train,65,10.0
GATE,2,train,66,10.0
GATE,2,train,67,12.0
GATE,2,train,68,10.0
GATE,2,train,69,11.0
GATE,2,train,70,12.0
GATE,2,train,71,12.0
GATE,2,train,72,20.0
GATE,2,train,73,9.0
GATE,2,train,74,10.0
GATE,2,train,75,10.0
GATE,2,train,76,11.0
GATE,2,train,77,9.0
GATE,2,train,78,18.0
GATE,2,train,79,8.0
GATE,2,train,80,10.0
GATE,2,train,81,9.0
GATE,2,train,82,12.0
GATE,2,train,83,10.0
GATE,2,train,84,9.0
GATE,2,train,85,13.0
GATE,2,train,86,13.0
GATE,2,train,87,11.0
GATE,2,train,88,9.0
GATE,2,train,89,9.0
GATE,2,train,90,10.0
GATE,2,train,91,17.0
GATE,2,train,92,9.0
GATE,2,train,93,12.0
GATE,2,train,94,9.0
GATE,2,train,95,11.0
GATE,2,train,96,13.0
GATE,2,train,97,11.0
GATE,2,train,98,11.0
GATE,2,train,99,12.0
GATE,2,train,100,10.0
GATE,2,train,101,11.0
GATE,2,train,102,10.0
GATE,2,train,103,13.0
GATE,2,train,104,15.0
GATE,2,train,105,10.0
GATE,2,train,106,13.0
GATE,2,train,107,10.0
GATE,2,train,108,14.0
GATE,2,train,109,11.0
GATE,2,train,110,10.0
GATE,2,train,111,12.0
GATE,2,train,112,11.0
GATE,2,train,113,11.0
GATE,2,train,114,10.0
GATE,2,train,115,13.0
GATE,2,train,116,12.0
GATE,2,train,117,10.0
GATE,2,train,118,16.0
GATE,2,train,119,11.0
GATE,2,train,120,11.0
GATE,2,train,121,12.0
GATE,2,train,122,9.0
GATE,2,train,123,12.0
GATE,2,train,124,14.0
GATE,2,train,125,11.0
GATE,2,train,126,11.0
GATE,2,train,127,9.0
GATE,2,train,128,11.0
GATE,2,train,129,13.0
GATE,2,train,130,10.0
GATE,2,train,131,11.0
GATE,2,train,132,11.0
GATE,2,train,133,9.0
GATE,2,train,134,11.0
GATE,2,train,135,11.0
GATE,2,train,136,10.0
GATE,2,train,137,12.0
GATE,2,train,138,11.0
GATE,2,train,139,12.0
GATE,2,train,140,11.0
GATE,2,train,141,11.0
GATE,2,train,142,12.0
GATE,2,train,143,10.0
GATE,2,train,144,13.0
GATE,2,train,145,11.0
GATE,2,train,146,10.0
GATE,2,train,147,18.0
GATE,2,train,148,11.0
GATE,2,train,149,11.0
GATE,2,train,150,14.0
GATE,2,train,151,15.0
GATE,2,train,152,14.0
GATE,2,train,153,12.0
GATE,2,train,154,17.0
GATE,2,train,155,13.0
GATE,2,train,156,15.0
GATE,2,train,157,11.0
GATE,2,train,158,10.0
GATE,2,train,159,15.0
GATE,2,train,160,11.0
GATE,2,train,161,12.0
GATE,2,train,162,10.0
GATE,2,train,163,11.0
GATE,2,train,164,16.0
GATE,2,train,165,12.0
GATE,2,train,166,12.0
GATE,2,train,167,14.0
GATE,2,train,168,11.0
GATE,2,train,169,14.0
GATE,2,train,170,11.0
GATE,2,train,171,23.0
GATE,2,train,172,16.0
GATE,2,train,173,8.0
GATE,2,train,174,11.0
GATE,2,train,175,27.0
GATE,2,train,176,16.0
GATE,2,train,177,10.0
GATE,2,train,178,36.0
GATE,2,train,179,9.0
GATE,2,train,180,9.0
GATE,2,train,181,13.0
GATE,2,train,182,10.0
GATE,2,train,183,9.0
GATE,2,train,184,11.0
GATE,2,train,185,12.0
GATE,2,train,186,10.0
GATE,2,train,187,9.0
GATE,2,train,188,21.0
GATE,2,train,189,20.0
GATE,2,train,190,16.0
GATE,2,train,191,10.0
GATE,2,train,192,9.0
GATE,2,train,193,10.0
GATE,2,train,194,10.0
GATE,2,train,195,10.0
GATE,2,train,196,10.0
GATE,2,train,197,8.0
GATE,2,train,198,22.0
GATE,2,train,199,16.0
GATE,2,train,200,10.0
GATE,2,train,201,10.0
GATE,2,train,202,18.0
GATE,2,train,203,14.0
GATE,2,train,204,12.0
GATE,2,train,205,16.0
GATE,2,train,206,9.0
GATE,2,train,207,45.0
GATE,2,train,208,33.0
GATE,2,train,209,23.0
GATE,2,train,210,15.0
GATE,2,train,211,20.0
GATE,2,train,212,8.0
GATE,2,train,213,16.0
GATE,2,train,214,9.0
GATE,2,train,215,10.0
GATE,2,train,216,20.0
GATE,2,train,217,21.0
GATE,2,train,218,12.0
GATE,2,train,219,10.0
GATE,2,train,220,10.0
GATE,2,train,221,20.0
GATE,2,train,222,24.0
GATE,2,train,223,10.0
GATE,2,train,224,48.0
GATE,2,train,225,25.0
GATE,2,train,226,9.0
GATE,2,train,227,8.0
GATE,2,train,228,11.0
GATE,2,train,229,9.0
GATE,2,train,230,9.0
GATE,2,train,231,8.0
GATE,2,train,232,9.0
GATE,2,train,233,9.0
GATE,2,train,234,12.0
GATE,2,train,235,9.0
GATE,2,train,236,14.0
GATE,2,train,237,14.0
GATE,2,train,238,79.0
GATE,2,train,239,10.0
GATE,2,train,240,10.0
GATE,2,train,241,21.0
GATE,2,train,242,50.0
GATE,2,train,243,10.0
GATE,2,train,244,16.0
GATE,2,train,245,10.0
GATE,2,train,246,11.0
GATE,2,train,247,35.0
GATE,2,train,248,14.0
GATE,2,train,249,12.0
GATE,2,train,250,22.0
GATE,2,train,251,22.0
GATE,2,train,252,10.0
GATE,2,train,253,19.0
GATE,2,train,254,15.0
GATE,2,train,255,44.0
GATE,2,train,256,81.0
GATE,2,train,257,21.0
GATE,2,train,258,22.0
GATE,2,train,259,15.0
GATE,2,train,260,18.0
GATE,2,train,261,52.0
GATE,2,train,262,34.0
GATE,2,train,263,79.0
GATE,2,train,264,26.0
GATE,2,train,265,17.0
GATE,2,train,266,16.0
GATE,2,train,267,32.0
GATE,2,train,268,31.0
GATE,2,train,269,21.0
GATE,2,train,270,26.0
GATE,2,train,271,82.0
GATE,2,train,272,72.0
GATE,2,train,273,37.0
GATE,2,train,274,87.0
GATE,2,train,275,53.0
GATE,2,train,276,101.0
GATE,2,train,277,22.0
GATE,2,train,278,90.0
GATE,2,train,279,125.0
GATE,2,train,280,34.0
GATE,2,train,281,56.0
GATE,2,train,282,50.0
GATE,2,train,283,49.0
GATE,2,train,284,55.0
GATE,2,train,285,80.0
GATE,2,train,286,60.0
GATE,2,train,287,25.0
GATE,2,train,288,28.0
GATE,2,train,289,54.0
GATE,2,train,290,76.0
GATE,2,train,291,24.0
GATE,2,train,292,134.0
GATE,2,train,293,108.0
GATE,2,train,294,80.0
GATE,2,train,295,43.0
GATE,2,train,296,47.0
GATE,2,train,297,27.0
GATE,2,train,298,39.0
GATE,2,train,299,33.0
GATE,2,train,300,39.0
GATE,2,train,301,105.0
GATE,2,train,302,56.0
GATE,2,train,303,45.0
GATE,2,train,304,41.0
GATE,2,train,305,49.0
GATE,2,train,306,71.0
GATE,2,train,307,35.0
GATE,2,train,308,69.0
GATE,2,train,309,61.0
GATE,2,train,310,82.0
GATE,2,train,311,69.0
GATE,2,train,312,158.0
GATE,2,train,313,116.0
GATE,2,train,314,42.0
GATE,2,train,315,51.0
GATE,2,train,316,80.0
GATE,2,train,317,84.0
GATE,2,train,318,90.0
GATE,2,train,319,51.0
GATE,2,train,320,31.0
GATE,2,train,321,107.0
GATE,2,train,322,176.0
GATE,2,train,323,59.0
GATE,2,train,324,31.0
GATE,2,train,325,38.0
GATE,2,train,326,251.0
GATE,2,train,327,238.0
GATE,2,train,328,71.0
GATE,2,train,329,39.0
GATE,2,train,330,46.0
GATE,2,train,331,125.0
GATE,2,train,332,37.0
GATE,2,train,333,44.0
GATE,2,train,334,119.0
GATE,2,train,335,32.0
GATE,2,train,336,34.0
GATE,2,train,337,63.0
GATE,2,train,338,41.0
GATE,2,train,339,26.0
GATE,2,train,340,30.0
GATE,2,train,341,37.0
GATE,2,train,342,116.0
GATE,2,train,343,92.0
GATE,2,train,344,80.0
GATE,2,train,345,74.0
GATE,2,train,346,37.0
GATE,2,train,347,79.0
GATE,2,train,348,96.0
GATE,2,train,349,47.0
GATE,2,train,350,162.0
GATE,2,train,351,190.0
GATE,2,train,352,53.0
GATE,2,train,353,97.0
GATE,2,train,354,65.0
GATE,2,train,355,38.0
GATE,2,train,356,38.0
GATE,2,train,357,53.0
GATE,2,train,358,92.0
GATE,2,train,359,35.0
GATE,2,train,360,36.0
GATE,2,train,361,102.0
GATE,2,train,362,31.0
GATE,2,train,363,44.0
GATE,2,train,364,45.0
GATE,2,train,365,76.0
GATE,2,train,366,55.0
GATE,2,train,367,46.0
GATE,2,train,368,40.0
GATE,2,train,369,40.0
GATE,2,train,370,40.0
GATE,2,train,371,59.0
GATE,2,train,372,38.0
GATE,2,train,373,57.0
GATE,2,train,374,44.0
GATE,2,train,375,51.0
GATE,2,train,376,29.0
GATE,2,train,377,37.0
GATE,2,train,378,52.0
GATE,2,train,379,78.0
GATE,2,train,380,91.0
GATE,2,train,381,89.0
GATE,2,train,382,151.0
GATE,2,train,383,33.0
GATE,2,train,384,85.0
GATE,2,train,385,74.0
GATE,2,train,386,76.0
GATE,2,train,387,52.0
GATE,2,train,388,95.0
GATE,2,train,389,121.0
GATE,2,train,390,105.0
GATE,2,train,391,53.0
GATE,2,train,392,48.0
GATE,2,train,393,109.0
GATE,2,train,394,56.0
GATE,2,train,395,48.0
GATE,2,train,396,35.0
GATE,2,train,397,89.0
GATE,2,train,398,47.0
GATE,2,train,399,41.0
GATE,2,train,400,54.0
GATE,2,train,401,35.0
GATE,2,train,402,42.0
GATE,2,train,403,66.0
GATE,2,train,404,116.0
GATE,2,train,405,66.0
GATE,2,train,406,67.0
GATE,2,train,407,57.0
GATE,2,train,408,90.0
GATE,2,train,409,139.0
GATE,2,train,410,78.0
GATE,2,train,411,44.0
GATE,2,train,412,50.0
GATE,2,train,413,95.0
GATE,2,train,414,42.0
GATE,2,train,415,69.0
GATE,2,train,416,71.0
GATE,2,train,417,132.0
GATE,2,train,418,47.0
GATE,2,train,419,119.0
GATE,2,train,420,72.0
GATE,2,train,421,113.0
GATE,2,train,422,41.0
GATE,2,train,423,38.0
GATE,2,train,424,30.0
GATE,2,train,425,156.0
GATE,2,train,426,82.0
GATE,2,train,427,59.0
GATE,2,train,428,160.0
GATE,2,train,429,154.0
GATE,2,train,430,140.0
GATE,2,train,431,106.0
GATE,2,train,432,93.0
GATE,2,train,433,70.0
GATE,2,train,434,125.0
GATE,2,train,435,31.0
GATE,2,train,436,151.0
GATE,2,train,437,196.0
GATE,2,train,438,91.0
GATE,2,train,439,160.0
GATE,2,train,440,110.0
GATE,2,train,441,156.0
GATE,2,train,442,202.0
GATE,2,train,443,49.0
GATE,2,train,444,130.0
GATE,2,train,445,121.0
GATE,2,train,446,127.0
GATE,2,train,447,147.0
GATE,2,train,448,97.0
GATE,2,train,449,169.0
GATE,2,train,450,162.0
GATE,2,train,451,186.0
GATE,2,train,452,142.0
GATE,2,train,453,135.0
GATE,2,train,454,137.0
GATE,2,train,455,207.0
GATE,2,train,456,208.0
GATE,2,train,457,146.0
GATE,2,train,458,119.0
GATE,2,train,459,155.0
GATE,2,train,460,152.0
GATE,2,train,461,195.0
GATE,2,train,462,173.0
GATE,2,train,463,181.0
GATE,2,train,464,180.0
GATE,2,train,465,213.0
GATE,2,train,466,340.0
GATE,2,train,467,355.0
GATE,2,train,468,182.0
GATE,2,train,469,229.0
GATE,2,train,470,297.0
GATE,2,train,471,282.0
GATE,2,train,472,241.0
GATE,2,train,473,202.0
GATE,2,train,474,262.0
GATE,2,train,475,320.0
GATE,2,train,476,234.0
GATE,2,train,477,299.0
GATE,2,train,478,420.0
GATE,2,train,479,500.0
GATE,2,train,480,204.0
GATE,2,train,481,198.0
GATE,2,train,482,163.0
GATE,2,train,483,266.0
GATE,2,train,484,236.0
GATE,2,train,485,159.0
GATE,2,train,486,250.0
GATE,2,train,487,231.0
GATE,2,train,488,224.0
GATE,2,train,489,222.0
GATE,2,train,490,193.0
GATE,2,train,491,187.0
GATE,2,train,492,158.0
GATE,2,train,493,292.0
GATE,2,train,494,154.0
GATE,2,train,495,143.0
GATE,2,train,496,462.0
GATE,2,train,497,215.0
GATE,2,train,498,163.0
GATE,2,train,499,402.0
GATE,2,train,500,393.0
GATE,3,train,1,35.0
GATE,3,train,2,33.0
GATE,3,train,3,12.0
GATE,3,train,4,15.0
GATE,3,train,5,14.0
GATE,3,train,6,11.0
GATE,3,train,7,13.0
GATE,3,train,8,53.0
GATE,3,train,9,23.0
GATE,3,train,10,15.0
GATE,3,train,11,26.0
GATE,3,train,12,11.0
GATE,3,train,13,19.0
GATE,3,train,14,21.0
GATE,3,train,15,18.0
GATE,3,train,16,23.0
GATE,3,train,17,15.0
GATE,3,train,18,12.0
GATE,3,train,19,17.0
GATE,3,train,20,17.0
GATE,3,train,21,15.0
GATE,3,train,22,19.0
GATE,3,train,23,13.0
GATE,3,train,24,9.0
GATE,3,train,25,10.0
GATE,3,train,26,12.0
GATE,3,train,27,12.0
GATE,3,train,28,13.0
GATE,3,train,29,12.0
GATE,3,train,30,15.0
GATE,3,train,31,9.0
GATE,3,train,32,15.0
GATE,3,train,33,10.0
GATE,3,train,34,10.0
GATE,3,train,35,12.0
GATE,3,train,36,9.0
GATE,3,train,37,14.0
GATE,3,train,38,11.0
GATE,3,train,39,17.0
GATE,3,train,40,10.0
GATE,3,train,41,10.0
GATE,3,train,42,12.0
GATE,3,train,43,9.0
GATE,3,train,44,9.0
GATE,3,train,45,11.0
GATE,3,train,46,9.0
GATE,3,train,47,11.0
GATE,3,train,48,9.0
GATE,3,train,49,11.0
GATE,3,train,50,11.0
GATE,3,train,51,15.0
GATE,3,train,52,10.0
GATE,3,train,53,12.0
GATE,3,train,54,10.0
GATE,3,train,55,11.0
GATE,3,train,56,10.0
GATE,3,train,57,9.0
GATE,3,train,58,12.0
GATE,3,train,59,10.0
GATE,3,train,60,9.0
GATE,3,train,61,9.0
GATE,3,train,62,10.0
GATE,3,train,63,8.0
GATE,3,train,64,10.0
GATE,3,train,65,11.0
GATE,3,train,66,12.0
GATE,3,train,67,9.0
GATE,3,train,68,10.0
GATE,3,train,69,9.0
GATE,3,train,70,11.0
GATE,3,train,71,11.0
GATE,3,train,72,10.0
GATE,3,train,73,10.0
GATE,3,train,74,9.0
GATE,3,train,75,10.0
GATE,3,train,76,10.0
GATE,3,train,77,13.0
GATE,3,train,78,14.0
GATE,3,train,79,9.0
GATE,3,train,80,13.0
GATE,3,train,81,11.0
GATE,3,train,82,12.0
GATE,3,train,83,10.0
GATE,3,train,84,9.0
GATE,3,train,85,12.0
GATE,3,train,86,13.0
GATE,3,train,87,9.0
GATE,3,train,88,10.0
GATE,3,train,89,9.0
GATE,3,train,90,9.0
GATE,3,train,91,12.0
GATE,3,train,92,10.0
GATE,3,train,93,11.0
GATE,3,train,94,11.0
GATE,3,train,95,9.0
GATE,3,train,96,10.0
GATE,3,train,97,10.0
GATE,3,train,98,12.0
GATE,3,train,99,11.0
GATE,3,train,100,11.0
GATE,3,train,101,9.0
GATE,3,train,102,9.0
GATE,3,train,103,8.0
GATE,3,train,104,9.0
GATE,3,train,105,8.0
GATE,3,train,106,10.0
GATE,3,train,107,13.0
GATE,3,train,108,11.0
GATE,3,train,109,11.0
GATE,3,train,110,10.0
GATE,3,train,111,11.0
GATE,3,train,112,11.0
GATE,3,train,113,12.0
GATE,3,train,114,13.0
GATE,3,train,115,10.0
GATE,3,train,116,10.0
GATE,3,train,117,9.0
GATE,3,train,118,14.0
GATE,3,train,119,9.0
GATE,3,train,120,10.0
GATE,3,train,121,11.0
GATE,3,train,122,9.0
GATE,3,train,123,10.0
GATE,3,train,124,9.0
GATE,3,train,125,9.0
GATE,3,train,126,12.0
GATE,3,train,127,9.0
GATE,3,train,128,9.0
GATE,3,train,129,15.0
GATE,3,train,130,10.0
GATE,3,train,131,12.0
GATE,3,train,132,10.0
GATE,3,train,133,10.0
GATE,3,train,134,10.0
GATE,3,train,135,10.0
GATE,3,train,136,11.0
GATE,3,train,137,10.0
GATE,3,train,138,9.0
GATE,3,train,139,12.0
GATE,3,train,140,11.0
GATE,3,train,141,10.0
GATE,3,train,142,9.0
GATE,3,train,143,10.0
GATE,3,train,144,10.0
GATE,3,train,145,11.0
GATE,3,train,146,10.0
GATE,3,train,147,13.0
GATE,3,train,148,12.0
GATE,3,train,149,10.0
GATE,3,train,150,12.0
GATE,3,train,151,10.0
GATE,3,train,152,12.0
GATE,3,train,153,10.0
GATE,3,train,154,13.0
GATE,3,train,155,9.0
GATE,3,train,156,10.0
GATE,3,train,157,10.0
GATE,3,train,158,11.0
GATE,3,train,159,10.0
GATE,3,train,160,9.0
GATE,3,train,161,12.0
GATE,3,train,162,9.0
GATE,3,train,163,9.0
GATE,3,train,164,9.0
GATE,3,train,165,9.0
GATE,3,train,166,9.0
GATE,3,train,167,10.0
GATE,3,train,168,9.0
GATE,3,train,169,11.0
GATE,3,train,170,12.0
GATE,3,train,171,9.0
GATE,3,train,172,13.0
GATE,3,train,173,10.0
GATE,3,train,174,9.0
GATE,3,train,175,13.0
GATE,3,train,176,8.0
GATE,3,train,177,15.0
GATE,3,train,178,11.0
GATE,3,train,179,10.0
GATE,3,train,180,9.0
GATE,3,train,181,8.0
GATE,3,train,182,11.0
GATE,3,train,183,10.0
GATE,3,train,184,9.0
GATE,3,train,185,13.0
GATE,3,train,186,10.0
GATE,3,train,187,9.0
GATE,3,train,188,10.0
GATE,3,train,189,11.0
GATE,3,train,190,9.0
GATE,3,train,191,10.0
GATE,3,train,192,9.0
GATE,3,train,193,9.0
GATE,3,train,194,9.0
GATE,3,train,195,10.0
GATE,3,train,196,16.0
GATE,3,train,197,12.0
GATE,3,train,198,9.0
GATE,3,train,199,10.0
GATE,3,train,200,10.0
GATE,3,train,201,9.0
GATE,3,train,202,9.0
GATE,3,train,203,8.0
GATE,3,train,204,18.0
GATE,3,train,205,13.0
GATE,3,train,206,9.0
GATE,3,train,207,14.0
GATE,3,train,208,14.0
GATE,3,train,209,18.0
GATE,3,train,210,14.0
GATE,3,train,211,10.0
GATE,3,train,212,100.0
GATE,3,train,213,28.0
GATE,3,train,214,27.0
GATE,3,train,215,16.0
GATE,3,train,216,24.0
GATE,3,train,217,23.0
GATE,3,train,218,28.0
GATE,3,train,219,27.0
GATE,3,train,220,23.0
GATE,3,train,221,42.0
GATE,3,train,222,26.0
GATE,3,train,223,22.0
GATE,3,train,224,71.0
GATE,3,train,225,49.0
GATE,3,train,226,67.0
GATE,3,train,227,69.0
GATE,3,train,228,75.0
GATE,3,train,229,47.0
GATE,3,train,230,33.0
GATE,3,train,231,46.0
GATE,3,train,232,83.0
GATE,3,train,233,54.0
GATE,3,train,234,33.0
GATE,3,train,235,62.0
GATE,3,train,236,78.0
GATE,3,train,237,58.0
GATE,3,train,238,23.0
GATE,3,train,239,25.0
GATE,3,train,240,30.0
GATE,3,train,241,39.0
GATE,3,train,242,39.0
GATE,3,train,243,99.0
GATE,3,train,244,31.0
GATE,3,train,245,56.0
GATE,3,train,246,37.0
GATE,3,train,247,74.0
GATE,3,train,248,75.0
GATE,3,train,249,31.0
GATE,3,train,250,53.0
GATE,3,train,251,63.0
GATE,3,train,252,62.0
GATE,3,train,253,135.0
GATE,3,train,254,32.0
GATE,3,train,255,36.0
GATE,3,train,256,31.0
GATE,3,train,257,42.0
GATE,3,train,258,30.0
GATE,3,train,259,44.0
GATE,3,train,260,63.0
GATE,3,train,261,31.0
GATE,3,train,262,28.0
GATE,3,train,263,21.0
GATE,3,train,264,35.0
GATE,3,train,265,29.0
GATE,3,train,266,39.0
GATE,3,train,267,27.0
GATE,3,train,268,92.0
GATE,3,train,269,32.0
GATE,3,train,270,22.0
GATE,3,train,271,28.0
GATE,3,train,272,67.0
GATE,3,train,273,64.0
GATE,3,train,274,53.0
GATE,3,train,275,111.0
GATE,3,train,276,35.0
GATE,3,train,277,38.0
GATE,3,train,278,46.0
GATE,3,train,279,32.0
GATE,3,train,280,39.0
GATE,3,train,281,32.0
GATE,3,train,282,23.0
GATE,3,train,283,48.0
GATE,3,train,284,82.0
GATE,3,train,285,31.0
GATE,3,train,286,65.0
GATE,3,train,287,41.0
GATE,3,train,288,20.0
GATE,3,train,289,28.0
GATE,3,train,290,47.0
GATE,3,train,291,29.0
GATE,3,train,292,26.0
GATE,3,train,293,70.0
GATE,3,train,294,87.0
GATE,3,train,295,46.0
GATE,3,train,296,55.0
GATE,3,train,297,39.0
GATE,3,train,298,39.0
GATE,3,train,299,36.0
GATE,3,train,300,30.0
GATE,3,train,301,24.0
GATE,3,train,302,40.0
GATE,3,train,303,61.0
GATE,3,train,304,38.0
GATE,3,train,305,29.0
GATE,3,train,306,35.0
GATE,3,train,307,25.0
GATE,3,train,308,24.0
GATE,3,train,309,51.0
GATE,3,train,310,50.0
GATE,3,train,311,18.0
GATE,3,train,312,68.0
GATE,3,train,313,23.0
GATE,3,train,314,21.0
GATE,3,train,315,25.0
GATE,3,train,316,46.0
GATE,3,train,317,72.0
GATE,3,train,318,78.0
GATE,3,train,319,43.0
GATE,3,train,320,26.0
GATE,3,train,321,47.0
GATE,3,train,322,42.0
GATE,3,train,323,24.0
GATE,3,train,324,64.0
GATE,3,train,325,34.0
GATE,3,train,326,75.0
GATE,3,train,327,40.0
GATE,3,train,328,41.0
GATE,3,train,329,44.0
GATE,3,train,330,54.0
GATE,3,train,331,36.0
GATE,3,train,332,99.0
GATE,3,train,333,52.0
GATE,3,train,334,25.0
GATE,3,train,335,43.0
GATE,3,train,336,51.0
GATE,3,train,337,57.0
GATE,3,train,338,40.0
GATE,3,train,339,79.0
GATE,3,train,340,36.0
GATE,3,train,341,27.0
GATE,3,train,342,26.0
GATE,3,train,343,57.0
GATE,3,train,344,43.0
GATE,3,train,345,41.0
GATE,3,train,346,33.0
GATE,3,train,347,45.0
GATE,3,train,348,102.0
GATE,3,train,349,126.0
GATE,3,train,350,31.0
GATE,3,train,351,76.0
GATE,3,train,352,91.0
GATE,3,train,353,58.0
GATE,3,train,354,103.0
GATE,3,train,355,118.0
GATE,3,train,356,99.0
GATE,3,train,357,92.0
GATE,3,train,358,168.0
GATE,3,train,359,74.0
GATE,3,train,360,113.0
GATE,3,train,361,117.0
GATE,3,train,362,41.0
GATE,3,train,363,135.0
GATE,3,train,364,41.0
GATE,3,train,365,134.0
GATE,3,train,366,213.0
GATE,3,train,367,83.0
GATE,3,train,368,64.0
GATE,3,train,369,113.0
GATE,3,train,370,36.0
GATE,3,train,371,65.0
GATE,3,train,372,70.0
GATE,3,train,373,106.0
GATE,3,train,374,130.0
GATE,3,train,375,77.0
GATE,3,train,376,146.0
GATE,3,train,377,42.0
GATE,3,train,378,122.0
GATE,3,train,379,69.0
GATE,3,train,380,51.0
GATE,3,train,381,58.0
GATE,3,train,382,62.0
GATE,3,train,383,60.0
GATE,3,train,384,74.0
GATE,3,train,385,67.0
GATE,3,train,386,133.0
GATE,3,train,387,53.0
GATE,3,train,388,92.0
GATE,3,train,389,54.0
GATE,3,train,390,60.0
GATE,3,train,391,139.0
GATE,3,train,392,48.0
GATE,3,train,393,76.0
GATE,3,train,394,114.0
GATE,3,train,395,117.0
GATE,3,train,396,142.0
GATE,3,train,397,50.0
GATE,3,train,398,237.0
GATE,3,train,399,100.0
GATE,3,train,400,186.0
GATE,3,train,401,90.0
GATE,3,train,402,313.0
GATE,3,train,403,87.0
GATE,3,train,404,62.0
GATE,3,train,405,161.0
GATE,3,train,406,132.0
GATE,3,train,407,377.0
GATE,3,train,408,137.0
GATE,3,train,409,273.0
GATE,3,train,410,205.0
GATE,3,train,411,152.0
GATE,3,train,412,200.0
GATE,3,train,413,307.0
GATE,3,train,414,321.0
GATE,3,train,415,187.0
GATE,3,train,416,176.0
GATE,3,train,417,163.0
GATE,3,train,418,83.0
GATE,3,train,419,92.0
GATE,3,train,420,289.0
GATE,3,train,421,239.0
GATE,3,train,422,111.0
GATE,3,train,423,69.0
GATE,3,train,424,143.0
GATE,3,train,425,243.0
GATE,3,train,426,345.0
GATE,3,train,427,237.0
GATE,3,train,428,154.0
GATE,3,train,429,110.0
GATE,3,train,430,102.0
GATE,3,train,431,115.0
GATE,3,train,432,124.0
GATE,3,train,433,145.0
GATE,3,train,434,182.0
GATE,3,train,435,143.0
GATE,3,train,436,99.0
GATE,3,train,437,89.0
GATE,3,train,438,108.0
GATE,3,train,439,98.0
GATE,3,train,440,145.0
GATE,3,train,441,169.0
GATE,3,train,442,104.0
GATE,3,train,443,117.0
GATE,3,train,444,138.0
GATE,3,train,445,141.0
GATE,3,train,446,125.0
GATE,3,train,447,143.0
GATE,3,train,448,99.0
GATE,3,train,449,132.0
GATE,3,train,450,104.0
GATE,3,train,451,78.0
GATE,3,train,452,101.0
GATE,3,train,453,118.0
GATE,3,train,454,123.0
GATE,3,train,455,99.0
GATE,3,train,456,120.0
GATE,3,train,457,124.0
GATE,3,train,458,87.0
GATE,3,train,459,109.0
GATE,3,train,460,127.0
GATE,3,train,461,133.0
GATE,3,train,462,146.0
GATE,3,train,463,150.0
GATE,3,train,464,161.0
GATE,3,train,465,128.0
GATE,3,train,466,124.0
GATE,3,train,467,105.0
GATE,3,train,468,85.0
GATE,3,train,469,125.0
GATE,3,train,470,94.0
GATE,3,train,471,116.0
GATE,3,train,472,104.0
GATE,3,train,473,136.0
GATE,3,train,474,113.0
GATE,3,train,475,55.0
GATE,3,train,476,129.0
GATE,3,train,477,115.0
GATE,3,train,478,133.0
GATE,3,train,479,101.0
GATE,3,train,480,55.0
GATE,3,train,481,101.0
GATE,3,train,482,99.0
GATE,3,train,483,104.0
GATE,3,train,484,76.0
GATE,3,train,485,88.0
GATE,3,train,486,83.0
GATE,3,train,487,134.0
GATE,3,train,488,88.0
GATE,3,train,489,119.0
GATE,3,train,490,48.0
GATE,3,train,491,120.0
GATE,3,train,492,135.0
GATE,3,train,493,107.0
GATE,3,train,494,138.0
GATE,3,train,495,104.0
GATE,3,train,496,120.0
GATE,3,train,497,83.0
GATE,3,train,498,67.0
GATE,3,train,499,66.0
GATE,3,train,500,78.0
GATE,4,train,1,18.0
GATE,4,train,2,31.0
GATE,4,train,3,41.0
GATE,4,train,4,17.0
GATE,4,train,5,24.0
GATE,4,train,6,51.0
GATE,4,train,7,20.0
GATE,4,train,8,14.0
GATE,4,train,9,15.0
GATE,4,train,10,22.0
GATE,4,train,11,11.0
GATE,4,train,12,10.0
GATE,4,train,13,90.0
GATE,4,train,14,11.0
GATE,4,train,15,11.0
GATE,4,train,16,9.0
GATE,4,train,17,12.0
GATE,4,train,18,10.0
GATE,4,train,19,12.0
GATE,4,train,20,14.0
GATE,4,train,21,19.0
GATE,4,train,22,8.0
GATE,4,train,23,12.0
GATE,4,train,24,11.0
GATE,4,train,25,10.0
GATE,4,train,26,8.0
GATE,4,train,27,18.0
GATE,4,train,28,15.0
GATE,4,train,29,10.0
GATE,4,train,30,21.0
GATE,4,train,31,14.0
GATE,4,train,32,15.0
GATE,4,train,33,11.0
GATE,4,train,34,12.0
GATE,4,train,35,9.0
GATE,4,train,36,11.0
GATE,4,train,37,13.0
GATE,4,train,38,13.0
GATE,4,train,39,15.0
GATE,4,train,40,13.0
GATE,4,train,41,11.0
GATE,4,train,42,13.0
GATE,4,train,43,9.0
GATE,4,train,44,9.0
GATE,4,train,45,11.0
GATE,4,train,46,10.0
GATE,4,train,47,10.0
GATE,4,train,48,9.0
GATE,4,train,49,13.0
GATE,4,train,50,9.0
GATE,4,train,51,12.0
GATE,4,train,52,15.0
GATE,4,train,53,10.0
GATE,4,train,54,10.0
GATE,4,train,55,8.0
GATE,4,train,56,8.0
GATE,4,train,57,17.0
GATE,4,train,58,10.0
GATE,4,train,59,10.0
GATE,4,train,60,8.0
GATE,4,train,61,9.0
GATE,4,train,62,12.0
GATE,4,train,63,9.0
GATE,4,train,64,11.0
GATE,4,train,65,10.0
GATE,4,train,66,12.0
GATE,4,train,67,10.0
GATE,4,train,68,9.0
GATE,4,train,69,12.0
GATE,4,train,70,12.0
GATE,4,train,71,13.0
GATE,4,train,72,11.0
GATE,4,train,73,9.0
GATE,4,train,74,13.0
GATE,4,train,75,14.0
GATE,4,train,76,9.0
GATE,4,train,77,12.0
GATE,4,train,78,9.0
GATE,4,train,79,10.0
GATE,4,train,80,11.0
GATE,4,train,81,12.0
GATE,4,train,82,11.0
GATE,4,train,83,11.0
GATE,4,train,84,13.0
GATE,4,train,85,13.0
GATE,4,train,86,9.0
GATE,4,train,87,11.0
GATE,4,train,88,9.0
GATE,4,train,89,10.0
GATE,4,train,90,12.0
GATE,4,train,91,9.0
GATE,4,train,92,11.0
GATE,4,train,93,10.0
GATE,4,train,94,15.0
GATE,4,train,95,11.0
GATE,4,train,96,9.0
GATE,4,train,97,12.0
GATE,4,train,98,10.0
GATE,4,train,99,9.0
GATE,4,train,100,9.0
GATE,4,train,101,8.0
GATE,4,train,102,9.0
GATE,4,train,103,12.0
GATE,4,train,104,8.0
GATE,4,train,105,11.0
GATE,4,train,106,10.0
GATE,4,train,107,14.0
GATE,4,train,108,13.0
GATE,4,train,109,11.0
GATE,4,train,110,13.0
GATE,4,train,111,12.0
GATE,4,train,112,13.0
GATE,4,train,113,10.0
GATE,4,train,114,11.0
GATE,4,train,115,15.0
GATE,4,train,116,9.0
GATE,4,train,117,14.0
GATE,4,train,118,9.0
GATE,4,train,119,27.0
GATE,4,train,120,16.0
GATE,4,train,121,10.0
GATE,4,train,122,9.0
GATE,4,train,123,10.0
GATE,4,train,124,18.0
GATE,4,train,125,16.0
GATE,4,train,126,11.0
GATE,4,train,127,11.0
GATE,4,train,128,21.0
GATE,4,train,129,15.0
GATE,4,train,130,11.0
GATE,4,train,131,17.0
GATE,4,train,132,14.0
GATE,4,train,133,11.0
GATE,4,train,134,19.0
GATE,4,train,135,11.0
GATE,4,train,136,25.0
GATE,4,train,137,35.0
GATE,4,train,138,12.0
GATE,4,train,139,14.0
GATE,4,train,140,10.0
GATE,4,train,141,15.0
GATE,4,train,142,23.0
GATE,4,train,143,11.0
GATE,4,train,144,19.0
GATE,4,train,145,11.0
GATE,4,train,146,18.0
GATE,4,train,147,9.0
GATE,4,train,148,10.0
GATE,4,train,149,69.0
GATE,4,train,150,12.0
GATE,4,train,151,57.0
GATE,4,train,152,20.0
GATE,4,train,153,11.0
GATE,4,train,154,9.0
GATE,4,train,155,10.0
GATE,4,train,156,18.0
GATE,4,train,157,10.0
GATE,4,train,158,12.0
GATE,4,train,159,9.0
GATE,4,train,160,10.0
GATE,4,train,161,9.0
GATE,4,train,162,9.0
GATE,4,train,163,11.0
GATE,4,train,164,9.0
GATE,4,train,165,11.0
GATE,4,train,166,10.0
GATE,4,train,167,9.0
GATE,4,train,168,10.0
GATE,4,train,169,13.0
GATE,4,train,170,10.0
GATE,4,train,171,15.0
GATE,4,train,172,8.0
GATE,4,train,173,9.0
GATE,4,train,174,102.0
GATE,4,train,175,17.0
GATE,4,train,176,38.0
GATE,4,train,177,10.0
GATE,4,train,178,17.0
GATE,4,train,179,14.0
GATE,4,train,180,8.0
GATE,4,train,181,15.0
GATE,4,train,182,13.0
GATE,4,train,183,10.0
GATE,4,train,184,13.0
GATE,4,train,185,11.0
GATE,4,train,186,8.0
GATE,4,train,187,12.0
GATE,4,train,188,11.0
GATE,4,train,189,9.0
GATE,4,train,190,12.0
GATE,4,train,191,9.0
GATE,4,train,192,11.0
GATE,4,train,193,9.0
GATE,4,train,194,10.0
GATE,4,train,195,12.0
GATE,4,train,196,13.0
GATE,4,train,197,12.0
GATE,4,train,198,11.0
GATE,4,train,199,12.0
GATE,4,train,200,11.0
GATE,4,train,201,22.0
GATE,4,train,202,8.0
GATE,4,train,203,16.0
GATE,4,train,204,12.0
GATE,4,train,205,15.0
GATE,4,train,206,11.0
GATE,4,train,207,20.0
GATE,4,train,208,156.0
GATE,4,train,209,10.0
GATE,4,train,210,12.0
GATE,4,train,211,13.0
GATE,4,train,212,10.0
GATE,4,train,213,9.0
GATE,4,train,214,9.0
GATE,4,train,215,8.0
GATE,4,train,216,9.0
GATE,4,train,217,8.0
GATE,4,train,218,24.0
GATE,4,train,219,11.0
GATE,4,train,220,19.0
GATE,4,train,221,47.0
GATE,4,train,222,82.0
GATE,4,train,223,37.0
GATE,4,train,224,26.0
GATE,4,train,225,23.0
GATE,4,train,226,24.0
GATE,4,train,227,49.0
GATE,4,train,228,9.0
GATE,4,train,229,134.0
GATE,4,train,230,60.0
GATE,4,train,231,32.0
GATE,4,train,232,19.0
GATE,4,train,233,52.0
GATE,4,train,234,126.0
GATE,4,train,235,99.0
GATE,4,train,236,76.0
GATE,4,train,237,77.0
GATE,4,train,238,27.0
GATE,4,train,239,119.0
GATE,4,train,240,51.0
GATE,4,train,241,28.0
GATE,4,train,242,87.0
GATE,4,train,243,122.0
GATE,4,train,244,127.0
GATE,4,train,245,32.0
GATE,4,train,246,70.0
GATE,4,train,247,65.0
GATE,4,train,248,31.0
GATE,4,train,249,183.0
GATE,4,train,250,48.0
GATE,4,train,251,42.0
GATE,4,train,252,141.0
GATE,4,train,253,52.0
GATE,4,train,254,37.0
GATE,4,train,255,77.0
GATE,4,train,256,47.0
GATE,4,train,257,52.0
GATE,4,train,258,42.0
GATE,4,train,259,39.0
GATE,4,train,260,82.0
GATE,4,train,261,50.0
GATE,4,train,262,49.0
GATE,4,train,263,31.0
GATE,4,train,264,44.0
GATE,4,train,265,184.0
GATE,4,train,266,27.0
GATE,4,train,267,48.0
GATE,4,train,268,56.0
GATE,4,train,269,41.0
GATE,4,train,270,41.0
GATE,4,train,271,71.0
GATE,4,train,272,38.0
GATE,4,train,273,42.0
GATE,4,train,274,61.0
GATE,4,train,275,78.0
GATE,4,train,276,41.0
GATE,4,train,277,136.0
GATE,4,train,278,59.0
GATE,4,train,279,46.0
GATE,4,train,280,49.0
GATE,4,train,281,42.0
GATE,4,train,282,82.0
GATE,4,train,283,74.0
GATE,4,train,284,61.0
GATE,4,train,285,91.0
GATE,4,train,286,79.0
GATE,4,train,287,34.0
GATE,4,train,288,36.0
GATE,4,train,289,49.0
GATE,4,train,290,51.0
GATE,4,train,291,62.0
GATE,4,train,292,68.0
GATE,4,train,293,68.0
GATE,4,train,294,52.0
GATE,4,train,295,101.0
GATE,4,train,296,74.0
GATE,4,train,297,106.0
GATE,4,train,298,37.0
GATE,4,train,299,49.0
GATE,4,train,300,46.0
GATE,4,train,301,182.0
GATE,4,train,302,67.0
GATE,4,train,303,83.0
GATE,4,train,304,62.0
GATE,4,train,305,139.0
GATE,4,train,306,87.0
GATE,4,train,307,64.0
GATE,4,train,308,70.0
GATE,4,train,309,46.0
GATE,4,train,310,35.0
GATE,4,train,311,80.0
GATE,4,train,312,83.0
GATE,4,train,313,133.0
GATE,4,train,314,165.0
GATE,4,train,315,83.0
GATE,4,train,316,102.0
GATE,4,train,317,63.0
GATE,4,train,318,61.0
GATE,4,train,319,131.0
GATE,4,train,320,53.0
GATE,4,train,321,104.0
GATE,4,train,322,134.0
GATE,4,train,323,52.0
GATE,4,train,324,89.0
GATE,4,train,325,41.0
GATE,4,train,326,108.0
GATE,4,train,327,74.0
GATE,4,train,328,93.0
GATE,4,train,329,96.0
GATE,4,train,330,102.0
GATE,4,train,331,231.0
GATE,4,train,332,97.0
GATE,4,train,333,77.0
GATE,4,train,334,62.0
GATE,4,train,335,123.0
GATE,4,train,336,73.0
GATE,4,train,337,219.0
GATE,4,train,338,130.0
GATE,4,train,339,124.0
GATE,4,train,340,148.0
GATE,4,train,341,144.0
GATE,4,train,342,185.0
GATE,4,train,343,149.0
GATE,4,train,344,213.0
GATE,4,train,345,60.0
GATE,4,train,346,128.0
GATE,4,train,347,319.0
GATE,4,train,348,155.0
GATE,4,train,349,261.0
GATE,4,train,350,285.0
GATE,4,train,351,92.0
GATE,4,train,352,85.0
GATE,4,train,353,239.0
GATE,4,train,354,173.0
GATE,4,train,355,500.0
GATE,4,train,356,165.0
GATE,4,train,357,48.0
GATE,4,train,358,94.0
GATE,4,train,359,306.0
GATE,4,train,360,141.0
GATE,4,train,361,273.0
GATE,4,train,362,75.0
GATE,4,train,363,271.0
GATE,4,train,364,83.0
GATE,4,train,365,81.0
GATE,4,train,366,186.0
GATE,4,train,367,239.0
GATE,4,train,368,54.0
GATE,4,train,369,304.0
GATE,4,train,370,198.0
GATE,4,train,371,92.0
GATE,4,train,372,128.0
GATE,4,train,373,163.0
GATE,4,train,374,126.0
GATE,4,train,375,127.0
GATE,4,train,376,138.0
GATE,4,train,377,217.0
GATE,4,train,378,163.0
GATE,4,train,379,79.0
GATE,4,train,380,132.0
GATE,4,train,381,136.0
GATE,4,train,382,169.0
GATE,4,train,383,103.0
GATE,4,train,384,170.0
GATE,4,train,385,86.0
GATE,4,train,386,141.0
GATE,4,train,387,69.0
GATE,4,train,388,95.0
GATE,4,train,389,140.0
GATE,4,train,390,128.0
GATE,4,train,391,243.0
GATE,4,train,392,263.0
GATE,4,train,393,157.0
GATE,4,train,394,127.0
GATE,4,train,395,82.0
GATE,4,train,396,248.0
GATE,4,train,397,81.0
GATE,4,train,398,195.0
GATE,4,train,399,69.0
GATE,4,train,400,125.0
GATE,4,train,401,116.0
GATE,4,train,402,500.0
GATE,4,train,403,232.0
GATE,4,train,404,204.0
GATE,4,train,405,146.0
GATE,4,train,406,318.0
GATE,4,train,407,266.0
GATE,4,train,408,193.0
GATE,4,train,409,137.0
GATE,4,train,410,250.0
GATE,4,train,411,173.0
GATE,4,train,412,197.0
GATE,4,train,413,158.0
GATE,4,train,414,114.0
GATE,4,train,415,205.0
GATE,4,train,416,210.0
GATE,4,train,417,110.0
GATE,4,train,418,128.0
GATE,4,train,419,226.0
GATE,4,train,420,158.0
GATE,4,train,421,123.0
GATE,4,train,422,198.0
GATE,4,train,423,207.0
GATE,4,train,424,152.0
GATE,4,train,425,168.0
GATE,4,train,426,264.0
GATE,4,train,427,166.0
GATE,4,train,428,152.0
GATE,4,train,429,120.0
GATE,4,train,430,113.0
GATE,4,train,431,142.0
GATE,4,train,432,129.0
GATE,4,train,433,165.0
GATE,4,train,434,128.0
GATE,4,train,435,127.0
GATE,4,train,436,192.0
GATE,4,train,437,151.0
GATE,4,train,438,123.0
GATE,4,train,439,100.0
GATE,4,train,440,226.0
GATE,4,train,441,162.0
GATE,4,train,442,132.0
GATE,4,train,443,143.0
GATE,4,train,444,122.0
GATE,4,train,445,122.0
GATE,4,train,446,168.0
GATE,4,train,447,201.0
GATE,4,train,448,151.0
GATE,4,train,449,150.0
GATE,4,train,450,154.0
GATE,4,train,451,57.0
GATE,4,train,452,134.0
GATE,4,train,453,129.0
GATE,4,train,454,144.0
GATE,4,train,455,132.0
GATE,4,train,456,163.0
GATE,4,train,457,136.0
GATE,4,train,458,195.0
GATE,4,train,459,159.0
GATE,4,train,460,190.0
GATE,4,train,461,207.0
GATE,4,train,462,139.0
GATE,4,train,463,58.0
GATE,4,train,464,137.0
GATE,4,train,465,145.0
GATE,4,train,466,123.0
GATE,4,train,467,124.0
GATE,4,train,468,134.0
GATE,4,train,469,113.0
GATE,4,train,470,173.0
GATE,4,train,471,121.0
GATE,4,train,472,121.0
GATE,4,train,473,187.0
GATE,4,train,474,48.0
GATE,4,train,475,150.0
GATE,4,train,476,149.0
GATE,4,train,477,153.0
GATE,4,train,478,130.0
GATE,4,train,479,117.0
GATE,4,train,480,117.0
GATE,4,train,481,126.0
GATE,4,train,482,164.0
GATE,4,train,483,151.0
GATE,4,train,484,211.0
GATE,4,train,485,170.0
GATE,4,train,486,164.0
GATE,4,train,487,172.0
GATE,4,train,488,190.0
GATE,4,train,489,127.0
GATE,4,train,490,277.0
GATE,4,train,491,221.0
GATE,4,train,492,169.0
GATE,4,train,493,190.0
GATE,4,train,494,149.0
GATE,4,train,495,100.0
GATE,4,train,496,154.0
GATE,4,train,497,116.0
GATE,4,train,498,113.0
GATE,4,train,499,181.0
GATE,4,train,500,126.0
GATE,5,train,1,18.0
GATE,5,train,2,24.0
GATE,5,train,3,29.0
GATE,5,train,4,40.0
GATE,5,train,5,16.0
GATE,5,train,6,20.0
GATE,5,train,7,12.0
GATE,5,train,8,14.0
GATE,5,train,9,15.0
GATE,5,train,10,24.0
GATE,5,train,11,14.0
GATE,5,train,12,21.0
GATE,5,train,13,13.0
GATE,5,train,14,18.0
GATE,5,train,15,8.0
GATE,5,train,16,12.0
GATE,5,train,17,12.0
GATE,5,train,18,15.0
GATE,5,train,19,14.0
GATE,5,train,20,11.0
GATE,5,train,21,19.0
GATE,5,train,22,13.0
GATE,5,train,23,13.0
GATE,5,train,24,10.0
GATE,5,train,25,10.0
GATE,5,train,26,12.0
GATE,5,train,27,9.0
GATE,5,train,28,15.0
GATE,5,train,29,9.0
GATE,5,train,30,11.0
GATE,5,train,31,15.0
GATE,5,train,32,9.0
GATE,5,train,33,14.0
GATE,5,train,34,9.0
GATE,5,train,35,10.0
GATE,5,train,36,9.0
GATE,5,train,37,11.0
GATE,5,train,38,12.0
GATE,5,train,39,35.0
GATE,5,train,40,13.0
GATE,5,train,41,11.0
GATE,5,train,42,14.0
GATE,5,train,43,11.0
GATE,5,train,44,18.0
GATE,5,train,45,10.0
GATE,5,train,46,10.0
GATE,5,train,47,10.0
GATE,5,train,48,16.0
GATE,5,train,49,13.0
GATE,5,train,50,10.0
GATE,5,train,51,13.0
GATE,5,train,52,10.0
GATE,5,train,53,11.0
GATE,5,train,54,10.0
GATE,5,train,55,8.0
GATE,5,train,56,11.0
GATE,5,train,57,10.0
GATE,5,train,58,11.0
GATE,5,train,59,11.0
GATE,5,train,60,15.0
GATE,5,train,61,11.0
GATE,5,train,62,9.0
GATE,5,train,63,16.0
GATE,5,train,64,12.0
GATE,5,train,65,9.0
GATE,5,train,66,10.0
GATE,5,train,67,9.0
GATE,5,train,68,10.0
GATE,5,train,69,10.0
GATE,5,train,70,12.0
GATE,5,train,71,10.0
GATE,5,train,72,12.0
GATE,5,train,73,10.0
GATE,5,train,74,15.0
GATE,5,train,75,9.0
GATE,5,train,76,10.0
GATE,5,train,77,10.0
GATE,5,train,78,10.0
GATE,5,train,79,10.0
GATE,5,train,80,10.0
GATE,5,train,81,10.0
GATE,5,train,82,9.0
GATE,5,train,83,10.0
GATE,5,train,84,10.0
GATE,5,train,85,9.0
GATE,5,train,86,10.0
GATE,5,train,87,9.0
GATE,5,train,88,9.0
GATE,5,train,89,10.0
GATE,5,train,90,10.0
GATE,5,train,91,9.0
GATE,5,train,92,12.0
GATE,5,train,93,8.0
GATE,5,train,94,13.0
GATE,5,train,95,9.0
GATE,5,train,96,12.0
GATE,5,train,97,11.0
GATE,5,train,98,9.0
GATE,5,train,99,9.0
GATE,5,train,100,11.0
GATE,5,train,101,8.0
GATE,5,train,102,11.0
GATE,5,train,103,9.0
GATE,5,train,104,10.0
GATE,5,train,105,11.0
GATE,5,train,106,11.0
GATE,5,train,107,10.0
GATE,5,train,108,14.0
GATE,5,train,109,12.0
GATE,5,train,110,11.0
GATE,5,train,111,11.0
GATE,5,train,112,13.0
GATE,5,train,113,9.0
GATE,5,train,114,13.0
GATE,5,train,115,11.0
GATE,5,train,116,14.0
GATE,5,train,117,10.0
GATE,5,train,118,10.0
GATE,5,train,119,13.0
GATE,5,train,120,10.0
GATE,5,train,121,15.0
GATE,5,train,122,10.0
GATE,5,train,123,16.0
GATE,5,train,124,15.0
GATE,5,train,125,10.0
GATE,5,train,126,11.0
GATE,5,train,127,12.0
GATE,5,train,128,12.0
GATE,5,train,129,10.0
GATE,5,train,130,12.0
GATE,5,train,131,10.0
GATE,5,train,132,12.0
GATE,5,train,133,13.0
GATE,5,train,134,10.0
GATE,5,train,135,14.0
GATE,5,train,136,9.0
GATE,5,train,137,13.0
GATE,5,train,138,11.0
GATE,5,train,139,10.0
GATE,5,train,140,15.0
GATE,5,train,141,14.0
GATE,5,train,142,14.0
GATE,5,train,143,20.0
GATE,5,train,144,11.0
GATE,5,train,145,13.0
GATE,5,train,146,13.0
GATE,5,train,147,9.0
GATE,5,train,148,11.0
GATE,5,train,149,15.0
GATE,5,train,150,12.0
GATE,5,train,151,17.0
GATE,5,train,152,12.0
GATE,5,train,153,13.0
GATE,5,train,154,17.0
GATE,5,train,155,10.0
GATE,5,train,156,10.0
GATE,5,train,157,10.0
GATE,5,train,158,14.0
GATE,5,train,159,11.0
GATE,5,train,160,15.0
GATE,5,train,161,14.0
GATE,5,train,162,16.0
GATE,5,train,163,10.0
GATE,5,train,164,9.0
GATE,5,train,165,10.0
GATE,5,train,166,9.0
GATE,5,train,167,9.0
GATE,5,train,168,14.0
GATE,5,train,169,8.0
GATE,5,train,170,11.0
GATE,5,train,171,9.0
GATE,5,train,172,18.0
GATE,5,train,173,10.0
GATE,5,train,174,9.0
GATE,5,train,175,9.0
GATE,5,train,176,9.0
GATE,5,train,177,10.0
GATE,5,train,178,9.0
GATE,5,train,179,18.0
GATE,5,train,180,14.0
GATE,5,train,181,8.0
GATE,5,train,182,26.0
GATE,5,train,183,9.0
GATE,5,train,184,9.0
GATE,5,train,185,38.0
GATE,5,train,186,42.0
GATE,5,train,187,13.0
GATE,5,train,188,9.0
GATE,5,train,189,10.0
GATE,5,train,190,9.0
GATE,5,train,191,9.0
GATE,5,train,192,9.0
GATE,5,train,193,12.0
GATE,5,train,194,11.0
GATE,5,train,195,12.0
GATE,5,train,196,9.0
GATE,5,train,197,12.0
GATE,5,train,198,11.0
GATE,5,train,199,9.0
GATE,5,train,200,10.0
GATE,5,train,201,8.0
GATE,5,train,202,13.0
GATE,5,train,203,10.0
GATE,5,train,204,9.0
GATE,5,train,205,11.0
GATE,5,train,206,10.0
GATE,5,train,207,13.0
GATE,5,train,208,11.0
GATE,5,train,209,13.0
GATE,5,train,210,8.0
GATE,5,train,211,10.0
GATE,5,train,212,9.0
GATE,5,train,213,10.0
GATE,5,train,214,8.0
GATE,5,train,215,10.0
GATE,5,train,216,8.0
GATE,5,train,217,9.0
GATE,5,train,218,11.0
GATE,5,train,219,9.0
GATE,5,train,220,9.0
GATE,5,train,221,8.0
GATE,5,train,222,12.0
GATE,5,train,223,12.0
GATE,5,train,224,14.0
GATE,5,train,225,9.0
GATE,5,train,226,10.0
GATE,5,train,227,14.0
GATE,5,train,228,13.0
GATE,5,train,229,11.0
GATE,5,train,230,12.0
GATE,5,train,231,13.0
GATE,5,train,232,10.0
GATE,5,train,233,25.0
GATE,5,train,234,22.0
GATE,5,train,235,17.0
GATE,5,train,236,50.0
GATE,5,train,237,33.0
GATE,5,train,238,9.0
GATE,5,train,239,11.0
GATE,5,train,240,17.0
GATE,5,train,241,9.0
GATE,5,train,242,10.0
GATE,5,train,243,38.0
GATE,5,train,244,18.0
GATE,5,train,245,28.0
GATE,5,train,246,32.0
GATE,5,train,247,28.0
GATE,5,train,248,14.0
GATE,5,train,249,16.0
GATE,5,train,250,23.0
GATE,5,train,251,60.0
GATE,5,train,252,15.0
GATE,5,train,253,15.0
GATE,5,train,254,18.0
GATE,5,train,255,57.0
GATE,5,train,256,21.0
GATE,5,train,257,44.0
GATE,5,train,258,32.0
GATE,5,train,259,17.0
GATE,5,train,260,28.0
GATE,5,train,261,26.0
GATE,5,train,262,26.0
GATE,5,train,263,25.0
GATE,5,train,264,52.0
GATE,5,train,265,18.0
GATE,5,train,266,25.0
GATE,5,train,267,27.0
GATE,5,train,268,24.0
GATE,5,train,269,27.0
GATE,5,train,270,25.0
GATE,5,train,271,114.0
GATE,5,train,272,38.0
GATE,5,train,273,70.0
GATE,5,train,274,29.0
GATE,5,train,275,31.0
GATE,5,train,276,30.0
GATE,5,train,277,60.0
GATE,5,train,278,105.0
GATE,5,train,279,28.0
GATE,5,train,280,26.0
GATE,5,train,281,25.0
GATE,5,train,282,95.0
GATE,5,train,283,108.0
GATE,5,train,284,123.0
GATE,5,train,285,145.0
GATE,5,train,286,114.0
GATE,5,train,287,31.0
GATE,5,train,288,27.0
GATE,5,train,289,53.0
GATE,5,train,290,55.0
GATE,5,train,291,146.0
GATE,5,train,292,42.0
GATE,5,train,293,52.0
GATE,5,train,294,93.0
GATE,5,train,295,54.0
GATE,5,train,296,55.0
GATE,5,train,297,25.0
GATE,5,train,298,35.0
GATE,5,train,299,158.0
GATE,5,train,300,87.0
GATE,5,train,301,98.0
GATE,5,train,302,45.0
GATE,5,train,303,39.0
GATE,5,train,304,45.0
GATE,5,train,305,38.0
GATE,5,train,306,38.0
GATE,5,train,307,89.0
GATE,5,train,308,74.0
GATE,5,train,309,35.0
GATE,5,train,310,96.0
GATE,5,train,311,29.0
GATE,5,train,312,78.0
GATE,5,train,313,30.0
GATE,5,train,314,95.0
GATE,5,train,315,61.0
GATE,5,train,316,23.0
GATE,5,train,317,81.0
GATE,5,train,318,55.0
GATE,5,train,319,38.0
GATE,5,train,320,95.0
GATE,5,train,321,54.0
GATE,5,train,322,43.0
GATE,5,train,323,36.0
GATE,5,train,324,54.0
GATE,5,train,325,25.0
GATE,5,train,326,38.0
GATE,5,train,327,55.0
GATE,5,train,328,32.0
GATE,5,train,329,71.0
GATE,5,train,330,99.0
GATE,5,train,331,49.0
GATE,5,train,332,62.0
GATE,5,train,333,42.0
GATE,5,train,334,54.0
GATE,5,train,335,25.0
GATE,5,train,336,88.0
GATE,5,train,337,103.0
GATE,5,train,338,37.0
GATE,5,train,339,48.0
GATE,5,train,340,48.0
GATE,5,train,341,83.0
GATE,5,train,342,82.0
GATE,5,train,343,32.0
GATE,5,train,344,62.0
GATE,5,train,345,92.0
GATE,5,train,346,115.0
GATE,5,train,347,57.0
GATE,5,train,348,195.0
GATE,5,train,349,85.0
GATE,5,train,350,43.0
GATE,5,train,351,61.0
GATE,5,train,352,110.0
GATE,5,train,353,78.0
GATE,5,train,354,176.0
GATE,5,train,355,31.0
GATE,5,train,356,81.0
GATE,5,train,357,56.0
GATE,5,train,358,51.0
GATE,5,train,359,166.0
GATE,5,train,360,48.0
GATE,5,train,361,153.0
GATE,5,train,362,58.0
GATE,5,train,363,45.0
GATE,5,train,364,55.0
GATE,5,train,365,38.0
GATE,5,train,366,26.0
GATE,5,train,367,133.0
GATE,5,train,368,134.0
GATE,5,train,369,50.0
GATE,5,train,370,34.0
GATE,5,train,371,138.0
GATE,5,train,372,104.0
GATE,5,train,373,75.0
GATE,5,train,374,50.0
GATE,5,train,375,90.0
GATE,5,train,376,115.0
GATE,5,train,377,23.0
GATE,5,train,378,105.0
GATE,5,train,379,136.0
GATE,5,train,380,129.0
GATE,5,train,381,45.0
GATE,5,train,382,160.0
GATE,5,train,383,110.0
GATE,5,train,384,105.0
GATE,5,train,385,102.0
GATE,5,train,386,190.0
GATE,5,train,387,31.0
GATE,5,train,388,91.0
GATE,5,train,389,41.0
GATE,5,train,390,120.0
GATE,5,train,391,52.0
GATE,5,train,392,97.0
GATE,5,train,393,104.0
GATE,5,train,394,62.0
GATE,5,train,395,138.0
GATE,5,train,396,57.0
GATE,5,train,397,86.0
GATE,5,train,398,116.0
GATE,5,train,399,150.0
GATE,5,train,400,190.0
GATE,5,train,401,119.0
GATE,5,train,402,40.0
GATE,5,train,403,155.0
GATE,5,train,404,125.0
GATE,5,train,405,62.0
GATE,5,train,406,154.0
GATE,5,train,407,135.0
GATE,5,train,408,164.0
GATE,5,train,409,43.0
GATE,5,train,410,154.0
GATE,5,train,411,93.0
GATE,5,train,412,60.0
GATE,5,train,413,135.0
GATE,5,train,414,174.0
GATE,5,train,415,129.0
GATE,5,train,416,145.0
GATE,5,train,417,190.0
GATE,5,train,418,117.0
GATE,5,train,419,166.0
GATE,5,train,420,149.0
GATE,5,train,421,124.0
GATE,5,train,422,67.0
GATE,5,train,423,166.0
GATE,5,train,424,153.0
GATE,5,train,425,155.0
GATE,5,train,426,119.0
GATE,5,train,427,195.0
GATE,5,train,428,158.0
GATE,5,train,429,500.0
GATE,5,train,430,190.0
GATE,5,train,431,383.0
GATE,5,train,432,340.0
GATE,5,train,433,143.0
GATE,5,train,434,138.0
GATE,5,train,435,153.0
GATE,5,train,436,208.0
GATE,5,train,437,176.0
GATE,5,train,438,316.0
GATE,5,train,439,315.0
GATE,5,train,440,139.0
GATE,5,train,441,208.0
GATE,5,train,442,288.0
GATE,5,train,443,302.0
GATE,5,train,444,312.0
GATE,5,train,445,174.0
GATE,5,train,446,500.0
GATE,5,train,447,293.0
GATE,5,train,448,168.0
GATE,5,train,449,208.0
GATE,5,train,450,161.0
GATE,5,train,451,348.0
GATE,5,train,452,228.0
GATE,5,train,453,151.0
GATE,5,train,454,424.0
GATE,5,train,455,326.0
GATE,5,train,456,233.0
GATE,5,train,457,308.0
GATE,5,train,458,235.0
GATE,5,train,459,203.0
GATE,5,train,460,370.0
GATE,5,train,461,132.0
GATE,5,train,462,201.0
GATE,5,train,463,324.0
GATE,5,train,464,160.0
GATE,5,train,465,193.0
GATE,5,train,466,133.0
GATE,5,train,467,500.0
GATE,5,train,468,391.0
GATE,5,train,469,248.0
GATE,5,train,470,190.0
GATE,5,train,471,241.0
GATE,5,train,472,314.0
GATE,5,train,473,245.0
GATE,5,train,474,312.0
GATE,5,train,475,245.0
GATE,5,train,476,417.0
GATE,5,train,477,500.0
GATE,5,train,478,329.0
GATE,5,train,479,500.0
GATE,5,train,480,385.0
GATE,5,train,481,500.0
GATE,5,train,482,425.0
GATE,5,train,483,500.0
GATE,5,train,484,500.0
GATE,5,train,485,403.0
GATE,5,train,486,500.0
GATE,5,train,487,500.0
GATE,5,train,488,500.0
GATE,5,train,489,426.0
GATE,5,train,490,417.0
GATE,5,train,491,353.0
GATE,5,train,492,500.0
GATE,5,train,493,271.0
GATE,5,train,494,350.0
GATE,5,train,495,500.0
GATE,5,train,496,500.0
GATE,5,train,497,278.0
GATE,5,train,498,378.0
GATE,5,train,499,288.0
GATE,5,train,500,248.0
GATE,6,train,1,44.0
GATE,6,train,2,14.0
GATE,6,train,3,53.0
GATE,6,train,4,12.0
GATE,6,train,5,25.0
GATE,6,train,6,40.0
GATE,6,train,7,14.0
GATE,6,train,8,13.0
GATE,6,train,9,48.0
GATE,6,train,10,67.0
GATE,6,train,11,67.0
GATE,6,train,12,49.0
GATE,6,train,13,31.0
GATE,6,train,14,58.0
GATE,6,train,15,39.0
GATE,6,train,16,24.0
GATE,6,train,17,19.0
GATE,6,train,18,12.0
GATE,6,train,19,101.0
GATE,6,train,20,13.0
GATE,6,train,21,13.0
GATE,6,train,22,11.0
GATE,6,train,23,13.0
GATE,6,train,24,10.0
GATE,6,train,25,12.0
GATE,6,train,26,12.0
GATE,6,train,27,13.0
GATE,6,train,28,16.0
GATE,6,train,29,11.0
GATE,6,train,30,16.0
GATE,6,train,31,9.0
GATE,6,train,32,10.0
GATE,6,train,33,11.0
GATE,6,train,34,10.0
GATE,6,train,35,12.0
GATE,6,train,36,8.0
GATE,6,train,37,13.0
GATE,6,train,38,9.0
GATE,6,train,39,9.0
GATE,6,train,40,11.0
GATE,6,train,41,11.0
GATE,6,train,42,11.0
GATE,6,train,43,11.0
GATE,6,train,44,9.0
GATE,6,train,45,13.0
GATE,6,train,46,10.0
GATE,6,train,47,11.0
GATE,6,train,48,12.0
GATE,6,train,49,13.0
GATE,6,train,50,9.0
GATE,6,train,51,11.0
GATE,6,train,52,10.0
GATE,6,train,53,12.0
GATE,6,train,54,10.0
GATE,6,train,55,9.0
GATE,6,train,56,9.0
GATE,6,train,57,10.0
GATE,6,train,58,46.0
GATE,6,train,59,10.0
GATE,6,train,60,13.0
GATE,6,train,61,9.0
GATE,6,train,62,9.0
GATE,6,train,63,42.0
GATE,6,train,64,13.0
GATE,6,train,65,11.0
GATE,6,train,66,11.0
GATE,6,train,67,12.0
GATE,6,train,68,14.0
GATE,6,train,69,13.0
GATE,6,train,70,16.0
GATE,6,train,71,14.0
GATE,6,train,72,15.0
GATE,6,train,73,10.0
GATE,6,train,74,16.0
GATE,6,train,75,38.0
GATE,6,train,76,13.0
GATE,6,train,77,11.0
GATE,6,train,78,10.0
GATE,6,train,79,12.0
GATE,6,train,80,12.0
GATE,6,train,81,12.0
GATE,6,train,82,11.0
GATE,6,train,83,10.0
GATE,6,train,84,12.0
GATE,6,train,85,18.0
GATE,6,train,86,20.0
GATE,6,train,87,12.0
GATE,6,train,88,11.0
GATE,6,train,89,23.0
GATE,6,train,90,20.0
GATE,6,train,91,22.0
GATE,6,train,92,9.0
GATE,6,train,93,12.0
GATE,6,train,94,9.0
GATE,6,train,95,12.0
GATE,6,train,96,25.0
GATE,6,train,97,25.0
GATE,6,train,98,36.0
GATE,6,train,99,12.0
GATE,6,train,100,11.0
GATE,6,train,101,12.0
GATE,6,train,102,8.0
GATE,6,train,103,11.0
GATE,6,train,104,11.0
GATE,6,train,105,10.0
GATE,6,train,106,18.0
GATE,6,train,107,20.0
GATE,6,train,108,10.0
GATE,6,train,109,10.0
GATE,6,train,110,11.0
GATE,6,train,111,10.0
GATE,6,train,112,9.0
GATE,6,train,113,12.0
GATE,6,train,114,10.0
GATE,6,train,115,10.0
GATE,6,train,116,9.0
GATE,6,train,117,9.0
GATE,6,train,118,11.0
GATE,6,train,119,9.0
GATE,6,train,120,11.0
GATE,6,train,121,20.0
GATE,6,train,122,12.0
GATE,6,train,123,10.0
GATE,6,train,124,16.0
GATE,6,train,125,13.0
GATE,6,train,126,14.0
GATE,6,train,127,11.0
GATE,6,train,128,10.0
GATE,6,train,129,18.0
GATE,6,train,130,17.0
GATE,6,train,131,18.0
GATE,6,train,132,24.0
GATE,6,train,133,10.0
GATE,6,train,134,37.0
GATE,6,train,135,10.0
GATE,6,train,136,25.0
GATE,6,train,137,9.0
GATE,6,train,138,15.0
GATE,6,train,139,16.0
GATE,6,train,140,20.0
GATE,6,train,141,16.0
GATE,6,train,142,14.0
GATE,6,train,143,18.0
GATE,6,train,144,24.0
GATE,6,train,145,16.0
GATE,6,train,146,12.0
GATE,6,train,147,11.0
GATE,6,train,148,18.0
GATE,6,train,149,24.0
GATE,6,train,150,25.0
GATE,6,train,151,18.0
GATE,6,train,152,23.0
GATE,6,train,153,18.0
GATE,6,train,154,18.0
GATE,6,train,155,15.0
GATE,6,train,156,19.0
GATE,6,train,157,20.0
GATE,6,train,158,15.0
GATE,6,train,159,30.0
GATE,6,train,160,29.0
GATE,6,train,161,35.0
GATE,6,train,162,28.0
GATE,6,train,163,30.0
GATE,6,train,164,64.0
GATE,6,train,165,40.0
GATE,6,train,166,20.0
GATE,6,train,167,34.0
GATE,6,train,168,52.0
GATE,6,train,169,14.0
GATE,6,train,170,21.0
GATE,6,train,171,22.0
GATE,6,train,172,25.0
GATE,6,train,173,72.0
GATE,6,train,174,33.0
GATE,6,train,175,35.0
GATE,6,train,176,60.0
GATE,6,train,177,19.0
GATE,6,train,178,30.0
GATE,6,train,179,66.0
GATE,6,train,180,31.0
GATE,6,train,181,55.0
GATE,6,train,182,59.0
GATE,6,train,183,59.0
GATE,6,train,184,56.0
GATE,6,train,185,31.0
GATE,6,train,186,67.0
GATE,6,train,187,55.0
GATE,6,train,188,42.0
GATE,6,train,189,50.0
GATE,6,train,190,120.0
GATE,6,train,191,26.0
GATE,6,train,192,34.0
GATE,6,train,193,80.0
GATE,6,train,194,87.0
GATE,6,train,195,35.0
GATE,6,train,196,46.0
GATE,6,train,197,62.0
GATE,6,train,198,34.0
GATE,6,train,199,36.0
GATE,6,train,200,51.0
GATE,6,train,201,53.0
GATE,6,train,202,97.0
GATE,6,train,203,52.0
GATE,6,train,204,70.0
GATE,6,train,205,33.0
GATE,6,train,206,55.0
GATE,6,train,207,73.0
GATE,6,train,208,69.0
GATE,6,train,209,28.0
GATE,6,train,210,50.0
GATE,6,train,211,88.0
GATE,6,train,212,68.0
GATE,6,train,213,80.0
GATE,6,train,214,101.0
GATE,6,train,215,80.0
GATE,6,train,216,31.0
GATE,6,train,217,61.0
GATE,6,train,218,46.0
GATE,6,train,219,84.0
GATE,6,train,220,58.0
GATE,6,train,221,90.0
GATE,6,train,222,85.0
GATE,6,train,223,26.0
GATE,6,train,224,112.0
GATE,6,train,225,88.0
GATE,6,train,226,133.0
GATE,6,train,227,82.0
GATE,6,train,228,77.0
GATE,6,train,229,74.0
GATE,6,train,230,37.0
GATE,6,train,231,79.0
GATE,6,train,232,49.0
GATE,6,train,233,63.0
GATE,6,train,234,41.0
GATE,6,train,235,76.0
GATE,6,train,236,84.0
GATE,6,train,237,78.0
GATE,6,train,238,74.0
GATE,6,train,239,82.0
GATE,6,train,240,58.0
GATE,6,train,241,122.0
GATE,6,train,242,141.0
GATE,6,train,243,63.0
GATE,6,train,244,89.0
GATE,6,train,245,48.0
GATE,6,train,246,149.0
GATE,6,train,247,84.0
GATE,6,train,248,51.0
GATE,6,train,249,133.0
GATE,6,train,250,62.0
GATE,6,train,251,202.0
GATE,6,train,252,141.0
GATE,6,train,253,62.0
GATE,6,train,254,78.0
GATE,6,train,255,84.0
GATE,6,train,256,86.0
GATE,6,train,257,73.0
GATE,6,train,258,125.0
GATE,6,train,259,148.0
GATE,6,train,260,136.0
GATE,6,train,261,108.0
GATE,6,train,262,126.0
GATE,6,train,263,78.0
GATE,6,train,264,55.0
GATE,6,train,265,125.0
GATE,6,train,266,27.0
GATE,6,train,267,209.0
GATE,6,train,268,180.0
GATE,6,train,269,168.0
GATE,6,train,270,198.0
GATE,6,train,271,102.0
GATE,6,train,272,95.0
GATE,6,train,273,183.0
GATE,6,train,274,183.0
GATE,6,train,275,195.0
GATE,6,train,276,165.0
GATE,6,train,277,171.0
GATE,6,train,278,418.0
GATE,6,train,279,150.0
GATE,6,train,280,203.0
GATE,6,train,281,102.0
GATE,6,train,282,146.0
GATE,6,train,283,195.0
GATE,6,train,284,184.0
GATE,6,train,285,116.0
GATE,6,train,286,209.0
GATE,6,train,287,152.0
GATE,6,train,288,116.0
GATE,6,train,289,173.0
GATE,6,train,290,187.0
GATE,6,train,291,431.0
GATE,6,train,292,385.0
GATE,6,train,293,316.0
GATE,6,train,294,211.0
GATE,6,train,295,320.0
GATE,6,train,296,289.0
GATE,6,train,297,151.0
GATE,6,train,298,225.0
GATE,6,train,299,437.0
GATE,6,train,300,335.0
GATE,6,train,301,268.0
GATE,6,train,302,304.0
GATE,6,train,303,344.0
GATE,6,train,304,299.0
GATE,6,train,305,238.0
GATE,6,train,306,236.0
GATE,6,train,307,250.0
GATE,6,train,308,500.0
GATE,6,train,309,197.0
GATE,6,train,310,203.0
GATE,6,train,311,321.0
GATE,6,train,312,193.0
GATE,6,train,313,342.0
GATE,6,train,314,316.0
GATE,6,train,315,362.0
GATE,6,train,316,276.0
GATE,6,train,317,446.0
GATE,6,train,318,281.0
GATE,6,train,319,346.0
GATE,6,train,320,467.0
GATE,6,train,321,464.0
GATE,6,train,322,500.0
GATE,6,train,323,351.0
GATE,6,train,324,262.0
GATE,6,train,325,500.0
GATE,6,train,326,500.0
GATE,6,train,327,392.0
GATE,6,train,328,266.0
GATE,6,train,329,324.0
GATE,6,train,330,326.0
GATE,6,train,331,309.0
GATE,6,train,332,500.0
GATE,6,train,333,452.0
GATE,6,train,334,500.0
GATE,6,train,335,495.0
GATE,6,train,336,279.0
GATE,6,train,337,396.0
GATE,6,train,338,252.0
GATE,6,train,339,500.0
GATE,6,train,340,219.0
GATE,6,train,341,500.0
GATE,6,train,342,324.0
GATE,6,train,343,500.0
GATE,6,train,344,500.0
GATE,6,train,345,500.0
GATE,6,train,346,415.0
GATE,6,train,347,500.0
GATE,6,train,348,284.0
GATE,6,train,349,500.0
GATE,6,train,350,423.0
GATE,6,train,351,253.0
GATE,6,train,352,500.0
GATE,6,train,353,500.0
GATE,6,train,354,229.0
GATE,6,train,355,408.0
GATE,6,train,356,244.0
GATE,6,train,357,330.0
GATE,6,train,358,244.0
GATE,6,train,359,500.0
GATE,6,train,360,429.0
GATE,6,train,361,414.0
GATE,6,train,362,428.0
GATE,6,train,363,500.0
GATE,6,train,364,357.0
GATE,6,train,365,387.0
GATE,6,train,366,413.0
GATE,6,train,367,266.0
GATE,6,train,368,500.0
GATE,6,train,369,395.0
GATE,6,train,370,365.0
GATE,6,train,371,500.0
GATE,6,train,372,383.0
GATE,6,train,373,386.0
GATE,6,train,374,500.0
GATE,6,train,375,500.0
GATE,6,train,376,277.0
GATE,6,train,377,433.0
GATE,6,train,378,403.0
GATE,6,train,379,500.0
GATE,6,train,380,412.0
GATE,6,train,381,500.0
GATE,6,train,382,375.0
GATE,6,train,383,500.0
GATE,6,train,384,425.0
GATE,6,train,385,463.0
GATE,6,train,386,407.0
GATE,6,train,387,410.0
GATE,6,train,388,329.0
GATE,6,train,389,392.0
GATE,6,train,390,280.0
GATE,6,train,391,375.0
GATE,6,train,392,302.0
GATE,6,train,393,326.0
GATE,6,train,394,258.0
GATE,6,train,395,430.0
GATE,6,train,396,500.0
GATE,6,train,397,500.0
GATE,6,train,398,500.0
GATE,6,train,399,277.0
GATE,6,train,400,329.0
GATE,6,train,401,274.0
GATE,6,train,402,500.0
GATE,6,train,403,418.0
GATE,6,train,404,266.0
GATE,6,train,405,355.0
GATE,6,train,406,315.0
GATE,6,train,407,500.0
GATE,6,train,408,381.0
GATE,6,train,409,347.0
GATE,6,train,410,500.0
GATE,6,train,411,283.0
GATE,6,train,412,445.0
GATE,6,train,413,500.0
GATE,6,train,414,256.0
GATE,6,train,415,500.0
GATE,6,train,416,500.0
GATE,6,train,417,324.0
GATE,6,train,418,365.0
GATE,6,train,419,500.0
GATE,6,train,420,500.0
GATE,6,train,421,284.0
GATE,6,train,422,375.0
GATE,6,train,423,423.0
GATE,6,train,424,257.0
GATE,6,train,425,500.0
GATE,6,train,426,500.0
GATE,6,train,427,500.0
GATE,6,train,428,348.0
GATE,6,train,429,500.0
GATE,6,train,430,500.0
GATE,6,train,431,469.0
GATE,6,train,432,500.0
GATE,6,train,433,278.0
GATE,6,train,434,473.0
GATE,6,train,435,500.0
GATE,6,train,436,500.0
GATE,6,train,437,500.0
GATE,6,train,438,500.0
GATE,6,train,439,500.0
GATE,6,train,440,500.0
GATE,6,train,441,500.0
GATE,6,train,442,500.0
GATE,6,train,443,500.0
GATE,6,train,444,500.0
GATE,6,train,445,500.0
GATE,6,train,446,500.0
GATE,6,train,447,500.0
GATE,6,train,448,500.0
GATE,6,train,449,500.0
GATE,6,train,450,140.0
GATE,6,train,451,47.0
GATE,6,train,452,500.0
GATE,6,train,453,500.0
GATE,6,train,454,500.0
GATE,6,train,455,500.0
GATE,6,train,456,500.0
GATE,6,train,457,500.0
GATE,6,train,458,500.0
GATE,6,train,459,500.0
GATE,6,train,460,500.0
GATE,6,train,461,9.0
GATE,6,train,462,500.0
GATE,6,train,463,500.0
GATE,6,train,464,500.0
GATE,6,train,465,500.0
GATE,6,train,466,500.0
GATE,6,train,467,500.0
GATE,6,train,468,500.0
GATE,6,train,469,500.0
GATE,6,train,470,500.0
GATE,6,train,471,500.0
GATE,6,train,472,500.0
GATE,6,train,473,10.0
GATE,6,train,474,500.0
GATE,6,train,475,500.0
GATE,6,train,476,500.0
GATE,6,train,477,9.0
GATE,6,train,478,500.0
GATE,6,train,479,500.0
GATE,6,train,480,500.0
GATE,6,train,481,500.0
GATE,6,train,482,500.0
GATE,6,train,483,500.0
GATE,6,train,484,500.0
GATE,6,train,485,500.0
GATE,6,train,486,500.0
GATE,6,train,487,500.0
GATE,6,train,488,267.0
GATE,6,train,489,500.0
GATE,6,train,490,500.0
GATE,6,train,491,500.0
GATE,6,train,492,500.0
GATE,6,train,493,442.0
GATE,6,train,494,500.0
GATE,6,train,495,500.0
GATE,6,train,496,500.0
GATE,6,train,497,500.0
GATE,6,train,498,500.0
GATE,6,train,499,500.0
GATE,6,train,500,500.0
GATE,7,train,1,15.0
GATE,7,train,2,16.0
GATE,7,train,3,17.0
GATE,7,train,4,95.0
GATE,7,train,5,29.0
GATE,7,train,6,19.0
GATE,7,train,7,16.0
GATE,7,train,8,30.0
GATE,7,train,9,30.0
GATE,7,train,10,21.0
GATE,7,train,11,10.0
GATE,7,train,12,19.0
GATE,7,train,13,30.0
GATE,7,train,14,34.0
GATE,7,train,15,9.0
GATE,7,train,16,16.0
GATE,7,train,17,46.0
GATE,7,train,18,21.0
GATE,7,train,19,9.0
GATE,7,train,20,8.0
GATE,7,train,21,17.0
GATE,7,train,22,11.0
GATE,7,train,23,12.0
GATE,7,train,24,14.0
GATE,7,train,25,10.0
GATE,7,train,26,13.0
GATE,7,train,27,11.0
GATE,7,train,28,147.0
GATE,7,train,29,10.0
GATE,7,train,30,8.0
GATE,7,train,31,14.0
GATE,7,train,32,14.0
GATE,7,train,33,14.0
GATE,7,train,34,9.0
GATE,7,train,35,11.0
GATE,7,train,36,8.0
GATE,7,train,37,9.0
GATE,7,train,38,12.0
GATE,7,train,39,10.0
GATE,7,train,40,9.0
GATE,7,train,41,14.0
GATE,7,train,42,9.0
GATE,7,train,43,10.0
GATE,7,train,44,9.0
GATE,7,train,45,13.0
GATE,7,train,46,10.0
GATE,7,train,47,10.0
GATE,7,train,48,11.0
GATE,7,train,49,11.0
GATE,7,train,50,26.0
GATE,7,train,51,9.0
GATE,7,train,52,10.0
GATE,7,train,53,10.0
GATE,7,train,54,13.0
GATE,7,train,55,11.0
GATE,7,train,56,9.0
GATE,7,train,57,8.0
GATE,7,train,58,9.0
GATE,7,train,59,10.0
GATE,7,train,60,11.0
GATE,7,train,61,10.0
GATE,7,train,62,11.0
GATE,7,train,63,9.0
GATE,7,train,64,10.0
GATE,7,train,65,10.0
GATE,7,train,66,11.0
GATE,7,train,67,10.0
GATE,7,train,68,13.0
GATE,7,train,69,11.0
GATE,7,train,70,9.0
GATE,7,train,71,10.0
GATE,7,train,72,14.0
GATE,7,train,73,8.0
GATE,7,train,74,10.0
GATE,7,train,75,9.0
GATE,7,train,76,10.0
GATE,7,train,77,12.0
GATE,7,train,78,9.0
GATE,7,train,79,11.0
GATE,7,train,80,10.0
GATE,7,train,81,10.0
GATE,7,train,82,10.0
GATE,7,train,83,9.0
GATE,7,train,84,10.0
GATE,7,train,85,9.0
GATE,7,train,86,9.0
GATE,7,train,87,10.0
GATE,7,train,88,12.0
GATE,7,train,89,12.0
GATE,7,train,90,11.0
GATE,7,train,91,8.0
GATE,7,train,92,12.0
GATE,7,train,93,9.0
GATE,7,train,94,11.0
GATE,7,train,95,10.0
GATE,7,train,96,13.0
GATE,7,train,97,9.0
GATE,7,train,98,11.0
GATE,7,train,99,12.0
GATE,7,train,100,13.0
GATE,7,train,101,12.0
GATE,7,train,102,9.0
GATE,7,train,103,10.0
GATE,7,train,104,13.0
GATE,7,train,105,9.0
GATE,7,train,106,14.0
GATE,7,train,107,31.0
GATE,7,train,108,11.0
GATE,7,train,109,10.0
GATE,7,train,110,11.0
GATE,7,train,111,16.0
GATE,7,train,112,10.0
GATE,7,train,113,12.0
GATE,7,train,114,9.0
GATE,7,train,115,11.0
GATE,7,train,116,12.0
GATE,7,train,117,8.0
GATE,7,train,118,10.0
GATE,7,train,119,12.0
GATE,7,train,120,10.0
GATE,7,train,121,12.0
GATE,7,train,122,12.0
GATE,7,train,123,13.0
GATE,7,train,124,14.0
GATE,7,train,125,19.0
GATE,7,train,126,11.0
GATE,7,train,127,9.0
GATE,7,train,128,10.0
GATE,7,train,129,11.0
GATE,7,train,130,11.0
GATE,7,train,131,9.0
GATE,7,train,132,10.0
GATE,7,train,133,9.0
GATE,7,train,134,13.0
GATE,7,train,135,9.0
GATE,7,train,136,11.0
GATE,7,train,137,13.0
GATE,7,train,138,10.0
GATE,7,train,139,13.0
GATE,7,train,140,9.0
GATE,7,train,141,10.0
GATE,7,train,142,18.0
GATE,7,train,143,11.0
GATE,7,train,144,10.0
GATE,7,train,145,10.0
GATE,7,train,146,18.0
GATE,7,train,147,12.0
GATE,7,train,148,28.0
GATE,7,train,149,10.0
GATE,7,train,150,11.0
GATE,7,train,151,9.0
GATE,7,train,152,12.0
GATE,7,train,153,13.0
GATE,7,train,154,14.0
GATE,7,train,155,11.0
GATE,7,train,156,9.0
GATE,7,train,157,11.0
GATE,7,train,158,10.0
GATE,7,train,159,9.0
GATE,7,train,160,9.0
GATE,7,train,161,9.0
GATE,7,train,162,9.0
GATE,7,train,163,12.0
GATE,7,train,164,9.0
GATE,7,train,165,12.0
GATE,7,train,166,11.0
GATE,7,train,167,12.0
GATE,7,train,168,12.0
GATE,7,train,169,8.0
GATE,7,train,170,10.0
GATE,7,train,171,10.0
GATE,7,train,172,8.0
GATE,7,train,173,10.0
GATE,7,train,174,11.0
GATE,7,train,175,15.0
GATE,7,train,176,11.0
GATE,7,train,177,9.0
GATE,7,train,178,10.0
GATE,7,train,179,19.0
GATE,7,train,180,11.0
GATE,7,train,181,9.0
GATE,7,train,182,9.0
GATE,7,train,183,10.0
GATE,7,train,184,13.0
GATE,7,train,185,13.0
GATE,7,train,186,20.0
GATE,7,train,187,10.0
GATE,7,train,188,24.0
GATE,7,train,189,9.0
GATE,7,train,190,9.0
GATE,7,train,191,11.0
GATE,7,train,192,13.0
GATE,7,train,193,12.0
GATE,7,train,194,11.0
GATE,7,train,195,14.0
GATE,7,train,196,10.0
GATE,7,train,197,15.0
GATE,7,train,198,10.0
GATE,7,train,199,10.0
GATE,7,train,200,10.0
GATE,7,train,201,18.0
GATE,7,train,202,18.0
GATE,7,train,203,12.0
GATE,7,train,204,53.0
GATE,7,train,205,15.0
GATE,7,train,206,12.0
GATE,7,train,207,10.0
GATE,7,train,208,8.0
GATE,7,train,209,13.0
GATE,7,train,210,38.0
GATE,7,train,211,18.0
GATE,7,train,212,22.0
GATE,7,train,213,21.0
GATE,7,train,214,22.0
GATE,7,train,215,17.0
GATE,7,train,216,18.0
GATE,7,train,217,19.0
GATE,7,train,218,21.0
GATE,7,train,219,19.0
GATE,7,train,220,16.0
GATE,7,train,221,16.0
GATE,7,train,222,14.0
GATE,7,train,223,26.0
GATE,7,train,224,21.0
GATE,7,train,225,26.0
GATE,7,train,226,13.0
GATE,7,train,227,90.0
GATE,7,train,228,17.0
GATE,7,train,229,32.0
GATE,7,train,230,18.0
GATE,7,train,231,28.0
GATE,7,train,232,18.0
GATE,7,train,233,42.0
GATE,7,train,234,58.0
GATE,7,train,235,33.0
GATE,7,train,236,23.0
GATE,7,train,237,20.0
GATE,7,train,238,17.0
GATE,7,train,239,20.0
GATE,7,train,240,44.0
GATE,7,train,241,23.0
GATE,7,train,242,22.0
GATE,7,train,243,17.0
GATE,7,train,244,19.0
GATE,7,train,245,22.0
GATE,7,train,246,22.0
GATE,7,train,247,17.0
GATE,7,train,248,31.0
GATE,7,train,249,32.0
GATE,7,train,250,27.0
GATE,7,train,251,17.0
GATE,7,train,252,15.0
GATE,7,train,253,31.0
GATE,7,train,254,25.0
GATE,7,train,255,30.0
GATE,7,train,256,26.0
GATE,7,train,257,33.0
GATE,7,train,258,23.0
GATE,7,train,259,25.0
GATE,7,train,260,60.0
GATE,7,train,261,45.0
GATE,7,train,262,52.0
GATE,7,train,263,24.0
GATE,7,train,264,38.0
GATE,7,train,265,127.0
GATE,7,train,266,38.0
GATE,7,train,267,53.0
GATE,7,train,268,22.0
GATE,7,train,269,22.0
GATE,7,train,270,25.0
GATE,7,train,271,23.0
GATE,7,train,272,28.0
GATE,7,train,273,58.0
GATE,7,train,274,85.0
GATE,7,train,275,212.0
GATE,7,train,276,48.0
GATE,7,train,277,26.0
GATE,7,train,278,100.0
GATE,7,train,279,53.0
GATE,7,train,280,38.0
GATE,7,train,281,65.0
GATE,7,train,282,141.0
GATE,7,train,283,55.0
GATE,7,train,284,46.0
GATE,7,train,285,56.0
GATE,7,train,286,36.0
GATE,7,train,287,28.0
GATE,7,train,288,59.0
GATE,7,train,289,28.0
GATE,7,train,290,53.0
GATE,7,train,291,47.0
GATE,7,train,292,125.0
GATE,7,train,293,47.0
GATE,7,train,294,66.0
GATE,7,train,295,36.0
GATE,7,train,296,41.0
GATE,7,train,297,59.0
GATE,7,train,298,56.0
GATE,7,train,299,32.0
GATE,7,train,300,139.0
GATE,7,train,301,48.0
GATE,7,train,302,114.0
GATE,7,train,303,34.0
GATE,7,train,304,112.0
GATE,7,train,305,49.0
GATE,7,train,306,74.0
GATE,7,train,307,171.0
GATE,7,train,308,46.0
GATE,7,train,309,22.0
GATE,7,train,310,32.0
GATE,7,train,311,60.0
GATE,7,train,312,49.0
GATE,7,train,313,164.0
GATE,7,train,314,56.0
GATE,7,train,315,66.0
GATE,7,train,316,32.0
GATE,7,train,317,51.0
GATE,7,train,318,41.0
GATE,7,train,319,33.0
GATE,7,train,320,43.0
GATE,7,train,321,32.0
GATE,7,train,322,54.0
GATE,7,train,323,28.0
GATE,7,train,324,65.0
GATE,7,train,325,49.0
GATE,7,train,326,68.0
GATE,7,train,327,96.0
GATE,7,train,328,57.0
GATE,7,train,329,33.0
GATE,7,train,330,39.0
GATE,7,train,331,132.0
GATE,7,train,332,31.0
GATE,7,train,333,33.0
GATE,7,train,334,35.0
GATE,7,train,335,34.0
GATE,7,train,336,41.0
GATE,7,train,337,18.0
GATE,7,train,338,28.0
GATE,7,train,339,53.0
GATE,7,train,340,41.0
GATE,7,train,341,42.0
GATE,7,train,342,42.0
GATE,7,train,343,99.0
GATE,7,train,344,79.0
GATE,7,train,345,21.0
GATE,7,train,346,35.0
GATE,7,train,347,77.0
GATE,7,train,348,43.0
GATE,7,train,349,87.0
GATE,7,train,350,63.0
GATE,7,train,351,51.0
GATE,7,train,352,59.0
GATE,7,train,353,29.0
GATE,7,train,354,222.0
GATE,7,train,355,61.0
GATE,7,train,356,67.0
GATE,7,train,357,109.0
GATE,7,train,358,43.0
GATE,7,train,359,77.0
GATE,7,train,360,58.0
GATE,7,train,361,39.0
GATE,7,train,362,59.0
GATE,7,train,363,101.0
GATE,7,train,364,75.0
GATE,7,train,365,89.0
GATE,7,train,366,33.0
GATE,7,train,367,46.0
GATE,7,train,368,43.0
GATE,7,train,369,167.0
GATE,7,train,370,135.0
GATE,7,train,371,62.0
GATE,7,train,372,135.0
GATE,7,train,373,80.0
GATE,7,train,374,121.0
GATE,7,train,375,53.0
GATE,7,train,376,110.0
GATE,7,train,377,114.0
GATE,7,train,378,76.0
GATE,7,train,379,114.0
GATE,7,train,380,62.0
GATE,7,train,381,106.0
GATE,7,train,382,76.0
GATE,7,train,383,84.0
GATE,7,train,384,107.0
GATE,7,train,385,38.0
GATE,7,train,386,54.0
GATE,7,train,387,132.0
GATE,7,train,388,93.0
GATE,7,train,389,46.0
GATE,7,train,390,109.0
GATE,7,train,391,148.0
GATE,7,train,392,63.0
GATE,7,train,393,58.0
GATE,7,train,394,104.0
GATE,7,train,395,132.0
GATE,7,train,396,99.0
GATE,7,train,397,48.0
GATE,7,train,398,58.0
GATE,7,train,399,157.0
GATE,7,train,400,130.0
GATE,7,train,401,46.0
GATE,7,train,402,78.0
GATE,7,train,403,50.0
GATE,7,train,404,115.0
GATE,7,train,405,107.0
GATE,7,train,406,119.0
GATE,7,train,407,100.0
GATE,7,train,408,105.0
GATE,7,train,409,193.0
GATE,7,train,410,166.0
GATE,7,train,411,150.0
GATE,7,train,412,119.0
GATE,7,train,413,82.0
GATE,7,train,414,125.0
GATE,7,train,415,167.0
GATE,7,train,416,126.0
GATE,7,train,417,129.0
GATE,7,train,418,247.0
GATE,7,train,419,211.0
GATE,7,train,420,144.0
GATE,7,train,421,145.0
GATE,7,train,422,154.0
GATE,7,train,423,157.0
GATE,7,train,424,170.0
GATE,7,train,425,403.0
GATE,7,train,426,205.0
GATE,7,train,427,190.0
GATE,7,train,428,246.0
GATE,7,train,429,226.0
GATE,7,train,430,363.0
GATE,7,train,431,249.0
GATE,7,train,432,143.0
GATE,7,train,433,222.0
GATE,7,train,434,178.0
GATE,7,train,435,407.0
GATE,7,train,436,411.0
GATE,7,train,437,199.0
GATE,7,train,438,253.0
GATE,7,train,439,285.0
GATE,7,train,440,271.0
GATE,7,train,441,222.0
GATE,7,train,442,500.0
GATE,7,train,443,226.0
GATE,7,train,444,318.0
GATE,7,train,445,437.0
GATE,7,train,446,241.0
GATE,7,train,447,246.0
GATE,7,train,448,197.0
GATE,7,train,449,220.0
GATE,7,train,450,159.0
GATE,7,train,451,192.0
GATE,7,train,452,164.0
GATE,7,train,453,176.0
GATE,7,train,454,214.0
GATE,7,train,455,238.0
GATE,7,train,456,250.0
GATE,7,train,457,220.0
GATE,7,train,458,209.0
GATE,7,train,459,237.0
GATE,7,train,460,200.0
GATE,7,train,461,242.0
GATE,7,train,462,156.0
GATE,7,train,463,151.0
GATE,7,train,464,192.0
GATE,7,train,465,283.0
GATE,7,train,466,398.0
GATE,7,train,467,233.0
GATE,7,train,468,210.0
GATE,7,train,469,230.0
GATE,7,train,470,195.0
GATE,7,train,471,211.0
GATE,7,train,472,379.0
GATE,7,train,473,224.0
GATE,7,train,474,433.0
GATE,7,train,475,191.0
GATE,7,train,476,350.0
GATE,7,train,477,277.0
GATE,7,train,478,350.0
GATE,7,train,479,305.0
GATE,7,train,480,500.0
GATE,7,train,481,340.0
GATE,7,train,482,334.0
GATE,7,train,483,381.0
GATE,7,train,484,360.0
GATE,7,train,485,432.0
GATE,7,train,486,345.0
GATE,7,train,487,333.0
GATE,7,train,488,379.0
GATE,7,train,489,488.0
GATE,7,train,490,346.0
GATE,7,train,491,288.0
GATE,7,train,492,266.0
GATE,7,train,493,232.0
GATE,7,train,494,242.0
GATE,7,train,495,416.0
GATE,7,train,496,234.0
GATE,7,train,497,221.0
GATE,7,train,498,231.0
GATE,7,train,499,311.0
GATE,7,train,500,312.0
GATE,8,train,1,20.0
GATE,8,train,2,20.0
GATE,8,train,3,44.0
GATE,8,train,4,17.0
GATE,8,train,5,62.0
GATE,8,train,6,31.0
GATE,8,train,7,20.0
GATE,8,train,8,17.0
GATE,8,train,9,14.0
GATE,8,train,10,22.0
GATE,8,train,11,11.0
GATE,8,train,12,53.0
GATE,8,train,13,39.0
GATE,8,train,14,22.0
GATE,8,train,15,14.0
GATE,8,train,16,26.0
GATE,8,train,17,13.0
GATE,8,train,18,20.0
GATE,8,train,19,43.0
GATE,8,train,20,9.0
GATE,8,train,21,16.0
GATE,8,train,22,14.0
GATE,8,train,23,11.0
GATE,8,train,24,40.0
GATE,8,train,25,11.0
GATE,8,train,26,11.0
GATE,8,train,27,9.0
GATE,8,train,28,10.0
GATE,8,train,29,14.0
GATE,8,train,30,9.0
GATE,8,train,31,13.0
GATE,8,train,32,13.0
GATE,8,train,33,10.0
GATE,8,train,34,12.0
GATE,8,train,35,13.0
GATE,8,train,36,13.0
GATE,8,train,37,10.0
GATE,8,train,38,10.0
GATE,8,train,39,12.0
GATE,8,train,40,10.0
GATE,8,train,41,10.0
GATE,8,train,42,13.0
GATE,8,train,43,10.0
GATE,8,train,44,14.0
GATE,8,train,45,10.0
GATE,8,train,46,14.0
GATE,8,train,47,10.0
GATE,8,train,48,10.0
GATE,8,train,49,9.0
GATE,8,train,50,10.0
GATE,8,train,51,14.0
GATE,8,train,52,14.0
GATE,8,train,53,12.0
GATE,8,train,54,9.0
GATE,8,train,55,14.0
GATE,8,train,56,10.0
GATE,8,train,57,10.0
GATE,8,train,58,12.0
GATE,8,train,59,11.0
GATE,8,train,60,15.0
GATE,8,train,61,12.0
GATE,8,train,62,14.0
GATE,8,train,63,13.0
GATE,8,train,64,17.0
GATE,8,train,65,14.0
GATE,8,train,66,9.0
GATE,8,train,67,9.0
GATE,8,train,68,9.0
GATE,8,train,69,10.0
GATE,8,train,70,11.0
GATE,8,train,71,9.0
GATE,8,train,72,10.0
GATE,8,train,73,10.0
GATE,8,train,74,14.0
GATE,8,train,75,15.0
GATE,8,train,76,9.0
GATE,8,train,77,14.0
GATE,8,train,78,10.0
GATE,8,train,79,11.0
GATE,8,train,80,9.0
GATE,8,train,81,10.0
GATE,8,train,82,10.0
GATE,8,train,83,13.0
GATE,8,train,84,10.0
GATE,8,train,85,12.0
GATE,8,train,86,11.0
GATE,8,train,87,10.0
GATE,8,train,88,13.0
GATE,8,train,89,11.0
GATE,8,train,90,13.0
GATE,8,train,91,9.0
GATE,8,train,92,11.0
GATE,8,train,93,11.0
GATE,8,train,94,9.0
GATE,8,train,95,15.0
GATE,8,train,96,10.0
GATE,8,train,97,12.0
GATE,8,train,98,11.0
GATE,8,train,99,10.0
GATE,8,train,100,11.0
GATE,8,train,101,10.0
GATE,8,train,102,10.0
GATE,8,train,103,10.0
GATE,8,train,104,11.0
GATE,8,train,105,14.0
GATE,8,train,106,10.0
GATE,8,train,107,11.0
GATE,8,train,108,9.0
GATE,8,train,109,10.0
GATE,8,train,110,11.0
GATE,8,train,111,9.0
GATE,8,train,112,11.0
GATE,8,train,113,10.0
GATE,8,train,114,11.0
GATE,8,train,115,10.0
GATE,8,train,116,8.0
GATE,8,train,117,12.0
GATE,8,train,118,13.0
GATE,8,train,119,10.0
GATE,8,train,120,10.0
GATE,8,train,121,8.0
GATE,8,train,122,14.0
GATE,8,train,123,11.0
GATE,8,train,124,13.0
GATE,8,train,125,13.0
GATE,8,train,126,14.0
GATE,8,train,127,14.0
GATE,8,train,128,35.0
GATE,8,train,129,9.0
GATE,8,train,130,12.0
GATE,8,train,131,8.0
GATE,8,train,132,11.0
GATE,8,train,133,11.0
GATE,8,train,134,10.0
GATE,8,train,135,10.0
GATE,8,train,136,9.0
GATE,8,train,137,10.0
GATE,8,train,138,10.0
GATE,8,train,139,10.0
GATE,8,train,140,10.0
GATE,8,train,141,9.0
GATE,8,train,142,10.0
GATE,8,train,143,10.0
GATE,8,train,144,10.0
GATE,8,train,145,9.0
GATE,8,train,146,11.0
GATE,8,train,147,9.0
GATE,8,train,148,8.0
GATE,8,train,149,14.0
GATE,8,train,150,10.0
GATE,8,train,151,9.0
GATE,8,train,152,9.0
GATE,8,train,153,10.0
GATE,8,train,154,10.0
GATE,8,train,155,10.0
GATE,8,train,156,9.0
GATE,8,train,157,10.0
GATE,8,train,158,11.0
GATE,8,train,159,15.0
GATE,8,train,160,13.0
GATE,8,train,161,11.0
GATE,8,train,162,13.0
GATE,8,train,163,15.0
GATE,8,train,164,10.0
GATE,8,train,165,9.0
GATE,8,train,166,12.0
GATE,8,train,167,10.0
GATE,8,train,168,12.0
GATE,8,train,169,10.0
GATE,8,train,170,8.0
GATE,8,train,171,13.0
GATE,8,train,172,9.0
GATE,8,train,173,10.0
GATE,8,train,174,9.0
GATE,8,train,175,11.0
GATE,8,train,176,11.0
GATE,8,train,177,9.0
GATE,8,train,178,12.0
GATE,8,train,179,9.0
GATE,8,train,180,11.0
GATE,8,train,181,11.0
GATE,8,train,182,16.0
GATE,8,train,183,8.0
GATE,8,train,184,9.0
GATE,8,train,185,13.0
GATE,8,train,186,9.0
GATE,8,train,187,10.0
GATE,8,train,188,10.0
GATE,8,train,189,10.0
GATE,8,train,190,8.0
GATE,8,train,191,10.0
GATE,8,train,192,8.0
GATE,8,train,193,11.0
GATE,8,train,194,13.0
GATE,8,train,195,8.0
GATE,8,train,196,15.0
GATE,8,train,197,12.0
GATE,8,train,198,11.0
GATE,8,train,199,10.0
GATE,8,train,200,11.0
GATE,8,train,201,15.0
GATE,8,train,202,44.0
GATE,8,train,203,9.0
GATE,8,train,204,23.0
GATE,8,train,205,9.0
GATE,8,train,206,27.0
GATE,8,train,207,11.0
GATE,8,train,208,24.0
GATE,8,train,209,17.0
GATE,8,train,210,12.0
GATE,8,train,211,17.0
GATE,8,train,212,17.0
GATE,8,train,213,12.0
GATE,8,train,214,10.0
GATE,8,train,215,15.0
GATE,8,train,216,17.0
GATE,8,train,217,11.0
GATE,8,train,218,11.0
GATE,8,train,219,9.0
GATE,8,train,220,23.0
GATE,8,train,221,20.0
GATE,8,train,222,18.0
GATE,8,train,223,23.0
GATE,8,train,224,20.0
GATE,8,train,225,23.0
GATE,8,train,226,38.0
GATE,8,train,227,8.0
GATE,8,train,228,10.0
GATE,8,train,229,11.0
GATE,8,train,230,107.0
GATE,8,train,231,39.0
GATE,8,train,232,11.0
GATE,8,train,233,10.0
GATE,8,train,234,9.0
GATE,8,train,235,11.0
GATE,8,train,236,52.0
GATE,8,train,237,34.0
GATE,8,train,238,44.0
GATE,8,train,239,30.0
GATE,8,train,240,43.0
GATE,8,train,241,81.0
GATE,8,train,242,25.0
GATE,8,train,243,55.0
GATE,8,train,244,28.0
GATE,8,train,245,28.0
GATE,8,train,246,37.0
GATE,8,train,247,56.0
GATE,8,train,248,19.0
GATE,8,train,249,20.0
GATE,8,train,250,37.0
GATE,8,train,251,50.0
GATE,8,train,252,26.0
GATE,8,train,253,36.0
GATE,8,train,254,59.0
GATE,8,train,255,139.0
GATE,8,train,256,46.0
GATE,8,train,257,29.0
GATE,8,train,258,110.0
GATE,8,train,259,47.0
GATE,8,train,260,25.0
GATE,8,train,261,133.0
GATE,8,train,262,48.0
GATE,8,train,263,49.0
GATE,8,train,264,23.0
GATE,8,train,265,25.0
GATE,8,train,266,51.0
GATE,8,train,267,18.0
GATE,8,train,268,20.0
GATE,8,train,269,46.0
GATE,8,train,270,34.0
GATE,8,train,271,61.0
GATE,8,train,272,29.0
GATE,8,train,273,84.0
GATE,8,train,274,81.0
GATE,8,train,275,27.0
GATE,8,train,276,97.0
GATE,8,train,277,112.0
GATE,8,train,278,59.0
GATE,8,train,279,107.0
GATE,8,train,280,76.0
GATE,8,train,281,53.0
GATE,8,train,282,53.0
GATE,8,train,283,85.0
GATE,8,train,284,101.0
GATE,8,train,285,43.0
GATE,8,train,286,58.0
GATE,8,train,287,49.0
GATE,8,train,288,29.0
GATE,8,train,289,34.0
GATE,8,train,290,141.0
GATE,8,train,291,38.0
GATE,8,train,292,36.0
GATE,8,train,293,39.0
GATE,8,train,294,35.0
GATE,8,train,295,97.0
GATE,8,train,296,41.0
GATE,8,train,297,70.0
GATE,8,train,298,48.0
GATE,8,train,299,48.0
GATE,8,train,300,32.0
GATE,8,train,301,81.0
GATE,8,train,302,73.0
GATE,8,train,303,67.0
GATE,8,train,304,61.0
GATE,8,train,305,47.0
GATE,8,train,306,176.0
GATE,8,train,307,28.0
GATE,8,train,308,80.0
GATE,8,train,309,33.0
GATE,8,train,310,52.0
GATE,8,train,311,39.0
GATE,8,train,312,35.0
GATE,8,train,313,29.0
GATE,8,train,314,31.0
GATE,8,train,315,47.0
GATE,8,train,316,40.0
GATE,8,train,317,42.0
GATE,8,train,318,74.0
GATE,8,train,319,23.0
GATE,8,train,320,33.0
GATE,8,train,321,59.0
GATE,8,train,322,47.0
GATE,8,train,323,113.0
GATE,8,train,324,78.0
GATE,8,train,325,82.0
GATE,8,train,326,24.0
GATE,8,train,327,26.0
GATE,8,train,328,115.0
GATE,8,train,329,89.0
GATE,8,train,330,72.0
GATE,8,train,331,37.0
GATE,8,train,332,62.0
GATE,8,train,333,98.0
GATE,8,train,334,27.0
GATE,8,train,335,33.0
GATE,8,train,336,119.0
GATE,8,train,337,49.0
GATE,8,train,338,76.0
GATE,8,train,339,37.0
GATE,8,train,340,140.0
GATE,8,train,341,39.0
GATE,8,train,342,63.0
GATE,8,train,343,39.0
GATE,8,train,344,122.0
GATE,8,train,345,74.0
GATE,8,train,346,113.0
GATE,8,train,347,69.0
GATE,8,train,348,53.0
GATE,8,train,349,101.0
GATE,8,train,350,59.0
GATE,8,train,351,58.0
GATE,8,train,352,111.0
GATE,8,train,353,89.0
GATE,8,train,354,70.0
GATE,8,train,355,39.0
GATE,8,train,356,69.0
GATE,8,train,357,36.0
GATE,8,train,358,29.0
GATE,8,train,359,159.0
GATE,8,train,360,50.0
GATE,8,train,361,36.0
GATE,8,train,362,118.0
GATE,8,train,363,136.0
GATE,8,train,364,95.0
GATE,8,train,365,60.0
GATE,8,train,366,71.0
GATE,8,train,367,45.0
GATE,8,train,368,33.0
GATE,8,train,369,134.0
GATE,8,train,370,133.0
GATE,8,train,371,78.0
GATE,8,train,372,60.0
GATE,8,train,373,131.0
GATE,8,train,374,141.0
GATE,8,train,375,71.0
GATE,8,train,376,86.0
GATE,8,train,377,39.0
GATE,8,train,378,104.0
GATE,8,train,379,145.0
GATE,8,train,380,249.0
GATE,8,train,381,47.0
GATE,8,train,382,86.0
GATE,8,train,383,56.0
GATE,8,train,384,100.0
GATE,8,train,385,81.0
GATE,8,train,386,40.0
GATE,8,train,387,90.0
GATE,8,train,388,79.0
GATE,8,train,389,61.0
GATE,8,train,390,158.0
GATE,8,train,391,56.0
GATE,8,train,392,94.0
GATE,8,train,393,69.0
GATE,8,train,394,45.0
GATE,8,train,395,95.0
GATE,8,train,396,79.0
GATE,8,train,397,75.0
GATE,8,train,398,92.0
GATE,8,train,399,79.0
GATE,8,train,400,53.0
GATE,8,train,401,93.0
GATE,8,train,402,154.0
GATE,8,train,403,123.0
GATE,8,train,404,41.0
GATE,8,train,405,112.0
GATE,8,train,406,246.0
GATE,8,train,407,144.0
GATE,8,train,408,179.0
GATE,8,train,409,68.0
GATE,8,train,410,229.0
GATE,8,train,411,97.0
GATE,8,train,412,93.0
GATE,8,train,413,354.0
GATE,8,train,414,236.0
GATE,8,train,415,162.0
GATE,8,train,416,221.0
GATE,8,train,417,110.0
GATE,8,train,418,142.0
GATE,8,train,419,338.0
GATE,8,train,420,175.0
GATE,8,train,421,397.0
GATE,8,train,422,458.0
GATE,8,train,423,222.0
GATE,8,train,424,231.0
GATE,8,train,425,289.0
GATE,8,train,426,187.0
GATE,8,train,427,437.0
GATE,8,train,428,188.0
GATE,8,train,429,396.0
GATE,8,train,430,267.0
GATE,8,train,431,247.0
GATE,8,train,432,500.0
GATE,8,train,433,500.0
GATE,8,train,434,500.0
GATE,8,train,435,461.0
GATE,8,train,436,163.0
GATE,8,train,437,344.0
GATE,8,train,438,307.0
GATE,8,train,439,361.0
GATE,8,train,440,397.0
GATE,8,train,441,201.0
GATE,8,train,442,233.0
GATE,8,train,443,321.0
GATE,8,train,444,145.0
GATE,8,train,445,196.0
GATE,8,train,446,500.0
GATE,8,train,447,236.0
GATE,8,train,448,331.0
GATE,8,train,449,188.0
GATE,8,train,450,493.0
GATE,8,train,451,210.0
GATE,8,train,452,293.0
GATE,8,train,453,183.0
GATE,8,train,454,271.0
GATE,8,train,455,240.0
GATE,8,train,456,195.0
GATE,8,train,457,220.0
GATE,8,train,458,298.0
GATE,8,train,459,206.0
GATE,8,train,460,305.0
GATE,8,train,461,500.0
GATE,8,train,462,458.0
GATE,8,train,463,352.0
GATE,8,train,464,179.0
GATE,8,train,465,295.0
GATE,8,train,466,198.0
GATE,8,train,467,486.0
GATE,8,train,468,211.0
GATE,8,train,469,212.0
GATE,8,train,470,472.0
GATE,8,train,471,500.0
GATE,8,train,472,500.0
GATE,8,train,473,229.0
GATE,8,train,474,206.0
GATE,8,train,475,500.0
GATE,8,train,476,313.0
GATE,8,train,477,208.0
GATE,8,train,478,230.0
GATE,8,train,479,191.0
GATE,8,train,480,205.0
GATE,8,train,481,195.0
GATE,8,train,482,207.0
GATE,8,train,483,267.0
GATE,8,train,484,184.0
GATE,8,train,485,207.0
GATE,8,train,486,205.0
GATE,8,train,487,181.0
GATE,8,train,488,301.0
GATE,8,train,489,234.0
GATE,8,train,490,216.0
GATE,8,train,491,192.0
GATE,8,train,492,184.0
GATE,8,train,493,182.0
GATE,8,train,494,230.0
GATE,8,train,495,259.0
GATE,8,train,496,322.0
GATE,8,train,497,225.0
GATE,8,train,498,235.0
GATE,8,train,499,218.0
GATE,8,train,500,185.0
GATE,9,train,1,19.0
GATE,9,train,2,15.0
GATE,9,train,3,15.0
GATE,9,train,4,17.0
GATE,9,train,5,14.0
GATE,9,train,6,32.0
GATE,9,train,7,15.0
GATE,9,train,8,12.0
GATE,9,train,9,17.0
GATE,9,train,10,12.0
GATE,9,train,11,30.0
GATE,9,train,12,18.0
GATE,9,train,13,19.0
GATE,9,train,14,25.0
GATE,9,train,15,14.0
GATE,9,train,16,19.0
GATE,9,train,17,11.0
GATE,9,train,18,24.0
GATE,9,train,19,17.0
GATE,9,train,20,9.0
GATE,9,train,21,25.0
GATE,9,train,22,10.0
GATE,9,train,23,10.0
GATE,9,train,24,10.0
GATE,9,train,25,11.0
GATE,9,train,26,11.0
GATE,9,train,27,11.0
GATE,9,train,28,10.0
GATE,9,train,29,14.0
GATE,9,train,30,13.0
GATE,9,train,31,8.0
GATE,9,train,32,11.0
GATE,9,train,33,9.0
GATE,9,train,34,10.0
GATE,9,train,35,9.0
GATE,9,train,36,9.0
GATE,9,train,37,15.0
GATE,9,train,38,11.0
GATE,9,train,39,11.0
GATE,9,train,40,13.0
GATE,9,train,41,11.0
GATE,9,train,42,12.0
GATE,9,train,43,15.0
GATE,9,train,44,14.0
GATE,9,train,45,13.0
GATE,9,train,46,10.0
GATE,9,train,47,9.0
GATE,9,train,48,9.0
GATE,9,train,49,16.0
GATE,9,train,50,10.0
GATE,9,train,51,13.0
GATE,9,train,52,9.0
GATE,9,train,53,10.0
GATE,9,train,54,11.0
GATE,9,train,55,10.0
GATE,9,train,56,10.0
GATE,9,train,57,14.0
GATE,9,train,58,20.0
GATE,9,train,59,10.0
GATE,9,train,60,8.0
GATE,9,train,61,10.0
GATE,9,train,62,9.0
GATE,9,train,63,10.0
GATE,9,train,64,11.0
GATE,9,train,65,12.0
GATE,9,train,66,11.0
GATE,9,train,67,9.0
GATE,9,train,68,10.0
GATE,9,train,69,11.0
GATE,9,train,70,11.0
GATE,9,train,71,11.0
GATE,9,train,72,11.0
GATE,9,train,73,10.0
GATE,9,train,74,9.0
GATE,9,train,75,9.0
GATE,9,train,76,14.0
GATE,9,train,77,9.0
GATE,9,train,78,10.0
GATE,9,train,79,9.0
GATE,9,train,80,9.0
GATE,9,train,81,10.0
GATE,9,train,82,9.0
GATE,9,train,83,10.0
GATE,9,train,84,13.0
GATE,9,train,85,9.0
GATE,9,train,86,13.0
GATE,9,train,87,10.0
GATE,9,train,88,11.0
GATE,9,train,89,11.0
GATE,9,train,90,12.0
GATE,9,train,91,13.0
GATE,9,train,92,9.0
GATE,9,train,93,9.0
GATE,9,train,94,12.0
GATE,9,train,95,13.0
GATE,9,train,96,11.0
GATE,9,train,97,13.0
GATE,9,train,98,12.0
GATE,9,train,99,11.0
GATE,9,train,100,13.0
GATE,9,train,101,13.0
GATE,9,train,102,11.0
GATE,9,train,103,11.0
GATE,9,train,104,15.0
GATE,9,train,105,11.0
GATE,9,train,106,10.0
GATE,9,train,107,9.0
GATE,9,train,108,10.0
GATE,9,train,109,13.0
GATE,9,train,110,10.0
GATE,9,train,111,12.0
GATE,9,train,112,9.0
GATE,9,train,113,11.0
GATE,9,train,114,12.0
GATE,9,train,115,9.0
GATE,9,train,116,11.0
GATE,9,train,117,18.0
GATE,9,train,118,12.0
GATE,9,train,119,11.0
GATE,9,train,120,8.0
GATE,9,train,121,15.0
GATE,9,train,122,12.0
GATE,9,train,123,9.0
GATE,9,train,124,10.0
GATE,9,train,125,9.0
GATE,9,train,126,11.0
GATE,9,train,127,12.0
GATE,9,train,128,11.0
GATE,9,train,129,9.0
GATE,9,train,130,12.0
GATE,9,train,131,11.0
GATE,9,train,132,13.0
GATE,9,train,133,9.0
GATE,9,train,134,9.0
GATE,9,train,135,11.0
GATE,9,train,136,10.0
GATE,9,train,137,12.0
GATE,9,train,138,10.0
GATE,9,train,139,9.0
GATE,9,train,140,11.0
GATE,9,train,141,10.0
GATE,9,train,142,10.0
GATE,9,train,143,8.0
GATE,9,train,144,12.0
GATE,9,train,145,11.0
GATE,9,train,146,12.0
GATE,9,train,147,13.0
GATE,9,train,148,13.0
GATE,9,train,149,10.0
GATE,9,train,150,12.0
GATE,9,train,151,11.0
GATE,9,train,152,10.0
GATE,9,train,153,11.0
GATE,9,train,154,12.0
GATE,9,train,155,15.0
GATE,9,train,156,11.0
GATE,9,train,157,10.0
GATE,9,train,158,10.0
GATE,9,train,159,10.0
GATE,9,train,160,12.0
GATE,9,train,161,11.0
GATE,9,train,162,12.0
GATE,9,train,163,12.0
GATE,9,train,164,16.0
GATE,9,train,165,10.0
GATE,9,train,166,16.0
GATE,9,train,167,10.0
GATE,9,train,168,13.0
GATE,9,train,169,15.0
GATE,9,train,170,13.0
GATE,9,train,171,10.0
GATE,9,train,172,12.0
GATE,9,train,173,14.0
GATE,9,train,174,12.0
GATE,9,train,175,13.0
GATE,9,train,176,15.0
GATE,9,train,177,13.0
GATE,9,train,178,18.0
GATE,9,train,179,13.0
GATE,9,train,180,14.0
GATE,9,train,181,14.0
GATE,9,train,182,24.0
GATE,9,train,183,21.0
GATE,9,train,184,15.0
GATE,9,train,185,15.0
GATE,9,train,186,12.0
GATE,9,train,187,16.0
GATE,9,train,188,13.0
GATE,9,train,189,20.0
GATE,9,train,190,8.0
GATE,9,train,191,23.0
GATE,9,train,192,16.0
GATE,9,train,193,10.0
GATE,9,train,194,30.0
GATE,9,train,195,19.0
GATE,9,train,196,18.0
GATE,9,train,197,10.0
GATE,9,train,198,37.0
GATE,9,train,199,11.0
GATE,9,train,200,11.0
GATE,9,train,201,9.0
GATE,9,train,202,9.0
GATE,9,train,203,11.0
GATE,9,train,204,9.0
GATE,9,train,205,8.0
GATE,9,train,206,11.0
GATE,9,train,207,9.0
GATE,9,train,208,10.0
GATE,9,train,209,12.0
GATE,9,train,210,10.0
GATE,9,train,211,12.0
GATE,9,train,212,10.0
GATE,9,train,213,10.0
GATE,9,train,214,12.0
GATE,9,train,215,10.0
GATE,9,train,216,10.0
GATE,9,train,217,11.0
GATE,9,train,218,9.0
GATE,9,train,219,9.0
GATE,9,train,220,8.0
GATE,9,train,221,11.0
GATE,9,train,222,9.0
GATE,9,train,223,9.0
GATE,9,train,224,10.0
GATE,9,train,225,13.0
GATE,9,train,226,26.0
GATE,9,train,227,12.0
GATE,9,train,228,9.0
GATE,9,train,229,14.0
GATE,9,train,230,10.0
GATE,9,train,231,10.0
GATE,9,train,232,11.0
GATE,9,train,233,10.0
GATE,9,train,234,11.0
GATE,9,train,235,12.0
GATE,9,train,236,8.0
GATE,9,train,237,10.0
GATE,9,train,238,10.0
GATE,9,train,239,10.0
GATE,9,train,240,15.0
GATE,9,train,241,10.0
GATE,9,train,242,9.0
GATE,9,train,243,10.0
GATE,9,train,244,8.0
GATE,9,train,245,10.0
GATE,9,train,246,11.0
GATE,9,train,247,11.0
GATE,9,train,248,13.0
GATE,9,train,249,10.0
GATE,9,train,250,50.0
GATE,9,train,251,11.0
GATE,9,train,252,19.0
GATE,9,train,253,43.0
GATE,9,train,254,30.0
GATE,9,train,255,39.0
GATE,9,train,256,41.0
GATE,9,train,257,61.0
GATE,9,train,258,10.0
GATE,9,train,259,24.0
GATE,9,train,260,9.0
GATE,9,train,261,26.0
GATE,9,train,262,25.0
GATE,9,train,263,39.0
GATE,9,train,264,28.0
GATE,9,train,265,34.0
GATE,9,train,266,36.0
GATE,9,train,267,139.0
GATE,9,train,268,30.0
GATE,9,train,269,27.0
GATE,9,train,270,12.0
GATE,9,train,271,40.0
GATE,9,train,272,56.0
GATE,9,train,273,60.0
GATE,9,train,274,64.0
GATE,9,train,275,78.0
GATE,9,train,276,78.0
GATE,9,train,277,17.0
GATE,9,train,278,38.0
GATE,9,train,279,32.0
GATE,9,train,280,18.0
GATE,9,train,281,30.0
GATE,9,train,282,22.0
GATE,9,train,283,27.0
GATE,9,train,284,39.0
GATE,9,train,285,44.0
GATE,9,train,286,58.0
GATE,9,train,287,49.0
GATE,9,train,288,20.0
GATE,9,train,289,23.0
GATE,9,train,290,15.0
GATE,9,train,291,77.0
GATE,9,train,292,66.0
GATE,9,train,293,36.0
GATE,9,train,294,50.0
GATE,9,train,295,35.0
GATE,9,train,296,24.0
GATE,9,train,297,21.0
GATE,9,train,298,24.0
GATE,9,train,299,43.0
GATE,9,train,300,50.0
GATE,9,train,301,25.0
GATE,9,train,302,57.0
GATE,9,train,303,43.0
GATE,9,train,304,37.0
GATE,9,train,305,28.0
GATE,9,train,306,22.0
GATE,9,train,307,25.0
GATE,9,train,308,30.0
GATE,9,train,309,29.0
GATE,9,train,310,28.0
GATE,9,train,311,30.0
GATE,9,train,312,102.0
GATE,9,train,313,113.0
GATE,9,train,314,40.0
GATE,9,train,315,47.0
GATE,9,train,316,32.0
GATE,9,train,317,45.0
GATE,9,train,318,25.0
GATE,9,train,319,35.0
GATE,9,train,320,31.0
GATE,9,train,321,35.0
GATE,9,train,322,18.0
GATE,9,train,323,33.0
GATE,9,train,324,61.0
GATE,9,train,325,40.0
GATE,9,train,326,44.0
GATE,9,train,327,40.0
GATE,9,train,328,53.0
GATE,9,train,329,33.0
GATE,9,train,330,62.0
GATE,9,train,331,85.0
GATE,9,train,332,38.0
GATE,9,train,333,62.0
GATE,9,train,334,31.0
GATE,9,train,335,77.0
GATE,9,train,336,41.0
GATE,9,train,337,18.0
GATE,9,train,338,25.0
GATE,9,train,339,20.0
GATE,9,train,340,27.0
GATE,9,train,341,45.0
GATE,9,train,342,38.0
GATE,9,train,343,111.0
GATE,9,train,344,61.0
GATE,9,train,345,31.0
GATE,9,train,346,69.0
GATE,9,train,347,40.0
GATE,9,train,348,72.0
GATE,9,train,349,55.0
GATE,9,train,350,28.0
GATE,9,train,351,69.0
GATE,9,train,352,109.0
GATE,9,train,353,50.0
GATE,9,train,354,51.0
GATE,9,train,355,56.0
GATE,9,train,356,96.0
GATE,9,train,357,30.0
GATE,9,train,358,54.0
GATE,9,train,359,73.0
GATE,9,train,360,53.0
GATE,9,train,361,35.0
GATE,9,train,362,35.0
GATE,9,train,363,30.0
GATE,9,train,364,45.0
GATE,9,train,365,26.0
GATE,9,train,366,27.0
GATE,9,train,367,26.0
GATE,9,train,368,28.0
GATE,9,train,369,49.0
GATE,9,train,370,79.0
GATE,9,train,371,80.0
GATE,9,train,372,87.0
GATE,9,train,373,56.0
GATE,9,train,374,49.0
GATE,9,train,375,34.0
GATE,9,train,376,46.0
GATE,9,train,377,60.0
GATE,9,train,378,40.0
GATE,9,train,379,87.0
GATE,9,train,380,59.0
GATE,9,train,381,86.0
GATE,9,train,382,73.0
GATE,9,train,383,98.0
GATE,9,train,384,57.0
GATE,9,train,385,85.0
GATE,9,train,386,55.0
GATE,9,train,387,123.0
GATE,9,train,388,54.0
GATE,9,train,389,64.0
GATE,9,train,390,76.0
GATE,9,train,391,114.0
GATE,9,train,392,128.0
GATE,9,train,393,171.0
GATE,9,train,394,58.0
GATE,9,train,395,61.0
GATE,9,train,396,140.0
GATE,9,train,397,111.0
GATE,9,train,398,72.0
GATE,9,train,399,51.0
GATE,9,train,400,84.0
GATE,9,train,401,59.0
GATE,9,train,402,179.0
GATE,9,train,403,266.0
GATE,9,train,404,132.0
GATE,9,train,405,123.0
GATE,9,train,406,102.0
GATE,9,train,407,55.0
GATE,9,train,408,137.0
GATE,9,train,409,139.0
GATE,9,train,410,79.0
GATE,9,train,411,157.0
GATE,9,train,412,152.0
GATE,9,train,413,140.0
GATE,9,train,414,118.0
GATE,9,train,415,100.0
GATE,9,train,416,148.0
GATE,9,train,417,81.0
GATE,9,train,418,307.0
GATE,9,train,419,247.0
GATE,9,train,420,241.0
GATE,9,train,421,218.0
GATE,9,train,422,284.0
GATE,9,train,423,100.0
GATE,9,train,424,54.0
GATE,9,train,425,111.0
GATE,9,train,426,219.0
GATE,9,train,427,184.0
GATE,9,train,428,240.0
GATE,9,train,429,341.0
GATE,9,train,430,296.0
GATE,9,train,431,133.0
GATE,9,train,432,215.0
GATE,9,train,433,188.0
GATE,9,train,434,222.0
GATE,9,train,435,457.0
GATE,9,train,436,252.0
GATE,9,train,437,275.0
GATE,9,train,438,363.0
GATE,9,train,439,278.0
GATE,9,train,440,325.0
GATE,9,train,441,311.0
GATE,9,train,442,251.0
GATE,9,train,443,308.0
GATE,9,train,444,306.0
GATE,9,train,445,471.0
GATE,9,train,446,359.0
GATE,9,train,447,298.0
GATE,9,train,448,290.0
GATE,9,train,449,456.0
GATE,9,train,450,317.0
GATE,9,train,451,324.0
GATE,9,train,452,263.0
GATE,9,train,453,296.0
GATE,9,train,454,295.0
GATE,9,train,455,190.0
GATE,9,train,456,216.0
GATE,9,train,457,428.0
GATE,9,train,458,208.0
GATE,9,train,459,193.0
GATE,9,train,460,242.0
GATE,9,train,461,471.0
GATE,9,train,462,405.0
GATE,9,train,463,179.0
GATE,9,train,464,211.0
GATE,9,train,465,195.0
GATE,9,train,466,248.0
GATE,9,train,467,183.0
GATE,9,train,468,198.0
GATE,9,train,469,244.0
GATE,9,train,470,185.0
GATE,9,train,471,202.0
GATE,9,train,472,216.0
GATE,9,train,473,160.0
GATE,9,train,474,206.0
GATE,9,train,475,192.0
GATE,9,train,476,188.0
GATE,9,train,477,275.0
GATE,9,train,478,174.0
GATE,9,train,479,192.0
GATE,9,train,480,192.0
GATE,9,train,481,168.0
GATE,9,train,482,222.0
GATE,9,train,483,274.0
GATE,9,train,484,165.0
GATE,9,train,485,176.0
GATE,9,train,486,243.0
GATE,9,train,487,313.0
GATE,9,train,488,200.0
GATE,9,train,489,228.0
GATE,9,train,490,255.0
GATE,9,train,491,224.0
GATE,9,train,492,203.0
GATE,9,train,493,184.0
GATE,9,train,494,273.0
GATE,9,train,495,290.0
GATE,9,train,496,365.0
GATE,9,train,497,346.0
GATE,9,train,498,230.0
GATE,9,train,499,219.0
GATE,9,train,500,205.0
GATE,0,eval,25,9.6
GATE,0,eval,50,9.0
GATE,0,eval,75,8.6
GATE,0,eval,100,9.6
GATE,0,eval,125,10.2
GATE,0,eval,150,12.8
GATE,0,eval,175,13.0
GATE,0,eval,200,26.2
GATE,0,eval,225,57.4
GATE,0,eval,250,43.8
GATE,0,eval,275,47.4
GATE,0,eval,300,56.4
GATE,0,eval,325,40.6
GATE,0,eval,350,90.4
GATE,0,eval,375,78.0
GATE,0,eval,400,170.6
GATE,0,eval,425,379.6
GATE,0,eval,450,228.4
GATE,0,eval,475,286.2
GATE,0,eval,500,348.0
GATE,1,eval,25,9.4
GATE,1,eval,50,8.8
GATE,1,eval,75,9.2
GATE,1,eval,100,9.6
GATE,1,eval,125,10.6
GATE,1,eval,150,9.0
GATE,1,eval,175,12.4
GATE,1,eval,200,9.6
GATE,1,eval,225,9.8
GATE,1,eval,250,31.8
GATE,1,eval,275,40.6
GATE,1,eval,300,34.2
GATE,1,eval,325,25.4
GATE,1,eval,350,36.4
GATE,1,eval,375,45.4
GATE,1,eval,400,56.0
GATE,1,eval,425,129.6
GATE,1,eval,450,291.8
GATE,1,eval,475,302.8
GATE,1,eval,500,350.6
GATE,2,eval,25,10.2
GATE,2,eval,50,8.8
GATE,2,eval,75,9.0
GATE,2,eval,100,9.8
GATE,2,eval,125,9.8
GATE,2,eval,150,11.6
GATE,2,eval,175,13.6
GATE,2,eval,200,11.0
GATE,2,eval,225,9.2
GATE,2,eval,250,17.8
GATE,2,eval,275,71.8
GATE,2,eval,300,75.6
GATE,2,eval,325,58.4
GATE,2,eval,350,64.8
GATE,2,eval,375,103.0
GATE,2,eval,400,106.2
GATE,2,eval,425,166.4
GATE,2,eval,450,174.2
GATE,2,eval,475,299.8
GATE,2,eval,500,311.0
GATE,3,eval,25,9.6
GATE,3,eval,50,8.8
GATE,3,eval,75,9.4
GATE,3,eval,100,9.4
GATE,3,eval,125,9.6
GATE,3,eval,150,9.0
GATE,3,eval,175,9.4
GATE,3,eval,200,13.0
GATE,3,eval,225,51.0
GATE,3,eval,250,61.6
GATE,3,eval,275,42.2
GATE,3,eval,300,36.2
GATE,3,eval,325,44.0
GATE,3,eval,350,50.8
GATE,3,eval,375,76.0
GATE,3,eval,400,141.8
GATE,3,eval,425,192.6
GATE,3,eval,450,136.8
GATE,3,eval,475,119.6
GATE,3,eval,500,113.4
GATE,4,eval,25,9.2
GATE,4,eval,50,9.2
GATE,4,eval,75,10.0
GATE,4,eval,100,10.4
GATE,4,eval,125,13.4
GATE,4,eval,150,69.2
GATE,4,eval,175,14.6
GATE,4,eval,200,13.6
GATE,4,eval,225,30.0
GATE,4,eval,250,55.8
GATE,4,eval,275,59.6
GATE,4,eval,300,114.6
GATE,4,eval,325,132.8
GATE,4,eval,350,240.0
GATE,4,eval,375,146.0
GATE,4,eval,400,250.2
GATE,4,eval,425,145.0
GATE,4,eval,450,187.4
GATE,4,eval,475,131.4
GATE,4,eval,500,204.4
GATE,5,eval,25,9.2
GATE,5,eval,50,9.2
GATE,5,eval,75,9.8
GATE,5,eval,100,10.0
GATE,5,eval,125,11.0
GATE,5,eval,150,17.0
GATE,5,eval,175,11.0
GATE,5,eval,200,9.0
GATE,5,eval,225,9.2
GATE,5,eval,250,14.6
GATE,5,eval,275,34.6
GATE,5,eval,300,68.0
GATE,5,eval,325,47.0
GATE,5,eval,350,66.4
GATE,5,eval,375,52.6
GATE,5,eval,400,147.8
GATE,5,eval,425,353.2
GATE,5,eval,450,207.4
GATE,5,eval,475,431.0
GATE,5,eval,500,295.6
GATE,6,eval,25,11.0
GATE,6,eval,50,9.6
GATE,6,eval,75,16.0
GATE,6,eval,100,12.6
GATE,6,eval,125,16.2
GATE,6,eval,150,17.4
GATE,6,eval,175,50.0
GATE,6,eval,200,76.4
GATE,6,eval,225,117.8
GATE,6,eval,250,136.4
GATE,6,eval,275,171.2
GATE,6,eval,300,368.6
GATE,6,eval,325,357.0
GATE,6,eval,350,382.0
GATE,6,eval,375,460.2
GATE,6,eval,400,346.8
GATE,6,eval,425,499.4
GATE,6,eval,450,493.2
GATE,6,eval,475,500.0
GATE,6,eval,500,431.6
GATE,7,eval,25,62.2
GATE,7,eval,50,9.6
GATE,7,eval,75,9.0
GATE,7,eval,100,10.0
GATE,7,eval,125,14.6
GATE,7,eval,150,13.4
GATE,7,eval,175,9.8
GATE,7,eval,200,27.0
GATE,7,eval,225,23.4
GATE,7,eval,250,23.0
GATE,7,eval,275,66.0
GATE,7,eval,300,75.0
GATE,7,eval,325,44.4
GATE,7,eval,350,66.0
GATE,7,eval,375,101.4
GATE,7,eval,400,132.2
GATE,7,eval,425,253.8
GATE,7,eval,450,194.0
GATE,7,eval,475,313.8
GATE,7,eval,500,233.8
GATE,8,eval,25,9.2
GATE,8,eval,50,9.6
GATE,8,eval,75,9.0
GATE,8,eval,100,9.8
GATE,8,eval,125,12.2
GATE,8,eval,150,9.2
GATE,8,eval,175,10.0
GATE,8,eval,200,9.8
GATE,8,eval,225,29.8
GATE,8,eval,250,42.2
GATE,8,eval,275,50.0
GATE,8,eval,300,65.2
GATE,8,eval,325,70.6
GATE,8,eval,350,57.2
GATE,8,eval,375,154.2
GATE,8,eval,400,171.0
GATE,8,eval,425,367.2
GATE,8,eval,450,372.2
GATE,8,eval,475,325.4
GATE,8,eval,500,221.8
GATE,9,eval,25,8.4
GATE,9,eval,50,9.2
GATE,9,eval,75,9.8
GATE,9,eval,100,9.0
GATE,9,eval,125,9.6
GATE,9,eval,150,12.0
GATE,9,eval,175,14.4
GATE,9,eval,200,9.4
GATE,9,eval,225,21.6
GATE,9,eval,250,12.2
GATE,9,eval,275,45.2
GATE,9,eval,300,31.8
GATE,9,eval,325,53.4
GATE,9,eval,350,71.6
GATE,9,eval,375,61.0
GATE,9,eval,400,66.0
GATE,9,eval,425,88.2
GATE,9,eval,450,278.6
GATE,9,eval,475,255.4
GATE,9,eval,500,251.4
